baseline,image_id,category,CC,SIM,KL,NSS,AUC
uniform,fbd704,desktop,0.0,0.2737117402352317,1.5431407767937202,0.0,9.982032341784787e-05
uniform,a2da71,desktop,0.0,0.28541751151859795,1.5147056798678464,0.0,9.46969696969697e-05
uniform,2e93e6,desktop,0.0,0.33253137871662447,1.3111525260455035,0.0,8.858965272856131e-05
uniform,95b2d2,desktop,0.0,0.20962553442385676,1.88301488275188,0.0,0.00010277492291880781
uniform,2021b7,desktop,0.0,0.2577216899046069,1.73184253174241,0.0,8.893632159373888e-05
uniform,8b0b52,desktop,0.0,0.3656606482209985,1.2153696264929468,0.0,8.628127696289905e-05
uniform,7613f2,desktop,0.0,0.19179606745659436,2.0247014593582,0.0,0.00010076582023377671
uniform,d99b18,desktop,0.0,0.1779805143726374,2.2403584137143397,0.0,0.00011993283761093787
uniform,460bf9,desktop,0.0,0.23955918181721503,1.7590596505942842,0.0,7.282260413632391e-05
uniform,4adea3,mobile,0.0,0.391736934489479,1.0732929825984299,0.0,0.00015276504735716468
uniform,536e7f,mobile,0.0,0.2621403875288593,1.5898129494944244,0.0,0.00012990387113535984
uniform,58a60d,mobile,0.0,0.3189925368086979,1.3785949684259975,0.0,0.00014784151389710232
uniform,b2d2fa,poster,0.0,0.416019755080585,1.059529323593018,0.0,0.00016869095816464237
uniform,cced5f,poster,0.0,0.4138481587749493,1.0948489539518083,0.0,0.00030731407498463427
uniform,05e980,poster,0.0,0.38947145600298816,1.1179709008279914,0.0,0.00034626038781163435
uniform,708a08,poster,0.0,0.29868168615081614,1.4067983986667032,0.0,0.0001271294177472667
uniform,085001,poster,0.0,0.29056831553395934,1.528780388701281,0.0,0.0002676659528907923
uniform,9afe5f,poster,0.0,0.40086316299418817,1.0516218660211691,0.0,0.00013877324451845685
uniform,65576e,poster,0.0,0.34293875456145184,1.2970021393243267,0.0,0.00011876484560570071
uniform,c27e4e,mobile,0.0,0.4557658032584931,0.8901278397591139,0.0,5.100999795960008e-05
uniform,e3d203,mobile,0.0,0.3363494394049697,1.2316637933924866,0.0,6.416837782340863e-05
uniform,13af7a,mobile,0.0,0.3559764462358912,1.228714153487427,0.0,6.539366989275438e-05
uniform,17a8d1,mobile,0.0,0.39149766591594026,1.1187697653849675,0.0,4.805382027871216e-05
uniform,207fd4,mobile,0.0,0.389682041586653,1.161506215361724,0.0,5.538325210456358e-05
uniform,9efc81,web,0.0,0.41505098379445826,1.0362764802493327,0.0,7.334604664808566e-05
uniform,f639bf,mobile,0.0,0.3181243703909601,1.3591718779243964,0.0,5.428881650380022e-05
uniform,166bc9,web,0.0,0.2676986156319181,1.5691215993188024,0.0,6.98909700866648e-05
uniform,27d67e,web,0.0,0.2324774675811765,2.0120181659545238,0.0,6.518055012384304e-05
uniform,5c88b8,web,0.0,0.2801637673214597,1.5735116562213805,0.0,7.181844297615628e-05
uniform,69a8c4,web,0.0,0.3683581183859668,1.2153839978881726,0.0,6.848376934666484e-05
uniform,4e81ec,web,0.0,0.30093798138017464,1.3888686208244927,0.0,7.463800567248842e-05
uniform,1bf5c6,desktop,0.0,0.22627667515162816,1.7403932755085165,0.0,9.656237929702588e-05
uniform,6eb097,poster,0.0,0.2922471856934058,1.4656713880805423,0.0,4.132914531327492e-05
uniform,1fdbf2,desktop,0.0,0.3458317237534638,1.2663321989320193,0.0,0.00010945709281961471
uniform,3d6147,desktop,0.0,0.3509986166458281,1.296939684587864,0.0,9.63948332369385e-05
uniform,781b7e,web,0.0,0.31588772774824325,1.4984914486632155,0.0,5.535259603675413e-05
uniform,9b4285,desktop,0.0,0.19600306489003227,2.032625431396019,0.0,0.00011294330246216399
uniform,a7ac1b,desktop,0.0,0.28077232494652116,1.719088839547991,0.0,0.00015441630636195183
uniform,1b436f,desktop,0.0,0.31957500010102907,1.354956464050046,0.0,8.619203585588692e-05
uniform,72062c,web,0.0,0.21417632554389357,2.021459837528642,0.0,4.9558925562493803e-05
uniform,29227b,web,0.0,0.3296318465277985,1.371186927289196,0.0,4.794323520951194e-05
uniform,0529f2,desktop,0.0,0.28480648171055,1.6064412693731873,0.0,9.400263207369807e-05
uniform,e2aa7e,desktop,0.0,0.2988028404518972,1.5970293252596837,0.0,8.917424647761727e-05
uniform,cccd2a,desktop,0.0,0.3693940461387441,1.179400999721053,0.0,7.664009809932556e-05
uniform,cba28b,mobile,0.0,0.3448629807381542,1.2844294974599546,0.0,5.075111652456354e-05
uniform,3b078d,mobile,0.0,0.5152194068273668,0.73942224875032,0.0,4.6420945130442855e-05
uniform,840bb8,mobile,0.0,0.31239620552582076,1.4221036653097356,0.0,6.274312962730582e-05
uniform,a64332,mobile,0.0,0.4745366981989998,0.8338991626910768,0.0,4.91497100167109e-05
uniform,8cf0d4,mobile,0.0,0.4969369388204885,0.7909058045498298,0.0,4.8220657729771434e-05
uniform,3141d9,mobile,0.0,0.47335743046252077,0.9471871272524721,0.0,5.0833672224481496e-05
uniform,f30633,mobile,0.0,0.3449176087514285,1.28006361794969,0.0,5.0393065914130216e-05
uniform,58b56c,mobile,0.0,0.29419710585539155,1.4681313511425989,0.0,5.211047420531527e-05
uniform,1e1131,poster,0.0,0.27465798554515775,1.7527321908975404,0.0,0.00012233912405187178
uniform,98474c,poster,0.0,0.3907890640216304,1.1331490796885926,0.0,0.00011563367252543941
uniform,8da42b,poster,0.0,0.2884664656077085,1.5747191223706003,0.0,6.454944487477407e-05
uniform,3734cb,poster,0.0,0.2833254150961051,1.5094743915573159,0.0,7.248477819657872e-05
uniform,32fcbf,poster,0.0,0.3118854321483622,1.414788129595856,0.0,5.959475566150179e-05
uniform,1ee232,web,0.0,0.39730778614562134,1.1296948808854739,0.0,5.770340450086555e-05
uniform,8770ed,mobile,0.0,0.3923238153108316,1.0257779681959935,0.0,4.3890449438202246e-05
uniform,43a952,poster,0.0,0.263596184319875,1.7271824824753716,0.0,5.5972237770066045e-05
uniform,1b3eec,web,0.0,0.313331511447033,1.3930328968462613,0.0,5.6338028169014086e-05
uniform,f04d2e,web,0.0,0.3150510891348189,1.4464720311891412,0.0,9.018759018759019e-05
uniform,183534,web,0.0,0.28100171513435973,1.5056735224024815,0.0,7.710100231303006e-05
uniform,5ac518,web,0.0,0.26008996992980177,1.8382947723745369,0.0,7.191140514885661e-05
uniform,0ec997,poster,0.0,0.2936740383042825,1.4950199345198394,0.0,3.5501278046009656e-05
uniform,026dd2,web,0.0,0.32820306446788494,1.4242773809577671,0.0,8.210180623973728e-05
uniform,caa82e,web,0.0,0.3049322160159187,1.4876731403557435,0.0,6.054001695120475e-05
uniform,a76ed6,web,0.0,0.28735037628493154,1.6248646509026614,0.0,7.579202667879339e-05
uniform,3b1c3e,web,0.0,0.3177662801348581,1.3842626541662217,0.0,7.013606396409034e-05
uniform,f7c681,poster,0.0,0.36840439079727233,1.10981936098504,0.0,4.47267197423741e-05
uniform,a077e7,poster,0.0,0.3179725667051083,1.4088857629689073,0.0,3.812428516965307e-05
uniform,d98c2a,desktop,0.0,0.36502567559874943,1.2398361910627909,0.0,0.00011394712853236098
uniform,afdcf4,desktop,0.0,0.25557668076508216,1.746707878755713,0.0,0.0001650709805216243
uniform,f7681d,desktop,0.0,0.36399480198903034,1.2422215885665053,0.0,0.00013248542660307367
uniform,3b203e,desktop,0.0,0.251999624754918,1.6557909042406804,0.0,0.00010117361392148928
uniform,c807dc,desktop,0.0,0.31755774949713206,1.3700355762332803,0.0,0.00012755102040816328
uniform,7f066d,desktop,0.0,0.3255879670188768,1.3539446787742486,0.0,0.0001143379830779785
uniform,e78858,desktop,0.0,0.2584092990127066,1.656207492806344,0.0,0.00012966804979253112
uniform,03474c,desktop,0.0,0.29223096461481346,1.495694998343584,0.0,0.00012738853503184712
uniform,e39798,desktop,0.0,0.34313560646287683,1.313379631285907,0.0,0.0001343724805159903
uniform,9aa231,mobile,0.0,0.38051406383408204,1.1456200037940527,0.0,0.00021786492374727668
uniform,533099,mobile,0.0,0.2701746523138893,1.7604332880348228,0.0,0.00023912003825920613
uniform,722b8c,poster,0.0,0.3030047162511137,1.4199951813620526,0.0,0.00026939655172413793
uniform,c6b002,mobile,0.0,0.39464812663766197,1.0725880164504882,0.0,6.286145335680161e-05
uniform,7c5f7f,mobile,0.0,0.3597295535431332,1.3228380292444335,0.0,8.987956138774042e-05
uniform,83d7ce,mobile,0.0,0.21927140440443765,1.953068128697178,0.0,7.854225573358467e-05
uniform,2b0b4e,mobile,0.0,0.39565429759936765,1.0906441894352201,0.0,7.160246312473149e-05
uniform,bae388,mobile,0.0,0.3460403744598794,1.2590678977755532,0.0,7.333528894103843e-05
uniform,37cecc,mobile,0.0,0.3237434405879239,1.3624439549568155,0.0,7.005744710662743e-05
uniform,3f9682,mobile,0.0,0.4477807382416238,0.9148203019278259,0.0,7.661661048115231e-05
uniform,5cfc08,poster,0.0,0.2966306735463152,1.4425636523151553,0.0,5.441288497116117e-05
uniform,c143b6,poster,0.0,0.2607158580557624,1.7570157653410838,0.0,0.00011008366358432408
uniform,98b958,poster,0.0,0.33320759774744446,1.3606189229427517,0.0,0.00015019525382997898
uniform,093c65,poster,0.0,0.37147818291443235,1.2270576132046564,0.0,7.272727272727273e-05
uniform,bccea2,web,0.0,0.2834500871137035,1.619428889900618,0.0,0.00011739845034045551
uniform,e7e220,poster,0.0,0.3919322415168683,1.2422126788475136,0.0,2.66865926558497e-05
uniform,162809,poster,0.0,0.2910472795517083,1.4991553941817337,0.0,5.989458552946814e-05
uniform,ead495,web,0.0,0.3224379241590972,1.3456244161756366,0.0,8.072328059412334e-05
uniform,adbe00,poster,0.0,0.3207326734633525,1.3485190676944745,0.0,5.207790855119258e-05
uniform,d07b98,web,0.0,0.30219318900243053,1.6048699019706933,0.0,0.00014615609470914936
uniform,17e6bf,poster,0.0,0.29676008693468486,1.5104926274367454,0.0,5.7736720554272516e-05
uniform,e7163d,web,0.0,0.3557218059264494,1.2930894650982907,0.0,0.00015055706112616682
uniform,6b7c75,web,0.0,0.31405272690751973,1.4287609834776345,0.0,8.680555555555556e-05
uniform,271112,web,0.0,0.2659954976089859,1.6242398196789511,0.0,8.533879501621438e-05
uniform,39b696,desktop,0.0,0.3198437711210391,1.3339586735210984,0.0,0.00026096033402922753
uniform,7caa99,desktop,0.0,0.3886407847543708,1.1611180961756977,0.0,9.788566953797964e-05
uniform,dda275,web,0.0,0.310802559878879,1.42707539339774,0.0,8.824567596187787e-05
uniform,2b56f2,web,0.0,0.2376185410196593,1.7740984211235402,0.0,9.686168151879117e-05
uniform,4dae22,poster,0.0,0.2579545773199799,1.7036691194744928,0.0,5.574136008918618e-05
uniform,72cfd2,desktop,0.0,0.36986754986909376,1.217962106663369,0.0,0.00010912265386294194
uniform,e9b8fa,web,0.0,0.28102695329884075,1.5185384710542742,0.0,8.759635599159075e-05
uniform,8e0c5b,desktop,0.0,0.30537180194823715,1.4640626685141525,0.0,7.110352673492605e-05
uniform,306281,desktop,0.0,0.24537905534776538,1.748796444502117,0.0,0.0001122586439155815
uniform,ad9e6b,desktop,0.0,0.30032597785767623,1.4614510600231154,0.0,8.685079034219212e-05
uniform,13bd83,desktop,0.0,0.25273770662095835,1.6978262664136534,0.0,0.00010874293170943889
uniform,4d3cc1,desktop,0.0,0.24120091800736912,1.7768142211408986,0.0,0.00010672358591248666
uniform,917a4f,mobile,0.0,0.3343570585860912,1.3856463302726016,0.0,0.00015436863229391788
uniform,1a9f12,desktop,0.0,0.36472783628684713,1.1916486195811224,0.0,5.3705692803437166e-05
uniform,ff7d76,mobile,0.0,0.404262954019903,1.0473488546809502,0.0,4.7810288774144196e-05
uniform,03340d,mobile,0.0,0.3350207422154401,1.3215340842918306,0.0,7.19527989638797e-05
uniform,20e9c6,mobile,0.0,0.3965095464177292,1.139010422174074,0.0,5.467468562055768e-05
uniform,8709e4,poster,0.0,0.29507364508052564,1.528329668711199,0.0,0.0001095290251916758
uniform,95fc3f,mobile,0.0,0.4142950098230588,1.0506369353209677,0.0,6.12369871402327e-05
uniform,8a770a,mobile,0.0,0.40677680616025064,1.0650490830915134,0.0,5.13294322964788e-05
uniform,f02589,mobile,0.0,0.2820746716027315,1.6662929617240598,0.0,7.501875468867217e-05
uniform,72156f,poster,0.0,0.34553474912036286,1.2236860891169088,0.0,0.0001950078003120125
uniform,1ad1cc,poster,0.0,0.3533575025022223,1.2293183924762483,0.0,0.00019252984212552945
uniform,226f76,mobile,0.0,0.5238614975772654,0.7003968208227765,0.0,4.744733345985955e-05
uniform,95d2d7,mobile,0.0,0.5056676881039908,0.717116844098599,0.0,5.553704320781961e-05
uniform,ea01c0,poster,0.0,0.28426708394518857,1.5596655303103077,0.0,0.0003132832080200501
uniform,0197c7,poster,0.0,0.3412588277458073,1.3161842120117087,0.0,0.00016129032258064516
uniform,9b41e4,web,0.0,0.30832195470624224,1.5050467870658581,0.0,8.704735376044568e-05
uniform,8fcaf4,poster,0.0,0.4343827669173074,1.0350781869598218,0.0,0.00010185373803218578
uniform,452a6c,web,0.0,0.27803439533544383,1.665312621345634,0.0,7.930214115781126e-05
uniform,11a99d,poster,0.0,0.3160859223296432,1.4135109046120893,0.0,0.00012490632025980515
uniform,40ca07,web,0.0,0.23232128859896897,1.9076919447976457,0.0,8.427439743805832e-05
uniform,9e3ef2,poster,0.0,0.3141092955011957,1.365732804288743,0.0,3.9038101186758274e-05
uniform,450720,web,0.0,0.43916124340430773,0.9495558746218596,0.0,9.13575735428467e-05
uniform,7e2e98,web,0.0,0.3131135590681735,1.417950291694479,0.0,8.994423457456377e-05
uniform,256121,desktop,0.0,0.24789045745649818,1.7858015670309753,0.0,0.00010349824052991099
uniform,3ea9d8,desktop,0.0,0.25970646808651165,1.5994429502024357,0.0,0.00012236906510034264
uniform,ecf129,web,0.0,0.4233386974257419,1.0062446915463568,0.0,8.234519104084322e-05
uniform,1626dc,web,0.0,0.2914559187156307,1.5195038119634292,0.0,7.296074711805048e-05
uniform,b4f37d,desktop,0.0,0.263130889316729,1.5520192202355891,0.0,0.00012512512512512512
uniform,35a756,web,0.0,0.24393546916530828,1.805442054749829,0.0,7.416196974191635e-05
uniform,026a98,web,0.0,0.3015827919174802,1.4336612841145506,0.0,7.725587144622991e-05
uniform,4954fe,poster,0.0,0.4106099326327852,1.0261412356918573,0.0,6.007449237053947e-05
uniform,9984d9,desktop,0.0,0.2570977232735589,1.666378441433906,0.0,0.00010658708164570453
uniform,f4b47d,desktop,0.0,0.26656596742828187,1.5814749387873366,0.0,0.00011848341232227489
uniform,6294a2,desktop,0.0,0.35048991727915657,1.2621461900062645,0.0,9.746588693957115e-05
uniform,1f3437,desktop,0.0,0.14219051381992961,2.5115603192364873,0.0,0.00013041210224308815
uniform,db12fc,desktop,0.0,0.3854508205067342,1.1088110317919224,0.0,0.00010501995379122033
uniform,a85808,desktop,0.0,0.27169671940382023,1.6221981744115814,0.0,0.0001482799525504152
uniform,2f6fcd,mobile,0.0,0.29416413855461615,1.5056951721444052,0.0,0.0002503755633450175
uniform,012baa,mobile,0.0,0.41166479164518377,1.0777328219260693,0.0,0.00018996960486322188
uniform,3bb8f9,mobile,0.0,0.3913427853320025,1.0949254979443863,0.0,0.0001812250815512867
uniform,d79d5c,mobile,0.0,0.327253323554449,1.3066312487365317,0.0,0.0001966955153422502
uniform,17b8da,poster,0.0,0.263243741697208,1.8055713108921008,0.0,0.00019904458598726116
uniform,2586ee,poster,0.0,0.37313448085915457,1.1794997889857322,0.0,0.00018115942028985507
uniform,8d908a,poster,0.0,0.32966762802315,1.3644493027817064,0.0,0.00014637002341920375
uniform,bbc0fc,poster,0.0,0.3044118578158761,1.4627407749411498,0.0,0.00035236081747709656
uniform,731c85,mobile,0.0,0.40904683637717,1.0385651243778549,0.0,6.654245408570669e-05
uniform,c02580,mobile,0.0,0.3245812392345311,1.3949889491289307,0.0,6.775067750677507e-05
uniform,1f5664,poster,0.0,0.403316198022777,1.1295592816616005,0.0,8.350033400133601e-05
uniform,092bd5,poster,0.0,0.3263169372643557,1.3577505733187247,0.0,0.0001375894331315355
uniform,fc70db,mobile,0.0,0.3977237327107025,1.1232055240558485,0.0,0.00010447137484329294
uniform,a77bd5,mobile,0.0,0.4892519923158277,0.7646742186674953,0.0,5.912961210974456e-05
uniform,e4afc4,web,0.0,0.27173278385393995,1.6765785822435932,0.0,0.00017599436818021823
uniform,de9b80,mobile,0.0,0.44247039984983494,0.9555022454283412,0.0,5.8045042953331786e-05
uniform,78cb76,poster,0.0,0.21571952202424247,1.9739323224073486,0.0,4.924652811976756e-05
uniform,511db2,web,0.0,0.36913690009453115,1.1738215217173427,0.0,7.181844297615628e-05
uniform,c5fff6,poster,0.0,0.20155999324929608,1.9571800029853814,0.0,4.969684921975947e-05
uniform,330777,web,0.0,0.23713188623331194,1.786519902232476,0.0,9.531071292413267e-05
uniform,d24c30,web,0.0,0.35791401723667726,1.2438590410503707,0.0,0.00011868027533823879
uniform,a7c147,web,0.0,0.2585472253056329,1.686987574913404,0.0,7.306736811340056e-05
uniform,35bd1e,web,0.0,0.2597568211788077,1.7043400247172986,0.0,0.00013433637829124128
uniform,c31d79,web,0.0,0.235288389397712,1.8222178912908644,0.0,8.589589417625838e-05
uniform,5fc8c2,desktop,0.0,0.2510355035335291,1.6228239561303324,0.0,0.00013017443374121324
uniform,f8d7fd,web,0.0,0.3129869696600938,1.4177420479722358,0.0,8.623663332183511e-05
uniform,33c037,desktop,0.0,0.302408521058799,1.515217295427072,0.0,0.00013415615776764153
uniform,3a8a8b,desktop,0.0,0.2735223861658638,1.606335408771073,0.0,0.00012790995139421848
uniform,d8d582,web,0.0,0.2621907718323582,1.5685953119328544,0.0,6.593696426216537e-05
uniform,33cc24,desktop,0.0,0.2108607739765448,1.9626273095576185,0.0,0.00013061650992685477
uniform,0632d7,desktop,0.0,0.378072791771668,1.12858434154278,0.0,0.00012071463061323032
uniform,5b0cba,poster,0.0,0.4106417883362848,1.0267909098063024,0.0,6.887052341597796e-05
uniform,763560,desktop,0.0,0.3146256338914687,1.3678381138759563,0.0,0.00012077294685990338
uniform,bf05c8,desktop,0.0,0.3188377645375753,1.4218878706760973,0.0,0.00013664935774801857
uniform,9d3bb4,mobile,0.0,0.4279563338335735,0.998567550040657,0.0,0.00017979144192736425
uniform,006450,mobile,0.0,0.38106027087749206,1.200297719679368,0.0,0.00020408163265306123
uniform,7cc04a,desktop,0.0,0.3004717152382776,1.4714736246971598,0.0,0.0001049097775912715
uniform,f69be0,desktop,0.0,0.2851923601350369,1.5411142005980865,0.0,7.603406326034063e-05
uniform,ab2461,poster,0.0,0.3314921527023017,1.2921465856607772,0.0,0.00047664442326024784
uniform,2336ff,mobile,0.0,0.31748283802641536,1.3504892398427142,0.0,7.448234768359899e-05
uniform,b8a4ea,mobile,0.0,0.3989884743839225,1.0708248101893958,0.0,6.882312456985548e-05
uniform,587857,mobile,0.0,0.24250559835958183,1.7350061663464194,0.0,9.863878477017163e-05
uniform,e734ce,poster,0.0,0.32097262340139665,1.3622003609336666,0.0,0.00024224806201550387
uniform,d4988b,mobile,0.0,0.271378335420233,1.6842855622619965,0.0,7.954183900731785e-05
uniform,d6789a,poster,0.0,0.36173908749314887,1.2286014781596744,0.0,0.00026041666666666666
uniform,cbd84a,mobile,0.0,0.4197339935698344,0.9889885161576621,0.0,6.416014371872192e-05
uniform,93f7fb,mobile,0.0,0.33532396275520554,1.3251075033981539,0.0,7.503001200480192e-05
uniform,bbffc1,poster,0.0,0.38698370477203053,1.1113778567804649,0.0,7.059155724975294e-05
uniform,d56ac6,poster,0.0,0.33776475591268484,1.290911388823003,0.0,8.296001327360213e-05
uniform,757ade,mobile,0.0,0.4760869490896471,0.8705945111783325,0.0,6.953135864274787e-05
uniform,cc5387,poster,0.0,0.28544021873601805,1.4613505195272622,0.0,7.966857871255577e-05
uniform,6aa903,poster,0.0,0.20021181119814943,2.0545675361653033,0.0,0.0001291655902867476
uniform,e9f7d6,web,0.0,0.36953489754745417,1.2431986899010206,0.0,8.706251088281386e-05
uniform,7b6601,web,0.0,0.2965196177828724,1.4604066300150451,0.0,8.656509695290859e-05
uniform,774bc4,web,0.0,0.3024914054081622,1.4681683516856736,0.0,0.00016244314489928524
uniform,06256f,web,0.0,0.3511279770782417,1.201884114551355,0.0,0.00013234515616728428
uniform,f431fa,web,0.0,0.27375260991256145,1.556901470831495,0.0,8.671522719389525e-05
uniform,9efcf0,web,0.0,0.2564026101061034,1.6086392570120698,0.0,7.852991989948171e-05
uniform,6c678c,poster,0.0,0.3645129956855018,1.2147772249012418,0.0,6.037189084762135e-05
uniform,1d5a20,web,0.0,0.19054419410138063,1.9706664084065575,0.0,0.00010032102728731942
uniform,b901be,poster,0.0,0.2879850589170876,1.5434893723552159,0.0,8.744316194473592e-05
uniform,57bb95,web,0.0,0.2246811724340618,1.803578880860754,0.0,0.00016688918558077436
uniform,3f6cd4,desktop,0.0,0.32301077106851306,1.4731161162487174,0.0,9.556574923547401e-05
uniform,045f81,desktop,0.0,0.37793190066052523,1.1811930362828316,0.0,9.512937595129375e-05
uniform,1bafe2,web,0.0,0.23925382044473373,1.798030132205358,0.0,9.085953116481919e-05
uniform,13349c,desktop,0.0,0.31514901634316805,1.4707580909319287,0.0,0.00010022048506714773
uniform,b5dab9,desktop,0.0,0.323560739723219,1.4349568403251807,0.0,0.00011825922421948912
uniform,d42246,desktop,0.0,0.26699068335244874,1.6434124727251498,0.0,0.00011720581340834506
uniform,f0f10a,mobile,0.0,0.3421355475092277,1.2951929221926106,0.0,0.00018698578908002991
uniform,16d9d5,desktop,0.0,0.27015316539538614,1.6199191940154294,0.0,0.00010831889081455805
uniform,6722bc,desktop,0.0,0.3349972670405804,1.2968807661358024,0.0,9.087604507451835e-05
uniform,dafb86,mobile,0.0,0.4707691865312325,0.9317344541842975,0.0,0.0001503307276007216
uniform,25e2f5,desktop,0.0,0.31740822887191833,1.4614659287765435,0.0,0.00010564124234100993
uniform,00fcd9,mobile,0.0,0.3420509961754909,1.3670379945602025,0.0,0.00018005041411595248
uniform,2a4ccc,desktop,0.0,0.2479506528733185,1.7861906857721006,0.0,0.00011335298118340512
uniform,48a58b,poster,0.0,0.4372444252427594,0.9669559158285204,0.0,0.00011081560283687943
uniform,09094b,poster,0.0,0.29044311057495,1.7265572543776806,0.0,8.920606601248885e-05
uniform,cff421,mobile,0.0,0.3102186613895578,1.5673196599346901,0.0,7.694675284702985e-05
uniform,fd0d5c,mobile,0.0,0.39010432783801013,1.138953145834252,0.0,6.41025641025641e-05
uniform,ea6aef,mobile,0.0,0.41174317393139503,1.0549764023053034,0.0,5.01353654868144e-05
uniform,e2dea3,poster,0.0,0.3343694837506959,1.416731854262362,0.0,0.00021767522855898998
uniform,b8c70a,mobile,0.0,0.39950311657225474,1.0350492359255647,0.0,5.47105810263705e-05
uniform,8ce365,mobile,0.0,0.4789981973685524,0.8641587472212522,0.0,5.094243504839531e-05
uniform,5efd27,mobile,0.0,0.525134544249611,0.7124828128705389,0.0,5.614823133071308e-05
uniform,865942,poster,0.0,0.26329353209408485,1.6481951699201738,0.0,0.00017857142857142857
uniform,eeb171,poster,0.0,0.31484757141325004,1.416482633124314,0.0,6.436663233779608e-05
uniform,110636,poster,0.0,0.37541630374670265,1.1737963444472397,0.0,6.119951040391677e-05
uniform,c23e50,web,0.0,0.33763352389884316,1.3807147017544668,0.0,7.65579543714592e-05
uniform,d28ecf,poster,0.0,0.317889574434853,1.4056175199007754,0.0,6.28140703517588e-05
uniform,2917cc,web,0.0,0.22266687322935438,1.8651653709649398,0.0,7.43052459503641e-05
uniform,4571a8,web,0.0,0.3183851671778197,1.373991465388379,0.0,5.9445963619070264e-05
uniform,454f59,web,0.0,0.23891094652051562,1.8549559251455048,0.0,8.396305625524769e-05
uniform,7d1335,web,0.0,0.38943212556370754,1.1173466774721175,0.0,7.4360499702558e-05
uniform,349e93,web,0.0,0.2753678723459402,1.5862247413427497,0.0,5.904581955597544e-05
uniform,ffdc28,desktop,0.0,0.23757583834148177,1.8841214217006006,0.0,0.00011091393078970719
uniform,bcdde6,web,0.0,0.30299784544678454,1.4313329889948052,0.0,8.254911672445105e-05
uniform,2e5cd6,desktop,0.0,0.2986140739595396,1.5057254380160372,0.0,0.000143184421534937
uniform,e8b226,desktop,0.0,0.32639495799179874,1.3642152465650803,0.0,0.00011353315168029064
uniform,81e5e3,desktop,0.0,0.23056774480267847,1.8944459249755978,0.0,0.00010258514567090685
uniform,1bc531,poster,0.0,0.31315626757956483,1.4196833731597673,0.0,4.393287057376329e-05
uniform,700dbf,web,0.0,0.3048646512760583,1.4704320610012895,0.0,7.74233508826262e-05
uniform,3aecb7,desktop,0.0,0.3542996730714071,1.304000181987203,0.0,9.048136083966703e-05
uniform,3f3349,web,0.0,0.33745842532199566,1.325953328222446,0.0,5.151452709664125e-05
uniform,5062ba,desktop,0.0,0.30276793664617163,1.5504724284481777,0.0,0.0001268713524486171
uniform,529ce0,desktop,0.0,0.281609928314579,1.5409872300071112,0.0,9.928514694201747e-05
uniform,67225a,desktop,0.0,0.2730301794582407,1.5241643222350394,0.0,0.00011165698972755694
uniform,07950c,desktop,0.0,0.16479129380145172,2.3610399830105395,0.0,0.00016550810989738498
uniform,5bcc14,mobile,0.0,0.29071362024137704,1.5212303175553061,0.0,6.535093451836362e-05
uniform,a69a78,mobile,0.0,0.39112846976174975,1.1189464891140934,0.0,6.415191172696946e-05
uniform,78666b,mobile,0.0,0.46037074396004607,0.8337010572694499,0.0,5.88650812338121e-05
uniform,700a42,mobile,0.0,0.42937520647685906,1.0107814790841807,0.0,5.08646998982706e-05
uniform,80e107,mobile,0.0,0.2711115299363761,1.6649209191962584,0.0,8.025682182985554e-05
uniform,e93e5e,poster,0.0,0.3199939796106245,1.310433581898281,0.0,0.000195160031225605
uniform,371069,mobile,0.0,0.43937033468317266,0.9827595042002075,0.0,5.289326139849783e-05
uniform,39f80c,mobile,0.0,0.41075279276530985,1.025325817666271,0.0,6.665777896280495e-05
uniform,8d7422,poster,0.0,0.3149139444849015,1.442374522794005,0.0,0.0003289473684210526
uniform,2b80bb,mobile,0.0,0.33494340311441506,1.2360778442192049,0.0,7.056167090036692e-05
uniform,6e6daf,poster,0.0,0.4243136901706999,1.057257309608896,0.0,0.00011967448539971278
uniform,ab791d,poster,0.0,0.5614406167876251,0.6100967436133207,0.0,0.0001157943492357573
uniform,c3c939,web,0.0,0.3575156013862876,1.239950992012361,0.0,7.616146230007616e-05
uniform,cd91c5,mobile,0.0,0.24522074817285797,1.6714032983234701,0.0,7.757951900698215e-05
uniform,009085,web,0.0,0.2517961376423936,1.707066475906917,0.0,6.736728644570196e-05
uniform,48582c,poster,0.0,0.24065275737238456,1.8555117040122184,0.0,2.6307481847837523e-05
uniform,4093f0,poster,0.0,0.22493747629447136,1.9031490094209014,0.0,4.951965930474398e-05
uniform,b28a85,web,0.0,0.26032928085678986,1.7168541500739118,0.0,7.614986293024673e-05
uniform,09d1d9,poster,0.0,0.3122516981975559,1.416649678196857,0.0,7.072135785007072e-05
uniform,48806f,web,0.0,0.3351612574211452,1.562207869982139,0.0,7.200460829493088e-05
uniform,38dec1,poster,0.0,0.31466999710069254,1.476856273155464,0.0,3.771876885938443e-05
uniform,b8a1c2,poster,0.0,0.3105366139762844,1.4482105775681064,0.0,4.266211604095563e-05
uniform,a9793b,web,0.0,0.35491404081052325,1.3236640168803038,0.0,6.945409084595083e-05
uniform,21d79e,web,0.0,0.4091044261544802,1.0262885713887995,0.0,7.33998825601879e-05
uniform,d165df,desktop,0.0,0.31986912911501686,1.4864018060400248,0.0,0.00012086052695189751
uniform,b93b7e,web,0.0,0.4457009869105589,0.9188726703756885,0.0,6.425083526085839e-05
uniform,5a64a8,web,0.0,0.21390911168354568,1.9822025939030248,0.0,8.084074373484237e-05
uniform,5b5a0c,desktop,0.0,0.3514921983865711,1.303375990504445,0.0,0.00015762925598991173
uniform,cf477d,web,0.0,0.2880928329961613,1.6257575997646434,0.0,4.722773212430339e-05
uniform,c7e7cd,desktop,0.0,0.36078048644124006,1.259669060926973,0.0,0.00014858841010401187
uniform,daaa3f,desktop,0.0,0.25851374596613835,1.6773124245335895,0.0,9.225092250922509e-05
uniform,fcac91,desktop,0.0,0.25128946978965855,1.6863631941866464,0.0,0.0001549426712116517
uniform,46e6ec,desktop,0.0,0.3656139870445403,1.1906712727592195,0.0,0.0001172882946281961
uniform,d5f959,desktop,0.0,0.2755507580402146,1.6159777105129571,0.0,0.00012373174956693887
uniform,9b2668,desktop,0.0,0.301715880228715,1.4628232396487806,0.0,0.00011731581417175035
uniform,c9e860,desktop,0.0,0.24073618126518923,1.7811732300400829,0.0,0.00012725884448969204
uniform,6cb6d4,mobile,0.0,0.4384965383424321,0.9243019439154954,0.0,6.791632708503124e-05
uniform,3b6541,mobile,0.0,0.40671982375929855,1.0379805064766763,0.0,8.19672131147541e-05
uniform,599a18,mobile,0.0,0.37670073883978944,1.1358732515467453,0.0,7.533524182612626e-05
uniform,7cf580,poster,0.0,0.3767959961474199,1.1762468859623654,0.0,0.00022084805653710247
uniform,b36130,mobile,0.0,0.4006790498046402,1.1338809201125541,0.0,6.688068485821294e-05
uniform,4e14f5,mobile,0.0,0.40281215265382886,1.1499155236624958,0.0,8.598452278589854e-05
uniform,b33b46,mobile,0.0,0.27734813112999895,1.5881675559252033,0.0,7.500750075007501e-05
uniform,d31d43,poster,0.0,0.2824972088765382,1.6049088324506355,0.0,0.0004
uniform,dc2864,poster,0.0,0.3718867819439723,1.1696161021738958,0.0,0.00012453300124533
uniform,4193f2,mobile,0.0,0.384810992962189,1.277810218065988,0.0,9.154155986818015e-05
uniform,3ea1d8,mobile,0.0,0.4017738887426342,1.0650458164531544,0.0,7.77000777000777e-05
uniform,a16835,poster,0.0,0.3018109304336579,1.5820789629443817,0.0,0.00012297097884899163
uniform,e948ad,poster,0.0,0.3228053831350455,1.3385807719068492,0.0,0.0002763957987838585
uniform,d2c979,poster,0.0,0.35628675217217715,1.201880541681318,0.0,8.965393580778196e-05
uniform,e946d8,mobile,0.0,0.4088259773220704,1.1094668598283235,0.0,9.054690329590728e-05
uniform,31b0f0,web,0.0,0.3047724414640861,1.457440488178938,0.0,9.737098344693281e-05
uniform,ffd262,web,0.0,0.381085034992249,1.1837986745282922,0.0,9.94431185361973e-05
uniform,18230e,web,0.0,0.23337936434008927,1.7416359666228507,0.0,0.00011322463768115942
uniform,6e6737,web,0.0,0.43718219184122487,0.933809435458796,0.0,9.552923194497516e-05
uniform,e0f578,poster,0.0,0.3285959670230983,1.3850365042548176,0.0,0.0002039983680130559
uniform,5f562b,poster,0.0,0.3918252967165486,1.1176383138660566,0.0,4.444839541292559e-05
uniform,4ab184,poster,0.0,0.4263814608694393,1.0225365083615576,0.0,5.931198102016607e-05
uniform,a2d191,web,0.0,0.27688240915381523,1.5906183923657065,0.0,0.00010588733587462939
uniform,96f6e0,web,0.0,0.32547729080010634,1.3750223876780658,0.0,8.712319219376198e-05
uniform,d9baa1,web,0.0,0.30466190732557763,1.4506308829373706,0.0,0.00010519671786240269
uniform,71e30d,web,0.0,0.32895162344449297,1.379282301185435,0.0,8.01667468334135e-05
uniform,5073f5,web,0.0,0.29889994223464705,1.4569556464714384,0.0,9.970089730807577e-05
uniform,5eb5e5,desktop,0.0,0.22188663762130195,1.863140609720041,0.0,0.00017421602787456446
uniform,0720ce,desktop,0.0,0.21358585706989197,1.882597424151125,0.0,0.00019179133103183735
uniform,2c663c,desktop,0.0,0.2546205119101647,1.8052173100227735,0.0,0.00017661603673613564
uniform,512240,desktop,0.0,0.3159951601041221,1.460446206087957,0.0,0.00013054830287206266
uniform,42b098,desktop,0.0,0.28416646775152915,1.6322238326280565,0.0,0.0002213368747233289
uniform,0eb2be,desktop,0.0,0.19731484624407042,2.142432056992269,0.0,0.00016949152542372882
uniform,ab9e2a,desktop,0.0,0.241899142131006,1.7129361290770122,0.0,0.00017421602787456446
uniform,0ff0be,desktop,0.0,0.27229976467452827,1.6272138787387393,0.0,0.0001588310038119441
uniform,d320e4,desktop,0.0,0.29661812697034184,1.5488245633070514,0.0,0.00018429782528566163
uniform,f38ac2,mobile,0.0,0.4140326670788125,1.0275751017635912,0.0,0.0002232142857142857
uniform,96d95b,mobile,0.0,0.3231807981689786,1.3965884694714303,0.0,0.000429553264604811
uniform,f96a6e,mobile,0.0,0.34746070045890326,1.2808805253784987,0.0,0.00010989010989010989
uniform,f05508,poster,0.0,0.2452623093874931,1.7175739424232934,0.0,0.0001139211665527455
uniform,e69624,mobile,0.0,0.45075109644591105,0.8963060094098027,0.0,0.00010727311735679038
uniform,39fa7c,mobile,0.0,0.3845703067866698,1.1803702370639628,0.0,8.464533604198409e-05
uniform,2e9a8b,mobile,0.0,0.2944998249677999,1.4122489863515364,0.0,8.710801393728223e-05
uniform,2b7751,mobile,0.0,0.2399474186765155,1.6565208080998974,0.0,9.643201542912247e-05
uniform,6b51ee,mobile,0.0,0.34232350444942805,1.2079208411087226,0.0,0.00010208248264597796
uniform,1c2bc5,poster,0.0,0.34044479729630206,1.2487701823937494,0.0,0.0002995805871779509
uniform,b5edbf,poster,0.0,0.2557684970546511,1.5882165768052248,0.0,0.00013326226012793177
uniform,020ba5,mobile,0.0,0.3638165672247694,1.1409637317613184,0.0,0.00011756407241946862
uniform,c41f2f,poster,0.0,0.3396392713465358,1.3424920477553435,0.0,0.00020885547201336674
uniform,f68906,poster,0.0,0.37715743135088653,1.155976121003587,0.0,0.00016627868307283005
uniform,16a273,web,0.0,0.30144353388705875,1.5094084867997541,0.0,0.00013003901170351105
uniform,8b12a0,poster,0.0,0.2610560704308599,1.551132737909502,0.0,0.0001157943492357573
uniform,856a72,web,0.0,0.2603806828859971,1.6125246420401609,0.0,0.00011153245594467991
uniform,b67326,web,0.0,0.2820552814494333,1.4941999123560064,0.0,0.00011715089034676664
uniform,7aad84,poster,0.0,0.34271386442168983,1.2589670910788633,0.0,8.333333333333333e-05
uniform,2b48a6,web,0.0,0.22038984825302976,1.767121736685452,0.0,0.0001973164956590371
uniform,63aef5,poster,0.0,0.3369063099237656,1.2559895097114968,0.0,9.407337723424271e-05
uniform,a3d37d,web,0.0,0.2723522234209703,1.5780161638236205,0.0,0.00015160703456640388
uniform,7f6c14,web,0.0,0.28208622389205695,1.4891844864058432,0.0,0.00013477088948787063
uniform,45d01a,poster,0.0,0.2634441884285019,1.6283551353331869,0.0,7.010656197420079e-05
uniform,14a7b0,web,0.0,0.26367097403160333,1.6217250378166725,0.0,7.538067239559776e-05
uniform,d8d91d,desktop,0.0,0.2914976809803421,1.5160792376716732,0.0,0.0001585791309863622
uniform,5b04c4,web,0.0,0.23686263966321008,1.773960509226898,0.0,0.00011775788977861517
uniform,52fbfe,desktop,0.0,0.2637613578933148,1.5833738831010478,0.0,0.00019105846388995032
uniform,61ea3d,desktop,0.0,0.19145477636774463,1.9929954314469205,0.0,0.00014064697609001407
uniform,c35930,desktop,0.0,0.3128218430602372,1.3966006075909847,0.0,0.0001577287066246057
uniform,1ce5f5,desktop,0.0,0.17138836751098718,2.1303359329019136,0.0,0.00022192632046160674
uniform,c6a670,desktop,0.0,0.31834293820240833,1.3638067550019795,0.0,0.00015365703749231714
uniform,55079d,desktop,0.0,0.2493775813236892,1.7258295769995011,0.0,0.0001960015680125441
uniform,949207,desktop,0.0,0.2766777140808427,1.5778708100389767,0.0,0.00016556291390728477
uniform,869868,web,0.0,0.24335475286679797,1.747737170079535,0.0,9.976057462090982e-05
uniform,fafbcc,desktop,0.0,0.25515339323162217,1.6660248121579895,0.0,0.00016852039096730705
uniform,aff2b7,mobile,0.0,0.3165743789276326,1.3432918865216719,0.0,0.00029568302779420464
uniform,10b93c,mobile,0.0,0.3214148753714217,1.3840050463885694,0.0,0.00028376844494892167
uniform,f21770,mobile,0.0,0.3164923164505091,1.3100528221117687,0.0,0.0002967359050445104
uniform,b7690d,poster,0.0,0.2650943308010889,1.7245353904046838,0.0,0.00010855405992184108
uniform,064f44,mobile,0.0,0.23295035792503518,1.7766436317685927,0.0,0.00010679196924391286
uniform,5b5e85,mobile,0.0,0.3162857879658542,1.2961107559740663,0.0,9.865824782951855e-05
uniform,a4f49f,mobile,0.0,0.24550378044562243,1.7785586375231397,0.0,9.775171065493646e-05
uniform,25d5bc,poster,0.0,0.393368107744796,1.1010316455949993,0.0,0.00031525851197982345
uniform,3c29dc,poster,0.0,0.42219444982777854,0.9634215010870164,0.0,0.00015318627450980392
uniform,00d37d,mobile,0.0,0.40186476140438043,1.0681936853746075,0.0,9.604302727621975e-05
uniform,52b67f,mobile,0.0,0.34613642854895205,1.2440270108679228,0.0,0.00010137875101378751
uniform,7d61f6,poster,0.0,0.3349789751209547,1.3162508775880855,0.0,0.00010584250635055038
uniform,b46333,poster,0.0,0.24254835568034908,1.6995167752873515,0.0,0.00016051364365971107
uniform,39a8fb,poster,0.0,0.393391503351519,1.1402277428798315,0.0,0.0002346316283435007
uniform,9f2268,poster,0.0,0.4118726469994488,1.0806726763546215,0.0,0.0002209456473707468
uniform,2ea01b,poster,0.0,0.34934497693187827,1.2199335963451199,0.0,0.00028042624789680314
uniform,0f858f,web,0.0,0.2711076024824466,1.5975199665842752,0.0,0.0001668335001668335
uniform,70d755,mobile,0.0,0.36832515096733875,1.1608067358116592,0.0,0.00010734220695577502
uniform,bbc4d8,web,0.0,0.3564978673550509,1.2610584275660501,0.0,0.00017205781142463867
uniform,ddc145,web,0.0,0.25550610227307324,1.6056133490951614,0.0,0.00014450867052023122
uniform,e0966a,poster,0.0,0.26863015941552215,1.6420014737621709,0.0,0.00010482180293501048
uniform,1d1d01,web,0.0,0.28721204586720134,1.5282580513485913,0.0,0.00016561775422325274
uniform,042af0,web,0.0,0.16638808845267183,2.1368299792481267,0.0,0.00012294074256208508
uniform,7881e5,web,0.0,0.35438858900364295,1.2422269484249893,0.0,0.00011704119850187266
uniform,3a7320,desktop,0.0,0.23443891874365022,1.7475550462064342,0.0,7.22334585379948e-05
uniform,73386c,desktop,0.0,0.3253350924452173,1.4167788688782108,0.0,8.533879501621438e-05
uniform,387531,desktop,0.0,0.4124112637714967,1.048090455534729,0.0,7.539203860072376e-05
uniform,a0e299,web,0.0,0.26797392210015775,1.651766050900992,0.0,0.00013304949441192123
uniform,ecd2f0,web,0.0,0.22764454052203822,1.848653726683302,0.0,8.778089887640449e-05
uniform,538ccc,desktop,0.0,0.31209977720934007,1.548230572943985,0.0,8.245382585751979e-05
uniform,009d6b,desktop,0.0,0.3425934298122587,1.306688162651011,0.0,8.490405841399219e-05
uniform,e3d8f9,desktop,0.0,0.2471006288214697,1.796175917908879,0.0,7.750736319950395e-05
uniform,f01758,desktop,0.0,0.3550712535022619,1.318850252109237,0.0,9.389671361502347e-05
uniform,6a4f04,web,0.0,0.17344759987145875,2.271947133145029,0.0,0.00011460004584001834
uniform,6e09d5,mobile,0.0,0.4297102980214105,0.9915374395060728,0.0,0.00011606313834726091
uniform,623ccb,mobile,0.0,0.3874459042198619,1.0777403487788733,0.0,0.00012382367508667657
uniform,6581b4,desktop,0.0,0.23325654133542506,1.9872987725588007,0.0,7.531254707034192e-05
uniform,8bc82b,desktop,0.0,0.28240818615912544,1.6986355710461232,0.0,8.199409642505739e-05
uniform,cc787e,mobile,0.0,0.2437853639812977,1.6671319090358587,0.0,0.00012581781580271766
uniform,22411d,poster,0.0,0.31621397482686014,1.639667926882751,0.0,0.0002004008016032064
uniform,eb529b,mobile,0.0,0.44295466704789455,0.9005094701789133,0.0,0.00012218963831867058
uniform,c9131a,poster,0.0,0.34450436363048226,1.2813545314260586,0.0,0.00014388489208633093
uniform,b602c0,poster,0.0,0.37305220866113203,1.2145920297308583,0.0,0.00018875047187617969
uniform,661e84,mobile,0.0,0.3472547905796987,1.279197594240811,0.0,4.16770859381512e-05
uniform,935ba3,mobile,0.0,0.37511687650552256,1.1600987744316238,0.0,4.8351223285949136e-05
uniform,aa635a,mobile,0.0,0.36417686979878944,1.2129525914181467,0.0,4.69175190015952e-05
uniform,e8d8ff,mobile,0.0,0.31489140844485136,1.5135653020919217,0.0,4.8633401420095325e-05
uniform,935066,poster,0.0,0.3799036134148338,1.1657529972865617,0.0,8.994423457456377e-05
uniform,93562f,mobile,0.0,0.4801438842894111,0.8348514507732661,0.0,4.311459860308701e-05
uniform,4afbad,web,0.0,0.25824439505044283,1.6989738909630239,0.0,8.494733265375468e-05
uniform,a26a7d,poster,0.0,0.43318094139684693,0.9688370721035653,0.0,7.26005517641934e-05
uniform,0b81bd,poster,0.0,0.29024089093091454,1.5353619907644922,0.0,3.074085459575776e-05
uniform,a8f62a,poster,0.0,0.4068830626015591,1.0765844356238234,0.0,5.5163283318623126e-05
uniform,8dcfba,web,0.0,0.3579361402202572,1.2725218641881748,0.0,6.928086462519052e-05
uniform,b02b39,web,0.0,0.35200764511135973,1.2390637455682747,0.0,6.130456105934282e-05
uniform,9e5e48,poster,0.0,0.2978539832649631,1.4571792085592,0.0,3.061849357011635e-05
uniform,e7e0d0,web,0.0,0.3718665446390361,1.222719478658003,0.0,7.417297136923305e-05
uniform,8bcc12,web,0.0,0.2606647214229769,1.5436886759440176,0.0,7.859163784973278e-05
uniform,e7022f,web,0.0,0.22490810435706862,1.849808548002118,0.0,4.878048780487805e-05
uniform,82a8ca,web,0.0,0.19614302170912323,1.8979062173144623,0.0,6.902263942573165e-05
uniform,3250cb,web,0.0,0.23694174622061578,1.8143922381288373,0.0,6.062075654704171e-05
uniform,285c1c,desktop,0.0,0.24035201078439078,1.8555994814219583,0.0,0.00015064778547755348
uniform,555c68,desktop,0.0,0.25034666671304096,1.6809436076108728,0.0,0.00012367054167697255
uniform,d924c7,web,0.0,0.36335843628119247,1.2827403665066104,0.0,5.241639584862145e-05
uniform,ea4596,desktop,0.0,0.3011009931531804,1.4281567124627759,0.0,0.00019069412662090009
uniform,ccf32c,desktop,0.0,0.21175650784447075,1.928282434216626,0.0,0.0002207505518763797
uniform,6f11a2,desktop,0.0,0.1818522651378503,2.1280014013634037,0.0,0.0001734304543877905
uniform,2fe128,desktop,0.0,0.27371473507149613,1.573427669268845,0.0,0.00016852039096730705
uniform,f4d6e9,desktop,0.0,0.2522329851422538,1.6659948278284242,0.0,0.00014400921658986175
uniform,583824,desktop,0.0,0.21700635010256772,1.9670245418823034,0.0,0.00021505376344086021
uniform,40f316,desktop,0.0,0.2342552907875491,1.8677366860947011,0.0,0.0001631321370309951
uniform,4867f6,mobile,0.0,0.3780447781151093,1.101780966216285,0.0,0.00020876826722338206
uniform,7e3369,mobile,0.0,0.4120754068989906,1.0558339266222874,0.0,0.00024378352023403217
uniform,12a0ed,mobile,0.0,0.2748427028628832,1.5234492111771518,0.0,0.0003123048094940662
uniform,74e427,mobile,0.0,0.417856068592364,0.9832720438289639,0.0,8.296001327360213e-05
uniform,eed5f3,poster,0.0,0.22815537454120757,1.7746801114229158,0.0,0.0006024096385542169
uniform,51e73b,poster,0.0,0.2753654468565414,1.667234215307259,0.0,0.0004743833017077799
uniform,943fdb,mobile,0.0,0.3047626902972834,1.453607804346957,0.0,8.89521437466643e-05
uniform,c9b04c,poster,0.0,0.2815714044109483,1.598323455882032,0.0,0.000646830530401035
uniform,163518,mobile,0.0,0.38413724094699386,1.1081698946124172,0.0,0.00010307153164296021
uniform,f861f0,poster,0.0,0.17378250361031322,2.2022557755626413,0.0,0.00030845157310302283
uniform,5f07a6,mobile,0.0,0.392155556635486,1.1272752777594237,0.0,9.998000399920016e-05
uniform,605f70,mobile,0.0,0.44488978695658177,1.0029674762771692,0.0,8.487523340689187e-05
uniform,0c21ef,mobile,0.0,0.2770938332163917,1.5184274533650077,0.0,8.87154009936125e-05
uniform,e8739a,poster,0.0,0.3886271158425285,1.1202231633981716,0.0,3.57423690042176e-05
uniform,01d4b9,poster,0.0,0.4987818085598575,0.7726842640085845,0.0,0.000315059861373661
uniform,fdc3d7,web,0.0,0.3280190508328872,1.3201452068012087,0.0,0.00014771048744460856
uniform,0f712c,web,0.0,0.22219998889248258,1.8287112102968164,0.0,0.0001514692517418964
uniform,47293c,web,0.0,0.25721555171755667,1.7140837057899527,0.0,0.00011987532965715655
uniform,c10e6e,web,0.0,0.22801327583725867,1.8223911152966124,0.0,0.00012853470437017994
uniform,457f63,poster,0.0,0.18973984596782106,2.0673159954767493,0.0,5.9730020308206904e-05
uniform,f4a513,web,0.0,0.3776969022109582,1.136872511530179,0.0,0.0001718213058419244
uniform,d48310,web,0.0,0.2178462405414374,1.9331803242472447,0.0,0.00014442518775274407
uniform,ac484e,poster,0.0,0.2567360348948522,1.6124348653552256,0.0,6.272738677706687e-05
uniform,e3d6fa,web,0.0,0.2891287150215929,1.5857341739849122,0.0,0.00014037057832678272
uniform,d205d8,desktop,0.0,0.21814679911513718,1.861431094957131,0.0,8.716875871687587e-05
uniform,adf8ec,desktop,0.0,0.21288972956053348,1.9875068130953681,0.0,0.00010264832683227263
uniform,3364ed,web,0.0,0.3002487574143882,1.4716158066463851,0.0,0.00010004001600640257
uniform,76b63f,desktop,0.0,0.31738266594305864,1.502187146397644,0.0,9.186110600771634e-05
uniform,2a97ca,web,0.0,0.3239879234747184,1.370270328689989,0.0,0.00011035091591260208
uniform,862f3a,desktop,0.0,0.38177813919850223,1.1796837298340455,0.0,8.276775368316503e-05
uniform,f9e25e,desktop,0.0,0.35731965015794886,1.323576503001115,0.0,0.00016852039096730705
uniform,90888b,desktop,0.0,0.3513792227694361,1.2505399787804035,0.0,0.00010460251046025104
uniform,f76fca,desktop,0.0,0.24945402725174198,1.7447020829457582,0.0,8.86053517632465e-05
uniform,00b8f8,desktop,0.0,0.2990397342891849,1.4940856699970182,0.0,9.775171065493646e-05
uniform,432066,desktop,0.0,0.3200454991447685,1.404027453474948,0.0,8.005123278898494e-05
uniform,d70468,mobile,0.0,0.3053999306112467,1.4903553712506024,0.0,0.00014064697609001407
uniform,75361f,mobile,0.0,0.4049282282631533,1.0311270187731467,0.0,4.5093795093795094e-05
uniform,6eb290,mobile,0.0,0.3786893894841747,1.2131276969180569,0.0,5.785028346638898e-05
uniform,e624e7,mobile,0.0,0.42574506028484665,1.0294864284521648,0.0,4.6352090479280616e-05
uniform,741c3a,mobile,0.0,0.33687605800260967,1.2938628543058555,0.0,4.4310528181495923e-05
uniform,07e9bb,mobile,0.0,0.5636864845982194,0.60108012275502,0.0,4.450774434751647e-05
uniform,f08c55,mobile,0.0,0.3688084414191592,1.1734211147210156,0.0,4.682963379226374e-05
uniform,b80cf5,poster,0.0,0.38603791765619044,1.1115486832394614,0.0,5.2202965128419294e-05
uniform,1a2169,mobile,0.0,0.25278268304299323,1.6839916688246972,0.0,6.451612903225807e-05
uniform,d5493d,poster,0.0,0.23764720290191557,1.6790520713178647,0.0,7.937767899666614e-05
uniform,dc537b,mobile,0.0,0.31311229030714166,1.3117883123729968,0.0,5.154639175257732e-05
uniform,e277d3,poster,0.0,0.3252872979328172,1.5092759339793123,0.0,9.048136083966703e-05
uniform,aabc06,poster,0.0,0.34726479780243624,1.2545943525936782,0.0,4.591789879695105e-05
uniform,9e68c7,poster,0.0,0.3393004302485827,1.3366066399482404,0.0,0.0001529987760097919
uniform,d2f771,poster,0.0,0.4074834599108176,1.0563206309554776,0.0,4.204153703859413e-05
uniform,074c75,web,0.0,0.3034404059458785,1.5738538888261215,0.0,6.361323155216285e-05
uniform,bd7a8b,poster,0.0,0.3191863366433374,1.3759435718586173,0.0,9.946290033817386e-05
uniform,3d5500,web,0.0,0.23759932601796982,1.8170515452270004,0.0,7.31528895391368e-05
uniform,db81dc,web,0.0,0.3283751352112799,1.422869916336421,0.0,8.676036786395974e-05
uniform,ea57c5,web,0.0,0.2750414372358325,1.5632213579615257,0.0,6.195019204559534e-05
uniform,5badb5,web,0.0,0.4205199568909369,1.0580180074050776,0.0,6.251562890722681e-05
uniform,a069b7,web,0.0,0.2983646729590366,1.423253894239137,0.0,6.032090722644468e-05
uniform,fb6dd3,web,0.0,0.3271418698882058,1.286278480453951,0.0,7.966857871255577e-05
uniform,773f17,web,0.0,0.38839304704255445,1.0953986394592188,0.0,5.023106288929074e-05
uniform,2a1907,web,0.0,0.2500916207309761,1.6767666396448322,0.0,7.755545214828603e-05
uniform,db86c2,desktop,0.0,0.4037420070925885,1.0855665818202052,0.0,0.0008503401360544217
uniform,056cfb,desktop,0.0,0.2836094252941361,1.5006553110141978,0.0,0.00015762925598991173
uniform,7d5fb2,desktop,0.0,0.3022418049229338,1.4203461611867085,0.0,0.00018115942028985507
uniform,48a71e,desktop,0.0,0.2648369870939353,1.5686293953633577,0.0,0.00026455026455026457
uniform,0ef9b2,desktop,0.0,0.25659367837821995,1.6524322856930564,0.0,0.00021459227467811158
uniform,37c0ca,desktop,0.0,0.24618507750907193,1.7020813244403552,0.0,0.00011745360582569885
uniform,0f85bd,desktop,0.0,0.28600676856392593,1.5372658920223283,0.0,0.00016103059581320451
uniform,370302,desktop,0.0,0.19305547430785716,1.9937590776908527,0.0,0.00024177949709864604
uniform,6d4031,desktop,0.0,0.26127135955397246,1.6793498446673845,0.0,0.00020128824476650564
uniform,3dbc95,poster,0.0,0.4070297047271056,1.054926858358312,0.0,2.0878570235510272e-05
uniform,61e6d0,mobile,0.0,0.4129772420767711,1.019606871134731,0.0,0.00012623074981065388
uniform,e228f3,mobile,0.0,0.29385602587694143,1.4227817680452028,0.0,0.00013140604467805518
uniform,71a0b1,mobile,0.0,0.3385950524522754,1.4393825766012673,0.0,0.00020275750202757503
uniform,733bb9,mobile,0.0,0.2801182113031496,1.7476779390996453,0.0,0.00013092432573972245
uniform,6b1bcd,mobile,0.0,0.23921969853780783,1.7522852948521743,0.0,0.0001585791309863622
uniform,f491f4,mobile,0.0,0.3345660361472424,1.3327835304259874,0.0,0.00014037057832678272
uniform,65a2cf,poster,0.0,0.21643816330553461,1.8790947728908625,0.0,0.00031525851197982345
uniform,bc25a7,mobile,0.0,0.2726746752738926,1.5418295482408872,0.0,0.00011381743683132256
uniform,c40b98,mobile,0.0,0.21795609878436328,1.8986061509500545,0.0,0.00014943215780035862
uniform,f2cbaa,poster,0.0,0.34215327612012825,1.29550076830955,0.0,0.00015827793605571383
uniform,927918,mobile,0.0,0.24162071578198463,1.735883111741822,0.0,0.00014021312394840157
uniform,f1bad6,poster,0.0,0.28660774364301356,1.4510388701865853,0.0,0.0006451612903225806
uniform,1a5c70,poster,0.0,0.2720212672344015,1.6163506561589727,0.0,0.0003448275862068965
uniform,de4fee,poster,0.0,0.21715915970409788,1.874402538207452,0.0,0.00017176228100309173
uniform,71bc07,poster,0.0,0.27584777005363964,1.5397066010000093,0.0,3.974878766197631e-05
uniform,60fd02,poster,0.0,0.29104628163359714,1.4935159451591986,0.0,0.0001226993865030675
uniform,d50a8b,poster,0.0,0.35720013927595173,1.2186734944349413,0.0,9.74089226573154e-05
uniform,4e729d,web,0.0,0.21531122978335837,1.9627072992220231,0.0,0.00016627868307283005
uniform,25d2e6,poster,0.0,0.3377396417230127,1.2791923864595656,0.0,0.0002337540906965872
uniform,8087da,web,0.0,0.19928767330988922,2.0862278891801944,0.0,0.00012033694344163658
uniform,53faa2,web,0.0,0.14615302486320897,2.314944082359586,0.0,0.00023496240601503758
uniform,1acfdd,web,0.0,0.25543344630262954,1.656183686239758,0.0,0.00014956625785222854
uniform,95ce3a,web,0.0,0.22191039997491133,1.8845833443667142,0.0,0.00014400921658986175
uniform,6b2df3,web,0.0,0.23492050901395606,1.7809174102571657,0.0,0.00013217023526301876
uniform,edbb42,web,0.0,0.27685453763978773,1.6128188661137008,0.0,0.00020491803278688525
uniform,fb8701,desktop,0.0,0.2563954435783361,1.7326990367319652,0.0,9.226794611551947e-05
uniform,439c14,web,0.0,0.2913725930848163,1.5200063028133177,0.0,0.00012281994595922377
uniform,34558c,desktop,0.0,0.3771705259327312,1.1580321951821508,0.0,9.266123054114158e-05
uniform,a33aac,web,0.0,0.3093844339379766,1.4174659593629453,0.0,0.00013217023526301876
uniform,a42ac8,desktop,0.0,0.3565744809438235,1.2048958747785798,0.0,9.942334460131238e-05
uniform,7bed0d,desktop,0.0,0.33724362423106735,1.3519842327123226,0.0,9.895111814763506e-05
uniform,592a12,desktop,0.0,0.32936795302990163,1.3984904571859798,0.0,9.043226623259179e-05
uniform,c33956,desktop,0.0,0.37802389448715634,1.1759875635865422,0.0,9.127418765972983e-05
uniform,2bb7d4,desktop,0.0,0.3084999957482668,1.430702740915995,0.0,9.46431951542684e-05
uniform,f13c2f,desktop,0.0,0.2791168080810396,1.5997209146223665,0.0,0.00012581781580271766
uniform,08a5d7,desktop,0.0,0.2925484080168825,1.5219928562299079,0.0,0.0001072041166380789
uniform,09d330,poster,0.0,0.29322911127000495,1.5862559182311702,0.0,7.489514679448772e-05
uniform,49e81b,mobile,0.0,0.29097978771416894,1.454545981718434,0.0,4.6891118822095096e-05
uniform,368917,mobile,0.0,0.297458786717428,1.5236829856835152,0.0,4.8633401420095325e-05
uniform,c29a4e,mobile,0.0,0.42028182139126957,1.0210600684637774,0.0,6.358896095637798e-05
uniform,b80952,mobile,0.0,0.25231407032178216,1.7513130160962114,0.0,0.00017229496898690558
uniform,7527bb,mobile,0.0,0.2833393157618921,1.4215817001034867,0.0,0.00012729124236252545
uniform,a0f84b,mobile,0.0,0.4884549711735905,0.7969736312044093,0.0,5.5444666223109334e-05
uniform,a93c69,poster,0.0,0.3706306198267791,1.1800135324109897,0.0,0.00010912265386294194
uniform,ddca3f,mobile,0.0,0.35220962636798836,1.228123014526899,0.0,5.475851494907458e-05
uniform,93749b,poster,0.0,0.3455832445961568,1.3009936877705788,0.0,0.00026371308016877635
uniform,a7f12f,poster,0.0,0.33950498632634357,1.355744821862124,0.0,0.0001639344262295082
uniform,46e99f,poster,0.0,0.42722820088855484,1.1146906696767551,0.0,0.00014128284826222097
uniform,f33d51,poster,0.0,0.37538721308307255,1.1347344813681066,0.0,0.00013137151865475564
uniform,f60132,mobile,0.0,0.2682665951432113,1.6201101865671554,0.0,8.04634695848085e-05
uniform,eec240,mobile,0.0,0.3655943688403954,1.2487359216743903,0.0,6.882312456985548e-05
uniform,c40a65,poster,0.0,0.3566702457272854,1.2668392767112509,0.0,6.517205422314912e-05
uniform,e9f7f7,poster,0.0,0.3106031753350074,1.4070472962999645,0.0,0.00016108247422680412
uniform,557221,poster,0.0,0.4397079641433609,0.875064772368316,0.0,4.584211973961676e-05
uniform,a15dc1,web,0.0,0.371762506531936,1.2486613724396447,0.0,6.757669955399378e-05
uniform,27c37d,poster,0.0,0.32874876045560253,1.339453797448249,0.0,3.879878947776829e-05
uniform,029a48,web,0.0,0.26602951454317236,1.6880327568787832,0.0,8.631106507854307e-05
uniform,d69abb,web,0.0,0.2045073943087972,1.93891218870548,0.0,6.464124111182935e-05
uniform,f7344c,web,0.0,0.18980200047271079,2.084017824528547,0.0,9.359790340696369e-05
uniform,24425e,web,0.0,0.31950595407885984,1.3243613145532511,0.0,6.802721088435374e-05
uniform,3ae6bb,web,0.0,0.23956535181520447,1.7928869760505963,0.0,5.7155921353452216e-05
uniform,ce9bfe,web,0.0,0.16506931751319032,2.3728838700158503,0.0,7.13165026387106e-05
uniform,da1d78,desktop,0.0,0.2607180454649482,1.752681354636227,0.0,8.493290300662476e-05
uniform,bf97aa,desktop,0.0,0.2557656773355285,1.7353224777639427,0.0,7.94912559618442e-05
uniform,2adbfe,web,0.0,0.24733541012106025,1.7314908276202814,0.0,8.538251366120219e-05
uniform,3ae59a,web,0.0,0.2980884387537527,1.5088357532679337,0.0,7.908889591901297e-05
uniform,fe670b,desktop,0.0,0.20160148586117982,2.0472039323423723,0.0,7.856693903205531e-05
uniform,2cb6b4,desktop,0.0,0.17032377268677557,2.4132634931070958,0.0,9.531071292413267e-05
uniform,a05750,desktop,0.0,0.30888535442437304,1.4186447355961112,0.0,6.737636437137851e-05
uniform,1f1fff,desktop,0.0,0.2939376128183559,1.5678834431370872,0.0,8.732099196646873e-05
uniform,e2af38,desktop,0.0,0.2541194046323098,1.9535460666705131,0.0,7.679311933650745e-05
uniform,39fd3b,desktop,0.0,0.26896195085786356,1.6754762523395899,0.0,8.512087163772556e-05
uniform,4587b5,desktop,0.0,0.23802802531630723,1.939898091523923,0.0,8.338892595063375e-05
uniform,ab7961,mobile,0.0,0.5303739981892535,0.6536051932210523,0.0,4.090314136125655e-05
uniform,c9133b,mobile,0.0,0.4908427125799802,0.7648707649664166,0.0,4.08730483119431e-05
uniform,7ee781,mobile,0.0,0.4614979510458529,0.8834107106128766,0.0,4.3656683838295645e-05
uniform,0f81ca,mobile,0.0,0.41299883667455295,1.0316025284755084,0.0,4.3878894251864855e-05
uniform,d93532,mobile,0.0,0.4591256084495363,0.8885180679585897,0.0,4.0038436899423444e-05
uniform,c6c08a,mobile,0.0,0.41766890445116545,0.9944471595508234,0.0,3.9993601023836184e-05
uniform,837df2,poster,0.0,0.3298212063893793,1.3839131822010722,0.0,0.000106951871657754
uniform,55d981,poster,0.0,0.41696611796814587,1.0232219346167886,0.0,7.940289026520565e-05
uniform,26c4ef,mobile,0.0,0.2509789450510603,1.7537380974472014,0.0,4.648136097424932e-05
uniform,fd7c30,mobile,0.0,0.2984018266126278,1.507909366047372,0.0,5.9502558610020234e-05
uniform,88a176,mobile,0.0,0.4729582858634531,0.9525670223087359,0.0,4.07797080172906e-05
uniform,9199de,poster,0.0,0.4859264048801426,0.8610941078946319,0.0,7.279079924297569e-05
uniform,e9465f,poster,0.0,0.43275594933285855,0.939620709300163,0.0,7.389890629618682e-05
uniform,e70774,poster,0.0,0.2966354755778251,1.4216920465747376,0.0,2.8768699654775603e-05
uniform,b901b1,web,0.0,0.30766697509250773,1.570915618958873,0.0,6.298022420959819e-05
uniform,b434fb,poster,0.0,0.22892006103787238,1.8637137833347346,0.0,3.4314734747100405e-05
uniform,8ff998,poster,0.0,0.2718130033071775,1.5662926048567485,0.0,3.106940905983968e-05
uniform,3cf90e,web,0.0,0.2583743598595769,1.5777518851839383,0.0,5.310674455655868e-05
uniform,88c9d1,poster,0.0,0.3306378309262631,1.2931289162997208,0.0,3.9585147652600746e-05
uniform,3478a7,web,0.0,0.3151261428599926,1.375890074687798,0.0,5.1541078239356766e-05
uniform,441395,web,0.0,0.24788123347184304,1.8520793331601926,0.0,5.682463916354131e-05
uniform,7ce6d3,poster,0.0,0.3953811561644755,1.143170754553823,0.0,2.796420581655481e-05
uniform,24776f,web,0.0,0.3060287442184978,1.5463000486979417,0.0,5.659950192438306e-05
uniform,c68139,web,0.0,0.36211151222335203,1.2858951267179612,0.0,4.977105315548477e-05
uniform,882e01,web,0.0,0.34976531264785865,1.2837754847293812,0.0,5.507821105970478e-05
uniform,95b733,web,0.0,0.32246832576149353,1.397142464063787,0.0,4.8393341076267905e-05
uniform,d6cc23,desktop,0.0,0.1853922015719429,2.0882379969645934,0.0,0.00019825535289452815
uniform,f3e3f8,desktop,0.0,0.21329347013798836,1.8990077371251286,0.0,0.00017674089784376105
uniform,b49400,desktop,0.0,0.2232509141895735,1.7879088608703053,0.0,0.00016556291390728477
uniform,9e8ff1,web,0.0,0.2512355258504892,1.774716966492071,0.0,3.5960874568469505e-05
uniform,2675a8,desktop,0.0,0.1697783392903247,2.1808844166145787,0.0,0.00019069412662090009
uniform,3aced2,desktop,0.0,0.27244891671337895,1.5411496080468043,0.0,0.00012212994626282364
uniform,86c651,desktop,0.0,0.1204757175565413,2.5756708093386758,0.0,0.0002615062761506276
uniform,14c026,desktop,0.0,0.2472750931979967,1.76988956212398,0.0,0.0001753155680224404
uniform,a04c36,desktop,0.0,0.2573655882748663,1.633346881637708,0.0,0.00014484356894553882
uniform,af49df,mobile,0.0,0.37674666583203736,1.1267417605231616,0.0,0.00026164311878597594
uniform,4fbc40,desktop,0.0,0.1656807907252373,2.2232939176968745,0.0,0.00022644927536231884
uniform,01ca85,mobile,0.0,0.3597008546440902,1.257761349945857,0.0,0.00029120559114735004
uniform,00d34f,mobile,0.0,0.2679126869761362,1.6207774269091613,0.0,0.00015206812652068127
uniform,b3ddb5,mobile,0.0,0.2588001782424574,1.6319372779750685,0.0,0.0001177301624676242
uniform,9fad4b,mobile,0.0,0.2954204261992754,1.4820575202711939,0.0,0.00011811953697141507
uniform,79672d,mobile,0.0,0.4040692570190157,1.011069008550323,0.0,7.998720204767237e-05
uniform,67522f,mobile,0.0,0.3196944899830178,1.4133417812845843,0.0,0.00010407993338884263
uniform,d9a22e,poster,0.0,0.30803451333027726,1.4514881551817684,0.0,0.00025933609958506224
uniform,6d15ce,mobile,0.0,0.3148306358701101,1.3524013968026458,0.0,0.00014084507042253522
uniform,f1e37f,poster,0.0,0.3042700612122795,1.4609793119847982,0.0,0.0002756339581036384
uniform,4d987b,poster,0.0,0.2524130009670663,1.6912467934512176,0.0,0.000151285930408472
uniform,42a9cb,poster,0.0,0.27579429436447467,1.494533659310709,0.0,0.00025614754098360657
uniform,c5ea52,poster,0.0,0.23063448016622382,1.9742933560559908,0.0,7.222302470027445e-05
uniform,dd8251,mobile,0.0,0.25348628048090627,1.6141623514312589,0.0,9.607993850883935e-05
uniform,8b6299,poster,0.0,0.2863672971393675,1.5499329671623268,0.0,6.373486297004461e-05
uniform,5baa74,web,0.0,0.2276499461176849,1.780381827388584,0.0,0.0003272251308900524
uniform,85e5ac,web,0.0,0.3601779678522138,1.2239098970263813,0.0,0.0001448016217781639
uniform,665c4e,poster,0.0,0.31152180869954177,1.375551310188382,0.0,9.43040362127499e-05
uniform,1c27b9,web,0.0,0.1941740506630433,2.03984193015481,0.0,0.00015566625155666251
uniform,9204ba,poster,0.0,0.2729690203576951,1.7448375873072015,0.0,6.764069264069264e-05
uniform,5e0dee,web,0.0,0.29094058271917006,1.5937650234910563,0.0,0.00016528925619834712
uniform,eede0a,web,0.0,0.28948772339764567,1.4920763151192726,0.0,0.00012966804979253112
uniform,bd57a3,web,0.0,0.2609939037473321,1.6320943496011813,0.0,0.00010813148788927336
uniform,d23a34,web,0.0,0.22484621381829845,1.911646223223529,0.0,0.00013099292638197538
uniform,4bb6dd,desktop,0.0,0.28414070631446686,1.580266729460704,0.0,0.00033090668431502316
uniform,e20a6e,desktop,0.0,0.3629164558877537,1.2467882020319692,0.0,0.00011325028312570782
uniform,0a87be,web,0.0,0.23974325378330114,1.7178519451001537,0.0,0.00011175681716584712
uniform,05890e,web,0.0,0.23322133223942537,1.7907030570759535,0.0,9.938382031405287e-05
uniform,a9ccfc,desktop,0.0,0.30829748616195113,1.4383806276971662,0.0,0.00011170688114387846
uniform,eed0db,desktop,0.0,0.3195259467848975,1.4169407983500102,0.0,0.00012048192771084337
uniform,147ff4,desktop,0.0,0.3577656721949888,1.292880275733629,0.0,0.0002314814814814815
uniform,55251b,desktop,0.0,0.23500101280718372,1.9052283632757723,0.0,0.00014723203769140164
uniform,ed8647,desktop,0.0,0.29577967950338535,1.4625693470706351,0.0,0.00012379301807378064
uniform,de5446,desktop,0.0,0.2592572097556456,1.617098740694161,0.0,0.00012394645513138323
uniform,bf66e8,desktop,0.0,0.3253796947273324,1.3538864450599715,0.0,0.0001287664177182591
uniform,74edd4,mobile,0.0,0.3159476376135431,1.4067106345363514,0.0,8.135372600065082e-05
uniform,3efe00,mobile,0.0,0.306660883917584,1.4542863371215766,0.0,7.410701052319549e-05
uniform,548c01,mobile,0.0,0.3740342250038148,1.1736197713163703,0.0,7.316359379572725e-05
uniform,f735e9,mobile,0.0,0.32343100114757134,1.3495752860991033,0.0,5.8976173625855154e-05
uniform,2b30aa,mobile,0.0,0.26444321327509435,1.6722776814511793,0.0,0.00020559210526315788
uniform,9ba547,mobile,0.0,0.3752162444703653,1.152238021551979,0.0,7.307804735457468e-05
uniform,f1be04,mobile,0.0,0.4346042508970033,0.9711154364833048,0.0,6.342762907522517e-05
uniform,4e2a75,mobile,0.0,0.32290588116162505,1.3214877420386137,0.0,8.294625082946251e-05
uniform,8f669a,poster,0.0,0.30714566609089383,1.4378561241037704,0.0,6.257822277847309e-05
uniform,f23e97,poster,0.0,0.2535595005582727,1.6498159235976895,0.0,4.972650422675286e-05
uniform,62fedf,mobile,0.0,0.471094034971066,0.899988536243323,0.0,6.443298969072165e-05
uniform,a47405,poster,0.0,0.2671513560264323,1.5752436956909235,0.0,5.201831044527674e-05
uniform,91138f,poster,0.0,0.4277380551131119,0.9875332778191566,0.0,8.81057268722467e-05
uniform,d1f254,poster,0.0,0.25686350452941953,1.7371273422303044,0.0,0.000146756677428823
uniform,628c6e,poster,0.0,0.29678221774635527,1.4649845757477051,0.0,5.6850483229107444e-05
uniform,d7535a,poster,0.0,0.31240127972414616,1.3946588739594004,0.0,5.0932056636446976e-05
uniform,05a1ad,poster,0.0,0.28161555364781,1.5804093509373573,0.0,8.073631519457452e-05
uniform,714584,web,0.0,0.32419047414027735,1.4699162830732402,0.0,8.259002312520647e-05
uniform,07a2c8,web,0.0,0.3132076190831474,1.469452781771226,0.0,7.927699381639449e-05
uniform,d20ff4,web,0.0,0.23955016680730526,1.9181694908785696,0.0,8.599931200550395e-05
uniform,33d2a6,web,0.0,0.30657891602711584,1.4430234240926274,0.0,8.552856654122477e-05
uniform,cad727,web,0.0,0.36072751342688597,1.2236787761299033,0.0,0.00010905125408942203
uniform,b3bf42,web,0.0,0.3265116187601207,1.332038437782415,0.0,7.785736530675803e-05
uniform,268f27,web,0.0,0.33157101589248533,1.3581451570171095,0.0,9.326618168252192e-05
uniform,609262,web,0.0,0.2870463523818144,1.5365185403864057,0.0,8.227743952608195e-05
uniform,e99f26,desktop,0.0,0.3157537278233164,1.4148458799337278,0.0,0.00017780938833570413
uniform,58e0a1,desktop,0.0,0.30897590961682375,1.4855758764442237,0.0,0.0001059322033898305
uniform,1e27b2,desktop,0.0,0.28737884422825716,1.5249733261947829,0.0,0.0001016880211511084
uniform,0dbd98,desktop,0.0,0.2601554648589074,1.6892082222745697,0.0,0.00010771219302024989
uniform,c0233f,desktop,0.0,0.3434674567854681,1.3296009080700868,0.0,0.00011465260261407934
uniform,f20200,desktop,0.0,0.36944702486520786,1.1777994358384922,0.0,9.701202949165696e-05
uniform,7b8443,web,0.0,0.33211878456519517,1.3399935556475966,0.0,5.85000585000585e-05
uniform,bdf30a,desktop,0.0,0.40256508380620715,1.0521374846458535,0.0,7.939028262940616e-05
uniform,27f3f7,desktop,0.0,0.40358976365118093,1.0735256553670267,0.0,0.00010604453870625662
uniform,257df7,poster,0.0,0.20872923285481904,1.959141616030034,0.0,4.091987887715852e-05
uniform,8cb7cc,desktop,0.0,0.3369274185577813,1.339076326479185,0.0,5.214851898206091e-05
uniform,235508,mobile,0.0,0.4066734331802345,1.0314143222093395,0.0,0.00016728002676480428
uniform,759dc4,mobile,0.0,0.3537202103096007,1.2807607782653807,0.0,5.9822924144532185e-05
uniform,6af818,mobile,0.0,0.20794186144951074,1.9076424176334945,0.0,6.25e-05
uniform,813384,poster,0.0,0.3223925359972859,1.3974642576757972,0.0,4.611695259177273e-05
uniform,d375a8,poster,0.0,0.43914681056992405,0.9894999270201568,0.0,4.3671936413660584e-05
uniform,25bf7b,mobile,0.0,0.3154709614600561,1.4016785186513692,0.0,5.687635081333182e-05
uniform,c84d32,mobile,0.0,0.38799858738465764,1.0753115704366172,0.0,5.864414731409805e-05
uniform,239f23,poster,0.0,0.28372922914203597,1.6335963999877285,0.0,0.0002281021897810219
uniform,b4a191,poster,0.0,0.41017704842211555,1.1199781542600167,0.0,8.821453775582216e-05
uniform,980144,mobile,0.0,0.47073545706267483,0.8423439993757053,0.0,5.88650812338121e-05
uniform,51fd1b,mobile,0.0,0.3931013028100172,1.1041881879827464,0.0,5.6947608200455584e-05
uniform,325d49,poster,0.0,0.3317694886526505,1.3581500169349396,0.0,0.0001968503937007874
uniform,319181,mobile,0.0,0.29044028943935574,1.5153454634041439,0.0,5.617977528089888e-05
uniform,f63992,poster,0.0,0.32591209923970726,1.3428899523606777,0.0,9.476876421531463e-05
uniform,0616a4,mobile,0.0,0.36804506126496817,1.213448864202149,0.0,6.391409945033875e-05
uniform,f48d0e,poster,0.0,0.30195801870682126,1.5741827664464032,0.0,3.4267699266671235e-05
uniform,27b0cb,web,0.0,0.19056249964284847,1.994360431442299,0.0,7.635919364691509e-05
uniform,486fbb,web,0.0,0.29656539155270806,1.5467507163726448,0.0,8.545547769612032e-05
uniform,df1857,poster,0.0,0.3180884094023315,1.4511821305602175,0.0,9.57670944263551e-05
uniform,f7b72e,poster,0.0,0.27986197229486703,1.6307681737083326,0.0,9.020386072523904e-05
uniform,c4b8a0,web,0.0,0.29346920002760885,1.5568423581301623,0.0,0.00012045290291496025
uniform,57879f,web,0.0,0.20380242779993185,2.030965992675704,0.0,8.461668641056016e-05
uniform,3cc438,web,0.0,0.3617651836671192,1.219190515501657,0.0,7.63708568810142e-05
uniform,bb4af5,web,0.0,0.2371931692034101,1.8884265277265295,0.0,0.00012174336498660823
uniform,d59f99,web,0.0,0.31165061211630246,1.4925743101559874,0.0,0.00010876658690450294
uniform,df8ad2,desktop,0.0,0.2429180427152301,1.6917289882053685,0.0,8.588114050154586e-05
uniform,d7d901,web,0.0,0.23420370841457214,1.8312851078525452,0.0,8.18062827225131e-05
uniform,ff561b,desktop,0.0,0.35777389594628184,1.2383859831294781,0.0,8.330556481172943e-05
uniform,55c555,desktop,0.0,0.31744478646062446,1.368682657687221,0.0,9.609840476648087e-05
uniform,333ba8,desktop,0.0,0.2652860472308728,1.6604215140761707,0.0,0.00011235955056179776
uniform,b2b7a2,desktop,0.0,0.2560082300320554,1.699819242752901,0.0,0.00014560279557367502
uniform,947b62,desktop,0.0,0.28421266930581174,1.73548108962498,0.0,0.00010524100189433803
uniform,42941c,web,0.0,0.3620718732813324,1.2231208888699885,0.0,7.183908045977011e-05
uniform,6a8c97,desktop,0.0,0.28810928970092076,1.4985912533911263,0.0,0.00010460251046025104
uniform,003eb9,desktop,0.0,0.2654117023163179,1.7765227136935846,0.0,0.00010950503723171266
uniform,78b10c,desktop,0.0,0.2677788734051854,1.6945190536180585,0.0,0.00010473397570171764
uniform,510093,mobile,0.0,0.40090589409310295,1.0609043157532894,0.0,0.0001394700139470014
uniform,13f898,mobile,0.0,0.28151127792522473,1.4685679171123247,0.0,6.483402489626556e-05
uniform,16e611,mobile,0.0,0.3395928099716834,1.3532799433389258,0.0,0.00014013452914798206
uniform,849f25,mobile,0.0,0.38246728321738466,1.176069693842143,0.0,6.045218232378189e-05
uniform,cbb7ad,mobile,0.0,0.4028966329486609,1.09488246492328,0.0,6.102770657878677e-05
uniform,544816,poster,0.0,0.3482432112696836,1.2761326824035555,0.0,0.0001885369532428356
uniform,e1f7b0,mobile,0.0,0.3672035220426777,1.2090483200081759,0.0,5.404236921746649e-05
uniform,b516e1,poster,0.0,0.36475731623636765,1.3317317665128798,0.0,0.00010782833728703904
uniform,7ba4bc,mobile,0.0,0.41744661081910334,1.0767121237564643,0.0,6.529119874640899e-05
uniform,76dc6b,poster,0.0,0.22880265322144278,1.8024715484660396,0.0,0.00010235414534288638
uniform,5d7024,poster,0.0,0.2338345617841934,1.7433129986756195,0.0,4.72455825380327e-05
uniform,05490b,mobile,0.0,0.308206140273693,1.4042453170510054,0.0,6.207324643078833e-05
uniform,f29bd9,poster,0.0,0.278645150470046,1.610820561254395,0.0,0.00015644555694618273
uniform,0fc384,poster,0.0,0.28380650087355064,1.6699166091366195,0.0,0.00017661603673613564
uniform,7e5b71,poster,0.0,0.4512104500660956,0.9556138736881024,0.0,0.00015114873035066505
uniform,3839b1,web,0.0,0.29724065825188106,1.4833270765026487,0.0,7.930214115781126e-05
uniform,ef8863,web,0.0,0.3094315448975109,1.3948440103540949,0.0,0.0001239771881973717
uniform,2a5307,web,0.0,0.28076685954793507,1.4754003436257694,0.0,0.0001044932079414838
uniform,9cb812,web,0.0,0.23395421991267,1.8131468057327502,0.0,6.052536012589275e-05
uniform,c642a8,web,0.0,0.31573607470217724,1.475634782908192,0.0,0.0001282051282051282
uniform,eae3c4,mobile,0.0,0.3559969286379498,1.181975596754714,0.0,6.26017278076875e-05
uniform,73d5d7,web,0.0,0.25035301290646095,1.7742609979903565,0.0,8.957362952346828e-05
uniform,c05a14,web,0.0,0.2914713523823735,1.4826740073815947,0.0,7.807620237351655e-05
uniform,9466ef,web,0.0,0.34442606589543695,1.3008406238365122,0.0,8.064516129032258e-05
uniform,c15cd3,web,0.0,0.29893098572028587,1.5017973335385346,0.0,5.5574080248971876e-05
uniform,2ef49e,desktop,0.0,0.24183789613823575,1.8647146947184838,0.0,0.00016600265604249667
uniform,69cd24,desktop,0.0,0.3738349086312963,1.2249765970722963,0.0,9.712509712509713e-05
uniform,998d69,desktop,0.0,0.1549997641462434,2.42833593266769,0.0,0.0001558117793705204
uniform,e102af,desktop,0.0,0.26923230329800685,1.6167838615465504,0.0,0.0001015228426395939
uniform,8ea477,desktop,0.0,0.26268087664711204,1.6375337206699843,0.0,0.00011140819964349375
uniform,0eef1f,desktop,0.0,0.24821691973026233,1.7544607452817476,0.0,9.773260359655981e-05
uniform,07b304,desktop,0.0,0.2740567581919655,1.6300817377229473,0.0,0.0001007252215954875
uniform,919716,desktop,0.0,0.30203499277903767,1.486225298036448,0.0,0.00010848340203948796
uniform,038d71,desktop,0.0,0.24695353854642618,1.722342772257873,0.0,0.00010464629552113855
uniform,88fed8,mobile,0.0,0.29577946552390266,1.7470653735430997,0.0,8.712319219376198e-05
uniform,23f03c,mobile,0.0,0.46300186778769903,0.9101933571397499,0.0,5.60475283040018e-05
uniform,e254a8,mobile,0.0,0.35489317874087695,1.2319022033381244,0.0,0.00016350555918901244
uniform,a4d2a8,mobile,0.0,0.3685621495793785,1.1345576576543583,0.0,0.00017901897601145723
uniform,e4f360,mobile,0.0,0.3314961159226619,1.4582647521614136,0.0,9.562057754828839e-05
uniform,9073f0,mobile,0.0,0.45473429930691933,0.9191727230327209,0.0,6.68359844940516e-05
uniform,a6c640,mobile,0.0,0.4488880274882585,0.9139636133035377,0.0,5.5481580115401686e-05
uniform,591218,mobile,0.0,0.2812142612914221,1.5158629090930889,0.0,0.00016452780519907864
uniform,dbdbed,poster,0.0,0.390557037677581,1.164314510553294,0.0,2.2077004592016954e-05
uniform,c53dc2,poster,0.0,0.3197496648557488,1.4926920082327113,0.0,7.456009543692216e-05
uniform,f4e7f3,poster,0.0,0.28622487587067014,1.4921439249943709,0.0,1.783675799086758e-05
uniform,becb10,mobile,0.0,0.28257525038809284,1.3954307264577357,0.0,5.9467174119885826e-05
uniform,e86e77,poster,0.0,0.3329798986686685,1.3858867675964839,0.0,0.0003489183531053733
uniform,c0ad6f,poster,0.0,0.3785535269569759,1.1545207353250775,0.0,0.00026624068157614486
uniform,af24f8,poster,0.0,0.4062083426581613,1.0598664968471998,0.0,0.00019615535504119262
uniform,f0773e,poster,0.0,0.46504951650720827,0.9475885767717993,0.0,0.00012983640612827837
uniform,fd395b,poster,0.0,0.4599781811164556,0.8751947342451704,0.0,0.00018552875695732838
uniform,6f5978,poster,0.0,0.36420253888491766,1.2650236461960875,0.0,0.0001490757304710793
uniform,5a19e3,web,0.0,0.2700800116025379,1.7060148169188751,0.0,0.00010307153164296021
uniform,e856d3,poster,0.0,0.3629391425645858,1.272340309188006,0.0,5.9396531242575434e-05
uniform,f29c75,web,0.0,0.2817571491924983,1.660956027843843,0.0,9.691800736576855e-05
uniform,563395,web,0.0,0.2470615706548485,1.8000673581280489,0.0,7.415097137772504e-05
uniform,1d99c7,web,0.0,0.32810689761921713,1.478608261514544,0.0,7.640586797066015e-05
uniform,3a6075,web,0.0,0.22987763398598582,1.810332895941584,0.0,0.00012645422357106728
uniform,3628ee,web,0.0,0.2395927724774316,1.8058881128670325,0.0,6.688068485821294e-05
uniform,c9898c,web,0.0,0.26923012859757195,1.5705525135713965,0.0,6.94058856191005e-05
uniform,e6b882,web,0.0,0.2774996257061403,1.5210560380522304,0.0,8.308408109006314e-05
uniform,7e305e,desktop,0.0,0.2008647676560463,2.1063492045374526,0.0,0.00010738831615120275
uniform,20beb4,desktop,0.0,0.3770675585934754,1.178519722550515,0.0,6.993985172751433e-05
uniform,f06889,desktop,0.0,0.2897313435763942,1.5062633788276383,0.0,0.00011848341232227489
uniform,9fb0eb,desktop,0.0,0.33362230682556854,1.3414013091480155,0.0,7.81372089388967e-05
uniform,188089,web,0.0,0.2775039815131788,1.6289901893854062,0.0,8.308408109006314e-05
uniform,5aa40c,desktop,0.0,0.35497436796843196,1.2701365436746572,0.0,8.733624454148471e-05
uniform,d667b6,desktop,0.0,0.3763941066016272,1.1910751271888262,0.0,6.980315510261064e-05
uniform,890d33,desktop,0.0,0.407204745453433,1.1045042690767226,0.0,0.00011116051578479324
uniform,179165,desktop,0.0,0.37252081532386755,1.1785579330290958,0.0,8.223684210526316e-05
uniform,030bb3,desktop,0.0,0.2586641364183106,1.7269771904620401,0.0,9.211495946941784e-05
uniform,56ea71,mobile,0.0,0.3999985786425524,1.0862254676908898,0.0,4.797543657647284e-05
uniform,bfd9c4,mobile,0.0,0.340817978461021,1.316114646680299,0.0,5.489679402722881e-05
uniform,ad1260,mobile,0.0,0.3069254140461569,1.4539028374001133,0.0,5.2356020942408376e-05
uniform,2c29d4,mobile,0.0,0.36995568175645055,1.1710131759874318,0.0,5.5199823360565245e-05
uniform,203a7b,poster,0.0,0.26452295917874835,1.75071603391221,0.0,2.385496183206107e-05
uniform,3a0d2b,mobile,0.0,0.43062679925473185,0.9239612505207142,0.0,0.00011183180496533214
uniform,23981a,poster,0.0,0.3784809890467278,1.1614924804763143,0.0,0.000275178866263071
uniform,509783,mobile,0.0,0.41582523606613453,1.161684264276943,0.0,4.881382407497803e-05
uniform,72aff7,mobile,0.0,0.2866020800016281,1.497225651124772,0.0,4.665920119447555e-05
uniform,575851,poster,0.0,0.35491477162192325,1.2028776176463891,0.0,2.4985008994603238e-05
uniform,381869,mobile,0.0,0.34770260571644773,1.3244921247543233,0.0,4.76462740613684e-05
uniform,468f66,poster,0.0,0.300208815720358,1.581452058201059,0.0,6.181233774261343e-05
uniform,fe193f,poster,0.0,0.3291160206666486,1.3918926933991163,0.0,4.0723244828147904e-05
uniform,0bce2b,poster,0.0,0.34674295408261135,1.3049062685434365,0.0,9.998000399920016e-05
uniform,0186f0,poster,0.0,0.42581266641597304,1.010254337021252,0.0,4.085634907664651e-05
uniform,caf6d3,poster,0.0,0.3700504747440492,1.2493280041962405,0.0,4.37636761487965e-05
uniform,7f0091,poster,0.0,0.30676221011098137,1.4641390191647248,0.0,0.00019470404984423675
uniform,82e138,poster,0.0,0.29692289691966034,1.4407495645599124,0.0,3.221234377013272e-05
uniform,a0c0ff,poster,0.0,0.3528516427051258,1.270061400038168,0.0,3.1912177687005363e-05
uniform,d6ac76,poster,0.0,0.3801431498396045,1.1312791377891491,0.0,5.047955577990914e-05
uniform,82dad4,web,0.0,0.3069343394410041,1.4985307228833276,0.0,5.219751539826704e-05
uniform,7afd03,mobile,0.0,0.3537956004945399,1.356112723126858,0.0,5.46448087431694e-05
uniform,362dcc,web,0.0,0.3451831882899598,1.3580324858603008,0.0,5.797773654916512e-05
uniform,acfa9a,web,0.0,0.24342461291623652,1.789588235682735,0.0,0.00010395010395010396
uniform,822454,web,0.0,0.21264560039535874,1.953577967035457,0.0,7.763975155279503e-05
uniform,ba46a0,web,0.0,0.22743314254134872,1.8723885516195564,0.0,6.79532481652623e-05
uniform,96db53,web,0.0,0.3084396977004514,1.5349638652434292,0.0,4.067686300032541e-05
uniform,e017a7,web,0.0,0.2684612268681708,1.7853040076332776,0.0,0.0001446340757882557
uniform,be0882,desktop,0.0,0.21533752475717932,1.9296488166122463,0.0,0.00018115942028985507
uniform,e6c62e,web,0.0,0.3297223075883732,1.4403731986438024,0.0,5.876821814762576e-05
uniform,c90ca1,desktop,0.0,0.16523682987224664,2.3220481982511374,0.0,0.00024189646831156264
uniform,4de4af,web,0.0,0.2757225825668447,1.6193607430670172,0.0,6.803646754660499e-05
uniform,8e3198,desktop,0.0,0.3240886473479996,1.3281731001553,0.0,0.00016891891891891893
uniform,6dc873,desktop,0.0,0.300238706417803,1.4532303447331496,0.0,0.00015527950310559007
uniform,9780b8,desktop,0.0,0.2981851105514413,1.4540456676755131,0.0,0.00015460729746444033
uniform,ef9433,desktop,0.0,0.3360741794232213,1.3093603855367466,0.0,0.00015713387806411063
uniform,bb1ef8,desktop,0.0,0.17604867440631697,2.203030480292338,0.0,0.0002248201438848921
uniform,2c6579,desktop,0.0,0.2572663508788654,1.73367874162513,0.0,0.00018608113137327876
uniform,8a1565,desktop,0.0,0.2270780645642843,1.818715318578545,0.0,0.00015082956259426848
uniform,74db3f,mobile,0.0,0.29491263205629226,1.5039133038929409,0.0,0.000333555703802535
uniform,dd173b,mobile,0.0,0.29768700121066655,1.4522767533040237,0.0,0.0002774694783573807
uniform,92159f,mobile,0.0,0.29407768786538296,1.460066054397752,0.0,9.347541596560104e-05
uniform,e348b5,mobile,0.0,0.3062452562263049,1.4416551780822002,0.0,0.00011767474699929395
uniform,18f09a,poster,0.0,0.38654758728661354,1.1272701540343752,0.0,0.000326797385620915
uniform,94d9ed,mobile,0.0,0.39460692919914186,1.0502524535022657,0.0,0.00010440593025683859
uniform,7b3c72,mobile,0.0,0.34167482680669986,1.2788443375434926,0.0,0.00011088933244621867
uniform,aff6c9,mobile,0.0,0.2297593201698924,1.8112596730968988,0.0,0.00013113034356150013
uniform,22651b,mobile,0.0,0.4356345120662337,0.9898411279085415,0.0,8.481764206955047e-05
uniform,150e9a,poster,0.0,0.2837845550765257,1.5052013553044785,0.0,0.00011775788977861517
uniform,287cec,poster,0.0,0.28839931236382166,1.5173960305034246,0.0,0.00016835016835016836
uniform,1f1736,mobile,0.0,0.3159789307885979,1.5330491753890487,0.0,0.00010708931248661383
uniform,7dec89,poster,0.0,0.5170979563279939,0.6932307443949265,0.0,0.0002587991718426501
uniform,74cb9f,poster,0.0,0.2998468366775807,1.5171387498933702,0.0,0.00013873473917869035
uniform,2d86fb,web,0.0,0.2397736186544559,1.950447616220351,0.0,0.0001226993865030675
uniform,6dacc6,poster,0.0,0.1587299847368256,2.4481643236268638,0.0,8.874689385871494e-05
uniform,e64d79,poster,0.0,0.34524753389706375,1.2554229652079478,0.0,9.823182711198428e-05
uniform,e60745,web,0.0,0.20545515864977348,1.9440814792922447,0.0,0.00021285653469561516
uniform,ed1239,web,0.0,0.2595539542718846,1.6715082295977104,0.0,0.00013598041881968996
uniform,aef7af,web,0.0,0.24105817061988594,1.8204384860917533,0.0,0.00014912019087384433
uniform,79dba2,poster,0.0,0.3148248112155812,1.4833793096911891,0.0,0.00010757314974182444
uniform,091b5e,web,0.0,0.28113149589904163,1.5787403183727886,0.0,0.00021312872975277067
uniform,9dd545,poster,0.0,0.3167789921078554,1.3793040487173505,0.0,9.358038555118848e-05
uniform,5fb771,web,0.0,0.30308149153218644,1.4955505009937944,0.0,0.00012572290671360322
uniform,ffb688,web,0.0,0.2706123898455419,1.618043900261027,0.0,0.00011879306248515087
uniform,61707e,web,0.0,0.2881086197890095,1.5310862871789572,0.0,0.00015165301789505612
uniform,d613ea,web,0.0,0.23347129507571326,1.8327361082501197,0.0,0.00014438348252959862
uniform,d4430e,desktop,0.0,0.18505530427746905,2.1855902488705716,0.0,0.00020661157024793388
uniform,82361c,desktop,0.0,0.26767822002150576,1.6182870330978658,0.0,0.00018832391713747646
uniform,9ea1e5,desktop,0.0,0.18428417119666318,2.0549553327977863,0.0,0.00016355904481517829
uniform,6cb077,desktop,0.0,0.2451227114821378,1.888851588266162,0.0,0.00017537706068046299
uniform,312489,desktop,0.0,0.28054804294251945,1.519367268306795,0.0,0.0001263902932254803
uniform,5d4c5e,desktop,0.0,0.28072440995737596,1.4942348986633263,0.0,0.00015873015873015873
uniform,37ad54,desktop,0.0,0.2900087011769531,1.5174754765022556,0.0,0.00019584802193497845
uniform,742a95,desktop,0.0,0.25947299694884085,1.667797867093682,0.0,0.000170590242238144
uniform,2f8185,desktop,0.0,0.2508361387201413,1.7378074215655268,0.0,0.0001349527665317139
uniform,1b307f,mobile,0.0,0.251691727730773,1.6739471322812534,0.0,0.00013034410844629823
uniform,857721,mobile,0.0,0.2941145394782906,1.4702195657184702,0.0,0.00010423181154888472
uniform,0ce287,mobile,0.0,0.33269837285269044,1.3201930677396,0.0,0.0001319609395618897
uniform,5cadcf,mobile,0.0,0.40246137083153777,1.0741720539653064,0.0,8.94134477825465e-05
uniform,fc7118,mobile,0.0,0.3500300627119897,1.321191774726878,0.0,0.00025693730729701953
uniform,dc351a,mobile,0.0,0.38968083455365493,1.0671381315065325,0.0,9.124087591240875e-05
uniform,4288cb,mobile,0.0,0.33563323140231405,1.3076425943648486,0.0,0.00010137875101378751
uniform,d355a9,mobile,0.0,0.28968969811274936,1.5896694485506009,0.0,8.796622097114708e-05
uniform,51582e,poster,0.0,0.3707523646761527,1.1674685092136186,0.0,0.00014854426619132502
uniform,f7d1cb,poster,0.0,0.20576971775268926,2.080089176842612,0.0,0.0006031363088057901
uniform,87b278,poster,0.0,0.23772635401446143,1.7908422635991021,0.0,0.0002209456473707468
uniform,38d067,poster,0.0,0.24339535347886732,1.6494345661417318,0.0,0.00020859407592824363
uniform,d2d386,poster,0.0,0.2783112043059859,1.6010136021503678,0.0,0.00019062142584826535
uniform,83c9ba,poster,0.0,0.3063892122698262,1.3663444029162,0.0,0.00017349063150589867
uniform,35aa58,poster,0.0,0.26268529861456147,1.6720307560894552,0.0,0.00015659254619480113
uniform,eadf4b,mobile,0.0,0.39445643723315665,1.1659879831456914,0.0,0.00010006003602161297
uniform,8f7ad5,web,0.0,0.3017073582679768,1.4891916843826207,0.0,0.00012153621779290228
uniform,5a5935,web,0.0,0.2610176118457873,1.6625482157311382,0.0,0.00013721185510428101
uniform,5845fb,poster,0.0,0.3224399274477392,1.364541965179832,0.0,8.722958827634333e-05
uniform,f9fed0,poster,0.0,0.3327745754013399,1.3096353465498956,0.0,7.44490768314473e-05
uniform,5fe2ce,web,0.0,0.32581107650609376,1.3451589418241943,0.0,0.00012879958784131891
uniform,4cd863,web,0.0,0.35167360727253993,1.240976694222172,0.0,0.00015489467162329616
uniform,14f8a2,web,0.0,0.24509260052172765,1.787043260860271,0.0,0.0001950078003120125
uniform,458458,web,0.0,0.22676802799057544,1.7722718864136477,0.0,0.0001644195988161789
uniform,c74797,desktop,0.0,0.2560006854811645,1.8002231229445567,0.0,0.00011528706479133042
uniform,9faf29,desktop,0.0,0.32971469415143917,1.3418445700767612,0.0,9.742790335151988e-05
uniform,ab09c3,desktop,0.0,0.24194349667407322,1.837406264137428,0.0,0.00011742602160638798
uniform,84dc61,desktop,0.0,0.2506586734221687,1.689961887158094,0.0,8.983111749910169e-05
uniform,e74016,web,0.0,0.28088765250658426,1.5027403921567928,0.0,0.00010519671786240269
uniform,c98506,web,0.0,0.2535569069712969,1.6596054493891073,0.0,7.216048491845865e-05
uniform,8c2c62,desktop,0.0,0.3012882340719317,1.5124182171099085,0.0,8.610297916307904e-05
uniform,1d0e96,desktop,0.0,0.261473419264675,1.5387130945488492,0.0,9.871668311944718e-05
uniform,9378c2,desktop,0.0,0.329316037155623,1.4526735256050176,0.0,9.094216078574027e-05
uniform,22dd48,desktop,0.0,0.27906367807482446,1.5936308466268394,0.0,8.909479686386316e-05
uniform,a7789f,web,0.0,0.23486079834911833,1.6984451469674278,0.0,9.347541596560104e-05
uniform,25c458,mobile,0.0,0.34824058504536237,1.2274007851654516,0.0,0.00013130252100840336
uniform,91b127,mobile,0.0,0.46383865682590386,0.8525449079591864,0.0,0.0001538935056940597
uniform,4d17b7,mobile,0.0,0.4049469815028773,0.99815815537929,0.0,5.08130081300813e-05
uniform,8c6298,mobile,0.0,0.3087450942488697,1.3624896214950297,0.0,5.6427039837490125e-05
uniform,a80be1,mobile,0.0,0.48509525405074055,0.8424780026402852,0.0,5.809900069718801e-05
uniform,09942c,mobile,0.0,0.3124230475162249,1.420483911841219,0.0,5.4686645521163735e-05
uniform,18f66d,mobile,0.0,0.2969640655415142,1.5029788814206786,0.0,6.642752756742394e-05
uniform,c75d3f,mobile,0.0,0.28654395387707476,1.4507203438211604,0.0,5.150922015040692e-05
uniform,417f2b,mobile,0.0,0.37573738845500826,1.183865714056941,0.0,5.0911312493636085e-05
uniform,027990,poster,0.0,0.384255260777003,1.2364521151138963,0.0,7.320644216691069e-05
uniform,00ee0c,poster,0.0,0.39174928253049374,1.1284696798343643,,
uniform,71bf79,poster,0.0,0.33078613047043404,1.3386362432633903,0.0,3.942284948356067e-05
uniform,c65666,poster,0.0,0.3496146074106133,1.4447229255935137,0.0,5.52364118426867e-05
uniform,69b497,poster,0.0,0.3783954450021987,1.1236443450007436,0.0,0.0001547029702970297
uniform,b346f3,poster,0.0,0.40991055636212,1.0203554824439864,0.0,0.00010727311735679038
uniform,4014f1,web,0.0,0.3498558493446661,1.328313424373254,0.0,0.00010371292263015972
uniform,e13179,poster,0.0,0.49903581852385115,0.760586224386409,0.0,8.617718028266115e-05
uniform,5ae7ba,poster,0.0,0.28422672734190446,1.5285644374330865,0.0,3.478502852372339e-05
uniform,d9508a,web,0.0,0.30718910741623473,1.4285602375395738,0.0,5.666364460562103e-05
uniform,94d7be,web,0.0,0.2833211781233944,1.5719379495599017,0.0,6.333924499619965e-05
uniform,54d9cf,poster,0.0,0.311413872938224,1.4757887158850918,0.0,3.381805884342239e-05
uniform,b0a63b,web,0.0,0.32350947056616286,1.452041921662579,0.0,7.280139778683751e-05
uniform,7c76a1,web,0.0,0.3789327777315314,1.1311698526784784,0.0,0.00010139931048468871
uniform,c3ce89,web,0.0,0.24815354742339424,1.775105318780245,0.0,6.757669955399378e-05
uniform,c86562,poster,0.0,0.33727432762506204,1.2376392939568013,0.0,4.470672389127325e-05
uniform,d85242,desktop,0.0,0.2506810546675448,1.6495100967209577,0.0,0.0001541782300339192
uniform,142b9c,web,0.0,0.2398441222042496,1.9302634677839805,0.0,7.182876023559833e-05
uniform,cb0bf5,web,0.0,0.3006356982816952,1.4356541596322232,0.0,6.657789613848202e-05
uniform,8efd51,desktop,0.0,0.20524285983427112,2.080014348536387,0.0,0.00020815986677768527
uniform,de1ea9,web,0.0,0.3582693794655677,1.2557811515680677,0.0,5.629996622002027e-05
uniform,c00ba0,desktop,0.0,0.3205276555329065,1.3634547402314996,0.0,0.00016463615409944023
uniform,11482d,desktop,0.0,0.32141205204281387,1.4581084251035263,0.0,3.1806615776081425e-05
uniform,08d1eb,desktop,0.0,0.27612815227129067,1.600137229781998,0.0,0.00015639662183296842
uniform,1ed970,desktop,0.0,0.23998829260359483,1.9607391463887032,0.0,0.00016202203499675956
uniform,e332da,mobile,0.0,0.33418783203365954,1.304151058453351,0.0,0.0002127659574468085
uniform,325da3,desktop,0.0,0.2569318475040951,1.7133523141000015,0.0,0.00015595757953836556
uniform,7760b5,desktop,0.0,0.20845074996536903,1.925288642410125,0.0,0.00015812776723592663
uniform,c2a57a,desktop,0.0,0.31157119795091437,1.5156169282880259,0.0,7.474958887726118e-05
uniform,15fd54,mobile,0.0,0.32632892975894057,1.2967038183285406,0.0,0.0002320185614849188
uniform,e43ab5,mobile,0.0,0.3149063862002673,1.4045436553469672,0.0,8.589589417625838e-05
uniform,de271c,mobile,0.0,0.34151567425785345,1.2703856684851478,0.0,0.00011384335154826958
uniform,83440d,poster,0.0,0.24712540570426209,1.7864129661508705,0.0,0.0004854368932038835
uniform,b3c403,mobile,0.0,0.24029494486166403,1.9780465452310936,0.0,0.0001366120218579235
uniform,91c8f3,mobile,0.0,0.24396544376354595,1.788436126408496,0.0,9.663703131039814e-05
uniform,7c4cae,mobile,0.0,0.46148939375707043,0.871466371027688,0.0,8.685079034219212e-05
uniform,cfa724,poster,0.0,0.44972064802747036,0.8824731965637849,0.0,0.0001448016217781639
uniform,013aca,poster,0.0,0.3110385125467805,1.4065147938607194,0.0,0.00024366471734892786
uniform,22eaed,poster,0.0,0.26098900332400493,1.6851532091592787,0.0,0.0001876172607879925
uniform,317639,mobile,0.0,0.4610453039245311,0.857776282679493,0.0,8.689607229753215e-05
uniform,a7f467,poster,0.0,0.2887044756315872,1.549898856985803,0.0,0.0003367003367003367
uniform,5b9261,mobile,0.0,0.21633983043405514,1.7945966766990957,0.0,0.00011101243339253997
uniform,230d6a,poster,0.0,0.26926714805941165,1.5647621944365706,0.0,9.317927692881103e-05
uniform,b68951,web,0.0,0.2892364108166123,1.6015486019736693,0.0,0.0001877581674802854
uniform,343781,poster,0.0,0.35726552790862265,1.2700011565102454,0.0,8.983111749910169e-05
uniform,1408dc,web,0.0,0.2513700319330631,1.7638715085880892,0.0,0.00014438348252959862
uniform,aed588,web,0.0,0.27120487069005444,1.6887731074480574,0.0,0.00012224938875305622
uniform,55d16d,web,0.0,0.2985588842959266,1.4714319717265427,0.0,0.00010364842454394693
uniform,3a1d22,web,0.0,0.20331050029491632,2.0558446034719786,0.0,0.00013178703215603585
uniform,e2f692,web,0.0,0.26086324352594376,1.6423249399271835,0.0,0.00010857763300760044
uniform,cc25e1,web,0.0,0.26370502854751815,1.7178519921342723,0.0,0.00011355893708834885
uniform,e471e8,web,0.0,0.2000485636213245,2.205374454548079,0.0,0.0001822821728034998
uniform,bdeb92,web,0.0,0.20608199915878372,1.8640146748477449,0.0,9.0711175616836e-05
uniform,83b5c8,desktop,0.0,0.2717673283228511,1.6597442708132046,0.0,0.00012195121951219512
uniform,3304d5,desktop,0.0,0.3015187147042138,1.45874763952868,0.0,0.00013815971262779773
uniform,38ad0c,desktop,0.0,0.2586913145340143,1.8070012829755326,0.0,0.0001287664177182591
uniform,93527f,desktop,0.0,0.23477485124363706,1.8530790639265975,0.0,0.0001365747063643813
uniform,286b3f,desktop,0.0,0.26136700328532403,1.7195278368204385,0.0,0.00011322463768115942
uniform,2a4b2d,desktop,0.0,0.2530701739296493,1.6338196892426644,0.0,9.104151493080845e-05
uniform,0136d8,desktop,0.0,0.3119342117720103,1.5128236968208617,0.0,0.00011106175033318525
uniform,832f18,desktop,0.0,0.25463553345059553,1.7163630149428393,0.0,0.00012619888944977284
uniform,698985,desktop,0.0,0.392114494023536,1.1209595592454522,0.0,0.00010869565217391305
uniform,dd0f11,mobile,0.0,0.36602234059227445,1.2119009514376415,0.0,6.076810889645114e-05
uniform,fb692e,mobile,0.0,0.5358342908277686,0.667121504282918,0.0,5.72475383558507e-05
uniform,489252,mobile,0.0,0.4294865850367077,0.9739804726504155,0.0,6.797172376291462e-05
uniform,3bdf30,mobile,0.0,0.3377355870344986,1.3286711665322835,0.0,6.235969069593415e-05
uniform,2ab326,mobile,0.0,0.5144390369878649,0.7274692405286978,0.0,5.9772863120143455e-05
uniform,763161,mobile,0.0,0.3623277603675962,1.2718877598567182,0.0,0.0002405002405002405
uniform,6fd016,poster,0.0,0.28595718020185673,1.6842616923635187,0.0,0.0002586652871184687
uniform,d95bad,poster,0.0,0.3311352730000769,1.3300383612580335,0.0,0.00016578249336870026
uniform,1de187,poster,0.0,0.29127219546297667,1.66447522065346,0.0,9.960159362549801e-05
uniform,aac709,mobile,0.0,0.3660515467076642,1.1779028499264608,0.0,7.598784194528876e-05
uniform,356da5,mobile,0.0,0.36633798902881637,1.2058201112459697,0.0,6.36213258684311e-05
uniform,5bf483,poster,0.0,0.2678524525196023,1.791567913702621,0.0,0.00012281994595922377
uniform,5bdff0,mobile,0.0,0.2621479056238261,1.7742433956064483,0.0,0.00010296540362438221
uniform,493d3c,poster,0.0,0.3007053960415983,1.4584920571208135,0.0,5.3856096510124945e-05
uniform,324a81,poster,0.0,0.2629260313902862,1.6606520939799962,0.0,0.00010817827780181739
uniform,e85138,poster,0.0,0.3528015903148397,1.2907983901262243,0.0,0.000143143429716576
uniform,c6c2cd,web,0.0,0.20528399733392785,1.9006009204539218,0.0,7.818608287724784e-05
uniform,25265d,web,0.0,0.23920434792485845,1.8368817835048847,0.0,7.34322220590395e-05
uniform,b908c7,web,0.0,0.20508119354829404,1.9675614954939746,0.0,9.33009889904833e-05
uniform,d4dac4,web,0.0,0.27286184870212304,1.6263739652083697,0.0,0.00018456995201181247
uniform,215977,web,0.0,0.2476083211113964,1.7398443326217323,0.0,9.674922600619196e-05
uniform,0cee4a,poster,0.0,0.3050643807562522,1.6324345518034309,0.0,5.0895765472312706e-05
uniform,9952f0,poster,0.0,0.3014422964010285,1.4463262497603113,0.0,2.9815146094215862e-05
uniform,e73aab,poster,0.0,0.24812206433434625,1.7173784344761818,0.0,5.413012882970661e-05
uniform,761c36,web,0.0,0.29735697370275305,1.5249343035074596,0.0,9.243852837862822e-05
uniform,28867f,web,0.0,0.30671223051774454,1.54495437686034,0.0,0.0001549426712116517
uniform,1f192b,web,0.0,0.288607546814282,1.5099185029789757,0.0,7.971938775510203e-05
uniform,8daca7,desktop,0.0,0.3658455728958228,1.2029766867672356,0.0,8.095854922279793e-05
uniform,51f8bb,desktop,0.0,0.31483817114037266,1.5868974310822075,0.0,6.855889208830385e-05
uniform,538c08,web,0.0,0.25780875138283554,1.6867388700801218,0.0,0.00010566356720202873
uniform,d0bb76,desktop,0.0,0.35380240226347176,1.2874995060785868,0.0,8.333333333333333e-05
uniform,3766a5,desktop,0.0,0.37221119046066553,1.2207882384614217,0.0,7.8125e-05
uniform,685482,desktop,0.0,0.25952136678025545,1.688771350877262,0.0,9.18105031215571e-05
uniform,4f2d13,desktop,0.0,0.41274601226258234,1.0628466384240314,0.0,8.506294658046955e-05
uniform,b9bf42,desktop,0.0,0.26921008858138756,1.5768131112582506,0.0,8.10898475510866e-05
uniform,286cb0,desktop,0.0,0.3632581686805715,1.22205258175983,0.0,0.00010570824524312896
uniform,02f37c,mobile,0.0,0.4039794625246629,1.0476487457563768,0.0,0.00011304544426859598
uniform,d1e7bf,desktop,0.0,0.360774261362436,1.2901328650708894,0.0,8.520790729379687e-05
uniform,1fac04,poster,0.0,0.2656304788581948,1.6551264363934222,0.0,3.0547409579667644e-05
uniform,4b3eb7,mobile,0.0,0.39904984730855486,1.1315650433352087,0.0,5.172770535899027e-05
uniform,862bf5,mobile,0.0,0.333004923686828,1.2876040256346073,0.0,4.7582794061667303e-05
uniform,dc705a,mobile,0.0,0.30706088013749905,1.382986895826725,0.0,5.359631257369493e-05
uniform,ee0caf,mobile,0.0,0.3921527426165693,1.0753976193297197,0.0,4.212299915754002e-05
uniform,fe5ed4,mobile,0.0,0.3575979516849821,1.2669062929674313,0.0,5.707111060381235e-05
uniform,1193c7,mobile,0.0,0.39922943589045584,1.104787764550208,0.0,5.0968399592252805e-05
uniform,4e3225,mobile,0.0,0.27520325904591064,1.578954703148736,0.0,5.894836123555765e-05
uniform,5ee443,poster,0.0,0.37861746673205654,1.112708010230826,0.0,0.00012843565373747752
uniform,9fce53,poster,0.0,0.3955005886951756,1.1160320781884705,0.0,0.00015188335358444713
uniform,d738b4,poster,0.0,0.3222843919469933,1.6527706845987409,0.0,6.046680372475511e-05
uniform,d328b1,poster,0.0,0.43186400404831937,0.9656701074938038,0.0,6.535947712418301e-05
uniform,fac314,poster,0.0,0.2655655285178836,1.6590475583669204,0.0,4.1851510839541305e-05
uniform,2ab8bb,mobile,0.0,0.3652739381898535,1.1636729666929764,0.0,4.571637560574198e-05
uniform,ba6d0c,poster,0.0,0.45945272394942205,0.833388580653239,0.0,0.00013702384214853386
uniform,170ea3,poster,0.0,0.42926677571966176,0.9954115321695486,0.0,9.228497600590623e-05
uniform,a52e34,web,0.0,0.33436004359135485,1.432535738580867,0.0,5.913660555884092e-05
uniform,781596,poster,0.0,0.5146134113736106,0.7636144461978821,0.0,3.2875271220987576e-05
uniform,fc8a69,web,0.0,0.26787769867573025,1.713342824814684,0.0,7.589556769884639e-05
uniform,5d7115,web,0.0,0.27151074085940474,1.617126617749952,0.0,6.633059166887768e-05
uniform,80126c,web,0.0,0.3131881666689505,1.3449587005582562,0.0,7.003782042302843e-05
uniform,fe0708,web,0.0,0.296178819164797,1.5674441251807392,0.0,7.541478129713424e-05
uniform,59cb6e,web,0.0,0.3151980213317615,1.4787666698700004,0.0,5.4182921543129604e-05
uniform,30bf75,desktop,0.0,0.265575485219028,1.611490837393446,0.0,0.0001335826876836762
uniform,0b2a15,web,0.0,0.4541983586309385,0.9033064109184601,0.0,6.002400960384154e-05
uniform,6193f8,web,0.0,0.4083473120692466,1.1023998298953588,0.0,5.60475283040018e-05
uniform,c46c50,desktop,0.0,0.268479503353292,1.5330177232893067,0.0,0.00016175994823681658
uniform,a1379e,desktop,0.0,0.2296796135253899,1.8966844424419778,0.0,0.0001335826876836762
uniform,82dca6,desktop,0.0,0.30141797031711015,1.4732833761582804,0.0,0.00014912019087384433
uniform,0e1c44,desktop,0.0,0.2848684039490464,1.5469478118814466,0.0,0.00014645577035735208
uniform,f0acf8,web,0.0,0.25965188394738276,1.727151196924269,0.0,4.457917261055635e-05
uniform,c58003,desktop,0.0,0.21567316904646658,1.88615018988873,0.0,0.00013048016701461377
uniform,163ce0,desktop,0.0,0.2362434377626607,1.8937560490403245,0.0,0.00016711229946524063
uniform,8ef737,desktop,0.0,0.18376513706693498,1.9524817041844105,0.0,0.00018484288354898336
uniform,fd0093,desktop,0.0,0.2690646602480261,1.628500526607494,0.0,0.00013440860215053763
uniform,755429,mobile,0.0,0.26816060431078076,1.5544112931145262,0.0,0.00010752688172043011
uniform,0a588b,mobile,0.0,0.4372232383673832,0.933370058362035,0.0,7.44158356898348e-05
uniform,8f38c9,mobile,0.0,0.37594327468128397,1.1600911727521592,0.0,9.358038555118848e-05
uniform,c6e9bb,mobile,0.0,0.4638377360763999,0.9448602766959424,0.0,8.911067545891998e-05
uniform,fe430b,mobile,0.0,0.49399448289482184,0.7900310769946954,0.0,8.059316569954868e-05
uniform,fd7302,poster,0.0,0.3654088305054692,1.1910188044452763,0.0,0.0003937007874015748
uniform,2d170d,mobile,0.0,0.3154473048848618,1.4115591680186301,0.0,8.729050279329609e-05
uniform,fff715,poster,0.0,0.34264738065978495,1.2823124464511721,0.0,0.0001781895937277263
uniform,576a9f,poster,0.0,0.28533060140062455,1.570724944053247,0.0,0.00025839793281653745
uniform,472a87,mobile,0.0,0.3836039786830702,1.165821174611561,0.0,8.632596685082873e-05
uniform,4f357d,poster,0.0,0.2872432389187708,1.4981101410087247,0.0,0.00015625
uniform,ec53c3,poster,0.0,0.2600628215822242,1.5340864410778428,0.0,0.000663129973474801
uniform,44efc4,mobile,0.0,0.2570217923795545,1.8211427626985421,0.0,0.00011057054400707652
uniform,f8ecb9,mobile,0.0,0.3114215866557248,1.3872355297118764,0.0,9.904912836767037e-05
uniform,586b04,desktop,0.0,0.3947624433611769,1.0848266181560196,0.0,2.8538812785388127e-05
uniform,ea0f94,poster,0.0,0.4442313883216552,0.984888758993645,0.0,0.0002387774594078319
uniform,a0d2e5,poster,0.0,0.3220452839661417,1.4367969935868876,0.0,0.00012456402590931738
uniform,ff6a33,web,0.0,0.2919146528412048,1.4521175520259315,0.0,9.398496240601504e-05
uniform,719c30,poster,0.0,0.32446114536715326,1.3524103000167835,0.0,8.084074373484237e-05
uniform,949fd0,web,0.0,0.22077779883463025,1.7740272390468597,0.0,0.00011042402826855124
uniform,5009b5,web,0.0,0.24726682573221162,1.7024376882314245,0.0,0.00011465260261407934
uniform,eb1040,web,0.0,0.30912035899585544,1.4791732005809934,0.0,0.0001529987760097919
uniform,cfade5,poster,0.0,0.40237937620681785,1.0790663116392227,0.0,2.2406453058480843e-05
uniform,dde134,web,0.0,0.24145839803804936,1.7475086442018901,0.0,0.00011814744801512288
uniform,366c6f,poster,0.0,0.2526689569007991,1.5513731326179854,0.0,9.19793966151582e-05
uniform,c83c32,web,0.0,0.16240252428912177,2.2708481041744086,0.0,0.0006067961165048543
uniform,e711e6,desktop,0.0,0.25592816562307336,1.6559234095333433,0.0,0.0001224889759921607
uniform,574bac,web,0.0,0.23753351971908596,1.7906596723223727,0.0,0.00010364842454394693
uniform,0db596,desktop,0.0,0.2869960762207392,1.6353806108765987,0.0,0.00011008366358432408
uniform,ab87f5,web,0.0,0.19815539880159966,2.007526659986144,0.0,0.000125250501002004
uniform,36602c,desktop,0.0,0.3738766734758329,1.1666220667585296,0.0,0.00013480722566729578
uniform,18177f,desktop,0.0,0.3393343554015824,1.3469165211426024,0.0,0.00010590976488032197
uniform,f50ab7,desktop,0.0,0.2789190627203463,1.6231555403602749,0.0,0.00011462631820265933
uniform,e9ec93,desktop,0.0,0.21802200891229917,2.007768687390639,0.0,0.00011386927806877705
uniform,3bc419,desktop,0.0,0.32223645589768446,1.4386945945467011,0.0,0.00011899095668729176
uniform,92c389,desktop,0.0,0.3437519549490992,1.2968220456247912,0.0,0.00010984182776801405
uniform,9dd93b,desktop,0.0,0.22179691202919827,1.950807744081783,0.0,0.00014912019087384433
uniform,02a592,web,0.0,0.24690887615198284,1.7705759689089098,0.0,6.59108884787767e-05
uniform,217ab4,mobile,0.0,0.4194268561278135,1.0359991702097424,0.0,0.00020458265139116204
uniform,62f428,mobile,0.0,0.288779569971063,1.477490227717174,0.0,0.00029171528588098014
uniform,d1da7d,mobile,0.0,0.2710869960382979,1.5031001117883267,0.0,0.00015051173991571343
uniform,6628d7,mobile,0.0,0.3538700191183301,1.3709339691528313,0.0,7.609191903819814e-05
uniform,423c3e,poster,0.0,0.29431805918283016,1.5357333214926236,0.0,6.788866259334691e-05
uniform,804d56,mobile,0.0,0.3477624437739416,1.2083852738544245,0.0,5.9822924144532185e-05
uniform,37446a,mobile,0.0,0.5264310728328991,0.7065189181734356,0.0,6.187353050365054e-05
uniform,55ce87,mobile,0.0,0.33498469800478925,1.343211074861286,0.0,6.619886137958427e-05
uniform,8b41ed,mobile,0.0,0.2884084595061685,1.5082343836960834,0.0,6.882312456985548e-05
uniform,5300d8,mobile,0.0,0.4052897639571934,1.1202062610331807,0.0,7.849293563579278e-05
uniform,5dd542,poster,0.0,0.3962546939917835,1.054074200233703,0.0,0.00027839643652561246
uniform,ceea7c,poster,0.0,0.41370844998444006,0.9965023780930881,0.0,0.0002847380410022779
uniform,63508a,web,0.0,0.34579306442392,1.2970782123993185,0.0,9.235315847801995e-05
uniform,809460,poster,0.0,0.30616584756731136,1.4216030633722543,0.0,4.664179104477612e-05
uniform,14e331,web,0.0,0.2819578151837331,1.631309040228337,0.0,9.712509712509713e-05
uniform,b66ff3,web,0.0,0.2412674060891128,1.7161172543037744,0.0,0.00010006003602161297
uniform,f2e048,web,0.0,0.3089643868515106,1.3996625242586078,0.0,0.00010590976488032197
uniform,e9a4e4,web,0.0,0.32853590613801886,1.3917325555735063,0.0,0.0001210946960523129
uniform,eabfe2,web,0.0,0.3002114109735189,1.5005566434299153,0.0,8.35282325425994e-05
uniform,51f811,web,0.0,0.3316899010604185,1.2784558740434877,0.0,0.00012623074981065388
uniform,3fdde1,web,0.0,0.3025672191295799,1.482125262504372,0.0,8.493290300662476e-05
uniform,edcc83,poster,0.0,0.31756460224293737,1.403222839814474,0.0,4.633061527057079e-05
uniform,d4ab0e,web,0.0,0.22511147500832976,1.9255954998348903,0.0,7.652280379553107e-05
uniform,299635,poster,0.0,0.3669373609427778,1.250698558275272,0.0,4.0433446546983666e-05
uniform,2a8ea5,desktop,0.0,0.47661090157202535,0.8130658072677811,0.0,9.792401096748923e-05
uniform,4f9082,desktop,0.0,0.21961058115504029,1.918160546992643,0.0,0.000140805406927626
uniform,647100,poster,0.0,0.3439818528731769,1.3355249982071118,0.0,3.2733224222585926e-05
uniform,35c062,desktop,0.0,0.28565050788225854,1.639872370614356,0.0,0.00011798017932987259
uniform,a25cde,desktop,0.0,0.3253296622415124,1.4846937315958788,0.0,0.00011887779362815027
uniform,229d89,desktop,0.0,0.29077431069157117,1.558406309194055,0.0,0.00012077294685990338
uniform,3f177a,desktop,0.0,0.267001754011168,1.6033375995082348,0.0,9.164222873900293e-05
uniform,853933,desktop,0.0,0.3621744897791595,1.2586854526612354,0.0,0.00010986596352450011
uniform,3664a3,mobile,0.0,0.3730761323839771,1.1969151563661184,0.0,0.00017998560115190784
uniform,e7be99,desktop,0.0,0.2484040807234582,1.7417204821296872,0.0,0.00011823126034523528
uniform,d60e75,desktop,0.0,0.33074325750606126,1.5618609151976255,0.0,8.865248226950355e-05
uniform,08d885,mobile,0.0,0.4179799546060651,1.0694168300348625,0.0,0.00018221574344023323
uniform,529401,mobile,0.0,0.3203247845441298,1.4081201392400584,0.0,6.88041832943443e-05
uniform,3578cd,mobile,0.0,0.29810675061076186,1.4641906531071178,0.0,7.901390644753477e-05
uniform,8a530f,mobile,0.0,0.3862433651188449,1.146064122120307,0.0,5.55247084952804e-05
uniform,9c07ef,mobile,0.0,0.45933366732368847,0.8716690937235192,0.0,6.553938917289291e-05
uniform,1f0773,mobile,0.0,0.391096013162643,1.0999657029770638,0.0,6.747638326585695e-05
uniform,5e2ff9,mobile,0.0,0.1900051808797461,2.019522719812286,0.0,7.642922653622745e-05
uniform,a2744a,poster,0.0,0.31702547554211175,1.3855804586635845,0.0,2.5708262635611086e-05
uniform,848e55,poster,0.0,0.4382784819237149,0.9692080459991348,0.0,9.641342074816814e-05
uniform,f14f17,poster,0.0,0.2992206031953004,1.5082523307368234,0.0,7.590708972218005e-05
uniform,33fdee,poster,0.0,0.4724234925858888,0.8261443510018938,0.0,0.00024342745861733204
uniform,274fcc,poster,0.0,0.3651633504418449,1.216023993506934,0.0,0.00014124293785310735
uniform,c7cfb6,poster,0.0,0.3298772710595341,1.3682921947074898,0.0,9.540164090822362e-05
uniform,94b1bc,mobile,0.0,0.31649381756078804,1.3513434352811147,0.0,6.188884762965714e-05
uniform,dd0d82,poster,0.0,0.2773426276289484,1.6409963440257305,0.0,0.00019004180919802356
uniform,8e8767,poster,0.0,0.34355333588480835,1.2142305720202682,0.0,5.310674455655868e-05
uniform,a18b8d,poster,0.0,0.251754775343801,1.773717025711434,0.0,9.043226623259179e-05
uniform,cdbd16,poster,0.0,0.32213262439887236,1.4676973911701248,0.0,0.0001038637307852098
uniform,2c9ce5,web,0.0,0.2661299281465206,1.7898626530874377,0.0,0.000149655791679138
uniform,83575e,web,0.0,0.2977224477594821,1.554893063521897,0.0,7.799095304944626e-05
uniform,c0422a,web,0.0,0.28285809443643556,1.5479069304980286,0.0,0.00012077294685990338
uniform,d8cbc3,web,0.0,0.34470646660514237,1.2763824083472524,0.0,7.369196757553427e-05
uniform,28a531,web,0.0,0.2480791478393341,1.8724630086394685,0.0,7.18803910293272e-05
uniform,8fd96b,web,0.0,0.29542023842647325,1.4893695113911445,0.0,6.432522835456066e-05
uniform,182715,desktop,0.0,0.278778530249408,1.5970836194458944,0.0,0.00012260912211868564
uniform,ba9073,web,0.0,0.3076141584850683,1.436173267759135,0.0,9.600614439324117e-05
uniform,faa31c,desktop,0.0,0.32197023877192316,1.3733356869888742,0.0,9.600614439324117e-05
uniform,aac976,desktop,0.0,0.2791761753806328,1.4721058330975285,0.0,0.00011160714285714285
uniform,bef09c,desktop,0.0,0.33017634408324203,1.3534907506390614,0.0,9.47867298578199e-05
uniform,49046b,desktop,0.0,0.2866934051570467,1.6345489542785836,0.0,0.0001072041166380789
uniform,52a3d2,web,0.0,0.23571160561389695,1.8084697924109419,0.0,5.0413389796329905e-05
uniform,cd6b02,desktop,0.0,0.3484803119594452,1.3278739993933626,0.0,0.0001128668171557562
uniform,1411d0,desktop,0.0,0.28823803476196913,1.5742554162525955,0.0,0.0001478852410529429
uniform,38a100,web,0.0,0.2518366810167618,1.665277221395877,0.0,4.943642475776152e-05
uniform,9b3421,poster,0.0,0.3220847132907347,1.3507252174311204,0.0,2.4264777249344852e-05
uniform,ba648d,desktop,0.0,0.20178966338537735,1.9907246194660488,0.0,0.000143184421534937
uniform,37123f,desktop,0.0,0.25230135833148626,1.9056196023731076,0.0,0.00014208581983518045
uniform,f4ff84,mobile,0.0,0.33182265980448983,1.2945388232289547,0.0,0.00023062730627306272
uniform,51f12a,mobile,0.0,0.3021426192988382,1.4225081679774245,0.0,0.0002757859900717044
uniform,ea3c8c,poster,0.0,0.3264569441827943,1.334753114601776,0.0,4.0006401024163864e-05
uniform,0c5a84,mobile,0.0,0.3735512992244432,1.189054654606616,0.0,6.53851183470642e-05
uniform,756eac,mobile,0.0,0.3102658782031051,1.5429959935006639,0.0,5.630630630630631e-05
uniform,14a621,mobile,0.0,0.2587029308706998,1.7028714582385227,0.0,7.527853056308341e-05
uniform,87b0c1,mobile,0.0,0.3008610543693767,1.4075616029484614,0.0,8.007687379884689e-05
uniform,fd4c35,mobile,0.0,0.2965087496365873,1.4233198254077113,0.0,6.999860002799944e-05
uniform,13a206,mobile,0.0,0.27731111312395373,1.5240692979763737,0.0,7.599939200486396e-05
uniform,34a3b6,mobile,0.0,0.27128737726881463,1.6354849838261634,0.0,6.528267397832615e-05
uniform,bb3926,poster,0.0,0.457266585971657,0.9316063779624841,0.0,0.00012162490878131841
uniform,3ec6d5,poster,0.0,0.3387682197879106,1.2815070281470453,0.0,9.731413001167769e-05
uniform,1356d2,poster,0.0,0.4186486059226473,1.0751962378349538,0.0,0.00018109380659181456
uniform,b3b208,poster,0.0,0.274760749421811,1.7579933740790021,0.0,0.0002685284640171858
uniform,a19d22,web,0.0,0.39676235633999357,1.0731969893859787,0.0,9.626492106276473e-05
uniform,ce5b5c,poster,0.0,0.4608852130491513,0.8917831422453193,0.0,0.00020128824476650564
uniform,92510f,web,0.0,0.3128701543147628,1.3734818049971105,0.0,9.46969696969697e-05
uniform,42c4ea,web,0.0,0.3516835323676156,1.2469322705096166,0.0,9.710623422023694e-05
uniform,ca623d,poster,0.0,0.2583133625315144,1.7876003469873725,0.0,6.50702758979698e-05
uniform,20eedb,web,0.0,0.2939966236115713,1.4158852037995069,0.0,9.221689413500554e-05
uniform,d34e08,web,0.0,0.34777619566651147,1.1990199866415474,0.0,0.00011566042100393245
uniform,8d98e4,web,0.0,0.32793005249931234,1.4365656718111761,0.0,8.598452278589854e-05
uniform,0a22ef,web,0.0,0.2570473267308275,1.622905415217525,0.0,9.19963201471941e-05
uniform,f3411a,web,0.0,0.271003467822642,1.628132499465033,0.0,5.684402000909504e-05
uniform,6428b2,web,0.0,0.267396645054061,1.6759193359314999,0.0,8.533879501621438e-05
uniform,1a3e47,desktop,0.0,0.2433503476643662,1.833441143187302,0.0,0.00012635835228708617
uniform,ab32c7,poster,0.0,0.21272395774603953,2.036012852877251,0.0,4.069672798307016e-05
uniform,9e6898,desktop,0.0,0.21322938583905368,2.162092178601463,0.0,0.00013679890560875513
uniform,669937,desktop,0.0,0.2372376116491785,1.8343162592791937,0.0,0.00011294330246216399
uniform,fcb925,desktop,0.0,0.2354278160624355,1.8905426575397113,0.0,0.0001256281407035176
uniform,037d19,desktop,0.0,0.336646627053771,1.325035700866294,0.0,0.00017556179775280898
uniform,f21c0c,desktop,0.0,0.252152331831485,1.8055405121215529,0.0,0.0001483679525222552
uniform,af0d52,mobile,0.0,0.26991422759479133,1.605423510275955,0.0,0.0001939487975174554
uniform,658f2d,mobile,0.0,0.2606298541965675,1.683020721271675,0.0,0.00022192632046160674
uniform,592d83,desktop,0.0,0.3701832578044984,1.1999306679862216,0.0,0.00010909884355225835
uniform,111cd2,desktop,0.0,0.27646180334604936,1.6109381896223331,0.0,0.00015151515151515152
uniform,834258,desktop,0.0,0.23374403575093725,1.784278660815776,0.0,0.0001818181818181818
uniform,ebe076,mobile,0.0,0.30478456513327745,1.4122439940799194,0.0,0.00018691588785046728
uniform,0be8eb,mobile,0.0,0.31270839212553747,1.484937205299435,0.0,0.0002063557573256294
uniform,0939f7,poster,0.0,0.2847315911960745,1.60073847403768,0.0,3.4770514603616136e-05
uniform,28d46f,poster,0.0,0.4386495432700034,0.9645177975331715,0.0,0.00022977941176470588
uniform,16a5c4,mobile,0.0,0.32952387044288994,1.314445750774426,0.0,0.0001820830298616169
uniform,c62001,poster,0.0,0.3190116284712551,1.4218036617222038,0.0,0.00013986013986013986
uniform,520b4a,poster,0.0,0.4702737990244834,0.8947292574283225,0.0,8.393486654356219e-05
uniform,2ad4e3,poster,0.0,0.2501622572757112,1.7176227335743726,0.0,0.00023452157598499062
uniform,018c0a,poster,0.0,0.3272524158092672,1.3817645432308066,0.0,0.00014624159110851126
uniform,510db4,poster,0.0,0.27775295152510165,1.5155451642081617,0.0,0.00017088174982911826
uniform,b264ce,mobile,0.0,0.3049773830351521,1.3501237940604471,0.0,7.245326764237067e-05
uniform,94e7b4,mobile,0.0,0.3992896866849551,1.1150138862438805,0.0,7.006726457399103e-05
uniform,3a2d21,mobile,0.0,0.4430089755830605,1.018871368908697,0.0,8.628127696289905e-05
uniform,60b012,mobile,0.0,0.37539436002559234,1.1390398247038453,0.0,6.120700208103807e-05
uniform,2ad31e,poster,0.0,0.3430676647056668,1.3198516378097624,0.0,0.00010264832683227263
uniform,60593d,web,0.0,0.3304755607608828,1.3884420173836742,0.0,0.00011165698972755694
uniform,96c596,web,0.0,0.24926140976424166,1.8069080546487002,0.0,7.907638779060572e-05
uniform,1ba5bc,web,0.0,0.2626761348291684,1.5843160916174637,0.0,0.00012578616352201257
uniform,348c74,web,0.0,0.3277091106008668,1.3774293746140183,0.0,0.00011901928112354201
uniform,af1e2d,web,0.0,0.32642865179099334,1.3510515896217032,0.0,0.00013419216317767042
uniform,1102e9,poster,0.0,0.360582554069194,1.1739204728250248,0.0,0.00010070493454179255
uniform,9da4ef,poster,0.0,0.34810840337905924,1.2401196703363149,0.0,5.280388636603654e-05
uniform,d88d22,web,0.0,0.4063288729730762,1.0873371009183996,0.0,0.00011001100110011001
uniform,ad5e9d,web,0.0,0.3543281143610002,1.3449469014873239,0.0,0.00014277555682467162
uniform,b0afe4,poster,0.0,0.40588363331136923,1.0367874816551852,0.0,5.495713343591998e-05
uniform,972cc2,desktop,0.0,0.2821229103526328,1.5830062057160283,0.0,0.00011001100110011001
uniform,cb662e,web,0.0,0.27652574862404655,1.5751722446318226,0.0,0.00012033694344163658
uniform,51e1ce,desktop,0.0,0.39222861239002627,1.1379853669949378,0.0,6.901311249137337e-05
uniform,3a8c09,desktop,0.0,0.29776511148452695,1.5272543440518178,0.0,7.700600646850454e-05
uniform,256ef1,desktop,0.0,0.25485173578535836,1.7407241725275915,0.0,8.976660682226212e-05
uniform,fd129e,web,0.0,0.2867584954125582,1.5872368861946111,0.0,7.687576875768758e-05
uniform,88927a,desktop,0.0,0.37075248536916866,1.1993291347795774,0.0,7.272727272727273e-05
uniform,210e46,desktop,0.0,0.3758789923502298,1.2794418074921947,0.0,6.808278867102397e-05
uniform,4cdee3,desktop,0.0,0.32076752870203373,1.3864258479058365,0.0,8.322237017310254e-05
uniform,8160e7,desktop,0.0,0.38654470612234504,1.2329682952360537,0.0,7.348618459729571e-05
uniform,da36d4,mobile,0.0,0.39536185558359493,1.0648257311135694,0.0,0.00014068655036578504
uniform,9ec0f6,mobile,0.0,0.29216820934005344,1.4854956648099742,0.0,0.00015220700152207003
uniform,42962f,desktop,0.0,0.262937342688105,1.7997735269440338,0.0,4.887585532746823e-05
uniform,69ba30,mobile,0.0,0.320165266614269,1.3840180542989848,0.0,0.00012068549360366884
uniform,c08f50,poster,0.0,0.43301297132534255,0.9754390270362319,0.0,0.0001337971635001338
uniform,2d23e1,poster,0.0,0.4008109663031271,1.058456717549103,0.0,4.915937469275391e-05
uniform,b32f2b,mobile,0.0,0.37416058653274753,1.1857630573786158,0.0,5.13821806597472e-05
uniform,52658e,mobile,0.0,0.3672900806938799,1.2258298358627877,0.0,4.514672686230248e-05
uniform,964429,mobile,0.0,0.3734176434128551,1.3267651342227518,0.0,5.526693931690063e-05
uniform,7ee34f,mobile,0.0,0.35039122656632626,1.2791695765193842,0.0,3.992653517527749e-05
uniform,906624,mobile,0.0,0.39242618051349265,1.2356700743119606,0.0,3.9541320680110714e-05
uniform,93016d,poster,0.0,0.2883111346059313,1.6306115011334774,0.0,0.00013513513513513514
uniform,2089d4,poster,0.0,0.3459245384202789,1.2934935535770844,0.0,6.519754857217368e-05
uniform,6c392e,mobile,0.0,0.36305204406278613,1.2449742206562981,0.0,3.9191095783038095e-05
uniform,b11c7a,web,0.0,0.342108690849773,1.3502478662349022,0.0,5.446029844243546e-05
uniform,a4eeef,web,0.0,0.3778468698538816,1.175627127187576,0.0,5.220841599665866e-05
uniform,6a7b1c,poster,0.0,0.42653233290187115,0.9878588781049397,0.0,2.8776978417266186e-05
uniform,fec2d4,web,0.0,0.3649867877309904,1.2859727705954191,0.0,5.757052389176742e-05
uniform,68d170,poster,0.0,0.21893221967145848,1.8580025145783787,0.0,3.471498993265292e-05
uniform,98ae63,poster,0.0,0.3086863183977071,1.3671566563725077,0.0,4.1816509157815506e-05
uniform,689a18,web,0.0,0.21525360655170994,1.8809070619210844,0.0,7.148984844152131e-05
uniform,8869c8,poster,0.0,0.3384209678406278,1.228080529836368,0.0,3.89529448426301e-05
uniform,65b50e,web,0.0,0.3919277077149862,1.0933066094866706,0.0,5.061753391374772e-05
uniform,d0e249,web,0.0,0.33346052513794305,1.3323836763653696,0.0,6.0916179337231965e-05
uniform,9609c8,web,0.0,0.32157175118543313,1.3593053406667766,0.0,5.394325169921243e-05
uniform,5c0bcf,desktop,0.0,0.46408456257212144,0.9076638793737414,0.0,0.00046992481203007516
uniform,f717f5,desktop,0.0,0.28859010466631274,1.4857207789673237,0.0,0.0009157509157509158
uniform,fdda92,desktop,0.0,0.29920616352549273,1.5640751063155167,0.0,0.0001260716086737267
uniform,ffad21,desktop,0.0,0.27586375089727416,1.645604777317035,0.0,0.00013444474321054048
uniform,567366,web,0.0,0.3211795865820467,1.4558216175203926,0.0,4.400246413799173e-05
uniform,4a784d,poster,0.0,0.46065892692430604,0.9721939671211415,0.0,3.677552221241541e-05
uniform,6e2c8e,desktop,0.0,0.3399481494048866,1.2942758306069542,0.0,0.00013935340022296544
uniform,7ac1c6,web,0.0,0.3642468731160499,1.2212284033726084,0.0,5.796429399489914e-05
uniform,95b24c,desktop,0.0,0.3252428547473899,1.3449867473901942,0.0,0.00014509576320371445
uniform,709b8f,desktop,0.0,0.22353647595579978,1.8388976248606557,0.0,0.00018882175226586103
uniform,91d919,mobile,0.0,0.23902544995042785,1.7480655426856253,0.0,0.0002553626149131767
uniform,035da4,mobile,0.0,0.31387534599222067,1.4176774537473675,0.0,0.0002358490566037736
uniform,cdeba6,desktop,0.0,0.3585879898927503,1.2784458202907014,0.0,0.00012703252032520327
uniform,3c9088,desktop,0.0,0.2706459024849371,1.5727342088141085,0.0,0.00012496875781054737
uniform,2cf681,mobile,0.0,0.2540275799185019,1.6611723892235584,0.0,0.0002626050420168067
uniform,579621,mobile,0.0,0.2781068218957888,1.585464495153199,0.0,8.841732979664014e-05
uniform,81f2f3,mobile,0.0,0.32121130325163577,1.3388821807565947,0.0,8.790436005625879e-05
uniform,b83a7a,mobile,0.0,0.3176739196009512,1.38158506441557,0.0,7.760360080707745e-05
uniform,a7aa57,poster,0.0,0.31000674673268863,1.5009880717850064,0.0,0.00041911148365465214
uniform,2a3bf3,mobile,0.0,0.4082419717198056,1.1017291431529657,0.0,7.935248373274083e-05
uniform,59b238,mobile,0.0,0.3987082239087055,1.026847938598499,0.0,8.981498113885396e-05
uniform,6f401f,mobile,0.0,0.2831919182239747,1.590143112983084,0.0,7.052186177715091e-05
uniform,75c4ec,poster,0.0,0.288543305260021,1.6238780646416868,0.0,7.386615452799527e-05
uniform,42826d,poster,0.0,0.3362136664443681,1.2702126206197197,0.0,6.046680372475511e-05
uniform,90271a,poster,0.0,0.32979649805283995,1.374044419651436,0.0,0.00011512779184895233
uniform,a7c035,poster,0.0,0.3236586558967697,1.471692024606866,0.0,9.54380606986066e-05
uniform,6b173a,poster,0.0,0.2443103830513834,1.7460541954680524,0.0,5.852059925093633e-05
uniform,070781,web,0.0,0.3083143580478467,1.4252141918392613,0.0,0.00010526315789473685
uniform,d33aa2,web,0.0,0.30799797204973395,1.4571754451187897,0.0,9.07605736068252e-05
uniform,c36099,web,0.0,0.3124291840053265,1.4538253356325188,0.0,9.139097057210747e-05
uniform,3f1f0d,web,0.0,0.28300307119540713,1.5189387346103689,0.0,0.00012655024044545685
uniform,2298de,poster,0.0,0.35178334909796294,1.233937434314488,0.0,6.75310642895732e-05
uniform,b3acff,web,0.0,0.22074960757770123,1.9313241882146222,0.0,0.00013827433628318584
uniform,7786e5,poster,0.0,0.33128225600825467,1.339272716248538,0.0,0.00010715816545220746
uniform,d09395,poster,0.0,0.3364264763729139,1.3284944277518744,0.0,6.75310642895732e-05
uniform,d7346d,web,0.0,0.2707249025653029,1.5856858070041828,0.0,0.00010028078620136381
uniform,94dc20,desktop,0.0,0.31280402869694623,1.4440790275857414,0.0,0.0001457725947521866
uniform,87475d,web,0.0,0.3305505893403261,1.3767822752685528,0.0,9.686168151879117e-05
uniform,e9cc4c,desktop,0.0,0.28139156669116966,1.5866744866957037,0.0,0.0001040582726326743
uniform,3ec21e,desktop,0.0,0.30376383506818344,1.4589780591489596,0.0,0.00015082956259426848
uniform,97cc00,web,0.0,0.23155556622554352,1.8340125911692262,0.0,9.691800736576855e-05
uniform,a44943,web,0.0,0.2971001540146933,1.4338535188283568,0.0,7.313149041977475e-05
uniform,10579e,desktop,0.0,0.33157194454019295,1.3170788083234144,0.0,9.46073793755913e-05
uniform,76822c,desktop,0.0,0.2509251563069686,1.6541421275834363,0.0,0.0001006238679814852
uniform,f8d172,mobile,0.0,0.497705673364671,0.7503828318496022,0.0,0.00016123831022250886
uniform,c7db2d,desktop,0.0,0.315825864365944,1.3924380676684662,0.0,9.05961224859576e-05
uniform,290bcd,desktop,0.0,0.28117835947391245,1.5327871574479446,0.0,0.00010336985734959685
uniform,11412e,desktop,0.0,0.39529598864175425,1.0892138223872567,0.0,8.29324929507381e-05
uniform,7f6f8f,desktop,0.0,0.29350714726367994,1.64713973937713,0.0,0.00014104372355430183
uniform,884333,mobile,0.0,0.3976006854311847,1.1150896150998624,0.0,0.00014132278123233464
uniform,fc4494,mobile,0.0,0.4657964408545249,0.8778690046329116,0.0,0.0001313370107696349
uniform,305533,poster,0.0,0.3315157151517388,1.3750411097987933,0.0,0.000149655791679138
uniform,56ed0e,poster,0.0,0.43096998128238123,0.9894562878625197,0.0,0.00013904338153503893
uniform,d594d5,poster,0.0,0.47830256734449816,0.8878904896434535,0.0,0.00030175015087507544
uniform,196a1e,poster,0.0,0.34228660687689283,1.4680114710790297,0.0,5.43773790103317e-05
uniform,e451ee,poster,0.0,0.3000448943025642,1.5976316266585857,0.0,9.092562284051645e-05
uniform,f147ec,mobile,0.0,0.229947604324298,1.8208371269719623,0.0,8.545547769612032e-05
uniform,a11833,mobile,0.0,0.3758853366667474,1.1190892739900173,0.0,6.39386189258312e-05
uniform,a42b4e,mobile,0.0,0.403357177871256,1.057227057011269,0.0,5.280388636603654e-05
uniform,b87c56,mobile,0.0,0.2984715903772023,1.5036720137691812,0.0,5.594092638174088e-05
uniform,bec3fa,poster,0.0,0.30898830198505556,1.4621418348421285,0.0,8.97827258035554e-05
uniform,1680c9,mobile,0.0,0.42897140405088857,0.950402575973613,0.0,5.8795860771401695e-05
uniform,23b246,mobile,0.0,0.4189055725534778,1.0169552455115256,0.0,6.673785371062466e-05
uniform,2dfd9c,poster,0.0,0.3336003524575786,1.3982949409225525,0.0,7.619628162145687e-05
uniform,8740d9,web,0.0,0.3421700664148587,1.2888314693041134,0.0,0.00017247326664367022
uniform,2511d9,web,0.0,0.38480999793108517,1.1606455940165707,0.0,9.532888465204957e-05
uniform,28cf69,web,0.0,0.3319558375772138,1.4166738942027577,0.0,9.391435011269723e-05
uniform,787aa3,web,0.0,0.28975625432098856,1.512065448392152,0.0,0.00010778184953653804
uniform,3088d0,web,0.0,0.297225509772887,1.6398310791583726,0.0,7.082152974504249e-05
uniform,4ea758,poster,0.0,0.2228143868410466,1.9117267551214583,0.0,4.668534080298786e-05
uniform,5c5b71,web,0.0,0.3249036573485897,1.4101121118676614,0.0,0.00010233319688907081
uniform,54f52f,web,0.0,0.31523043165908327,1.490343718861682,0.0,9.582215408202377e-05
uniform,0d8830,web,0.0,0.3247101776813428,1.434549431505697,0.0,6.907031357922365e-05
uniform,f0e574,desktop,0.0,0.38159773939201075,1.1950087140217962,0.0,6.0879094119079505e-05
uniform,faab85,desktop,0.0,0.3418147063551388,1.329934258742914,0.0,5.558025789239662e-05
uniform,63de16,web,0.0,0.24111147277356632,1.8277141827667056,0.0,6.939625260235948e-05
uniform,fba6ed,desktop,0.0,0.279705951729034,1.5191531936942395,0.0,6.315523556902867e-05
uniform,16830b,desktop,0.0,0.21450787043776773,1.9702688739302097,0.0,6.954102920723227e-05
uniform,b45744,desktop,0.0,0.3368063998498536,1.3542276729935356,0.0,6.0968174612852094e-05
uniform,6d8534,desktop,0.0,0.34779778954750373,1.4006380639335072,0.0,7.210845111047014e-05
uniform,3351c6,desktop,0.0,0.28594945864167,1.640253376023743,0.0,6.992029086841001e-05
uniform,44c36b,desktop,0.0,0.3659218530397518,1.2303842090564492,0.0,9.771350400625366e-05
uniform,b8b56d,mobile,0.0,0.45289698690299457,0.854158576187607,0.0,0.0001115822361080116
uniform,bb23c6,mobile,0.0,0.5672301052201458,0.5939304160916804,0.0,7.610350076103501e-05
uniform,49fc6a,desktop,0.0,0.3484603495543943,1.2892596579776086,0.0,5.261496369567505e-05
uniform,d079f1,mobile,0.0,0.2689619474558125,1.6886304513578207,0.0,0.00013095861707700367
uniform,4a2527,poster,0.0,0.2478858832022695,1.694385443323885,0.0,3.85594200663222e-05
uniform,a3fb58,mobile,0.0,0.4399463670857848,1.0305423713761184,0.0,4.134281461881925e-05
uniform,6763e2,poster,0.0,0.4291221810459294,0.9459613375189186,0.0,7.341065922771986e-05
uniform,66935b,mobile,0.0,0.4174072298013852,1.0031054402850612,0.0,3.694126339120798e-05
uniform,f757ac,mobile,0.0,0.49530485888708375,0.7942513244310621,0.0,3.554923569143263e-05
uniform,6afc6f,mobile,0.0,0.386905293282892,1.058786428248989,0.0,3.7855844942459115e-05
uniform,591317,mobile,0.0,0.3383770858929258,1.3712068274135683,0.0,4.3817369205152925e-05
uniform,5ad367,poster,0.0,0.4653806405372683,0.8941535203981144,0.0,3.216882197773918e-05
uniform,174696,mobile,0.0,0.42213081793816576,0.9665097517636242,0.0,3.748687959214275e-05
uniform,9f6fc9,poster,0.0,0.4414324883881047,1.063699438881491,0.0,0.00010615711252653928
uniform,88f13f,poster,0.0,0.3581416774708331,1.338752078828765,0.0,4.672897196261682e-05
uniform,56d63a,web,0.0,0.34124764947054304,1.3071024164273544,0.0,5.357908272610373e-05
uniform,005f83,poster,0.0,0.38677860077467163,1.1482056641389067,0.0,2.464268112370626e-05
uniform,f27923,poster,0.0,0.3754233079377212,1.1768113449857278,0.0,3.276110601493906e-05
uniform,66058d,web,0.0,0.2784587776050081,1.665913454588807,0.0,5.657388549445576e-05
uniform,912a36,web,0.0,0.4029619804862439,1.134764496432649,0.0,4.1240514681623226e-05
uniform,9aa968,web,0.0,0.34308054759038675,1.43736460232267,0.0,5.233410090014654e-05
uniform,32c969,web,0.0,0.18671898962304656,2.0751700868325873,0.0,5.173841059602649e-05
uniform,cfca97,web,0.0,0.3743875144082667,1.2539242165124345,0.0,4.678581454103116e-05
uniform,ddbec1,desktop,0.0,0.262498748280717,1.5466782942034536,0.0,0.0005787037037037037
uniform,2c9c76,desktop,0.0,0.18691072463106523,2.128510210386161,0.0,0.00038491147036181676
uniform,73bdee,web,0.0,0.3367746539283818,1.401149681898625,0.0,5.150922015040692e-05
uniform,2481a3,web,0.0,0.40729726958319334,1.0781460200892936,0.0,4.270949004868882e-05
uniform,d8d2df,web,0.0,0.3713629165133369,1.269166687117932,0.0,4.113195129976966e-05
uniform,d07437,desktop,0.0,0.20792725933969933,1.9134254678429656,0.0,0.00024154589371980676
uniform,985d8c,desktop,0.0,0.2288013453995259,1.8054274973644004,0.0,0.00042625745950554135
uniform,3e3ebf,desktop,0.0,0.246323654177791,1.7300290345302891,0.0,0.0002587991718426501
uniform,26fb2d,desktop,0.0,0.0771780351971128,3.0000665155574517,0.0,0.0005668934240362812
uniform,af5f27,desktop,0.0,0.18367603848908612,2.061748347316454,0.0,0.00040257648953301127
uniform,e129e6,mobile,0.0,0.267370038627151,1.485102180281137,0.0,0.0005668934240362812
uniform,ea104d,poster,0.0,0.3093162784429586,1.466229935238382,0.0,1.8726591760299626e-05
uniform,d66c89,desktop,0.0,0.276366440875667,1.5696314626211518,0.0,0.00022644927536231884
uniform,dcf870,mobile,0.0,0.3204770039736692,1.4967769212017825,0.0,0.0005370569280343716
uniform,a0992a,desktop,0.0,0.17916678566483618,2.180216611264566,0.0,0.00042625745950554135
uniform,f1d7fa,mobile,0.0,0.207149480755922,1.9132680486943303,0.0,0.0006915629322268327
uniform,c40db1,poster,0.0,0.22511353363657938,1.769646746797534,0.0,0.0007142857142857143
uniform,9e3970,poster,0.0,0.3309733616941695,1.383963490570219,0.0,2.2985335356042846e-05
uniform,972486,poster,0.0,0.181821744091954,2.2090188134395534,0.0,0.0002035002035002035
uniform,4cd989,mobile,0.0,0.33415481610023334,1.2670264598384147,0.0,0.0001737921445950643
uniform,212589,poster,0.0,0.3247879014368405,1.295493331337408,0.0,0.0003518648838845883
uniform,13a393,mobile,0.0,0.24129841439927716,1.8220107019080345,0.0,0.00020275750202757503
uniform,1dd09f,mobile,0.0,0.25748216642493876,1.5887106392350898,0.0,0.00015206812652068127
uniform,a05670,mobile,0.0,0.18526461190353405,1.9749737260650388,0.0,0.00030413625304136254
uniform,2f57d8,mobile,0.0,0.27158337347143924,1.539255196313578,0.0,0.00021468441391155003
uniform,7b6c15,mobile,0.0,0.26192123064888,1.5775240054187143,0.0,0.00026068821689259646
uniform,868823,poster,0.0,0.2634194254650812,1.684120208540379,0.0,0.0006142506142506142
uniform,540107,poster,0.0,0.2288338446631813,1.798313661547466,0.0,0.0013227513227513227
uniform,7ec75a,poster,0.0,0.2706286826478523,1.5796814822092802,0.0,0.0002765486725663717
uniform,33214a,web,0.0,0.16342885851976074,2.3257482627784043,0.0,0.0003681885125184094
uniform,debbb2,web,0.0,0.1625287036292799,2.249399829577946,0.0,0.0002577319587628866
uniform,a7a074,web,0.0,0.2085620215147324,2.042352641608548,0.0,0.00023430178069353328
uniform,483fb9,web,0.0,0.18088105058983708,2.139345421461981,0.0,0.00020764119601328904
uniform,b5f7cc,poster,0.0,0.19995384762161184,1.9015219129168137,0.0,0.00018642803877703205
uniform,5be5fa,web,0.0,0.12309110975024283,2.7036865614461143,0.0,0.0003965107057890563
uniform,9f7fe4,poster,0.0,0.1526953870037996,2.336236466209484,0.0,0.00017661603673613564
uniform,f93751,poster,0.0,0.20513192425927562,1.9917078146285945,0.0,0.0001221597849987784
uniform,2f5041,web,0.0,0.14782523594047872,2.351209448532158,0.0,0.00023430178069353328
uniform,e249a7,web,0.0,0.13572113563550214,2.4464369066266647,0.0,0.000429553264604811
uniform,2b837f,web,0.0,0.20987600801094522,1.868287024806591,0.0,0.0002257336343115124
uniform,f7435d,desktop,0.0,0.264380998049057,1.7633250768779551,0.0,0.00010305028854080792
uniform,38c9d5,desktop,0.0,0.22054575126937864,1.8734926672305225,0.0,0.00013283740701381508
uniform,6ba20c,desktop,0.0,0.41055649996888527,1.026033970821191,0.0,0.00016061676839062
uniform,10298c,desktop,0.0,0.3295911961564634,1.3971442036314778,0.0,0.00011460004584001834
uniform,4af601,desktop,0.0,0.3019367554936614,1.6087412535071688,0.0,0.0001150483202945237
uniform,dc06e3,desktop,0.0,0.23016326474029214,1.8307661873300063,0.0,0.00011020498126515319
uniform,8898cb,desktop,0.0,0.1849196668766133,2.3732164388703407,0.0,0.00012001920307249159
uniform,36ca43,desktop,0.0,0.21655272793172614,1.934948102048381,0.0,0.00012987012987012987
uniform,d5caa3,mobile,0.0,0.3129505531274412,1.346053479635677,0.0,0.00015518311607697082
uniform,016f77,mobile,0.0,0.41559023581877214,1.0045516056378454,0.0,0.0001721763085399449
uniform,b47f5a,desktop,0.0,0.3618151028172572,1.258940370612855,0.0,0.00011764705882352942
uniform,28422f,mobile,0.0,0.35032531839441466,1.2322409605283253,0.0,0.0001632386549134835
uniform,e2f93a,web,0.0,0.21923536944075234,1.9005805968077205,0.0,0.0001824817518248175
uniform,42c444,mobile,0.0,0.38177299548605054,1.1046193060060179,0.0,0.0001734304543877905
uniform,4cc35a,poster,0.0,0.35861476915909296,1.2852987957614634,0.0,7.361601884570082e-05
uniform,a965f4,poster,0.0,0.44254486676257043,0.9072176898322042,0.0,0.00012054001928640309
uniform,bb56be,poster,0.0,0.3448512870596241,1.298292860892698,0.0,8.447372867038352e-05
uniform,128abc,mobile,0.0,0.4456307754175868,0.9481039171425789,0.0,6.362942224484602e-05
uniform,9ab8bc,poster,0.0,0.40294405753351,1.131204268531106,0.0,1.9274507536332445e-05
uniform,b5d9a8,mobile,0.0,0.33704384329082826,1.296404977456957,0.0,5.594092638174088e-05
uniform,d13f3e,mobile,0.0,0.44088578894402114,1.0023677758336085,0.0,6.402868485081316e-05
uniform,172c5d,poster,0.0,0.3955837552277328,1.149213344430548,0.0,0.00012373174956693887
uniform,6a889e,poster,0.0,0.3609400398111075,1.245998864436113,0.0,0.00030998140111593303
uniform,479245,mobile,0.0,0.44017145691164206,0.9327705042576433,0.0,5.343593031954686e-05
uniform,9bf988,mobile,0.0,0.3622268771577399,1.393126968011765,0.0,7.911392405063291e-05
uniform,35ba73,web,0.0,0.31259058980525545,1.4003958968267856,0.0,0.00011091393078970719
uniform,dcc0de,web,0.0,0.34543232465893836,1.280946725881829,0.0,7.598784194528876e-05
uniform,b87aea,web,0.0,0.24489382136093527,1.7555030873509487,0.0,7.544892108042855e-05
uniform,2fd907,poster,0.0,0.3224774717367095,1.402525734009374,0.0,6.45827951433738e-05
uniform,4bcfc3,poster,0.0,0.3146443131882861,1.479971647228114,0.0,6.0240963855421684e-05
uniform,2103ee,web,0.0,0.3767662104994971,1.1823834666034492,0.0,6.920415224913495e-05
uniform,60ab80,web,0.0,0.23350103860307386,1.7931921801118036,0.0,0.0001127141568981064
uniform,ce6863,poster,0.0,0.34012648122175027,1.3700073704571725,0.0,6.178942165101334e-05
uniform,1d26b4,web,0.0,0.24306501779704234,1.8597890465997429,0.0,8.376612497905847e-05
uniform,47033b,web,0.0,0.282812759512141,1.5730987962024103,0.0,0.00010998680158380995
uniform,b7c621,poster,0.0,0.3940702292620259,1.1347187413775461,0.0,8.017960230917254e-05
uniform,cc9bc8,desktop,0.0,0.39838329351744844,1.1547157389524338,0.0,0.0001506931886678722
uniform,2019ad,web,0.0,0.36206255214262095,1.1842273980561604,0.0,5.933309600094933e-05
uniform,09bb5b,desktop,0.0,0.36114796790597525,1.1791672440341432,0.0,8.89521437466643e-05
uniform,221587,desktop,0.0,0.306746299026357,1.4759504660919787,0.0,7.840677434530344e-05
uniform,bf2da8,desktop,0.0,0.33686608857233497,1.4510244139719863,0.0,8.463100880162491e-05
uniform,337990,web,0.0,0.3048714704913416,1.5039546354895437,0.0,7.741136398823347e-05
uniform,c905dc,desktop,0.0,0.28616006448117265,1.6095170180674891,0.0,8.239947264337508e-05
uniform,511f7b,desktop,0.0,0.32735205306362763,1.4428345963232978,0.0,8.560178051703475e-05
uniform,86500d,desktop,0.0,0.2985297896969872,1.5239180903080298,0.0,6.950236308034473e-05
uniform,99004f,desktop,0.0,0.372395140004333,1.2300016444261992,0.0,7.301401869158878e-05
uniform,fdba74,desktop,0.0,0.2113430352094621,2.041514646413457,0.0,4.6886721680420107e-05
uniform,2d811c,mobile,0.0,0.34576391389974903,1.2382132718971728,0.0,5.6072670180554e-05
uniform,992c50,mobile,0.0,0.4276045466649727,1.1151481362953037,0.0,4.895241824946152e-05
uniform,0bdd56,mobile,0.0,0.39223653452643953,1.0605277931119594,0.0,4.347070074769605e-05
uniform,46bc27,mobile,0.0,0.2233560582934222,1.981200290591052,0.0,5.606009642336585e-05
uniform,215727,mobile,0.0,0.37217306764070157,1.2258980030604962,0.0,4.95687518588282e-05
uniform,469579,mobile,0.0,0.3252982812140329,1.401727749904372,0.0,4.2219032339778774e-05
uniform,8ee0c9,poster,0.0,0.37473999109402484,1.1404743001562643,0.0,0.00016329196603527107
uniform,641719,poster,0.0,0.3352569302588244,1.337897439392163,0.0,8.028259473346178e-05
uniform,7dea7a,mobile,0.0,0.3647558522354071,1.2168343066325336,0.0,4.258943781942078e-05
uniform,4f3f84,mobile,0.0,0.34614887079838147,1.2637020114453108,0.0,6.02918123718799e-05
uniform,4a97e1,poster,0.0,0.34714618479811027,1.3100006473115595,0.0,8.168599901976801e-05
uniform,7a9967,mobile,0.0,0.2746333078140908,1.6742863146123088,0.0,4.2337002540220155e-05
uniform,7dd59a,poster,0.0,0.4501045002394628,0.9149435750895929,0.0,7.979572294924992e-05
uniform,af4220,web,0.0,0.29585912903522826,1.5202674281619692,0.0,7.918910357934748e-05
uniform,1055b2,poster,0.0,0.30448579615957494,1.4775096072126876,0.0,4.785146904009953e-05
uniform,7e01b8,poster,0.0,0.37834904166929173,1.1543494546141977,0.0,4.1704896154808576e-05
uniform,4376ed,web,0.0,0.38378328367076325,1.1858621925348143,0.0,5.771006463527239e-05
uniform,909a4f,web,0.0,0.30874723233650747,1.397025291918921,0.0,7.140816909454442e-05
uniform,4fa3d2,web,0.0,0.3565682825392037,1.2331705444224457,0.0,5.305602716468591e-05
uniform,c4b437,web,0.0,0.3589013371324471,1.2366568305699823,0.0,6.383250351078769e-05
uniform,014b22,web,0.0,0.3607376534637817,1.262029269559905,0.0,7.983394539358135e-05
uniform,bb34f1,poster,0.0,0.4059617808264431,1.0225354944040377,0.0,3.7114014251781474e-05
uniform,ae548c,poster,0.0,0.3497225412078039,1.2080062366150588,0.0,3.158160687215766e-05
uniform,8675c8,desktop,0.0,0.2615242210916673,1.7348192604163926,0.0,0.0001417635384179189
uniform,c01022,web,0.0,0.24736446200126638,1.76154149513803,0.0,6.535947712418301e-05
uniform,73ada1,desktop,0.0,0.2218882642171559,1.8118867805373788,0.0,0.000122040517451794
uniform,a78deb,web,0.0,0.32679402967475196,1.3940498993706454,0.0,6.663113006396588e-05
uniform,721348,desktop,0.0,0.2214173990539581,1.9921782196752296,0.0,0.0002922267679719462
uniform,fb0956,web,0.0,0.2369777423718301,1.819249932412157,0.0,5.528527200353826e-05
uniform,4d78ff,desktop,0.0,0.2248010076593162,1.965121597347793,0.0,0.00019135093761959434
uniform,79e0cc,desktop,0.0,0.14954846225868437,2.4246037855033746,0.0,0.0001306506401881369
uniform,72b54f,desktop,0.0,0.22485896476694645,1.905628495378207,0.0,0.00013646288209606986
uniform,e5174e,mobile,0.0,0.3196687959512954,1.313423584644255,0.0,0.0001763668430335097
uniform,217749,desktop,0.0,0.19996945776088954,2.1350836540496716,0.0,0.00013706140350877192
uniform,075286,desktop,0.0,0.255451287937103,1.8107100009690706,0.0,0.00014988009592326138
uniform,8dfdc1,desktop,0.0,0.24643601256709846,1.7053978552142302,0.0,0.00015313935681470137
uniform,c75e3e,mobile,0.0,0.3727652470957996,1.302709986172926,0.0,0.0002318034306907742
uniform,1eb64a,mobile,0.0,0.3050513536017717,1.4253724554300573,0.0,0.0001852537977028529
uniform,d0c24c,poster,0.0,0.39703192149144895,1.1531718972377547,0.0,0.00011795234725171031
uniform,7f957a,mobile,0.0,0.34230794356610483,1.2593016465720033,0.0,8.892050506846879e-05
uniform,2fe3ac,mobile,0.0,0.48097907921812544,0.7951606756712244,0.0,7.279079924297569e-05
uniform,29d7dd,poster,0.0,0.3426120732073699,1.2892897197158348,0.0,0.00021459227467811158
uniform,55aa06,mobile,0.0,0.4156963151788363,1.070810625630031,0.0,7.974481658692185e-05
uniform,51db8e,poster,0.0,0.2973924078614031,1.576451740306561,0.0,2.3569341001225606e-05
uniform,ebd305,poster,0.0,0.24057074979542684,1.7897451431893199,0.0,0.00019615535504119262
uniform,abb05d,mobile,0.0,0.3792326143866973,1.1057033752575978,0.0,5.520591807441758e-05
uniform,868efa,poster,0.0,0.29524760660376537,1.519515245023212,0.0,0.00011397310234784591
uniform,039978,mobile,0.0,0.32413108317745404,1.3869909265940794,0.0,8.60141063134354e-05
uniform,0fa6b9,poster,0.0,0.30268674711330423,1.5018313340813616,0.0,0.00014740566037735848
uniform,fe8c5d,mobile,0.0,0.36655854185906517,1.2121517002634001,0.0,7.30887297178775e-05
uniform,55b7b4,poster,0.0,0.38789814029426845,1.0918037799273408,0.0,0.00010288065843621399
uniform,f6bc62,poster,0.0,0.3525220064915319,1.2574169573777731,0.0,0.0001166044776119403
uniform,46ced7,web,0.0,0.35553237546137234,1.1850426508527718,0.0,0.00012581781580271766
uniform,446969,web,0.0,0.35607530979960283,1.2418942339653651,0.0,0.00010218679746576743
uniform,406fb2,web,0.0,0.20483015488339348,1.9143013539328522,0.0,0.00011106175033318525
uniform,134669,web,0.0,0.3367183861008002,1.337312339951132,0.0,0.00011015642211940956
uniform,edbf2d,web,0.0,0.23954662557679857,1.9104716286067625,0.0,0.00011837121212121212
uniform,7c98c6,web,0.0,0.27801160764371013,1.5282596786126943,0.0,0.00015408320493066256
uniform,9b7610,web,0.0,0.2653644897868675,1.6260390667184073,0.0,9.984025559105431e-05
uniform,ede16b,web,0.0,0.34233684433939826,1.2511538318848088,0.0,7.700600646850454e-05
uniform,cb4227,desktop,0.0,0.4791629575250451,0.7947809788470224,0.0,0.0008576329331046312
uniform,98df26,web,0.0,0.32449744994450425,1.4060610532182727,0.0,8.311170212765957e-05
uniform,5a6a69,desktop,0.0,0.292774575435845,1.4964527398520837,0.0,0.00014806040864672785
uniform,16a13e,desktop,0.0,0.18046542293663725,2.2833681837606914,0.0,0.00016661112962345885
uniform,87f3a0,desktop,0.0,0.274279330660946,1.6192025622123127,0.0,0.0001375515818431912
uniform,762fc4,desktop,0.0,0.17482881474804052,2.140970686389259,0.0,0.00014001680201624196
uniform,94460d,desktop,0.0,0.31119041113585505,1.379499330684428,0.0,0.00014492753623188405
uniform,ddce6f,desktop,0.0,0.24536707083950976,1.7730612996452892,0.0,0.00017146776406035664
uniform,5f4902,poster,0.0,0.23763504497372956,1.7500633016553526,0.0,5.6104129263913826e-05
uniform,9251bb,desktop,0.0,0.30674009875426395,1.435539614655445,0.0,0.00012177301509985388
uniform,f7ba1d,desktop,0.0,0.18481785666195125,2.1534524780899877,0.0,0.00019334880123743234
uniform,8e4e71,mobile,0.0,0.350593488283397,1.2626932510068252,0.0,0.00021258503401360543
uniform,9d1757,mobile,0.0,0.34183156385676416,1.2447414523888796,0.0,0.00024888003982080636
uniform,80e896,poster,0.0,0.26506927117706613,1.6352415865117453,0.0,0.00011475786091347258
uniform,3c674f,mobile,0.0,0.3681035640156023,1.2745517025930544,0.0,7.431629013079666e-05
uniform,6d294c,mobile,0.0,0.28542864353114816,1.5875393943835754,0.0,0.00010345541071798055
uniform,a637f9,poster,0.0,0.24738244775680684,1.8253561553136621,0.0,0.00014602803738317756
uniform,4ae90b,mobile,0.0,0.3984112211424746,1.0422715448605469,0.0,9.604302727621975e-05
uniform,69a953,mobile,0.0,0.22832433279860115,1.8183413480409247,0.0,8.570449091532397e-05
uniform,345b44,mobile,0.0,0.23784361278293117,1.7391953387320864,0.0,7.784524365561264e-05
uniform,7542d4,poster,0.0,0.27216191175602233,1.6662055193596574,0.0,0.00022301516503122213
uniform,3bc098,poster,0.0,0.35080673560428144,1.2644959164878442,0.0,0.00013528138528138528
uniform,9e5962,mobile,0.0,0.2772826594941191,1.6504944438390923,0.0,9.584052137243626e-05
uniform,3962ab,mobile,0.0,0.32787874487817653,1.387802870757115,0.0,8.149959250203749e-05
uniform,426a6a,web,0.0,0.19451049010715193,2.136226017094781,0.0,0.00021824530772588389
uniform,feec80,web,0.0,0.3368400040784122,1.2688058332990944,0.0,0.00012195121951219512
uniform,ceb6b3,web,0.0,0.2782486910062933,1.638758736874852,0.0,0.00016863406408094435
uniform,3364c6,web,0.0,0.294788378492438,1.664873115580652,0.0,0.00013386880856760375
uniform,259405,web,0.0,0.24941554979318925,1.753197978676446,0.0,0.00015542430836182778
uniform,f84800,poster,0.0,0.46344525529425246,0.8713632266876692,0.0,0.00010107135637760258
uniform,c53c23,web,0.0,0.25047321664124167,1.7654440267697242,0.0,0.00011987532965715655
uniform,08b92b,poster,0.0,0.35863298921515135,1.281540822868282,0.0,7.44158356898348e-05
uniform,24ff3e,poster,0.0,0.15838328542524166,2.165525410503859,0.0,6.983240223463687e-05
uniform,7c2883,web,0.0,0.3588917805260955,1.2670689823599395,0.0,0.00013130252100840336
uniform,bcc33b,poster,0.0,0.19588981464287408,1.9969016763921206,0.0,7.739938080495357e-05
uniform,6c5780,poster,0.0,0.3070324272670395,1.4452354518431252,0.0,4.856726566294317e-05
uniform,237216,desktop,0.0,0.2637237555684659,1.6173832049722328,0.0,9.956192751891676e-05
uniform,be2ed1,web,0.0,0.23022844861564842,1.7423561219379642,0.0,0.00010813148788927336
uniform,fa1827,desktop,0.0,0.34917283434711566,1.3173584347823375,0.0,0.0001004419445560466
uniform,dc6989,desktop,0.0,0.2831697074709414,1.534608420061867,0.0,9.312721177127957e-05
uniform,49e0ba,desktop,0.0,0.2854747956618059,1.4715713520503642,0.0,0.00011013215859030837
uniform,eb34f4,desktop,0.0,0.24075433482878805,1.841574891696435,0.0,0.0001249375312343828
uniform,fdafcb,desktop,0.0,0.2500916080629133,1.7973580150656063,0.0,0.00011163206072784104
uniform,d6702e,desktop,0.0,0.21787873667717006,1.9614359937128167,0.0,0.00010759629868732516
uniform,eb334e,desktop,0.0,0.2008470387978067,2.0303926544534727,0.0,0.00011731581417175035
uniform,4b2bd1,desktop,0.0,0.31139551721284814,1.3723606215718818,0.0,9.720062208398134e-05
uniform,f39252,web,0.0,0.25458634405148917,1.7022875335540406,0.0,6.292474200855777e-05
uniform,9e02bf,poster,0.0,0.3449794814947257,1.3555282145192387,0.0,3.3297815663292486e-05
uniform,cd2ed2,mobile,0.0,0.3887417918424404,1.151833400747095,0.0,7.392075694855116e-05
uniform,c9ab98,mobile,0.0,0.4557130750543618,0.8824725459631917,0.0,5.511463844797178e-05
uniform,c25357,poster,0.0,0.3447453084754344,1.3005016461345964,0.0,0.0004336513443191674
uniform,ad24c7,mobile,0.0,0.43269712247102887,1.0277452030663907,0.0,4.8435532306500046e-05
uniform,8118a1,mobile,0.0,0.5219563815973778,0.6986581518935491,0.0,5.551237926057511e-05
uniform,dd47fa,mobile,0.0,0.4519145996380597,0.9634881040123464,0.0,6.832467887400929e-05
uniform,4a3f51,mobile,0.0,0.3690614394709991,1.197949957572006,0.0,6.81384573453257e-05
uniform,6915dc,mobile,0.0,0.25359975035969273,1.6239030161599919,0.0,6.469979296066253e-05
uniform,0ef09e,mobile,0.0,0.45343228893948334,0.8738517082022245,0.0,5.894836123555765e-05
uniform,00f742,poster,0.0,0.40970309760675305,0.9995959073966435,0.0,0.0002860411899313501
uniform,af4f68,poster,0.0,0.41562144942470197,1.058924767071569,0.0,0.00013340448239060833
uniform,2428cc,poster,0.0,0.3633746409528841,1.2598970199246264,0.0,8.080155138978668e-05
uniform,c053d2,mobile,0.0,0.32290835546583607,1.4065024087314122,0.0,7.15307582260372e-05
uniform,251672,web,0.0,0.3118414461327752,1.4353185664811192,0.0,9.761811792268645e-05
uniform,85b582,poster,0.0,0.43179725630968135,0.9904184972062042,0.0,0.0001541782300339192
uniform,6f9e1b,web,0.0,0.2520366388128908,1.743689584933603,0.0,8.64902266043937e-05
uniform,045d43,poster,0.0,0.335112127340261,1.3662341944885326,0.0,4.5240680419833514e-05
uniform,a4d155,web,0.0,0.26390541606711515,1.661823058482633,0.0,6.719526945303051e-05
uniform,f9b020,poster,0.0,0.3630850032525993,1.2396567332463497,0.0,5.145091582630171e-05
uniform,21c674,web,0.0,0.38477588948828756,1.181432858260765,0.0,6.995942353435007e-05
uniform,7d53b3,desktop,0.0,0.25498738195116316,1.6761186544432618,0.0,0.00017618040873854828
uniform,20bf03,web,0.0,0.24219306151838077,1.6606686311583632,0.0,7.469375560203167e-05
uniform,9eb11f,web,0.0,0.3064905039214917,1.3878354505009205,0.0,0.00011253657438667567
uniform,173a17,poster,0.0,0.2651038368779032,1.6174692131321424,0.0,4.502476361999099e-05
uniform,fefe30,web,0.0,0.32176375525450485,1.4544483490858564,0.0,8.312551953449709e-05
uniform,32cce0,web,0.0,0.31832640785186894,1.4604696476356378,0.0,6.827802813054759e-05
uniform,f1f741,desktop,0.0,0.26002089465011047,1.5902161864292608,0.0,0.0001725327812284334
uniform,d01e8a,web,0.0,0.24317140609998605,1.7804728980769633,0.0,8.406186953597848e-05
uniform,5305a4,desktop,0.0,0.19879061013901522,1.9805650722099706,0.0,0.0001593879502709595
uniform,ea39db,desktop,0.0,0.3156399800798886,1.4671811709670008,0.0,0.0001858045336306206
uniform,91ce42,desktop,0.0,0.3084493018100549,1.413550384554747,0.0,0.000160926939169617
uniform,0c51af,desktop,0.0,0.29441744072281373,1.5069140484053516,0.0,0.0001591849729385546
uniform,786754,desktop,0.0,0.19588016361152208,1.9916736998271334,0.0,0.0002008838891120932
uniform,b37071,desktop,0.0,0.2836086663024997,1.5281901581689685,0.0,0.00016469038208168644
uniform,a4ac9c,mobile,0.0,0.33668816879514984,1.379525685408805,0.0,0.0002757859900717044
uniform,83b886,desktop,0.0,0.2354233665782288,1.8505207439690303,0.0,0.00011947431302270011
uniform,ffde86,mobile,0.0,0.3724747657391413,1.2026346871355353,0.0,0.00048590864917395527
uniform,c3cd6a,poster,0.0,0.22627788581277655,1.8693730793844132,0.0,0.00014088475626937165
uniform,5e22c9,poster,0.0,0.23142203407118472,1.750223675929581,0.0,0.0005313496280552603
uniform,9951b0,mobile,0.0,0.3677764861681802,1.2118526448395308,0.0,8.888888888888889e-05
uniform,249820,mobile,0.0,0.39484752569723025,1.067547861652439,0.0,0.00011394712853236098
uniform,2e122d,mobile,0.0,0.28151300931015055,1.6691416104507695,0.0,0.00012572290671360322
uniform,af423a,mobile,0.0,0.22744665716854773,1.9094552069559494,0.0,0.00012810658467845247
uniform,0cf59b,poster,0.0,0.245192358105902,1.747827571563395,0.0,0.0002871912693854107
uniform,b32bc3,poster,0.0,0.31907339991472056,1.3921550859439529,0.0,0.00022696323195642307
uniform,5b51c9,mobile,0.0,0.27611501132792704,1.6826334915489434,0.0,9.875567845151097e-05
uniform,3a564f,mobile,0.0,0.26452754788980226,1.6463477798308712,0.0,0.00010981770261366133
uniform,1c375b,mobile,0.0,0.4035400512819511,1.0089154153080453,0.0,9.828975820719482e-05
uniform,ed292f,web,0.0,0.3004509796747682,1.433184966350656,0.0,0.00024177949709864604
uniform,78ddbd,web,0.0,0.32091603487315035,1.3496881703389096,0.0,0.00011798017932987259
uniform,4863ea,web,0.0,0.23844806502424895,1.85530929332005,0.0,0.00019098548510313216
uniform,08aaa5,poster,0.0,0.15460423062204903,2.3088549177945783,0.0,9.974067424695791e-05
uniform,60caa9,web,0.0,0.26369894921316855,1.6276241460733143,0.0,0.00016846361185983828
uniform,8e467d,poster,0.0,0.34987016642336116,1.3136698889335472,0.0,9.107468123861566e-05
uniform,7e2533,poster,0.0,0.29803365489382316,1.4799663593851922,0.0,7.856693903205531e-05
uniform,164cf7,web,0.0,0.23660262490229983,1.8339877306478074,0.0,0.0002763957987838585
uniform,5a6efa,web,0.0,0.23038017321113224,1.7675808121970262,0.0,0.0002127659574468085
uniform,e84796,poster,0.0,0.27782582206886036,1.5752325993663894,0.0,6.579813133307015e-05
uniform,efddbf,web,0.0,0.22783180057129315,1.848614440621631,0.0,0.00016931933626820184
uniform,5a97ec,web,0.0,0.2869536678785509,1.5541100448125094,0.0,0.00010967317394165388
uniform,b0c3be,web,0.0,0.250854232540526,1.7627635562815858,0.0,0.00016103059581320451
uniform,afc676,desktop,0.0,0.35397515372827676,1.2201515671425338,0.0,9.765625e-05
uniform,bbd445,desktop,0.0,0.3960673839953238,1.0925575387485995,0.0,9.970089730807577e-05
uniform,0e1dea,desktop,0.0,0.3355779490430001,1.316418563140398,0.0,0.00010590976488032197
uniform,b5d3ae,desktop,0.0,0.2494710920702894,1.686442901302126,0.0,0.00010256410256410256
uniform,363885,desktop,0.0,0.31526497669346415,1.445085621276097,0.0,0.0001152604887044721
uniform,b96ba4,desktop,0.0,0.34829312565079396,1.2350130317391907,0.0,0.00011715089034676664
uniform,072634,desktop,0.0,0.23108991180066144,1.763607805151352,0.0,0.00011198208286674133
uniform,00b3a0,desktop,0.0,0.2683589700110254,1.721523135545016,0.0,0.00013451708366962604
uniform,d3d0eb,desktop,0.0,0.3960730795800874,1.1642792768618464,0.0,9.455370650529501e-05
uniform,38a251,mobile,0.0,0.31265276635395756,1.449746286027076,0.0,6.629541235746487e-05
uniform,e64eb8,mobile,0.0,0.4511073297365813,0.9016458716181364,0.0,6.333122229259025e-05
uniform,97c1a1,mobile,0.0,0.41136679627188766,0.9880706256371271,0.0,4.8225308641975306e-05
uniform,69df54,mobile,0.0,0.3907730904983938,1.120474730788012,0.0,6.299609424215698e-05
uniform,624c91,mobile,0.0,0.35309335743469616,1.1854185378670896,0.0,4.736193994506015e-05
uniform,0b86e9,mobile,0.0,0.20477656717808507,1.9141853413532592,0.0,6.699718611818304e-05
uniform,fc9315,poster,0.0,0.33932402202003764,1.3380327132469847,0.0,0.00013113034356150013
uniform,ed3849,poster,0.0,0.31331525197455506,1.4837617073025533,0.0,0.00033967391304347825
uniform,699734,poster,0.0,0.37728684295560133,1.1532389667603313,0.0,0.0002384358607534573
uniform,410cbd,poster,0.0,0.3419684043076676,1.3048384159506887,0.0,0.00016469038208168644
uniform,e9f3a6,poster,0.0,0.390037111105193,1.1886452713381714,0.0,0.0004108463434675431
uniform,661898,mobile,0.0,0.37266594337268,1.267647546793365,0.0,5.663797009515179e-05
uniform,90032b,poster,0.0,0.2693179241413686,1.6807727013418388,0.0,9.52925481227368e-05
uniform,1b0094,poster,0.0,0.4221203208360668,1.0557764993188854,0.0,8.494733265375468e-05
uniform,78fccc,web,0.0,0.23010094463402325,1.6684202107148427,0.0,6.756756756756757e-05
uniform,86d1d4,mobile,0.0,0.36735065338129064,1.1716170586658705,0.0,6.517205422314912e-05
uniform,90181f,mobile,0.0,0.37647377310692925,1.146214425251419,0.0,6.632179334129194e-05
uniform,e663f9,poster,0.0,0.3904938573933584,1.141738705552851,0.0,2.3968170269881597e-05
uniform,e643f8,web,0.0,0.26855246003557426,1.5825987743392,0.0,7.28650539201399e-05
uniform,2f0568,web,0.0,0.23085182594274867,1.9516624034284502,0.0,8.211528986697323e-05
uniform,31eed9,poster,0.0,0.19805853592918432,2.040495798074102,0.0,4.37024735600035e-05
uniform,d3a405,web,0.0,0.3269879580469784,1.38671585136164,0.0,7.905138339920949e-05
uniform,81627a,web,0.0,0.2780783340418017,1.5986697636403802,0.0,7.544892108042855e-05
uniform,b81b5a,web,0.0,0.2347140331814862,1.8363913989527973,0.0,7.783312577833126e-05
uniform,7c8c61,web,0.0,0.2523665448886686,1.6775774412247693,0.0,0.00013982102908277405
uniform,3b4d85,web,0.0,0.2928918771919356,1.532731380218694,0.0,7.739938080495357e-05
uniform,95044c,desktop,0.0,0.34708618523615614,1.3573478263975192,0.0,9.946290033817386e-05
uniform,a752c9,desktop,0.0,0.34416124739147985,1.2971096198298022,0.0,0.00010727311735679038
uniform,61a325,web,0.0,0.3333100713346714,1.3752833923437005,0.0,7.817385866166354e-05
uniform,1655e9,desktop,0.0,0.2775682658363682,1.5977479207355574,0.0,0.0001072041166380789
uniform,94bf23,desktop,0.0,0.3002290792573685,1.4682056282288074,0.0,0.00011203226529240422
uniform,4238a0,desktop,0.0,0.32418330628751574,1.4012824489395126,0.0,0.00011947431302270011
uniform,5fd00b,desktop,0.0,0.25944733100696526,1.7059800785564296,0.0,0.00013336889837289943
uniform,7142a6,desktop,0.0,0.2692042610098878,1.7747099158130561,0.0,0.00012960082944530845
uniform,24f619,desktop,0.0,0.299345259398616,1.4716526207786815,0.0,0.00011238480557428635
uniform,6177fb,desktop,0.0,0.26097030019481793,1.7399905827333313,0.0,0.00010773540185304891
uniform,6bc1d8,mobile,0.0,0.4311939701570704,0.9632092717418855,0.0,0.00017953321364452425
uniform,04741e,mobile,0.0,0.3733843305994017,1.1722303616943195,0.0,6.509569066527795e-05
uniform,a6f08e,mobile,0.0,0.33323769846861123,1.2895708151312852,0.0,6.881365262868153e-05
uniform,cf815f,mobile,0.0,0.3077098314395038,1.3666857581052547,0.0,6.145526057030482e-05
uniform,bf7fae,mobile,0.0,0.45496423450017787,0.9280349209548653,0.0,7.797878976918278e-05
uniform,13642b,mobile,0.0,0.3844006930874059,1.2373529741445815,0.0,9.358038555118848e-05
uniform,3a98e9,mobile,0.0,0.45315772667883203,0.8896302368157885,0.0,6.886103842445945e-05
uniform,b3b08a,mobile,0.0,0.2997646401665706,1.4942948164587868,0.0,6.275100401606425e-05
uniform,9a69c1,poster,0.0,0.43007692246715146,0.9693745439332784,0.0,0.00022851919561243144
uniform,e82dd7,poster,0.0,0.23488260234517325,1.7940084670322347,0.0,0.00030102347983142685
uniform,297a9c,poster,0.0,0.311613294693341,1.489187597892258,0.0,0.00017908309455587392
uniform,cae3e9,poster,0.0,0.46489507821440956,0.8789795539304703,0.0,0.00024154589371980676
uniform,4f5fe8,poster,0.0,0.27479868369076366,1.5839925271523607,0.0,0.0002805836139169473
uniform,56669a,mobile,0.0,0.3538761808944428,1.209008071613073,0.0,6.517205422314912e-05
uniform,927a3c,web,0.0,0.20564199695278057,2.00625081035501,0.0,0.00013520822065981613
uniform,9f1d52,poster,0.0,0.3543416314110466,1.190550757126893,0.0,5.666364460562103e-05
uniform,29b4ce,poster,0.0,0.4864943393833241,0.8342118382077225,0.0,0.00012309207287050715
uniform,83f4bd,web,0.0,0.26380762475168745,1.8054344928462283,0.0,8.638562543192812e-05
uniform,05dac7,web,0.0,0.19144577021335327,2.069575621845488,0.0,7.989773090444231e-05
uniform,ae747f,poster,0.0,0.37238909987071706,1.255980663808316,0.0,0.00010382059800664452
uniform,e5a7be,web,0.0,0.145290382952266,2.4085596645942275,0.0,8.357011532675916e-05
uniform,ed473c,web,0.0,0.26263961065956426,1.7322198222103213,0.0,9.29368029739777e-05
uniform,b5613a,web,0.0,0.2632122910223164,1.7812912390137474,0.0,0.00010369141435089174
uniform,9d7510,web,0.0,0.4127837614307888,1.0171285807695896,0.0,6.686279753944904e-05
uniform,12be73,web,0.0,0.29781841366915435,1.4915919071627115,0.0,8.366800535475234e-05
uniform,0b777c,desktop,0.0,0.3973623819572639,1.0485979698696117,0.0,0.00026455026455026457
uniform,eb0400,web,0.0,0.31735816457163957,1.410163293137951,0.0,9.926543577526305e-05
uniform,aefb83,desktop,0.0,0.2559402365095417,1.708663690433494,0.0,0.00018281535648994517
uniform,b889dd,desktop,0.0,0.2928304697326455,1.501508070150531,0.0,0.00017901897601145723
uniform,c78cef,desktop,0.0,0.14513715345797407,2.4459122938730684,0.0,0.00018726591760299626
uniform,a46e4b,desktop,0.0,0.24401389537986554,1.7109297777697017,0.0,0.00017674089784376105
uniform,e864da,desktop,0.0,0.31310635638789414,1.4101613522835774,0.0,0.00016589250165892502
uniform,6457e0,desktop,0.0,0.2445898541748324,1.7675439272068985,0.0,0.00017869907076483203
uniform,bf4440,desktop,0.0,0.23097696308261403,1.7883761349149923,0.0,0.00018677624206200972
uniform,1dd3f0,desktop,0.0,0.26417827416401374,1.6618694498987732,0.0,0.00015408320493066256
uniform,298ce9,poster,0.0,0.34579817714674765,1.2964359806004635,0.0,3.608024245922932e-05
uniform,10c4f3,mobile,0.0,0.2879809824582937,1.547685170219492,0.0,0.0002685284640171858
uniform,da1a17,mobile,0.0,0.3864157957597591,1.0598807000594082,0.0,8.206138191367142e-05
uniform,49b3fd,mobile,0.0,0.49787796708012244,0.759999164703954,0.0,8.89521437466643e-05
uniform,aa6f23,mobile,0.0,0.29513701453005337,1.5077933400305599,0.0,9.379103357719002e-05
uniform,7db957,mobile,0.0,0.25518944338581956,1.6790522521993463,0.0,0.00012124151309408342
uniform,5d47cf,mobile,0.0,0.5299970414946545,0.6976839233812537,0.0,7.44158356898348e-05
uniform,a8e85c,mobile,0.0,0.44673953909176434,0.8918193757148127,0.0,9.964129135113592e-05
uniform,88c36b,poster,0.0,0.23327877277644965,2.006986726785959,0.0,0.00017229496898690558
uniform,2711d3,poster,0.0,0.23748445572688592,1.8146790550453333,0.0,0.0001774937877174299
uniform,a886c5,mobile,0.0,0.30233686069538473,1.53901879699201,0.0,0.00014598540145985403
uniform,d7beb9,poster,0.0,0.2857139893087429,1.4902840870257361,0.0,0.00020644095788604458
uniform,8f0277,poster,0.0,0.32725729180155116,1.3032171943704283,0.0,0.0004789272030651341
uniform,6975a8,poster,0.0,0.3221899587753537,1.3083506762382737,0.0,0.0001707067258449983
uniform,378c6a,poster,0.0,0.36138537426167705,1.2363154152463525,0.0,0.00010103051121438674
uniform,b6c589,mobile,0.0,0.3651435372119385,1.2770671448392923,0.0,0.00010195758564437195
uniform,83df37,web,0.0,0.2586743388316018,1.6553135751626125,0.0,0.00014740566037735848
uniform,0f5056,poster,0.0,0.23678827756798293,1.8582904696704607,0.0,0.00022737608003638017
uniform,8bb83b,web,0.0,0.28811062770750684,1.5886461662704583,0.0,0.00011512779184895233
uniform,385881,web,0.0,0.2609900375696115,1.6445653381328322,0.0,0.00011190689346463742
uniform,f51c26,web,0.0,0.21641528556258102,1.9348919893334784,0.0,0.00031725888324873094
uniform,baf38d,web,0.0,0.2790275289819005,1.5247032735347505,0.0,0.0001306506401881369
uniform,c7af8c,web,0.0,0.24149472115645484,1.7810845495105856,0.0,0.00016276041666666666
uniform,d6f09c,web,0.0,0.17651465861064913,2.2191091778647323,0.0,0.00010773540185304891
uniform,02622b,web,0.0,0.27219763153359366,1.5693133764185534,0.0,0.0001143379830779785
uniform,e84071,desktop,0.0,0.26922533142971494,1.6119324084788003,0.0,0.0006082725060827251
uniform,7c5f79,poster,0.0,0.21579295837359105,1.9924762015325495,0.0,8.039877793857533e-05
uniform,dba9fe,poster,0.0,0.22252180476559705,1.8296296820818656,0.0,6.884207627702051e-05
uniform,d7049d,web,0.0,0.2305530411060946,1.7345188280706691,0.0,8.901548869503294e-05
uniform,302489,desktop,0.0,0.21688404761297597,1.8525186562483262,0.0,0.0001416029453412631
uniform,631570,desktop,0.0,0.3807456074822061,1.131518655427377,0.0,0.00013935340022296544
uniform,b57c53,desktop,0.0,0.1825813608869914,2.1572994560644254,0.0,0.00016880486158001352
uniform,3a9ac6,desktop,0.0,0.3525331102714703,1.2600752919973668,0.0,0.00012456402590931738
uniform,f466b1,desktop,0.0,0.30263111007327953,1.5499364798650708,0.0,0.00012879958784131891
uniform,8b14c2,desktop,0.0,0.34264116767846947,1.3423930021118506,0.0,0.00011361054305839582
uniform,501b73,poster,0.0,0.38195296752831615,1.1171530552963334,0.0,2.907822041291073e-05
uniform,425384,desktop,0.0,0.32731445109373436,1.2976874117667063,0.0,0.00013171759747102212
uniform,cfa83c,desktop,0.0,0.2666979146584265,1.6231348463481126,0.0,0.0001528117359413203
uniform,70e38d,mobile,0.0,0.2554350396117235,1.7430175178618388,0.0,8.103727714748784e-05
uniform,f657ff,mobile,0.0,0.32791143502367603,1.327902952740036,0.0,8.330556481172943e-05
uniform,906fd8,mobile,0.0,0.2702197347262044,1.5625060447815657,0.0,8.907892392659897e-05
uniform,01e2cd,mobile,0.0,0.36578047164337135,1.2186619720348522,0.0,8.510638297872341e-05
uniform,15723a,mobile,0.0,0.31237260738870554,1.4817545972801942,0.0,7.282260413632391e-05
uniform,8afe09,mobile,0.0,0.3943129669006486,1.0894460292452208,0.0,7.098239636570131e-05
uniform,f4641f,poster,0.0,0.3599893462754641,1.2119418993428492,0.0,0.0003940110323089047
uniform,91b2d6,poster,0.0,0.2954004505431354,1.5064084540010074,0.0,0.0002925687536571094
uniform,233a4c,mobile,0.0,0.3475324789980838,1.2484272235249456,0.0,7.611508601004719e-05
uniform,d73e0e,poster,0.0,0.4087919247639006,1.0582847880365067,0.0,0.0002039151712887439
uniform,4458ae,mobile,0.0,0.2816171879918409,1.4679243007555853,0.0,9.000900090009e-05
uniform,8b4008,poster,0.0,0.31706980628724873,1.4204242299405165,0.0,0.00011825922421948912
uniform,949f72,poster,0.0,0.381770927729163,1.1614547725983155,0.0,0.0001921598770176787
uniform,d073b7,poster,0.0,0.39276106079832884,1.147751019850026,0.0,0.00015943877551020407
uniform,c1ad1f,poster,0.0,0.30157735845618333,1.459699477581125,0.0,0.0001781895937277263
uniform,83ba29,web,0.0,0.28173926755325174,1.6053902101676747,0.0,0.00010738831615120275
uniform,314e90,web,0.0,0.3162539011328898,1.375276569069269,0.0,0.0001286008230452675
uniform,479d3c,web,0.0,0.28682741529603983,1.5819639759218398,0.0,0.00012635835228708617
uniform,25acbb,web,0.0,0.24989814095725033,1.7116925345406315,0.0,8.781173164734808e-05
uniform,dd9efb,mobile,0.0,0.3485976587731006,1.2817933005770352,0.0,9.600614439324117e-05
uniform,660b15,web,0.0,0.3174493817991784,1.419234393385857,0.0,9.475080538184574e-05
uniform,cd1a8e,web,0.0,0.326669496524464,1.3735615846106493,0.0,9.134088417975886e-05
uniform,2154a3,web,0.0,0.27031958503053855,1.571568823560307,0.0,0.00011896264572924102
uniform,d499e7,web,0.0,0.19231580318520167,2.054775712498301,0.0,0.00012077294685990338
uniform,a8a8fd,web,0.0,0.2550005648265339,1.6968114304762008,0.0,0.00011205737337516809
uniform,33eb5e,desktop,0.0,0.24972537210752174,1.6923627134207648,0.0,0.00014585764294049007
uniform,48a5a0,desktop,0.0,0.12682848535106767,2.54703895843902,0.0,0.0001410039481105471
uniform,224be3,poster,0.0,0.39673495463043484,1.0583248412072461,0.0,7.201497911565606e-05
uniform,a03205,desktop,0.0,0.20220015592463594,1.954659613353149,0.0,0.0003875968992248062
uniform,61a9f0,desktop,0.0,0.2680383510821479,1.5687205045521764,0.0,0.00016852039096730705
uniform,3930bc,poster,0.0,0.17371300913036086,2.1596959998059395,0.0,6.294850812035755e-05
uniform,5dbe49,desktop,0.0,0.3736234823371106,1.217434806675061,0.0,0.00020449897750511248
uniform,c2db26,desktop,0.0,0.3082729784360798,1.4630515110803002,0.0,0.0001548467017652524
uniform,11f8c6,desktop,0.0,0.28513428972228183,1.4955326466209233,0.0,0.0001575299306868305
uniform,f4c1e4,desktop,0.0,0.2492502375705175,1.7594719976467847,0.0,0.00012790995139421848
uniform,c05cd5,mobile,0.0,0.372259704164726,1.1883311612844938,0.0,0.00026041666666666666
uniform,e07498,desktop,0.0,0.2835408658657445,1.6101643843331601,0.0,0.0001348799568384138
uniform,cdcaf8,mobile,0.0,0.44571801672751377,0.9162362795548908,0.0,9.863878477017163e-05
uniform,ec6510,mobile,0.0,0.3458677706897063,1.2110072430726102,0.0,8.901548869503294e-05
uniform,2fdaaf,mobile,0.0,0.43164670729237703,0.9478301046950963,0.0,9.604302727621975e-05
uniform,35c59b,poster,0.0,0.3348739312210267,1.3655662323589046,0.0,0.0003248862897985705
uniform,2ad467,mobile,0.0,0.26946398913325853,1.6058834099389672,0.0,0.00010888501742160279
uniform,b65aeb,mobile,0.0,0.3578798710980931,1.334652370134042,0.0,9.604302727621975e-05
uniform,00398c,poster,0.0,0.4362493056151779,0.9450540247696446,0.0,0.0003594536304816679
uniform,e5635e,mobile,0.0,0.34535150697848377,1.2258093242257349,0.0,8.566044200788077e-05
uniform,8c765a,mobile,0.0,0.38729736093800393,1.0976617956150712,0.0,8.099789405475457e-05
uniform,5fcb22,poster,0.0,0.2522429796609272,1.8436049994649215,0.0,0.00010752688172043011
uniform,cb23a7,mobile,0.0,0.23563786522725774,1.7364794175735347,0.0,0.00012693577050012695
uniform,8e5bd8,poster,0.0,0.2688887339085204,1.6580092452679072,0.0,2.3388530264758163e-05
uniform,955a79,poster,0.0,0.3554192665660816,1.2666071882399645,0.0,9.738994935722633e-05
uniform,ca49ac,poster,0.0,0.30249516225644857,1.5351528679995223,0.0,0.0002089427496865859
uniform,26781f,web,0.0,0.25440864535692,1.6797754344473255,0.0,0.00017295053614666206
uniform,7cd2e0,poster,0.0,0.40164393691643274,1.0496256826774184,0.0,0.0002738225629791895
uniform,ed727a,web,0.0,0.26333758734673146,1.5904823928496081,0.0,0.00010362694300518135
uniform,0c11b6,web,0.0,0.27184101059466664,1.5680998681177054,0.0,0.00010319917440660474
uniform,3eb8f9,web,0.0,0.334559658400189,1.297124367770709,0.0,0.00010530749789385004
uniform,f50e6b,web,0.0,0.3036413404345107,1.4501756519452154,0.0,0.00019275250578257516
uniform,193df9,poster,0.0,0.3252673090301351,1.3190977783678277,0.0,0.00012584948401711554
uniform,ecf627,poster,0.0,0.3539250707842179,1.1844898347376391,0.0,7.282260413632391e-05
uniform,74afe3,web,0.0,0.226609325402031,1.846190020947632,0.0,0.00011737089201877934
uniform,54bc51,web,0.0,0.32267146558924786,1.3270592926737381,0.0,0.00010876658690450294
uniform,719127,poster,0.0,0.32745535523506075,1.2393985272147556,0.0,8.110300081103001e-05
uniform,c9fe43,desktop,0.0,0.30045677234125434,1.5073605422769136,0.0,5.207790855119258e-05
uniform,50ebe2,desktop,0.0,0.45558616348476855,0.8876265214255619,0.0,4.215851602023609e-05
uniform,5f1d69,web,0.0,0.28365867504581843,1.5039449165280905,0.0,0.00011987532965715655
uniform,0f8ece,web,0.0,0.24640919101473394,1.7351979930248906,0.0,9.569377990430622e-05
uniform,901003,desktop,0.0,0.46172684211836756,0.8997887102024046,0.0,4.317789291882556e-05
uniform,cca312,desktop,0.0,0.43392486802122054,1.0246518788862036,0.0,3.824091778202677e-05
uniform,c3709c,desktop,0.0,0.3575266047379083,1.3204147164695543,0.0,4.761904761904762e-05
uniform,8ed8ac,desktop,0.0,0.3099205555652027,1.5152681063696685,0.0,5.568548836173293e-05
uniform,7f9e3a,desktop,0.0,0.31879132000215654,1.457193227951772,0.0,6.810133478616181e-05
uniform,57f74a,desktop,0.0,0.47190229602324313,0.8445023329041556,0.0,4.5574696928265424e-05
uniform,15ac57,desktop,0.0,0.28171481396080744,1.5665452644257698,0.0,5.007009813739235e-05
uniform,efb9d2,mobile,0.0,0.40700529157697846,1.0571371547961936,0.0,7.566585956416465e-05
uniform,4d0fc2,poster,0.0,0.3698440350161867,1.2224506760174358,0.0,6.928086462519052e-05
uniform,0ba80a,poster,0.0,0.36022275500272233,1.3487866876824315,0.0,8.107669855683477e-05
uniform,533daf,mobile,0.0,0.39000000385423333,1.1234683415780502,0.0,3.364737550471063e-05
uniform,0a0c95,mobile,0.0,0.38224220450730384,1.194939854205868,0.0,2.634768403857301e-05
uniform,da75d3,poster,0.0,0.3245865157113303,1.5515374618758317,0.0,0.00011069293779056896
uniform,c3f5f9,mobile,0.0,0.46350003474068235,0.9266361806453624,0.0,2.3777820049457867e-05
uniform,af9990,mobile,0.0,0.3797070502734593,1.1454122940314377,0.0,2.729108673107363e-05
uniform,50802a,mobile,0.0,0.5016331606931197,0.7350984868972694,0.0,2.650129856362962e-05
uniform,aefca8,mobile,0.0,0.41574263753467083,1.0735462322837295,0.0,3.2617913758236024e-05
uniform,58033d,mobile,0.0,0.443049087827778,0.9552556249163886,0.0,2.459298608036988e-05
uniform,7ace2f,poster,0.0,0.47659434070313905,0.8786921385759,0.0,3.752626838787151e-05
uniform,f3cfac,poster,0.0,0.3715135796566965,1.192275550191633,0.0,3.4314734747100405e-05
uniform,3d29ac,mobile,0.0,0.4672968761450402,0.8821451855589562,0.0,2.589063794531897e-05
uniform,c4be71,poster,0.0,0.5112196153473693,0.7455020742831702,0.0,6.103515625e-05
uniform,abc926,poster,0.0,0.3453082385864449,1.2825643764468588,0.0,5.8459020226820995e-05
uniform,de022a,web,0.0,0.4101778431327352,1.1120466380418532,0.0,4.601085856262078e-05
uniform,8f64ff,web,0.0,0.46369354526795437,1.0881735489124629,0.0,4.979583706802111e-05
uniform,0950e7,web,0.0,0.3481986207596266,1.3996670959033455,0.0,3.5922120842014515e-05
uniform,25426d,web,0.0,0.3448544604828772,1.2989258596723536,0.0,3.860407659048796e-05
uniform,aa24d4,web,0.0,0.38790022088030646,1.1351979276031867,0.0,4.482696790389098e-05
uniform,e9b913,web,0.0,0.3500914083727617,1.3153178727153543,0.0,4.4173513561268665e-05
uniform,457230,web,0.0,0.21017312306689137,1.9854259337098352,0.0,3.5709184402228255e-05
uniform,72e45e,web,0.0,0.23735747219864556,1.9847851978962558,0.0,4.880905896134323e-05
uniform,f961b1,web,0.0,0.26477874822324143,1.755024329285051,0.0,3.72300819061802e-05
uniform,673d4f,poster,0.0,0.3959511651927013,1.103586512112597,0.0,1.894441708028644e-05
uniform,c71a6f,desktop,0.0,0.3527955328054448,1.318570727614477,0.0,0.00011475786091347258
uniform,c92f85,desktop,0.0,0.24723099148708125,1.7860555425693183,0.0,0.00013294336612603032
uniform,d3a241,desktop,0.0,0.2852040083072426,1.5110414626560134,0.0,0.00010638297872340425
uniform,1b984b,desktop,0.0,0.22747336297229415,1.8404725741537227,0.0,0.0001479727730097662
uniform,244817,desktop,0.0,0.3676513101921032,1.2015611553822674,0.0,0.00010964912280701755
uniform,b2c74f,desktop,0.0,0.14563475265443587,2.533330083367533,0.0,0.00016035920461834508
uniform,df67c6,desktop,0.0,0.28010424013973007,1.5459647437126154,0.0,0.00010831889081455805
uniform,b2165e,desktop,0.0,0.22820466012448395,1.8060449961012117,0.0,0.00013099292638197538
uniform,244dfc,desktop,0.0,0.33537323567799376,1.3605460263530875,0.0,0.00011143302874972142
uniform,f1e0ee,poster,0.0,0.35105213505542837,1.2948446426513815,0.0,1.7272947110235948e-05
uniform,3c465a,mobile,0.0,0.41295827293974813,1.0290068666728058,0.0,0.00023191094619666049
uniform,bd8797,poster,0.0,0.30291570512023147,1.4528544511046526,0.0,0.00016202203499675956
uniform,9620b2,mobile,0.0,0.39441756501009,1.1639278451963448,0.0,8.21287779237845e-05
uniform,b9d4f6,poster,0.0,0.28616700808540885,1.572795504022141,0.0,0.00018811136192626034
uniform,abf2a6,mobile,0.0,0.31649646609060644,1.3470619666071448,0.0,9.863878477017163e-05
uniform,151d2e,mobile,0.0,0.42055992801846276,1.001013120160059,0.0,7.123521869212138e-05
uniform,fb3c20,mobile,0.0,0.4630543973037407,0.8620689550504348,0.0,8.351428094204109e-05
uniform,34c262,poster,0.0,0.4552435243754738,0.9070868967892703,0.0,0.00041562759767248546
uniform,091ab0,mobile,0.0,0.2646956886256882,1.5837368605620623,0.0,7.739938080495357e-05
uniform,76e1d9,mobile,0.0,0.31178872236980804,1.4547819376541886,0.0,6.512112529304507e-05
uniform,614eae,mobile,0.0,0.35473953476592324,1.2732660778469,0.0,7.987220447284345e-05
uniform,9e069d,poster,0.0,0.2837833307254333,1.5703623613642184,0.0,8.494733265375468e-05
uniform,bca872,mobile,0.0,0.32653926424897506,1.394886248889903,0.0,7.49737591842855e-05
uniform,964f81,poster,0.0,0.2959708112753301,1.5363055277123305,0.0,0.00026809651474530834
uniform,ab56ac,poster,0.0,0.32903585598804685,1.3688340832660042,0.0,0.0004098360655737705
uniform,d1e801,web,0.0,0.3507204821562375,1.2317927703225842,0.0,9.867771857114664e-05
uniform,1a27f3,web,0.0,0.2740830706327216,1.6642233476070558,0.0,0.00010183299389002037
uniform,f4bfdd,poster,0.0,0.23843848865895523,1.79528370681582,0.0,8.674531575294934e-05
uniform,c2c5ec,web,0.0,0.25076953879425645,1.7655111160563337,0.0,0.0001181753722524226
uniform,aa063a,web,0.0,0.2846240655199582,1.6022759305590375,0.0,8.726003490401397e-05
uniform,1e79f1,web,0.0,0.2672614874871966,1.64884352765697,0.0,9.589566551591868e-05
uniform,1b4c8d,poster,0.0,0.294194674497128,1.4553955996489478,0.0,4.701015419330575e-05
uniform,195990,web,0.0,0.3133079587968292,1.4364755868508252,0.0,9.723842862699339e-05
uniform,824f2b,desktop,0.0,0.28942929808062684,1.4537728525126243,0.0,0.00013266118333775536
uniform,bef1f3,web,0.0,0.22862113189573358,1.884348655007752,0.0,0.00011494252873563218
uniform,a128c8,poster,0.0,0.3210209878862859,1.3597326596006656,0.0,5.612932195779075e-05
uniform,9b3896,desktop,0.0,0.23030655055821464,1.9481595968437504,0.0,0.00017018379850238256
uniform,1a03d5,desktop,0.0,0.29881499118999494,1.5449944641622222,0.0,0.00021654395842355997
uniform,b3e3d8,web,0.0,0.20613999649179798,2.0706900326888906,0.0,9.775171065493646e-05
uniform,ad1e05,desktop,0.0,0.3106364127944204,1.3945193516883314,0.0,0.00012285012285012285
uniform,27e29a,desktop,0.0,0.22002501307573422,1.8272897235826187,0.0,0.00010573059843518714
uniform,2aff6a,web,0.0,0.31606504975903504,1.3833771131466075,0.0,6.375924509053813e-05
uniform,c3ac4c,desktop,0.0,0.3014123284976784,1.551345225154804,0.0,0.00011397310234784591
uniform,c8b126,desktop,0.0,0.25870041665440935,1.6007380131763647,0.0,0.00014384349827387802
uniform,40e990,mobile,0.0,0.34013420710641495,1.2717009223765896,0.0,0.00025316455696202533
uniform,0f1984,desktop,0.0,0.26682465044584175,1.771369560072386,0.0,0.00014753614635585718
uniform,c0e167,desktop,0.0,0.2783964285428598,1.5422761345226719,0.0,0.00015422578655151142
uniform,991446,mobile,0.0,0.4195707297934691,1.0203961584124068,0.0,0.00021249468763280918
uniform,c01b8e,mobile,0.0,0.4499564964015372,0.8865259088888289,0.0,0.00021258503401360543
uniform,0e136e,poster,0.0,0.32142553608293123,1.345168201069481,0.0,0.00019062142584826535
uniform,5d66d2,poster,0.0,0.22673625742274264,1.8118353703407295,0.0,7.738740133106331e-05
uniform,b44e33,mobile,0.0,0.4976173979020699,0.7600307992477755,0.0,7.33783387144115e-05
uniform,4c739f,poster,0.0,0.32946729443884937,1.39355581730401,0.0,0.0002168256721595837
uniform,fb2cd4,mobile,0.0,0.34452820596311795,1.3318252518499245,0.0,8.919015340706386e-05
uniform,4b9fd2,mobile,0.0,0.4250102572078186,1.0605744267221926,0.0,7.601094557616297e-05
uniform,46e638,mobile,0.0,0.49175123670754767,0.8250940316720163,0.0,6.319514661274014e-05
uniform,13ae19,poster,0.0,0.38457982619785747,1.0848660466517357,0.0,0.0002666666666666667
uniform,f9ae9f,mobile,0.0,0.29439756622178803,1.4169749726065632,0.0,7.004763239002522e-05
uniform,83a338,poster,0.0,0.37881926171007907,1.1548375015298957,0.0,0.00037425149700598805
uniform,abe796,web,0.0,0.34402812331480404,1.2748837938807804,0.0,0.00013717421124828533
uniform,0feea2,mobile,0.0,0.3891932399020427,1.1260839136832663,0.0,8.325008325008325e-05
uniform,d889b1,poster,0.0,0.3114722275090739,1.3959163337067289,0.0,4.744283138817725e-05
uniform,92b95d,web,0.0,0.3455304309488702,1.238599743142428,0.0,9.800078400627205e-05
uniform,8f9844,web,0.0,0.23624330183358627,1.8283307073364699,0.0,0.00011734334663224596
uniform,825f33,poster,0.0,0.3611367781907828,1.2264584828403762,0.0,0.00010139931048468871
uniform,5bfe3d,poster,0.0,0.29176291245509944,1.4588775894711585,0.0,9.59877135726627e-05
uniform,6047d3,web,0.0,0.2795172309705611,1.5790351316096016,0.0,0.0001017293997965412
uniform,c05976,web,0.0,0.2799571757908139,1.5906915345035515,0.0,0.00010550749103186326
uniform,5887a5,web,0.0,0.21421346025200216,2.016722921501777,0.0,0.00013290802764486976
uniform,a53761,poster,0.0,0.38595721014621126,1.1002100483292474,0.0,7.218131947451999e-05
uniform,628715,desktop,0.0,0.29684524981468785,1.4885100614516793,0.0,0.000361794500723589
uniform,b86b7d,desktop,0.0,0.1413146346417852,2.4462024685208714,0.0,0.00042589437819420784
uniform,a8f275,web,0.0,0.2586174640417901,1.6586697218948248,0.0,9.025270758122743e-05
uniform,fe14d6,web,0.0,0.35443356332970993,1.278275007015904,0.0,8.068420203324189e-05
uniform,c228a1,web,0.0,0.27393120754246647,1.6486939912216598,0.0,8.279516476237788e-05
uniform,a7a9da,desktop,0.0,0.2600727742081539,1.6884859809306092,0.0,0.0002153316106804479
uniform,3076c2,desktop,0.0,0.21824951301354514,1.8942933357861564,0.0,0.00032938076416337287
uniform,6fbe76,desktop,0.0,0.21146822110260177,2.0838909673627826,0.0,0.00032071840923669016
uniform,c50a3d,desktop,0.0,0.21638411609396696,1.918852409128116,0.0,0.0002626050420168067
uniform,9bbfdf,desktop,0.0,0.19919957849277786,2.066916626103098,0.0,0.0003071253071253071
uniform,815859,desktop,0.0,0.27358782234574275,1.5711500003874244,0.0,0.00021312872975277067
uniform,1c381f,desktop,0.0,0.19103582120199797,2.0757601015307734,0.0,0.00021294718909710392
uniform,598d81,mobile,0.0,0.20323809805882906,1.8160373459219126,0.0,0.00039277297721916735
uniform,31bba3,mobile,0.0,0.3076768195929971,1.426679502947706,0.0,0.0001404494382022472
uniform,1a2fc7,mobile,0.0,0.2493875223846662,1.745252901738956,0.0,0.00015262515262515263
uniform,7decae,mobile,0.0,0.3559835943071276,1.2190217657643563,0.0,0.00011049723756906077
uniform,eb06ec,mobile,0.0,0.3962918750892559,1.0935921249785572,0.0,0.0001349527665317139
uniform,3e8fe3,mobile,0.0,0.38511235830298596,1.1021953291502156,0.0,0.00012584948401711554
uniform,66b3ff,mobile,0.0,0.17122113098730626,2.1684993329722295,0.0,0.00020275750202757503
uniform,b92f85,mobile,0.0,0.283256456450027,1.6609703137667655,0.0,0.000163826998689384
uniform,2ffa4a,poster,0.0,0.22223744104111282,1.915888486496291,0.0,0.00021422450728363326
uniform,5ea384,poster,0.0,0.284626364466104,1.5624749009313361,0.0,0.00010564124234100993
uniform,f285d7,mobile,0.0,0.215285150792891,1.8812219048426142,0.0,0.00016556291390728477
uniform,ab0c83,poster,0.0,0.34364072327973544,1.2735724150414387,0.0,0.0004091653027823241
uniform,a6b429,poster,0.0,0.3236588120930826,1.3417634028556604,0.0,0.00036231884057971015
uniform,393327,web,0.0,0.17573752032873455,2.075687367846445,0.0,0.00016818028927009755
uniform,c6a6d9,web,0.0,0.3097279934784349,1.382040555077635,0.0,0.00020576131687242798
uniform,0af35a,web,0.0,0.19648525432582048,1.9419224794047323,0.0,0.00016711229946524063
uniform,a87d4f,poster,0.0,0.33760262325094703,1.2717812428087734,0.0,0.00014084507042253522
uniform,168b3b,poster,0.0,0.383654916963063,1.1304776336147868,0.0,0.00011494252873563218
uniform,4f4f19,poster,0.0,0.2633989388486996,1.6352459010354368,0.0,0.0001016880211511084
uniform,b4a27a,web,0.0,0.2530899684270864,1.6956657854636288,0.0,0.00022999080036798528
uniform,4f7447,poster,0.0,0.20560428585545992,1.8892313978798791,0.0,9.102494083378845e-05
uniform,bfa4f2,web,0.0,0.2457309388702222,1.7795937778956294,0.0,0.00014216661927779356
uniform,9f5081,web,0.0,0.24722680860274449,1.6666284619664795,0.0,0.00017556179775280898
uniform,e1217f,poster,0.0,0.2675154005458033,1.5690457712210226,0.0,0.00012135922330097087
uniform,fe6876,web,0.0,0.23133000786798708,1.8754123361179231,0.0,0.00019928258270227183
uniform,b02217,web,0.0,0.272552761033628,1.5570312238759634,0.0,0.00017024174327545113
uniform,6d8af6,web,0.0,0.24710460177789334,1.719771533346652,0.0,0.00017439832577607255
uniform,a09cbe,desktop,0.0,0.2734338728391944,1.5206520773722716,0.0,0.00012963443090484831
uniform,8b2ea2,desktop,0.0,0.27551800117550096,1.5815947406051714,0.0,0.0001355380862022228
uniform,8d2ab9,desktop,0.0,0.22196533108281513,1.882979745994449,0.0,0.00016249593760155997
uniform,7fc716,desktop,0.0,0.30336514886796906,1.5212224203757039,0.0,0.00011568718186024989
uniform,592b58,desktop,0.0,0.2746908542851548,1.5649674475255495,0.0,0.00012926577042399174
uniform,815511,desktop,0.0,0.2563735924176783,1.6220028582343857,0.0,0.0001306506401881369
uniform,6c8b71,mobile,0.0,0.40439025050602373,1.10539455796574,0.0,0.00018615040953090097
uniform,2a8f6b,desktop,0.0,0.2309913625383322,1.866634520481275,0.0,0.00018294914013904133
uniform,aac5d7,desktop,0.0,0.23016032200383607,1.841346323067759,0.0,0.00012619888944977284
uniform,49e72e,desktop,0.0,0.2396750233949854,1.8172576004861816,0.0,0.00012007684918347742
uniform,449b4f,mobile,0.0,0.4164835224312791,1.1170308631110255,0.0,0.00021523891519586742
uniform,cd9e29,mobile,0.0,0.41305086120803614,0.9982601477504188,0.0,0.00020798668885191348
uniform,bc43bb,mobile,0.0,0.364122920559272,1.2155784973435586,0.0,6.409434687860531e-05
uniform,e18daf,poster,0.0,0.4359520005342933,0.9646164432431512,0.0,0.00018201674554058973
uniform,ab4d1f,mobile,0.0,0.29923900445123564,1.4303253938702947,0.0,7.598784194528876e-05
uniform,d1ef30,mobile,0.0,0.2703737507596873,1.6368856637250961,0.0,6.930967563071805e-05
uniform,0dc366,mobile,0.0,0.2127441571790473,1.9563831670016831,0.0,7.640586797066015e-05
uniform,59354f,mobile,0.0,0.3376715768004579,1.3759722274691746,0.0,8.095854922279793e-05
uniform,d7cfda,poster,0.0,0.36620812687730375,1.1903068732703368,0.0,0.00011086474501108647
uniform,5620ab,mobile,0.0,0.24095709708129665,1.7481017641529115,0.0,9.68054211035818e-05
uniform,5db7bc,poster,0.0,0.30226888259787155,1.5779786181801905,0.0,0.00037965072133637056
uniform,7c352d,poster,0.0,0.3093722829730634,1.4011177544457414,0.0,0.0004068348250610252
uniform,cb0c6c,poster,0.0,0.2539684525570478,1.7200295735705775,0.0,0.00012863390789812196
uniform,c84353,poster,0.0,0.31092888424612675,1.3980291872591182,0.0,6.758583400919168e-05
uniform,e7a5c0,poster,0.0,0.36149299263659246,1.1867031714389413,0.0,6.360513929525506e-05
uniform,c79430,poster,0.0,0.3718598445147896,1.1446684174170434,0.0,9.838646202282565e-05
uniform,2304c8,web,0.0,0.19077537044043233,2.0511201681401405,0.0,0.0001590836780146357
uniform,631068,web,0.0,0.2407274586297447,1.7358097574212437,0.0,7.898894154818325e-05
uniform,a44696,web,0.0,0.33396612639806633,1.3829561174100062,0.0,8.210180623973728e-05
uniform,853a11,web,0.0,0.3564761433936383,1.2747063362721465,0.0,0.00012613521695257316
uniform,a91f25,web,0.0,0.23065077493678535,1.850478736155333,0.0,0.00010608953957139826
uniform,18db69,web,0.0,0.17054183832942546,2.0498891982060807,0.0,9.28332714444857e-05
uniform,9aabba,web,0.0,0.26220988079147295,1.6921836329013318,0.0,9.988014382740711e-05
uniform,ab4eb4,web,0.0,0.2806305590822111,1.5618593918448274,0.0,8.086689309396733e-05
uniform,cac69c,web,0.0,0.2441299738825838,1.756485111338372,0.0,8.958967926894822e-05
uniform,91795a,poster,0.0,0.3098124982507555,1.4625473935218383,0.0,6.3299151791366e-05
