model,run,image_id,category,n_points,CC,SIM,KL,NSS,AUC,CC_partial
qwen-3.5-plus,1,00398c,poster,40,0.0616788341237461,0.4474280785530405,1.063717391407604,0.2127059057324008,0.5611032288075352,-0.0558665484034385
qwen-3.5-plus,2,00398c,poster,48,0.1513661589687107,0.4577480696199289,1.0994534369667024,0.3305715041935115,0.6155611674405298,0.0553315391713172
qwen-3.5-plus,3,00398c,poster,40,0.1450067615252654,0.4660633884483339,1.0020724178820384,0.325855850066607,0.5982788914129075,0.1083097286185895
qwen-3.5-plus,1,006450,mobile,27,-0.0403290766784799,0.3150039349914579,2.408825873078004,-0.1140884138851158,0.4426986003627151,-0.0522008178065735
qwen-3.5-plus,1,003eb9,desktop,48,0.4656726514208461,0.4024986168586778,1.1251913402739506,1.2919149057023356,0.8126213179354205,0.3873561957460881
qwen-3.5-plus,2,006450,mobile,45,0.1246636324192505,0.4031898406140538,1.2517160114240244,0.1728549228843788,0.556262896855612,-0.0059041236227654
qwen-3.5-plus,3,003eb9,desktop,50,0.1913310433766315,0.3396848939779189,1.599034990897393,0.5277107526540141,0.6791445632572564,0.0339773212124164
qwen-3.5-plus,2,003eb9,desktop,38,0.5351899586865819,0.4309535054918129,1.026772466163042,1.573944572610787,0.8321055708613276,0.4487102783412525
qwen-3.5-plus,3,006450,mobile,44,-0.1426461061163306,0.3175371420022014,1.9456863221883849,-0.2948145986271593,0.4133974855180952,-0.1318243886365879
qwen-3.5-plus,2,009d6b,desktop,49,0.2450678171564186,0.3914192189089042,1.3549047233878202,0.4627628675514203,0.6321089717046422,0.2184369840690741
qwen-3.5-plus,1,009d6b,desktop,50,0.1400545260785541,0.3533356076562848,2.41391659405866,0.2795433678833308,0.5778063867041507,0.1213630870169838
qwen-3.5-plus,3,009d6b,desktop,46,0.1870960673890052,0.3779339092333947,1.3950621612865848,0.342965749715454,0.611025988897965,0.2160571466815996
qwen-3.5-plus,3,009085,web,48,0.1454688818942004,0.2979077807112505,1.6367330122432997,0.4106241541099484,0.7179970261016109,0.1794878803039299
qwen-3.5-plus,1,009085,web,52,0.1434080799612101,0.2970733020949476,1.6672453997874264,0.3964351322916866,0.7142190662416991,0.1750163882222478
qwen-3.5-plus,2,009085,web,47,0.1511302777898653,0.3101101564606386,1.5602031597337862,0.428837748213015,0.7411103371927246,0.1781799918604053
qwen-3.5-plus,1,00b3a0,desktop,47,0.1598364563612059,0.3085474739246825,2.0977653618825634,0.4021008685429106,0.6717812699355079,0.1372531542183855
qwen-3.5-plus,2,00b3a0,desktop,39,-0.0365654764026586,0.2166276861561797,3.4358878313868084,-0.1619660257290377,0.5114996424693442,-0.0051079131817078
qwen-3.5-plus,2,00b8f8,desktop,35,0.2670235473475859,0.3713878707032648,1.3686141974072092,0.5235531382022088,0.6910837513374737,0.2251650664854228
qwen-3.5-plus,3,00b3a0,desktop,40,0.3470659461711667,0.3839494727808872,1.709165829976241,0.8737297940991632,0.7036238677107525,0.2909634620184503
qwen-3.5-plus,3,00b8f8,desktop,40,0.15394953077019,0.3530168993858131,1.3671243677443443,0.25700298153384,0.6381271262439583,0.126998630607179
qwen-3.5-plus,2,005f83,poster,41,0.4112040320720791,0.4908118208307475,1.6908678754731865,0.8818728113553627,0.7569423578260026,0.412465505742169
qwen-3.5-plus,1,00b8f8,desktop,49,0.1590733413828589,0.3433673964086977,1.4364406088692812,0.3064282930403085,0.6426271400359748,0.0824285394995269
qwen-3.5-plus,1,005f83,poster,40,0.3463712059495052,0.4539041275823796,1.8518016705978757,0.7531943153916407,0.7454218377844779,0.3411152466332961
qwen-3.5-plus,3,005f83,poster,53,0.2507519436543469,0.3832448229788374,2.232478830525798,0.522807286007089,0.6980575895026404,0.231307676883711
qwen-3.5-plus,3,00d37d,mobile,46,0.1110053557229221,0.3359549558363484,2.7730617705518887,0.385949734466584,0.5902571297387793,0.0863126173281723
qwen-3.5-plus,1,00f742,poster,48,0.4166380355406691,0.4985078975309096,0.8289585858413377,0.6520939779838832,0.6700887035678575,0.407811753282407
qwen-3.5-plus,2,00d34f,mobile,43,0.1436601126203148,0.3108842562834764,2.0894558916313932,0.4321888353066621,0.6882211345633634,0.0256033340894173
qwen-3.5-plus,2,00f742,poster,40,0.509063201986309,0.5484049462078753,0.722251341884262,0.8242185213341329,0.718328121038741,0.522105698262866
qwen-3.5-plus,3,00f742,poster,50,0.3843993487948299,0.4851839590778248,0.8029695001444508,0.5889597630669633,0.6737683510005272,0.3779253192606048
qwen-3.5-plus,1,00d34f,mobile,53,0.5588250824561776,0.5208610735517828,1.9329649551265915,1.3022824035445293,0.7204844236296403,0.489740315906621
qwen-3.5-plus,3,00d34f,mobile,30,0.1458277408061194,0.2404049800521832,3.347941532491145,0.4788829179535139,0.6669553491033697,0.0097061152673906
qwen-3.5-plus,2,00d37d,mobile,46,0.10411224071162,0.3161517206883445,3.1732037804001583,0.2400399009121234,0.6130209079895059,0.1299349357983144
qwen-3.5-plus,1,00fcd9,mobile,43,0.334635276618789,0.4239470591952005,1.0958922156802886,0.7033411185951135,0.7046046993809323,0.2515198578347712
qwen-3.5-plus,1,00d37d,mobile,36,0.0233879869633527,0.2757238332696862,3.80158205570628,0.1500329340599513,0.5600432128160621,0.0841452800800505
qwen-3.5-plus,2,00fcd9,mobile,49,0.3370598571441336,0.4380488591560413,1.1202472986596472,0.7114454875500442,0.692149471401256,0.3122583512149543
qwen-3.5-plus,3,00fcd9,mobile,45,0.4112721478315561,0.4688713676426105,1.0029669162224466,0.8712493378090045,0.737733413382309,0.3544748756151431
qwen-3.5-plus,2,012baa,mobile,40,0.1867587802859485,0.3825057257879308,1.293659878714541,0.5223015848613631,0.6350409386251701,0.3503769837302006
qwen-3.5-plus,1,012baa,mobile,40,0.194618006002578,0.3956672010196541,1.2407477625655754,0.5248156946945872,0.6423026019827769,0.3019771141372433
qwen-3.5-plus,3,012baa,mobile,38,0.489275232794565,0.4918506844928701,0.8643649859024652,0.9423045253824334,0.7317285809513612,0.4288825612237237
qwen-3.5-plus,1,0136d8,desktop,40,0.2824490520919312,0.3944644138223022,1.2709670891315423,0.6895159767028906,0.7191275242850047,0.2759023996146115
qwen-3.5-plus,2,0136d8,desktop,50,0.1481967144138796,0.3080085262511186,2.3174495428284003,0.4138760337680317,0.627408547043089,0.1468894695261641
qwen-3.5-plus,1,013aca,poster,47,0.4013590959154807,0.415502284051046,1.0922866635355026,0.8826116899873493,0.7353578126186582,0.4094132340713898
qwen-3.5-plus,3,0136d8,desktop,51,-0.0042773219461271,0.2611719466303288,3.325610447387512,-0.0610554728711401,0.4710592776391075,0.0617074058234533
qwen-3.5-plus,2,013aca,poster,40,0.3885063961256374,0.4163174400106847,1.0836541631659502,0.8770752469245432,0.7430496909739058,0.3889116450893335
qwen-3.5-plus,3,013aca,poster,49,0.3051314160289098,0.4139620825169851,1.536086605187141,0.6672380085577503,0.6836764645146626,0.3163148621606039
qwen-3.5-plus,1,014b22,web,57,0.4920916544345358,0.5011855096960052,0.9283501172156444,1.003216854057855,0.7591796837288526,0.3208727423829912
qwen-3.5-plus,3,014b22,web,45,0.2534591033636776,0.4176632935323852,1.437704919629912,0.5174659379641009,0.6611994466895256,0.1322995689004983
qwen-3.5-plus,2,016f77,mobile,41,0.3249095141452907,0.4696322735207946,0.9581421017164864,0.5586968116666935,0.6469340838859798,0.3789958365559653
qwen-3.5-plus,2,014b22,web,41,0.369780422917623,0.4463500773924037,1.0169346391511391,0.6737993567888079,0.6899954817257686,0.1163563396507516
qwen-3.5-plus,3,016f77,mobile,40,0.4119602917194357,0.4979308282176279,0.9511109058960115,0.8395078015287868,0.7015106320106328,0.4772338484783225
qwen-3.5-plus,1,016f77,mobile,48,0.5277778657682215,0.5476604956704898,0.6686454314054405,0.96847107145112,0.755452585441688,0.5318805233735938
qwen-3.5-plus,1,018c0a,poster,48,0.7781236769551247,0.6273434117795291,0.652378713716486,1.712637107922163,0.8419822819814883,0.7720082796814177
qwen-3.5-plus,2,018c0a,poster,40,0.784892977759413,0.6213309955783245,0.6288433690038561,1.7562652185364471,0.8491104199410419,0.7775298485730974
qwen-3.5-plus,3,018c0a,poster,40,0.8190052025769038,0.6404659059489959,0.5563772622274388,1.862720248584308,0.8498493276070848,0.8122453726582027
qwen-3.5-plus,1,0197c7,poster,50,0.3698630752298739,0.4400884173549014,1.0407168867315435,0.7284858686056341,0.7099454723304693,0.3638091166543373
qwen-3.5-plus,2,0197c7,poster,40,0.0703926741997676,0.3549268369240091,1.5570220246152893,0.1193104810941312,0.5612028131941096,0.0546255693279514
qwen-3.5-plus,3,0197c7,poster,43,0.3073486942882714,0.4275689148213987,1.1710497261073023,0.587551268924375,0.6840531309530397,0.2999031584941671
qwen-3.5-plus,1,01ca85,mobile,40,0.2516248523791516,0.4370773918427389,1.522013343923819,0.5753719333739767,0.7199982478394102,0.1082417549138076
qwen-3.5-plus,2,01ca85,mobile,40,0.1009772135912307,0.3740700387885124,1.593958854022509,0.1892360071652515,0.5610206281216278,-0.1424746024434078
qwen-3.5-plus,3,01ca85,mobile,46,0.293664500524248,0.4206378010082606,1.3670940468090294,0.5953752923772637,0.6828892417304847,0.1080696416376061
qwen-3.5-plus,1,0186f0,poster,50,0.1316384532529115,0.3171713754558177,4.815016766738042,0.3366256670096714,0.5176950839332434,0.2042648843516845
qwen-3.5-plus,1,01d4b9,poster,44,0.0014349766434832,0.4867680806941091,0.947075613892399,-0.0027569814479726,0.4909060123758065,-0.0360692973888758
qwen-3.5-plus,2,0186f0,poster,48,0.3986905529226262,0.339875869766041,4.018436912564774,0.847903514703973,0.6255332062926051,0.4142548224877193
qwen-3.5-plus,3,0186f0,poster,49,0.3637403662276139,0.4847804262228512,1.2171485082728928,0.6702135303733489,0.7097678266223968,0.3899153158701094
qwen-3.5-plus,2,01d4b9,poster,50,0.039960952401169,0.5093231407200015,0.8596368707053538,0.1282553148660353,0.5595647356859614,-0.0146935952014792
qwen-3.5-plus,3,01d4b9,poster,35,0.0801231289672474,0.5073959033212392,1.1073363786145571,0.1942363090011577,0.5572472705200131,-0.0414636548653637
qwen-3.5-plus,2,01e2cd,mobile,47,0.2962435393479511,0.3861781844986429,2.0003185525480207,0.4046882310504426,0.6722151619507822,0.1736287347434877
qwen-3.5-plus,1,01e2cd,mobile,41,0.2543140075313506,0.3822970636754138,2.203221360685817,0.4751256515086096,0.6306113556089885,0.164976508793645
qwen-3.5-plus,2,020ba5,mobile,40,0.1787619238100238,0.3370444754436976,3.6115729196397015,0.1143058412059185,0.5596862478642237,-0.0340542078204957
qwen-3.5-plus,1,020ba5,mobile,43,0.1351559330923425,0.362989815636008,2.956323846324461,0.11389036833621,0.5248948677603872,-0.0421850101615556
qwen-3.5-plus,3,01e2cd,mobile,30,0.1702530121303179,0.3189633860477921,2.9555225651785446,0.2407560056179344,0.5777229608756462,-0.0059102400161568
qwen-3.5-plus,3,020ba5,mobile,38,0.1468223192900446,0.3324358336486254,3.530853959797857,0.267177997292509,0.5827344944327505,-0.0051163506379836
qwen-3.5-plus,1,02622b,web,33,0.030243896461983,0.253276604498534,2.9397156673584206,-0.0587785964175304,0.5031745190070113,0.0369599528566104
qwen-3.5-plus,2,02622b,web,40,0.1935017674125599,0.332664969944736,1.6469382771515022,0.4149607880795461,0.6363308621135014,0.2081907604805813
qwen-3.5-plus,3,02622b,web,31,-0.0283644582306038,0.213668430077871,3.611415896043976,-0.1448376616829186,0.4646805027606542,-0.0202047830079489
qwen-3.5-plus,1,026a98,web,17,0.1095399606799305,0.2707049215039848,3.724525851731036,0.3210070937156859,0.6152001711841448,-0.0212524630228488
qwen-3.5-plus,2,026a98,web,40,0.1653843404893493,0.3267578952725096,1.7349001162600708,0.331512208119827,0.5984392366781435,-0.0278846950351342
qwen-3.5-plus,3,026a98,web,40,0.2611494891199216,0.3973022723472514,1.7100738766400132,0.6510109722978253,0.7200399682285311,0.0562875193626166
qwen-3.5-plus,1,026dd2,web,49,0.4021938753197478,0.4042214811086942,1.2745150441413275,0.7962293550953706,0.7061930888506597,0.3204980655212885
qwen-3.5-plus,2,026dd2,web,43,0.466153317862736,0.4293408217293205,1.1867518917208293,0.952440294804224,0.7310559300303253,0.4310940787447787
qwen-3.5-plus,3,026dd2,web,48,0.0860475895464988,0.2942778426412161,2.046602083651949,0.1540533905164509,0.5772632793539276,0.0604815545781467
qwen-3.5-plus,1,027990,poster,46,0.041092408506304,0.3326324919042622,1.5571768971345532,0.1186722371970567,0.5727513029074272,0.1524094637765513
qwen-3.5-plus,2,027990,poster,50,0.1655276747097201,0.3676244709189161,1.477938684608988,0.3745127003412749,0.6209007939623198,0.156462226634962
qwen-3.5-plus,3,027990,poster,49,0.1785936059799621,0.3736915538007178,1.400349990463963,0.3678017759566133,0.5823003661293832,0.1343715409095013
qwen-3.5-plus,1,029a48,web,30,0.3807436122147785,0.4259848130529278,1.4415323581529556,0.9930921514328828,0.7575163799651035,0.162212250627478
qwen-3.5-plus,2,029a48,web,40,0.5569118263831211,0.5181489840214637,0.8618802820491175,1.5210916838297983,0.8548118349283126,0.329001027256841
qwen-3.5-plus,1,02f37c,mobile,40,0.489711080297867,0.5190992277016357,0.7852624592549408,0.8317441597472556,0.7344531704569488,0.5111221626919975
qwen-3.5-plus,3,029a48,web,44,0.5018169955678233,0.4997312074915574,0.9559918542728756,1.4206553346516697,0.8436791671575795,0.2423085050451825
qwen-3.5-plus,2,02f37c,mobile,45,0.6140342028058694,0.5612559018028399,0.6701701988601545,1.0469398016088736,0.7648160101678871,0.6328908401492922
qwen-3.5-plus,3,02f37c,mobile,33,0.5166341262961756,0.5149725080790339,0.8368762477328527,0.8396585999760834,0.7288734625900849,0.5965972893386134
qwen-3.5-plus,1,030bb3,desktop,40,0.5296298092475802,0.4203483093752428,1.0957658247852942,1.3161982975300883,0.7880311253761314,0.5039975992213231
qwen-3.5-plus,2,030bb3,desktop,57,0.122989906198674,0.2462750549629292,1.804618279973394,0.329945014898016,0.6107415895395966,0.046118967262653
qwen-3.5-plus,3,030bb3,desktop,46,0.4284144965294777,0.3738122722042413,1.600097708551514,1.0206665077089994,0.7087652958600329,0.4260015200607294
qwen-3.5-plus,2,02a592,web,40,0.2857196104471613,0.3037022333985644,2.349325185583393,0.8705313912339517,0.73883593063569,0.2943822290803305
qwen-3.5-plus,1,02a592,web,45,-0.0609091863288883,0.1749781844418182,5.491531593512253,-0.3135248328794771,0.4247440389798297,-0.0819377607964093
qwen-3.5-plus,3,02a592,web,51,-0.1206852057011906,0.1403268250568846,6.6100573248460845,-0.3953155297826555,0.296684953228162,-0.1820446382731188
qwen-3.5-plus,1,03474c,desktop,39,0.1294638551449059,0.3361606840603433,2.0186232283438055,0.2563365087091424,0.5781940430267065,-0.1246167116151733
qwen-3.5-plus,2,03474c,desktop,48,-0.063419085219091,0.2639631852671353,2.246871650030222,-0.1744178997686447,0.4604328843538211,-0.0876448474178664
qwen-3.5-plus,3,03474c,desktop,39,0.0358138563291378,0.292935764247335,2.702220503099252,0.1050202057134781,0.5299662818263148,-0.0665330069606989
qwen-3.5-plus,1,035da4,mobile,41,0.1750785291939859,0.3501388644348625,1.8642627000012395,0.387303837052676,0.5696075201806537,0.0237563849864091
qwen-3.5-plus,2,035da4,mobile,42,-0.1675820585861459,0.237659873381152,2.535712246836103,-0.4046803936831602,0.3559688719263059,-0.2113928016811821
qwen-3.5-plus,3,035da4,mobile,40,0.3032628867789387,0.3872241209311907,1.5176990421458565,0.6793076851324372,0.6616723387448086,0.2223068153759314
qwen-3.5-plus,1,03340d,mobile,33,0.1663184578191422,0.3191929803786764,2.9041945692153552,0.2292841136279054,0.6174717814964383,-0.0469006992551606
qwen-3.5-plus,2,03340d,mobile,34,0.1255036187570554,0.2954913703766068,3.476568669045139,0.2098741498800941,0.5463133311609676,-0.1333733738998655
qwen-3.5-plus,1,037d19,desktop,190,0.2066857492309427,0.3579317717429773,1.2312271872328866,0.3986524269586439,0.6143193679044558,-0.0439901256687
qwen-3.5-plus,3,03340d,mobile,49,0.0914435242859033,0.3287019529740539,3.2289150943867817,0.1114033730625454,0.6385062384133475,-0.1524290815247787
qwen-3.5-plus,2,037d19,desktop,45,0.3808958332041957,0.4263562512419997,1.0118607417754877,0.6856772635720662,0.7019855126827734,0.3172195668925998
qwen-3.5-plus,3,037d19,desktop,41,0.416060110579538,0.4266128936330097,1.0938670830042403,0.8411217183955755,0.6968926365285834,0.3893332393239986
qwen-3.5-plus,1,038d71,desktop,40,0.7137656310847785,0.6126977217486711,0.5700339904239284,1.903006645166122,0.8853851824178495,0.6914176427188832
qwen-3.5-plus,2,038d71,desktop,46,0.7053439835233272,0.5757835710303147,0.8392797735383092,1.7762347014967432,0.8605811007166809,0.6857683089339587
qwen-3.5-plus,3,038d71,desktop,41,0.720653070871383,0.5978481529868491,0.7732075774736068,1.823054681061215,0.8674919620735844,0.6998147154206877
qwen-3.5-plus,2,042af0,web,50,0.052629616273318,0.1674266729152522,3.986465944919879,0.1536758002585431,0.5738705004795087,-0.0188203898855717
qwen-3.5-plus,1,042af0,web,40,0.0923526691585083,0.1807969187777098,2.8539504501435857,0.2107378164454622,0.6146714995427451,0.0570671890055339
qwen-3.5-plus,3,042af0,web,50,-0.0160440547100779,0.1286745375623844,3.396348085714706,-0.0675576798287663,0.604550439128267,-0.0406539993481593
qwen-3.5-plus,1,039978,mobile,48,0.1427081834034453,0.317597381448074,2.7340740829838324,0.4082804781024759,0.6160466893896988,0.0084160859584809
qwen-3.5-plus,2,039978,mobile,45,0.2252116218950916,0.3359850441729549,2.421194373778796,0.3852449283677424,0.6466754268484619,0.0381421618330778
qwen-3.5-plus,3,039978,mobile,50,-0.0026671256578527,0.1843451023158012,4.967176566117552,-0.077870193480094,0.5172884389894803,-0.0220016740147482
qwen-3.5-plus,1,045f81,desktop,29,0.1298459071414643,0.4005146601673872,2.1893004410242365,0.3052409211732249,0.6102745058277346,-6.964145012831572e-05
qwen-3.5-plus,2,045f81,desktop,40,0.2005695371194382,0.4170238811860678,1.199667922498023,0.3929445303034172,0.6231979286660477,0.0822292412152093
qwen-3.5-plus,3,045f81,desktop,47,0.1764886021624773,0.4074834940116885,1.1982639539233204,0.348040838343995,0.6180134366006103,0.1023504205512507
qwen-3.5-plus,1,045d43,poster,31,0.1728516235391975,0.3237555402970233,2.757767313812767,0.5256821023497781,0.6682960881901374,0.1616227707042636
qwen-3.5-plus,2,045d43,poster,50,0.3359633762095765,0.4142947838253232,2.417389445543517,0.7824080351128668,0.7275217545173958,0.3500347391905418
qwen-3.5-plus,3,045d43,poster,48,0.3035356281827341,0.4121329955446607,2.311664938696662,0.7064562769808536,0.715590732229256,0.3097188912217594
qwen-3.5-plus,1,0529f2,desktop,47,0.5788904753342532,0.4689606793176883,1.0477981040767248,1.4234598602282538,0.8054836481025456,0.4764233895782019
qwen-3.5-plus,2,0529f2,desktop,40,0.4930603378682191,0.4346706325610736,1.1017179916628732,1.2561619424561434,0.7941212859943727,0.3524236417230404
qwen-3.5-plus,3,0529f2,desktop,30,0.3089108788628447,0.3382340636439466,1.9013236676620136,0.7210375799145002,0.6714200854990573,0.2016959580242273
qwen-3.5-plus,2,04741e,mobile,38,0.1551728561740703,0.329637417209053,2.3556767632082805,0.4776013138571217,0.6368793134068582,0.1808781562781087
qwen-3.5-plus,1,04741e,mobile,38,0.1305392459286137,0.2961726718416902,2.9103221880033323,0.6005862680923852,0.6281122882685077,0.2213143801509529
qwen-3.5-plus,3,04741e,mobile,38,0.116699937951843,0.2980302896370626,2.841293954264462,0.5413821567702986,0.6176612501070347,0.2022969732973714
qwen-3.5-plus,3,056cfb,desktop,49,0.2659339312048163,0.3512962928157412,1.2895893664703586,0.7312645411934858,0.7263301074667634,0.2033541437117198
qwen-3.5-plus,2,056cfb,desktop,36,0.2968635834791611,0.3875138572963634,1.1666643613708103,0.7108952140089552,0.7370609149825125,0.1720775628916679
qwen-3.5-plus,1,056cfb,desktop,50,0.466788619134048,0.4535604714789107,0.9408815640440747,1.0876497564401542,0.7885223797288485,0.2777339386142791
qwen-3.5-plus,1,05490b,mobile,34,0.1228629121223175,0.2506012402422796,4.082146492717006,0.4907160813566389,0.5544935445748527,0.0792241571398743
qwen-3.5-plus,3,05890e,web,48,0.2972444018952714,0.3394572616170709,1.5358243369940876,0.8040962839152355,0.7423615264352231,0.3006552094774566
qwen-3.5-plus,2,05890e,web,40,0.5199197822692425,0.4471327513141619,1.030435138597488,1.365254543822659,0.8252003152712983,0.508422595222974
qwen-3.5-plus,1,05890e,web,40,0.1004969054579462,0.2668122791824029,2.1432227841584828,0.246407773024216,0.5964843494954699,0.0938241561259526
qwen-3.5-plus,2,05490b,mobile,45,0.1489146041631847,0.2751420692748909,3.355194380700253,0.4128197357632241,0.5835362988856154,0.2616505780189782
qwen-3.5-plus,3,05490b,mobile,36,-0.0452359097306764,0.2030977353166543,4.260636132844795,-0.1149203272572117,0.4786642449041458,0.0627617922083764
qwen-3.5-plus,1,05dac7,web,38,0.3307102078612695,0.3602229861165015,1.480405852341926,1.055959633367355,0.7987329836702611,0.3046377398677706
qwen-3.5-plus,2,05dac7,web,40,0.3184095062489515,0.3602076507067971,1.5649854258700635,1.034572764447999,0.8126340204592517,0.3092047231124631
qwen-3.5-plus,1,05e980,poster,42,0.0925648684927826,0.3732367924450752,1.278214099737988,0.1660535472690617,0.5857113479134489,0.0736803275337146
qwen-3.5-plus,2,05e980,poster,48,0.2756921391568531,0.4511805716523863,0.9988835583927056,0.5569790076384715,0.6647082437651206,0.1471399049349498
qwen-3.5-plus,3,05e980,poster,40,0.2347726693320766,0.414437819933379,1.1581997354138942,0.4656706690018296,0.6328272016789313,0.2793985225832964
qwen-3.5-plus,3,05dac7,web,48,0.4182516443712998,0.416517696111067,1.269883974837159,1.357083109109592,0.8467834463938565,0.3925305053953761
qwen-3.5-plus,1,05a1ad,poster,46,-0.0412515186590339,0.2348497811340459,3.438688563261624,-0.057850593789538,0.4709541338859855,-0.1154971410579867
qwen-3.5-plus,2,05a1ad,poster,45,-0.1383468981097737,0.1413120280516724,6.434503472626123,-0.3931852148766235,0.288541546490594,-0.1675975526804475
qwen-3.5-plus,3,05a1ad,poster,36,-0.1025164645535405,0.1786581164649744,5.141857240218728,-0.3277942538090193,0.3558053589882856,-0.1300002537646431
qwen-3.5-plus,1,06256f,web,43,0.1484140827636691,0.3665297245321263,1.8735734987400532,0.2530492490616839,0.5974883337165012,0.1171257995727148
qwen-3.5-plus,2,06256f,web,50,0.3037740701224058,0.4269727992938064,1.5367413391701303,0.4460288914837094,0.656220095411814,0.1857258625836707
qwen-3.5-plus,3,06256f,web,52,0.1401257859595021,0.3653937341472498,1.8668049184513056,0.1461833561871378,0.600091696679954,0.0754694461428474
qwen-3.5-plus,1,0632d7,desktop,47,0.3893996912621412,0.4668979577256244,1.0767190309831274,0.7109278772571723,0.6915647257085998,0.4028816847949202
qwen-3.5-plus,2,0632d7,desktop,46,0.4531261409937576,0.5139114058475913,0.9984973089120536,0.8804196530223459,0.7263136510581518,0.4612821587828169
qwen-3.5-plus,3,0632d7,desktop,35,0.2576160076726574,0.4148595925751022,1.5084547569003444,0.3951014770162068,0.6493040534319906,0.2317088787125612
qwen-3.5-plus,1,0616a4,mobile,40,0.0714145042438129,0.2814696950072003,3.082375891263185,0.0629842957781855,0.600192947849629,0.034856540921574
qwen-3.5-plus,3,0616a4,mobile,40,0.0985896576700951,0.2915595660720205,3.383542012169426,0.1750546084154842,0.6115609168966228,2.4351311688833097e-05
qwen-3.5-plus,2,0616a4,mobile,35,0.1318910799668841,0.310800921182733,2.7142533197464624,0.2656301751913593,0.6593962884190028,0.043901313470882
qwen-3.5-plus,1,070781,web,50,0.3163287717604217,0.3753158531906841,1.5738283668654116,0.636686392130091,0.6644393428799085,0.1085134948634773
qwen-3.5-plus,2,070781,web,40,0.3103566677110102,0.3645387200172786,1.2594306958214303,0.6261899842387951,0.6725489647896931,0.2318505268543129
qwen-3.5-plus,3,070781,web,44,0.3822130077237884,0.3875539222823484,1.3519959783145934,0.7604803781562506,0.6648228490815824,0.285866384395824
qwen-3.5-plus,1,0720ce,desktop,46,0.4224652320297,0.3981093165205109,1.4268443076027233,1.1691681268207408,0.8012103018645095,0.3773251695530684
qwen-3.5-plus,2,0720ce,desktop,46,0.4451679059451272,0.4150547648579269,1.2409461744152714,1.0938839106708875,0.8371124590255993,0.4166383248232926
qwen-3.5-plus,3,0720ce,desktop,40,0.2416382355472586,0.334512305438532,2.180116538920446,0.7833226657794603,0.7267929692589224,0.1846050725928238
qwen-3.5-plus,3,064f44,mobile,51,0.2930443727796681,0.4096730360908531,1.444523959141241,0.7273694581226564,0.8334683014682239,0.2599034003318363
qwen-3.5-plus,2,064f44,mobile,37,0.439973783338272,0.4095047050154999,1.4874489335425465,1.058232922943717,0.7985661757904695,0.3423983045693108
qwen-3.5-plus,1,064f44,mobile,50,0.4308199906675626,0.4657275302128214,1.4312054771726628,1.1945695195685309,0.7911397236939511,0.3611132618645112
qwen-3.5-plus,2,072634,desktop,49,0.2017803732101535,0.2811419424879453,1.990860964454805,0.4623457820250215,0.6470144953671143,0.0943809518683271
qwen-3.5-plus,1,072634,desktop,38,0.312503625847943,0.3674791353170658,1.590903000041909,0.8934437030502604,0.7526473829510504,0.2250560928625696
qwen-3.5-plus,3,072634,desktop,51,0.1420571722077493,0.2589117320491267,2.2812198222613556,0.287329581355823,0.599240378086975,0.0037881189378629
qwen-3.5-plus,1,074c75,web,43,0.1716119042148353,0.3248743728080486,1.7120259047518906,0.4334306369267525,0.670699746912268,0.0697989596915127
qwen-3.5-plus,2,074c75,web,54,0.0575320764397773,0.2724884815692333,2.0603399833133365,0.1748652686125894,0.6380918590675011,0.0732140642115368
qwen-3.5-plus,3,074c75,web,38,0.2467574458432863,0.3567016469463858,1.538360523764009,0.6511374183385081,0.71757799386607,0.0844294151188623
qwen-3.5-plus,1,075286,desktop,49,0.3409419026748921,0.3823829071467239,1.4820225464390788,0.8699536483916085,0.7453393816267435,0.1826829594466067
qwen-3.5-plus,2,075286,desktop,50,0.2649005956612213,0.2844444668838325,1.5943009244607258,0.5324847681515511,0.6664909137559882,0.2526888521426278
qwen-3.5-plus,3,075286,desktop,44,0.5053956373128801,0.4576121757194082,1.1941602692690303,1.3607783727763667,0.8135498964237005,0.3923512057040862
qwen-3.5-plus,1,07950c,desktop,40,0.8372107662069086,0.6153601974081504,0.8406127740106317,3.151115197604778,0.858931071358307,0.8317000719762211
qwen-3.5-plus,2,07950c,desktop,40,0.8412557835142715,0.5730136054196258,0.8919315218674791,3.122591414444658,0.8652218896303233,0.8378221504736196
qwen-3.5-plus,3,07950c,desktop,40,0.871174766856708,0.6437772394002583,0.7910926126619466,3.282266384105587,0.8606048718450418,0.8683713580132678
qwen-3.5-plus,1,07a2c8,web,32,0.2549542370846278,0.3764933328845806,2.378780955329078,0.6125646305184889,0.6678991371499318,0.1531198349068436
qwen-3.5-plus,2,07a2c8,web,35,0.2312345423921779,0.3592455708724104,2.4383789967602647,0.5244289688590744,0.6589307410734392,0.1298379124065008
qwen-3.5-plus,2,07b304,desktop,45,0.5730501647705692,0.5031738074201566,1.1533913029080989,1.2852394862628975,0.78687454904222,0.5382870733810501
qwen-3.5-plus,3,07b304,desktop,40,0.5983452331806858,0.4933673054930441,1.9055820314076055,1.3461946061902474,0.7695683461302728,0.5769184568639336
qwen-3.5-plus,3,07a2c8,web,44,0.2394953215409139,0.3695334345054835,2.258998790837362,0.585404997399439,0.6639428730687305,0.1910001083113413
qwen-3.5-plus,1,085001,poster,35,0.5259730110084897,0.4146242796006653,1.005544004308526,1.1654226416124462,0.805230630812349,0.530820462827957
qwen-3.5-plus,1,07b304,desktop,48,0.4904495827837987,0.4309513096009223,1.2225259530417278,1.0857277366551417,0.747780167179776,0.4926525675774157
qwen-3.5-plus,3,085001,poster,35,0.5537574912084663,0.4624527719920663,0.8431922576227214,1.252559401142732,0.8140822601263068,0.5550261644738806
qwen-3.5-plus,2,085001,poster,40,0.5326435803530428,0.4579923563455531,0.8859874442754795,1.1808350654437854,0.8030837867114367,0.5332332194081957
qwen-3.5-plus,1,08a5d7,desktop,40,0.5057112588053022,0.4667158477210796,1.060237576107896,1.0133591803099329,0.7643129838382244,0.4870009512523996
qwen-3.5-plus,2,08a5d7,desktop,41,0.4629769253200123,0.462030139910893,1.3196782732109154,0.8916992321325399,0.7616370260511899,0.491936092790844
qwen-3.5-plus,3,08a5d7,desktop,47,0.4732179279920901,0.4544307508779069,1.2056605192626542,0.9519005034942,0.7552676481249327,0.4451677281133689
qwen-3.5-plus,2,07e9bb,mobile,33,-0.0073320838434204,0.3399266210301414,3.2506747673931304,-0.1220801428365844,0.4680267665755461,-0.0348931730377666
qwen-3.5-plus,1,07e9bb,mobile,46,-0.0318316636573043,0.3820113879214402,2.492010486230857,-0.1221824266659034,0.4816215956521056,-0.0319982323782567
qwen-3.5-plus,3,07e9bb,mobile,41,0.0782146843918,0.411009584006228,1.7858994081113404,0.0429517657472605,0.5574772047477098,0.0967587883621646
qwen-3.5-plus,1,08aaa5,poster,46,0.3089978576845801,0.2512226927765825,2.279249203235431,1.0479470800490014,0.7498659852252991,0.2909871207666472
qwen-3.5-plus,2,08aaa5,poster,40,0.4313704668822984,0.3458844177813868,2.236371616826219,1.3676710235871627,0.7786420849048992,0.3672330158853956
qwen-3.5-plus,3,08aaa5,poster,40,0.1949593084859888,0.2257687950661727,2.297510036752312,0.6442406978240545,0.6979960451382117,0.1560134900168264
qwen-3.5-plus,1,08d1eb,desktop,48,0.185744533312518,0.3547053072818035,1.6862736875743205,0.423085733077647,0.6598891122227679,-0.1814284245178679
qwen-3.5-plus,2,08d1eb,desktop,46,0.3476451490348808,0.3822995400195161,1.4135963665472269,0.8480989904196152,0.7372492901020767,0.0643039083655089
qwen-3.5-plus,3,08d1eb,desktop,103,0.3935643326774354,0.4220042297003502,1.083429055646067,0.9859386765467584,0.781372175918025,0.0540755445065358
qwen-3.5-plus,1,08d885,mobile,49,0.2894149608077659,0.4461583558953235,0.9802585112290394,0.4844908348521856,0.6582867691451678,0.1641322409279763
qwen-3.5-plus,1,08b92b,poster,43,0.462725739731478,0.4928914657280472,1.5416336947695712,0.7391999367194184,0.7794981287173838,0.3436343223831151
qwen-3.5-plus,2,08d885,mobile,49,0.090318488348317,0.4035734860648045,1.0788577205089411,0.0787725904249917,0.5551941630629653,0.072715984493142
qwen-3.5-plus,3,08b92b,poster,30,0.3211285407483576,0.4104648314881646,2.205687295295852,0.4907535236965347,0.7538734057585676,0.1691022352282626
qwen-3.5-plus,3,08d885,mobile,47,0.542345424602789,0.5743460987379632,0.6334715334655733,0.991813587852403,0.7835801675318519,0.5218432550253218
qwen-3.5-plus,2,08b92b,poster,40,0.2501097531639396,0.3776039148915117,1.9932506870487496,0.4353091246583405,0.6594339540320904,0.1568334600137749
qwen-3.5-plus,1,09094b,poster,44,0.1155053131780819,0.3112702661185664,2.7493153421836705,0.342802620244397,0.6060048155274952,-0.0252128771251241
qwen-3.5-plus,3,09094b,poster,45,0.0912904585633244,0.2540617194790554,3.156053800785076,0.2541834715002328,0.5754812740033859,0.0331414398761014
qwen-3.5-plus,2,09094b,poster,49,-0.0372410903306439,0.251687183544694,3.246640498905935,-0.0999707401086505,0.4821908372706478,-0.0942935136264769
qwen-3.5-plus,1,091b5e,web,43,0.3532363397735903,0.3641173814694571,1.3252399029890325,0.869160743304955,0.7128282205863122,0.3400990300137056
qwen-3.5-plus,3,091b5e,web,48,0.3466514948405638,0.3629228657427755,1.2648141161466382,0.8243274784346207,0.7216070877964513,0.3233325147074031
qwen-3.5-plus,2,091b5e,web,50,0.1920413743381054,0.3225763466334653,1.4972941516702147,0.5313260802427682,0.6572312047204727,0.1692969943160696
qwen-3.5-plus,1,092bd5,poster,46,-0.0059226894892524,0.2674173047584334,2.1478086581539504,-0.0718867902992289,0.4514102185318131,-0.0755779221860498
qwen-3.5-plus,1,091ab0,mobile,30,0.330355663783607,0.391704930200408,2.0004477954549724,0.8650980026929278,0.7851826669419655,0.2811988469053205
qwen-3.5-plus,2,092bd5,poster,40,-0.1096295139806443,0.2350378277831522,2.7120191623216185,-0.2066902783158997,0.4238427364682148,-0.1465684264607637
qwen-3.5-plus,3,092bd5,poster,45,0.133185541495611,0.3187203606724232,1.407753045968018,0.3502092561648306,0.6166634252113498,0.0101451667932831
qwen-3.5-plus,2,091ab0,mobile,36,0.46913503214725,0.4744972153905508,1.406909192722022,1.0834055414006405,0.7942335351776468,0.432661088059755
qwen-3.5-plus,3,091ab0,mobile,37,0.2928896085364746,0.3736217685942438,2.0408622430475094,0.5693199499341377,0.7762172441569934,0.2534277831738838
qwen-3.5-plus,2,093c65,poster,49,0.3877112418496401,0.4112393648994683,2.757330046821892,0.8821468048336036,0.6947436775135013,0.3801422840749552
qwen-3.5-plus,1,093c65,poster,48,0.5707668357360036,0.558616372857613,1.250494599947344,1.19655402367163,0.8086075608335102,0.5678192307682095
qwen-3.5-plus,3,093c65,poster,46,0.4752308285909825,0.5111600818456978,1.3184599985168068,0.7887438535825566,0.7895482607682992,0.4713817271749028
qwen-3.5-plus,2,0939f7,poster,40,0.071358516144365,0.2375460699824975,3.838499581060794,0.0501239608013986,0.5428779548433358,0.0208622052115026
qwen-3.5-plus,1,0950e7,web,48,0.3694950402384371,0.4319445043511474,1.0661845097320752,0.9275434109639944,0.7418328112834639,0.2232159090958868
qwen-3.5-plus,2,0950e7,web,54,0.0332555435817636,0.2331177878434377,4.322012571687013,0.0883948539406099,0.5719500165202863,-0.0610531215909717
qwen-3.5-plus,1,0939f7,poster,40,0.1862535865431286,0.2786317810664666,3.1946193466915433,0.5618959960854104,0.6588362831019128,0.1680169987331836
qwen-3.5-plus,3,0939f7,poster,51,0.0404283161773624,0.2449504573029817,3.15831126218811,0.0302038651754813,0.5540204972587754,-0.0824225484182538
qwen-3.5-plus,3,0950e7,web,52,0.0496882216567178,0.2490638902116343,4.26401474835275,0.132803558502059,0.5768783647349582,-0.0503985879271794
qwen-3.5-plus,1,09bb5b,desktop,71,0.3188175453023689,0.4311593246605189,1.1403524749866067,0.6033204525117004,0.6750361803968413,0.2486792422911928
qwen-3.5-plus,3,09bb5b,desktop,78,0.3807739142274733,0.4765301018639917,0.9320678163819612,0.7146153566812915,0.7027500299348833,0.3312730699058244
qwen-3.5-plus,2,09bb5b,desktop,48,0.2071348384511728,0.4150940954340298,1.4362757667213677,0.3593741345765667,0.6284060776939788,0.2013105926451702
qwen-3.5-plus,1,09942c,mobile,40,0.3952482623200495,0.3761401705749865,2.590034144266084,0.8592713953662204,0.7796777960349881,0.3494584116759545
qwen-3.5-plus,2,09942c,mobile,39,0.3898023082968443,0.4026347012283623,1.810671669107526,0.7310390395557202,0.7481661927443741,0.3453082919599365
qwen-3.5-plus,3,09942c,mobile,50,0.3559770194951748,0.4132872675852657,1.5181202772800884,0.7267186701242276,0.7158079831320245,0.2798039883708177
qwen-3.5-plus,1,09d1d9,poster,50,0.6193363845702489,0.5675072356253734,1.2510820872062227,1.2089972833805962,0.83186768886868,0.5850124548053766
qwen-3.5-plus,2,09d1d9,poster,48,0.5581089201786513,0.522798330483899,1.1682766855068842,1.331810126851678,0.8125886242105441,0.5135483923485633
qwen-3.5-plus,3,09d1d9,poster,49,0.5862540996029193,0.499130875767078,2.00226377691987,1.20519569568902,0.7423788309193134,0.5818089984911752
qwen-3.5-plus,3,00ee0c,poster,40,0.0144933455953251,0.0660548944681331,6.280091517388525,,,0.0062304038726894
qwen-3.5-plus,1,0a22ef,web,46,0.4696859532627088,0.3903674034556223,1.2883999598933895,1.1115697379797167,0.7516584960643664,0.4761688938111193
qwen-3.5-plus,1,0a0c95,mobile,26,0.1876133329068833,0.3030866451372559,3.299703374182349,0.4046141470156523,0.637148670498701,0.1722806000272043
qwen-3.5-plus,2,0a0c95,mobile,41,0.221860362681788,0.3587682015886246,2.0260177734748877,0.5002617323431315,0.6629738374152053,0.177395394243729
qwen-3.5-plus,2,0a22ef,web,46,0.3832840640242545,0.3677860624434009,1.3570387967636242,0.8889002443309256,0.7279669712011388,0.3392804953290969
qwen-3.5-plus,3,0a0c95,mobile,32,0.1383819259708988,0.2774754585085427,3.124090379081371,0.3346800702938501,0.6089088488789385,0.1205813016689689
qwen-3.5-plus,2,00ee0c,poster,36,0.0047885859949535,0.0486319970559017,6.516599768395277,,,0.0202779451682033
qwen-3.5-plus,1,00ee0c,poster,40,0.0440449180821421,0.0743727181109739,6.148602731814328,,,0.0568894113280228
qwen-3.5-plus,3,0a22ef,web,45,0.4334386337631457,0.3703361960065927,1.2911673164650646,1.004520981825176,0.7458152775186436,0.432491887722034
qwen-3.5-plus,1,0a87be,web,40,0.3276218187198476,0.348887425083016,2.8694565620384695,0.8509997298007108,0.6927518466642074,0.32712561988526
qwen-3.5-plus,3,0a87be,web,31,0.3115418481771526,0.3388858770000613,1.8708456534289992,0.8464453202564344,0.7331516664132027,0.3576024282749902
qwen-3.5-plus,2,0a87be,web,44,0.2532724387861735,0.3300372613199721,2.173908896344896,0.6987047560242686,0.7228102540952109,0.3004922867933381
qwen-3.5-plus,1,0af35a,web,30,0.0745257745963256,0.223850042378583,2.8445996294403013,0.1682879669851633,0.6177452254729476,0.0572187130657461
qwen-3.5-plus,2,0af35a,web,40,0.0367493985388695,0.2089812190601362,2.94056125373893,0.0150724791267152,0.5381515778676589,0.0066020473941503
qwen-3.5-plus,1,0a588b,mobile,39,0.017716915807861,0.3218827416565498,2.6687342167833075,-0.1578260126633323,0.5229423024735008,0.0429700670420177
qwen-3.5-plus,3,0af35a,web,30,0.1207488654860994,0.2453023243386946,2.526781747981214,0.3018088011196905,0.654049571702889,0.0923711778624195
qwen-3.5-plus,3,0a588b,mobile,40,0.1845136791634292,0.363965435051319,2.27166830717513,0.2756366242879838,0.5877309515979814,0.1410813419385398
qwen-3.5-plus,2,0b777c,desktop,43,0.1376747990291621,0.4184746804430155,1.4215517367778276,0.2102761201205345,0.5595124587361258,-0.0378702112089297
qwen-3.5-plus,1,0b2a15,web,46,0.1208574644268749,0.3982156035814425,2.0584845691507496,0.185262984509763,0.5742722514192992,0.0800758667509888
qwen-3.5-plus,1,0b777c,desktop,36,0.2607901114264632,0.439921049425849,1.449393384188557,0.3840132183110644,0.6141357047098077,0.0194578688527286
qwen-3.5-plus,3,0b777c,desktop,53,0.2606979880617966,0.4531927055162554,0.946875224735726,0.4285836201195048,0.6033375330402582,0.1464071495382772
qwen-3.5-plus,1,09d330,poster,50,0.0771686602147448,0.1939353267629954,5.190355813534104,0.1185191737723714,0.4912721592785516,0.0765831478231734
qwen-3.5-plus,2,0b2a15,web,40,0.1157951683954958,0.3907969389782668,2.2494907720600015,0.1288185129134399,0.5610139935541398,0.0520063094397558
qwen-3.5-plus,2,09d330,poster,49,0.2464228798148807,0.2449782868620722,4.473984055239107,0.3946632841027153,0.5668643117160583,0.257845068420647
qwen-3.5-plus,2,0a588b,mobile,40,0.0067376099039466,0.2699505103383781,3.304619702481738,-0.0697276303895981,0.5015730567119806,0.0005095705824808
qwen-3.5-plus,3,0b2a15,web,46,0.152211475564221,0.4291995045166901,1.7401374405515302,0.2118690779373884,0.5774145617170534,0.0808087757229179
qwen-3.5-plus,1,0ba80a,poster,51,0.1613666415918821,0.3781606004153503,2.5714401173543955,0.503002471458988,0.6071103956409336,0.1701777972024747
qwen-3.5-plus,2,0ba80a,poster,43,0.3989562720972278,0.4768715121591064,0.9723054484569068,1.011508786899074,0.7637343925204158,0.4009606191107693
qwen-3.5-plus,3,0ba80a,poster,40,0.093414125090695,0.3416757728795047,2.007974692490699,0.3007343834211747,0.560753982805965,0.105970038614083
qwen-3.5-plus,3,09d330,poster,50,0.1583705676287884,0.1843391072886964,5.296197529380168,0.1746672528171239,0.3825072305957854,0.1587208371285285
qwen-3.5-plus,2,0bce2b,poster,37,0.1504115754263472,0.3894028305258077,1.5334583303471303,0.2390684601149462,0.5867334753891986,-0.1192264820138755
qwen-3.5-plus,1,0bce2b,poster,37,0.2181739945853789,0.4053092605628733,1.5665050485792182,0.3218017725934034,0.6058430635159179,-0.1101089320260401
qwen-3.5-plus,3,0bce2b,poster,43,0.0428329460750017,0.3581999293796974,2.133098710148813,-0.0175536088585007,0.4914097686573329,-0.140975540513394
qwen-3.5-plus,2,0b86e9,mobile,41,0.1039982950217111,0.1848177996061529,4.214782921415754,0.2194483173153408,0.6130531610636663,-0.0813843890509402
qwen-3.5-plus,2,0b81bd,poster,46,0.256400490983969,0.334288075967407,2.148022346943722,0.5810832495828873,0.7512513163479952,0.2734385688198673
qwen-3.5-plus,1,0b86e9,mobile,49,0.1094960514346275,0.2072857847552156,4.308153414114095,0.3176106252144645,0.5892079686704415,-0.1727006515885199
qwen-3.5-plus,3,0b86e9,mobile,49,0.154344083223084,0.2706068375576077,2.866130793824986,0.3916084503411031,0.6796454971907658,-0.1130253878429127
qwen-3.5-plus,3,0b81bd,poster,47,0.2954539877069458,0.3318468301388937,2.185555390001492,0.7177796961834558,0.7179583342455482,0.290803373706384
qwen-3.5-plus,3,0be8eb,mobile,46,0.090126034695158,0.3445867340736038,1.770942803537465,0.2501806574955974,0.5699136762832173,-0.1357517502135191
qwen-3.5-plus,1,0b81bd,poster,48,0.283293203853684,0.3521343416514682,1.7863923976717373,0.5706304175064278,0.7337898820376352,0.283544050893258
qwen-3.5-plus,2,0be8eb,mobile,45,0.0808943644279003,0.3523294328103022,2.1937307329611535,0.1805709630737099,0.5481086051506209,-0.1726242083561896
qwen-3.5-plus,1,0be8eb,mobile,38,0.4475293325312709,0.4614072738714146,1.238638120680599,1.0618897397661635,0.760529136175788,0.3190173063095123
qwen-3.5-plus,1,0c11b6,web,48,0.2447042798350587,0.3502934898652997,1.506285782646831,0.5997989593850104,0.7013226921890077,0.2051909568941643
qwen-3.5-plus,2,0bdd56,mobile,39,0.1317026355393195,0.3404174895209244,2.587790413709156,0.0514301741044955,0.5249018206325266,-0.1708470071642292
qwen-3.5-plus,1,0bdd56,mobile,48,0.0627233671096647,0.3145374651624602,2.3530147240697676,-0.0801647417346314,0.5140542388325922,-0.0169032089888139
qwen-3.5-plus,2,0c11b6,web,42,0.2338541125431305,0.3349973012016504,1.5160317934928365,0.6518812699280088,0.6924070417760636,0.2018641616500756
qwen-3.5-plus,3,0c11b6,web,53,0.2965710358219943,0.3457255866604932,1.4849314316701885,0.7194363459460729,0.6987848887271247,0.3053045289548534
qwen-3.5-plus,3,0bdd56,mobile,46,0.1256835610234616,0.340809622706327,2.3452701293362583,-0.0127928398233046,0.5230510437081551,0.0710083813816438
qwen-3.5-plus,1,0c51af,desktop,43,0.0265844299502784,0.2442614382974153,3.1249676203167662,0.0513479936703523,0.4995532740283162,0.12538028757906
qwen-3.5-plus,2,0c51af,desktop,48,0.0962648669209478,0.2594102990962988,2.561284965665364,0.1989240372087444,0.6134390323328518,0.0689200477660556
qwen-3.5-plus,3,0c51af,desktop,36,0.1512448337030143,0.2968582283808498,2.5107369408972686,0.3007633761415997,0.6034290722874925,0.1006535357970964
qwen-3.5-plus,1,0c21ef,mobile,35,0.3200555582759703,0.3692608653190781,2.2591847423941807,0.6695466901722085,0.7050761871508926,0.033954052566132
qwen-3.5-plus,3,0c21ef,mobile,46,0.2616254714774441,0.3455962018537259,2.6931092764108584,0.5336434059988989,0.696959248163884,-0.0704332378782213
qwen-3.5-plus,2,0c21ef,mobile,52,0.1334497496437525,0.2831687937031726,4.585751755070505,0.2633700081310771,0.505956016161291,-0.281849104971661
qwen-3.5-plus,1,0c5a84,mobile,47,0.1965671949354201,0.3768276467577793,2.2150121115122063,0.350004913579809,0.6061491051571031,0.1973089903425233
qwen-3.5-plus,3,0c5a84,mobile,33,0.311146306533402,0.4047765338268924,2.345897875113898,0.5772783327369406,0.636744842033664,0.3183274741278474
qwen-3.5-plus,2,0c5a84,mobile,35,0.1769168137209214,0.3539116870905372,2.9966853842569097,0.2366819004286474,0.6016079051807922,0.1781224162801442
qwen-3.5-plus,1,0cf59b,poster,49,-0.0098415126173997,0.2622718790916647,2.1924265933901945,0.0164579102871599,0.518420200180601,-0.277868642512002
qwen-3.5-plus,2,0cf59b,poster,31,-0.1502187319624471,0.2126116683420369,3.02203715653794,-0.3191035319686676,0.4352649337065223,-0.2562226582588395
qwen-3.5-plus,3,0cf59b,poster,31,-0.1502187319624471,0.2126116683420369,3.02203715653794,-0.3191035319686676,0.4352649337065223,-0.2562226582588395
qwen-3.5-plus,1,0ce287,mobile,47,0.0986611936754313,0.2921505120122628,2.5395790825647593,0.3654002938584194,0.6126968451234283,-0.0175700631119587
qwen-3.5-plus,1,0d8830,web,50,0.1286589467123057,0.3575759879240022,1.6169992353596516,0.3060084512431248,0.603774304798844,0.169196372454756
qwen-3.5-plus,3,0ce287,mobile,41,0.2008604446342197,0.3101449276663384,2.8643385725590784,0.5740635320054038,0.6635457073827385,0.1041143004144935
qwen-3.5-plus,2,0ce287,mobile,48,0.0572195119346244,0.2721706630934596,2.8099598352119948,0.2439742425914182,0.5645844767143191,0.0608132598050957
qwen-3.5-plus,1,0cee4a,poster,33,-0.0577092598967614,0.1957268886115063,5.351324676725393,-0.1480544755368949,0.4131597015726039,-0.0898181949891403
qwen-3.5-plus,2,0d8830,web,49,-0.0107042641528505,0.2990176652076124,2.3547258856981976,-0.0164192960952248,0.5873999408892479,-0.0411459979452149
qwen-3.5-plus,3,0d8830,web,40,0.135789419654806,0.3314749652610492,1.59831928950215,0.2887633492271361,0.6798726044438554,0.1153420900874809
qwen-3.5-plus,3,0cee4a,poster,49,-0.0340674403510092,0.238099944504434,3.501656719084899,-0.0988063564339598,0.4528212955965652,-0.0771111954441836
qwen-3.5-plus,2,0cee4a,poster,38,-0.0775966489883143,0.1972939376125326,5.270825869247811,-0.1554148266133734,0.3891083571095109,-0.0992095439977645
qwen-3.5-plus,1,0dbd98,desktop,45,0.4512956162752429,0.3465510136159679,1.4375784306967283,1.1547682318751369,0.7813349377626579,0.4953261840934995
qwen-3.5-plus,3,0dbd98,desktop,40,0.5100913250578296,0.4353960712337011,1.2454485071323935,1.1713090328224105,0.7814635201257057,0.4250477161815345
qwen-3.5-plus,1,0db596,desktop,42,0.2851034065358013,0.4202808132817916,2.2355462542150364,0.758096929096206,0.7336367704064718,0.3425679648430132
qwen-3.5-plus,2,0db596,desktop,48,0.403819346110842,0.4669905893561997,1.1998843962400283,1.0870233650628682,0.7971446276925821,0.428559464058365
qwen-3.5-plus,3,0db596,desktop,37,0.1118688096039652,0.3222920872683275,2.7297139689467818,0.2870114072531733,0.6532189542140545,0.1720048037817612
qwen-3.5-plus,2,0dbd98,desktop,40,0.3187870976931227,0.3319286276591757,2.133354077189725,0.6900361455195356,0.6914315166531798,0.3332931870448861
qwen-3.5-plus,1,0e136e,poster,40,-0.1281504744505701,0.2513953345015246,2.5888721945613615,-0.3191538828042368,0.4175133509792653,-0.189590025143322
qwen-3.5-plus,2,0e136e,poster,30,-0.0560023304991684,0.2662385369512979,2.266675527560231,-0.1233760948973932,0.4986421886301271,-0.1760985813960491
qwen-3.5-plus,1,0e1c44,desktop,39,0.3699987704634865,0.3755245378795878,3.6007484965593544,1.02019819907074,0.6654794156474348,0.348530600603477
qwen-3.5-plus,2,0e1c44,desktop,48,0.3573354789971407,0.3306963041154541,5.025446816426799,1.0308105302234534,0.5616070882657884,0.3751627633579672
qwen-3.5-plus,3,0e136e,poster,30,-0.1203763066567121,0.2550332006238078,2.722113585720717,-0.2080562999941932,0.4311306942647865,-0.2051656138560876
qwen-3.5-plus,3,0e1c44,desktop,42,0.4386290185921824,0.392211412462123,2.332796865957169,1.1209712692733211,0.6848148896494191,0.414541825438129
qwen-3.5-plus,3,0e1dea,desktop,48,0.1567468469438704,0.3545930156700218,1.464912971037989,0.260625536233855,0.5976783255859623,0.1196649970141939
qwen-3.5-plus,2,0e1dea,desktop,50,0.2871527071056226,0.3938926592829521,2.0792509572701476,0.4932223265473502,0.6377017299624876,0.2391830327733686
qwen-3.5-plus,1,0e1dea,desktop,50,0.2648011811657259,0.403227844078563,1.5840259567809063,0.4580307864073775,0.6490410871657182,0.1311943237584304
qwen-3.5-plus,1,0dc366,mobile,30,0.5952496507872471,0.4625478273485329,1.9392530146751457,2.2992686983190067,0.8199713122789529,0.5834612774553513
qwen-3.5-plus,2,0eb2be,desktop,48,0.4508075431656704,0.2878049640360169,1.78079556256576,1.271966768390506,0.7146751314641104,0.3856339180833161
qwen-3.5-plus,1,0eb2be,desktop,40,0.5681415740316064,0.3479193011978041,1.6161986203736216,1.663966714766776,0.7786246263373444,0.5498333065022183
qwen-3.5-plus,2,0dc366,mobile,39,0.5239084950194756,0.4093414442340707,1.2375385528770422,1.7854757465882587,0.8667431644902616,0.5106490682176658
qwen-3.5-plus,3,0eb2be,desktop,48,0.4576927833238861,0.3339143659870972,1.7819264139319526,1.2929318282489977,0.7552765187777213,0.4007313286638527
qwen-3.5-plus,3,0dc366,mobile,45,0.6582095787019857,0.5453344799367724,0.8135014829299945,2.2459209440096792,0.8824353730708491,0.6314646818156987
qwen-3.5-plus,3,0eef1f,desktop,37,0.3926658399433723,0.3568482092649738,1.789568583807806,0.8449336099038665,0.7344091167175899,0.4430175234197102
qwen-3.5-plus,2,0eef1f,desktop,45,0.5216605501914436,0.4334117637665028,1.0884528311108714,1.2576726924085335,0.7950864220210437,0.5582108611062375
qwen-3.5-plus,1,0eef1f,desktop,44,0.4095145535205177,0.4043091642125143,1.2241294767356905,0.9903499725605224,0.7908037292121587,0.4451913687504573
qwen-3.5-plus,1,0ef9b2,desktop,44,0.5700635447906259,0.4575681284540919,0.947935795089441,1.4689104344898485,0.8187747959492446,0.5344797895908446
qwen-3.5-plus,2,0ef9b2,desktop,48,0.3761020138047297,0.3535748496364789,1.365492817042715,0.9097644873232306,0.7278123665484315,0.3451965219221288
qwen-3.5-plus,3,0ef9b2,desktop,45,0.3497430392014797,0.3591647837691313,1.4037745834651594,0.9681062476769292,0.7429662079879161,0.3150175440152351
qwen-3.5-plus,1,0f1984,desktop,48,0.1315950057950672,0.309792627928565,1.8166964182660303,0.4144248442555122,0.6585522251278793,0.102758022452957
qwen-3.5-plus,2,0f1984,desktop,40,0.0334942936272673,0.2564071671984524,3.09865444802936,0.1663811223018368,0.584409785041824,0.0061424352137215
qwen-3.5-plus,1,0ef09e,mobile,32,0.1415558477914807,0.3308851841681228,3.452291265904064,0.271293164023996,0.5767042501943659,0.0101161288528367
qwen-3.5-plus,3,0f1984,desktop,40,0.1473605885176714,0.3123192902278924,1.981381527350416,0.5476880950940273,0.6669360592674088,0.1760967448800578
qwen-3.5-plus,2,0ec997,poster,40,0.3745699866356666,0.4152224663776233,1.614385651987237,0.9068326220368738,0.7599585089464529,0.379129131550757
qwen-3.5-plus,3,0ec997,poster,40,0.2105923938580808,0.3191490265265224,2.4452995253148035,0.4253999718470589,0.7144238506987679,0.2686045123543149
qwen-3.5-plus,1,0ec997,poster,40,0.4134718576007333,0.4413867299739669,1.6535235559580757,0.9971092876780948,0.783779406115212,0.4231571225631022
qwen-3.5-plus,3,0ef09e,mobile,25,0.2212045636929735,0.3713250148953333,3.201472609004469,0.3066327941991411,0.5805895921350829,0.0360647001001273
qwen-3.5-plus,2,0ef09e,mobile,34,0.1735833909470194,0.3645295596566238,3.1708354149633275,0.2481198848130258,0.5569685583735602,-0.041125102412113
qwen-3.5-plus,1,0f712c,web,40,0.3835784474174768,0.3890179981918903,1.4206237099539043,1.0828966334913597,0.787425104012347,0.2508162053188227
qwen-3.5-plus,1,0f5056,poster,36,0.237026668351884,0.2741399627172461,1.819648219765146,0.8526444256388633,0.7186165157357887,0.1128800288347154
qwen-3.5-plus,2,0f712c,web,49,0.2898649161317227,0.3310371358760302,1.40411375611049,0.7901071846470705,0.7617991899481172,0.2017025160955658
qwen-3.5-plus,3,0f712c,web,43,0.2866934482149531,0.366190835451412,1.5873473248546917,0.8077001282909513,0.7624126449900832,0.2655450064149491
qwen-3.5-plus,2,0f5056,poster,38,0.1882630091458516,0.2391201778541126,2.056095659734919,0.6169739313457888,0.6626615622255727,0.1498662836690232
qwen-3.5-plus,3,0f5056,poster,41,0.163870343243277,0.2528542360792132,2.0097382903592793,0.5035783029816707,0.6500822085816909,-0.0099464482031398
qwen-3.5-plus,1,0f858f,web,39,-0.240010695910425,0.128138253809186,4.547879532469317,-0.5004496133905586,0.3538368002402222,-0.2562756141679673
qwen-3.5-plus,2,0f858f,web,40,0.1092863691970793,0.3057517795659299,1.7374044048855977,0.2530387044112197,0.599101950685043,-0.22115489528844
qwen-3.5-plus,3,0f858f,web,39,-0.1420343011707771,0.1649265702093468,3.31832296755139,-0.2765713335380924,0.4519814886057878,-0.0503109491480668
qwen-3.5-plus,1,0f85bd,desktop,40,0.4368833201332415,0.4389127911982474,2.6879743199614827,0.9899479036344464,0.7520896122245614,0.4987868996342854
qwen-3.5-plus,2,0f85bd,desktop,36,0.38930226823288,0.434925177708959,1.1796921889082843,0.9183868874939763,0.782203612515801,0.3654607818523216
qwen-3.5-plus,3,0f85bd,desktop,36,0.3242595367440639,0.4007557364790668,1.2530484624059508,0.784736284069672,0.7703480870315761,0.2859643070968409
qwen-3.5-plus,2,0f81ca,mobile,40,0.2335648512572019,0.3689802064726377,2.0922503422924517,0.3766695691825572,0.6635108497372495,0.1432952996152222
qwen-3.5-plus,1,0fa6b9,poster,40,0.2655736891206517,0.3735662860807697,1.412129523564126,0.7152379699271244,0.6946593978703042,0.1989824926154128
qwen-3.5-plus,2,0fa6b9,poster,40,0.1265791116835264,0.3180241722916838,2.00570090222908,0.3329464514296176,0.6355802476978448,0.091358427462393
qwen-3.5-plus,1,0f81ca,mobile,40,0.1190757968933139,0.3389708168246664,2.475885627280555,0.1720762044825751,0.6006843109318357,0.0641544825147831
qwen-3.5-plus,3,0fa6b9,poster,48,-0.0129696218648448,0.2883497933570185,2.1788186579187747,0.0435888851542129,0.5650712325781027,0.1100304436010436
qwen-3.5-plus,3,0f81ca,mobile,48,0.3107358593222701,0.4245463252388406,1.9061368796397944,0.5235315346234698,0.6675786474690041,0.226532045141472
qwen-3.5-plus,1,0fc384,poster,40,0.5322118983870523,0.4552986982168581,0.9255421372484686,1.3639942863382255,0.8324896954943625,0.5153343119774749
qwen-3.5-plus,2,0fc384,poster,30,0.0390940169060962,0.2574540391848336,1.8283050421072733,0.1224419889576489,0.615546552685102,0.0044010226852818
qwen-3.5-plus,3,0fc384,poster,50,0.3284120051089719,0.3955774559018388,1.1779561184729077,0.9084107542374066,0.7570608461323778,0.2925236789268922
qwen-3.5-plus,1,0f8ece,web,30,0.2479647212434893,0.3149190933007539,3.830800350534456,0.5638429228909163,0.6149353029925274,0.1837269057131289
qwen-3.5-plus,2,0ff0be,desktop,50,0.1600420492409328,0.2962721463095464,1.851138214136753,0.3638626291104453,0.6824111964644366,0.0712922701950004
qwen-3.5-plus,3,0ff0be,desktop,84,0.1225530283242416,0.3275204907274823,1.5791180279471126,0.3275160439176422,0.6343025625665795,0.0029099882983349
qwen-3.5-plus,1,0ff0be,desktop,53,-0.1245089254073472,0.1819530157536983,4.9837601555333455,-0.2641173338772365,0.3882653966559647,-0.2040741232673321
qwen-3.5-plus,2,0f8ece,web,35,0.1914241438155758,0.2689854466427151,4.05151429336563,0.5709345735866382,0.6110600582421173,0.2281896135237368
qwen-3.5-plus,3,0f8ece,web,48,0.194284275120049,0.304113391913721,3.3174182170294606,0.5054854130183876,0.6397027150509041,0.1137767768640346
qwen-3.5-plus,2,10298c,desktop,41,0.3634814056816,0.396662864832201,1.075358531184094,0.9488766441364112,0.7698510580684337,0.3918337787351014
qwen-3.5-plus,1,10298c,desktop,41,0.229617219134103,0.3655964209118287,1.2387207361616368,0.6236907503483085,0.7295288257898682,0.2396964295925142
qwen-3.5-plus,3,10298c,desktop,40,0.2808260956017681,0.3632889363912288,1.2638298418509557,0.7400698137279677,0.7111210851509655,0.2326716806253919
qwen-3.5-plus,1,0feea2,mobile,41,0.1217029028995557,0.3108968842528051,2.9880109933598047,0.2081061468724216,0.5747176236999191,0.0806577083430079
qwen-3.5-plus,2,0feea2,mobile,42,0.1273263738724721,0.307317562082147,3.112725074089148,0.3376571067038348,0.5809834161548764,0.1045732664244979
qwen-3.5-plus,3,10579e,desktop,49,0.1456643444285741,0.3113020213325005,1.8591066805164087,0.3025616017493314,0.5648277020637569,0.1496972024764052
qwen-3.5-plus,3,0feea2,mobile,40,0.0646497734775267,0.2955064072133143,3.059380755011077,0.2522823933423741,0.562428730558934,0.0292402204030513
qwen-3.5-plus,1,10579e,desktop,49,0.0507025339256166,0.2852411767260957,2.25731481009773,0.0986714834029412,0.5502609282426583,0.089364746288891
qwen-3.5-plus,2,10579e,desktop,45,0.1225803825732309,0.2956723726536802,2.162164355674075,0.227181742646892,0.6217797231766543,0.0856631902072943
qwen-3.5-plus,1,10b93c,mobile,39,0.1533065825157896,0.3279294296774594,1.669426232553333,0.3756869502623919,0.684858553142058,0.0146728855397339
qwen-3.5-plus,2,10b93c,mobile,50,0.3679961237687104,0.4044441031358484,1.5559000317611908,0.7992441801158797,0.7160209007649426,0.2006447463043688
qwen-3.5-plus,1,1055b2,poster,46,0.0050351713478576,0.2312683695907997,3.0755179525122247,0.0106084756875166,0.5643785938653361,-0.0238747832997051
qwen-3.5-plus,3,10b93c,mobile,35,0.2276557973001335,0.3470819807843711,1.6237966079471964,0.5273415115733554,0.7220600333934971,0.050877841070504
qwen-3.5-plus,2,1055b2,poster,43,0.0674223793286371,0.2701325914011081,2.996584570789509,0.1407125287270564,0.5928010363815739,0.0310408914194484
qwen-3.5-plus,2,10c4f3,mobile,40,0.031641846555353,0.3146400953632464,1.9524640100417177,0.0164114037653774,0.4939528828673327,0.0056017389546022
qwen-3.5-plus,1,10c4f3,mobile,50,-0.0077996167025389,0.2806306351400403,2.170385918899468,-0.0375463269138547,0.5868762559319423,0.0280874569571883
qwen-3.5-plus,3,1055b2,poster,35,0.0539226281295432,0.2604654299125776,2.9078292418721317,0.134812481943862,0.5642033772622002,0.008188066956964
qwen-3.5-plus,3,10c4f3,mobile,50,0.0983017653714723,0.3162774979411537,2.1574232167931244,0.1159281036945054,0.5788592601343526,0.1388141173176267
qwen-3.5-plus,2,111cd2,desktop,49,0.1263213774522122,0.3127099750027246,2.1920967955660116,0.4628503844643235,0.6893592410361291,0.0687701922327017
qwen-3.5-plus,1,111cd2,desktop,47,0.1116231716186434,0.2942232698390403,1.9492668820668628,0.4098885756294758,0.6135052249638454,0.0862997582684574
qwen-3.5-plus,3,111cd2,desktop,47,0.2038470380714152,0.3529397923600444,1.5491441075876986,0.5826695282224805,0.6821752849013047,0.1347032267422483
qwen-3.5-plus,1,11412e,desktop,41,0.1828496109423049,0.4224872389295914,1.2938665091146424,0.3186332235550039,0.5944663121620519,0.1834523164883143
qwen-3.5-plus,2,11412e,desktop,38,0.1959151133758713,0.4097314085585197,1.3806919530228765,0.3234433412648071,0.6167219895835949,0.2322369934384384
qwen-3.5-plus,3,11412e,desktop,47,0.2644494224750959,0.4081693379396279,2.077459365018409,0.5121758433259062,0.6184382683430887,0.2034533891430022
qwen-3.5-plus,1,1102e9,poster,40,0.0188443757531164,0.2748922768440631,3.733541679891726,-0.1034203852286337,0.4875258273071826,-0.0709806825455691
qwen-3.5-plus,2,1102e9,poster,31,0.0294366189287646,0.2688555393460287,3.857028076138632,0.1503438922890786,0.516414821051463,-0.0364509083234214
qwen-3.5-plus,3,1102e9,poster,30,-0.0079469543370548,0.239500939223023,4.107763514500485,-0.0267677293640975,0.4915672592556742,-0.0535660982801804
qwen-3.5-plus,2,110636,poster,31,0.0951305780920846,0.2775072648488657,3.740540550502419,0.0618917751521765,0.5388711860042171,0.1460800406003665
qwen-3.5-plus,1,110636,poster,49,0.3019159597170773,0.3866925117118964,3.0413535034487933,0.4945615687138842,0.6418233751485987,0.3338780090909773
qwen-3.5-plus,3,110636,poster,46,0.1238395758756685,0.3302246472839348,3.7092954557618287,0.2093480973484667,0.5576727310942942,0.1942299284341183
qwen-3.5-plus,1,11a99d,poster,32,0.1067776427053766,0.2505594256906892,3.525029132816178,0.2749219502683407,0.5095183555655426,0.1667072176078713
qwen-3.5-plus,2,11a99d,poster,51,0.0598700980891056,0.260853133602289,3.0210981092443405,0.2218201080038092,0.5015786197306598,0.0388697286981462
qwen-3.5-plus,3,11a99d,poster,50,0.0470440844571071,0.2993539200460301,2.69991700342303,0.1347002415726399,0.5271984787689357,-0.0995613700851966
qwen-3.5-plus,1,1193c7,mobile,40,0.306648517899897,0.3915002672518595,1.9375996405400269,0.3765511590498631,0.6435370050624724,0.2920644448535665
qwen-3.5-plus,2,1193c7,mobile,72,0.4434149873595375,0.5025650329578903,1.4080976229204836,0.7946192577013284,0.723329085929656,0.2727446946656082
qwen-3.5-plus,3,1193c7,mobile,37,0.348474300703824,0.4213521827123483,1.7577612553779258,0.5702905307802073,0.6916565117849571,0.3201812085320295
qwen-3.5-plus,1,11f8c6,desktop,49,0.0647991587319947,0.2897293397429569,2.0635753439302587,0.2767663047731785,0.5436927369422515,0.1093376626625832
qwen-3.5-plus,3,11f8c6,desktop,50,-0.0702308171818529,0.2031237842305981,3.6444390027191567,-0.2020808358277469,0.4486802423080182,-0.0981469828333247
qwen-3.5-plus,2,11f8c6,desktop,48,-0.0105466070979677,0.2418359253368811,2.401431311804444,0.016455704985038,0.4776601138474713,0.0402358240766685
qwen-3.5-plus,1,12a0ed,mobile,47,0.2781775111844212,0.3779861494502995,1.3088999526433216,0.5800135439998292,0.6622719610438542,-0.2075770285583196
qwen-3.5-plus,2,12a0ed,mobile,13,0.0935902131902519,0.2206427512419591,4.8366339299202386,0.2634129917678591,0.5048399471073073,-0.2517064001701135
qwen-3.5-plus,3,12a0ed,mobile,40,0.490906335982427,0.4930374388619905,1.0116758362468905,1.0821672045317048,0.8049201050536917,0.168700614837675
qwen-3.5-plus,1,128abc,mobile,46,0.2552423985416707,0.375351870480485,2.345892684131058,0.388064759659639,0.6737173108137815,0.2807095163139882
qwen-3.5-plus,1,12be73,web,49,0.2341026914163119,0.3480633757827469,1.5817962650646602,0.5707151795876021,0.6788211921440408,0.2084933163828674
qwen-3.5-plus,2,128abc,mobile,30,0.2757616485225684,0.3501353918858386,2.9819584551642433,0.5551952299600864,0.6719826720068887,0.2996137128442432
qwen-3.5-plus,2,12be73,web,37,0.1445449717174705,0.3229050488486595,1.8227749320854696,0.3633631928028663,0.64443156253823,0.1218657455110653
qwen-3.5-plus,3,128abc,mobile,47,0.2088117564061204,0.3176542400906605,3.4442971423120268,0.382847495747951,0.6250707476593401,0.2386607146491864
qwen-3.5-plus,3,12be73,web,50,0.3502485763019518,0.3968657210484533,1.2591887818418863,0.7902486987331739,0.7178396847148021,0.2797801756783558
qwen-3.5-plus,2,11482d,desktop,60,0.1733354034938486,0.2845670373642149,3.7644758151108033,0.3376916309236336,0.5657332306535341,0.1497044157115183
qwen-3.5-plus,2,13349c,desktop,40,0.2725199534766943,0.3943858070134025,1.6596608022791663,0.5184843042347239,0.6499395163652257,0.2000866202183505
qwen-3.5-plus,1,13349c,desktop,40,0.3392607047111002,0.4032280941465444,2.3339203970250617,0.704980984423801,0.6360335554243033,0.2898506101349237
qwen-3.5-plus,1,134669,web,73,0.2391162566364437,0.3947124640865836,1.2263452214124904,0.5896774351516518,0.6721249642760116,0.1719560086844006
qwen-3.5-plus,1,1356d2,poster,50,0.3458595511571302,0.4881089448173363,0.8174550150915232,0.7013214452596322,0.7239004935373312,0.4428481835583959
qwen-3.5-plus,3,13349c,desktop,45,0.2191600236188418,0.3701066604300792,2.6014468219508373,0.4773432534642529,0.6091315640381894,0.1827848103699632
qwen-3.5-plus,2,134669,web,54,0.0328360677302114,0.2974217390590251,2.687928800911644,0.18007534530741,0.573204818147142,-0.0328956553670498
qwen-3.5-plus,3,134669,web,45,-0.0054171605722416,0.2961958372271214,2.299198230958428,0.0946111397272551,0.5629603024481126,-0.0541264185408067
qwen-3.5-plus,3,1356d2,poster,40,0.3131742850173425,0.4798684008705923,0.9899136617954416,0.6922454645121288,0.7068454333755979,0.3935387660704698
qwen-3.5-plus,2,1356d2,poster,49,0.1828550353435467,0.4395836804858592,1.2223023735678065,0.4035387535480602,0.6686733578855524,0.3242913641201166
qwen-3.5-plus,1,11482d,desktop,136,0.13368662284364,0.2975556093613627,2.722986362896301,0.3625279722955563,0.5789895450774941,0.1574292119304035
qwen-3.5-plus,3,11482d,desktop,50,0.1540014287261951,0.3073464989849832,2.9789634247900043,0.2752428672997208,0.641482897714937,0.0016510623446882
qwen-3.5-plus,1,13642b,mobile,31,0.2816542448766955,0.3936847712462114,1.8197571796154983,0.5725373041696624,0.7219659215598025,0.2648493474994439
qwen-3.5-plus,1,13a206,mobile,45,0.4654318235216348,0.4291168094248794,2.1178449088673026,1.050939048410373,0.7621837115956239,0.4667311286625808
qwen-3.5-plus,3,13642b,mobile,47,0.3400982128477968,0.4504704529283859,1.5425345035375833,0.5770776915484629,0.6898530240067385,0.3326110073649787
qwen-3.5-plus,2,13a206,mobile,47,0.3038734159442755,0.3652050315167993,2.9407231290591342,0.54523828925096,0.6481960089684133,0.2934286963656318
qwen-3.5-plus,2,13642b,mobile,48,0.1266614759444372,0.2888354661370448,4.010116039261217,0.2520621047722673,0.4811105548231307,0.111684465166414
qwen-3.5-plus,1,13ae19,poster,30,0.3643493886879027,0.5018488041346227,0.916295637211662,0.5738492810845331,0.7160705528861914,0.3349333916948164
qwen-3.5-plus,2,13ae19,poster,45,0.5298439024902657,0.5728887057413186,0.5753107032493221,0.8735239451419021,0.7601478067193047,0.5372762772942463
qwen-3.5-plus,1,13a393,mobile,51,0.1526657251780898,0.2279298484539853,2.5746565756845152,0.2195942649439926,0.6029488303460535,0.1573731737677462
qwen-3.5-plus,3,13a206,mobile,49,0.2082376600517894,0.3328968499218008,2.844410401074664,0.3548188693719891,0.6664577040307966,0.1922253276723248
qwen-3.5-plus,2,13a393,mobile,40,0.195302946805638,0.2649500624641359,2.178679461147748,0.4473093277809754,0.6758694631324252,0.1970133821796152
qwen-3.5-plus,3,13ae19,poster,40,0.5488119787829996,0.5800988137482407,0.5719960148670409,0.9374754701183928,0.7704784444631767,0.5611499394291845
qwen-3.5-plus,3,13a393,mobile,40,0.1920276177887905,0.2623447851316292,2.2404716714141344,0.4310991682521626,0.6653088876259254,0.1967062292608805
qwen-3.5-plus,3,13bd83,desktop,40,0.3797765468000004,0.4208265803147437,1.1738931897024647,0.9233138746286818,0.8280648107650743,0.3292707781927839
qwen-3.5-plus,1,13bd83,desktop,60,0.2280525608710625,0.3413470032630025,3.498883919515035,0.5376678747672692,0.6504388501295865,0.1163722408195619
qwen-3.5-plus,2,13bd83,desktop,45,0.1953499522542462,0.2986008381492082,2.8188881284655487,0.4474027974370321,0.7467542714665012,0.1421519504750957
qwen-3.5-plus,1,1408dc,web,40,0.2990518179059782,0.3421737302109769,1.3300090731843848,0.8301119506866161,0.7560035653980481,0.1080905815685956
qwen-3.5-plus,2,1408dc,web,50,0.2572689371722237,0.3150815754148983,1.386833312519682,0.7112539331642964,0.7279535292811581,0.1038011519658295
qwen-3.5-plus,3,1408dc,web,45,0.3811472592616983,0.3624722432682814,1.3209935547588274,1.095166359087768,0.7781714761532457,0.2187073992155226
qwen-3.5-plus,2,13af7a,mobile,45,0.1389764769638163,0.2658373736434002,3.902646609412185,0.3730458617815873,0.6856669530802678,0.0674238778104016
qwen-3.5-plus,1,1411d0,desktop,48,0.2409954785134991,0.2974723514016799,1.6450556607639657,0.4401814921372333,0.6078835381294841,0.2411969017489752
qwen-3.5-plus,2,1411d0,desktop,40,0.1459754308555751,0.267804946633949,3.538171586714701,0.5185525651003413,0.62545793329294,0.1448179943119342
qwen-3.5-plus,1,13af7a,mobile,40,0.1348233490669288,0.2562024095774405,3.9131235843425447,0.4866699945173952,0.6652075891444497,-0.0090284600818791
qwen-3.5-plus,3,13af7a,mobile,31,0.1788236966677439,0.3207133963265801,3.1719974594620504,0.4744865679624083,0.6135552567141934,0.0413002764106365
qwen-3.5-plus,3,1411d0,desktop,47,0.2100367507907929,0.3452882434983056,2.02299963516407,0.5716032670411448,0.6947635639771774,0.2139386102941848
qwen-3.5-plus,1,13f898,mobile,16,0.5624983709942059,0.4658589601569565,2.244621888189318,1.368823606249832,0.736656248331422,0.5086450847137629
qwen-3.5-plus,2,147ff4,desktop,40,0.3783922237400784,0.4103185021378617,1.074787616972695,0.7855289847818047,0.6887338538099788,0.4633954662105366
qwen-3.5-plus,2,13f898,mobile,30,0.0944583521946059,0.226602782530514,3.887717392164143,0.2412654747480866,0.5787550438233178,-0.0459995045328657
qwen-3.5-plus,3,13f898,mobile,10,-0.0673214071625207,0.0727348460544351,8.613511179660508,-0.2546366830474135,0.1241498712675188,-0.2578789876677502
qwen-3.5-plus,1,147ff4,desktop,48,0.2095433084816439,0.3792722151124562,1.5879175447225122,0.4884519613069365,0.6377103721425761,0.3723338749956401
qwen-3.5-plus,1,142b9c,web,40,0.4987998929069328,0.4028762846597645,1.1484123005022555,1.517184824330997,0.8246010644474493,0.4632226079820211
qwen-3.5-plus,2,142b9c,web,40,0.4409560070899774,0.4043459353545411,1.1643890734244302,1.3019791559216345,0.8247117251140659,0.3982246253342956
qwen-3.5-plus,3,147ff4,desktop,45,0.1757960948798188,0.3439211081283433,1.415212034627293,0.3835645727634998,0.6052007645384401,0.3141138428980968
qwen-3.5-plus,3,142b9c,web,40,0.4631844124904629,0.3976792850621226,1.207923882293709,1.3565888414742633,0.8099074431872968,0.4269569503768077
qwen-3.5-plus,2,14c026,desktop,36,0.2594046446979287,0.3359075472186669,1.869442667468732,0.5085458491606974,0.6582173175872386,0.2677195701282512
qwen-3.5-plus,1,14c026,desktop,47,0.1960052694976867,0.2869910382792023,1.7878623314714288,0.4363794771853144,0.6300580919259844,0.1822931701689227
qwen-3.5-plus,3,14c026,desktop,38,0.1388420810039949,0.2626353478685697,2.238876542158587,0.2037557546145935,0.5485053328859156,0.1672442395476484
qwen-3.5-plus,1,14a621,mobile,40,0.421367457481587,0.3815421547191472,2.000594611823686,1.1092220050560335,0.7720056722056182,0.2491259774932191
qwen-3.5-plus,1,14e331,web,48,0.3887979249635158,0.3953156754668239,1.1784149481827255,1.0526314798234468,0.7848677008948753,0.2943567055510857
qwen-3.5-plus,2,14e331,web,50,0.3597180388641074,0.4028630550825264,1.145142400720314,0.9237521125407082,0.7746931774119711,0.2320258983706073
qwen-3.5-plus,2,14a7b0,web,47,0.2119188851583271,0.3288784860493556,3.6935023913268146,0.4433959944565338,0.6101571736438567,0.2100501277578713
qwen-3.5-plus,3,14e331,web,44,0.296956777174288,0.3558972173746987,1.3280464111127035,0.885803734245676,0.7476322959873115,0.1977124936347203
qwen-3.5-plus,3,14a621,mobile,40,0.3824393369872582,0.3681625166860949,2.043785623651946,1.1128139298763828,0.7628110814680887,0.197377390332602
qwen-3.5-plus,1,14a7b0,web,50,0.2598908815650167,0.3350731276241612,2.1160496494098906,0.5082307954088997,0.683689840987284,0.2079397904379083
qwen-3.5-plus,3,14a7b0,web,40,0.1752433304266412,0.2858340243154234,3.0981253326932747,0.2913760620494197,0.612812800742329,0.1466223306461024
qwen-3.5-plus,2,14a621,mobile,41,0.1125211138380266,0.2447686254030239,3.3829213351460328,0.4113542230676291,0.5668336567494375,0.0470768360149822
qwen-3.5-plus,1,14f8a2,web,51,0.3639864905227224,0.3256812584901828,1.3473962807218358,1.1628075265176712,0.7759762277543514,0.2905871905456314
qwen-3.5-plus,2,14f8a2,web,40,0.2855355699308424,0.3162345747226922,1.4330905819826063,0.7447976938783777,0.721412802769644,0.1924866667836108
qwen-3.5-plus,3,14f8a2,web,40,0.3132783445408966,0.3117941401957802,1.4673723882704417,0.8900049514960335,0.7299869651355781,0.2220002314785704
qwen-3.5-plus,1,150e9a,poster,48,0.0767989779362959,0.2804954948447827,1.7975688052422196,0.1679494488877043,0.5827020520063222,0.1321129603443688
qwen-3.5-plus,2,150e9a,poster,48,0.2313390889987827,0.3228091694970574,1.5946743459171775,0.489624004081961,0.632218541425427,0.172624310879562
qwen-3.5-plus,3,150e9a,poster,40,0.3333011189197283,0.3643095332343895,1.5648238314960088,0.7467472204031889,0.7037761037691553,0.3008907410358704
qwen-3.5-plus,1,15ac57,desktop,40,0.6658828906168894,0.5954136060634577,0.6929358012074593,1.701061919208651,0.8524839566570062,0.6774390445343382
qwen-3.5-plus,2,15ac57,desktop,45,0.6499082301078538,0.5848197395902494,0.7372111222802861,1.6346349617763667,0.8446079052371215,0.6569861963881014
qwen-3.5-plus,3,15ac57,desktop,40,0.6287674392589723,0.6010670618082156,0.8093565448707107,1.6417414794715173,0.844456507999221,0.6417078192166956
qwen-3.5-plus,1,15fd54,mobile,40,0.2785143795071059,0.3854896039970102,1.252896062995523,0.5566728252421195,0.6847750920616995,-0.1743359561540538
qwen-3.5-plus,2,15fd54,mobile,45,0.340917331009398,0.4107390977708866,1.091052513527517,0.6607424020756104,0.690812162942023,-0.023358385320236
qwen-3.5-plus,3,15fd54,mobile,40,0.1878082668002814,0.3545227556787919,1.509442263443976,0.3686463605052426,0.6273191682064121,-0.1915122024213016
qwen-3.5-plus,3,151d2e,mobile,50,0.1709969679389431,0.3048526695301902,3.255692745299898,0.3694141398926901,0.6678846225272541,0.1924716850211628
qwen-3.5-plus,1,151d2e,mobile,47,0.3175210551172217,0.4079329347276141,1.95477601620414,0.6395417626582679,0.6602489946972802,0.2551290380159302
qwen-3.5-plus,2,151d2e,mobile,47,0.3670492004272037,0.464574744124,1.425182069590376,0.7617595228868101,0.7107792777014416,0.2577854041591742
qwen-3.5-plus,1,15723a,mobile,36,-0.0925795365197009,0.1694488828275338,6.1673155463607054,-0.0834117795955623,0.3594282599730448,-0.0465198907880909
qwen-3.5-plus,2,15723a,mobile,40,-0.1938492482036247,0.1196760206360181,6.543677499400847,-0.436088327159397,0.2858037979705249,-0.162722867549778
qwen-3.5-plus,3,15723a,mobile,40,-0.1818258349598696,0.116127444305061,6.411159977497246,-0.4053821970899922,0.2776491777733801,-0.1870787726065491
qwen-3.5-plus,1,1626dc,web,51,0.2850089513775991,0.3738977291456575,1.411470268834906,0.6344703521746777,0.6998164743332563,0.175870880745391
qwen-3.5-plus,2,1626dc,web,45,0.3315175464026881,0.3915025644962873,1.355473791860239,0.7734022574526546,0.7185258169930234,0.2631034098779499
qwen-3.5-plus,3,1626dc,web,50,0.3005812816594043,0.3697093934365553,1.496080121811867,0.7193907992471481,0.7119311545349232,0.2799764683204703
qwen-3.5-plus,1,163ce0,desktop,40,0.4582640955637623,0.3786206500206905,1.6722945743552555,1.4050856363926358,0.7988608723787678,0.4325572482356757
qwen-3.5-plus,2,163ce0,desktop,50,0.2213917165693457,0.2742354515759891,2.224470625700763,0.6801057892864577,0.6544894254539176,0.1844519686232536
qwen-3.5-plus,3,163ce0,desktop,30,0.2800637600025136,0.3062538186693933,2.0754318091447197,0.8766002369161555,0.7635888789677573,0.2288017778047784
qwen-3.5-plus,1,164cf7,web,38,0.3073018575583812,0.3456189420860438,1.3868160979513138,1.0437209278298234,0.7870348177009098,0.2410092207542339
qwen-3.5-plus,2,164cf7,web,51,0.240646796292956,0.3279021912438354,1.4707099474737746,0.8754171499948592,0.7622536729565237,0.1404528177377616
qwen-3.5-plus,1,162809,poster,40,0.3380691445267099,0.3828029554353183,2.354659791028824,0.516875433592903,0.7133147364461856,0.3753186783848088
qwen-3.5-plus,1,163518,mobile,42,0.0436253211487136,0.2843747248823282,3.697243029862769,0.154623533799839,0.5463563507695147,-0.0873818244095579
qwen-3.5-plus,3,164cf7,web,56,0.2089347375841672,0.305272614732971,1.579122162313948,0.7552445721133231,0.7326721092230422,0.1433840851407328
qwen-3.5-plus,1,1655e9,desktop,39,0.4816135689995753,0.396953165847445,1.1788790430219462,1.158595022710563,0.7440423712535508,0.4350405620328276
qwen-3.5-plus,2,162809,poster,50,0.3480697763654473,0.400865836516021,2.233150232668355,0.5619345565961635,0.7131605603476854,0.3771783122858358
qwen-3.5-plus,2,163518,mobile,36,0.1283941945772919,0.3285009107462279,2.671744583136669,0.4236759137714285,0.6199356556434675,0.1283773933256979
qwen-3.5-plus,3,162809,poster,48,0.4194181880165356,0.4542953416595701,2.510569536815924,0.8243328805449556,0.6896520078814251,0.4178952056464988
qwen-3.5-plus,3,163518,mobile,51,0.1879151959104922,0.3489960273720794,2.4107494734918262,0.4343652150764499,0.597291116525308,0.1235433056015754
qwen-3.5-plus,2,1655e9,desktop,49,0.6221291377243165,0.5081275967427346,0.8457032825284266,1.4090156643984446,0.8146431138873925,0.594193835356238
qwen-3.5-plus,3,1655e9,desktop,48,0.548098742060666,0.4435306500068274,0.935839042124352,1.3188586947962304,0.8100926587936657,0.5060854760307576
qwen-3.5-plus,1,166bc9,web,42,0.1007475946790117,0.2863927796943421,2.0687139046335177,0.1264830012494383,0.6301791412692095,0.092689866698205
qwen-3.5-plus,2,166bc9,web,45,0.2613523732507604,0.3557243363214455,1.620474915224173,0.4551373290375722,0.6856420830303553,0.1550133862589675
qwen-3.5-plus,1,16830b,desktop,34,0.4196145843379774,0.3689424795651042,1.380068118101213,1.1022562515557213,0.7662491128915392,0.3641330307861595
qwen-3.5-plus,3,166bc9,web,40,0.189857694574632,0.3361941118085602,1.5473818990890884,0.3032462866903049,0.6974357474680444,0.1589669914381259
qwen-3.5-plus,2,16830b,desktop,39,0.2734393662411704,0.2740386700853452,1.789683160701067,0.6895711278873168,0.6693895203363103,0.2601475171359457
qwen-3.5-plus,3,16830b,desktop,47,0.6074268788491253,0.4339151837620923,0.9319760133663678,1.623961441363509,0.860169336355749,0.5588101038982736
qwen-3.5-plus,1,16a13e,desktop,45,0.4389098596865888,0.3592523265575261,1.232912879354141,1.7092719244959775,0.8752185732685542,0.3470014401591907
qwen-3.5-plus,2,16a13e,desktop,51,0.4909410431267252,0.3546774981386241,1.220928141553942,1.882085392466858,0.8877909692851423,0.4081544630290982
qwen-3.5-plus,3,16a13e,desktop,32,0.3185369896242906,0.2996236468433032,1.468597193026027,1.2522300242620237,0.8276668093768748,0.2289761222572194
qwen-3.5-plus,2,1680c9,mobile,33,0.1762219440813073,0.3289762227493426,2.8498777521673704,0.3107539231767174,0.5857630330026755,0.103635593743697
qwen-3.5-plus,3,1680c9,mobile,30,0.134526726686081,0.318170150037812,2.8438590213202577,0.1877427907361202,0.5767039427751636,0.0693960057620641
qwen-3.5-plus,1,1680c9,mobile,37,0.1231110670424928,0.3245180088456135,2.8297342819080993,0.1932344508975833,0.5647710571151423,0.1174292983830748
qwen-3.5-plus,1,16a273,web,45,0.1552451798575596,0.2923360666213369,1.8874521457404856,0.355047459475793,0.6331010944672794,0.0952946802668219
qwen-3.5-plus,1,16a5c4,mobile,48,0.2837654672535694,0.3863975393133035,1.1631317388097089,0.5718129778986197,0.6616304834575597,0.1362998061711803
qwen-3.5-plus,2,16a273,web,53,-0.0864040354736836,0.2754655087910074,1.8441582618176475,-0.3054390156787422,0.4163422272084373,-0.1550646709574362
qwen-3.5-plus,3,16a5c4,mobile,48,0.1290739353570397,0.336510814769408,1.543815044857397,0.2605845125187519,0.5836083239513424,0.114865201794722
qwen-3.5-plus,2,16a5c4,mobile,48,0.0273804075644606,0.3135146956283737,2.2184686821690747,0.1275773647827344,0.4902947291669469,0.0094416674789381
qwen-3.5-plus,3,16a273,web,48,0.1509438165417425,0.2861359155504042,1.9704840852185477,0.3351695977788848,0.6303230616022795,0.108351331560247
qwen-3.5-plus,2,168b3b,poster,39,0.526223708928702,0.4809929329705181,2.2818967121398375,0.992577616996806,0.7139284103991257,0.429093274968444
qwen-3.5-plus,1,168b3b,poster,39,0.4980612348452817,0.4898985519820277,2.13159003953093,1.0010431804038231,0.7207791088725299,0.3852977923587771
qwen-3.5-plus,1,16d9d5,desktop,45,0.4180683745050128,0.425894048768471,1.2241123969178784,1.0416394612252196,0.7819869712428091,0.3458480461693784
qwen-3.5-plus,3,168b3b,poster,40,0.4496896867110852,0.4814789993779373,2.3704436565847904,0.7767458994675269,0.6977656667763737,0.3526820816928654
qwen-3.5-plus,2,16e611,mobile,41,0.4353281986837322,0.5081087846414705,0.9697403603793135,0.9717176676462982,0.7831723163734652,0.4355780008383456
qwen-3.5-plus,1,16e611,mobile,41,0.48090951862345,0.4925950779541254,1.053693618973336,1.0557276430908782,0.7938358617961281,0.4805066281639695
qwen-3.5-plus,3,16e611,mobile,40,0.4481136755602878,0.509062761029262,0.9937441389669862,0.9755395885950358,0.778104082002509,0.4467242557885754
qwen-3.5-plus,3,16d9d5,desktop,48,0.2075036876547714,0.2896431121221642,2.2326939283495406,0.4628250821741142,0.6624460190491611,0.0958993914334461
qwen-3.5-plus,2,16d9d5,desktop,40,0.3772367975868707,0.3864275826843446,1.5039548980169497,0.8707316857103188,0.7637732547248035,0.2808136805545139
qwen-3.5-plus,1,172c5d,poster,49,0.2989153255071956,0.4754048102141424,1.2030406323069829,0.5640298638590373,0.6685505099797815,0.2232082942007171
qwen-3.5-plus,3,172c5d,poster,40,0.3637916752398912,0.5081387841156013,1.0707652931193894,0.6854429063538546,0.7090081348224596,0.2704228603680604
qwen-3.5-plus,2,172c5d,poster,48,0.5079609219329332,0.5391493813247041,0.9067742683606044,0.901754670252401,0.7298692123356956,0.4839304074734659
qwen-3.5-plus,2,170ea3,poster,31,-0.0519859448998572,0.2172549860621485,5.187047278879036,0.1108064984846566,0.4256104562212741,-0.1126488435381573
qwen-3.5-plus,1,170ea3,poster,41,0.1013004583922958,0.3305330244504306,2.2571392390954577,0.5442947676062875,0.6498848860959506,0.0167998660040396
qwen-3.5-plus,3,170ea3,poster,44,0.0923015864985357,0.3221138728209347,2.6281425582841145,0.3159908054872302,0.574739237217118,0.0349342692042822
qwen-3.5-plus,1,174696,mobile,40,-0.0167273585398337,0.3007570886709464,3.052839337221613,-0.0291779680312929,0.5008891921201976,-0.0701433219380416
qwen-3.5-plus,1,179165,desktop,46,0.0976458834460385,0.3945462494612709,1.1774103115809846,0.202474999587066,0.5471516854395804,0.0359671900826297
qwen-3.5-plus,1,173a17,poster,49,0.3673534430654638,0.3911902601489199,1.4811558371827631,1.052415339227398,0.7651362784682251,0.3627472090939634
qwen-3.5-plus,2,174696,mobile,39,0.0384336685815774,0.3154357316892375,3.272685682001326,0.2268801030844319,0.5255218027560881,-0.0288718252716729
qwen-3.5-plus,2,179165,desktop,48,0.1589945499529156,0.4088595961275393,1.4471728085764082,0.3838720661702901,0.6112396376394086,-0.0578866895818246
qwen-3.5-plus,2,173a17,poster,20,0.1128239029017252,0.2190764826531589,4.263674100898601,0.3774074971496979,0.6090264675758734,0.1207589749283847
qwen-3.5-plus,3,173a17,poster,50,0.2372450306726653,0.324053853127831,2.0792687223045205,0.7103652293274871,0.7491064338451594,0.2562198323641835
qwen-3.5-plus,3,174696,mobile,40,0.1583069439197567,0.3346173558214892,3.020886838420931,0.3132941734709987,0.5356341836431184,0.1365471042022869
qwen-3.5-plus,2,17b8da,poster,42,0.4086109681082943,0.3664722925917638,1.2952718565989658,1.129844175804781,0.8037154932915209,0.3534196592628361
qwen-3.5-plus,1,17b8da,poster,46,0.194638453334824,0.3077531490231916,1.5974968702084775,0.5140101928526393,0.6570309227765496,0.1351581659804515
qwen-3.5-plus,3,17b8da,poster,32,0.5564718440212983,0.4235834623504036,1.0101861340058529,1.4936196559472257,0.8367508248824683,0.5250740012327171
qwen-3.5-plus,3,179165,desktop,50,0.1319173911647023,0.3906976729333,1.3957454596426715,0.3183765341721294,0.6068439646616685,-0.0613411343915232
qwen-3.5-plus,1,18177f,desktop,40,0.4614818137513682,0.4328163866145623,1.0675227528684443,1.1117367775039333,0.7276715142639636,0.40248696227864
qwen-3.5-plus,2,18177f,desktop,48,0.3421237144468645,0.4128460575378155,1.300939121856937,0.6767194905848145,0.6751615282339791,0.2731611354087507
qwen-3.5-plus,3,18177f,desktop,50,0.1012480365055634,0.3611556844543427,1.3998634376011143,0.1537858158613495,0.5565592280834208,0.028666508818494
qwen-3.5-plus,1,17a8d1,mobile,30,0.1656285057470111,0.3448154622216876,2.601540571639132,0.2134734450942388,0.5956763837256797,0.0281432157686935
qwen-3.5-plus,1,18230e,web,48,0.522840942983797,0.468928719250448,0.9675465865477352,1.312703808993317,0.8329407559287864,0.47100196907732
qwen-3.5-plus,3,17a8d1,mobile,40,0.2384810386178869,0.3998092915156449,1.857784334055259,0.3422388054484485,0.6774842575115768,0.0895828771220415
qwen-3.5-plus,3,18230e,web,30,0.4189005224160093,0.4069576649830405,1.5091564783231035,1.059808571365601,0.799829289030865,0.4378424482454031
qwen-3.5-plus,2,18230e,web,50,0.3986938830503029,0.3691248951642291,1.252968731493972,1.049238249154369,0.7782300732965748,0.2334777408499024
qwen-3.5-plus,2,17a8d1,mobile,43,0.0463092953294912,0.3159072217063788,2.1867309679640066,-0.0186891562726412,0.5347119445460458,-0.045077450845051
qwen-3.5-plus,2,182715,desktop,40,0.4594063823214102,0.4093617188303682,1.225568781319987,1.1521930411524028,0.7525567039983575,0.4462754225664496
qwen-3.5-plus,1,17e6bf,poster,30,0.1571595599450161,0.2723915529872384,2.9065112392423456,0.3779448155057554,0.6587939424144135,0.1528374325762285
qwen-3.5-plus,1,182715,desktop,40,0.3859332308365862,0.3775375970684009,1.4110596869728775,1.018757452324221,0.7317654142496692,0.3963297577999647
qwen-3.5-plus,2,17e6bf,poster,30,0.2098536131128539,0.3378682188022672,2.387568322975842,0.6315628497797665,0.7291779751223891,0.2151276579612969
qwen-3.5-plus,3,182715,desktop,45,0.377340665333043,0.3878861022208849,1.2300264056567451,0.9868357365619652,0.7618234121621728,0.3640971451858958
qwen-3.5-plus,1,183534,web,44,0.1984294221148796,0.3345800581181075,1.4711999927788295,0.3750170716164061,0.6612518210516551,0.1148588738663346
qwen-3.5-plus,3,17e6bf,poster,46,0.168764403025647,0.3208498640304096,2.2497565643495996,0.3976846432870129,0.6606190573328479,0.1653308255546622
qwen-3.5-plus,2,183534,web,50,0.1776028914587231,0.3464542201070263,1.366207365993244,0.3391144528158354,0.7056925568152839,-0.0710182952725847
qwen-3.5-plus,3,183534,web,55,0.1582106000120701,0.3476663385064108,1.4646514215416635,0.2994359321310287,0.7170583931305404,-0.0772452650050115
qwen-3.5-plus,1,18f09a,poster,48,-0.0690991974673065,0.3534454131417803,1.3033963385777063,-0.1444418721559411,0.4683269959778623,-0.0196502518583745
qwen-3.5-plus,2,18f09a,poster,48,0.1123209841072322,0.4023695538837911,1.153735914874966,0.2696232937829904,0.5638983837944405,0.0897544391368988
qwen-3.5-plus,3,18f09a,poster,39,0.0928724685398805,0.3902477887313093,1.1377063889223045,0.1459315451442545,0.549971491364087,0.0031774201207192
qwen-3.5-plus,1,188089,web,43,0.0768160594726123,0.3035850182760277,1.815466649359922,0.1476397836921278,0.5903786376153756,-0.0501770914607122
qwen-3.5-plus,2,188089,web,40,0.0956470243958365,0.3040564724262045,1.815920649539244,0.1648373142338904,0.6013247758306174,-0.0671958175017839
qwen-3.5-plus,3,188089,web,50,-0.0582392338311843,0.2458245298242982,2.139934551097757,-0.1890657608609562,0.4769196525281668,-0.0894307507717581
qwen-3.5-plus,2,18db69,web,40,0.0921869343587394,0.1768150445739902,4.011454529010734,0.1463700336740294,0.5840631388194218,0.0453189382716289
qwen-3.5-plus,3,18db69,web,48,0.3914491085630371,0.3425434769719064,1.451370146868451,1.0653182950438416,0.7953165136908027,0.2656829319397287
qwen-3.5-plus,1,18db69,web,45,0.0255255495209144,0.1438486332611335,4.219087975805167,-0.0301662650312095,0.5302244536353309,-0.003099544626405
qwen-3.5-plus,1,195990,web,54,0.0415143486965753,0.2534712918966961,2.3564301602115716,0.0605150363641626,0.5696826378343182,0.0303448112754587
qwen-3.5-plus,2,195990,web,39,0.246830233538834,0.3608703181476019,1.8445001360428392,0.4369088197898298,0.6242440036700615,0.1488244211471783
qwen-3.5-plus,3,195990,web,80,0.0219593099163872,0.2487234363865633,2.4902866258865353,0.0293829048125176,0.5458957335612343,0.0979863686792179
qwen-3.5-plus,2,18f66d,mobile,31,0.4418746501936811,0.4595187374325548,1.508709844975213,1.1814592419476757,0.8115991574764113,0.3541584057652203
qwen-3.5-plus,1,18f66d,mobile,38,0.3761596165547072,0.3986455195407775,1.4725855204248397,1.2446062416389152,0.7749586773951671,0.2898613210190626
qwen-3.5-plus,3,18f66d,mobile,43,0.3935873437992306,0.4010991436650354,1.7076479332061667,1.0917241726867737,0.7447501987915153,0.3339476797728383
qwen-3.5-plus,1,1a03d5,desktop,50,-0.2195784858904575,0.2151825261629196,3.402240004865716,-0.4856163531619335,0.3501419669488112,-0.148021352037981
qwen-3.5-plus,3,193df9,poster,40,0.2415212808563384,0.3704228351712995,3.384611997182844,0.2238398303444283,0.5806354018781935,0.183636755555828
qwen-3.5-plus,1,196a1e,poster,41,0.2020935507945667,0.3020382028539619,2.4070222765302205,0.4994570271418053,0.6211683980964656,0.2220938447410383
qwen-3.5-plus,2,1a03d5,desktop,46,-0.285601419658396,0.2016193493852501,3.7616893867217858,-0.6338679524550321,0.3002083990418243,-0.2283123912881888
qwen-3.5-plus,3,1a03d5,desktop,36,0.0019150967597439,0.2317318771039069,3.82161572002465,0.0139757816492433,0.5683981508297861,-0.0980338223236322
qwen-3.5-plus,2,196a1e,poster,46,0.016778094699789,0.2997980353717911,2.8092846177040114,0.0574320249398059,0.5216658865467622,0.0186927311851979
qwen-3.5-plus,2,193df9,poster,40,0.2447015957692904,0.3543568196820336,3.612570703781403,0.474497565951543,0.6090619242724593,0.2348612767775641
qwen-3.5-plus,1,193df9,poster,47,0.1598742671243233,0.3294446530778075,1.903841217321338,-0.0777309718095382,0.5414036707072654,0.1509943221503281
qwen-3.5-plus,3,196a1e,poster,46,0.1548146683166518,0.3421820533964495,1.416276951678746,0.5441343283306674,0.6714897864087481,0.1540788922005183
qwen-3.5-plus,1,1a27f3,web,40,0.3053034453824803,0.3384632591268036,1.4705089830396452,0.7127712111620107,0.7183096900152286,0.3023347739598622
qwen-3.5-plus,2,1a27f3,web,40,0.1125616800464169,0.300335528350602,1.9754159352087184,0.2414656884048667,0.5653295181743414,0.1003671836529136
qwen-3.5-plus,3,1a27f3,web,47,0.1644548936858996,0.2993588764148741,1.6214038988362924,0.3191040240306426,0.6084263511695606,0.1447284617309868
qwen-3.5-plus,1,1a3e47,desktop,48,0.4940658582268854,0.3769616329072254,1.2808124604562896,1.4330545831561154,0.7640791458594194,0.4866149129533743
qwen-3.5-plus,2,1a3e47,desktop,51,0.3313374083833774,0.3480969398375668,1.351907037638508,0.9960916063566372,0.7682864550521492,0.3243646444661626
qwen-3.5-plus,3,1a3e47,desktop,50,0.2524108384013183,0.3118668009651036,1.5546344612457357,0.7496910905659979,0.7094051216220596,0.2377041910023871
qwen-3.5-plus,1,1a5c70,poster,50,-0.0509951710328692,0.2159716234387928,2.755904263681193,-0.0064596607811319,0.5401298839874421,0.0086389073084346
qwen-3.5-plus,3,1a2169,mobile,41,0.5928759498032516,0.460895262283662,2.134022552679929,1.2818017227346183,0.7138914866098232,0.5426588174599135
qwen-3.5-plus,2,1a2169,mobile,47,0.3661940937264724,0.3535407946967109,2.461255186969008,0.6759365910053218,0.6942599943942468,0.1956350015143927
qwen-3.5-plus,2,1a5c70,poster,40,0.1705142622076296,0.3027998970295404,1.556360491431262,0.466080097388434,0.6540855950538973,0.2064186960407312
qwen-3.5-plus,3,1a5c70,poster,45,0.2591650506046178,0.320298674058845,1.4859751150170442,0.7445297378861097,0.7044307564891916,0.3213367584716379
qwen-3.5-plus,1,1a2169,mobile,33,0.2849133023411541,0.3002736399928251,2.9585485862530403,0.5948232400995168,0.6483190151987739,0.1539499639461835
qwen-3.5-plus,2,1a2fc7,mobile,47,0.3739329467371131,0.4663251775827028,1.4602713794509798,1.0616797478448816,0.8142760689420053,0.2864226542891779
qwen-3.5-plus,1,1a2fc7,mobile,49,0.3659955948586211,0.4108488887174968,1.3678142335072272,0.8615187863473889,0.7726662107878527,0.2362134575611541
qwen-3.5-plus,1,1ad1cc,poster,40,0.5304340061823704,0.493678576029997,0.7918184719521089,0.9494218446806346,0.7659827205974085,0.4914716442706505
qwen-3.5-plus,2,1ad1cc,poster,40,0.4341351215863437,0.4662817543973442,0.9056372449925344,0.821531157962143,0.7358151673195948,0.383945599855394
qwen-3.5-plus,3,1a2fc7,mobile,36,0.142945119600198,0.3214233796755901,2.935950867947593,0.3915359407024692,0.7142567364108776,0.0492758932582549
qwen-3.5-plus,3,1ad1cc,poster,40,0.4113308056472349,0.459494980788981,0.9270885490565524,0.7577551453523832,0.7238664615486221,0.3977864832895806
qwen-3.5-plus,1,1a9f12,desktop,47,0.2815660735927752,0.4259992414914515,1.2043993203295316,0.7478054401304864,0.7129253607977211,0.2526853419438292
qwen-3.5-plus,1,1acfdd,web,32,-0.0135774961060255,0.2082506791809044,3.098530317233477,-0.0119705710958692,0.579481284334744,0.0382156417360342
qwen-3.5-plus,3,1acfdd,web,49,0.1174906104433257,0.2890140964293093,1.8425517741165511,0.2853742983242285,0.6464131543002174,0.0502861997888547
qwen-3.5-plus,3,1a9f12,desktop,43,0.476987081556537,0.5105136375661457,1.5205689780700058,1.146473491326788,0.7917173714613476,0.4635057684806188
qwen-3.5-plus,2,1a9f12,desktop,64,0.2612852508951258,0.4102640088415703,1.1710284656364218,0.7502097942572451,0.6720945244128949,0.2641408652549717
qwen-3.5-plus,2,1acfdd,web,40,0.0698297371380338,0.2496659908197757,2.3322505219055447,0.192142037658786,0.606148173782022,0.1165364999624616
qwen-3.5-plus,2,1b0094,poster,40,0.138567775341151,0.3815409302872411,1.896493585048937,0.305031145076496,0.5962265404779683,0.0953740476982303
qwen-3.5-plus,1,1b0094,poster,45,0.0398400670217742,0.3692757940088273,2.5129858592311995,0.1188654586507767,0.5330132973138525,0.0108218421377234
qwen-3.5-plus,3,1b0094,poster,34,0.0873746329724165,0.3657382241631042,2.447922071938242,0.1600791139642078,0.5632867998385962,-0.0037815566921251
qwen-3.5-plus,3,1b3eec,web,35,0.0195588255432181,0.3093517518343976,2.573281804699623,0.0600059699999111,0.5605659490349312,0.000114978384806
qwen-3.5-plus,2,1b3eec,web,40,0.0707255830122322,0.3334771806870316,2.2562980738268257,0.1576543392801598,0.5946726917624451,0.0196506393679325
qwen-3.5-plus,1,1b3eec,web,40,0.0426694041820904,0.3179178333509221,2.4573592300686804,0.0957727825720446,0.5685316190922161,0.0151258374175753
qwen-3.5-plus,1,1b436f,desktop,47,0.3618819781524359,0.4175076785937355,1.1801754417943846,0.7561644272454257,0.7001329238218065,0.3546784640955975
qwen-3.5-plus,2,1b436f,desktop,48,0.4937310755181958,0.5168211685732458,1.101790274491674,0.9544951462892984,0.7710520780382323,0.491816125913272
qwen-3.5-plus,3,1b436f,desktop,48,0.3824697459251215,0.447928022728822,1.2515241695679986,0.7737459968954702,0.6850565322295775,0.376134414515189
qwen-3.5-plus,1,1b984b,desktop,137,0.4494930935797474,0.410651477297578,1.16632736125021,1.1704950915720234,0.8022741240903821,0.3691919286511558
qwen-3.5-plus,1,1b307f,mobile,38,0.3271836954595395,0.3878040501736316,2.131153960707142,0.5260669871363479,0.675611527130851,0.071412667213174
qwen-3.5-plus,2,1b984b,desktop,109,0.1932572358600472,0.2883921834269045,1.6247957302492864,0.4898707604295234,0.6398887994877009,0.1086816858436076
qwen-3.5-plus,2,1b307f,mobile,54,0.2193986574407586,0.2796807200097219,4.48642798961519,0.3659123964059433,0.5931173604214737,-0.0503828276196989
qwen-3.5-plus,3,1b307f,mobile,51,0.3049361321574119,0.3565335742009847,1.6647278095755769,0.794062546651953,0.7322383368390719,-0.0193586994455838
qwen-3.5-plus,3,1b984b,desktop,50,0.499941603464027,0.4287678982967012,1.0087360220752517,1.312545572766208,0.830288437278647,0.4348778237588458
qwen-3.5-plus,1,1ba5bc,web,48,0.3192384131731545,0.3681666059528811,1.281558260572722,0.6816214584646146,0.7211898757966697,0.220797883372376
qwen-3.5-plus,2,1ba5bc,web,50,0.3608850721770057,0.3759517634766302,1.188105500884672,0.772945289771644,0.722174020620557,0.2188325107183933
qwen-3.5-plus,3,1ba5bc,web,31,0.26756722890214,0.3658159334313056,1.353211298214423,0.6232884564093206,0.7079712713903529,0.1592955952556728
qwen-3.5-plus,1,1bafe2,web,41,0.1282471594454957,0.2599156863574345,1.9568080444484788,0.262004972068134,0.621584088998579,-0.0241677505801927
qwen-3.5-plus,2,1bafe2,web,41,0.1162507116166789,0.2310207728362693,2.0986936569582575,0.3667318327710093,0.6006562362839897,0.0699180887881538
qwen-3.5-plus,3,1bafe2,web,50,0.0928981405290459,0.2487211592409479,2.0214286298811937,0.1736209268415364,0.6120948535277339,-0.0150148972211351
qwen-3.5-plus,2,1b4c8d,poster,38,0.3222411039996067,0.3626705747956731,2.9516016009768777,0.7620196155873106,0.705426395913393,0.3085409074740028
qwen-3.5-plus,3,1b4c8d,poster,30,0.1436549993416621,0.2585907547246073,4.028061823611293,0.4241541739308772,0.6107166545707048,0.1385443979218589
qwen-3.5-plus,1,1b4c8d,poster,40,0.1369457912814669,0.2531580796125213,3.705814386310456,0.5101878459482604,0.5748792354682576,0.1554581106849988
qwen-3.5-plus,2,1bf5c6,desktop,57,0.6528406142165515,0.5628991750276473,0.7632540252968454,1.549787452450969,0.8423461987804195,0.4545659513496415
qwen-3.5-plus,1,1bf5c6,desktop,40,0.3689211517269979,0.3871690662038663,1.2370689455785508,0.8926667198876612,0.7729931236376005,0.456672344083408
qwen-3.5-plus,3,1bf5c6,desktop,46,0.6653113059772364,0.5831521772379037,0.7117285888136209,1.6170830869293602,0.8529394066299808,0.5640656392737498
qwen-3.5-plus,2,1c2bc5,poster,40,0.3637230035401835,0.4425426151929817,0.94636388112891,0.677205635011604,0.6965143499919286,0.2684875572743733
qwen-3.5-plus,1,1c2bc5,poster,40,0.3428551443054625,0.434259159877607,0.9831998200619004,0.6735500802682544,0.6967898352659532,0.2332154767435032
qwen-3.5-plus,3,1c2bc5,poster,40,0.2005073150110273,0.3870459111329795,1.1406311568458178,0.3279969137995123,0.5851509912911669,0.1566572068583188
qwen-3.5-plus,1,1c27b9,web,50,0.2621087044573331,0.3191577577395514,2.318303963318864,0.742886689018575,0.7661992895011621,0.1705547066073876
qwen-3.5-plus,2,1c27b9,web,60,0.2737365938052222,0.3343014456620696,1.8116337581507365,0.7671087897580825,0.7692551383431918,0.2414930725080207
qwen-3.5-plus,1,1bc531,poster,40,0.2271752349889875,0.3109775843859826,3.620501900749052,0.6112451652545129,0.6460454733351508,0.2783388047824263
qwen-3.5-plus,3,1c27b9,web,79,0.0930202601849692,0.2174034904537526,2.3643415439626967,0.2280034663556134,0.7171477187936259,0.0926304158830259
qwen-3.5-plus,2,1bc531,poster,41,0.2912797344363401,0.3726912479499423,2.255328167003895,0.5885691411538093,0.6987673887944689,0.3015960788967005
qwen-3.5-plus,3,1bc531,poster,49,0.4001738103537817,0.4090003622578239,2.0285381132497644,0.8509468398995352,0.7169176255629583,0.4352169244683975
qwen-3.5-plus,2,1c381f,desktop,50,0.1772308617625021,0.1999677697187269,2.9837449228572774,0.483360842012252,0.6184815356874892,0.1103525068125074
qwen-3.5-plus,1,1ce5f5,desktop,39,0.0919399390613947,0.2129337100863951,2.604699036743384,0.2567118372886537,0.6624435629829332,0.0569561080966209
qwen-3.5-plus,1,1c381f,desktop,45,-0.02038508229609,0.1455758102161753,3.6637662947951433,-0.1395478236864119,0.5178603612676198,-0.1828570622227741
qwen-3.5-plus,3,1c381f,desktop,50,0.2224297104485398,0.2039770962057778,2.710973339409779,0.5664356952327394,0.608816790523426,0.1949005732465309
qwen-3.5-plus,2,1ce5f5,desktop,35,0.2610524564010019,0.257636190189152,1.960875498834394,0.8735637437945881,0.7375764989890312,0.2755720007075893
qwen-3.5-plus,3,1ce5f5,desktop,41,0.3738324328200447,0.3355738661461933,1.867132602768793,1.1773945658096503,0.7914967997957978,0.3759692571935984
qwen-3.5-plus,2,1c375b,mobile,32,0.3014419674764422,0.3942889200399639,2.673042258878668,0.663442706985746,0.7010702703129391,0.2922401474021288
qwen-3.5-plus,2,1d0e96,desktop,36,0.4375191320989941,0.4932309382984396,0.9352755970446904,0.9228576666732512,0.8208979677274548,0.3919474743455368
qwen-3.5-plus,3,1d0e96,desktop,32,0.3471246073096823,0.4147233687597152,1.1387097831994122,0.7267573569080616,0.8271299256296091,0.3305587515583375
qwen-3.5-plus,1,1d0e96,desktop,35,0.420192236405931,0.4660186427900077,1.0874307942091277,0.8949233002270712,0.8147556992743266,0.3864746225177009
qwen-3.5-plus,1,1c375b,mobile,41,0.2825140407402388,0.3889327481882888,2.5108684043087597,0.7242695152346634,0.6962439053525742,0.2803533036378527
qwen-3.5-plus,1,1d1d01,web,152,0.2555613460043049,0.3339811393258619,1.319433127133296,0.6078029669643524,0.6441965100934428,0.0733740371895906
qwen-3.5-plus,2,1d1d01,web,40,0.0603140058766544,0.28289512079233,1.6503076287097738,0.1810777237721862,0.681719181422813,-0.03853993697587
qwen-3.5-plus,3,1c375b,mobile,44,0.3293850150645273,0.4723431736909287,1.9116264273789052,0.6918711117516514,0.6840251055597548,0.2813365842032067
qwen-3.5-plus,3,1d1d01,web,48,0.0114410193924787,0.2781030360079224,1.781808856954726,0.0328414115775295,0.5624728329099927,-0.0138475809691405
qwen-3.5-plus,1,1d5a20,web,50,0.4619743474961153,0.4475980636678391,1.1967371388278951,1.2756527457480489,0.8239986772435104,0.2744718352785825
qwen-3.5-plus,1,1d26b4,web,40,0.4679070024091665,0.4096459686051244,1.3773732786464354,1.3097071122054005,0.8127226939063094,0.3794150982000222
qwen-3.5-plus,2,1d5a20,web,40,0.3859466362729493,0.4353934070662801,1.4453214918501676,1.070196029445723,0.8116490768062026,0.228451563678399
qwen-3.5-plus,3,1d5a20,web,40,0.6079911919654011,0.5570996801881439,0.8755035036598252,1.653229266751641,0.8619457808433381,0.4443764338385169
qwen-3.5-plus,2,1d26b4,web,46,0.119222975141661,0.2747097343718215,2.222231981562015,0.3582572746281413,0.718830495843436,0.0165857665644744
qwen-3.5-plus,3,1d26b4,web,46,0.1742206907543542,0.2995710427522807,1.878801773159864,0.504783440702194,0.6735672624353735,0.0574102194302469
qwen-3.5-plus,1,1d99c7,web,40,0.0067140231294083,0.2592394616028987,3.193934793362618,0.1349422326562984,0.5525270910992738,0.0996345278064805
qwen-3.5-plus,2,1d99c7,web,40,0.1623344247811181,0.3118726637873152,2.599920198053639,0.4403937797434706,0.6257784880748738,0.2094865412748208
qwen-3.5-plus,3,1d99c7,web,90,0.0065109542245693,0.3397570053812867,1.5611004756926352,0.1086202409910117,0.4931513752951096,-0.1212371953278133
qwen-3.5-plus,2,1dd3f0,desktop,47,-0.063294213245618,0.2042785863897718,3.1707440297221923,-0.2054629782822893,0.5099777413654649,-0.1968222424685262
qwen-3.5-plus,1,1dd3f0,desktop,52,0.2099507095857126,0.22371416378001,4.667234841269237,0.544179044513663,0.6411666521897408,0.0478856379383923
qwen-3.5-plus,3,1dd3f0,desktop,31,0.0868643114863956,0.2014741110783249,4.29339549961362,0.2028920242407985,0.5974928552428301,-0.0258508975984802
qwen-3.5-plus,1,1de187,poster,47,0.0101934594561361,0.2353686741732073,2.6289635440370365,-0.0306514264654536,0.5276326772282717,-0.0162075739295688
qwen-3.5-plus,2,1de187,poster,40,0.147418869760955,0.3220174892018717,2.002128845314019,0.3162373449184286,0.598715815483059,0.040706870460205
qwen-3.5-plus,3,1de187,poster,47,0.0354959199732857,0.2491802372755409,2.62010574483972,0.0122187475490646,0.532421162503327,-0.0196417348470471
qwen-3.5-plus,1,1e1131,poster,49,0.2017896255749658,0.298671850625006,1.6939868153124364,0.6568272348237263,0.7204961980070377,0.1504307448747994
qwen-3.5-plus,2,1e1131,poster,45,0.3089819486182973,0.3532416199183152,1.376035272652666,0.9505928577982784,0.7604426133408079,0.2320620988396577
qwen-3.5-plus,3,1e1131,poster,40,0.4109800280815847,0.4206354873158812,1.206713770561773,1.3276733516827943,0.8085665723004484,0.3323044134673656
qwen-3.5-plus,1,1e27b2,desktop,46,0.5522883074000057,0.4798751734868801,1.196568530353692,1.170985325650602,0.7670618039391551,0.5025819944434969
qwen-3.5-plus,1,1dd09f,mobile,41,0.0647362317051057,0.2023653232323525,5.703597481875717,0.2335625671603816,0.3670094283966029,-0.0578678057262951
qwen-3.5-plus,2,1e27b2,desktop,100,0.0065406532873062,0.2886098889579419,1.5396589129544969,-0.0265398762977451,0.4962890372344096,-0.0425098738566397
qwen-3.5-plus,3,1e27b2,desktop,50,0.5927140492191858,0.501553850196257,1.0269113777803982,1.3016908810880483,0.785714112337168,0.5094156607343023
qwen-3.5-plus,2,1dd09f,mobile,42,0.101733949804542,0.2494207614094715,3.788526732200327,0.0706985714424027,0.4947966718186811,-0.0743758687577584
qwen-3.5-plus,3,1dd09f,mobile,50,0.1647300113646634,0.2627359196698003,3.900871757085992,0.3116321839985439,0.5810552001476013,0.1134272616604902
qwen-3.5-plus,1,1e79f1,web,37,0.156981213841474,0.3009714406735327,2.0273978737435687,0.4702061737292347,0.6392067947710658,0.1290042405429923
qwen-3.5-plus,2,1eb64a,mobile,50,0.3809460730659139,0.3804000883606394,2.4570340437459226,0.93419047497561,0.6843298554285543,0.3427936538244513
qwen-3.5-plus,3,1e79f1,web,30,0.2767186043795671,0.3574593607347192,1.6742967752749065,0.7227149517960156,0.718333150292555,0.1739273986108555
qwen-3.5-plus,2,1e79f1,web,40,0.3095308257067787,0.3802578578733593,1.383249270040486,0.8277755967286026,0.7435560838207046,0.2394074434902939
qwen-3.5-plus,1,1eb64a,mobile,51,0.5932937716298207,0.4922428110284597,1.444931079508957,1.3448066456795076,0.7420711795956619,0.5677460147813389
qwen-3.5-plus,3,1eb64a,mobile,40,0.4556778414529355,0.4279820690906118,1.2516759810410545,0.9455871564984905,0.7329424347359302,0.4348598281683603
qwen-3.5-plus,1,1ed970,desktop,48,0.4150066564350668,0.3434018551535829,1.4616566964478828,1.128265069519602,0.7528632058106771,0.3908632313713414
qwen-3.5-plus,2,1ed970,desktop,40,0.4361727020945884,0.3281303359209913,1.480301771345417,1.299152127179871,0.755864460815917,0.4072569231756295
qwen-3.5-plus,3,1ed970,desktop,52,-0.0109939855440649,0.1850671660675906,2.748211003859176,-0.1399160313340653,0.5431568339111753,0.0552614640818919
qwen-3.5-plus,1,1ee232,web,40,0.0686058883008307,0.3961746380792551,1.5093892053687243,0.1160308089079539,0.5809019875250541,-0.0218569373566722
qwen-3.5-plus,3,1ee232,web,32,-0.0660010448241015,0.3176834928288535,2.3928953436638563,-0.116473880333652,0.4987941888633478,-0.0555008433311635
qwen-3.5-plus,2,1ee232,web,50,0.1328331649800583,0.3948076531560703,1.4065802787819544,0.1426352792528637,0.557665612830135,0.1067454311161924
qwen-3.5-plus,1,1f192b,web,50,0.2753140489481291,0.3509022791144108,1.4662750833837177,0.58091952568853,0.6763546519339586,0.216334000998366
qwen-3.5-plus,2,1f192b,web,46,0.1080116221515849,0.2912247383755362,1.944677441210405,0.24451442206259,0.6075253939299307,0.1068448039611931
qwen-3.5-plus,3,1f192b,web,50,0.15127112619807,0.3147044603520319,1.949811872913968,0.3429943622325798,0.5932382293192258,0.1349741173008584
qwen-3.5-plus,1,1f0773,mobile,38,0.1119832927534728,0.2653364866082508,5.0828073840912875,0.4070637998776854,0.5162022217492125,0.1400641527595932
qwen-3.5-plus,3,1f0773,mobile,50,0.0828781212726012,0.3076485422370081,3.0883414059194463,0.2624444816992783,0.6058360528615849,0.0959187862419319
qwen-3.5-plus,2,1f0773,mobile,40,0.108467995345802,0.2747659698143415,2.8081098097078616,0.2982740202112806,0.6322711294799815,0.1375518876425185
qwen-3.5-plus,1,1f1fff,desktop,51,0.4237444874182385,0.4447300414467343,0.95816715337617,1.055036855927264,0.8004182068202614,0.2709775583757602
qwen-3.5-plus,2,1f1fff,desktop,45,0.1388554869000084,0.3192946345279122,1.7008652584864274,0.3804399903642056,0.6800956493789762,0.0047353369951706
qwen-3.5-plus,1,1f1736,mobile,40,0.0118073525984682,0.2400365063152054,4.356964876188447,0.308999894937291,0.5255830491707854,0.042474722114654
qwen-3.5-plus,3,1f1736,mobile,38,0.1787799789112423,0.2901426970824129,2.824468878208687,0.7821694176365033,0.6444551008828688,0.179763363289402
qwen-3.5-plus,2,1f1736,mobile,45,0.2201428475491558,0.3134832845753059,2.299361324409609,0.7548046085499472,0.6949143074104241,0.1914368124500505
qwen-3.5-plus,3,1f1fff,desktop,49,0.2321999231710989,0.3857490976349801,1.2779323852987408,0.6046713019607435,0.7057539873880576,0.1243325202420588
qwen-3.5-plus,2,1f3437,desktop,40,0.5150379068971918,0.4537831409955313,1.326067678202425,1.855162333799889,0.8754351799475357,0.4070626779618468
qwen-3.5-plus,3,1f3437,desktop,49,0.4884138304631579,0.4365826828646849,1.3299418348620096,1.78813589696465,0.8784271746401888,0.3898835456073488
qwen-3.5-plus,1,1f3437,desktop,45,0.3410330755218245,0.3598407743116234,2.0683202114715855,1.2135048850883634,0.8368411418498743,0.2227041770649866
qwen-3.5-plus,1,1fdbf2,desktop,50,0.1728201465579817,0.3934116185839442,1.7174041561728672,0.3723319544772361,0.5666591245214312,0.0913062567310819
qwen-3.5-plus,2,1fdbf2,desktop,40,0.3344403934242268,0.4374155737924958,1.086027531262003,0.695080648234863,0.6764446476062631,0.3072120794233119
qwen-3.5-plus,1,1f5664,poster,46,0.1867979931939641,0.3305047236660833,2.567517171630805,0.2880538413682261,0.4987605278639792,0.1532690645501825
qwen-3.5-plus,3,1fdbf2,desktop,40,0.2243367293579918,0.4227189065519585,1.164539011289014,0.4931764701020799,0.6643075050295313,0.1858985335349622
qwen-3.5-plus,3,1f5664,poster,40,0.0495336982987629,0.3128394422044173,2.5645392330383587,-0.0053090141550998,0.4906641818194448,0.0030385312673205
qwen-3.5-plus,2,1f5664,poster,36,-0.0229075707629568,0.2623072808029634,3.047699766102259,-0.0869226140796483,0.4700826367569695,-0.0300956222180761
qwen-3.5-plus,1,2019ad,web,40,0.03832000686296,0.3242986363313729,2.0132997234209653,0.055607115401362,0.5449829182982587,-0.0829226591432345
qwen-3.5-plus,1,2021b7,desktop,48,0.4953686653464731,0.4391296155847726,1.0321950577313732,1.2539874279426015,0.8297404988363497,0.4750887855845368
qwen-3.5-plus,2,2019ad,web,47,-0.0232556510582933,0.2970362587412697,2.2094674418334415,-0.0917791153211765,0.5129363035359916,-0.137256511078216
qwen-3.5-plus,3,2021b7,desktop,42,0.5074185732528077,0.5118060375097275,0.8066984504458128,1.3119722377148586,0.8524849407695296,0.4936410116871742
qwen-3.5-plus,2,2021b7,desktop,34,0.4795485988334136,0.4978188982352439,0.9818448767120056,1.184877221537686,0.819265807328431,0.4611400899664413
qwen-3.5-plus,3,2019ad,web,48,0.0093809942272631,0.3192599939186206,1.8957860686397572,0.0197432944836141,0.5394433066421003,-0.0884716690411602
qwen-3.5-plus,1,207fd4,mobile,46,0.2661493416870093,0.3522752914519274,2.860445706804141,0.421750134494202,0.6233438053626235,0.2793369448352438
qwen-3.5-plus,2,207fd4,mobile,47,0.5267981322387821,0.4824544629518565,2.118623477241023,0.7496522896077579,0.7017747810967311,0.5376814071309305
qwen-3.5-plus,3,207fd4,mobile,46,0.4050260561477931,0.3786966989497527,2.784529480347011,0.6616698007759363,0.6724506684409143,0.4367393837899138
qwen-3.5-plus,2,2089d4,poster,50,0.6631461309487363,0.5738105764943544,0.7463883557057087,1.2603312820751154,0.7940624564698955,0.618400255088488
qwen-3.5-plus,3,2089d4,poster,50,0.6291806220053314,0.5646775602626865,0.7075404802251765,1.180536500884487,0.7933949782746573,0.5977070162355658
qwen-3.5-plus,1,2089d4,poster,48,0.6496389282964434,0.5781500188100306,1.0048225658204606,1.28444096389162,0.7796991747644889,0.574816213817459
qwen-3.5-plus,1,20beb4,desktop,40,0.2831754291958989,0.4065092819277208,1.3821279067224463,0.5005775270932409,0.6201348472564787,0.2611500667670789
qwen-3.5-plus,2,20beb4,desktop,48,0.3032590889137935,0.4204893918743246,1.698997411617791,0.5919393977709234,0.6429360624821256,0.2835470264033781
qwen-3.5-plus,3,20beb4,desktop,45,0.234681067399655,0.3783926145302928,1.5403313665517486,0.417424178807513,0.610406125533112,0.2187930539714419
qwen-3.5-plus,1,20bf03,web,49,0.0141828623464616,0.2231884433049549,2.8031588837685733,0.1538656713164259,0.5658717217022976,-0.0468964461850944
qwen-3.5-plus,3,20bf03,web,48,0.0749085928613572,0.2381626901581031,2.726405763769753,0.3165973430615033,0.5943775176796711,0.0269134529188741
qwen-3.5-plus,2,20bf03,web,45,0.0306307725941835,0.218421507306738,2.760358273119019,0.1848759188399571,0.5805950590484262,0.0049463706629848
qwen-3.5-plus,1,20e9c6,mobile,30,0.2191539795144922,0.3292464929427693,2.619739243466835,0.3400746607548962,0.6211790154183844,0.2288320624363046
qwen-3.5-plus,2,1fac04,poster,51,0.1817150240207307,0.2178573808660153,5.358886765993501,0.5923635108056124,0.4214353905272061,0.1308482799324028
qwen-3.5-plus,3,20e9c6,mobile,22,0.2360576598358718,0.3225837009359928,2.967535517107927,0.3921265596647733,0.655438180128636,0.2157438724065302
qwen-3.5-plus,1,1fac04,poster,48,0.2031894535011617,0.2204782090531487,4.940520268093337,0.7106398200122399,0.4749694536662817,0.2054370200355507
qwen-3.5-plus,2,20e9c6,mobile,38,0.2264776220793984,0.3566232506175429,2.1186494939324256,0.4026036032955323,0.6429830661074434,0.210852171239288
qwen-3.5-plus,3,20eedb,web,40,-0.0725853317092634,0.2202854169356993,2.138988278664321,-0.1764561071558074,0.474342500484786,0.0202867428941917
qwen-3.5-plus,3,1fac04,poster,62,0.2042876021873911,0.2318561025908667,4.45707974886082,0.1234627970299685,0.4868795175692093,0.1954871797484891
qwen-3.5-plus,2,20eedb,web,40,-0.0094908408325767,0.2589362269574391,1.8485225348046443,-0.0303653510848117,0.5589865523823359,0.0996136769442927
qwen-3.5-plus,1,20eedb,web,45,-0.1085160348391151,0.214681340068175,2.522661473223919,-0.2668219250745127,0.4239020089407509,0.0109139065697455
qwen-3.5-plus,2,2103ee,web,50,0.0021700790190229,0.3025257301399511,2.821140137411944,0.0686216657660453,0.5139289266158802,0.0026939475087363
qwen-3.5-plus,1,2103ee,web,81,0.1503815104787275,0.3978533903723887,1.152842378584357,0.3315434091717208,0.5878633573704226,0.1210609407683659
qwen-3.5-plus,1,212589,poster,40,0.2239249652027896,0.3705200888255938,1.283121424630516,0.3964005613478433,0.6120648723526405,0.220188039750026
qwen-3.5-plus,1,210e46,desktop,57,0.2641785231082107,0.4311047649648479,1.499852546197865,0.5569156733703036,0.6489603530379652,0.3763803091033451
qwen-3.5-plus,3,210e46,desktop,47,0.147365687946342,0.3389354185645412,1.898950576513983,0.2581647812384962,0.5862924641654266,0.289917037328103
qwen-3.5-plus,2,210e46,desktop,48,0.2184941588911947,0.3858415883652383,1.5082973508162396,0.4080778451845435,0.6138282965053629,0.2981834682307105
qwen-3.5-plus,2,212589,poster,40,0.0161800970929769,0.3021225191658204,1.433067209840301,0.0294079159209702,0.5564834496709224,0.1551176927650992
qwen-3.5-plus,3,2103ee,web,81,0.1503815104787275,0.3978533903723887,1.152842378584357,0.3315434091717208,0.5878633573704226,0.1210609407683659
qwen-3.5-plus,3,212589,poster,48,0.3120935105341769,0.4117242397741222,1.1514337662651375,0.6000696477393653,0.6901051911157532,0.165977939472556
qwen-3.5-plus,3,2154a3,web,45,0.2504266201786541,0.3364101305423431,1.6018412387319343,0.6115365932223665,0.6778850625937506,0.2514310894450981
qwen-3.5-plus,1,2154a3,web,43,0.1847577636747359,0.3129906566554432,1.9978563235285696,0.4008092925644516,0.6065382750280317,0.1602823169396574
qwen-3.5-plus,2,2154a3,web,51,0.1806033239588899,0.3081510100655292,2.030112086972307,0.4729189424879578,0.6193464814631541,0.1867688537678585
qwen-3.5-plus,1,203a7b,poster,38,0.0270656059299212,0.1279685912036453,6.462052498515074,0.0172043442348168,0.3118802930396964,0.0456402691376667
qwen-3.5-plus,3,203a7b,poster,49,0.0143632261073019,0.1216742431890478,6.070230958856921,-0.0964515808804913,0.3724345293070492,0.0118768740795993
qwen-3.5-plus,2,203a7b,poster,49,0.0728278386892769,0.1876181721694001,5.640869646154799,0.261953375840055,0.3804171962180672,0.06547836898871
qwen-3.5-plus,2,215977,web,46,0.2099189240109694,0.2875414838563123,1.9621522249443235,0.4907415664310071,0.6568006528475715,0.1030937894442969
qwen-3.5-plus,1,215977,web,44,0.2153980579410354,0.2846630850294145,1.8198756359683688,0.5301077612996337,0.6618386920389179,0.1197173142324772
qwen-3.5-plus,3,215977,web,45,0.2105181828455977,0.2943660551717935,1.9377654443908388,0.4994900752736169,0.6530522944611434,0.1058749950613089
qwen-3.5-plus,1,217749,desktop,39,0.1281553900475756,0.3214214637353624,3.0775324215661586,0.5008448165238001,0.6815289396576699,-0.0142305650944861
qwen-3.5-plus,2,215727,mobile,48,0.3091840499825385,0.4237002937524025,1.2442604687886398,0.7456003122052337,0.7236740587995174,0.2761958754873957
qwen-3.5-plus,1,215727,mobile,30,0.2470857164355804,0.3415464449119705,3.4104461825010692,0.6921972753922899,0.6718619957215279,0.244347106975394
qwen-3.5-plus,3,215727,mobile,37,0.2528019320878734,0.3381381579755171,2.6716374624085737,0.6155654347759503,0.7094529305835336,0.2484616749421265
qwen-3.5-plus,2,217ab4,mobile,41,0.1338708198645495,0.426890332209085,1.201365560554326,0.4217011505196122,0.6132596185456075,0.0775407252894195
qwen-3.5-plus,1,217ab4,mobile,39,0.0246438083344565,0.361210792396206,1.4714367273488276,0.1274857840971442,0.5470580871509882,0.09666447353488
qwen-3.5-plus,3,217749,desktop,37,0.1568446287626835,0.3495683945577906,2.092331809474876,0.5728876882870375,0.7651741120953496,0.0101169365390443
qwen-3.5-plus,3,217ab4,mobile,50,0.1135395910434578,0.4163600305674059,1.160193463074502,0.3509012734788553,0.619601460278163,0.0869363232093173
qwen-3.5-plus,2,217749,desktop,36,0.1351593313803909,0.315976004372306,2.004370473598331,0.5353874859174698,0.7846027896030848,0.0563123230935233
qwen-3.5-plus,1,21c674,web,59,0.0578800870027422,0.3675447392144787,1.6654064276321074,0.0789588886706557,0.5293916597694075,-0.048849249795928
qwen-3.5-plus,1,22411d,poster,41,0.4422707357967759,0.439153513235619,1.0389506729162123,1.149628645222237,0.7786267241037961,0.4455464866800744
qwen-3.5-plus,2,221587,desktop,40,0.2949361145447363,0.3733185567527665,1.4552456075881135,0.666726536534784,0.6952689769504596,0.3749112547791016
qwen-3.5-plus,1,21d79e,web,32,0.065422501290751,0.3430411287419334,2.3862966981260296,0.1232944950747167,0.5637332938747682,-0.1061301162722839
qwen-3.5-plus,1,221587,desktop,51,0.1570037075035787,0.329021770201684,2.102262817382656,0.2752074207329861,0.6650362676192103,0.2531430166951648
qwen-3.5-plus,3,221587,desktop,50,0.2381354072755288,0.3645593231183862,1.3832391967363828,0.5394186230086732,0.6800855154924755,0.2841972226183
qwen-3.5-plus,3,21c674,web,50,-0.0005148177865372,0.3387543666183258,1.9000446595132243,-0.0208547497209188,0.5046235825412414,-0.0430894646809575
qwen-3.5-plus,2,21d79e,web,50,0.0821256635504339,0.3796412980014745,1.567230165295371,0.1113484915014656,0.5690752297797621,-0.0597607475366001
qwen-3.5-plus,2,22411d,poster,49,0.4500270151120246,0.4255317117922829,1.051532618808862,1.14127115300327,0.7891238935402881,0.4494279305813886
qwen-3.5-plus,2,21c674,web,45,0.1376456031368554,0.3602042369557243,2.0614941395969275,0.273427274040172,0.6062062438524993,0.0678352832018297
qwen-3.5-plus,3,22411d,poster,50,0.406284763039817,0.4042705956741296,1.1106960441142897,0.9837125224801936,0.756689495958536,0.4141526391726719
qwen-3.5-plus,3,21d79e,web,32,0.0775821248735361,0.3434158843809766,2.6157769428720257,0.1069255574164814,0.5584713623848374,-0.1419011987888716
qwen-3.5-plus,1,224be3,poster,40,0.468342590636742,0.457107721069409,2.1798740528299,0.7392633484190418,0.7444964204518073,0.4809494601163982
qwen-3.5-plus,1,22651b,mobile,40,0.2264649125044668,0.4127737249005228,2.182327106256336,0.4844909724504241,0.6650332033889754,0.1556658001354739
qwen-3.5-plus,1,226f76,mobile,39,0.1298860867833358,0.3845900343650221,2.672909777600165,0.3560305560082522,0.585206009060704,0.1895825484758123
qwen-3.5-plus,3,224be3,poster,39,0.2172216125130899,0.3335248329226727,4.3560826899263425,0.3265275586656307,0.512618515950164,0.2633595380292618
qwen-3.5-plus,2,224be3,poster,49,0.4827625166905936,0.5127497820411095,1.5766763599665523,0.8782899644385405,0.7119675970933772,0.5260055733423235
qwen-3.5-plus,3,22651b,mobile,35,0.2423804308510331,0.3944049154640595,2.4519474862878075,0.3872580509213593,0.6880301288912263,0.1557046193689162
qwen-3.5-plus,2,22651b,mobile,43,0.1168752628438566,0.3670560355845299,2.274492045242269,0.0504736243436578,0.5841358604204024,0.0593455236125744
qwen-3.5-plus,2,226f76,mobile,34,0.1014116100010187,0.3536040329296747,3.402011338943913,0.3497979777122309,0.5584319610816701,0.1654741803164917
qwen-3.5-plus,3,226f76,mobile,40,0.1572814145694931,0.4092003861459437,2.2468723409043876,0.3898629952370389,0.5900323601769761,0.1360061762363065
qwen-3.5-plus,1,229d89,desktop,47,0.3772198939744109,0.3755218074918802,1.2327252287671204,0.8941812784236269,0.6902002720318829,0.346810097608946
qwen-3.5-plus,2,229d89,desktop,40,0.6282153777435948,0.5050277184113409,1.0305270927024597,1.7408463635104805,0.8190845621632312,0.6384336028560345
qwen-3.5-plus,3,229d89,desktop,53,0.3741942860449443,0.3750152033278867,1.2671306782674747,0.9832167603865906,0.7495368572941101,0.3657719215791555
qwen-3.5-plus,1,22dd48,desktop,45,0.1739284410486003,0.3025949191125229,1.8071089657057315,0.448541574485245,0.6968242957097696,0.31812473808117
qwen-3.5-plus,2,22dd48,desktop,38,0.3562572251814408,0.3625071745842225,2.1256330051221113,0.9338598628510738,0.7195254315440449,0.4572547469630472
qwen-3.5-plus,1,22eaed,poster,40,0.042631306384013,0.2603323519150176,2.1668883396443124,0.0639432725783606,0.5368094543589336,-0.0638698449450012
qwen-3.5-plus,3,22dd48,desktop,46,0.2805352916244574,0.3185774396759148,1.386972169149381,0.6955889697916015,0.7058572516837708,0.357801648501082
qwen-3.5-plus,2,22eaed,poster,48,-0.0283652088758096,0.2360662751230822,2.223550403982043,-0.1260430383552892,0.4723938283445303,-0.1051289399315139
qwen-3.5-plus,3,22eaed,poster,50,0.129057122573558,0.3057714053845041,1.6238881621041734,0.3356247372441699,0.6243067107145197,-0.1056133468268145
qwen-3.5-plus,1,2298de,poster,40,0.6033873863543406,0.5191749682351018,2.6822037732427386,1.216349240138822,0.7208913208167148,0.5963864992990218
qwen-3.5-plus,1,2304c8,web,38,0.3951539696102595,0.3830579279942384,1.2054957887947888,1.2274954645675826,0.8272674218645605,0.2683416514214845
qwen-3.5-plus,2,2298de,poster,39,0.5402656587283619,0.4289268224112083,3.392402726001474,1.3372751436077333,0.7141058469363397,0.5118169063410898
qwen-3.5-plus,3,2304c8,web,39,0.4104706108317886,0.3877289218868549,1.193663560229551,1.2506069396548782,0.8308223301848522,0.2731342985765684
qwen-3.5-plus,2,2304c8,web,50,0.4671470471782111,0.4152071601682581,1.072309598524881,1.490918868326256,0.8636884811936681,0.2990397327260296
qwen-3.5-plus,3,2298de,poster,46,0.5564413476084521,0.5036438947440378,1.7416621688137948,1.1319844575452962,0.800045421595513,0.5266140107813077
qwen-3.5-plus,1,230d6a,poster,48,-0.0028613456359625,0.2134080432666918,3.477365144712948,0.0932217283230025,0.5077497485739786,-0.0085294936905021
qwen-3.5-plus,2,230d6a,poster,51,0.0365902005534163,0.2417281828852889,3.019915523591184,0.1776132503820192,0.5297456767219377,-0.0996080849803528
qwen-3.5-plus,3,230d6a,poster,50,-0.039266336254437,0.2053134379089009,3.668383676634777,0.0024357788502723,0.4836262508492426,-0.0701557300658923
qwen-3.5-plus,1,235508,mobile,41,0.3664742799327183,0.5185618769615474,0.9203202193943708,0.6625148615188416,0.6843278124341412,0.1818252278861088
qwen-3.5-plus,2,235508,mobile,50,0.3161275255848948,0.4777961574879653,1.0381286391619204,0.5656792346290024,0.6593260945399835,0.1389674963259792
qwen-3.5-plus,3,235508,mobile,40,0.1402488657992454,0.4530139255612445,1.2507211255872055,0.2747357655549072,0.5844694546987894,0.0487554622523252
qwen-3.5-plus,1,237216,desktop,40,0.4777267137909251,0.4258661853936767,0.980527153617661,1.2179144813984606,0.813219214531119,0.4438509616298297
qwen-3.5-plus,2,233a4c,mobile,40,0.2933387564148929,0.4007360951201112,2.0292006396338325,0.4865754069071084,0.6930713717307563,0.0408591643638725
qwen-3.5-plus,2,237216,desktop,63,0.435886674806263,0.4004365936688019,1.0868915188068091,1.1325212212253526,0.8011923568797319,0.4280491196994198
qwen-3.5-plus,1,2336ff,mobile,48,0.3096626704499516,0.3888972731181908,2.4716023741686315,0.6066317216947494,0.6386743517217394,0.2852564597244607
qwen-3.5-plus,3,237216,desktop,80,0.5932180023780727,0.4780623697413858,0.8355238746280634,1.359253476779407,0.8325289797159555,0.5335283336007467
qwen-3.5-plus,1,23981a,poster,33,0.3007284052367328,0.4230739677909677,0.988064403609048,0.6495827382778736,0.7018821549225638,0.3106961933124254
qwen-3.5-plus,3,23981a,poster,30,0.4113699477767825,0.4438635120784352,0.9693743500782284,0.8630443569557537,0.7351851784146335,0.3814682630535024
qwen-3.5-plus,1,233a4c,mobile,30,0.3041609433734488,0.4143953112759297,1.9808699091319648,0.6041823138385894,0.7026027836963717,0.1604409313273293
qwen-3.5-plus,2,23981a,poster,30,0.1783000044471513,0.3995203416075678,1.083317758412974,0.4140783272871149,0.6544139379708012,0.2360349519815406
qwen-3.5-plus,2,2336ff,mobile,46,0.1664742632746579,0.3372411260889105,3.170474198513485,0.3414036886530736,0.6287472935886409,0.1406829279228871
qwen-3.5-plus,3,2336ff,mobile,40,0.272013962867472,0.3633869142692065,2.638796919323744,0.5588166180342466,0.7608061308049722,0.2447956708374767
qwen-3.5-plus,1,239f23,poster,60,0.2031610586613221,0.331352231662847,1.481056165055597,0.575179845259263,0.6953902821597396,0.1956573764338493
qwen-3.5-plus,3,233a4c,mobile,49,0.2585018193023154,0.4111824503595687,1.4871309066394345,0.5131417791476035,0.7054417999481446,0.0263641023268866
qwen-3.5-plus,2,239f23,poster,54,0.1235537632641594,0.2958417033240174,1.6113202115376646,0.3717778141587533,0.6646869908872345,0.135289873716919
qwen-3.5-plus,3,239f23,poster,50,0.190143462048447,0.3321871931498016,1.5405229144382164,0.5379699918667542,0.6946997646549097,0.172465118251641
qwen-3.5-plus,1,2428cc,poster,45,0.1432549494968445,0.365483526442316,1.4413999652517664,0.2860542430597104,0.5752813861017374,0.1093907835084219
qwen-3.5-plus,2,2428cc,poster,47,0.0877148682653639,0.3307152107659382,1.5534504009643926,0.1228876797054852,0.5448142514544004,0.0650516219592887
qwen-3.5-plus,3,2428cc,poster,40,0.2892214623290825,0.4144411623408074,1.3629336342452314,0.518491889763466,0.6645517767843714,0.1299359865040168
qwen-3.5-plus,1,24425e,web,41,0.043952044815193,0.2892296712456339,2.5990882585751662,0.0248633783203734,0.5801404221878748,-0.0123791502493432
qwen-3.5-plus,2,24425e,web,49,-0.0357013370118014,0.2410445033019743,3.2351914798218355,-0.112893564259638,0.564162192180709,-0.0437244607068481
qwen-3.5-plus,3,24425e,web,49,0.0122975284360179,0.2694178284072369,2.57311123357998,0.0796718201583756,0.5895113436168568,-0.0234448416267277
qwen-3.5-plus,2,23b246,mobile,47,0.2188496528260717,0.3671207920418114,3.1785780427655816,0.3810233501814882,0.6076479612560737,0.2122656537817503
qwen-3.5-plus,3,23b246,mobile,45,0.2446920701004507,0.3805734462665234,2.9535235205802133,0.4605162104861539,0.6332395150575422,0.2235310438651212
qwen-3.5-plus,1,23f03c,mobile,50,0.1178502080087956,0.2693121693497438,4.19686741038987,0.2473621490231914,0.5743486863543155,0.0941665092113083
qwen-3.5-plus,3,23f03c,mobile,34,0.0475407897970516,0.326272408815926,3.63815321878723,0.0376626335264581,0.4905914109227576,0.0522405698872361
qwen-3.5-plus,1,23b246,mobile,50,0.265112016459711,0.4128590920171707,1.6477601254078809,0.409250497341982,0.643418641828071,0.2111980349567552
qwen-3.5-plus,2,23f03c,mobile,40,0.3702948127800126,0.4277465660966509,2.3826198639357896,0.7379347605465146,0.6653307939798822,0.3435444804904723
qwen-3.5-plus,1,244817,desktop,40,0.2041307012889325,0.4081020568259588,1.5286455768628402,0.3953291533479007,0.594627083707513,0.2065380334226623
qwen-3.5-plus,3,244817,desktop,37,0.0293187202362689,0.3309295828448668,4.148801517879619,0.1163106580626466,0.4967295009004366,0.0444675750932036
qwen-3.5-plus,2,244817,desktop,39,0.1821463081193057,0.4050453466455835,1.801728386919422,0.378269120107655,0.6023138422136861,0.1888796121958851
qwen-3.5-plus,1,244dfc,desktop,49,0.4806258899445621,0.4544268222473206,1.2218935049159745,1.2832457216491622,0.7767019782547644,0.5009353084891165
qwen-3.5-plus,2,244dfc,desktop,35,0.4398535592934666,0.4343842718924645,1.2748017522829562,1.1129754712714477,0.7614415433302048,0.4597070320168795
qwen-3.5-plus,3,244dfc,desktop,37,0.491826799906762,0.4477593355604543,1.1433958433535547,1.324083922033114,0.7645830718466834,0.5080128311342684
qwen-3.5-plus,1,24776f,web,40,0.455628398932847,0.4454941167407282,0.9187233735184956,1.1283693425901828,0.8053766992618205,0.4493518596713255
qwen-3.5-plus,2,24776f,web,35,0.3357016680472053,0.3565133132865667,1.4934145973788922,0.8511722821613592,0.7346996321150701,0.3340900188267471
qwen-3.5-plus,3,24776f,web,40,0.2300327723682856,0.3397086530999952,1.5332572607497084,0.5837062308484801,0.7271514197907573,0.2284246926820281
qwen-3.5-plus,1,2481a3,web,45,0.1174273393695237,0.3911243338306576,1.7586195098667998,0.2331906272561427,0.5794690500507017,0.0854489590424989
qwen-3.5-plus,2,2481a3,web,45,-0.0145036602261161,0.3191379621920386,2.686097035356961,0.0233933460375086,0.5415826214480803,-0.0450128261634841
qwen-3.5-plus,3,2481a3,web,46,0.1662751669535477,0.4181907332946295,1.477012413865224,0.3060050355538983,0.6011666007357673,0.1485867597761731
qwen-3.5-plus,1,24f619,desktop,50,0.412961376899887,0.4274137217768726,1.0406941929221851,0.9156263617234924,0.748072634761219,0.4236476094983725
qwen-3.5-plus,3,24f619,desktop,51,-0.0693646941870389,0.1281769795616393,6.9910450898632295,-0.1150109044940827,0.4037717146501615,-0.0691451032391389
qwen-3.5-plus,2,24f619,desktop,50,0.3271663322525071,0.3763208238576228,1.227430946960808,0.7109025932926621,0.7029149884792876,0.3782733704105048
qwen-3.5-plus,1,2511d9,web,48,0.0214507490545316,0.3554995430311825,1.949284489893556,0.1433162836454377,0.5565196612246701,-0.0529681006939793
qwen-3.5-plus,3,2511d9,web,47,0.1518962184586328,0.3946393097715166,1.260184906534067,0.3490384185401112,0.6199364043260684,0.1140487451250544
qwen-3.5-plus,2,2511d9,web,47,0.1948462647663106,0.4054428842842358,1.4484538499021038,0.4515606012309062,0.6506483086287385,0.0978236621663096
qwen-3.5-plus,1,249820,mobile,38,0.0607211894394372,0.2861663750177347,4.105039614688288,0.1687473476847179,0.5150576764683725,0.0018916058685045
qwen-3.5-plus,2,249820,mobile,29,0.1689065610369257,0.3152557779876809,3.364033384834085,0.3599520646054986,0.5852582872404709,0.0931463876166504
qwen-3.5-plus,3,249820,mobile,40,0.0799827276752794,0.2759660503582801,4.0582434392736255,0.1318060700086963,0.5110750838700189,-0.0167430709131586
qwen-3.5-plus,1,251672,web,39,0.2076939362463794,0.3801796685250563,1.6749865037242069,0.4350354622411386,0.6696890002783749,0.1492327276463378
qwen-3.5-plus,3,251672,web,50,0.4743213248408986,0.49683171213541,1.057129038081594,0.9701850474462836,0.7580400706287843,0.2073162505325329
qwen-3.5-plus,2,251672,web,91,0.5042854119659692,0.4738075423153294,0.8983683491700055,1.0645321020924503,0.7781332319800448,0.2293886492593042
qwen-3.5-plus,1,24ff3e,poster,32,0.4097492865153386,0.3626225460928897,2.2794263462719044,1.2296137321834322,0.8038658303766801,0.4020252777456459
qwen-3.5-plus,1,25265d,web,51,0.3246597465634103,0.3144524016660519,1.55773883004365,0.8987334113434541,0.7228662997283433,0.2150086577839537
qwen-3.5-plus,2,24ff3e,poster,40,0.3489028250566623,0.3294921936984113,1.621160291758686,1.1245116403713618,0.8348243451695483,0.3479836832764227
qwen-3.5-plus,3,24ff3e,poster,40,0.4360156623507447,0.3676536713246447,1.5869164268591516,1.3635044284457485,0.8499983033666886,0.4268682982118499
qwen-3.5-plus,2,25265d,web,40,0.0507907941900371,0.2560559460366025,2.5772690027845075,0.0553494784822138,0.5318796725139773,-0.0608540744044818
qwen-3.5-plus,1,25426d,web,35,0.4376677091931632,0.4545082156854401,1.1937875479275728,0.911603235579737,0.7232597426711387,0.4112482194169972
qwen-3.5-plus,3,25265d,web,38,0.0153076920480059,0.2308725320333132,3.0769381876237887,0.055361410857171,0.5345342624546358,-0.1573344620149172
qwen-3.5-plus,2,25426d,web,50,0.1199933333311066,0.3359599637556303,1.451394632727182,0.2613163327894705,0.6199532599899933,0.0951065571261685
qwen-3.5-plus,3,25426d,web,45,0.2771791123411828,0.3759237701680245,1.3440150119078853,0.5812081304621428,0.6748362930217947,0.2708532340500023
qwen-3.5-plus,1,256ef1,desktop,40,0.376331872937054,0.4044813243945806,1.8094491412698983,0.9741173993389292,0.7135077042973235,0.3766918488055655
qwen-3.5-plus,1,256121,desktop,44,0.5622185141890216,0.4363565940100687,1.3930807614978105,1.408368999726788,0.7664189036474646,0.5785095856180548
qwen-3.5-plus,2,256121,desktop,40,0.5602014210955828,0.4520008942990809,1.113297401585979,1.4000417253507704,0.7851991393833854,0.5773435790766908
qwen-3.5-plus,3,256121,desktop,41,0.4001939033788856,0.4085188569390755,1.22558389627936,1.023244555851697,0.7857860144036148,0.4338625728289779
qwen-3.5-plus,2,256ef1,desktop,40,0.5587202804174924,0.4992473630615784,1.0359329335580298,1.433881466920078,0.83125036766275,0.5145581448219858
qwen-3.5-plus,3,256ef1,desktop,40,0.4336959565060004,0.4506825513995763,1.4123877386646253,1.0982967188078947,0.7643827039834996,0.399742287704536
qwen-3.5-plus,3,2586ee,poster,46,0.3473711018776068,0.4441681547847398,2.149057339585139,0.8231425226191337,0.6628706390429855,0.2921604547748676
qwen-3.5-plus,1,2586ee,poster,41,0.3439947365401379,0.4424233831618668,1.2895648157164077,0.7492576732242764,0.676594590678305,0.2599463091896115
qwen-3.5-plus,2,2586ee,poster,40,0.2691691312041996,0.4137074491125901,2.2251989375079395,0.6706548776039333,0.6476020066629304,0.2143541244001817
qwen-3.5-plus,1,259405,web,40,0.0460682537626704,0.2195982344556002,2.588155807641038,0.0672686906700279,0.5211276984068745,0.046141972961315
qwen-3.5-plus,2,259405,web,40,-0.0129459888205506,0.2089633160308031,2.806555192619377,-0.0322692058673053,0.4896986701659115,-0.0104904266162627
qwen-3.5-plus,3,259405,web,45,0.0404063514500965,0.234179226684345,2.342122839844232,0.0589123601002505,0.5328002250021443,0.0421102332868082
qwen-3.5-plus,1,25acbb,web,50,0.2949609289809265,0.3584553856291107,2.250465465432783,0.7925617877895862,0.7217471127043253,0.3288815698081246
qwen-3.5-plus,2,25acbb,web,48,0.2250717384315649,0.3011116770648768,2.5157120933642347,0.6130624995752986,0.7140375940485182,0.2698698138769327
qwen-3.5-plus,3,25acbb,web,49,0.3472396607348779,0.4086508531848311,1.3590934328850626,0.9626075141471822,0.8023882218155884,0.3833687724821019
qwen-3.5-plus,1,25c458,mobile,47,0.4301299450562332,0.4232259591582515,0.9535452993590172,0.8166226516709778,0.7365311650771286,0.3159377062267933
qwen-3.5-plus,2,25c458,mobile,30,0.2872330482134491,0.3911121654600668,1.2468292515297814,0.4648190307359661,0.6185489313284467,0.1285328841627167
qwen-3.5-plus,3,25c458,mobile,46,0.2868830200680098,0.3685413400285361,1.09682123259974,0.5375677143645916,0.6666346122104436,0.2719268306958451
qwen-3.5-plus,1,25d2e6,poster,49,0.0768853670859621,0.3490232652343341,1.432241899145876,0.1652886672325323,0.5474610288774556,-0.0887027504107608
qwen-3.5-plus,2,25d2e6,poster,40,-0.0422350539809667,0.2830990283856306,1.7588495129993222,-0.0063786727735228,0.5047060480765834,-0.0281991511318057
qwen-3.5-plus,3,25d2e6,poster,46,-0.0192987184609455,0.2921268000800401,1.7877282494748288,0.0773152765952597,0.5432261903746742,-0.0374757528583979
qwen-3.5-plus,1,25bf7b,mobile,35,0.141845043070001,0.3424672174967768,2.463971097134774,0.1664328114236756,0.6824685757758902,0.0475795268825714
qwen-3.5-plus,2,25bf7b,mobile,30,0.1442336091138276,0.3308366652703211,2.885841662149114,0.2292238256617915,0.6579137978202756,0.046362996407423
qwen-3.5-plus,3,25bf7b,mobile,44,0.1554068993936345,0.3630011008406594,1.9601920468272256,0.3634185564489035,0.7268994238831401,0.0879228728191713
qwen-3.5-plus,2,25d5bc,poster,43,-0.0314210875178274,0.373357871376954,1.5039983746932917,-0.0843806367092561,0.4858111450496178,-0.0098012378363696
qwen-3.5-plus,1,25d5bc,poster,46,-0.0232710190316044,0.3826744161390823,1.4945628552254209,-0.1058843388079592,0.4663685190549904,0.0578429359305636
qwen-3.5-plus,3,25d5bc,poster,49,0.0976514340542284,0.4091657558344577,1.2587628237659674,0.1702372820402311,0.5163870394630629,0.0254687548514826
qwen-3.5-plus,1,25e2f5,desktop,35,0.4966683096950779,0.4234300351973773,2.3417555809458372,1.0904408743319585,0.7140924040002979,0.4654871352930959
qwen-3.5-plus,2,25e2f5,desktop,49,0.4195110857468216,0.4430487842930826,1.713561377486808,0.9669273154353788,0.7321862521100277,0.4189954976796562
qwen-3.5-plus,3,25e2f5,desktop,39,0.4941390244044708,0.4537893370211464,1.3748622533714063,1.1046839139339617,0.7627689278974568,0.4114094068305637
qwen-3.5-plus,2,2675a8,desktop,82,0.3467310160457034,0.2717728308494405,1.595725124877865,1.1648516651654006,0.823559043095698,0.0194988523601452
qwen-3.5-plus,1,2675a8,desktop,48,0.2765013717235444,0.2058500832472359,2.088081471313875,0.8028236940014902,0.7204957918633558,0.1712998071687083
qwen-3.5-plus,1,26781f,web,49,-0.0180290530667984,0.2340810556010688,1.9330473430202209,-0.0696691386429509,0.5440590070223147,-0.041737830706558
qwen-3.5-plus,3,2675a8,desktop,40,0.4087687617648661,0.2752813468749315,1.6962378954922657,1.3042199716317089,0.7909325910144106,0.2341201761085807
qwen-3.5-plus,2,26781f,web,40,0.1438268696376461,0.3008443415256765,1.5823083900520825,0.3404603055122906,0.6784832576240645,0.0376552169397876
qwen-3.5-plus,3,26781f,web,46,0.0519253605765325,0.2718367282377748,1.89021078203627,0.082870285895525,0.5982460263998018,-0.0083296346904911
qwen-3.5-plus,1,268f27,web,50,0.1996174062880917,0.3744807135499264,1.2847270742238386,0.5269390123549668,0.6966360988141636,0.1569416329195708
qwen-3.5-plus,3,268f27,web,48,-0.063609844998278,0.2782794211264847,2.7098714037720804,-0.0366185180869872,0.4925107546628772,-0.0050061979941762
qwen-3.5-plus,2,268f27,web,37,0.0204985140519311,0.3080521477193927,2.5952963121789976,0.1335088578972371,0.5509343474886275,0.0031225972138842
qwen-3.5-plus,2,26fb2d,desktop,50,0.4924809406097558,0.4362978964254848,1.690135557296102,2.403111576088824,0.9266401092164664,0.4655946649677902
qwen-3.5-plus,1,26fb2d,desktop,48,0.7277637271296,0.5319706628483708,1.2731857923693348,3.5655129286078138,0.8995103356951657,0.720866961997569
qwen-3.5-plus,3,26fb2d,desktop,45,0.7239291010264715,0.5533454712513278,1.2486825664401844,3.5648888837469377,0.8981111283176121,0.7113813458392306
qwen-3.5-plus,1,26c4ef,mobile,48,0.63939364123292,0.5703293004171729,0.8256828571824063,1.7034191553385565,0.8722802157830218,0.6276427197050879
qwen-3.5-plus,2,26c4ef,mobile,40,0.2935551240742437,0.3633229892811168,1.486069104393156,0.6221990731964432,0.7605063695651553,0.2776747328001184
qwen-3.5-plus,1,271112,web,40,0.4342410088305358,0.4184679141649065,1.7333055550173877,0.9297979717636482,0.7167542777827728,0.4373159887178389
qwen-3.5-plus,2,271112,web,49,0.4597943723660547,0.4238369088752221,1.460377873693891,1.004975229911684,0.7378439682537654,0.4557930174989832
qwen-3.5-plus,3,26c4ef,mobile,40,0.3821725076859766,0.405947447244344,1.949451613220633,0.9384217095103816,0.8181898370245001,0.3627968587161287
qwen-3.5-plus,1,2711d3,poster,39,0.0426794718595942,0.2351306111238971,3.406657497717146,0.1831938843734854,0.5286577882433182,0.0324865538770944
qwen-3.5-plus,3,271112,web,40,0.5291263186010642,0.4939559188199878,1.0469743734710226,1.205887369723749,0.8258709279788938,0.5288758557964701
qwen-3.5-plus,3,2711d3,poster,48,0.0328077057330515,0.2487133111808373,2.1093375856353584,0.2118897111444259,0.5854975693247066,0.0238853400235849
qwen-3.5-plus,2,2711d3,poster,40,0.0595743485090787,0.2445869632347004,2.849208521577982,0.2634544496592486,0.5693555759964171,0.0378396030606884
qwen-3.5-plus,1,27b0cb,web,40,0.5634815098079715,0.4258594600548021,1.6964300078381,1.6538911293946992,0.8287333026232153,0.543266002123818
qwen-3.5-plus,2,27b0cb,web,45,0.3695332021116385,0.3104061808523859,1.5557316844263216,1.1036958471156566,0.7698592792291304,0.3820626419590562
qwen-3.5-plus,3,27b0cb,web,54,0.0710073672770695,0.187403340459314,2.3594549863896774,0.1414401243202076,0.6564588914239426,0.1721523116315771
qwen-3.5-plus,3,257df7,poster,46,0.0169938271023265,0.1031496001186943,6.730657431897574,0.1282924069676578,0.3440274129338386,0.0429391861248146
qwen-3.5-plus,1,274fcc,poster,40,0.0565387688175023,0.3136622279740376,3.2479013969863892,0.1387684887402737,0.5248122320439911,-0.0357347460994139
qwen-3.5-plus,2,274fcc,poster,40,-0.0722992179662107,0.2373869351616677,4.909792053628971,-0.0921567400254149,0.4032287909536133,-0.1295662021938033
qwen-3.5-plus,3,274fcc,poster,49,0.0552790757439743,0.3192833807234619,2.930346718065293,0.130130742574892,0.5612388764240884,0.0206280612210581
qwen-3.5-plus,1,27d67e,web,42,0.0916987152301352,0.2495036513601208,2.406542700327135,0.2867804087585816,0.6147965022544088,0.0247200131004822
qwen-3.5-plus,2,257df7,poster,49,0.0427402333583846,0.1161554822551257,6.135147702234819,0.4618183256289798,0.412398593309183,0.065974889106304
qwen-3.5-plus,1,27e29a,desktop,40,0.2858522137385645,0.2935187792331515,1.835607561494658,0.7485888545610433,0.7228778767729842,0.1308094329649721
qwen-3.5-plus,2,27d67e,web,50,-0.0857592327068454,0.2196088104753004,3.313561435700439,-0.2153145344648228,0.4661707274830682,-0.1319115493418577
qwen-3.5-plus,1,257df7,poster,46,0.0825017246600183,0.1312317163952123,6.349794276400081,0.8327106276365612,0.3793652521840527,0.0988207810884493
qwen-3.5-plus,3,27d67e,web,40,0.0740498546794435,0.2319440623477075,3.295485669890294,0.3321147935644726,0.5937904099662515,0.0048519072448595
qwen-3.5-plus,1,27c37d,poster,48,0.3205560900930221,0.3971716387442403,2.9902236997674714,0.5628856143430979,0.6478858821957013,0.3003349264499043
qwen-3.5-plus,2,27e29a,desktop,48,0.276677293870776,0.2856061242031537,1.5615631709837183,0.761805881940605,0.7219104595865796,0.2067351940168931
qwen-3.5-plus,1,27f3f7,desktop,40,0.2902878188794325,0.4632402261298927,1.272185804326774,0.6650799877079132,0.6952953437329413,0.2007312416378004
qwen-3.5-plus,1,28422f,mobile,40,0.6001031227095827,0.5202316777429155,0.6998445795454888,1.1418313513915466,0.8019786929064674,0.3242358183081726
qwen-3.5-plus,3,27e29a,desktop,50,0.3146995435716487,0.297979699626731,1.4735161786448574,0.8714533917829144,0.7499824658059386,0.1547471376730703
qwen-3.5-plus,2,27f3f7,desktop,41,0.2671459195173457,0.4431143176212615,1.3463095299628782,0.6141200566420811,0.6582694115718596,0.2048147029832045
qwen-3.5-plus,2,28422f,mobile,37,0.5080426793039925,0.5081245187360295,0.7906250969447505,0.990806078878584,0.7725822175638338,0.3703391248995041
qwen-3.5-plus,3,27f3f7,desktop,40,0.2856087374167232,0.4561692162956064,1.3023139747869694,0.6592082283593065,0.6799645806343413,0.2298271721199343
qwen-3.5-plus,3,28422f,mobile,40,0.527400726908933,0.5033358045368791,0.7748950558240427,0.9959061007727412,0.7789541197379489,0.2949372370597143
qwen-3.5-plus,2,27c37d,poster,40,0.3236334682727942,0.3937670102012723,2.511680909552821,0.5762004688651988,0.6952229224749582,0.269206096912335
qwen-3.5-plus,3,27c37d,poster,40,0.2747233373472626,0.2966571845119236,4.401252097121132,0.5526091087720771,0.6037297388803666,0.2259700218729318
qwen-3.5-plus,1,285c1c,desktop,47,0.2957486513160168,0.3666783696971535,1.4838417710156708,1.0274385440472449,0.743131076855703,0.3146475923600363
qwen-3.5-plus,2,285c1c,desktop,40,0.4538127448250313,0.3905482620784024,1.1967579942744528,1.4808784210704855,0.8100123859901275,0.436542322291911
qwen-3.5-plus,3,285c1c,desktop,48,0.2815290933781696,0.3833324074721951,1.5869311539534536,0.9137436033842086,0.7327935921855568,0.2844383982987007
qwen-3.5-plus,1,286b3f,desktop,50,0.4009578712948532,0.3201279305594381,3.3803381913937596,1.0303395728963176,0.6521451634919718,0.3887638097305841
qwen-3.5-plus,1,286cb0,desktop,45,0.5059383369659867,0.507480302039446,1.154485839198871,1.1274643776996018,0.7078011718437518,0.5149002037230068
qwen-3.5-plus,2,286b3f,desktop,50,0.4636851812676857,0.3794993934694542,1.948168198599339,1.1997354069646888,0.7200012866018418,0.4564371344201964
qwen-3.5-plus,3,286b3f,desktop,50,0.3445653030525877,0.3347996751493864,1.768052516443512,0.8909899973010256,0.687016688367285,0.3314134670903379
qwen-3.5-plus,3,286cb0,desktop,48,0.1963086385321392,0.3815378477148448,2.294774322835038,0.5336749282650691,0.634255118654764,0.197208805884731
qwen-3.5-plus,2,286cb0,desktop,45,0.470553575820918,0.4804015069452327,1.510857789919455,1.0683642033808136,0.692721339714313,0.4847782361831348
qwen-3.5-plus,1,287cec,poster,40,0.381502013192144,0.4116502118607323,1.1947572980453065,1.0744851530446036,0.7875286362943603,0.3976953845500773
qwen-3.5-plus,2,287cec,poster,40,0.2694748781770372,0.3609643391723863,1.2623833931721071,0.7499986127323476,0.7370413643969865,0.2879988450840374
qwen-3.5-plus,3,287cec,poster,36,0.3740395438576166,0.4156123219626434,1.0962400429874926,1.0006932521472325,0.7785031787753363,0.3717123433368375
qwen-3.5-plus,1,28867f,web,43,-0.0645754826830145,0.279461581715458,2.173893716254078,-0.1208456315563056,0.4706320926325619,-0.17078253513004
qwen-3.5-plus,2,28867f,web,49,0.1473727606413588,0.3546929858030258,1.6050191509558722,0.4446588228201086,0.6196695001864732,-0.1157828633958548
qwen-3.5-plus,1,28d46f,poster,49,0.1712389173498562,0.4607819880878214,0.9262824812230942,0.2890761412659018,0.6000366648531211,0.0915929388783381
qwen-3.5-plus,3,28867f,web,58,-0.0647846409878617,0.2858702315248433,2.240431772170416,-0.0710096485232251,0.474396230862199,-0.173656159419088
qwen-3.5-plus,2,28d46f,poster,45,0.1109193200501368,0.4622389927065259,0.9639837441509458,0.2438864429353753,0.5720441335865001,0.0432828734372239
qwen-3.5-plus,3,28d46f,poster,40,0.0577696637513747,0.4521211141789831,1.0595774481770932,0.1892185771019741,0.5507382660883002,-0.0289786306404966
qwen-3.5-plus,1,28cf69,web,37,0.3983524696289984,0.4241330672875077,1.0999660587860909,0.6940047741923965,0.7026920049591864,0.3520647994092145
qwen-3.5-plus,2,28cf69,web,33,0.171331637927505,0.3341378598649418,1.855558425428461,0.3477558325945931,0.6343166826602822,0.067144773214951
qwen-3.5-plus,1,28a531,web,40,0.5044562326945794,0.4251241921323841,1.2181212287671737,1.344856536001197,0.7972256183493797,0.4908388400084569
qwen-3.5-plus,3,28cf69,web,45,0.116000370468308,0.3268301877807391,1.7117075583595618,0.2325210225856649,0.6243426877570413,0.0167186988701782
qwen-3.5-plus,2,28a531,web,50,0.4736580962305973,0.3973804333409689,1.6253503918280665,1.2105787521840057,0.7937592086945862,0.456398945854555
qwen-3.5-plus,3,28a531,web,47,0.2747567610761706,0.32862465892625,1.4932382321676134,0.8290193770519413,0.7444347509566392,0.229464366215031
qwen-3.5-plus,1,290bcd,desktop,50,0.2382299521706883,0.3294717117722536,4.056038735960212,0.5537132163729607,0.6145978285345434,0.2479676007108112
qwen-3.5-plus,2,290bcd,desktop,48,0.4619074506314908,0.4368407101240548,1.0690791300071822,1.1625231156203026,0.7909585574005693,0.4729120247308905
qwen-3.5-plus,3,290bcd,desktop,51,0.3901432501624998,0.4070617524374099,1.4159740772444307,0.949995842588574,0.7411904354306503,0.4149810059548527
qwen-3.5-plus,1,2917cc,web,33,0.2731925112960612,0.3307853381360915,1.9866220608029952,0.7490893480568013,0.7755428163218758,0.1611933658157766
qwen-3.5-plus,2,2917cc,web,46,0.106759291384608,0.2388328339659293,2.554296861976837,0.3068971171951747,0.7314944370776042,0.0527361151420796
qwen-3.5-plus,3,2917cc,web,40,0.3352873884433506,0.3660996544053679,1.8470628565014968,0.9373321637178224,0.7686104895516426,0.2086841720577051
qwen-3.5-plus,1,297a9c,poster,30,0.1710361003708296,0.3289619766136075,2.4101925328487916,0.5219542482516557,0.6131610803160408,0.2184189919349768
qwen-3.5-plus,2,297a9c,poster,30,0.2000859389810957,0.3449937933042288,2.351347443777978,0.587118726106928,0.662716533146322,0.2144597514818315
qwen-3.5-plus,3,297a9c,poster,40,0.216892648858121,0.3514827952734899,1.791789830567962,0.6302665449335738,0.6816842564352719,0.2347185003453976
qwen-3.5-plus,3,29227b,web,48,0.2262525559497215,0.3625412099992952,1.8990426760129095,0.5189556034839032,0.6695654798938097,0.1793865793810325
qwen-3.5-plus,1,29227b,web,48,0.173776190441507,0.3466855760411618,2.265687295476356,0.3166263600814821,0.6482516924134706,0.1451860580931777
qwen-3.5-plus,2,29227b,web,46,0.0845876040889908,0.2779866663538312,2.7391298812702156,0.1814399361343993,0.6414513225476615,0.0976728936625254
qwen-3.5-plus,1,29b4ce,poster,49,0.1057298017939635,0.3606379722254493,2.262148334833915,0.021616986106528,0.5195903197814055,0.0262816818565048
qwen-3.5-plus,2,29b4ce,poster,39,0.1413878907354561,0.3519142378620782,2.6845268288833575,0.5621224005182629,0.6205702712127941,0.1530156719097954
qwen-3.5-plus,3,29b4ce,poster,40,0.146585072572955,0.3500646765686956,2.666036716204411,0.5223965315608782,0.6244012948289582,0.1673175213769108
qwen-3.5-plus,2,29d7dd,poster,47,-0.0110228722561302,0.3219883322750847,1.9959273227681285,-0.160042774956687,0.4744849822719635,-0.1302912050736107
qwen-3.5-plus,1,29d7dd,poster,39,0.0212116350113022,0.3171212496886668,2.7164803275964404,-0.0244487780238527,0.4906545995740357,-0.23027198165102
qwen-3.5-plus,3,29d7dd,poster,40,0.0390922475040045,0.3279718650665604,2.7964606617362007,0.0443827927848857,0.5057857500764464,-0.1820060023821037
qwen-3.5-plus,1,299635,poster,35,0.0256285134594128,0.2140143503446877,4.389443059484555,-0.0193134363304862,0.5398784104308637,0.0065411580346754
qwen-3.5-plus,1,2a1907,web,49,0.4020944453028603,0.4667088964463873,1.0249730952568814,0.9593794036073432,0.8076898273386456,0.377471370785604
qwen-3.5-plus,2,2a1907,web,47,0.2932760841159624,0.3791405454717704,1.3161300701575134,0.6457267405685769,0.6905039150948978,0.2164111772888196
qwen-3.5-plus,3,299635,poster,38,0.1521046419609162,0.3166139047041956,3.756034344950731,0.2043733626864476,0.5901742096874677,0.0913369510040197
qwen-3.5-plus,2,299635,poster,35,0.0777905544011355,0.2642546943374178,4.692078552538055,-0.0403250806461097,0.4836031433719695,0.0542997263400104
qwen-3.5-plus,3,2a1907,web,37,0.2968431622821862,0.3977079471170232,1.3347936676377856,0.6434882450205301,0.7980891195086369,0.2838918953755271
qwen-3.5-plus,3,298ce9,poster,49,0.1515353467846388,0.2959679937628328,3.0977999512250287,0.2499389030365647,0.6353121296236468,0.1415075682132817
qwen-3.5-plus,1,298ce9,poster,73,0.3189249728654907,0.3632162304758766,2.7691401667333775,0.7077408147528524,0.7034895937329911,0.3623626480093397
qwen-3.5-plus,2,298ce9,poster,46,0.1621222526732925,0.2933823063638678,3.2240546308215605,0.2880557325912043,0.617412850497099,0.133377796851806
qwen-3.5-plus,1,2a4b2d,desktop,83,0.2814491976350418,0.3499718880528673,1.3551565093426694,0.5339081171509171,0.66650010626577,-0.2357926919600668
qwen-3.5-plus,2,2a4b2d,desktop,43,-0.0956526121014997,0.2111270937399675,3.0962274574814592,-0.2657237780942436,0.4171329254672048,-0.1767082066040746
qwen-3.5-plus,1,2a4ccc,desktop,38,0.0795365634318034,0.2510910155093385,2.912109585777333,0.2224855747216781,0.6062913219866879,0.1297732685097372
qwen-3.5-plus,3,2a4b2d,desktop,34,0.1828911997298576,0.3283691637331811,2.142764697001967,0.3775106180112137,0.639975550137397,-0.00514860070502
qwen-3.5-plus,2,2a4ccc,desktop,40,0.2550961803826499,0.3187234787213425,2.3180148825179585,0.6349554426315985,0.6699333237632565,0.2291332999249371
qwen-3.5-plus,3,2a4ccc,desktop,40,0.1033828162055847,0.2770024805718994,2.492150941345738,0.3002975589225696,0.6045625697931121,0.1061702707049902
qwen-3.5-plus,1,2a5307,web,49,0.2632453958444134,0.3845791139055774,1.2460363101033232,0.5942029307771064,0.7394423525280842,0.289382131935358
qwen-3.5-plus,1,2a3bf3,mobile,49,0.0424646228495004,0.2626361305142314,3.135865052439658,0.1700279143459542,0.5808752041643991,0.0987439089485195
qwen-3.5-plus,2,2a5307,web,49,0.1982929348203761,0.3535246098721276,1.3235889415614093,0.4242553624830321,0.6958730184643245,0.2450678318171041
qwen-3.5-plus,3,2a5307,web,47,0.2564826047729779,0.3782228488469718,1.1823101351275167,0.5752025683872842,0.7261330397961244,0.2784917571833455
qwen-3.5-plus,1,2a8ea5,desktop,39,0.0866096511943403,0.4507665374786827,1.009555343864492,0.0480379538973877,0.5272041990321777,0.1134035821007927
qwen-3.5-plus,2,2a8ea5,desktop,40,0.1853229905042073,0.4698522268135364,0.9299566925117684,0.0881407151688409,0.537590324190109,0.2414513192710706
qwen-3.5-plus,3,2a3bf3,mobile,33,0.1068670327405462,0.2686415795079571,3.727469983558755,0.3681108029280728,0.5448721684756855,0.147007935980238
qwen-3.5-plus,3,2a8ea5,desktop,47,0.1761797215276481,0.4695398330853827,0.906913368577312,0.1598921673104166,0.5532452770776349,0.2322671812944848
qwen-3.5-plus,2,2a3bf3,mobile,34,0.0394195088422978,0.2498673942562715,3.7833559917218302,0.1950723397617763,0.5211170864463157,0.0666639323518533
qwen-3.5-plus,1,2a8f6b,desktop,35,0.348034310974562,0.3089754629772738,1.6409371594557094,0.9615333954625734,0.7439765871383417,0.2620473106473686
qwen-3.5-plus,2,2a8f6b,desktop,85,0.2367910191589548,0.2667185657968785,1.6648575878557923,0.5978180844177464,0.6838381922033246,0.1205048692731021
qwen-3.5-plus,3,2a97ca,web,41,0.0947619973064987,0.2869268824072361,1.9809674864839495,0.3260345812524718,0.6102010310800986,0.1396528608575976
qwen-3.5-plus,2,2a97ca,web,44,-0.000226520661448,0.2368895748986387,2.8351710132796963,0.1188696567193708,0.55177357798934,0.0834842376085487
qwen-3.5-plus,1,2a97ca,web,39,0.0229158832417367,0.2448040863587408,2.77672527862426,0.1582670174234887,0.5513548448543457,0.1037077112740404
qwen-3.5-plus,3,2a8f6b,desktop,41,0.3285343456254783,0.297781600201391,1.5054756998279106,0.8663762272568605,0.7402953448202789,0.2809447061892678
qwen-3.5-plus,3,2ad31e,poster,40,0.1325280392144316,0.3531547323045972,2.6279100372012167,0.3081628720339183,0.5589590293680291,0.1691814064551083
qwen-3.5-plus,1,2ad31e,poster,45,0.0842463457263283,0.3350251554501047,2.684822863094401,0.1099110150608612,0.5272551529512597,0.178627664632865
qwen-3.5-plus,3,2ab326,mobile,40,0.1632776426067541,0.3941526723777774,1.9353727533017095,0.2235948161782788,0.6112141725053538,0.1072401548533547
qwen-3.5-plus,2,2ad31e,poster,50,0.1231658777588336,0.3594771369463798,2.3160555947555728,0.2854482022613158,0.5696650049690278,0.1808691618603611
qwen-3.5-plus,2,2ab326,mobile,39,-0.0146420666401843,0.3426910815326504,3.073467183112955,0.0163350563068277,0.4919062906472983,-0.0010397403163437
qwen-3.5-plus,3,2ab8bb,mobile,30,0.2043113159352336,0.3370048517641057,2.8337076996744393,0.461610552455945,0.6507483274083151,0.1174054957462495
qwen-3.5-plus,1,2ab326,mobile,40,0.0956354853087322,0.3649883609168189,2.685771580621137,0.0220292911374236,0.5555423566268365,0.1067564401783413
qwen-3.5-plus,1,2ab8bb,mobile,50,0.1727873529810809,0.3405002720077373,4.308104127458635,0.4442492178159174,0.5072235053070632,0.1126728569699996
qwen-3.5-plus,2,2ab8bb,mobile,37,0.1514387548441946,0.2937032296428914,3.7490269146711297,0.4252055841644387,0.6208526441296518,0.0713269900721592
qwen-3.5-plus,1,2ad4e3,poster,27,-0.0951608983506254,0.2014842632643758,5.701315815593023,-0.2988350621473383,0.3200693299044808,-0.3395122636841702
qwen-3.5-plus,2,2ad4e3,poster,30,-0.2036093615716797,0.1883644022137119,6.033736873170007,-0.4969434810675063,0.2855275451503969,-0.314144099474757
qwen-3.5-plus,3,2ad4e3,poster,50,-0.0277318459265809,0.2424487094767533,2.1968766603673604,-0.0304659769358518,0.4970573533641007,-0.1291028533764531
qwen-3.5-plus,2,2adbfe,web,50,0.2070670068354159,0.3317648904169313,1.6112805941620223,0.562716595662181,0.7311985502489022,0.1793968063070445
qwen-3.5-plus,1,2adbfe,web,40,0.3466693212492336,0.4006724957693754,1.1898391696231372,0.8522780599763061,0.7984316481357374,0.2968977192516198
qwen-3.5-plus,3,2adbfe,web,50,0.1306374569073537,0.2937704021233775,1.9552447389086645,0.3037631411560468,0.7526513560259134,0.1341392777526237
qwen-3.5-plus,1,2ad467,mobile,49,0.5266288554246048,0.4550376554351023,1.2778478925760015,1.4224787553636775,0.7983243573369881,0.4272535061119591
qwen-3.5-plus,3,2ad467,mobile,45,0.3775498327379331,0.4304118010888949,1.317990675956557,1.108086040569754,0.8042056206669467,0.2731701629479326
qwen-3.5-plus,2,2ad467,mobile,51,0.3518561212476469,0.4015130805475229,1.3723130413411242,1.1541373414267595,0.7896046628241083,0.2464321732528592
qwen-3.5-plus,1,2b30aa,mobile,40,0.5186437249189918,0.4964046698808645,1.557396379936937,1.24552156747229,0.7825549166426273,0.5096978679940484
qwen-3.5-plus,2,2b30aa,mobile,40,0.4901092494253805,0.4755843213978967,2.0661860378345462,1.2513293026021597,0.761167714641524,0.4813951366831672
qwen-3.5-plus,3,2b30aa,mobile,40,0.5034887038722191,0.4780176722711608,1.375122763684043,1.3131373965848565,0.7857620862248496,0.493082878958176
qwen-3.5-plus,1,2b48a6,web,50,0.0003881838530899,0.2206284450053,2.227911505543822,0.0707982590593665,0.5957838495590834,-0.20601849460499
qwen-3.5-plus,3,2aff6a,web,41,0.0817680480740228,0.2788012397381363,2.621652759760742,0.1891497860496772,0.5904073615564118,0.0104524072098974
qwen-3.5-plus,1,2aff6a,web,45,0.2363926638436613,0.3124327653715372,3.0119792933098997,0.4162216472430797,0.6269608743710603,0.2236443448207749
qwen-3.5-plus,2,2b48a6,web,37,-0.153711947082092,0.1561373335782147,2.9508778801253546,-0.3667518647437663,0.4377145354887202,-0.2465778449827491
qwen-3.5-plus,2,2aff6a,web,40,0.0435010040061789,0.2409297906816638,4.536284535921897,0.0478966364835528,0.4505065241900476,-0.063631599066017
qwen-3.5-plus,3,2b48a6,web,50,-0.0196528302448051,0.2126914946305535,2.1186088123796876,-0.0147992813368709,0.5223347954172478,-0.1823078075121865
qwen-3.5-plus,1,2b0b4e,mobile,52,0.2438683897485057,0.3494729436480767,3.523285681521686,0.5210376183819027,0.631269121742418,0.2600031299932206
qwen-3.5-plus,1,2b56f2,web,37,0.0558493855507917,0.1981628655996128,2.822525930310123,0.1358183092352596,0.5273232916589524,0.1347573501538734
qwen-3.5-plus,2,2b0b4e,mobile,46,0.2510339705389389,0.3741393015559582,2.231733886251522,0.396534729466422,0.6380059771580067,0.2458253726960099
qwen-3.5-plus,3,2b56f2,web,43,0.1539286582587538,0.2343120834504393,2.8085800922365327,0.4139587341966623,0.5727494185137625,0.2056577673397129
qwen-3.5-plus,3,2b0b4e,mobile,40,0.1738893008823697,0.3631027889791919,1.9030562900829844,0.237345053144885,0.6430990747313751,0.2073220873804437
qwen-3.5-plus,2,2b56f2,web,48,0.2758469237078509,0.266741133840142,1.932794015932189,0.7203569535103579,0.6758925331527011,0.3161539623303528
qwen-3.5-plus,2,2b837f,web,53,0.1857796993424659,0.2782846023994976,1.8463970465071713,0.5114039985040628,0.62500736748732,0.0658130490290401
qwen-3.5-plus,3,2b837f,web,41,0.1782620314356298,0.2806393023892839,2.055373280718759,0.5100039362060522,0.6498790884661245,0.1139881679705144
qwen-3.5-plus,1,2b837f,web,51,-0.0402648900488312,0.1863669925541701,2.5753788529530124,-0.1234969299620979,0.4587453797965368,-0.0158862561242115
qwen-3.5-plus,2,2b7751,mobile,35,0.4564507297835303,0.4549827260903124,1.5910174421070855,1.302606322635557,0.8255642912803757,0.417318609775754
qwen-3.5-plus,1,2b7751,mobile,37,0.2646147742514552,0.3630100150639129,1.8502144735156016,0.5513723937214435,0.7207562629695696,0.1414368027825598
qwen-3.5-plus,3,2b7751,mobile,43,0.4323764484151538,0.4575660269641431,1.318853808073102,0.9201918606675872,0.82294733510946,0.3502899642285512
qwen-3.5-plus,1,2bb7d4,desktop,40,0.1402650564442593,0.3104407389088646,1.4252215995578943,0.3358512132120632,0.5908498733453033,0.1944086793236856
qwen-3.5-plus,1,2b80bb,mobile,38,0.4796676144278604,0.4397661350172453,2.1981706715815985,0.9048047558286448,0.7275112655880112,0.3659621633314686
qwen-3.5-plus,3,2bb7d4,desktop,50,0.2330167855852925,0.340262094889774,2.0191560060184277,0.5949070021322925,0.6484379397116395,0.3034903889769434
qwen-3.5-plus,2,2bb7d4,desktop,43,0.2487966607374679,0.3670747214136216,1.5401194916205008,0.6571081307433579,0.6855174014705551,0.2929587884617551
qwen-3.5-plus,3,2b80bb,mobile,39,0.4067160434278082,0.4428248131210289,1.890580591849268,0.6105131618048659,0.7024629194488274,0.2421878544395682
qwen-3.5-plus,2,2b80bb,mobile,35,0.2376820198193977,0.3416148410074042,2.8975805436291115,0.3290458033755481,0.6299746143247847,0.0878621829961076
qwen-3.5-plus,2,2c6579,desktop,45,0.3399167428536753,0.3488345056120608,1.8265703461018343,0.836193388368694,0.7477599333483576,0.3620104235821296
qwen-3.5-plus,1,2c6579,desktop,51,0.1731872004131566,0.2935936024786092,2.260938703040348,0.3547908741559821,0.6778356873344046,0.1940495218246335
qwen-3.5-plus,1,2c663c,desktop,40,0.2568370367376752,0.3502258632070269,1.4962397539809371,0.8183805513120147,0.737013458501183,0.1134780022379926
qwen-3.5-plus,3,2c6579,desktop,50,0.0536817606638352,0.2350664434831628,3.2995343335221996,0.0159878928246137,0.4525764863449946,0.0577316152475814
qwen-3.5-plus,2,2c663c,desktop,40,0.2806638299436951,0.3593910898362631,1.346296059729722,0.9031733557902916,0.7677484178275655,0.1200880889301168
qwen-3.5-plus,3,2c663c,desktop,40,0.2594908049288432,0.3584303004301171,1.6017175171997038,0.7996888472043657,0.7357812511685915,0.0750486086884448
qwen-3.5-plus,2,2c9c76,desktop,45,0.2243815053969447,0.2249314469261994,2.851343441694566,0.6352251585077606,0.6580429661952233,0.2290698719206606
qwen-3.5-plus,1,2c9c76,desktop,42,0.365496897716523,0.2767027208013493,2.4872941158765474,1.0987145518381085,0.7095329451760694,0.36299518467074
qwen-3.5-plus,1,2c9ce5,web,40,0.26524864957341,0.3086644145082278,1.6847312411213782,0.8479994421161582,0.7593914774980244,0.2173520817824411
qwen-3.5-plus,3,2c9c76,desktop,48,0.1796907055697365,0.2007409934373928,2.0681416401167105,0.461949156953029,0.6348152949824505,0.1672791975933241
qwen-3.5-plus,2,2c9ce5,web,51,0.4097027525600699,0.3573824722027692,2.35062271269954,1.1562872453442918,0.7014651858099955,0.3609439012854197
qwen-3.5-plus,3,2c9ce5,web,50,0.2383317485842092,0.2878489110131216,2.455270646854729,0.6342662274242454,0.6619849829232188,0.0344961678659575
qwen-3.5-plus,1,2c29d4,mobile,40,0.0163285717262458,0.2686437281750746,3.5430029220528785,-0.0535037961561453,0.520064917376364,-0.0558164313812853
qwen-3.5-plus,3,2c29d4,mobile,47,0.1316172345194753,0.3661702145968565,2.9475709695911116,0.1960710966272926,0.5524203551927354,-0.0267233199218031
qwen-3.5-plus,2,2c29d4,mobile,38,0.0536741338280612,0.2882663792670414,2.958185250832756,-0.0100683045858659,0.5196000082807087,-0.0976933554048326
qwen-3.5-plus,1,2cf681,mobile,41,0.6392081993028383,0.5543907945418005,0.8835470561061033,1.3940196672884402,0.7987130654765701,0.5467269675781697
qwen-3.5-plus,1,2cb6b4,desktop,48,0.2230303309370425,0.274888822039732,2.219190970887965,1.0238799811634496,0.7805583790392142,0.1310255831920971
qwen-3.5-plus,2,2cf681,mobile,48,0.3226214420081737,0.3672546467130074,1.3625674821336051,0.5991128731256558,0.7517246781983914,0.1494098226135965
qwen-3.5-plus,3,2cf681,mobile,49,0.6750244129186377,0.5732494064034668,1.1425309751762531,1.5788402415894365,0.7810001333077918,0.5884442235883611
qwen-3.5-plus,3,2cb6b4,desktop,47,0.235908627753805,0.2415468811383312,2.242738643079352,1.0978747705213008,0.7439237450122083,0.235816937243324
qwen-3.5-plus,2,2cb6b4,desktop,40,0.2880266908433777,0.2853981653119713,1.9811117677575765,1.2759643593492047,0.8005684437041967,0.2235817964853869
qwen-3.5-plus,1,2d23e1,poster,40,0.4200719970800313,0.5169112321582847,0.8247172342845916,0.7118813627746804,0.7181384386960924,0.423622125323024
qwen-3.5-plus,2,2d23e1,poster,45,0.3588455463313521,0.4964783287163604,0.920622190684439,0.6534908134208699,0.682311344243085,0.3600585376791952
qwen-3.5-plus,3,2d23e1,poster,40,0.3218444370035866,0.4812808832316044,1.0181143495587874,0.5637480708414842,0.6788825138591768,0.3155923634326187
qwen-3.5-plus,1,2d170d,mobile,40,0.2137501569420788,0.2950308916961022,3.0924638905900452,0.5542198753181249,0.6321670063793323,0.17160914737047
qwen-3.5-plus,2,2d170d,mobile,29,0.0276582193093687,0.1572943270377933,6.7837052519664285,0.0890854517795068,0.3432072642138997,0.0209587229950437
qwen-3.5-plus,3,2d170d,mobile,40,0.307015293699593,0.3616254086381805,2.35529290148485,0.643709543544725,0.7075354932726458,0.2766065265438004
qwen-3.5-plus,1,2d86fb,web,45,0.1417319739267591,0.2722351933424454,2.3432979584149742,0.408330724168182,0.6516365238572366,0.0460602516686221
qwen-3.5-plus,2,2d86fb,web,35,0.0569906718306111,0.2509420376906494,2.661705620465614,0.146552301831561,0.6142610954041339,-0.0261796030225754
qwen-3.5-plus,3,2d86fb,web,39,0.10021024846264,0.2664118515662192,2.5429362239421045,0.2285532324917234,0.6239946141835582,-0.0009912658960835
qwen-3.5-plus,1,2d811c,mobile,40,0.2551078375810883,0.3882802609510853,1.874869399681378,0.6563086133465034,0.660020006174306,0.3283351933560949
qwen-3.5-plus,2,2d811c,mobile,32,-0.021664083579396,0.2325816153249705,4.86073137325568,-0.1235799936263752,0.4051568717246068,-0.008029388735098
qwen-3.5-plus,3,2d811c,mobile,40,0.2095079028276856,0.373193690093451,1.968733961826908,0.4720466634414294,0.642368511408013,0.2922731737989219
qwen-3.5-plus,1,2dfd9c,poster,40,0.2719007436201652,0.3636484200236581,1.333299534674781,0.6288450329267395,0.6877443801172008,0.2247089366010368
qwen-3.5-plus,2,2dfd9c,poster,30,0.3721167014506946,0.4036442176926675,2.2705948670124414,0.8559069342195218,0.6657374567321942,0.3214809444669972
qwen-3.5-plus,3,2dfd9c,poster,53,0.275663527428596,0.3603110692781877,2.297264445766031,0.6945207823214187,0.6457297101598353,0.2492384975834378
qwen-3.5-plus,1,2e5cd6,desktop,50,0.5677790555283913,0.484089947122186,1.5713039524021954,1.2677057253295334,0.7635606987904233,0.5134354954525792
qwen-3.5-plus,2,2e5cd6,desktop,58,0.4222651815738639,0.4118344553484956,1.5419071656197323,0.8771457986612003,0.6997169707434457,0.3606043083301122
qwen-3.5-plus,3,2e5cd6,desktop,31,0.0342368935084507,0.1997987913248234,4.113245941063333,0.1348888026553282,0.584101878235541,0.1329228104515614
qwen-3.5-plus,1,2e93e6,desktop,40,0.5349112347967752,0.4922958861207359,1.1626361155430622,1.091486859500991,0.7443006734494506,0.4327657093082649
qwen-3.5-plus,2,2e93e6,desktop,48,0.3741897499017259,0.4366359983552235,1.1331877096552312,0.7207074061835499,0.7126688799391572,0.3078109821432225
qwen-3.5-plus,3,2e93e6,desktop,40,0.4738034211874369,0.4736889275192742,0.9638308948698784,0.980620972175932,0.7551900466387031,0.3738588372820385
qwen-3.5-plus,2,2e122d,mobile,50,0.4114343141206059,0.3282166122189887,3.697993082575717,0.72130633512798,0.5759662772830918,0.3169072595208595
qwen-3.5-plus,1,2e122d,mobile,46,0.3596685914876373,0.3695795096770403,2.8482210242227253,0.6293661122513664,0.6090028813237774,0.1939910850294108
qwen-3.5-plus,1,2ea01b,poster,40,0.1108283587282349,0.346622038384866,1.68584935126755,0.1156059313893958,0.5473579687070801,0.0217252439728927
qwen-3.5-plus,1,2ef49e,desktop,40,0.670098910597265,0.5120385590406528,0.792171093427338,1.7109001738460186,0.8522213258509744,0.644893995467421
qwen-3.5-plus,3,2e122d,mobile,49,0.2034643338717978,0.287503896301589,2.6168412857426193,0.114361316625569,0.569738763147763,-0.0316936509179338
qwen-3.5-plus,2,2ef49e,desktop,38,0.694665753785018,0.571758074978012,0.6223204496696476,1.7959633080191204,0.8712919832722483,0.6736902751265775
qwen-3.5-plus,2,2ea01b,poster,40,0.0508686845232515,0.3270372197161164,1.742948963643936,-0.0698587934532125,0.4935561546981742,-0.03680003263918
qwen-3.5-plus,3,2ef49e,desktop,30,0.6034847244322563,0.5194864718089068,1.0237088081617467,1.5695802824648797,0.8317510726182228,0.5939314360801521
qwen-3.5-plus,3,2ea01b,poster,40,-0.0570717076404525,0.2776442068148396,1.923522582844948,-0.2999392453661369,0.4429270210723366,-0.0558278791246851
qwen-3.5-plus,3,2e9a8b,mobile,40,0.4956932854844779,0.3565024525087235,4.120483610433335,1.1210922663809593,0.6169044379095343,0.3506971758852873
qwen-3.5-plus,1,2f0568,web,47,0.2226521842644571,0.3028227021474511,1.8944829176712168,0.7194669025800567,0.7325058036641264,0.168030733959758
qwen-3.5-plus,2,2e9a8b,mobile,38,0.5073772062387274,0.3686262804046004,4.234663679382569,1.0164955737140546,0.5606138143083909,0.3983516479947583
qwen-3.5-plus,2,2f0568,web,50,0.1769433758837208,0.28615549072702,2.002365543113251,0.618751149398507,0.7217093561284239,0.1204410950928035
qwen-3.5-plus,3,2f0568,web,50,0.1909647037234916,0.2887908796431404,1.929334173275612,0.6527591033791167,0.7267753483536515,0.129238848883001
qwen-3.5-plus,1,2e9a8b,mobile,39,0.550225934621799,0.486568608537706,1.793772624178311,1.0741897381327596,0.7273188367640656,0.4320692625611343
qwen-3.5-plus,2,2f5041,web,50,0.0290861738217196,0.1638332854139454,2.810367263134739,0.0216331016081997,0.4945883702921919,0.0033542965119638
qwen-3.5-plus,1,2f5041,web,50,0.2959168359406521,0.237311275277583,2.464696822648969,1.1420549300755554,0.6828775417526367,0.3013826125505696
qwen-3.5-plus,2,2f6fcd,mobile,40,0.2816633626025923,0.3859062971329006,1.135733140277434,0.6885944181924554,0.773022779056783,0.059342243727077
qwen-3.5-plus,1,2f6fcd,mobile,36,0.1998162946097772,0.3107208570520041,1.7906145548049082,0.4746503622960286,0.6272968708140124,0.1022186845867406
qwen-3.5-plus,3,2f6fcd,mobile,40,0.4031082462313862,0.4269189245842715,1.0321080235376134,0.6982669067448469,0.7554148057969007,0.2735627341585493
qwen-3.5-plus,3,2f5041,web,40,0.1370770965951324,0.2101494990379276,2.769167823578228,0.5253392169935905,0.631678956072113,0.1338603867591468
qwen-3.5-plus,1,2f8185,desktop,40,0.41221388766474,0.4006104755069894,1.1516235917906803,1.1000309650056213,0.8036951806409155,0.3654711324589659
qwen-3.5-plus,3,2f8185,desktop,46,0.2183471634450755,0.3392126061407366,1.6048709262953174,0.5190129277389469,0.6945441929288353,0.1773118921750498
qwen-3.5-plus,2,2f8185,desktop,45,0.3468306551037348,0.3450773493224047,1.5027722430837145,0.84632742320876,0.7351504593719074,0.303386157897992
qwen-3.5-plus,2,2f57d8,mobile,41,0.1179019400300453,0.2562675441343186,2.9876325171766593,0.2846675605013466,0.7011043314817011,0.1029224824447539
qwen-3.5-plus,1,2f57d8,mobile,41,0.1837341713592373,0.2457572905244204,3.2979062408264337,0.7032657709317692,0.6560012471410185,0.1657296891210718
qwen-3.5-plus,3,2f57d8,mobile,39,0.0662693224247777,0.1811053015236856,5.355946414435023,0.1149202887768276,0.5987550524146913,0.0779042593588495
qwen-3.5-plus,1,2fd907,poster,40,0.3109637835196897,0.4243958203626313,1.5028605730721192,0.9332180366105798,0.7387963116827211,0.2475580602458092
qwen-3.5-plus,2,2fd907,poster,39,0.317044350195018,0.4004836538615658,2.8410507983532987,0.7578910673439222,0.6485480952657,0.2850733564942453
qwen-3.5-plus,3,2fd907,poster,40,0.3678515751893247,0.4312235754029739,2.0194374522699325,0.965734366364526,0.6927294442161394,0.2799910509449917
qwen-3.5-plus,2,2fe128,desktop,39,0.1684510864531225,0.3227195202606343,1.5077994432728292,0.3763860024340488,0.6347837175053183,0.1506998355409406
qwen-3.5-plus,1,2fe128,desktop,40,0.1702331660324758,0.3312255063717196,1.380854201466738,0.3407155798385924,0.7202662607865367,0.1569644319323685
qwen-3.5-plus,3,2fe128,desktop,40,0.177907340862311,0.3431187092508229,1.4536990365153972,0.3789059222122891,0.6859474154329535,0.1633701569966608
qwen-3.5-plus,1,2fdaaf,mobile,36,0.0732162648932371,0.3002480844828742,3.3010722479074284,0.1446978759500949,0.5330654677483903,0.0977042170561686
qwen-3.5-plus,2,2fdaaf,mobile,31,0.1602402519988109,0.3484903892994105,2.976802468562097,0.4470261968345232,0.5997945628486705,0.1855046882983476
qwen-3.5-plus,3,2fdaaf,mobile,33,0.1053363893590395,0.3191855246544147,3.36276454621577,0.2448683809132563,0.560681736053656,0.1465617949570059
qwen-3.5-plus,2,2ffa4a,poster,49,0.0753808635626849,0.2421572915664904,2.084642192592898,0.1574668601104336,0.5551949975503501,-0.0526824131084546
qwen-3.5-plus,3,2ffa4a,poster,43,-0.0280517846011651,0.1988598503156168,2.3945138144763116,-0.117519606301861,0.475660207453496,0.0391854005805194
qwen-3.5-plus,1,2ffa4a,poster,49,0.1317312633564848,0.2026905251710622,1.949456484334237,0.2917978071425846,0.5641380711290086,0.2297377885616221
qwen-3.5-plus,1,305533,poster,46,0.5151949227875039,0.4908599707387631,0.8227139769840804,1.162589114597152,0.7939727767697116,0.5336603233355027
qwen-3.5-plus,2,305533,poster,35,0.6102055953049476,0.5091850942338108,0.7472812091875837,1.327954356373496,0.8274630803821782,0.6020360591183207
qwen-3.5-plus,3,305533,poster,40,0.6111923296141974,0.5056189720580143,0.7632058681015973,1.3342670904140876,0.8335480534769056,0.5985864353674994
qwen-3.5-plus,1,302489,desktop,40,0.4135566704886795,0.4158130928251875,1.5900314400896436,0.8883290009236439,0.73445524447273,0.342442011940094
qwen-3.5-plus,2,302489,desktop,48,0.6243565129479631,0.5015124247417535,1.2208516887584229,1.7305355690839506,0.8371007096492686,0.5628261016307002
qwen-3.5-plus,3,302489,desktop,49,0.4341624154455379,0.3519791021081642,1.4339646900789584,1.2907684003236528,0.7419905934857518,0.3441187758969602
qwen-3.5-plus,1,2fe3ac,mobile,48,0.2528988851668343,0.448701211893582,2.035120620138023,0.2429910778044874,0.6140516668333749,0.2480596372617518
qwen-3.5-plus,2,306281,desktop,43,0.277749965704519,0.3206916494034881,1.5015116441941443,0.657781306859215,0.7033567252589903,0.1409589867788643
qwen-3.5-plus,2,2fe3ac,mobile,40,0.1705793015711788,0.3550091538901219,3.946039762060893,0.0117356785054157,0.4846909041680621,0.152292526893808
qwen-3.5-plus,1,306281,desktop,50,0.1355346460408685,0.243787864950472,4.093046897013837,0.4235024145387653,0.5907571210747193,-0.0187472703729247
qwen-3.5-plus,3,2fe3ac,mobile,50,0.1204141371941371,0.3582586351436029,2.444075155559391,0.1083388323319333,0.5906280743034676,0.1230290547142833
qwen-3.5-plus,3,306281,desktop,36,0.0962197832978588,0.25722998787698,2.294597830252005,0.2345713060529959,0.6620968370872253,0.1554035159073519
qwen-3.5-plus,1,3076c2,desktop,49,0.1032417028300793,0.233870947393604,1.8757065603675411,0.3591457719039353,0.6072486592509899,0.0832479373746923
qwen-3.5-plus,2,3076c2,desktop,40,0.0470956516759205,0.1884226678043828,3.872991001468133,0.064854909608021,0.5189634032460542,0.1191346037097491
qwen-3.5-plus,3,3076c2,desktop,40,0.0607650166558269,0.1976404747699802,4.232107225309784,0.0009729085891379,0.4846797437086462,0.0773742365298496
qwen-3.5-plus,1,3088d0,web,40,0.1708075580258691,0.330045841659628,1.6898853892832542,0.4192668385038476,0.6833885848952347,0.0902030823055765
qwen-3.5-plus,1,30bf75,desktop,41,0.3623643845049589,0.368574323174445,1.3166982782567334,0.9351398186034984,0.7344622225263454,0.3060796422980843
qwen-3.5-plus,2,3088d0,web,90,0.1721130089698258,0.3057774861048339,1.6627100266837016,0.4620704585054096,0.6656339225702443,-0.0079537999079035
qwen-3.5-plus,3,3088d0,web,45,0.205552546725588,0.3672453783633165,1.533461664305922,0.5530642243813486,0.700701039475685,0.0726778353115533
qwen-3.5-plus,2,30bf75,desktop,48,-0.1841522034449141,0.1367854687110268,7.519326866557499,-0.4625823606647279,0.2353796466101261,-0.1144527997726644
qwen-3.5-plus,3,30bf75,desktop,51,0.3342862086310922,0.3358181565208475,1.4251729895522616,0.936057401823656,0.7055770104144605,0.2673309713211758
qwen-3.5-plus,3,312489,desktop,41,0.2977482650799169,0.3940351883982078,1.9718992768844024,0.633673154317615,0.6870819952941837,0.2638672122986001
qwen-3.5-plus,1,312489,desktop,41,0.2376786844868019,0.3514084439782467,2.0607779604110084,0.4567869211676451,0.6702384321930288,0.2183987359713416
qwen-3.5-plus,2,312489,desktop,40,0.3121785129599569,0.3863829164341233,1.8611859798967036,0.6282359988034192,0.6918350429549782,0.2858811108513092
qwen-3.5-plus,1,314e90,web,44,0.4202996601959193,0.4835293272840602,1.0596714493915784,0.9079408289761356,0.7508265017944916,0.151463296402919
qwen-3.5-plus,3,314e90,web,52,0.3844821505991475,0.42969411007049,1.0168942374390704,0.8541536728105426,0.7384315059291968,0.1918919055885811
qwen-3.5-plus,2,314e90,web,50,0.4161063505204432,0.4801835356723084,1.133451473350362,0.8700959407078493,0.738862628391865,0.1546872776911319
qwen-3.5-plus,1,3141d9,mobile,30,0.2062471630938411,0.3747659890382832,2.6148026896355288,0.41415340647933,0.646542615600668,0.1924436709926507
qwen-3.5-plus,3,3141d9,mobile,41,0.3265226551515972,0.4527835685301682,1.487635169184817,0.584241130610043,0.6964398241617008,0.3076372140177265
qwen-3.5-plus,2,3141d9,mobile,29,0.3045035207845447,0.3735562432730355,2.4873340762582083,0.6028405561611754,0.6803802923690361,0.3261242277038979
qwen-3.5-plus,2,317639,mobile,40,0.3215096249652144,0.4009721111040629,2.680074336037635,0.4715734945339559,0.6801119955171224,0.3271105368340987
qwen-3.5-plus,1,317639,mobile,40,0.3969953159390617,0.4612519294869843,2.989832831434099,0.6722308935068996,0.6360660558317458,0.4018550657206626
qwen-3.5-plus,3,317639,mobile,45,0.2973962726285525,0.4754439755291055,1.808027424594698,0.3899361367946772,0.647319377610463,0.2996654245958885
qwen-3.5-plus,1,31b0f0,web,40,-0.0032029799811178,0.2733305967077095,1.9291607831091744,0.0370630522443411,0.555992614876694,-0.0708236607109834
qwen-3.5-plus,2,319181,mobile,40,0.3782365601313622,0.3871716428784901,2.4104910913330997,1.0272739242038182,0.7469152048642156,0.4051769677022256
qwen-3.5-plus,1,319181,mobile,46,0.3587862444032272,0.4019524539458725,1.8977870295691368,0.8142680310280485,0.687057764628863,0.3791426676796031
qwen-3.5-plus,3,319181,mobile,32,0.2705559064549034,0.2963310335086578,3.1134982702839147,0.8258577182145876,0.6855915497694526,0.290240745299756
qwen-3.5-plus,2,31b0f0,web,45,0.0826756366021292,0.316008354802968,1.803671389173483,0.1553523540014138,0.5710296506575796,0.002299108745969
qwen-3.5-plus,3,31b0f0,web,36,-0.0282370818716232,0.2666551895763571,2.529723197972434,-0.0281529484537817,0.5112353651164618,-0.1175365853679845
qwen-3.5-plus,2,324a81,poster,37,0.3097911014512973,0.4088566962422322,1.251040449170731,0.7599746847241744,0.7361899445230794,0.1882899087228583
qwen-3.5-plus,1,324a81,poster,47,0.2237356278871872,0.3722074568390303,1.4257975163212244,0.5505671035816948,0.7022586417843425,0.0677379478729459
qwen-3.5-plus,3,324a81,poster,41,0.1915369518851997,0.3507722398869558,1.9528007185258964,0.490050527302694,0.6651077714275228,0.0917298719895522
qwen-3.5-plus,1,31bba3,mobile,36,0.0484810448919952,0.1937450546150885,5.30821341812937,0.320385351241621,0.4953655163315522,0.0934892595142447
qwen-3.5-plus,2,31bba3,mobile,33,0.0782801538607861,0.1747071897928297,5.992182588524316,0.5265997629736792,0.4930393774348169,0.0431271107398036
qwen-3.5-plus,1,3250cb,web,50,0.1214768060101467,0.2341014558485143,2.255096858606559,0.3403580165105103,0.6421132296624656,0.0053579153681408
qwen-3.5-plus,2,3250cb,web,40,0.0829038932417504,0.2170343678874254,2.3655959843230745,0.2206961189476659,0.6261660860022066,-0.0617669851312655
qwen-3.5-plus,1,325d49,poster,40,0.4951470572173405,0.4469838345009741,0.9255398318490567,0.9485650659467784,0.7782710146670808,0.4455231032910988
qwen-3.5-plus,3,3250cb,web,45,0.1292962481030874,0.2624837320415857,1.8723278946135635,0.2966052030291414,0.6581863695186095,0.0623767952561546
qwen-3.5-plus,2,325d49,poster,47,0.584319927501757,0.4941601663774363,0.7776889201144831,1.0584809167420712,0.7666580653706064,0.55939428334726
qwen-3.5-plus,3,325d49,poster,49,0.3785433520052069,0.4213641243355138,1.033975884842519,0.7677912490975354,0.7174172735531504,0.4180959136930973
qwen-3.5-plus,3,31bba3,mobile,48,0.1077396302116512,0.3071626885663527,3.268044770656626,0.6112207007990749,0.6537464823184224,0.0998712972148337
qwen-3.5-plus,1,31eed9,poster,48,0.3541897954024784,0.4090385609583283,3.1867853500964607,1.1521722290631202,0.7520846773623974,0.3467740800063681
qwen-3.5-plus,2,31eed9,poster,49,0.6014589270478808,0.5551670248296366,1.2498249345237424,1.790345458295585,0.862094134653583,0.5840928181008945
qwen-3.5-plus,1,325da3,desktop,52,0.1380304212610947,0.312097335985566,2.1756815846900146,0.4188698369093807,0.6911459312193952,0.0454281339617649
qwen-3.5-plus,3,325da3,desktop,40,0.0694776714796276,0.2437868108474452,2.405777682105679,0.1625472916471129,0.6283557143641638,0.0367821048963315
qwen-3.5-plus,2,325da3,desktop,50,0.1298863736989541,0.2691822920837888,2.4062449289224883,0.4385429063591005,0.6657030948749181,0.0672835308020554
qwen-3.5-plus,3,31eed9,poster,46,0.5391814521948193,0.5230179442771136,1.06216578784929,1.707991310934864,0.8746940112034834,0.5208518547805814
qwen-3.5-plus,1,32c969,web,45,0.2663198207237072,0.3379179638340759,1.80347769169774,0.8580389608495425,0.8067638571641192,0.1286829919161398
qwen-3.5-plus,2,32c969,web,40,0.3986904372698487,0.3962273593801466,1.8487135047395291,1.2494196163879885,0.8136744603308169,0.2316817779060746
qwen-3.5-plus,3,32c969,web,40,0.2503574291841114,0.3192070353345697,1.8502972881316824,0.8074211518006279,0.7853392716549378,0.1309917965252921
qwen-3.5-plus,1,32cce0,web,40,0.3770553813896525,0.3780646455951469,1.3266287452467411,0.872621384986058,0.7168607343041853,0.3153000997703528
qwen-3.5-plus,1,3304d5,desktop,45,0.3870397622081687,0.4382133989497784,1.0030756213556102,0.830518604205902,0.7707752971826858,0.3485532134799451
qwen-3.5-plus,2,32cce0,web,34,0.1249976159786774,0.3333248813182297,1.813309674194947,0.3008173949328436,0.6548543027944812,0.0564650036537247
qwen-3.5-plus,2,3304d5,desktop,50,0.3323763191665748,0.4137523142572604,1.18916960389536,0.6648188302707816,0.7289161116279639,0.272314941541198
qwen-3.5-plus,3,3304d5,desktop,49,0.4453358096519545,0.4567453562791273,1.1022822101691914,0.8560806680717915,0.7462172564287424,0.4015850620449628
qwen-3.5-plus,3,32cce0,web,30,0.2097277798140914,0.303044890388247,2.2646917265139956,0.5257343264913161,0.6819189070609848,0.1532218440349826
qwen-3.5-plus,1,32fcbf,poster,40,0.0915588129719575,0.2707077185677261,2.7561422416393775,0.2104399867153895,0.556040078105668,0.1230392397824429
qwen-3.5-plus,2,32fcbf,poster,44,0.0845099829978581,0.2696888985969342,2.652584751035302,0.2001106653756379,0.5524954933123032,0.1783204519107376
qwen-3.5-plus,3,32fcbf,poster,49,0.0234473521337599,0.2380199621665479,2.8256788915038724,0.0002198180661471,0.5230598262867523,0.0198660735038355
qwen-3.5-plus,2,330777,web,46,0.1917213315354867,0.3067724504637134,1.9966896797831857,0.5789733413292654,0.6526875117370695,0.1253970315078668
qwen-3.5-plus,1,33214a,web,48,-0.0904751733332621,0.1211252620000007,4.0180241859293995,-0.3214661307307079,0.4399948362824539,-0.2413452092912782
qwen-3.5-plus,2,33214a,web,32,0.2871366879092434,0.2886188105826386,1.697385442481043,1.1376314482614476,0.82301421500995,0.0725224435392003
qwen-3.5-plus,3,33214a,web,51,0.2115528039597482,0.2614733966598053,1.8885740568383749,0.8302734025484126,0.7659006294812837,-0.0734769966663869
qwen-3.5-plus,1,330777,web,45,0.1557247272474739,0.2799250474388715,2.389257280383068,0.4483042790410875,0.6530435872752866,0.152721580058126
qwen-3.5-plus,3,330777,web,41,0.15561588162336,0.2834358771369791,2.3091108301240872,0.4720108968450744,0.6549680907319223,0.1085972239642007
qwen-3.5-plus,1,333ba8,desktop,50,0.4429376002383786,0.4210080559412338,1.226031532667354,1.1553577794670904,0.7978770595899228,0.4199342577298799
qwen-3.5-plus,2,333ba8,desktop,46,0.2746027356826471,0.3591927226230564,1.4432770656008904,0.7776978942819037,0.7355350160929797,0.2514289945893408
qwen-3.5-plus,3,333ba8,desktop,40,0.2602499215410899,0.3408963830053322,2.401190420300456,0.6688631015470018,0.7074127509417596,0.2377576883223027
qwen-3.5-plus,1,3351c6,desktop,50,0.1432538331583718,0.2836524170123575,2.6329269664764734,0.3987523859205272,0.6133428632888238,0.0146746552908836
qwen-3.5-plus,1,3364c6,web,46,0.0620783070033681,0.3158430848821395,1.7515924298295376,0.229124070003003,0.5813328001178436,-0.1805486831696973
qwen-3.5-plus,2,3364c6,web,44,0.1745589692889293,0.3149662950809546,1.6129070590916186,0.4408251688595936,0.6573395269982798,-0.0034040565548336
qwen-3.5-plus,3,3364c6,web,42,0.2049345314911166,0.3146357692106496,1.5386973775674182,0.5313615758570571,0.6605894543548628,0.1304881207137707
qwen-3.5-plus,2,3351c6,desktop,50,0.3249006151517385,0.3614144728705928,1.223235314881496,0.7913065992507367,0.7314248180349372,0.2068546261243782
qwen-3.5-plus,3,3351c6,desktop,40,0.176073464939822,0.2877978855113305,1.8792148093348215,0.5028826443417063,0.6365311257576808,0.1712459710008557
qwen-3.5-plus,1,3364ed,web,40,0.282525024737159,0.3942121524119119,1.4040362791376744,0.5270074441020297,0.7028077710623674,0.1893542885154197
qwen-3.5-plus,2,3364ed,web,40,0.2974690089252869,0.4148485460820219,1.3664285773699203,0.5581547461363947,0.7080328879741352,0.1998532681533187
qwen-3.5-plus,3,3364ed,web,40,0.304541539858473,0.4120826911350351,1.3107978501890107,0.6094598054497843,0.7124364222187645,0.2062247746500307
qwen-3.5-plus,1,33c037,desktop,48,0.4735408068416346,0.3651291536798511,1.708894799686203,0.9891961204086483,0.6731251058521542,0.4158104512600452
qwen-3.5-plus,2,33c037,desktop,50,0.4270800272652058,0.3865225493056889,1.4887658586290913,0.9132537935440284,0.6828877357817885,0.3696320558258777
qwen-3.5-plus,3,337990,web,32,0.0777674917460116,0.2836639881778183,2.7442069760534613,0.2028128466188228,0.6344997901942908,0.0680805832804044
qwen-3.5-plus,3,33c037,desktop,48,0.3072962811427728,0.3315846247302146,1.4397853478716227,0.6992747412702229,0.6697049460454365,0.2296802155728434
qwen-3.5-plus,1,337990,web,38,-0.0814493389409608,0.2115804522622164,3.6445850977571785,-0.2032836148399679,0.4826887830118265,-0.0578673724027584
qwen-3.5-plus,2,337990,web,40,0.2644644798019864,0.3585616085305618,1.487792563467079,0.6493884584622142,0.7114879400665166,0.2514954887390064
qwen-3.5-plus,1,33cc24,desktop,36,0.3428026963507754,0.3244545069042902,2.639168577557956,1.124239678403554,0.7134221756824549,0.217268967791644
qwen-3.5-plus,2,33cc24,desktop,49,0.7133548936852988,0.4582489461658993,1.2554266723735936,2.3704861251222336,0.8364088907731541,0.6379252060710597
qwen-3.5-plus,1,33fdee,poster,49,0.3371165837207026,0.5295910436087062,0.7383849157608052,0.4692406265756052,0.6374265745079233,0.3217766934070231
qwen-3.5-plus,1,33d2a6,web,47,0.0115095629708231,0.2569842398485308,3.1462703801532586,0.0556401124229083,0.5332400902132318,-0.0036350223932143
qwen-3.5-plus,3,33cc24,desktop,56,0.3806455702459928,0.3354063998130823,2.7111643336653963,1.1840186687372782,0.6651379311565986,0.2639480850640752
qwen-3.5-plus,2,33fdee,poster,46,0.3388248449203864,0.5146714481167541,1.1858433099738668,0.4184457052114061,0.6183448486599075,0.3074064177473107
qwen-3.5-plus,2,33d2a6,web,41,-0.0787995031050244,0.2053643535746422,4.331071363825404,-0.1363636044344799,0.4594181819273211,-0.040062630720558
qwen-3.5-plus,1,33eb5e,desktop,49,0.3065288550702323,0.3107436379421192,1.518527169066002,0.970647962310476,0.722496748911711,0.301656392876807
qwen-3.5-plus,3,33d2a6,web,48,-0.1418563851766121,0.2105173201438355,3.1554813320540323,-0.3008674719121709,0.4393745532750577,-0.0452055267960003
qwen-3.5-plus,3,33fdee,poster,30,0.2965460807129413,0.5007126855681212,0.9422892286968167,0.4354898104671124,0.6079682702291597,0.3447676297417453
qwen-3.5-plus,3,33eb5e,desktop,30,0.4359560519138132,0.4004145156269088,1.11257476759912,1.2953957211695548,0.8207178590014657,0.4261102407384693
qwen-3.5-plus,2,33eb5e,desktop,48,0.3365513706638254,0.3515604343775157,1.326291085281878,0.879979722152192,0.730009691014616,0.3287727476303406
qwen-3.5-plus,1,34558c,desktop,50,0.5111485092906201,0.5237535218667044,1.0205404247365233,0.9236187411164696,0.7459795312693389,0.524265799673195
qwen-3.5-plus,2,34558c,desktop,40,0.3619166542269245,0.4217534703908668,1.0287661397408745,0.6409152152126303,0.6671936261917181,0.3672767927440358
qwen-3.5-plus,3,34558c,desktop,48,0.1889741322210001,0.3854883197008655,1.0951352251996864,0.3898860971310219,0.6118351317103584,0.2218645591149625
qwen-3.5-plus,1,3478a7,web,39,0.2528620566820884,0.4172627124820035,1.6493044664253849,0.5492042158573207,0.7041481890599408,0.0466590450621693
qwen-3.5-plus,3,3478a7,web,40,0.306043693958216,0.4359005422129737,1.6984359043361668,0.6790086867143149,0.7445279640657728,-0.0407625782526838
qwen-3.5-plus,2,3478a7,web,40,0.3468174975439686,0.4683803966950339,1.1696570532041877,0.7450775197623841,0.761195743671255,0.0688024824293939
qwen-3.5-plus,2,343781,poster,48,-0.0127877701884818,0.2655844903049734,3.224940344099478,-0.1226107314759338,0.4861411084573239,-0.0231015304247974
qwen-3.5-plus,1,343781,poster,39,0.1629619110083912,0.3475819463276848,2.4796939496755734,0.428318441246225,0.6454288977427238,0.1390551320124665
qwen-3.5-plus,1,348c74,web,55,-0.1110292271998098,0.2651905273663732,2.8601078239280886,-0.1963812100127116,0.4262358714059299,-0.1225812254109188
qwen-3.5-plus,1,345b44,mobile,30,0.7190513616218492,0.5787834527466691,1.6825964219308351,2.156470359630332,0.7820672544429506,0.6730399277794479
qwen-3.5-plus,2,345b44,mobile,48,0.5626767154262952,0.4780697226612618,1.0431837553416925,1.7069444350643292,0.8231289316904636,0.4152748526891228
qwen-3.5-plus,3,343781,poster,42,0.1741939188278859,0.3403118323999274,2.35769669918163,0.3163315218866036,0.6145878276465896,0.133818735871245
qwen-3.5-plus,3,345b44,mobile,43,0.657821710736435,0.5607774856708984,1.1034744644132757,2.0704000644713756,0.8379973890072845,0.5987005191480816
qwen-3.5-plus,2,348c74,web,45,-0.0845384116783478,0.2750170107784444,2.705518685214496,-0.1564781676167384,0.4306505955566246,-0.0973819316110365
qwen-3.5-plus,3,348c74,web,49,-0.0646051622576421,0.2804603799757398,2.8020334893808583,-0.0978244519945239,0.4501764178814503,-0.0880485194237541
qwen-3.5-plus,1,34c262,poster,48,0.3110965575850788,0.5088304107389964,1.200177344530692,0.5257342288367892,0.6527523316611182,0.3136972975996641
qwen-3.5-plus,3,34c262,poster,35,0.1494571844671994,0.436238691478774,1.23242740135747,0.2208340683485314,0.5612730480960972,0.1307979146421939
qwen-3.5-plus,2,34c262,poster,40,0.3233600384307236,0.5392430923895573,0.9589576394509494,0.5030216081423204,0.6546799480223219,0.255754860069484
qwen-3.5-plus,1,349e93,web,46,0.0092108159625182,0.2551657495212494,2.8165875558642384,-0.0057499429018409,0.5455074763942169,0.0123913283708321
qwen-3.5-plus,2,349e93,web,41,0.009829268381533,0.2829871948922797,2.8518151863348646,0.0604906896324034,0.5345294174596626,-0.0038340947223233
qwen-3.5-plus,3,349e93,web,40,0.0676741423181253,0.2966105500609682,2.6805953052464586,0.1834958866265792,0.5623754128565773,0.0410688805038014
qwen-3.5-plus,1,34a3b6,mobile,41,0.2821746157926403,0.3363874802445527,1.9657203001991976,0.6632084473719527,0.7407171702732417,0.2749346566021566
qwen-3.5-plus,2,34a3b6,mobile,55,0.4151732726577725,0.4551265254831149,1.5867702821988512,0.9969312050337752,0.7651466237938034,0.3399328535720751
qwen-3.5-plus,3,34a3b6,mobile,48,0.2310471749157222,0.3353464119218989,2.077401231181517,0.5746263988097738,0.7322379664013836,0.1768754547641166
qwen-3.5-plus,1,356da5,mobile,33,0.2232041578484113,0.3473593200157693,2.8296308016865206,0.2934180674676432,0.5932411587363183,0.0849367380099499
qwen-3.5-plus,3,356da5,mobile,48,0.2975826761658943,0.4348992318782597,2.3462238993889897,0.5023231183421498,0.6172053126201021,0.0916139843793362
qwen-3.5-plus,1,35a756,web,50,0.0549288758126983,0.2387326125654191,2.3347291276833606,0.1274303632739606,0.6492227268565451,-0.0254733813032635
qwen-3.5-plus,1,3578cd,mobile,40,0.0060417212862188,0.2556058111109802,4.651124083001814,-0.1274133613278633,0.448519257411316,-0.0223355846052668
qwen-3.5-plus,2,356da5,mobile,50,0.1508101678613858,0.3095524309957382,3.4886956883514317,0.1270516639610765,0.513568414250426,0.093641827953381
qwen-3.5-plus,3,35a756,web,46,0.0294160796731332,0.1812326025184351,3.9392184887996606,0.03058394392332,0.6060574849104402,-0.1416553803488007
qwen-3.5-plus,2,35a756,web,48,0.2775207050202213,0.2855134092936155,1.8896500229776692,0.6943439193734962,0.6976472222188908,0.2103594227763535
qwen-3.5-plus,3,3578cd,mobile,47,0.2452238404716333,0.3857839007553297,3.2027443457418743,0.3940806364225646,0.6250396392755037,0.2548113007136121
qwen-3.5-plus,2,3578cd,mobile,38,0.2311246251199323,0.36145767770979,2.077750570638673,0.5361086175283554,0.7182276935372236,0.2064681987790741
qwen-3.5-plus,1,35ba73,web,17,0.0882477018386698,0.3093480355637826,1.985322372595489,0.2726111576411221,0.6487315045840472,-0.1107177773856018
qwen-3.5-plus,2,35ba73,web,45,0.3549452042397466,0.4235353852301665,1.1936388702395504,0.7313686726166547,0.7112185460069212,0.0923812199344826
qwen-3.5-plus,3,35ba73,web,51,0.254846018698029,0.4041419572200305,1.3563205707531942,0.5242221397626998,0.6796271879349344,-0.0306971063525712
qwen-3.5-plus,1,35bd1e,web,48,0.1544637892712812,0.2643167803148782,2.157674413912539,0.4497097933471156,0.6009611764348327,0.0672140809795657
qwen-3.5-plus,1,35aa58,poster,41,0.0958714529842071,0.2651105038410868,2.6230665867734677,0.2626830855985788,0.5797148281329917,0.0080154901044073
qwen-3.5-plus,3,35bd1e,web,33,0.1236266874207291,0.2540615294273187,3.305561886430052,0.3311464877682665,0.6145503510444303,-0.1002830578646361
qwen-3.5-plus,2,35bd1e,web,53,0.098841757802681,0.2656499419954922,2.283013683461976,0.2978227593995624,0.6050771336688276,-0.0596291318192987
qwen-3.5-plus,1,35c59b,poster,38,0.3268640559398159,0.3716400942039409,1.2037099198147838,0.6811999137509595,0.621480016167735,0.208626992327545
qwen-3.5-plus,1,35c062,desktop,31,0.1361784101886363,0.2815009516145043,2.0804922072478433,0.4242427321878487,0.6147396826497069,0.104323930380483
qwen-3.5-plus,2,35c59b,poster,50,0.1254115090757618,0.3365600053972573,1.4624903149806865,0.3399070631707125,0.5930856198305503,0.0443019660165664
qwen-3.5-plus,2,35aa58,poster,46,0.1378090442352819,0.2597637467676801,2.6050240185959086,0.321720566282477,0.5930814886147059,0.0519857610635469
qwen-3.5-plus,3,35aa58,poster,38,-0.0012848233110678,0.2298474460495804,3.3741777704701,-0.1721822975512013,0.5133109908669355,-0.0977878858407021
qwen-3.5-plus,3,35c59b,poster,45,0.197103532734128,0.3480164768395839,1.385207240795266,0.5216088181457056,0.6365064215529324,0.0829779027169091
qwen-3.5-plus,2,35c062,desktop,47,0.2341640767586181,0.301229753564672,1.494716289544655,0.6339432290463657,0.6763399523206813,0.2008655083697295
qwen-3.5-plus,3,35c062,desktop,49,0.5058985166083457,0.4410222680036563,1.078935199382314,1.3262240987437393,0.7976170059129877,0.4845755930454116
qwen-3.5-plus,1,363885,desktop,45,0.3107145585523595,0.4182384099542754,1.1123384130831466,0.7232388430602787,0.7113332388460251,0.2513596153112127
qwen-3.5-plus,1,3628ee,web,40,0.27551564056551,0.3183063147719614,2.366871262460299,0.784627634443784,0.7530327257890878,0.1800265905219027
qwen-3.5-plus,2,3628ee,web,40,0.1807172973458562,0.2708314334629821,2.1970252614093657,0.5685159390021088,0.6737777887559955,0.0980851913744015
qwen-3.5-plus,2,363885,desktop,43,0.2198415156888136,0.3586544114760832,1.3292736664822409,0.555661893058393,0.6707161332449455,0.1839615935948999
qwen-3.5-plus,3,363885,desktop,36,0.3508525395596716,0.4103869906496336,1.1309573158784807,0.8881636502633078,0.7350878156598258,0.3176726005575959
qwen-3.5-plus,3,3628ee,web,36,-0.0496337362583218,0.203288006445321,2.9377278440165604,-0.1520753177689404,0.5020103890788545,-0.1482474844083781
qwen-3.5-plus,1,362dcc,web,37,0.2340160052336076,0.3372348886038104,1.9446299238860552,0.4724249432966642,0.6435810279381703,0.217504107897748
qwen-3.5-plus,3,362dcc,web,40,0.243833359194371,0.3597318302603438,1.9259592075277976,0.5543759122575438,0.6607659264041077,0.2498018402574338
qwen-3.5-plus,2,362dcc,web,31,0.2359181668645441,0.337726301034654,2.283364587077132,0.4911553036201094,0.6364173060367025,0.2758976421937949
qwen-3.5-plus,1,3664a3,mobile,29,0.4022717896009886,0.4898151835291024,1.0121583746500569,0.8475731810479027,0.7402758044085287,0.5227638122657305
qwen-3.5-plus,2,3664a3,mobile,30,0.5044992182643027,0.5264721579463385,0.7169595297738656,1.0198508015640737,0.7828459141656557,0.5543109736693458
qwen-3.5-plus,3,3664a3,mobile,28,0.5120076251346565,0.5248077437873969,1.1711314241118904,1.082576283759038,0.767403057992162,0.5723305447397767
qwen-3.5-plus,1,36602c,desktop,40,0.4209898806245991,0.4669835330317249,0.9222952470006316,0.8540502789044407,0.7160241270945908,0.3726968778062493
qwen-3.5-plus,3,36602c,desktop,40,0.3768580172154988,0.4499206833270456,1.0180149390019015,0.8628685873420822,0.7114141238062109,0.4020678922494994
qwen-3.5-plus,2,36602c,desktop,40,0.4289367364620831,0.4720592191857322,0.9405240493151964,0.976708479362198,0.7280657062121869,0.4271478958187358
qwen-3.5-plus,2,36ca43,desktop,45,0.3767072342440659,0.4161723308753816,1.2570854709388657,1.161466895467887,0.8411023637957684,0.3219060059438053
qwen-3.5-plus,1,36ca43,desktop,35,0.3117207233087896,0.3887841429750561,1.8063912439906264,1.0424626101731236,0.7972285277275794,0.2271677910941664
qwen-3.5-plus,3,36ca43,desktop,50,0.2549598285893246,0.3703013798713252,1.613345211456236,0.8196501408616542,0.8015093139307444,0.2072007337475872
qwen-3.5-plus,1,366c6f,poster,46,0.2406316064642378,0.2822758766993032,5.1166674878570015,0.4071136989154382,0.5694842846424567,0.1997439714896596
qwen-3.5-plus,2,370302,desktop,40,0.4058248174369409,0.3320998158181453,1.370683181638315,1.2201500271853123,0.8082505858540866,0.2765664106918143
qwen-3.5-plus,1,370302,desktop,40,0.3816168309663585,0.3160990360959381,1.6269723048436753,1.2169593408296169,0.7982057403974925,0.3050931279331333
qwen-3.5-plus,2,366c6f,poster,49,0.1970030038432002,0.2649472241141472,4.960777409048225,0.4253757351409984,0.565912135486502,0.1611998568744996
qwen-3.5-plus,3,366c6f,poster,49,0.4052554051065966,0.4119297148625111,3.3499351324077833,0.7103336520930167,0.7119408077821062,0.350623707589262
qwen-3.5-plus,3,370302,desktop,37,0.0082500178762965,0.2050660520562569,2.2571049126092375,-0.0506074469364846,0.5591596520168683,-0.244864711849214
qwen-3.5-plus,1,368917,mobile,40,0.3077570668638623,0.2426631991173438,4.814777325101762,1.1504287610328086,0.5676008932078963,0.2709264391830316
qwen-3.5-plus,2,368917,mobile,40,0.2921128941706782,0.2762609286414971,4.680615554359777,1.012770195291995,0.61230973958466,0.2626278899732777
qwen-3.5-plus,3,368917,mobile,47,0.2937471769913943,0.2376180644940126,5.054825793306961,1.0857292353855843,0.5280652453326132,0.2642917128803442
qwen-3.5-plus,2,37123f,desktop,37,0.2824678192718911,0.3007079323850685,1.8921985805268364,0.9488556111791376,0.7531313470981187,0.1776105681731381
qwen-3.5-plus,1,37123f,desktop,48,0.4284484511920277,0.3710688750278735,1.517641735828569,1.3246233124807203,0.7844104313082215,0.2691652200970885
qwen-3.5-plus,3,37123f,desktop,50,0.3891835389923029,0.3720061588626432,1.478090785830848,1.183960928469671,0.7793097416369765,0.2147008941806606
qwen-3.5-plus,1,3734cb,poster,51,0.2354003757686849,0.3714318381114048,1.8156334584913705,0.6084770156304417,0.7016137464486814,0.1926463091916979
qwen-3.5-plus,3,3734cb,poster,50,0.515219862549154,0.5741396379163781,1.0496779086968524,1.2494226065359018,0.8463730810172151,0.4645785793424111
qwen-3.5-plus,2,3734cb,poster,48,0.3427512788528075,0.3837089496869792,1.1973155638905082,0.8538699304977151,0.7371832540488154,0.2048390846007278
qwen-3.5-plus,1,3766a5,desktop,36,0.3383934862704156,0.4550883472547059,1.035649061914421,0.6274133465361186,0.6475317885514421,0.0403995991367402
qwen-3.5-plus,2,3766a5,desktop,43,0.1138659300263252,0.3994237223520732,1.302301036402176,0.2205566259255565,0.5658752553941399,-0.0552442981652445
qwen-3.5-plus,3,3766a5,desktop,34,0.3715111125315553,0.4469633313667061,1.0117563710775876,0.7236831232852837,0.6843091661293732,0.2008954122166033
qwen-3.5-plus,2,371069,mobile,32,0.0498076124575634,0.3144412494238978,3.873944558540995,0.1673963678851368,0.5133014326718432,-0.050966432072221
qwen-3.5-plus,1,371069,mobile,40,0.2614462659324462,0.3933502908044273,2.0865068431412435,0.6062319183514715,0.6655125786126288,0.1697020079579724
qwen-3.5-plus,3,371069,mobile,48,0.214647410960147,0.382171740795429,2.5445514327352647,0.4165825491323734,0.6793857645042403,0.188641494657977
qwen-3.5-plus,1,37446a,mobile,38,0.4511599958316653,0.5156136335375412,1.2815167922025614,0.7579381936831677,0.7121586134996235,0.442441803412845
qwen-3.5-plus,2,37446a,mobile,34,0.4132339827145246,0.4931183589621976,1.2845630968056838,0.739648843220525,0.7504577151243728,0.4004356821271201
qwen-3.5-plus,1,37ad54,desktop,47,0.1925741362942964,0.3540657108538126,2.1014250093892457,0.6077188333959972,0.640512544837408,0.1401877063542237
qwen-3.5-plus,3,37446a,mobile,38,0.3946935742460827,0.4925710340734803,1.3141773706595905,0.6842016941935325,0.7110619575417934,0.3627010500154852
qwen-3.5-plus,2,37ad54,desktop,40,0.2828108783399793,0.3591543779724523,1.861004473943226,0.8350408763566991,0.7438012622970538,0.2482325823850197
qwen-3.5-plus,3,37ad54,desktop,40,0.23195021236464,0.3484655522401731,1.858084158695667,0.6640103384066615,0.7021917186318988,0.2040244669948781
qwen-3.5-plus,1,378c6a,poster,47,-0.1685530211086991,0.1774053729187139,6.476717431234738,-0.2242718885002873,0.3110456538831292,-0.1391932052689451
qwen-3.5-plus,3,378c6a,poster,38,-0.0374082913538865,0.3018145136261717,4.314246239921954,-0.084048464374745,0.423754801727645,-0.0254935167494953
qwen-3.5-plus,2,378c6a,poster,44,-0.1170906606500385,0.2837048684152777,4.714641793528109,-0.2486096848007989,0.3702161030690858,-0.0474448672090646
qwen-3.5-plus,1,37c0ca,desktop,50,0.0498344563344777,0.2160442384000819,4.469635344582505,0.148816584509164,0.4915068458178139,0.089773924609039
qwen-3.5-plus,3,37c0ca,desktop,48,-0.0442837147182813,0.1752323965517466,3.82656343374532,-0.1366061152290947,0.5020258969324733,-0.0234176951853484
qwen-3.5-plus,2,37c0ca,desktop,44,0.0287852183693645,0.2215180810126798,2.5625516703534092,-0.0084932043419397,0.551700636628736,0.0391964025982806
qwen-3.5-plus,1,3839b1,web,49,0.2345473167024541,0.4104568863743036,1.6134183325743008,0.6219075345449236,0.7240483130831087,-0.0171180827695462
qwen-3.5-plus,2,37cecc,mobile,46,0.1657623155586846,0.327013573029345,2.9415951253681047,0.37910978337445,0.6256164331823593,-0.0953949892728155
qwen-3.5-plus,1,37cecc,mobile,39,0.1156041539326576,0.3126220396924857,2.6218391559197336,0.2781852515455618,0.6417008898439809,-0.1058475125823796
qwen-3.5-plus,3,37cecc,mobile,52,0.1803998433615126,0.2989982072616926,3.8544591929836054,0.2708849339313204,0.665931006058831,-0.1478797626713076
qwen-3.5-plus,2,3839b1,web,40,0.3179677861990717,0.4446969017831311,1.3283008556904146,0.7827140196479029,0.7559566237235923,-0.0516948729607167
qwen-3.5-plus,3,3839b1,web,47,0.2558481885956637,0.4142676139726676,1.5462369342143087,0.6715807802403942,0.7244265733906948,-0.0349326324089403
qwen-3.5-plus,1,381869,mobile,51,0.0994740785348415,0.2970311155679339,3.0372740522114015,0.4371103874663258,0.6945677144726173,0.0812896766619582
qwen-3.5-plus,2,381869,mobile,50,0.3024318908708894,0.408339964632278,1.6530668130804698,0.7262031507488904,0.7309673489869848,0.2732797289940378
qwen-3.5-plus,3,381869,mobile,67,0.1580040667331275,0.3460255686688133,1.7557731276857262,0.4658815905558469,0.6832323174337717,0.1883232362907748
qwen-3.5-plus,2,387531,desktop,48,0.2046358191083895,0.4169768606088043,1.2455197838434198,0.3279316146524865,0.6021560145817881,0.3520746958998408
qwen-3.5-plus,1,387531,desktop,32,0.2619147295133325,0.4441909279339915,1.187145937436319,0.4175890096070084,0.6258432805596963,0.3394995803057004
qwen-3.5-plus,3,387531,desktop,32,0.1484501128267619,0.4070599603503512,1.3153581106258547,0.228795341163765,0.5776471724508097,0.2831928641578701
qwen-3.5-plus,1,385881,web,40,0.2417317115699761,0.3487605348143047,1.9279584584241052,0.6495387734540512,0.6993676965695823,0.2039775038546872
qwen-3.5-plus,2,385881,web,40,0.1023410143906242,0.2790278897361984,2.257191385874237,0.2788282381620716,0.6057997379604133,0.0780803046450244
qwen-3.5-plus,3,385881,web,49,0.1751365598627684,0.3207011527399864,1.8010471557792016,0.421134163409737,0.6440318484938572,0.1609083307825297
qwen-3.5-plus,2,38ad0c,desktop,41,0.3008475728871586,0.3973745109220774,2.4477006497095255,0.9815767906479448,0.7641350967685503,0.3015058101031391
qwen-3.5-plus,3,38ad0c,desktop,50,0.3475369571796098,0.3586764825423754,1.4982523181700629,0.9882807473068428,0.7668358896866189,0.3460787777335276
qwen-3.5-plus,1,38ad0c,desktop,48,0.473395942408277,0.4607436071160796,1.4267287185827664,1.5420009277948024,0.8365034400197158,0.4725472534602379
qwen-3.5-plus,2,38a100,web,39,0.3024894091702824,0.3384759817399924,3.3552426812065343,0.7763262035351861,0.7063566712272774,0.2897248319480821
qwen-3.5-plus,1,38a100,web,49,0.2558020126309145,0.3203893420858947,3.3042654017686655,0.5754264091264056,0.6524075844225383,0.2432261681222278
qwen-3.5-plus,3,38a100,web,30,0.3263060388859584,0.3833489930225885,2.252908964742492,0.7366563014084447,0.7199272508273977,0.2967457981120449
qwen-3.5-plus,1,38a251,mobile,47,0.411702822511817,0.3951517410644731,2.8949183447967455,1.0759821949022776,0.7121302649394066,0.2094548267861697
qwen-3.5-plus,1,38d067,poster,45,0.5780025431075722,0.5113783560318932,1.0734412443000805,1.3064050901514304,0.7997915231007975,0.5735826347906804
qwen-3.5-plus,1,38c9d5,desktop,45,0.3019033089647728,0.3312132299304922,1.5947886959386843,0.8846804111055063,0.7713915327889018,0.2089948054996843
qwen-3.5-plus,2,38d067,poster,49,0.6146376406130687,0.4681020339558094,0.8477096601809997,1.3327296910325834,0.8222740012049209,0.6389348315953938
qwen-3.5-plus,3,38c9d5,desktop,41,0.228203669707063,0.3057753887999487,1.7884534899629565,0.5986099944885055,0.7232654172686439,0.1749646997977158
qwen-3.5-plus,2,38c9d5,desktop,40,0.4060952799956439,0.3663948118709846,1.353455862899952,1.1080182811355457,0.7762238927274235,0.3524255459298913
qwen-3.5-plus,2,38a251,mobile,48,0.5716230503494175,0.5080010864459872,1.2531200874823694,1.4964050537913822,0.8210379053462493,0.4126447597927452
qwen-3.5-plus,3,38a251,mobile,39,0.5406892938008742,0.4824952936003794,2.048513374133768,1.5342270082385652,0.7841540879800044,0.4190244654226765
qwen-3.5-plus,3,38d067,poster,40,0.5999295282650225,0.5050567887825359,0.750259897243351,1.3337393639198851,0.8509483001898619,0.5956863312346306
qwen-3.5-plus,2,393327,web,50,0.2808147985127283,0.3006926447787212,1.4750098477558882,0.8276987390016289,0.718542121471753,-0.0612580077913404
qwen-3.5-plus,1,393327,web,48,0.1160742614734587,0.1787705673268316,2.6530899016113545,0.3738877689043316,0.6485273196817462,0.0647194956938591
qwen-3.5-plus,3,393327,web,50,0.0734175644093007,0.1824235753185647,2.739696736231816,0.1906773195829499,0.6137124008969618,-0.0036760170171157
qwen-3.5-plus,2,3930bc,poster,40,0.6257253561402721,0.5397730948041841,1.7771134219798737,1.844926394793435,0.8707295528166995,0.6181048421480432
qwen-3.5-plus,3,3930bc,poster,48,0.1917959583536209,0.2529696321621457,5.716798403472813,0.6421329470531408,0.4882709583758278,0.1902727742182927
qwen-3.5-plus,1,3930bc,poster,30,0.3761553288550268,0.3701977450500709,3.07189292443194,0.9249151402831928,0.7606418355640778,0.3579720477585056
qwen-3.5-plus,1,38dec1,poster,43,-0.0062823528463577,0.1983694156174545,5.700171911455463,-0.0826082496869365,0.4075767977472733,-0.0168466726596885
qwen-3.5-plus,2,38dec1,poster,30,0.0094189544761105,0.1709614678342701,6.053644376086307,0.0479803837759065,0.4208465817557794,-0.044568892970194
qwen-3.5-plus,3,38dec1,poster,47,-0.1165843297619956,0.1619654963472472,6.172052080017192,-0.3503190084092773,0.314066915445869,-0.1630350958834864
qwen-3.5-plus,1,3962ab,mobile,38,0.0039809875876938,0.2428174940972532,3.083369049472332,-0.1135031317828913,0.5193253957378255,-0.0129924055199598
qwen-3.5-plus,1,39b696,desktop,26,0.1629929469383546,0.3583764509357655,1.8321719095368831,0.2809578921649798,0.5823825472797752,0.0447644620992876
qwen-3.5-plus,3,39b696,desktop,51,0.32365646622743,0.398709560952018,1.0453485776451723,0.7343691102109483,0.7116358578340364,0.1623657871431274
qwen-3.5-plus,3,3962ab,mobile,42,0.0051727454998032,0.2530230318159108,2.986290124955113,-0.0530967043193395,0.5409669701867333,-0.0526021918661729
qwen-3.5-plus,2,39b696,desktop,39,0.4733166152937047,0.4372433068959339,0.9452485437822202,0.9242223741262792,0.7621126118242584,0.3025439886846464
qwen-3.5-plus,2,3962ab,mobile,40,0.1676478920913742,0.3519553615802699,2.24263653418408,0.368505206514284,0.6490252955779597,0.11260394241108
qwen-3.5-plus,1,39a8fb,poster,40,0.0786402492664241,0.3482668439039635,1.7881278713700797,0.0630349987021535,0.546089129499278,0.0242750224923413
qwen-3.5-plus,3,39a8fb,poster,33,0.0742770780211601,0.3287734711321739,1.748122931346343,0.0697066084157173,0.5386619590256715,0.0770737312116354
qwen-3.5-plus,2,39a8fb,poster,48,0.2100455790179051,0.4061907579050076,1.1736508824558856,0.4732970942162267,0.652136881100887,0.1270228620573995
qwen-3.5-plus,1,39fd3b,desktop,48,0.2189768783889489,0.3181583744510016,2.1210436887784048,0.6313379377016,0.6181535764564067,0.1448323051356733
qwen-3.5-plus,2,39fd3b,desktop,40,0.2831014664186546,0.3800863989580543,1.6120268397861692,0.7831467531101469,0.7429646987382673,0.1113344459995186
qwen-3.5-plus,3,39fd3b,desktop,41,0.4284588729712485,0.4257157242609863,1.506910062229537,1.1304161633326464,0.7902363501725559,0.2861409661843919
qwen-3.5-plus,1,3a0d2b,mobile,40,0.2569299355037927,0.4498634396754656,1.4297169456050418,0.3637243501956894,0.6328042697645085,0.0043170491645696
qwen-3.5-plus,2,3a0d2b,mobile,54,0.3238914603186692,0.4822952324880735,1.4086276598177283,0.4536011164518468,0.6604056315033545,0.0742189148317845
qwen-3.5-plus,3,3a0d2b,mobile,40,0.2281548259102459,0.4540493997482452,1.3766665671229477,0.3145066555176523,0.632155887312279,-0.0165472695951305
qwen-3.5-plus,2,3a1d22,web,40,0.415513330980479,0.3725075831653228,1.7912391305402149,1.3805002973278062,0.8162795575790103,0.376353600884834
qwen-3.5-plus,3,3a1d22,web,48,0.2289820186762752,0.3060086887562834,1.830900487124472,0.756422413622076,0.7751099227852823,0.1603088722387617
qwen-3.5-plus,1,3a1d22,web,36,0.4658887338417485,0.3811570990611596,1.8491092445989097,1.5551283492698684,0.8206344015046004,0.4234050739294407
qwen-3.5-plus,3,39fa7c,mobile,30,0.1971895099746335,0.3319284987617589,2.860643773511384,0.4173830507652444,0.6378506757358382,0.2045966440327992
qwen-3.5-plus,1,39fa7c,mobile,39,0.37105396882916,0.437931553524001,1.578652880870114,0.840882568035408,0.7297109093282115,0.3706628529114739
qwen-3.5-plus,2,39f80c,mobile,39,0.1599898491503032,0.3371942371477919,3.039143317012383,0.3064632596697628,0.6421113011935946,0.0794585028984106
qwen-3.5-plus,2,39fa7c,mobile,41,0.1316104383125275,0.3352531655054765,2.432914451243464,0.3466412195450172,0.6607770558904171,0.1391169477448723
qwen-3.5-plus,1,39f80c,mobile,28,0.2713742983690037,0.4129953176197266,2.436609033635506,0.4507615617483116,0.6655014849035006,0.2614498787116246
qwen-3.5-plus,3,39f80c,mobile,39,0.0133132641861087,0.253661121906262,4.189093974003444,0.0210050501456342,0.4955972128257351,-0.1065783490644961
qwen-3.5-plus,1,3a6075,web,39,-0.0411599981852523,0.1784633794034428,3.5109135412724597,-0.0176670624433706,0.6269892795673725,-0.1724821129353669
qwen-3.5-plus,2,3a6075,web,35,0.0347692473139683,0.2176589966768316,2.5109555716080365,0.1383119239809204,0.7015504705476723,-0.1221597585715486
qwen-3.5-plus,3,3a6075,web,48,-0.0050025866968473,0.191156492329005,2.9194641235768084,0.0628499132211802,0.6600521731922546,-0.0687657901699371
qwen-3.5-plus,1,3a7320,desktop,50,0.7528853763156271,0.599874204606826,0.623351037867226,1.9730974052117232,0.8771432643511224,0.7484400948533456
qwen-3.5-plus,2,3a7320,desktop,46,0.6897672188408558,0.58986620515459,0.7231936916020483,1.7642026101089638,0.8775609294300375,0.6981927526868437
qwen-3.5-plus,3,3a7320,desktop,48,0.7173255005654706,0.5958932080915811,0.5616912084378771,1.831654565479918,0.8897665535779046,0.7126016273524508
qwen-3.5-plus,1,3a2d21,mobile,42,0.1808731599022414,0.3438576397212148,2.440366007433924,0.333636739420123,0.6126470917226569,0.1938353315204163
qwen-3.5-plus,1,3a564f,mobile,41,0.4653227981338877,0.4927181408644153,1.5703334950649648,0.9334786264896424,0.7784430443881656,0.3438435051385207
qwen-3.5-plus,2,3a2d21,mobile,41,0.3240392978068777,0.3708453310411973,3.62323366793148,0.7628594936215891,0.5753303601776242,0.3292770446075033
qwen-3.5-plus,3,3a564f,mobile,50,0.569397339287027,0.5587106277399718,1.301108027724448,1.2580294789369608,0.7837057927499196,0.4326829288954118
qwen-3.5-plus,2,3a564f,mobile,35,0.2023414680793405,0.3144191995316612,4.680658070702404,0.3880924578823478,0.5119250956366077,0.0614290614855536
qwen-3.5-plus,3,3a2d21,mobile,40,0.292809220350112,0.3868783324947608,2.0569156748553716,0.599939469163483,0.6328290652053151,0.2890132844033388
qwen-3.5-plus,2,3a8a8b,desktop,36,0.1800873135930968,0.3231296753050262,1.8032144445498932,0.4204140557285722,0.6665584947492935,0.1292874062515304
qwen-3.5-plus,1,3a8a8b,desktop,50,0.4694239877885192,0.4377937497955554,1.1655926154835414,1.234072386964414,0.7646462637032195,0.4409148865325735
qwen-3.5-plus,3,3a8a8b,desktop,40,0.2612462010759476,0.3367030646393089,1.5835685106273052,0.6774998525398037,0.6840112490094914,0.2312409295014841
qwen-3.5-plus,1,3a8c09,desktop,55,0.5599269879351019,0.5366004300434598,0.964897837728182,1.3174423636217845,0.8186357595796702,0.5608705658586075
qwen-3.5-plus,3,3a8c09,desktop,30,0.622553785206078,0.4716472244560798,0.9366330905151375,1.549499340575465,0.8046145984308943,0.6222844823787416
qwen-3.5-plus,2,3a8c09,desktop,48,0.5662589744224102,0.4945694245146781,1.0695131035825205,1.415586287901934,0.7892651109809727,0.5647258126808218
qwen-3.5-plus,2,3a9ac6,desktop,50,0.3960001295038534,0.4387858632216634,0.9671903748092086,0.6768625472555662,0.6866378170993906,0.3481162581672964
qwen-3.5-plus,1,3aced2,desktop,45,0.0478794323469513,0.2650009662876511,2.0880507156520016,0.1102654059340983,0.5729354434945901,-0.0274789984813982
qwen-3.5-plus,1,3a9ac6,desktop,42,0.165821317151066,0.3444659453983114,1.6346303235965207,0.2389528828634916,0.5928542037014144,0.1872000171341381
qwen-3.5-plus,3,3a9ac6,desktop,45,0.1906887732580766,0.371154692158733,1.5409198228398973,0.3532873961238021,0.5933264822701738,0.3047661136231575
qwen-3.5-plus,3,3aced2,desktop,35,-0.0059616037331472,0.240288261656137,2.429012640691881,0.0671710363564746,0.5093100725908594,0.071082461885626
qwen-3.5-plus,2,3aced2,desktop,53,-0.0188612835292089,0.238451130408392,3.258604598125972,-0.0221339452908596,0.4682770939203073,0.0067207015424577
qwen-3.5-plus,1,3ae59a,web,40,0.1598218239603971,0.3042820886555173,1.739541331947805,0.3639592762064401,0.7046909430741939,0.1307459787248929
qwen-3.5-plus,1,3a98e9,mobile,49,0.2713753794366389,0.4623851355306201,1.5683852807968128,0.3572206806623368,0.6148883799674351,0.1791519945963496
qwen-3.5-plus,2,3ae59a,web,49,0.2857048433745397,0.3529841546062342,1.307797154180173,0.6018477131672844,0.7023490762975775,0.2488571291610981
qwen-3.5-plus,3,3ae59a,web,30,0.2549571735371803,0.307800449604924,1.862401074799156,0.6385943953770262,0.7209863722407907,0.2818334358760642
qwen-3.5-plus,3,3a98e9,mobile,55,0.1900808130350762,0.4254394185771927,1.9258510840704284,0.4505448119664909,0.6197068009123652,0.0993552990618119
qwen-3.5-plus,2,3a98e9,mobile,70,0.2415262626627357,0.4605603599589496,1.3485306245049469,0.4134403548909064,0.6091675087402693,0.0862945172299285
qwen-3.5-plus,1,3ae6bb,web,49,0.3962263063803102,0.3767260922775852,1.4739214497838256,0.8855025946804422,0.7470973907382076,0.354864684956071
qwen-3.5-plus,2,3ae6bb,web,50,0.1988576984081833,0.2725766876352989,2.898666759086622,0.34031783921878,0.6554912938371503,0.1712847117325049
qwen-3.5-plus,3,3ae6bb,web,40,0.4397717569906254,0.406750133913913,1.3515185735968662,1.0169466700476302,0.7669745087702877,0.3900702774484018
qwen-3.5-plus,1,3aecb7,desktop,37,0.6953591230488358,0.5962687643517375,0.7897357580513956,1.3449773054480412,0.7957994028308799,0.6699568427103769
qwen-3.5-plus,2,3aecb7,desktop,49,0.738803444010362,0.5878137079407073,0.5524631033384413,1.4059239946496054,0.8165179241230907,0.745451198924748
qwen-3.5-plus,3,3aecb7,desktop,47,0.6377001433764524,0.5434855028280804,0.6870045009842456,1.250563546368044,0.7910664769206144,0.6221683545276995
qwen-3.5-plus,1,3b1c3e,web,45,0.2543729553513957,0.3686200207337162,1.9128474663602064,0.4227128078635959,0.6320972668811341,0.2639366796723414
qwen-3.5-plus,2,3b203e,desktop,50,0.4406759631590757,0.3938195542793864,1.5202800566362296,0.9955441120691004,0.7291420897515662,0.3573081516864448
qwen-3.5-plus,3,3b203e,desktop,42,0.3456478059554757,0.3317997063492306,1.7027220559713938,0.7008276173990274,0.6810756050431717,0.2271136704242069
qwen-3.5-plus,1,3b203e,desktop,92,0.3429394046442541,0.3085504802411773,1.384248164123652,0.8135044383607406,0.7344114251517555,-0.0421917431656573
qwen-3.5-plus,2,3b1c3e,web,46,0.1784477626472864,0.3290928785210994,2.219966968606133,0.2631388195479298,0.6078607579339177,0.1973565001983388
qwen-3.5-plus,3,3b1c3e,web,41,0.0232490228547761,0.255424472412679,3.352134855818457,0.0606001731147619,0.5548553950780505,-0.0248644646986792
qwen-3.5-plus,3,3b078d,mobile,42,0.0484165982930065,0.3566907686274137,2.427841813095235,-0.081925675360212,0.4903641309457369,0.0178465770176291
qwen-3.5-plus,1,3b078d,mobile,48,0.0711640475761616,0.3205881598355259,3.7802985643127127,0.1870980406720712,0.5388102716950471,0.0643448572668164
qwen-3.5-plus,2,3b078d,mobile,37,0.1243055135071107,0.3775535634949268,2.059294285657779,0.3050104077610614,0.592740037370016,0.1193242521828278
qwen-3.5-plus,1,3b4d85,web,31,0.2854837960356728,0.3727375557371591,1.897174909399188,0.7238223565248944,0.6658762786787853,0.2071093803289665
qwen-3.5-plus,2,3b4d85,web,40,0.2694144743070818,0.3595850406806303,1.4985075260236789,0.6632813665812866,0.6862753825759949,0.1956567910992137
qwen-3.5-plus,3,3b4d85,web,39,0.3031356278590569,0.3827201369176329,1.574265111651317,0.7351059936099122,0.6876260540278318,0.1948251936225128
qwen-3.5-plus,1,3bb8f9,mobile,40,0.4144423536687924,0.5216673966577957,0.8094280170506294,0.7788878078599819,0.7303952386315364,0.1169024977816139
qwen-3.5-plus,2,3bb8f9,mobile,52,0.368490807204774,0.4776557223859277,0.8505041492558827,0.5860160259540227,0.6576032487921607,0.078117513118595
qwen-3.5-plus,1,3bc098,poster,46,0.430346367321806,0.4378373449128938,0.9390279183884458,0.8928757616674599,0.7341679823174734,0.4014748110972987
qwen-3.5-plus,3,3bb8f9,mobile,40,0.3489487248096853,0.4877556013800993,0.8341150316706201,0.6524337610309601,0.6977514923646001,0.0584477401893117
qwen-3.5-plus,2,3bc098,poster,48,0.5504549037517266,0.5004725696911102,0.8110708844427021,1.130670616355736,0.7944778236789237,0.5564299870865226
qwen-3.5-plus,3,3bc098,poster,47,0.6056695284433504,0.5035868807285062,0.7885886774053086,1.2362134345249698,0.8117250665788046,0.5775579667665108
qwen-3.5-plus,1,3bc419,desktop,50,0.4729661773491725,0.4250558978972585,1.388749340911796,0.7660281399744734,0.6563963979979929,0.4755601323492391
qwen-3.5-plus,2,3bc419,desktop,40,0.5507646304707431,0.4834705324879365,1.0221655476521396,1.0118387992449307,0.7370366035212612,0.554915677742074
qwen-3.5-plus,3,3bc419,desktop,50,0.4367017075346388,0.4272859838317796,1.5016015565473555,0.7947037665200868,0.7024595495470504,0.4404875840190466
qwen-3.5-plus,3,3b6541,mobile,41,0.1270336904281447,0.3698171131743812,2.3878716933008213,0.3139649032586172,0.5899703097508276,0.1251361125429842
qwen-3.5-plus,2,3b6541,mobile,40,0.3015044234928375,0.4215372470600987,1.907180010005471,0.6017470360029714,0.6698084806628739,0.3005254724265025
qwen-3.5-plus,1,3b6541,mobile,48,0.1431190531186211,0.3366760964762592,2.691217090950777,0.0806436114508373,0.5612511204234146,0.1406231156906785
qwen-3.5-plus,1,3c465a,mobile,40,0.158228236903378,0.442765389205904,1.40214524446329,0.3370865250019017,0.573765064193732,0.0127307532010774
qwen-3.5-plus,2,3c465a,mobile,50,0.5341285910973333,0.5251760131083627,0.8342826466824573,0.9256807617066436,0.6965085020093545,0.4779826014726046
qwen-3.5-plus,3,3c465a,mobile,30,0.1917019311818075,0.4643552078269383,1.2811803264117017,0.3280727774881662,0.5824043861901376,0.123606909306912
qwen-3.5-plus,1,3bdf30,mobile,47,0.0681199071306701,0.2764302779385036,3.115763798633782,0.199276556964325,0.5855335641704231,0.0455018636695792
qwen-3.5-plus,3,3bdf30,mobile,50,-0.0457992342533389,0.1434700269289143,6.384471635873011,-0.1239419482358794,0.338138825311754,-0.0807623119640458
qwen-3.5-plus,2,3c29dc,poster,38,0.3045811182829414,0.4439054680843521,2.172814358496053,0.563611741988354,0.6721893635265566,0.254136849177301
qwen-3.5-plus,1,3c29dc,poster,29,0.351309551734082,0.4666661455235708,2.0678938183134767,0.6529624746057884,0.6998404654414494,0.2882354457335562
qwen-3.5-plus,2,3bdf30,mobile,39,0.0339865098332849,0.2616489252799663,3.6398444386705777,-0.0708241802774568,0.5443289726996094,-0.0119540165095212
qwen-3.5-plus,3,3c29dc,poster,47,0.3988387305357297,0.4959947580535084,1.7216542552351044,0.828916258697094,0.7171175927163213,0.331645202744185
qwen-3.5-plus,1,3c9088,desktop,50,0.1781679772890046,0.3269526196070287,1.871021053059762,0.3960893185557142,0.6430270435412925,0.184216694500328
qwen-3.5-plus,3,3c9088,desktop,30,0.044881746410546,0.2159296339753199,3.324039676054127,0.0552790129379935,0.5660227588018605,0.0166889498169675
qwen-3.5-plus,2,3c9088,desktop,50,0.0984482961106283,0.310616716957412,1.6203767505253488,0.2398329968769892,0.5816620753012766,0.0174743055756977
qwen-3.5-plus,1,3cc438,web,47,-0.0582929241638957,0.2816259797729965,1.9849620008345863,-0.147151885792893,0.4928845605170899,-0.0886003157517974
qwen-3.5-plus,2,3cc438,web,42,-0.0404133162990299,0.2756590635492195,2.0751135564412406,-0.0845571680070905,0.5036901818605397,-0.0757612345379473
qwen-3.5-plus,1,3c674f,mobile,46,0.2437802208583196,0.3616537277152407,2.2023799119906906,0.4699312507592946,0.6554490266625835,0.2422646126918522
qwen-3.5-plus,3,3cc438,web,45,-0.0608273094647661,0.2751270180601081,2.2620581925050565,-0.1417698623041423,0.4904380042681897,-0.0731234024509536
qwen-3.5-plus,2,3c674f,mobile,45,0.0407569063530832,0.2122975354956613,5.2188765004434705,0.0999738870612288,0.5069740253901467,0.0341317368414055
qwen-3.5-plus,3,3c674f,mobile,38,0.0847379800226848,0.2395281194818881,4.845596450086828,0.2585303201461414,0.5142991738142401,0.0809544016866751
qwen-3.5-plus,1,3cf90e,web,40,0.2453167473807696,0.3315171086046111,1.7439027013057329,0.5640321907031383,0.709650920872971,0.0079058912928543
qwen-3.5-plus,1,3d5500,web,42,0.4580310420383326,0.4428827609485091,1.0565443967252743,1.294653127619651,0.837144668406364,0.3150681026434684
qwen-3.5-plus,2,3d5500,web,53,0.4400537554956602,0.3777385329876486,1.1924552866310405,1.2637857465652456,0.81873357815818,0.3511561024495057
qwen-3.5-plus,2,3cf90e,web,47,0.3766749642292701,0.3694505265603553,1.333392080105311,0.8867412775903102,0.7480291822159361,0.1297710887136645
qwen-3.5-plus,3,3cf90e,web,32,0.1151124881348026,0.272277914109603,1.939963701613583,0.3106698203839761,0.6801140479751262,-0.0257728280660324
qwen-3.5-plus,3,3d5500,web,38,0.5160325609526286,0.4045055195423586,1.094077104108824,1.4107614455510729,0.8206372041119262,0.4238830703770922
qwen-3.5-plus,1,3d6147,desktop,40,0.3105012152034572,0.4493802334613255,1.8043505017294128,0.7023296278030945,0.6699214277586764,0.3098246237335572
qwen-3.5-plus,2,3d6147,desktop,46,0.3058773229028552,0.439337199264829,1.1747404236435288,0.7638932800023428,0.6987997760816506,0.2156123597798007
qwen-3.5-plus,3,3d6147,desktop,29,0.5100421823085708,0.5176604354685688,0.8533649323364173,1.1705652183625672,0.7800011168935874,0.4625174461092112
qwen-3.5-plus,1,3e3ebf,desktop,43,-0.0634674482561033,0.1893818342544784,2.9483888619708547,-0.1844580719249972,0.4730020468341407,0.0349514657028148
qwen-3.5-plus,2,3d29ac,mobile,39,0.0562113644925649,0.328554947988219,2.780167607318986,0.1082104018671538,0.5642683048308543,-0.0494457139784745
qwen-3.5-plus,3,3d29ac,mobile,44,0.0400932243181962,0.313735961170718,2.795771281378544,0.0254629820681625,0.5757573282013635,-0.1241819661475218
qwen-3.5-plus,1,3d29ac,mobile,35,0.1437538308055617,0.3690949246881873,2.3549225841142563,0.2802568077966917,0.6080855812027635,-0.0297811505075976
qwen-3.5-plus,2,3e3ebf,desktop,44,0.0852804892682665,0.2451836577176994,2.007822964000422,0.1803995003554538,0.5578548756012311,0.0662916377818446
qwen-3.5-plus,3,3e3ebf,desktop,48,0.1865943578419268,0.2698785601248605,1.695126762317292,0.4837869770320793,0.6477141545547395,0.1875184021377083
qwen-3.5-plus,1,3e8fe3,mobile,40,0.2995196911602943,0.3870647626279557,2.6001216319235647,1.0093634722339686,0.6468772559784676,0.3234315075443581
qwen-3.5-plus,2,3e8fe3,mobile,38,0.2560236453473964,0.3802403077915752,2.445672689638637,0.7105791859454949,0.6676284078640531,0.2927473652516538
qwen-3.5-plus,3,3e8fe3,mobile,30,0.2678715759821115,0.3765836264609979,2.8777363216377165,0.8426181698362482,0.6734290940422617,0.25104381547168
qwen-3.5-plus,1,3ea1d8,mobile,16,0.0159598798280989,0.2093714668625098,5.617925263931766,-0.0292242634770488,0.4592330141026544,-0.0809858820182344
qwen-3.5-plus,1,3ea9d8,desktop,45,0.5367594214801908,0.4796701134812615,0.9047660367760888,1.2224596504572014,0.814774321287883,0.4082135762357022
qwen-3.5-plus,2,3ea1d8,mobile,38,0.014960298490561,0.265796671049593,3.978636892198214,0.0428375308234072,0.4586848855008871,-0.0409497327799582
qwen-3.5-plus,3,3ea1d8,mobile,38,0.0148873289937069,0.2646038215878106,3.1678638699601014,-0.0632255873056943,0.5061823181965986,-0.0424391289650007
qwen-3.5-plus,2,3ea9d8,desktop,48,0.5100872258300826,0.4920334242391092,0.8858708711835184,1.1936629167286914,0.8047921628253192,0.3416205767292667
qwen-3.5-plus,3,3ea9d8,desktop,46,0.5321177809944441,0.5041383446247071,0.9559225986831018,1.2262240542296858,0.8141882895173769,0.4330575590938164
qwen-3.5-plus,1,3ec21e,desktop,35,0.5944780385139647,0.5367786149918402,0.7031824876450058,1.2698581982379054,0.8157892321123231,0.5903489615489879
qwen-3.5-plus,2,3ec21e,desktop,47,0.5528614540771356,0.4845080524660384,0.8674761116982737,1.1816358057522929,0.7871429557198693,0.5529736513003859
qwen-3.5-plus,1,3eb8f9,web,49,0.3714051546711206,0.46165508636976,1.091558807693994,0.7433824306728313,0.7095426035791291,0.2688338484121222
qwen-3.5-plus,3,3ec21e,desktop,46,0.6250821362083974,0.5298004155241227,0.7207602457866866,1.3045709477215173,0.8064632226210404,0.6199520093365819
qwen-3.5-plus,2,3eb8f9,web,50,0.3787966972429344,0.4676419910317679,1.0299247928403577,0.7545824496130786,0.7178241637723115,0.2636396572605365
qwen-3.5-plus,2,3ec6d5,poster,37,0.5110387004328953,0.5111139922617168,0.7511163142230824,0.9935603772253472,0.7525124829400404,0.4605657926437137
qwen-3.5-plus,3,3eb8f9,web,50,0.3546838251993441,0.4556522426706523,1.0666208749614248,0.6867969335632873,0.7034238362570107,0.2398347527241201
qwen-3.5-plus,1,3ec6d5,poster,37,0.4263066347558387,0.4856743237678591,0.95664363308991,0.8467957699419012,0.7413018863256172,0.3460157864204781
qwen-3.5-plus,3,3ec6d5,poster,45,0.5765800978483164,0.5474435059014215,0.6642478903859422,1.0895071148236823,0.7942173159429534,0.5260643612139254
qwen-3.5-plus,1,3f177a,desktop,50,0.2496833805571386,0.2859468425520741,1.8508638190295044,0.590897159826781,0.6805179307208031,0.2355608213772787
qwen-3.5-plus,3,3f177a,desktop,40,0.4365897316532101,0.3964954502158459,1.921750277321377,0.9341519197282464,0.6988936818572037,0.4454350745799902
qwen-3.5-plus,2,3f177a,desktop,45,0.1002061003889579,0.2353086240165239,1.8237592150066415,0.3074044613053095,0.57362092918859,0.1050024262327598
qwen-3.5-plus,1,3f1f0d,web,48,0.1856016140814812,0.3297507014421839,2.0742056004931104,0.337135091366558,0.6294380780494222,0.0875848448098866
qwen-3.5-plus,2,3efe00,mobile,44,0.1078163281264789,0.2427283618653426,2.99755997524077,0.2729140751215219,0.61304931212598,0.1153616165292876
qwen-3.5-plus,3,3efe00,mobile,39,0.0313757064959996,0.227042698999499,3.2952034153543988,-0.0907475542321688,0.5377861985636083,0.0751015220206949
qwen-3.5-plus,2,3f1f0d,web,50,0.1547929263192842,0.297372461094867,1.8273351185986704,0.2544817985854083,0.5870111281208792,0.1574029004330418
qwen-3.5-plus,1,3efe00,mobile,47,-0.0301485585888337,0.2147940220848503,3.454404254274051,-0.1527512198244487,0.4566994737468912,-0.0097766437994942
qwen-3.5-plus,3,3f1f0d,web,52,-0.0732191392081075,0.1965459352729808,3.418726892998796,-0.0868722813804418,0.4791664105882609,-0.1081204734020619
qwen-3.5-plus,1,3dbc95,poster,38,0.0145835876064363,0.1731789900862583,5.557033397021667,0.0297680672162279,0.3631464638422099,0.0267659766095918
qwen-3.5-plus,2,3dbc95,poster,48,0.0001320035229991,0.1899901043689256,5.349782820544264,0.0974704572470989,0.3394446324936278,0.0109657742072645
qwen-3.5-plus,3,3dbc95,poster,40,0.0417899257595311,0.1895663727185007,5.190283506509022,0.0426060817022596,0.4535137525631398,0.0849564154548194
qwen-3.5-plus,1,3f6cd4,desktop,49,0.3197005845553254,0.3667208436333321,1.3668501256409975,0.8231582342964323,0.6965315094649123,0.3496349225176313
qwen-3.5-plus,2,3f6cd4,desktop,49,0.2584816280982743,0.3753102213187659,1.2859114400569394,0.735043048590677,0.7123985510883195,0.2640513772686956
qwen-3.5-plus,3,3f6cd4,desktop,50,0.2707136076591708,0.2280382461880347,6.011128705782738,0.5562918910792438,0.440399929425069,0.2827441308286534
qwen-3.5-plus,1,3fdde1,web,49,0.2378076690900075,0.3338829310171525,1.573864392035361,0.4508079440299386,0.6260402743153017,0.2603253211507871
qwen-3.5-plus,1,3f3349,web,49,0.1272248921233956,0.3378485678551549,2.2311713878207757,0.184406151594465,0.6060223236201695,0.0687871746450988
qwen-3.5-plus,2,3fdde1,web,30,0.2133219841869642,0.3174791128352484,2.0058483662919695,0.3449504868300261,0.5924866023009416,0.2246648751062577
qwen-3.5-plus,2,3f3349,web,48,0.0753773861823098,0.2909394453993867,3.471951358042424,0.015204961117892,0.4878955535969645,0.0132142861015747
qwen-3.5-plus,3,3f3349,web,36,0.1616400902359892,0.3004457219613029,4.040663209907258,0.2690739800485062,0.5351428121437659,0.1311696555541914
qwen-3.5-plus,3,3fdde1,web,30,0.1473227768491805,0.3278809095104213,2.1913744941725986,0.254803436234205,0.5757332729535092,0.1302043154736089
qwen-3.5-plus,1,4014f1,web,38,0.1173953989547266,0.3579448498365631,1.36349797665476,0.3089676036191794,0.6355802847993216,-0.0056708925928814
qwen-3.5-plus,2,4014f1,web,50,0.058714445226268,0.3436534280295227,1.358029762509372,0.237319216539964,0.6296853118863509,0.0013280595538561
qwen-3.5-plus,1,3f9682,mobile,32,0.1541668656468861,0.3166709010717857,4.511016139494478,0.387984816916079,0.4708135328764543,0.3029724453839951
qwen-3.5-plus,3,4014f1,web,41,0.1139551554669041,0.3536596011998789,1.3542564934325152,0.3092609961968753,0.635651267392963,-0.0018047230171813
qwen-3.5-plus,3,3f9682,mobile,48,0.2926485041813846,0.3849102725649913,3.220346671256122,0.5103805375780567,0.6035271756739343,0.3342969613939063
qwen-3.5-plus,3,406fb2,web,53,0.1551942312617809,0.2847019169652785,1.704346398422414,0.4351460781168425,0.7968063221134553,0.1455030293432298
qwen-3.5-plus,2,3f9682,mobile,49,0.4124963637488891,0.4304591472095369,2.617310930834587,0.7437689099713326,0.6598696472426304,0.3861501239466206
qwen-3.5-plus,1,406fb2,web,33,0.3676291768795094,0.4254018156949875,1.2475892355623728,1.092399572349367,0.833423793810151,0.2871569552315666
qwen-3.5-plus,2,406fb2,web,44,0.2555923037915106,0.3626329517463352,1.675380580551682,0.7414072267898338,0.7895068430288024,0.2237858181452987
qwen-3.5-plus,2,40e990,mobile,41,0.2023327988762134,0.389089045709111,1.49670199137406,0.384332224775408,0.6665562244814796,0.2304321807129607
qwen-3.5-plus,1,40e990,mobile,35,0.1863107112080668,0.3752205279610601,1.4176031405097582,0.3677709623150215,0.6543533437955564,0.1334435106804137
qwen-3.5-plus,1,40ca07,web,50,0.2738220650141839,0.3156415768650616,2.635030032744887,0.7758434468916714,0.6757672775407961,-0.2457636968487815
qwen-3.5-plus,3,40e990,mobile,44,0.0917616751980841,0.3242821575435378,2.063290093865524,0.2102373170675871,0.6356491801289661,-0.1387505450623529
qwen-3.5-plus,3,40ca07,web,41,0.1291912312492922,0.2444192249480529,2.1793741880256277,0.4264578881206317,0.7003471684432343,0.0300251335709208
qwen-3.5-plus,2,40ca07,web,50,0.2236935363047485,0.2213814579330687,3.803729137989603,0.6367915362165941,0.6415671814455663,0.1246194490520737
qwen-3.5-plus,1,410cbd,poster,38,0.7679884018344486,0.6574904287781906,0.5701632879356858,1.6780207901565611,0.8521289095139762,0.7633718847264408
qwen-3.5-plus,2,410cbd,poster,45,0.5901604904658206,0.5230209448129726,1.2602768396795652,1.326077332587918,0.772466127783155,0.5688878365528546
qwen-3.5-plus,3,410cbd,poster,48,0.7353594286475358,0.6535875261258304,0.7656188916738866,1.636145143048063,0.8418035395431224,0.7276864057559909
qwen-3.5-plus,1,40f316,desktop,48,0.3819935002620497,0.3831547732489765,2.596702960160351,1.177908719540688,0.7226304259807018,0.4150247117270927
qwen-3.5-plus,3,40f316,desktop,42,0.2062854682137192,0.2759927785382805,3.1166447069410026,0.6017499060308729,0.6792757266801601,0.2806899125446313
qwen-3.5-plus,2,40f316,desktop,40,0.2500253825280402,0.3147290815781472,1.9099361047216656,0.8125769455559894,0.6791325287573022,0.288574969450789
qwen-3.5-plus,1,4093f0,poster,46,0.6680003479152762,0.5656975413665997,0.9307499672631648,1.7310349000531118,0.8761311978557146,0.6535384392996065
qwen-3.5-plus,3,4093f0,poster,34,0.1527535027696497,0.2199594477717985,5.183470654120702,0.2868252114558295,0.5194864082301835,0.1788517538413978
qwen-3.5-plus,2,4093f0,poster,30,0.5550156126061886,0.5017555624671104,1.3302427873494502,1.815711487031348,0.8691624973258176,0.5476700459296533
qwen-3.5-plus,1,417f2b,mobile,42,0.1348227391835309,0.3512413044324128,2.1745718812756443,0.2380060154920919,0.6265499463750042,0.2146063533497825
qwen-3.5-plus,1,4238a0,desktop,46,0.4548826575912651,0.3971177216439013,1.3010950831502384,0.9520283119561154,0.6816514197447328,0.4334143153733591
qwen-3.5-plus,2,4238a0,desktop,48,0.3624336876651963,0.39027959269243,1.2230639073513625,0.7860500307522045,0.6946722311469323,0.3432956890837561
qwen-3.5-plus,3,417f2b,mobile,32,0.1590369557715594,0.3641461696617212,2.7648146890865197,0.1996972016816957,0.604098466157543,0.1671424776253554
qwen-3.5-plus,2,417f2b,mobile,32,0.2824157767164192,0.4223989171652982,1.5691468052869677,0.5476545377264408,0.7388970143512046,0.2462306221390519
qwen-3.5-plus,1,4193f2,mobile,38,0.3533745897934828,0.387842021667286,2.6250222505340597,0.479884332540921,0.638760646206422,0.3528139503385891
qwen-3.5-plus,2,4193f2,mobile,50,0.3969205176131237,0.4259010897342464,2.230360364193723,0.5719427769718206,0.6506862449633323,0.3966195537103448
qwen-3.5-plus,3,4238a0,desktop,73,0.0217022329105193,0.2300789579165984,6.7767880196654735,0.1096029440606861,0.350023700051593,0.0690524118695863
qwen-3.5-plus,3,4193f2,mobile,48,0.3500508692971116,0.4015663562273721,1.9409002665906765,0.5429710344955213,0.7080731648664859,0.3491133659170371
qwen-3.5-plus,1,426a6a,web,40,0.1741125105424964,0.2097750806254518,2.0940498126017726,0.5472246217473254,0.6407270283849557,0.1071282891443979
qwen-3.5-plus,2,426a6a,web,46,0.1163175624610654,0.1968985274631629,2.358733076240328,0.3957108741526244,0.6072853078956402,0.1486582576786859
qwen-3.5-plus,1,425384,desktop,41,0.1906729637568124,0.378838819604663,1.388389299922219,0.4313581360221446,0.6832341726822386,0.1104045981149286
qwen-3.5-plus,2,425384,desktop,49,0.3499511874884903,0.4434302302436889,1.0410302200143362,0.6747088957923669,0.7194472848510768,0.2051004855318118
qwen-3.5-plus,3,426a6a,web,40,0.0836118469938742,0.1809143838123358,2.248439683926369,0.2289645563318207,0.5904837103867203,0.1095612981034374
qwen-3.5-plus,3,425384,desktop,47,0.0635253578912941,0.2988300542359395,2.2245996011818723,0.1841473709731704,0.671339826823562,-0.0299040082567609
qwen-3.5-plus,1,423c3e,poster,49,0.5556451439894909,0.5196995037876583,0.8323356936680354,1.2874198051351258,0.8206243741567419,0.5229564236272138
qwen-3.5-plus,2,423c3e,poster,48,0.1616860299697855,0.2711055850519236,4.2068457809036115,0.3856619920255443,0.6417183556186602,0.2453678028384868
qwen-3.5-plus,3,423c3e,poster,49,0.3665820091599016,0.4026635951988666,1.5430692554171568,0.7031745702256743,0.705003064808026,0.1980540330392884
qwen-3.5-plus,1,42941c,web,40,0.3491651509939225,0.429281613558237,1.5754545566265432,0.6743548934124435,0.6679347504726358,0.2886104906949703
qwen-3.5-plus,2,42941c,web,48,0.2259592490644901,0.355911675581091,1.6558466432445962,0.4337038593806017,0.6149514119913908,0.2046866631738719
qwen-3.5-plus,3,42941c,web,41,0.3138592020015615,0.4107795471147295,1.4815448575430672,0.6365560725978126,0.6820763425426141,0.2811177979345254
qwen-3.5-plus,1,42826d,poster,47,0.6223408453980253,0.5032125243076401,2.493573440812625,1.430496810618167,0.7246860319087808,0.5866816045870692
qwen-3.5-plus,2,42826d,poster,50,0.5773811040814434,0.5671236982945809,0.94121664207915,1.2563107279552392,0.8375380559425926,0.5474018061276463
qwen-3.5-plus,3,42826d,poster,40,0.3889631343159845,0.4414406078670855,1.9466621385178593,0.7155083161551397,0.7499864356635327,0.3996008405645309
qwen-3.5-plus,1,4288cb,mobile,30,0.0127970610252514,0.2138976681138649,3.877504076415525,0.032984038046743,0.5567234950583786,-0.0544647705036823
qwen-3.5-plus,2,4288cb,mobile,40,0.0598328153235639,0.2488093818714558,3.3077212056259446,0.0136970491595381,0.5351361825641286,-0.1652203916114907
qwen-3.5-plus,3,4288cb,mobile,41,-0.0934379538486495,0.2193115724997719,5.045247662366087,-0.0939693476353672,0.3636128399290582,-0.1341251396194424
qwen-3.5-plus,1,42a9cb,poster,35,0.2049822718910204,0.3000252884911782,2.1784853738277543,0.4017999795429842,0.6592043212763415,0.1423865866086078
qwen-3.5-plus,2,42a9cb,poster,35,0.0197047074695918,0.2001775989246016,2.9018209948673643,0.0319160042800016,0.5943494200195212,0.0383094182394286
qwen-3.5-plus,1,42962f,desktop,50,0.2362728950600922,0.3203345443502459,2.248304713056884,0.6258957606821072,0.6756718508778385,0.0480455963392199
qwen-3.5-plus,3,42a9cb,poster,38,0.1098789933828377,0.252573570160792,2.409847999203055,0.2466779826639183,0.6207627573252581,0.1013349663611678
qwen-3.5-plus,2,42b098,desktop,40,0.1608070109514711,0.3278960017589608,1.7272061020306313,0.4796817479663662,0.6530285209509362,0.147142531973872
qwen-3.5-plus,1,42b098,desktop,40,0.2320458288685985,0.3733421808486193,1.713591328163346,0.7647098084599583,0.6667637651641902,0.2140779863782027
qwen-3.5-plus,3,42b098,desktop,40,0.1481553173790984,0.3341079057596333,1.747088761403543,0.429861648016668,0.6231428717616838,0.1411849995051618
qwen-3.5-plus,1,42c444,mobile,30,0.0254361519205711,0.3517139321602982,1.5832674418129524,-0.0273635789288156,0.5281571003991439,-0.0222168598572365
qwen-3.5-plus,2,42c444,mobile,41,0.0729723455332887,0.3644528854211597,1.5267926361559017,0.058430587522033,0.5429481397985517,0.0371257598391753
qwen-3.5-plus,2,42962f,desktop,50,0.2481482464487657,0.3272803767904233,2.2079767075067336,0.6447011057089098,0.6737707743836611,0.0515826468036435
qwen-3.5-plus,3,42962f,desktop,50,0.2670968614640458,0.3332180910852441,2.044291444017384,0.702134018371155,0.6885253693109815,0.0523961333927978
qwen-3.5-plus,3,42c444,mobile,36,0.1117527990577235,0.3657871935021377,1.4814166643638589,0.1428545960494163,0.664576711220837,0.0299009498805763
qwen-3.5-plus,1,42c4ea,web,50,0.2010637326882434,0.3731437567137344,1.251909824580023,0.2567415994560786,0.5884355674237143,0.1593334978299488
qwen-3.5-plus,2,42c4ea,web,48,0.1468613670128555,0.363495594693023,1.5862211806932294,0.2458879814992051,0.5891285602734488,0.0990183925472717
qwen-3.5-plus,3,42c4ea,web,51,0.1894490693573575,0.3789545202113553,1.2319500012644502,0.3198352821069666,0.6080342021038316,0.1486363253978796
qwen-3.5-plus,1,432066,desktop,43,0.0884520053414515,0.2929332624815695,2.654170108851611,0.2047126413510458,0.5633932533808039,0.1217010737816617
qwen-3.5-plus,2,432066,desktop,42,0.2693650442563025,0.4059602435385534,1.3954181988121814,0.6553864841966244,0.6937360380154622,0.2148435721836023
qwen-3.5-plus,3,432066,desktop,40,0.1654843100475107,0.3315032215965681,2.040751721456215,0.3921808244196541,0.6513219845994295,0.1620334818356903
qwen-3.5-plus,1,4376ed,web,40,0.3615257591230563,0.4252368483374589,1.4946311235780996,0.7850020923854815,0.7007584874350343,0.3410762100164827
qwen-3.5-plus,2,4376ed,web,46,0.3891243316345583,0.4275338822331616,2.0548861024140415,0.8700475562738144,0.6626376936851387,0.4055724630900246
qwen-3.5-plus,3,4376ed,web,38,0.1710123125644499,0.3627426173440548,2.253022863880706,0.3868443144586494,0.6013322063562658,0.1781426850813016
qwen-3.5-plus,1,439c14,web,45,0.2489995680271946,0.3519612926200721,1.711911881367027,0.6340539277803939,0.6666356731410766,0.1652453310923369
qwen-3.5-plus,3,439c14,web,40,0.2177127529926055,0.35375692157957,1.5939577017947597,0.6333276958362759,0.6938294564523438,0.2051379974873816
qwen-3.5-plus,2,439c14,web,48,0.0381289290469563,0.2623671796162522,1.956261610665582,0.1401545141883252,0.5683205301079333,0.1012101923040222
qwen-3.5-plus,1,43a952,poster,49,0.1273934570121429,0.1983969797291716,2.3667035014968665,0.449555691426111,0.6512121370758339,0.177903346466805
qwen-3.5-plus,1,441395,web,50,0.1158335814222484,0.2647585619442583,1.9780502436683989,0.3330766931853929,0.6203134865292073,0.0770813843328745
qwen-3.5-plus,2,441395,web,47,0.0777125197534486,0.2245235517619666,2.919905905506227,0.1829037738962712,0.6262251923282497,-0.0113453727696451
qwen-3.5-plus,2,43a952,poster,38,0.164798064964896,0.2215007006626252,2.2889781986849504,0.5331861651309735,0.6833112209148301,0.1452117901317454
qwen-3.5-plus,3,43a952,poster,48,0.2713980801127851,0.2883986690920185,1.6952267842657656,0.8797910177201403,0.7160625069341942,0.1879858322064662
qwen-3.5-plus,3,441395,web,48,0.0223762504949397,0.1957038563748099,2.9067893491180357,0.0337466256389798,0.5643515346157268,0.0157434687531593
qwen-3.5-plus,1,446969,web,32,0.1836940761745498,0.3663657866913551,1.2957794428482865,0.2994582181092126,0.6001062033281547,0.0879608036163572
qwen-3.5-plus,2,446969,web,40,0.3451023116727134,0.4161148430190281,1.0833865480947802,0.6333168087442935,0.6826774243958291,0.2147091551371827
qwen-3.5-plus,1,449b4f,mobile,40,0.3776916661956108,0.4820243042338317,0.8414542095455962,0.8097496420105583,0.726985967584846,0.1920227674971008
qwen-3.5-plus,3,446969,web,39,0.32460981687746,0.4162629052262343,1.1063374785195783,0.5405841056458788,0.667670906158664,0.1352473749757207
qwen-3.5-plus,2,449b4f,mobile,38,0.3360057349939301,0.4749830536848281,0.911276394860292,0.6616645725976118,0.6962643534313399,0.1494598919443526
qwen-3.5-plus,3,449b4f,mobile,40,0.409018556970428,0.4928628733227295,0.8466749186490259,0.8991829721591081,0.731138995482268,0.1908249763609301
qwen-3.5-plus,2,44c36b,desktop,40,0.0235548472583234,0.3310574051753493,2.415007240342045,0.0628058968633681,0.5568360363547439,-0.2540410108686121
qwen-3.5-plus,1,44c36b,desktop,40,0.3213758710545231,0.438806678470526,1.1171938826720829,0.6819804292840187,0.718182198808678,0.1962586845726567
qwen-3.5-plus,3,44c36b,desktop,100,0.2645161425351411,0.38325378777638,1.1166727843394233,0.5456826838993692,0.6702531608651114,0.0003668149583832
qwen-3.5-plus,1,4458ae,mobile,31,0.2744946289697922,0.3540791328920138,2.302510539390158,0.4832525024540816,0.7116660107896726,0.262267156368153
qwen-3.5-plus,1,450720,web,40,0.0477344856899379,0.4124719480058229,1.2411630963519018,0.0370661513832604,0.5203116606454776,-0.0326356094165759
qwen-3.5-plus,3,4458ae,mobile,41,0.1922099646873886,0.3373379649635901,2.0378114690598985,0.2676097364579973,0.6725833847622241,0.150019540573926
qwen-3.5-plus,2,450720,web,35,-0.0237280921465961,0.3779793064803443,1.7058075051037085,-0.1215079307818313,0.4829238463316944,-0.0694495720342082
qwen-3.5-plus,3,450720,web,45,0.1630132552633202,0.4320245749517301,1.2003842700602034,0.1859199553564728,0.560259818327782,0.1084537440083217
qwen-3.5-plus,2,4458ae,mobile,55,0.1225915895259025,0.2927213653677953,3.189560541488182,0.2698920850961799,0.626137842577635,-0.0142618767339306
qwen-3.5-plus,1,454f59,web,40,0.1141470056055516,0.2867399507590197,2.418577028343596,0.3294043921421352,0.6568453072004374,0.0444910527554631
qwen-3.5-plus,3,454f59,web,48,0.036621861378268,0.2559500170096248,2.218113598018584,0.1400337261596297,0.6090016074875402,-0.1053828366828987
qwen-3.5-plus,1,452a6c,web,45,0.3664282065992478,0.3740362870706647,1.4369878242333531,0.8388942423079019,0.7122921265719864,0.3245809448074375
qwen-3.5-plus,2,454f59,web,53,0.1883130974853016,0.3493277798858247,1.770348255930036,0.5235089685043581,0.6838928058835796,-0.0162357571442189
qwen-3.5-plus,2,452a6c,web,43,0.4546916018144997,0.4124212034536453,1.309141706499575,1.0068033931872664,0.7240278506222712,0.3350343195838485
qwen-3.5-plus,3,452a6c,web,40,0.4132672814395685,0.4057069144675498,1.3637512947417214,0.8993646569233176,0.7038436337011986,0.246683921653067
qwen-3.5-plus,2,44efc4,mobile,40,0.2596913196553713,0.342642684757986,2.2231309208998917,0.6091641024165778,0.7317265790134175,0.2048475320196685
qwen-3.5-plus,1,44efc4,mobile,48,0.2607962151195936,0.3774482609112349,1.8514455819128048,0.7132141623596532,0.773147071399132,0.1843260720963058
qwen-3.5-plus,3,44efc4,mobile,46,0.1566194572684219,0.2781265500519478,2.179002445125614,-0.03101195852971,0.59743185527494,0.0291764531573851
qwen-3.5-plus,1,4571a8,web,44,-0.0759452769953547,0.235543362383033,4.718612817190005,-0.1604138004608827,0.4343617851946828,-0.0065050369831291
qwen-3.5-plus,2,457230,web,21,0.3437447525875409,0.3599372343122208,1.5451234843164086,1.01699913087807,0.8231786220988325,0.2124583414962727
qwen-3.5-plus,2,4571a8,web,98,0.2928176853974299,0.3924415178724608,1.2565150935364942,0.5943507090302064,0.6899726899136102,-0.0052216604538365
qwen-3.5-plus,1,457230,web,18,0.3359114643330452,0.3459581560455019,2.162876380298903,0.993918394603908,0.8086458542922796,0.2365006671478796
qwen-3.5-plus,3,4571a8,web,36,-0.0164190945036358,0.2222151062094549,4.883953421344171,-0.0614189460673244,0.4657175250904741,-0.0060130507249752
qwen-3.5-plus,3,457230,web,18,0.363431897317186,0.3548119564799019,1.9915389942466255,1.0755033352774523,0.8136621085102189,0.2624373895684646
qwen-3.5-plus,1,458458,web,50,0.2188664143418924,0.2992467517628046,1.5294654853593002,0.5481892936336409,0.7338228631914017,0.1567028154261757
qwen-3.5-plus,2,458458,web,49,0.089830017845281,0.1997544572056618,2.505852419009769,0.167766944658938,0.61048035030228,0.2341580462452824
qwen-3.5-plus,3,458458,web,49,0.0439634905746342,0.1946438479430257,2.7626613912529656,0.0183564868825642,0.5395987029025443,0.053300389676774
qwen-3.5-plus,1,4587b5,desktop,40,0.6091161739643696,0.4797944261186792,1.0391147546792785,1.7718499879987342,0.845601435180264,0.5701847800501488
qwen-3.5-plus,2,4587b5,desktop,30,0.4589028578728888,0.40076885845116,1.4570776804903829,1.1970936174922566,0.8040739637387934,0.4251614236182208
qwen-3.5-plus,3,4587b5,desktop,40,0.5774837581668574,0.4602947167820641,1.146039353561523,1.570661172664763,0.8311895607264245,0.559215953542946
qwen-3.5-plus,2,457f63,poster,40,0.4600095632901534,0.3827704314250326,2.470873183362342,1.2972787061615725,0.7845602242486398,0.4561385303744217
qwen-3.5-plus,3,457f63,poster,38,0.3338052878645718,0.3115244234131311,3.705552926293576,0.9486504901508392,0.6555299429100117,0.3281559548067021
qwen-3.5-plus,1,457f63,poster,51,0.2493800611724091,0.2793666727600667,1.983995845351131,0.7458900962281058,0.7273486384202148,0.2412569258315299
qwen-3.5-plus,1,460bf9,desktop,40,0.2928572539527193,0.3089985062722493,1.8212074175611852,0.7339181696817435,0.7499371287044704,0.3112905077794168
qwen-3.5-plus,2,460bf9,desktop,38,0.0349325849620484,0.2354500381782962,3.0518720796899546,0.0471911614506029,0.6362357036543684,0.0228468004522533
qwen-3.5-plus,3,460bf9,desktop,48,0.2538264664416412,0.2851493333699176,1.8907672899521704,0.6800207254894474,0.7372237254064972,0.3168067874703355
qwen-3.5-plus,2,468f66,poster,37,-0.0526086673129905,0.197991990126676,3.6482566495014286,-0.1038148854525859,0.446419124272763,-0.0647334184620257
qwen-3.5-plus,1,468f66,poster,32,-0.0710101016756121,0.1888205396255021,4.412679199686289,-0.225390825470879,0.4369794153907801,-0.0788235813754572
qwen-3.5-plus,1,45d01a,poster,40,0.1954401747696408,0.3111474722415279,4.413910211254153,0.6038362230137719,0.5748751257541768,0.1931047864891545
qwen-3.5-plus,3,468f66,poster,41,0.0286011217119223,0.2507839073096379,3.8530821849327306,0.1437013769323836,0.5014144863318899,-0.1125772303798894
qwen-3.5-plus,2,45d01a,poster,51,0.3997385706898195,0.4127241417024011,4.27918581281728,1.0906737963398807,0.5799169238629523,0.3281549942111347
qwen-3.5-plus,3,45d01a,poster,50,0.267544117699084,0.3544438354598912,2.033234798302539,0.5236464358514354,0.6868495213218787,0.2341482911808685
qwen-3.5-plus,1,46ced7,web,54,0.2659339660043689,0.4245960338247874,1.023454241916828,0.6200276709348844,0.6999384144066105,0.0250917777853079
qwen-3.5-plus,2,46ced7,web,41,0.1155483519317345,0.3644211402118613,1.3745466182059511,0.3138479002770635,0.6230459509539997,0.0470938733760179
qwen-3.5-plus,1,469579,mobile,40,0.2336164084479419,0.3362469902139807,2.389100425537519,0.5418260711781562,0.6900421075466239,0.1159881987138466
qwen-3.5-plus,3,46ced7,web,40,0.1333514242249811,0.3783859843227441,1.2001285318432358,0.3396923146853446,0.6487585539270881,0.0476383199355976
qwen-3.5-plus,3,469579,mobile,43,-0.0044374738957821,0.1869140698621084,3.678120082158122,0.031320810789893,0.5588774944768662,0.1047154476921248
qwen-3.5-plus,2,469579,mobile,49,0.2128474177261165,0.3093900809612119,2.9110248023241865,0.5803006084517791,0.6315736762725143,0.0802561725150118
qwen-3.5-plus,1,46e6ec,desktop,50,0.0514786031953668,0.3382877524914187,1.7955631120750588,-0.0663861240615222,0.4778350062327292,0.0366234139638799
qwen-3.5-plus,2,46e6ec,desktop,49,0.2107352071536841,0.3979834972357757,1.4787476955381158,0.2878852493298299,0.6020492971949061,0.1562007847438143
qwen-3.5-plus,2,46bc27,mobile,50,0.0948381114851902,0.2408579696832633,3.402250557263356,0.3519937451197508,0.6483703210221522,-0.0913112739329712
qwen-3.5-plus,3,46e6ec,desktop,47,0.2903517193485413,0.4172115037417383,1.4653929370524763,0.5200598106399262,0.6246655979747779,0.2695096359134701
qwen-3.5-plus,1,46bc27,mobile,41,-0.0513327354363845,0.1689463970283937,4.486396491028424,-0.225292807262625,0.5476201125104108,-0.2608138016264599
qwen-3.5-plus,3,46bc27,mobile,48,-0.1087047057947142,0.1049581132565708,6.52566046550817,-0.2849859005988363,0.313844763994192,-0.1320618477195956
qwen-3.5-plus,1,46e99f,poster,41,0.3508059041239459,0.4800529887544095,1.0807902832877998,0.7651617604209607,0.6214351131593053,0.2712017727720988
qwen-3.5-plus,2,46e99f,poster,50,0.2986697103150453,0.479547278483398,1.813281486747612,0.6736514213638997,0.6655569840170024,0.3354924518662852
qwen-3.5-plus,3,46e99f,poster,48,0.2423241824206163,0.4010758688048211,2.802260210089353,0.5046772301114729,0.6162552833638855,0.1490909198127952
qwen-3.5-plus,1,46e638,mobile,41,0.1088419518986642,0.3766570273551283,2.3033693429151607,0.0875138793732756,0.5819800537256472,0.1045721596918788
qwen-3.5-plus,1,47033b,web,46,0.1574063995256117,0.2890809333977772,2.427703842501466,0.3177529410599607,0.600564950211157,0.1650098857463078
qwen-3.5-plus,2,46e638,mobile,30,0.1609029964368081,0.3697599612571339,2.2571033800265754,0.2354135208963189,0.6399871622375057,0.1738029460875086
qwen-3.5-plus,2,47033b,web,50,0.3713564577338406,0.3983084312699673,1.5801007501586914,0.8230469583064546,0.7391498380208493,0.3334556778970696
qwen-3.5-plus,3,46e638,mobile,39,0.1902695555327267,0.4029880743074779,2.135890592758789,0.1679726030482288,0.5873762068260977,0.1598809991808695
qwen-3.5-plus,3,47033b,web,57,-0.0192404774400017,0.1937878251411069,3.9824497543736226,-0.1348510315497132,0.4403129711163416,-0.0838732362647135
qwen-3.5-plus,1,47293c,web,45,0.1486806673967456,0.303038025910098,1.678123670845969,0.3604693871615998,0.6624546127150176,0.1720261602010416
qwen-3.5-plus,3,47293c,web,48,0.111977793627339,0.3015270798442349,1.7056684040625427,0.3756721058951504,0.6342629380922237,0.0641652926737363
qwen-3.5-plus,2,47293c,web,50,0.3098256575087577,0.3712211418157324,1.3192085955440185,0.8258993665089128,0.7468941470816021,0.2560664979587896
qwen-3.5-plus,1,479d3c,web,40,0.1943520449328608,0.3306034486364327,1.8429141329469008,0.3770733665960897,0.6344461609764972,0.0634669500236805
qwen-3.5-plus,2,479d3c,web,40,0.2538874130061016,0.3651331650695928,1.3213807986776154,0.5661251678325042,0.7045299882080279,0.1199672078036179
qwen-3.5-plus,3,479d3c,web,41,0.067793769264679,0.276610246465979,1.717816617043782,0.0969805598896217,0.5711246630128987,0.0040064564927047
qwen-3.5-plus,1,472a87,mobile,40,0.179470848111613,0.2810306403157025,2.919980865801784,0.5146177399209605,0.5950692901246312,0.1881407561359838
qwen-3.5-plus,3,472a87,mobile,37,0.229720286568922,0.3339814032524819,2.236338246927626,0.4477265396018492,0.6308173753544629,0.2026938692177668
qwen-3.5-plus,1,483fb9,web,118,-0.0031594959498903,0.1777614476947672,2.16737049343035,0.2901209255802622,0.6018440461665859,-0.0605068078114268
qwen-3.5-plus,2,483fb9,web,49,0.1514655567851049,0.2391839006318765,2.1509574769376703,0.683439068342652,0.7134797803264904,-0.0093077444844058
qwen-3.5-plus,1,479245,mobile,50,0.1369819822405685,0.4014906847920747,2.4317186932458807,0.2274159749789843,0.6007039539835827,0.0429379567965328
qwen-3.5-plus,3,483fb9,web,52,0.1625228104782138,0.2678428252335338,2.051626203861703,0.5926537056999766,0.7422478443753572,-0.0710327251439169
qwen-3.5-plus,2,472a87,mobile,50,0.1634577432817079,0.3361491074187971,2.122514134235339,0.579458566451799,0.6258493006157896,0.1402530346239547
qwen-3.5-plus,2,479245,mobile,43,0.3603680328953731,0.476993350020157,1.571900871115705,0.5283372946948313,0.6939154985034504,0.242576327430092
qwen-3.5-plus,3,479245,mobile,39,0.0219313662953703,0.3212271532831908,3.339638617546769,0.0562471208934259,0.5016268803999836,-0.068404075629718
qwen-3.5-plus,1,4867f6,mobile,40,0.2632271699706084,0.4501110545020316,1.065072265066775,0.4309622737639981,0.656933616319484,0.1341683216995559
qwen-3.5-plus,2,4867f6,mobile,32,0.3002761172119627,0.4773359078392525,1.104499313480387,0.5091680287463253,0.6609237865851463,0.3032369167336853
qwen-3.5-plus,3,4863ea,web,40,0.1003453764125131,0.2545065074083378,1.8388190581745492,0.273753801690529,0.559603102742201,0.0253291587071573
qwen-3.5-plus,2,4863ea,web,50,0.2414340438192213,0.3103514234490027,1.5442929309755935,0.7998688945142928,0.7269057848806627,0.083363838265448
qwen-3.5-plus,1,4863ea,web,50,0.2194134206658702,0.3049951784351828,1.59820187606173,0.7072936887824961,0.7151416749450542,0.0568491594413945
qwen-3.5-plus,3,4867f6,mobile,39,0.3086442346369106,0.4820566457573439,0.94437728646931,0.4890394171255098,0.678224918480524,0.2818195546298597
qwen-3.5-plus,1,486fbb,web,44,0.0884738085436034,0.2674351615571937,1.999226756114816,0.2792892298775301,0.624248969976586,0.1567313675964311
qwen-3.5-plus,3,486fbb,web,45,0.1058285783301961,0.2939395758526005,1.7950668908810343,0.3595445462208565,0.6456409016876219,0.169394895320533
qwen-3.5-plus,2,486fbb,web,48,0.055478388701316,0.2763200316821037,1.8100952367339684,0.2070991781076297,0.616621945020316,0.1493500417379716
qwen-3.5-plus,1,48806f,web,47,0.1383225690687657,0.374461176696603,1.7815146353793074,0.4015833605710097,0.6205887748662499,0.1179813039812601
qwen-3.5-plus,2,48806f,web,40,0.429718742723287,0.3814690180470056,1.4714453877418334,1.0771612927871184,0.6919533074922508,0.4309218247929637
qwen-3.5-plus,3,48806f,web,40,0.3822761115960816,0.3597338076584044,1.5166094549705798,0.91093544651264,0.6897685028282046,0.3721212902794363
qwen-3.5-plus,1,48a58b,poster,50,0.4464010883229202,0.5228828073251179,0.995259639541445,0.8137522555681604,0.7332381458303903,0.4602337709008113
qwen-3.5-plus,2,48a58b,poster,40,0.5661039579014997,0.5702072024399745,0.867200714179833,1.051781641541271,0.7644102065052403,0.5797348320088408
qwen-3.5-plus,3,48a58b,poster,49,0.5519033138909588,0.5663080054865048,0.8973865158733352,1.011523767863428,0.7596335846449452,0.5619518043093515
qwen-3.5-plus,1,48a5a0,desktop,42,0.5141696844786613,0.3023817940814014,1.566516335077455,1.8466283357281816,0.8547867935409423,0.4737542800733978
qwen-3.5-plus,2,48a5a0,desktop,50,0.6868697428812511,0.4572332133266636,0.9917235666728544,2.4692919794390624,0.8999525684675129,0.6152358276660356
qwen-3.5-plus,3,48a5a0,desktop,48,0.6900907391064868,0.518418408435994,0.8086162898912104,2.6858566137364095,0.91233351881268,0.6173444455159379
qwen-3.5-plus,1,489252,mobile,40,0.0872270793619146,0.3526612278750385,2.2467423363146546,0.2157632023679126,0.5932853316438778,0.07631136604606
qwen-3.5-plus,3,489252,mobile,40,0.1885618281895065,0.4096032294977301,1.886367766905939,0.3014144282028775,0.592737080408043,0.0839021335894654
qwen-3.5-plus,1,48a71e,desktop,48,0.2260314919538654,0.3126922389436209,1.569703699607946,0.3860088794218069,0.6402677208298845,0.2336465681763108
qwen-3.5-plus,2,489252,mobile,34,0.1177339807502829,0.3763777548668086,2.068286254988549,0.1576227247074858,0.5506354817396697,0.0283215215402381
qwen-3.5-plus,2,48a71e,desktop,48,0.1622607891531333,0.3060689454964329,1.594902580723835,0.315384084197933,0.6107058608464102,0.0523195913474023
qwen-3.5-plus,3,48a71e,desktop,40,0.2568586147051394,0.3396383273610622,1.4328509713832296,0.5272796889005265,0.6881049077547119,0.2099842423127145
qwen-3.5-plus,1,49046b,desktop,40,0.4778902902838611,0.4322484869318242,1.0401685740759876,1.2901355710101754,0.7980340171439145,0.3918657449027843
qwen-3.5-plus,3,49046b,desktop,40,0.4013809280817947,0.3831704839407781,1.2554856976933233,1.0378900642716258,0.7347559679504234,0.3241832575948524
qwen-3.5-plus,2,49046b,desktop,40,0.4684008875540904,0.415711781079447,1.282361137721369,1.2188472766492775,0.7531762329317315,0.4372859499811796
qwen-3.5-plus,1,493d3c,poster,56,-0.0764239172673269,0.2557787080557985,4.679702467496115,-0.123312239808021,0.4499479073997948,-0.2016808144513877
qwen-3.5-plus,2,493d3c,poster,40,0.0037354670646141,0.2433817469420705,3.971741314828084,0.0631009934024896,0.5294968135451824,0.0232349837079852
qwen-3.5-plus,3,493d3c,poster,43,-0.033458348830322,0.1971209132534547,4.830498456065058,-0.0055635491886625,0.4410174929242653,0.0308170317930728
qwen-3.5-plus,3,4954fe,poster,45,0.0778278047429516,0.2882443508522168,3.755145139876002,0.1097866388121167,0.4663334168795974,0.0370352082711688
qwen-3.5-plus,1,4954fe,poster,48,0.0791311415984069,0.3164352189491301,2.9163473813629928,0.1898022625709179,0.5658989353436185,0.0726731141309828
qwen-3.5-plus,2,4954fe,poster,50,0.0865083113740698,0.3490718333697614,2.9032315044312145,0.2307825832097644,0.5019083956512927,0.0242189425069368
qwen-3.5-plus,1,48582c,poster,40,0.0868116557081677,0.1742283128988865,5.574627019304796,0.1844957643364682,0.4482354829567102,0.1109433026544124
qwen-3.5-plus,3,48582c,poster,40,0.0023394375513728,0.1178437586564523,6.790313509784472,0.1364837686532165,0.3444538351997604,0.0335463231848257
qwen-3.5-plus,2,49e0ba,desktop,36,0.379650522190171,0.4298154763881175,1.5133468590743808,0.8445229821256384,0.7339028890933951,0.3842744237784055
qwen-3.5-plus,1,49e0ba,desktop,32,0.492491518160627,0.4939403891128044,0.8923654189862215,1.0970466848392868,0.8089451321361931,0.4475820638217078
qwen-3.5-plus,3,49e0ba,desktop,46,0.420880532103483,0.4598055295236368,0.9972111654470324,0.9573383729753304,0.7819670471727976,0.4198027434704786
qwen-3.5-plus,2,48582c,poster,40,-0.0179697863538515,0.0839490801310765,7.346449137932361,-0.1021024386444214,0.2751609783777825,0.0047868625291739
qwen-3.5-plus,1,49e72e,desktop,45,0.2196305558234728,0.3414200098647324,2.1305655510407524,0.7542668867914499,0.6850565149046542,0.2026107067449547
qwen-3.5-plus,2,49e72e,desktop,47,0.105660953596848,0.2719394849511017,2.5613228068109515,0.4476713447448325,0.6149038684192223,0.1486830116766883
qwen-3.5-plus,3,49e72e,desktop,47,0.1104704976773217,0.2463710679823152,2.160192936048668,0.400655710609533,0.6625299026206845,0.0277610440961813
qwen-3.5-plus,3,49b3fd,mobile,40,0.1992806535429287,0.4144528239238473,1.8534025061863548,0.6092542826328581,0.6677057519135604,0.2003777753995387
qwen-3.5-plus,2,49b3fd,mobile,50,0.1976351371839886,0.44803885960336,1.3002182242369242,0.2080902814294185,0.628982314455754,0.182004393645138
qwen-3.5-plus,1,49b3fd,mobile,43,0.3018233982779852,0.4872980803707396,1.271058285879062,0.6214678940750995,0.707548409255374,0.2954643664022018
qwen-3.5-plus,1,49fc6a,desktop,35,0.3405475102924676,0.4172907294789749,1.813482178759048,0.6721787500118356,0.732072023512079,0.2802282786849462
qwen-3.5-plus,2,49fc6a,desktop,32,0.3058024951620128,0.4174953960756647,1.9007080363296995,0.5359623100090439,0.6707065616877878,0.2293450030797143
qwen-3.5-plus,3,49fc6a,desktop,33,0.4280860556844634,0.473369404378369,1.2888972956666396,0.7790841768942169,0.7320533181006091,0.3024261935645481
qwen-3.5-plus,2,49e81b,mobile,40,0.3239683249393388,0.3563719868749079,2.3245369031997916,0.8480941313342156,0.703733779322676,0.244898305200525
qwen-3.5-plus,1,49e81b,mobile,30,-0.0156170087087998,0.1567303302796402,4.731248712844798,0.0874413335720667,0.5291989145319972,0.0163297224938536
qwen-3.5-plus,3,49e81b,mobile,40,0.1482931928381838,0.2784367090420562,3.0385151446611,0.3832348392637238,0.5853071190391194,0.0523862915726741
qwen-3.5-plus,1,4a3f51,mobile,32,0.1894635713606079,0.3455681459142651,2.1416816099928777,0.1942416265624813,0.6681588576023233,0.1474436038606153
qwen-3.5-plus,2,4a2527,poster,50,0.2708210749393251,0.3299299026175126,2.996286095317136,0.745816452567276,0.6943650514278921,0.2719582405983251
qwen-3.5-plus,1,4a2527,poster,50,0.164387042539292,0.2617388926344322,3.967415988911506,0.3672502889108029,0.7342896287106049,0.1458808142563294
qwen-3.5-plus,2,4a3f51,mobile,30,0.1249812748376232,0.2875707771159788,2.746742272576916,0.213976630748954,0.6411480488372544,0.122292641782682
qwen-3.5-plus,3,4a2527,poster,41,0.338265123366922,0.3522521306081332,2.2385343650402123,0.8843313665767157,0.7426597035850322,0.3580294919902321
qwen-3.5-plus,3,4a3f51,mobile,40,0.4885415252802713,0.4623710150531009,1.730550766042264,0.9838657959995644,0.7635456422616346,0.4575939061412337
qwen-3.5-plus,1,4a97e1,poster,50,0.2091464413662513,0.3811577197540497,1.578054351243313,0.5171775864667586,0.6458730674601828,0.2101276504617351
qwen-3.5-plus,2,4a97e1,poster,52,0.3722799265546315,0.4230590220408938,1.4131566925442465,0.8118267173662843,0.7769664783963012,0.3222726329300668
qwen-3.5-plus,1,4adea3,mobile,48,0.3789630228128317,0.4865398881453814,1.074517169520317,0.6912464438747247,0.681559368967956,0.3533530616105828
qwen-3.5-plus,3,4a97e1,poster,50,0.3410520657381113,0.4095945989617723,1.3916408293139195,0.709095841017831,0.7289647041754158,0.3516705820045515
qwen-3.5-plus,2,4a784d,poster,40,0.0007385071126874,0.2812030026313724,4.281459827575023,-0.1081869398632694,0.4495086012227188,-0.0888376381053848
qwen-3.5-plus,2,4adea3,mobile,51,0.2946077824008278,0.4873278909573093,0.87761026197846,0.4604032182725938,0.6834344211573499,0.2384455429976935
qwen-3.5-plus,3,4adea3,mobile,50,0.249038627339172,0.4215967068457246,1.448627487189022,0.4567833622620553,0.6375191308027017,0.1891694880644245
qwen-3.5-plus,1,4a784d,poster,46,0.0398762644694456,0.2949564643637751,3.478082309006628,0.1535188631394614,0.5230162957202809,0.0062153417456722
qwen-3.5-plus,3,4a784d,poster,40,0.0626197265761629,0.290243546969811,3.770932836677232,0.0687393349871632,0.530593521101082,0.0138449188029372
qwen-3.5-plus,1,4ab184,poster,50,0.151028058388693,0.3146960292482594,4.277096672411835,0.369239387842645,0.5272707975505462,0.2306635147445103
qwen-3.5-plus,1,4af601,desktop,50,0.5303357902796146,0.4751635604174538,1.3467129681791865,1.2293323641742893,0.7998775834673881,0.3544605062999911
qwen-3.5-plus,2,4af601,desktop,80,0.0527892897409422,0.2959101314109704,1.753667377487426,0.1587602869758365,0.5689742415119241,0.0840837719879054
qwen-3.5-plus,2,4ab184,poster,48,0.4094790742722901,0.4396071584805114,2.625348492369827,0.8050783891187203,0.6137338286271613,0.4692258317105091
qwen-3.5-plus,3,4ab184,poster,40,0.3875364069132815,0.4126865484192888,2.9294290602430175,0.7422608987702825,0.608927390827536,0.4307764492190364
qwen-3.5-plus,3,4af601,desktop,35,0.2552014698570497,0.3570072326967631,2.058770423434217,0.6581075246878867,0.6767007070406936,0.149181368364544
qwen-3.5-plus,2,4afbad,web,43,0.1395263497308883,0.2878461210361132,1.7533675599709928,0.2870742934120729,0.6428143109128472,-0.0362301156779602
qwen-3.5-plus,1,4afbad,web,40,0.3595794900233571,0.3702413247235109,1.2404538100764133,0.8659215320557705,0.7547960617984453,0.1353120058128047
qwen-3.5-plus,3,4afbad,web,43,0.2527335894927158,0.3469482074142561,1.4791276295569484,0.611925610889617,0.710925689647623,0.0347009959136117
qwen-3.5-plus,1,4b2bd1,desktop,40,0.081768483434321,0.2986181518893467,2.6327885530549784,0.0911952805863887,0.5142765977045454,-0.0241376871827579
qwen-3.5-plus,2,4b2bd1,desktop,41,0.0990508897715655,0.3039204252022275,3.0134797978047216,0.1007304821717939,0.4917798458062906,-0.035670907496553
qwen-3.5-plus,1,4ae90b,mobile,40,0.1449811133089458,0.315167558317439,3.610455873403902,0.3218405852347746,0.5414063638775899,0.0483969766433983
qwen-3.5-plus,2,4ae90b,mobile,37,0.0788163399256332,0.3369866063947145,2.97904432016687,0.0812097403649556,0.5725067654355247,-0.0310929981207515
qwen-3.5-plus,3,4b2bd1,desktop,40,0.2798251331629974,0.3865561521559219,2.1523967571117297,0.4959310697998382,0.6145850436381206,0.1099851815268552
qwen-3.5-plus,3,4ae90b,mobile,41,0.1230328710141495,0.352624387718579,2.683099165868789,0.4395716765230238,0.6235995789705153,0.0752408591914906
qwen-3.5-plus,1,4bb6dd,desktop,48,0.1418410514153275,0.3242614732503899,1.4515977379167435,0.4073465112869586,0.6381900662960603,0.1522703802790242
qwen-3.5-plus,2,4bb6dd,desktop,50,0.2391470200377137,0.3555001638379784,1.325164278772091,0.6045614811757272,0.6922751454147735,0.1807890955899439
qwen-3.5-plus,3,4bb6dd,desktop,50,0.1158736609755873,0.3398722847810494,1.4840794621782916,0.3881706568559512,0.6395796666106712,0.1346104374620267
qwen-3.5-plus,1,4b3eb7,mobile,40,0.3625286292996963,0.444471853572371,2.180607351009745,0.5902863179616465,0.6765140448335845,0.2430469677297685
qwen-3.5-plus,2,4b3eb7,mobile,48,0.3795567442060666,0.4667500759091674,1.4590647235858472,0.6561366172004677,0.7357833071975858,0.2874830213448715
qwen-3.5-plus,1,4b9fd2,mobile,39,0.2035079338264891,0.3413885009413817,3.1079639343491063,0.4164441654268887,0.5899329536583056,0.1926160044278254
qwen-3.5-plus,1,4c739f,poster,45,0.3672177537838489,0.3311908922963622,1.3612093254243656,0.6995926159142486,0.6068090067216805,0.4199054711134196
qwen-3.5-plus,3,4b3eb7,mobile,49,0.2604665696500242,0.4235078388605685,1.798922723804694,0.4423329887446031,0.6777117732153136,0.0934958316675311
qwen-3.5-plus,2,4c739f,poster,48,0.7472178196291651,0.6182596376360289,1.2957276036750198,1.4541732553515634,0.7987323299526093,0.7359904137436418
qwen-3.5-plus,2,4b9fd2,mobile,30,0.1742634394128108,0.3631125761918569,2.35923428163608,0.388425309347276,0.6271232743991622,0.149459380456626
qwen-3.5-plus,3,4c739f,poster,45,0.2897334833308086,0.3379763398299015,1.3374715083080362,0.5312282462685438,0.6243807374572488,0.3516961435525028
qwen-3.5-plus,1,4bcfc3,poster,56,0.0238267361660461,0.2616986739958467,3.5134646455278915,0.1147877361681766,0.5840518124240616,-0.0976069758252439
qwen-3.5-plus,3,4b9fd2,mobile,40,0.0790729483006151,0.3229182000705752,2.6955476924063193,0.0748498268458164,0.5704400599229762,0.065665290979363
qwen-3.5-plus,3,4bcfc3,poster,50,0.2537460785246347,0.4381864529764661,2.8819432133028,0.527671683770948,0.6841063543128477,-0.1506684121908696
qwen-3.5-plus,2,4bcfc3,poster,64,0.0040368721098017,0.2565822257997772,3.197226018247846,0.0604709328304623,0.5485768576380659,-0.0689302005515895
qwen-3.5-plus,1,4cd863,web,50,0.2308714408719582,0.4131877980823976,1.1496332006563768,0.4000244838149107,0.6536146671668711,0.0260960121741527
qwen-3.5-plus,2,4cd863,web,40,0.3103476468340415,0.4403962224162222,1.0284282223841414,0.5529433788562848,0.6995522323485887,0.1311322841833312
qwen-3.5-plus,1,4cc35a,poster,40,0.500943851412534,0.4938518592410916,0.8465216302878694,1.0135949138658484,0.7509733289525576,0.480885389527021
qwen-3.5-plus,3,4cd863,web,42,0.0048568881850503,0.3273981566648517,1.6982298328660024,-0.0338437271793691,0.492888362273183,-0.027194743413852
qwen-3.5-plus,3,4cc35a,poster,48,0.2316671347934133,0.40970067429772,1.5928746698242118,0.4902636453472942,0.6492504861631234,0.2836849103158256
qwen-3.5-plus,2,4cc35a,poster,55,0.2305096893404123,0.3934776022806694,1.3847113250010177,0.4571248950772705,0.6335323486503739,0.2353538805995455
qwen-3.5-plus,1,4d0fc2,poster,45,0.2252438543519789,0.3981532218306201,1.1699959515454397,0.4456946680899862,0.646959232924994,0.1754099482123394
qwen-3.5-plus,3,4d0fc2,poster,50,0.1542719255487171,0.3690992209665704,1.3047953489489683,0.3071893501643997,0.6050874435834547,0.1567384441385053
qwen-3.5-plus,2,4d0fc2,poster,50,0.1094934993183615,0.3607063597459129,1.4416996342306378,0.2164034686543811,0.5739076762164136,0.1328931765876161
qwen-3.5-plus,1,4cdee3,desktop,45,0.2641556021772813,0.3708529149290714,1.321385475473507,0.6277161699239773,0.6952531963950055,0.3178522783767999
qwen-3.5-plus,2,4cdee3,desktop,36,0.3481202857156261,0.4004650320870284,1.1028074375527162,0.7982545444456218,0.7349351549020914,0.3578620085845748
qwen-3.5-plus,3,4cdee3,desktop,50,0.220966053977824,0.3461151730151091,2.7086310280940435,0.4591111707740198,0.6194529121359464,0.0700382386108913
qwen-3.5-plus,1,4d3cc1,desktop,50,0.6535938668732046,0.5012526948940625,0.9546496429460828,1.6876714847922774,0.8462494447979677,0.5321058575145624
qwen-3.5-plus,1,4cd989,mobile,31,0.1395241970638401,0.3410577427664768,2.328104238454327,0.1999663478037898,0.5827155578000721,0.0100969197456923
qwen-3.5-plus,2,4d3cc1,desktop,40,0.2609266689214846,0.3261221675765317,3.5077476384111583,0.7386941774562596,0.6934051022240468,0.1230116905348513
qwen-3.5-plus,3,4d3cc1,desktop,49,0.3260070102545197,0.3663761554906315,1.5072420616364277,0.9226661615456686,0.7698712132892868,0.0246735797542078
qwen-3.5-plus,2,4cd989,mobile,30,0.1220329371087263,0.3084244907002887,2.594112331249552,-0.1414712895418707,0.566705445560601,-0.0463425190201707
qwen-3.5-plus,3,4cd989,mobile,39,0.3924629141567134,0.4924548226967624,1.481041890109425,0.6569540414697386,0.7032125305829338,0.1662923401907242
qwen-3.5-plus,1,4d78ff,desktop,54,0.3112581582184017,0.2901817451058853,1.5648222729637309,1.007478791094118,0.7882387710974235,0.2072940030002604
qwen-3.5-plus,2,4d78ff,desktop,50,0.150204575407097,0.2652372504550984,1.8400578763049704,0.4790080656629584,0.664677304467513,0.0182841994799741
qwen-3.5-plus,3,4d78ff,desktop,48,0.1986742795486187,0.2792140179242341,1.7276626168849756,0.6622626461572756,0.7065449422019212,0.1630633653469576
qwen-3.5-plus,1,4d987b,poster,45,0.2558159480905368,0.3319987701636224,1.6046710062448806,0.6489936363586791,0.6920331860672334,0.2175415874873991
qwen-3.5-plus,3,4d987b,poster,53,0.0343823126107409,0.2506544967184497,2.281186895042606,0.0240573340756851,0.5545283257952905,0.038903345439561
qwen-3.5-plus,2,4d987b,poster,40,0.0505409196990782,0.247893686867583,2.1280331487990005,0.0223004406984889,0.5222587313492673,0.0773765481111137
qwen-3.5-plus,1,4d17b7,mobile,49,0.1885390785034961,0.4021342920629452,1.756064334985131,0.2114358619871839,0.5916957562619148,0.0568945062606645
qwen-3.5-plus,3,4d17b7,mobile,46,0.2534190648734572,0.4124990168938335,1.8482870326128664,0.3833605623391179,0.6247856538334324,0.184200903510389
qwen-3.5-plus,2,4d17b7,mobile,40,0.1949081130136147,0.3845750964090598,2.2183043867749377,0.4576164788171099,0.6313342799243058,0.0834857676237323
qwen-3.5-plus,1,4de4af,web,48,0.099071677503765,0.3096191205361538,1.8109130928125776,0.2718924516868065,0.6606428957948006,0.0939926558919502
qwen-3.5-plus,2,4de4af,web,41,0.2458523991358654,0.3597166115175493,1.5023482767386642,0.6727678599720283,0.7292173672946708,0.1423699822847913
qwen-3.5-plus,3,4de4af,web,40,0.2354573805672657,0.3811991583063829,1.5013815971153166,0.6546892784989584,0.7384623583417405,0.1342329090135232
qwen-3.5-plus,1,4dae22,poster,31,0.2017623955897026,0.2794518770056216,2.829635722474958,0.5124825365399925,0.6787592873415768,0.2442991755255316
qwen-3.5-plus,3,4dae22,poster,31,0.169544841097836,0.310360164447538,2.3419076053296948,0.3608180612766004,0.7267356407934,0.1671917403688764
qwen-3.5-plus,2,4dae22,poster,30,-0.0742777962152865,0.1127857668039653,7.682355289309092,-0.2254909978987047,0.2699759158437046,-0.0388465010590436
qwen-3.5-plus,2,4e14f5,mobile,40,0.3171711620047077,0.4186705280199344,1.6260687828096323,0.4655762263902216,0.6532112131209491,0.2189820890539771
qwen-3.5-plus,1,4e14f5,mobile,46,0.2760002120311313,0.4169415757667513,1.566486230890044,0.6521426587788952,0.6886661603628264,0.2293741796292274
qwen-3.5-plus,3,4e14f5,mobile,38,0.0277934020813208,0.2802302440737017,3.1673899608016702,-0.0501635611570042,0.4660040377299147,0.0157839201724153
qwen-3.5-plus,3,4e2a75,mobile,38,0.4836464835442849,0.4486946738620862,1.9008013165207132,0.9551272081915092,0.7693307005170297,0.4370018568061324
qwen-3.5-plus,1,4e2a75,mobile,40,0.6363568235086734,0.5095247708050012,1.6164644335153011,1.584760589422361,0.7664123042727127,0.595470132138518
qwen-3.5-plus,2,4e2a75,mobile,45,0.6810600396043538,0.5514204597888243,1.5087002205010795,1.8638805726403969,0.7893881896490687,0.6495926183413865
qwen-3.5-plus,1,4e729d,web,47,0.2922003520478204,0.2938804287060497,1.7294175088437722,0.7364843973458787,0.6975560694004845,0.2647983565479311
qwen-3.5-plus,1,4e81ec,web,45,0.168900562465331,0.348800448526189,1.4002195868592586,0.3052844513771672,0.6461263063414858,0.2015710876584138
qwen-3.5-plus,2,4e729d,web,45,0.1695049938515186,0.2669681310609978,1.893236547138534,0.5805755866622648,0.6814813882555963,0.1101787398852586
qwen-3.5-plus,2,4e81ec,web,38,0.2289605905028406,0.3772413431617898,1.3316134260493795,0.4726148154002548,0.6857524438926227,0.2045657331439963
qwen-3.5-plus,3,4e729d,web,46,0.3857888914668511,0.3011008775605652,1.5417506092660975,1.079180329717225,0.7577961214326306,0.3603192182964142
qwen-3.5-plus,3,4e81ec,web,40,0.2374036732066152,0.3892096855449312,1.2462287300114132,0.5052806350595879,0.6917274265227681,0.2111053886656051
qwen-3.5-plus,1,4e3225,mobile,35,0.2410309945497886,0.3102508851827595,3.1826835043151664,0.6894026112129436,0.5940436489617268,0.1329616778161099
qwen-3.5-plus,3,4e3225,mobile,44,0.384686941703312,0.4637775749224992,1.3431702321483443,0.9895130351303584,0.8064153410891529,0.2065540233150909
qwen-3.5-plus,2,4e3225,mobile,46,0.0399293161897431,0.1932931990899115,4.646973944756023,0.2172784975313126,0.4158114759626672,-0.0727543397390954
qwen-3.5-plus,1,4f357d,poster,45,0.4299955271886935,0.4451585622872235,1.0179357592799332,1.0224691883310295,0.781952624769251,0.4393927380614909
qwen-3.5-plus,1,4f2d13,desktop,47,0.2904948741241383,0.4825109738042329,0.9913704599827172,0.5476077847740066,0.658107741523963,0.238617294363085
qwen-3.5-plus,3,4f2d13,desktop,37,0.2981917068680239,0.4745178467001573,1.0330659902899726,0.6058426497332683,0.6603912152724318,0.296686895030839
qwen-3.5-plus,2,4ea758,poster,50,0.2382525775545426,0.303746466210435,2.70447157049644,0.7240329212745454,0.7013224946873285,0.3185332225226253
qwen-3.5-plus,2,4f2d13,desktop,51,0.3198429947487747,0.4869821522258503,1.037616667275472,0.6661340565474843,0.6867977816131952,0.2876779771250581
qwen-3.5-plus,1,4ea758,poster,40,0.458872043022326,0.4418049432090284,1.419021130735628,1.345361332603708,0.8235184203639012,0.4406213655680813
qwen-3.5-plus,2,4f357d,poster,46,0.4223967719994816,0.4595979024193766,0.9697364232535544,1.0461966260478848,0.799981653810654,0.4636739475558629
qwen-3.5-plus,3,4ea758,poster,40,0.4578382617678839,0.4052806539510075,1.435842797018391,1.347206729182293,0.8063111124694087,0.4476091280931881
qwen-3.5-plus,3,4f357d,poster,48,0.1922096876951254,0.3474138127761162,2.032636341061528,0.4459685998229289,0.6507405552259142,0.2362043941316343
qwen-3.5-plus,1,4f5fe8,poster,41,0.3014022739456182,0.3373107540908427,1.3247782023020391,0.7447367450568767,0.7098547050246202,0.2237821419743774
qwen-3.5-plus,2,4f5fe8,poster,35,0.1596964977067763,0.3149542538828186,1.439637742536612,0.3633868675230616,0.6050842450750212,0.0373579400797973
qwen-3.5-plus,3,4f5fe8,poster,40,0.2504984610940967,0.3381378426765958,1.3412664558731624,0.5915556935630634,0.6862487291409849,0.1333028869149679
qwen-3.5-plus,2,4f3f84,mobile,47,0.4241131353634399,0.4666736101516588,1.977070360554724,0.7305813195495048,0.7164566323779203,0.3517433935492343
qwen-3.5-plus,1,4f3f84,mobile,40,0.4267841200028712,0.4710626435236778,1.72896493661759,0.7993625295578641,0.7044071921156895,0.3709052360316297
qwen-3.5-plus,3,4f3f84,mobile,50,0.4105015075145004,0.3755124237623355,3.9065715408610098,0.65574302448311,0.6347014022345798,0.3690492649547443
qwen-3.5-plus,1,4f9082,desktop,46,0.2470534092881546,0.3511122510441062,1.9225570154245168,0.8073262771240018,0.7897814094267696,0.1131485159846172
qwen-3.5-plus,2,4f4f19,poster,41,0.3896220036696398,0.3631270239493719,2.609605696048163,1.0785658031731775,0.7305700837586522,0.4222565231694282
qwen-3.5-plus,1,4f4f19,poster,50,0.259609585638371,0.3254960932779225,2.1638941179177897,0.8838876601152734,0.7194028805354784,0.2802555891235065
qwen-3.5-plus,3,4f4f19,poster,40,0.211661845993487,0.271414361508158,4.296553847657917,0.6408538997401746,0.5981568266471342,0.2256175679302023
qwen-3.5-plus,2,4f9082,desktop,44,0.2536700980047602,0.3404788637168741,1.5789641562002332,0.7731222874081313,0.7962341073473271,0.1149109444813153
qwen-3.5-plus,3,4f9082,desktop,40,0.4637357890987161,0.4841094347696024,1.2388110449735756,1.2750064941186838,0.8384796420566154,0.3143027746399421
qwen-3.5-plus,2,4f7447,poster,50,0.1847844477710316,0.2284577830914705,3.241623951063182,0.4093174740370157,0.5706224263985223,0.1691537535330208
qwen-3.5-plus,3,4f7447,poster,50,0.1236350670858724,0.2050918933112454,3.3115182650363453,0.3151895169810536,0.5625531308874018,0.109372625110489
qwen-3.5-plus,1,4fbc40,desktop,70,0.4259860087204073,0.3170525814645714,1.6049331398621565,1.4544592477280758,0.7734731240792545,0.3260934305564173
qwen-3.5-plus,2,4fbc40,desktop,45,0.132230156290494,0.1865217075018835,2.254410221058505,0.5857367164332409,0.676989981899955,-0.0885793557310938
qwen-3.5-plus,3,4fbc40,desktop,48,0.6244038397987679,0.4153812469505643,1.6426241030512276,1.9291459030831752,0.839499675880172,0.5296867978779122
qwen-3.5-plus,1,4f7447,poster,47,0.0924915995342383,0.181941493143682,3.302323319850702,0.2565081055904698,0.5412814571862063,0.0893027579431025
qwen-3.5-plus,3,4fa3d2,web,57,0.203398640023038,0.387107246897994,1.6377025012353834,0.3534054777577144,0.6149891875513182,0.1429896372763192
qwen-3.5-plus,1,4fa3d2,web,46,0.0905467473620852,0.3612917641858901,1.741995260010811,0.170552925828884,0.5640480033134653,0.0229008958618457
qwen-3.5-plus,2,4fa3d2,web,41,0.236016605716136,0.38769253943763,1.7280903032521198,0.486992342486391,0.6391522233469934,0.1664384681081092
qwen-3.5-plus,1,5009b5,web,40,0.0411252830305199,0.2218092910441373,3.0375418890689296,0.0492525418517125,0.539406291764494,-0.0892803457672751
qwen-3.5-plus,2,5062ba,desktop,50,0.3783995725705591,0.4110467631911077,1.3178755360769567,0.8639699784455909,0.7471848403747755,0.3538569664961991
qwen-3.5-plus,3,5062ba,desktop,55,0.4007909834102112,0.3987314355356152,1.365498937927694,0.8879531097172816,0.725416309322744,0.4008408525554643
qwen-3.5-plus,1,5062ba,desktop,50,0.4761991241657114,0.4464498216936642,1.2971331069819878,1.117008999122845,0.7603368860782165,0.4437194305333738
qwen-3.5-plus,3,5009b5,web,44,0.0027033977817293,0.2091201023420645,3.6315415396244695,-0.0473361544045381,0.46846720131937,-0.1210668218443971
qwen-3.5-plus,2,5009b5,web,40,0.0366018723500484,0.2276095228041869,2.5104971947807284,0.0283319558966667,0.5726582451859887,-0.1379248476629877
qwen-3.5-plus,1,5073f5,web,51,0.1345807422948278,0.317438025420819,2.1647741737891253,0.2446180416593775,0.6128697461348346,0.0712429811393144
qwen-3.5-plus,2,5073f5,web,48,0.0806786649231973,0.2969853526314585,1.9368720299307305,0.1659395620134651,0.5783818285620184,0.0753517785832748
qwen-3.5-plus,3,5073f5,web,40,0.0448546316171528,0.2623298289518878,2.6297394274404784,0.0695651851487536,0.5348190699275159,-0.0019284990427458
qwen-3.5-plus,2,50802a,mobile,41,0.1663114399928267,0.3634979011057345,3.1620866390116125,0.1188471833580067,0.5212270254931511,0.1755961845026971
qwen-3.5-plus,3,50802a,mobile,29,0.1011138123973069,0.3194856409566959,3.777462842089951,0.0837002242488794,0.4885870056245008,0.1340964652366202
qwen-3.5-plus,1,50802a,mobile,49,0.1231756510951087,0.3937250983085605,3.044415204345986,0.167219755534275,0.5063439290676404,0.1946904357992896
qwen-3.5-plus,1,509783,mobile,45,0.0280594166737487,0.2888106132827501,2.8214811512361972,0.1240380299433498,0.5570960718941739,-0.0129048315347079
qwen-3.5-plus,2,509783,mobile,44,0.0747533932470064,0.2823699736004436,2.653032532715072,0.1896574110367903,0.5528888320979233,-0.0270077923547546
qwen-3.5-plus,3,509783,mobile,41,0.0208416890389353,0.3076674764917117,2.740229591611309,0.1877187330620771,0.5371831605150729,-0.0128546305295219
qwen-3.5-plus,1,510093,mobile,55,0.3586057773640936,0.4539308811846496,0.8671423011299921,0.5847854057388436,0.6959210056513645,0.1643426138552678
qwen-3.5-plus,2,50ebe2,desktop,85,0.1543747170605631,0.4600590792282056,0.9245133292178984,0.2541515612080104,0.5808478595928427,0.2650933970322627
qwen-3.5-plus,1,50ebe2,desktop,75,0.3167038061023098,0.5090154153517078,1.0109457343691317,0.5463080736839707,0.6258063937425999,0.4107125921113283
qwen-3.5-plus,3,50ebe2,desktop,50,0.3534571279484889,0.4934213609389954,0.9171770267132482,0.5768210510331899,0.6318564342957831,0.4783977869638301
qwen-3.5-plus,2,510093,mobile,39,0.1961965128009037,0.3957060503461172,1.237073559799846,0.3369379220538743,0.5637336384029085,0.262246534235538
qwen-3.5-plus,3,510093,mobile,46,0.2362143153416774,0.4236691716269506,1.081150318782967,0.3363566533081844,0.6109779552636414,0.2371415821927941
qwen-3.5-plus,1,510db4,poster,40,0.011987428151902,0.2633495700082008,2.0509071811639403,0.0280248259614904,0.5553653577057807,-0.0588332909364555
qwen-3.5-plus,2,510db4,poster,42,0.003458204095747,0.2611991479861369,2.139888620590151,0.0325466193754934,0.5525489089280781,-0.0556223264275059
qwen-3.5-plus,3,510db4,poster,42,0.026317247258626,0.2795081993061712,2.0363403269775757,0.0795422928519006,0.5652135981485755,-0.0946818548623692
qwen-3.5-plus,1,511db2,web,48,-0.0132621634117778,0.3085063247575031,1.945982868355555,-0.0804709173954876,0.4920239968368096,-0.0201543522337877
qwen-3.5-plus,2,511db2,web,48,0.2281778573289864,0.4039844421248258,1.5692442115039875,0.3614720493981965,0.6082406930183459,0.2173793907761879
qwen-3.5-plus,3,511db2,web,48,0.0216722484370492,0.3283887261175187,2.0325121189923028,0.0457160930211701,0.5214807919388788,0.0356039195563592
qwen-3.5-plus,2,511f7b,desktop,40,0.1834692133613854,0.359740432855444,3.0433077249675957,0.4688570915382078,0.5948020960269914,0.2330755810408597
qwen-3.5-plus,1,511f7b,desktop,47,0.1193220553557645,0.3107396229330631,3.1088269200670333,0.2927122281470949,0.5571645505058508,0.1980005752640933
qwen-3.5-plus,3,511f7b,desktop,50,0.1524632371088873,0.3604035512830706,1.661084247222449,0.4361225864620473,0.6450330626737381,0.1393053317546777
qwen-3.5-plus,1,512240,desktop,49,0.2934423229524269,0.3952914651597225,1.3006368242562902,0.6851111454795233,0.7144593085175879,0.3553118688727031
qwen-3.5-plus,2,512240,desktop,49,0.2781034932632783,0.3981601715124173,1.5006673297403683,0.6431565588393767,0.6910573251526818,0.3725678867620044
qwen-3.5-plus,1,51582e,poster,36,0.0128168521935388,0.3645541017363481,1.3442840419678148,0.0427480682851155,0.5005381603395886,-0.0764814780589345
qwen-3.5-plus,3,512240,desktop,49,0.3853045809497969,0.4287847483043162,1.5807584546758668,0.8967601608822142,0.6908565881955382,0.4185055483230458
qwen-3.5-plus,2,51582e,poster,40,0.1407681862800993,0.397977759830414,1.2508329312997788,0.2533753337379485,0.5688916582593759,-0.0038648520177276
qwen-3.5-plus,3,51582e,poster,46,0.0002882086327282,0.3432013894980842,1.3803551479958691,-0.0227197802710998,0.5005450196334408,0.0333156291599007
qwen-3.5-plus,1,51e1ce,desktop,47,0.2714576272999434,0.4056035322145573,1.360939073517743,0.5826893427847541,0.601987933302041,0.3559835620039688
qwen-3.5-plus,3,51e1ce,desktop,40,0.363762217084602,0.4472576655229774,1.2964556138901024,0.6899985307399543,0.6843009849404426,0.3594177698287554
qwen-3.5-plus,2,51e1ce,desktop,48,0.3007835701547922,0.43610363691489,1.3401642868124646,0.6105827495844159,0.620071323595536,0.3236413620103213
qwen-3.5-plus,1,51e73b,poster,40,0.5413545274223488,0.4555570432102993,0.9236356142098936,1.3793352966969648,0.8553870065091245,0.5339992999015349
qwen-3.5-plus,2,51e73b,poster,47,0.5225560065370363,0.4263490792867994,1.0169302006149206,1.324497469648975,0.8434629182886613,0.5139802040078396
qwen-3.5-plus,3,51e73b,poster,40,0.5170915111424979,0.4594018998925883,0.9103590985500786,1.3086434002418297,0.8342239157105837,0.5088043143394371
qwen-3.5-plus,1,51f12a,mobile,49,0.237735493739882,0.4068895020804527,1.5594901031388633,0.3539903006958756,0.5880567939879482,0.1345696041613597
qwen-3.5-plus,3,51f12a,mobile,40,0.4287941378387224,0.5124616805247073,0.9752052709763956,0.6892191032626778,0.7551942979825546,0.328735286079415
qwen-3.5-plus,2,51f12a,mobile,47,0.3671491277552657,0.4338078306878914,1.249531739245259,0.7478347294175771,0.7268575444236077,0.3531241338764306
qwen-3.5-plus,1,51f811,web,47,0.534027196071546,0.5129454095169286,0.8285205666846166,1.025051144118618,0.749549359914953,0.3301949522622254
qwen-3.5-plus,2,51f811,web,37,0.3875523423720006,0.4397906979744311,1.3501929645125137,0.778609853585816,0.6798833604913441,0.2987834353372296
qwen-3.5-plus,3,51f811,web,47,0.3769710685555079,0.4457262921092886,0.991171554770857,0.6502471281783699,0.6921242670386586,0.250405722307475
qwen-3.5-plus,1,51f8bb,desktop,190,-0.2028922749103842,0.3134409321769326,1.6736380176927583,-0.2746006948263048,0.4589387137899074,-0.2532856376608286
qwen-3.5-plus,2,51f8bb,desktop,46,0.508446511053821,0.4723549106631055,1.3035802509233512,1.2001983195628572,0.7594532924176569,0.4998506670807866
qwen-3.5-plus,3,51f8bb,desktop,49,0.3892783291374519,0.4095752680700259,1.424613417064235,0.9131286638580468,0.715779807052636,0.3765272102566512
qwen-3.5-plus,1,51db8e,poster,48,-0.0314999175143106,0.1566859362737551,5.723622484131469,-0.0808968735083332,0.3421971969747327,-0.0362134569066043
qwen-3.5-plus,1,51fd1b,mobile,48,0.343737145843427,0.4331144113660893,1.8209362712570256,0.7570686897916142,0.6635161743871997,0.3437072062006795
qwen-3.5-plus,2,51fd1b,mobile,48,0.3464811332031206,0.4595171121907765,1.3693314097570282,0.5507965559512791,0.6357201432440216,0.311496877253874
qwen-3.5-plus,3,51fd1b,mobile,40,0.3416105818636232,0.3840888231477376,3.013007569303027,0.5390897917410914,0.6249360558578918,0.2989420019653643
qwen-3.5-plus,3,51db8e,poster,47,0.0590714360783,0.2179844726941157,4.9599484060208905,0.1624697016780727,0.4554078593124196,0.0280835856153795
qwen-3.5-plus,2,51db8e,poster,48,0.0172306244083,0.2105098672042644,5.222956122183498,-0.0775945484203409,0.4440499152700158,-0.0473927792478629
qwen-3.5-plus,1,52658e,mobile,50,0.3465555761873058,0.3911465199952474,2.161216198030734,0.7471437360035762,0.7055902934072104,0.3050164264386673
qwen-3.5-plus,2,52658e,mobile,45,0.3757065194145788,0.3617302170099482,2.6627791468777886,0.8036176108948824,0.7114028617369793,0.3704556103782462
qwen-3.5-plus,1,520b4a,poster,50,0.0668367305668198,0.2889025360266545,3.1448018269242737,0.0464606117481215,0.5706737896079143,0.0289543089938378
qwen-3.5-plus,2,520b4a,poster,41,0.0292480082870439,0.2572723171199572,3.8511968997459944,0.3168175586193879,0.5624591408409816,-0.021927382350904
qwen-3.5-plus,3,52658e,mobile,48,0.2813988635129888,0.369481316889623,3.1752651574013844,0.5878031494622611,0.6151189431153484,0.2437563975966701
qwen-3.5-plus,3,520b4a,poster,48,0.0838341547114056,0.3169836245540801,2.9492427770883025,0.5031618879090072,0.5743160257132165,-0.057344410805055
qwen-3.5-plus,1,529ce0,desktop,32,0.657533459715458,0.582597573989541,0.9426091351142,1.4623449466847478,0.8222923191007987,0.6037277311609448
qwen-3.5-plus,1,529401,mobile,40,0.2334041101593237,0.3276061292142748,2.0630023444478867,0.4088126238693986,0.6420079366212951,0.2361806209034429
qwen-3.5-plus,2,529ce0,desktop,35,0.5174059140390787,0.4984672516796198,1.1345575398310823,1.1185063980524357,0.7886575480402804,0.463587701748986
qwen-3.5-plus,3,529ce0,desktop,34,0.3496437745485241,0.3945479181861069,3.4018727608830543,0.8111054118502615,0.6637785500989126,0.3446052724533434
qwen-3.5-plus,2,529401,mobile,31,0.1530812700560822,0.3003786146964138,2.6311027867460184,0.4063860235354081,0.6468533479108508,0.127046225289627
qwen-3.5-plus,3,529401,mobile,27,0.2444879787108285,0.3114180632000123,2.697274027944382,0.4653105655263508,0.6481890088738977,0.2682472151053282
qwen-3.5-plus,1,501b73,poster,41,0.0574943746521253,0.1288821734792206,5.923484581854,0.2927015716178549,0.3522650822027194,0.0789135682692034
qwen-3.5-plus,3,501b73,poster,40,0.0614816447031213,0.1279247539539502,5.969508424972505,0.4123142936309266,0.2906964166794824,0.0707310140673345
qwen-3.5-plus,1,52fbfe,desktop,40,0.4354711004044723,0.4203705213782748,1.124231029716256,1.0702947049258615,0.7831606536707952,0.3418187902989513
qwen-3.5-plus,2,501b73,poster,40,0.0191702644195873,0.1045056723357991,6.342112503372249,0.2301163663564446,0.2716383926720228,0.0149552789227733
qwen-3.5-plus,2,52a3d2,web,33,0.2035492322990262,0.2507849080823422,2.8944348602926757,0.4793268259568553,0.7065161964226602,0.1847354483058212
qwen-3.5-plus,1,52a3d2,web,40,0.2996060931039869,0.3129444601030842,2.195494656486099,0.7799022593409599,0.7441710882898714,0.251956502076654
qwen-3.5-plus,2,52fbfe,desktop,48,0.0919967759306905,0.2847185105027875,1.6965229538227762,0.1940792097216955,0.5544872344733218,-0.0357145256920005
qwen-3.5-plus,3,52a3d2,web,40,0.3105116622020155,0.3307399460688566,2.0926739783531243,0.7641482222677441,0.7330259812594707,0.2352622420533347
qwen-3.5-plus,1,52b67f,mobile,45,0.3123829499198688,0.3592340428068818,2.3965788126085568,0.6026889129066837,0.7008079794146633,0.2332740115160426
qwen-3.5-plus,3,52fbfe,desktop,45,0.3282011399791955,0.3482562738817278,1.7295522605352187,0.8186816886199455,0.7063609475020662,0.2966664976006207
qwen-3.5-plus,3,52b67f,mobile,38,0.3865985221177393,0.4270539652675743,1.7755900047096964,0.7064638294149589,0.738539996746044,0.302603958443714
qwen-3.5-plus,2,52b67f,mobile,50,0.2747007327923728,0.3764156581184503,1.9348079734321175,0.5772023699398969,0.6974697964118606,0.1668353042643253
qwen-3.5-plus,1,533099,mobile,50,0.4427540859993391,0.4501707601831328,1.9565671870597183,1.226273715381393,0.7552622222113294,0.347178162233152
qwen-3.5-plus,1,5305a4,desktop,48,0.2689355891560052,0.3334472576453833,1.5934053074204764,0.7094381688361917,0.7239046145512975,0.2684745430239609
qwen-3.5-plus,2,5305a4,desktop,36,0.5687419487221614,0.4831581694206359,0.9631601548067938,1.66489703509417,0.857916729051043,0.5625988018019435
qwen-3.5-plus,3,5305a4,desktop,33,0.5000736465281825,0.5045262307733329,1.0406391227180565,1.3866146915033413,0.8402448460902188,0.4764101562954452
qwen-3.5-plus,2,533099,mobile,52,0.5687556561651085,0.5198901273970258,1.386873341549165,1.492806403118404,0.8019318907061167,0.469576324397054
qwen-3.5-plus,3,533099,mobile,48,0.4658133945131164,0.461094918768644,1.548864990880764,1.331244741280911,0.787413724500109,0.3341892722435975
qwen-3.5-plus,1,536e7f,mobile,40,0.4223364473460447,0.4418897692314683,1.3669020702651542,1.032541045236155,0.8168676776655691,0.384177940308095
qwen-3.5-plus,2,536e7f,mobile,40,0.3864543595113213,0.4061177040082741,1.905932705730885,0.946751937509044,0.7794754616744943,0.354484638064132
qwen-3.5-plus,2,5300d8,mobile,42,0.1011948501162818,0.2979284466108354,2.9893385079975165,-0.1262131800022932,0.5041827327600905,0.0104962876827647
qwen-3.5-plus,3,536e7f,mobile,41,0.4844791060786649,0.4571087024051801,1.2042654583105992,1.1577897037196552,0.8205196732071405,0.4590860625465143
qwen-3.5-plus,1,5300d8,mobile,40,0.1427140031744828,0.2453393471596162,4.122734282487733,0.1076696222075803,0.5969150830773319,-0.0425295351667433
qwen-3.5-plus,3,5300d8,mobile,39,0.0071341332949301,0.3019655628639636,3.190830357565674,0.0025154044621069,0.5169026332881416,-0.0351119004655248
qwen-3.5-plus,1,538ccc,desktop,51,0.1754627701930174,0.3185291185000307,1.8688699812290608,0.3682568603066251,0.6026426461705747,0.0573219759901541
qwen-3.5-plus,2,538ccc,desktop,40,0.3972069360372323,0.4802101810383831,1.248777683310998,1.0819296980741993,0.7823019018989202,0.1628586138286933
qwen-3.5-plus,3,538ccc,desktop,52,0.3825032946611756,0.4550279480378807,2.1127180249109334,1.0423024704299833,0.732557967244938,0.0841240253544552
qwen-3.5-plus,1,538c08,web,48,0.3952800585486562,0.4132040548514238,1.213437631429517,1.006194509953739,0.7747927618930917,0.2796284388026936
qwen-3.5-plus,2,538c08,web,39,0.2957100081538707,0.3642686276496369,1.403979205779072,0.7313859160067456,0.7392433782000005,0.2009342948134072
qwen-3.5-plus,3,538c08,web,31,0.2538168314603181,0.3690289976286854,2.1801720432813614,0.609917115872053,0.6896075703289841,0.1149287604707047
qwen-3.5-plus,1,533daf,mobile,40,0.4068502336052224,0.3026231281628009,4.189213732526896,0.6025851703018843,0.5552601303289022,0.3238635729219595
qwen-3.5-plus,2,540107,poster,36,0.2586562229081578,0.3149646973292515,1.457946689475036,0.7308775998238687,0.7364190448643934,0.2405603298712014
qwen-3.5-plus,1,540107,poster,50,0.0376121695308651,0.2285970525932522,5.554421108001747,0.0709976493532888,0.4419148256574058,0.0578169887869802
qwen-3.5-plus,3,533daf,mobile,49,0.4921676253839016,0.4975527799509951,1.6180214020735422,0.6993824352883964,0.6969736021291545,0.4629641132619578
qwen-3.5-plus,3,540107,poster,41,-0.1127548244434712,0.1621160497560292,2.7056973246624576,-0.2533347207786153,0.4886506776897308,-0.0648898128511036
qwen-3.5-plus,2,544816,poster,46,0.1426210730431297,0.3667849836635619,1.3092218517312104,0.2795909158413089,0.5982618405753592,0.1655286540088999
qwen-3.5-plus,3,544816,poster,47,0.241586731452661,0.3786823416864429,1.2744272218983577,0.444645775719704,0.613604982523012,0.2670900908390538
qwen-3.5-plus,1,544816,poster,49,0.090678805795434,0.353172265661142,1.354137869663803,0.212710091114121,0.5697216535033643,0.1395000025355693
qwen-3.5-plus,2,533daf,mobile,47,0.3212077251956127,0.4159039704205836,1.8702267513462816,0.4010867101861111,0.620986579803918,0.2723078294158301
qwen-3.5-plus,1,53faa2,web,40,0.0275755456464386,0.1575414820194061,4.245387697694169,0.1621284035760014,0.5342467221407069,0.0135951785255559
qwen-3.5-plus,2,53faa2,web,30,-0.0080999254617529,0.1304228610385118,4.76008359826967,-0.0211840886645399,0.5239143513229031,0.0397844521603951
qwen-3.5-plus,3,53faa2,web,40,0.0800083171193152,0.1838453251996588,2.800457677793903,0.2815965680925267,0.6611075659381026,0.0810357965816961
qwen-3.5-plus,1,54bc51,web,38,0.1858930431588188,0.3748884108271387,1.6795264622309003,0.1996232423407209,0.6054720505247327,0.0546401138683089
qwen-3.5-plus,2,54bc51,web,53,0.2622787830911404,0.4154983903214231,1.9180598784341751,0.4415794346112729,0.6936741506319015,-0.0706414025307195
qwen-3.5-plus,3,54bc51,web,51,0.4126622261332563,0.4290627013684681,2.170044850369763,0.6788554360390553,0.6433904830144028,0.3824064991207489
qwen-3.5-plus,1,54f52f,web,46,0.2433662697978514,0.408410070493541,1.452805091828759,0.6356439547686005,0.6941769998710934,0.0225639321949768
qwen-3.5-plus,2,54f52f,web,50,0.2184831793643868,0.38413272268032,1.2448228164988109,0.4824148784723526,0.6844664237820054,0.195831625520461
qwen-3.5-plus,3,54f52f,web,40,0.2873243145854365,0.3786230564661497,1.3980523250063757,0.6438303890605859,0.7095072454923516,0.2369468786949665
qwen-3.5-plus,1,548c01,mobile,38,0.283567340365052,0.41747693314492,1.8045958464261505,0.3311523327533204,0.7042109211986611,0.2089283705237501
qwen-3.5-plus,3,548c01,mobile,49,0.2419153609824425,0.365863631308658,2.4187981965624976,0.1519254375926511,0.7170404035390624,0.1649938950128048
qwen-3.5-plus,2,548c01,mobile,47,0.2889584514377856,0.4330861204719354,1.5850760376006696,0.4014047720068477,0.6930472007891776,0.2086125236513816
qwen-3.5-plus,1,55079d,desktop,38,0.1610872950849784,0.3019705653491115,1.9166517324445655,0.3966170808181831,0.5952400484773115,0.1651305044965538
qwen-3.5-plus,2,55079d,desktop,53,0.1397929411117579,0.2788170062697439,1.9717223111019184,0.2460022133312404,0.5518475092468721,0.1649116893989552
qwen-3.5-plus,3,55079d,desktop,41,0.0887597883390051,0.2595935071754447,2.1311602286625293,0.2632241928658836,0.5769237315447893,0.1466714588174504
qwen-3.5-plus,1,55251b,desktop,43,0.4605350728170647,0.3817125183472828,2.683552597178668,1.3794854699856736,0.6950201706248077,0.5101223312928636
qwen-3.5-plus,2,55251b,desktop,43,0.534898909340721,0.4238897551603205,2.5671521700845528,1.6064658621956511,0.7058565319752552,0.5742946640746173
qwen-3.5-plus,3,55251b,desktop,32,0.4458225790154415,0.3480097378615543,2.6297993426216433,1.222801759200854,0.7022686216289961,0.4816463457499403
qwen-3.5-plus,2,555c68,desktop,40,0.4143938728732443,0.403891811207826,1.3306380412330776,1.0470693562661002,0.7854095081111266,0.328732503861594
qwen-3.5-plus,1,555c68,desktop,40,0.4445567876958763,0.4265978174238403,1.2167994588822473,1.1464902053425463,0.8031395417715153,0.3337273354124834
qwen-3.5-plus,3,555c68,desktop,50,0.2620687418611122,0.3570215726487936,1.6151129096501244,0.6162890228335084,0.7259327293618785,0.0633486938511758
qwen-3.5-plus,3,54d9cf,poster,48,0.2196572617226172,0.2948336326545431,2.755688388474183,0.5110354538840789,0.6878974238211188,0.2288304511665452
qwen-3.5-plus,1,54d9cf,poster,48,0.2439289379585006,0.3353149505353432,2.6990012775735135,0.745916161051861,0.6529901924684853,0.2198221388377438
qwen-3.5-plus,2,54d9cf,poster,50,0.1011916059730775,0.2421302554490711,4.238022703096107,0.3820374352416449,0.534242114345851,0.0842368434253172
qwen-3.5-plus,1,557221,poster,35,0.2374502289843843,0.3302423421435524,4.077295216135671,0.3155071266142502,0.5843410040206659,0.0833742694584348
qwen-3.5-plus,2,557221,poster,40,0.3687569241305081,0.3853563292243036,3.042301294055159,0.5094166267977861,0.6479754336099088,0.1369470058604776
qwen-3.5-plus,3,557221,poster,40,0.3913174000867996,0.44973656857974,2.7432244325079185,0.5929185811698675,0.6385689599516479,0.1835013301814963
qwen-3.5-plus,1,55c555,desktop,35,-0.0336498562137662,0.202513240015708,4.196932798565083,-0.1170845493269189,0.5092332331429306,-0.0407542081040208
qwen-3.5-plus,1,55aa06,mobile,50,-0.0903340008999021,0.2763886738750056,4.226438375769071,-0.2218220991291723,0.4279738755096749,-0.2285469350236329
qwen-3.5-plus,2,55aa06,mobile,38,0.09495966457398,0.3256420468859178,2.7392124295374076,-0.0213370192634931,0.5203498669446204,0.0661333744253487
qwen-3.5-plus,3,55aa06,mobile,41,0.0751654166125118,0.3254045042321892,2.3414085997371243,-0.0380331038567425,0.5213489652352747,0.0640529721859415
qwen-3.5-plus,1,55b7b4,poster,37,-0.0971768106456882,0.2566753009535692,3.448698552481914,-0.0468501250106915,0.456483443858132,-0.1242455865830836
qwen-3.5-plus,2,55b7b4,poster,47,-0.0165629791909732,0.285605663520362,3.5217950118372716,0.089225649278863,0.5269321719293935,-0.1313562508449073
qwen-3.5-plus,3,55c555,desktop,87,0.4818796178347815,0.4500267941418521,0.9174112184735406,0.9243226001586404,0.7606822044015333,0.0849773190183805
qwen-3.5-plus,2,55c555,desktop,39,0.4131587059389481,0.4475960107357093,1.3232664472273818,0.8370523074371802,0.703312048313284,0.289936693300039
qwen-3.5-plus,3,55b7b4,poster,54,0.0619871830842521,0.3187976401557861,3.0967068505577684,0.2428705264903468,0.5524112966612985,-0.1320097876723547
qwen-3.5-plus,1,55d16d,web,45,0.2747121076222806,0.3744409429066946,1.1964185667145917,0.6091507352964961,0.7188240178232757,0.1748847240077021
qwen-3.5-plus,2,55d16d,web,46,0.3603393362390684,0.4030093035003097,1.1496919241393615,0.8201768317458662,0.7490181239566653,0.3338527726642559
qwen-3.5-plus,3,55d16d,web,50,0.2817501133375986,0.3615088321321915,1.983757145464331,0.6601130263507354,0.6762978019485087,0.181391134049857
qwen-3.5-plus,1,55d981,poster,31,-0.0771960303995326,0.3160015504625374,2.435730923500983,-0.2105935430524262,0.4588784455668331,-0.129129795826825
qwen-3.5-plus,2,55d981,poster,37,-0.1350664127102236,0.3178141972036463,2.893683982132376,-0.2450586322398647,0.4190950525790125,-0.1408183421745527
qwen-3.5-plus,3,55d981,poster,38,-0.2446096546400289,0.3236409626494237,3.703942375108881,-0.3227693533279294,0.4007123419731949,-0.3131539585310028
qwen-3.5-plus,1,55ce87,mobile,49,0.0614905022279518,0.2508951868961691,2.8325620019658277,0.3177019534636703,0.5789707153736556,0.0751653704278157
qwen-3.5-plus,3,55ce87,mobile,40,0.3260596089888238,0.4270824980148731,1.342462562828711,0.3708110217339396,0.7135113706563978,0.271004490289204
qwen-3.5-plus,2,55ce87,mobile,40,0.0657071488286185,0.2695506610700346,4.137591286154484,0.044504145771103,0.5311996335550739,0.0813966283004422
qwen-3.5-plus,1,563395,web,32,0.094232856579049,0.2542533720082013,2.6071155055974007,0.2952485355457426,0.6540490154423312,0.1181751601837734
qwen-3.5-plus,2,563395,web,40,0.0449730417310248,0.2367370223491595,2.2553493770736637,0.1388960960283126,0.6157015073977543,0.0771798520408538
qwen-3.5-plus,3,563395,web,40,0.0522165886125286,0.2197534667595146,2.302740997214592,0.181998988874349,0.603651416155127,0.0696774910952974
qwen-3.5-plus,1,5620ab,mobile,41,0.1028095494270456,0.2389669161861511,2.8076644464184324,0.2762208421495449,0.6665404302247198,0.0202473659919459
qwen-3.5-plus,2,5620ab,mobile,36,-0.0210817639834854,0.1740387092225661,5.76680204590273,-0.1113111310833236,0.4426599834209715,-0.225790042249167
qwen-3.5-plus,3,5620ab,mobile,40,0.1766413526264571,0.2499378182026996,3.272656485365889,0.4739636222406418,0.714212786654171,0.1401007556718945
qwen-3.5-plus,1,56d63a,web,41,0.2042817034567249,0.3778328475884611,1.4897463634281796,0.3801809932128151,0.6249954121928163,0.1597840755936087
qwen-3.5-plus,2,56669a,mobile,51,0.304082437853682,0.4142186310778947,1.856703419790824,0.5699665379504476,0.7197568291957388,-0.113892358501572
qwen-3.5-plus,2,56d63a,web,50,-0.0200537362193368,0.3100183147932295,1.7309014203588795,-0.0309286426761215,0.5127576608077229,0.0068578970180863
qwen-3.5-plus,3,56d63a,web,51,0.1662442919250913,0.3316075161424205,2.7568969820689575,0.2863479833747418,0.5741923186573227,-0.0326690894395156
qwen-3.5-plus,3,56669a,mobile,40,0.2785072563984249,0.3559119334501603,2.4650772275876593,0.4298542668055807,0.6584687110784985,-0.050739404227419
qwen-3.5-plus,1,56669a,mobile,40,0.2892110619470511,0.4044299236246636,2.397518239973259,0.4942607056341167,0.6791727359841973,-0.0496366087075358
qwen-3.5-plus,1,567366,web,40,0.3109402564498603,0.4073481379503504,1.7545924031507698,0.6497522987998501,0.7420565188032866,0.2911962457227503
qwen-3.5-plus,2,567366,web,38,0.179652996953366,0.3385903870780645,3.042792388294627,0.3380164796700775,0.6521890720908168,0.1749752256438896
qwen-3.5-plus,3,567366,web,40,0.3875622791161701,0.4242593267038979,2.1146850730675246,0.8449544296051785,0.7385243377826705,0.3562682664391951
qwen-3.5-plus,1,56ed0e,poster,40,-0.0994449234495228,0.3352549703902987,3.655680343883802,-0.051629823163225,0.4671784722786747,-0.2268995639773359
qwen-3.5-plus,3,56ed0e,poster,50,-0.0478394461672958,0.3547473386525999,2.611934942712806,0.0346295863425795,0.5168754954306715,-0.0919893936596654
qwen-3.5-plus,2,56ed0e,poster,48,-0.2418027806528144,0.3216334632272015,3.819515728958333,-0.3387381224792273,0.383723585676931,-0.4237495863944862
qwen-3.5-plus,2,56ea71,mobile,48,0.0534226253878512,0.3124771792733869,2.449140777307474,0.1395212832815303,0.5309559377193087,0.0834108602152537
qwen-3.5-plus,2,574bac,web,45,0.2942597965673252,0.3174871124482817,1.4779880989833327,0.7272697937350782,0.7083015166262953,0.2049416463677183
qwen-3.5-plus,1,574bac,web,48,0.0583740017600782,0.2485200651734548,2.6851628392990756,0.150437186475748,0.5675018478329535,-0.0343772696803236
qwen-3.5-plus,1,576a9f,poster,50,0.3872739618118079,0.4050556741294047,1.157845333626527,1.0842516896614431,0.7783999898593765,0.3135798584235471
qwen-3.5-plus,2,576a9f,poster,36,0.445530845354517,0.4252262381634954,1.0628274527868984,1.1410441911523352,0.7919786857973579,0.384028011634953
qwen-3.5-plus,3,576a9f,poster,48,0.3892461582662331,0.3943380679835256,1.155611238840703,1.0267497973242568,0.7803461114347531,0.315531303668065
qwen-3.5-plus,3,574bac,web,51,0.1773941089535238,0.2830049844728995,1.771792034556748,0.4345891765109126,0.6400348996165288,0.1334131721417493
qwen-3.5-plus,3,56ea71,mobile,46,-0.0463729034176819,0.2472246450193418,4.218700916416212,-0.1961093964407955,0.4005665530036464,-0.0247921542041974
qwen-3.5-plus,1,56ea71,mobile,41,0.1373069620997544,0.3547669670708718,1.830353964600647,0.3397011516419704,0.6382941585077656,0.1318674817042741
qwen-3.5-plus,1,57879f,web,49,0.0874030412132678,0.2010438836992676,2.1735103080360143,0.2147045022926441,0.6855274621573039,0.0635529327733876
qwen-3.5-plus,3,57879f,web,50,0.2673423172155935,0.2430928484309532,2.6553921334310537,0.737331144662468,0.6853839155069472,0.1062622575327353
qwen-3.5-plus,2,57879f,web,72,0.1815273461371054,0.2202739975523348,1.934672517684158,0.6200954538318489,0.665689725324045,0.0955299244847188
qwen-3.5-plus,1,57bb95,web,50,0.3014900518153615,0.3252689981263447,2.472531042602698,0.7685481716094515,0.649353766712192,0.1458198667904608
qwen-3.5-plus,2,57bb95,web,36,0.1749895598753362,0.2106425537699402,5.411494739553603,0.3804811877013462,0.4781856503977675,0.0437262285323868
qwen-3.5-plus,3,57bb95,web,50,0.0406383369550134,0.1973204160661712,4.0547473430903915,0.060196652828227,0.5104508832656623,0.0500531318480563
qwen-3.5-plus,1,579621,mobile,40,0.3260909248788615,0.2935084785740024,3.7054224086341336,0.7669071011994837,0.7253177307912256,0.2819467069894283
qwen-3.5-plus,2,57f74a,desktop,32,0.3031585174052867,0.4963707600222244,0.997051447833416,0.5022040160407072,0.6286149037317609,0.2513337739235217
qwen-3.5-plus,1,57f74a,desktop,55,0.0224551979694301,0.4081312510529203,1.2675693075494752,0.046523251097012,0.5469115623386728,-0.0592123367852918
qwen-3.5-plus,3,57f74a,desktop,52,0.0441897359164464,0.4338881889163028,1.2236263437681978,0.1029711391623576,0.55063764947281,-0.0601825310431711
qwen-3.5-plus,2,579621,mobile,48,0.4213578364345107,0.4175827192979259,1.8396165088347671,1.0903350207816878,0.7383411465568641,0.3441380389849119
qwen-3.5-plus,3,579621,mobile,41,0.2847133109372481,0.3430963374225511,2.167724552003019,0.7025777529346616,0.7089761934048329,0.2167409693182482
qwen-3.5-plus,1,583824,desktop,83,0.3674221248848139,0.2858016385006308,1.6101833477815133,1.0869832059332247,0.6934538293224182,0.3189743617734438
qwen-3.5-plus,2,583824,desktop,31,0.3249006274606094,0.2862955831863234,2.2463366534207347,0.8958375658504181,0.7191402259930565,0.3109644399043609
qwen-3.5-plus,3,583824,desktop,53,0.1330132341145452,0.2286370150628231,2.3376951536382924,0.3947067975804673,0.6407706453161259,0.1599996124643712
qwen-3.5-plus,1,58033d,mobile,47,0.4009007016498166,0.4416929594874799,1.908272284279356,0.7616951491718394,0.6651894528035496,0.3875282375198492
qwen-3.5-plus,2,58033d,mobile,40,0.3965404176089648,0.4941723668200062,1.393162817546503,0.7519702994504719,0.6953648552162537,0.4063159897667129
qwen-3.5-plus,3,58033d,mobile,49,0.4567032309396174,0.466898335752311,2.0328257317990928,0.8648247207691095,0.7068785822107737,0.4623583418722734
qwen-3.5-plus,2,5845fb,poster,48,0.0959731254244097,0.2825224175812306,4.877008943199404,0.1778782323463583,0.4593185079933004,-0.0288228310471027
qwen-3.5-plus,1,5845fb,poster,50,0.220522986318904,0.3598662636073858,2.784429977573523,0.4890883948892953,0.6678080238379929,0.0338193866449877
qwen-3.5-plus,3,5845fb,poster,43,0.2683366886249295,0.3816556524030918,3.081833271626594,0.7979040161194421,0.6544791336212189,0.138036811015248
qwen-3.5-plus,1,587857,mobile,40,0.2735009575593413,0.3404418035913439,3.1261076990330463,0.7441700519328937,0.5926331396580767,0.0387721527444536
qwen-3.5-plus,2,587857,mobile,46,0.3110237220731521,0.3715641803475304,1.7701823449423495,0.6110702239510049,0.711294611935753,0.1707982212495065
qwen-3.5-plus,3,587857,mobile,48,0.4211422292063547,0.4147437437688498,2.7977483830061556,1.106516290334122,0.7073323397452087,0.2924086379381697
qwen-3.5-plus,1,5887a5,web,50,0.0056752269023598,0.204491161263975,3.2949069723035005,0.0959122390918966,0.6272694510008274,0.0557997543831122
qwen-3.5-plus,1,58a60d,mobile,43,0.5188007539961632,0.4742887506882631,1.6708430827647478,1.0995208331018744,0.7172789524934909,0.3653864668770115
qwen-3.5-plus,3,5887a5,web,32,0.2280238489454594,0.3128624324986573,1.868123773590994,0.5890588854017342,0.7523611014180681,0.1427579325114923
qwen-3.5-plus,2,5887a5,web,48,0.2386928894937834,0.329940722488311,1.6615156320796236,0.7001893803804303,0.7375211363921564,0.0074002310402519
qwen-3.5-plus,2,58a60d,mobile,47,0.4457098554678159,0.4316409162584423,1.618648973707456,0.9481431565600068,0.7070488277147228,0.3288885999137041
qwen-3.5-plus,3,58a60d,mobile,44,0.5294826349073483,0.4807703267983043,1.407654260603455,1.1025789356846305,0.7299817506909481,0.3350816878161203
qwen-3.5-plus,1,58b56c,mobile,44,0.1579377072838457,0.2807055982118931,3.193062907939454,0.0055154684240877,0.5188401207299309,-0.0661547606526025
qwen-3.5-plus,2,58b56c,mobile,45,0.4511860208873977,0.4245853266552327,1.617124681980637,0.7503578089128654,0.7491221336394136,0.2571895352985746
qwen-3.5-plus,1,58e0a1,desktop,40,0.546830469401568,0.5499801243620066,1.0194920126031497,1.1694395221005285,0.7963113870832217,0.5544410765142892
qwen-3.5-plus,3,58b56c,mobile,45,0.104688221577307,0.2373148166226837,3.916500033170433,-0.0328172796671262,0.5004855391770917,-0.0767574608691662
qwen-3.5-plus,2,58e0a1,desktop,40,0.5301301259344142,0.5339539854695434,1.0632017277351864,1.108893073916512,0.7876682088919547,0.5362118879257706
qwen-3.5-plus,1,591218,mobile,38,0.0937796432420455,0.2875565069573374,1.7354365083573895,0.1766861887768785,0.5929483694468962,0.0635873118943599
qwen-3.5-plus,3,58e0a1,desktop,48,0.5198880850141887,0.5435152440964917,1.0162076281746484,1.1460422193104896,0.7893822321894215,0.5246767832549416
qwen-3.5-plus,3,591218,mobile,50,0.3397591680021392,0.3947205947987297,1.057648022812142,0.7299156064037265,0.7538047742531985,0.1227751347141098
qwen-3.5-plus,2,591218,mobile,47,0.3026868881029057,0.400489831472722,1.0942148609794229,0.6469900958571977,0.7586257849142456,0.0581554100401081
qwen-3.5-plus,1,591317,mobile,31,0.0939189899635211,0.2648430489152883,3.921599665747351,0.1194229004487412,0.5991409040749023,-0.0775640511170397
qwen-3.5-plus,2,591317,mobile,35,0.1029785076200064,0.2736184821626604,3.397039288261732,0.1581352514806786,0.6163378363633933,0.0978316246267364
qwen-3.5-plus,3,591317,mobile,31,0.2894284492004431,0.3482666942122481,2.857817599913484,0.508390603496043,0.6914022798174037,0.2183604374207757
qwen-3.5-plus,1,592a12,desktop,40,0.6325940718812222,0.515054875170367,0.7392023389183252,1.4144047008903935,0.8108126129181275,0.6377659862593077
qwen-3.5-plus,3,592a12,desktop,36,0.4880152560989931,0.469967687538472,0.915725271182158,1.132166782823942,0.7910491432502003,0.5155260616063951
qwen-3.5-plus,2,592a12,desktop,40,0.5688861611207747,0.5030875490671334,0.8697662378810381,1.2970729647208452,0.7986691812392414,0.5854124866747777
qwen-3.5-plus,1,592b58,desktop,42,0.4982615428588256,0.4597886118376191,1.2387189274336905,1.142724004230742,0.7841786298333119,0.5066212650280745
qwen-3.5-plus,2,592b58,desktop,47,0.2539455431203363,0.3398917388892399,1.3691258693284292,0.6212720256012972,0.688070419094238,0.2842452615985632
qwen-3.5-plus,3,592b58,desktop,49,0.3610831145258618,0.3658931375930166,1.2302325139050785,0.7745416107285756,0.7193727518323774,0.3578407496371292
qwen-3.5-plus,2,592d83,desktop,49,0.4782504982473641,0.4792417202401275,1.015293968292294,0.739001831941044,0.6836268810265174,0.4523430385264466
qwen-3.5-plus,1,592d83,desktop,40,0.3859729883805871,0.3947363906468036,1.4752311030491356,0.7257197397705961,0.5855990259286411,0.4052962740787549
qwen-3.5-plus,3,592d83,desktop,121,0.1693832894657563,0.3149945536017005,2.6855166116138185,0.3149608668459031,0.5724411584109245,0.2116738581298656
qwen-3.5-plus,1,59354f,mobile,34,0.3957871894991606,0.3785319449492902,3.3519295750026785,0.7044795844370585,0.6551682877644895,0.408303116668114
qwen-3.5-plus,2,59354f,mobile,40,0.3322445783286326,0.3571827548138658,2.9963683363228943,0.6356559098603818,0.6316766564383323,0.3205600200810752
qwen-3.5-plus,1,598d81,mobile,45,0.3663710070769431,0.3271525535834109,1.3418179652626636,0.9615691388664088,0.7626331315614547,0.3863205538045652
qwen-3.5-plus,3,59354f,mobile,30,0.3067870949475313,0.3435531008474199,2.7574293898779425,0.899969921778483,0.7024555965596115,0.3111939616682515
qwen-3.5-plus,2,598d81,mobile,46,0.4676545256331367,0.3203199595484141,1.279023240206653,1.1770843759382277,0.8105462411225732,0.4702646890117784
qwen-3.5-plus,3,598d81,mobile,72,0.0291306852739621,0.2100707913978712,1.8353969781673904,0.0598032802207698,0.5683675746471337,0.0051662053306542
qwen-3.5-plus,2,599a18,mobile,30,0.0865256718638323,0.3032462942450963,2.751682010216602,0.0511772832203783,0.5752375936138331,0.0076310076128419
qwen-3.5-plus,1,599a18,mobile,46,0.0716446847323846,0.2750498488674091,3.619536675933613,0.0042722152971099,0.5152864350769177,-0.0031791143398637
qwen-3.5-plus,3,599a18,mobile,45,0.065322460832283,0.309162532620315,2.784082233700743,0.0022357182013006,0.5480573187394869,0.0081487706391897
qwen-3.5-plus,2,586b04,desktop,40,0.129955211011967,0.1725507028759668,5.2826644508820175,0.3508025323126,0.431067461837046,0.1442242403269786
qwen-3.5-plus,1,59b238,mobile,30,0.1686524846468327,0.3491359257719302,2.413478288013957,0.2914340942112133,0.6709614112199048,0.1532219339084832
qwen-3.5-plus,2,59b238,mobile,40,0.1580026498140043,0.3636638785640861,2.703603205704198,0.1320423857283222,0.6214983920520255,0.1521429238827004
qwen-3.5-plus,3,59b238,mobile,50,0.2410646763933008,0.4281589789377323,1.931665940441456,0.3239389667369377,0.6591178526558454,0.2242279501313513
qwen-3.5-plus,1,59cb6e,web,40,0.0837215109378054,0.2733621551955365,2.3439240703362536,0.1478247025131282,0.5483704757214592,0.0305693771276212
qwen-3.5-plus,3,59cb6e,web,40,0.2764077544834875,0.3455746510422132,2.1084161435245017,0.5926312547759411,0.6474725820487517,0.1448961750315254
qwen-3.5-plus,2,59cb6e,web,46,-0.0442423582884913,0.2276748346666505,2.812236890620204,-0.1497113151421497,0.5052917506110784,-0.014943192188779
qwen-3.5-plus,1,5a19e3,web,43,0.0217174270829984,0.2574106439148875,3.2985531023944623,0.0021515124095767,0.5334293185537777,-0.1061345337431688
qwen-3.5-plus,2,5a19e3,web,45,0.0180110161789227,0.2533050848221113,3.356874885360704,0.0624240616828401,0.5318801380686817,-0.0805402183531002
qwen-3.5-plus,3,586b04,desktop,48,0.0246090638598714,0.1220157504054896,5.996964823001102,-0.1537367115284404,0.2966733910233483,0.0133449975931872
qwen-3.5-plus,1,586b04,desktop,51,0.0379401377102302,0.1481954939049925,5.622606355873952,0.1262154850443325,0.4109543272426625,0.0535903555330161
qwen-3.5-plus,3,5a19e3,web,42,0.0419523166103588,0.2612961178464756,3.385458701380111,0.055897955919511,0.5457044903767647,-0.0874941856653798
qwen-3.5-plus,1,5a5935,web,44,-0.0015168818904501,0.2228306505381431,3.526723136119913,-0.1283288703719307,0.4290979611024806,-0.0239833171762229
qwen-3.5-plus,2,5a5935,web,45,0.0133319583161709,0.2131395881628709,3.6690260267927313,-0.1507003821507523,0.4312434758086348,-0.0078657867655256
qwen-3.5-plus,1,5a6a69,desktop,48,0.1995163889620871,0.3371273266869092,2.5068368480266927,0.4706327381775633,0.6147515702463872,0.1594085283307956
qwen-3.5-plus,2,5a6a69,desktop,49,0.3278461567505493,0.3767485030531443,2.256427479728795,0.6799345550428697,0.6673603079218435,0.222146204361989
qwen-3.5-plus,3,5a5935,web,38,-0.011436425298061,0.2311028196474286,2.6261424981064323,-0.1213824826288102,0.4766104360214279,-0.0394547393358534
qwen-3.5-plus,3,5a64a8,web,45,0.407394056894225,0.3387888140480647,1.7499774066671057,1.280014217399596,0.7631909702458304,0.3344287085571784
qwen-3.5-plus,2,5a64a8,web,48,0.3645167496906739,0.323676484237358,1.858747636268552,1.1207043295834105,0.7619169890979111,0.2726161141526097
qwen-3.5-plus,1,5a64a8,web,40,0.4814406423281607,0.3535069865196699,1.3093011986496252,1.4484938922385626,0.8063101242631717,0.3852452877462644
qwen-3.5-plus,3,5a6a69,desktop,45,0.1300679986111508,0.3061292041259769,3.0444924118660848,0.3115954864947416,0.5978504360198336,0.0953764747792703
qwen-3.5-plus,1,5a6efa,web,45,0.0365172584770365,0.220111343055965,2.0972469792340434,-0.0409265506430156,0.5286168483675245,0.0230023175659704
qwen-3.5-plus,2,5a6efa,web,46,0.0480703686966357,0.2100412705829102,2.4681830641059914,-0.0522920603544241,0.5386409953104964,0.0714743954665166
qwen-3.5-plus,3,5a6efa,web,40,0.2160177824293653,0.3082605726896896,1.5670623347018322,0.4268117170366172,0.6670362971685253,0.0918652698075535
qwen-3.5-plus,1,5a97ec,web,50,0.014236469528614,0.2472718343683222,3.2528058695273296,0.0399960597603253,0.5809102383574742,-0.0761039272740036
qwen-3.5-plus,2,5aa40c,desktop,48,-0.075761233262391,0.1803881835122342,4.406643154213723,-0.1407134362274309,0.4736127921341749,0.0690286949399425
qwen-3.5-plus,1,5aa40c,desktop,51,-0.1611895399381894,0.2381018992466376,3.4800344890479873,-0.3282387152375621,0.4140777618174146,-0.0467389686940576
qwen-3.5-plus,2,5a97ec,web,54,0.0723693359950031,0.3186439067803525,2.7252194582582776,0.2187276445423389,0.5442024491744135,-0.1492725549553787
qwen-3.5-plus,3,5aa40c,desktop,49,-0.002364488895908,0.2764484767824174,2.000842144783197,-0.0329691140839807,0.5332606603980765,0.1289641906484985
qwen-3.5-plus,3,5a97ec,web,43,0.0057779349321739,0.2324059593572273,3.4406927208884177,0.0654070758098858,0.549130719607722,-0.0234742385634899
qwen-3.5-plus,1,5ac518,web,40,0.2804070771794438,0.2845304077583184,1.9388850381967817,0.801704140709721,0.7101607915392909,0.3112812359497962
qwen-3.5-plus,3,575851,poster,48,-0.0308970648065054,0.0709150524305183,6.62548606963429,0.0060380278969216,0.1211570119948539,-0.0530094609847216
qwen-3.5-plus,2,5ac518,web,41,0.1556620500907189,0.2490258548097196,2.3264653635661476,0.4817518456393471,0.6620472842625291,0.1802556270353658
qwen-3.5-plus,3,5ac518,web,40,0.1998765337036966,0.2488903874460125,2.1571825215246987,0.5618198727647029,0.6773615067613842,0.2286072704150218
qwen-3.5-plus,1,5b04c4,web,40,0.189915320800407,0.3074613724393499,1.6121453781465012,0.6093260235224327,0.6983406879565429,0.106562849560643
qwen-3.5-plus,1,5ad367,poster,38,0.0030849621496283,0.3228560092469364,2.95383351470852,0.0351570109690183,0.5007048757139033,0.0515559102104437
qwen-3.5-plus,3,5ad367,poster,40,0.0922563390581931,0.338731623649932,2.881908690860811,0.2231378328109979,0.5489905118973184,0.0779096291975
qwen-3.5-plus,2,5ad367,poster,37,0.045792993342231,0.3212196052394281,2.722842818981965,0.0780732424860302,0.5449151554894015,0.0296028308047442
qwen-3.5-plus,2,575851,poster,50,0.0161925146558292,0.097237278653418,6.287439263521941,-0.0910887804509313,0.2087625960743745,-0.0315536919942421
qwen-3.5-plus,2,5b04c4,web,50,0.4319715439103289,0.3812716241016953,1.144432644779621,1.0885180627629134,0.7930212064323192,0.1753832151626419
qwen-3.5-plus,1,575851,poster,38,0.0094803114088877,0.0784231822449889,6.454621956723409,-0.105848398979103,0.2006489248884798,-0.0105232587593731
qwen-3.5-plus,3,5b04c4,web,50,0.3794460193671992,0.3457484316658413,1.2706037152308964,0.9449559230225586,0.7645595314388535,0.2315826216077391
qwen-3.5-plus,2,5ae7ba,poster,49,0.5057842529395904,0.4873881823300096,1.6570332216464958,1.1211278138911622,0.7646139107986554,0.4433874641141878
qwen-3.5-plus,3,5ae7ba,poster,40,0.3347269827864006,0.3977387378426705,2.0799277455799063,0.7100024998515304,0.7250315476643998,0.2716291230431961
qwen-3.5-plus,1,5ae7ba,poster,50,0.1185905954681822,0.2518380920833228,4.271928522905973,0.2304460328927733,0.5349299708845697,0.1235527016665578
qwen-3.5-plus,1,5b5a0c,desktop,38,0.3482305261011765,0.3937371481683603,1.604483732492907,0.8907880355135863,0.6645877115870642,0.3012531763826953
qwen-3.5-plus,2,5b5a0c,desktop,47,0.2408286319729892,0.3976013864342563,1.4468221668791252,0.4236492114837425,0.6187946223039331,0.2106967953601178
qwen-3.5-plus,2,5b0cba,poster,30,0.0391721123264686,0.2460848181005691,3.8933485638156826,0.2330071858792028,0.5559990113312617,0.0866268019253025
qwen-3.5-plus,1,5b51c9,mobile,40,0.2517936587092307,0.3201850573373074,2.620218682337395,0.6810602273465373,0.6818030267655525,0.06457225019904
qwen-3.5-plus,2,5b51c9,mobile,40,0.2591000775193648,0.3246517229449757,2.1526858323871485,0.7683006059670996,0.6919901156761179,0.1039095956873257
qwen-3.5-plus,3,5b5a0c,desktop,48,0.1836697287926041,0.3692060351227507,1.5127313498958888,0.2274195689055312,0.5792546174280669,0.1317258368756735
qwen-3.5-plus,1,5b0cba,poster,50,0.0741053486757505,0.3362657782041673,2.974563955755719,0.1986837860038967,0.5687618200225539,-0.0012330897577967
qwen-3.5-plus,3,5b0cba,poster,48,0.0225276019803258,0.303766892342902,3.192015103363631,0.068579649416334,0.5250948385061478,-0.047924306085626
qwen-3.5-plus,3,5b51c9,mobile,30,0.0398533406076582,0.2537139243163073,4.21612351787708,0.0902177207322207,0.5823649798362208,-0.0457047113752155
qwen-3.5-plus,1,5baa74,web,47,0.4249763851570419,0.3492527076206449,1.2563867433028109,1.1710600169243504,0.810884840896613,0.3099395530334776
qwen-3.5-plus,2,5baa74,web,48,0.3709870080477614,0.3343738681489036,1.2918634692678568,1.019475052525052,0.7842724051515524,0.2466742292708581
qwen-3.5-plus,3,5baa74,web,46,0.4058853768061746,0.3349436542695717,1.3120335410004036,1.077421388279746,0.7902043368284972,0.2941174087726763
qwen-3.5-plus,2,5b5e85,mobile,51,0.2079504026109946,0.3590329921863109,3.0230062307280896,0.3711969436368927,0.6054723188299959,0.1401651711002023
qwen-3.5-plus,3,5b5e85,mobile,49,0.3624673098407887,0.4355373118444561,1.8810955993413552,0.5258508377600242,0.6405503349380866,0.2542360403104855
qwen-3.5-plus,2,5badb5,web,45,0.1702175025698507,0.4045110014661736,1.8551943728391735,0.3704609535644377,0.6078200096666792,0.1258709016044714
qwen-3.5-plus,1,5badb5,web,48,0.0148096914378275,0.4067738696751699,1.9754522030790136,0.0532830235647614,0.5153263919866573,0.0136987070161473
qwen-3.5-plus,1,5b5e85,mobile,40,0.1326575751301187,0.3150836276297906,2.6631441665078723,-0.0088130528828659,0.577453388083947,0.040738515808545
qwen-3.5-plus,1,5b9261,mobile,40,0.2149378416747732,0.3036138230612548,2.4034090765160845,0.4144062950369274,0.6710975144345479,0.0322890476552559
qwen-3.5-plus,3,5badb5,web,49,0.0378883120822236,0.4033259114029359,1.4773802410581154,0.1622431700177691,0.5572401619581039,0.0348229093682491
qwen-3.5-plus,2,5b9261,mobile,49,0.2696029708024688,0.3151398352733999,2.192340418981595,0.4880315959288731,0.6663415363327925,0.1374872461498118
qwen-3.5-plus,3,5b9261,mobile,40,0.2806434694758956,0.3374996620583413,2.000480095786576,0.5043363841911108,0.6936677707624485,0.1541904715645893
qwen-3.5-plus,1,5be5fa,web,33,0.0950520824121995,0.152956225681213,3.536037063534586,0.4705089727175844,0.7189976125739614,0.1042527902773596
qwen-3.5-plus,2,5be5fa,web,51,0.1940786881534049,0.2329368938925792,2.997272404446528,0.9847747809880384,0.784500441525962,0.1783121556192533
qwen-3.5-plus,1,5bcc14,mobile,49,0.1286775618224698,0.2936594815011865,2.4717263087848376,0.2049309417324623,0.6470440621394448,0.1217533217102739
qwen-3.5-plus,3,5be5fa,web,53,0.1453945065929631,0.1807728142937051,2.45045328961842,0.6073821962120982,0.7439511368904758,0.1458729375969527
qwen-3.5-plus,1,5bf483,poster,40,0.0246235685552908,0.267095955315328,2.382956069826865,-0.0301420346223606,0.5054136459013711,-0.118875185568074
qwen-3.5-plus,2,5bdff0,mobile,48,0.0411159140030659,0.2332450130681178,4.373252918098435,0.139658923916378,0.6055627108383206,-0.2152227612149176
qwen-3.5-plus,2,5bf483,poster,40,0.2695053329960284,0.3257368653902002,1.4921682432756214,0.6772705895735873,0.6833878976993,0.1552080436379632
qwen-3.5-plus,2,5bcc14,mobile,49,0.305070030155388,0.3806612871546912,1.4090439708981557,0.6727822876711833,0.7530240757301163,0.2587314555865391
qwen-3.5-plus,1,5c0bcf,desktop,46,-0.2635674395778592,0.3774224614698115,1.2938275354061954,-0.3758557058428127,0.3721299645153373,0.0122414995091687
qwen-3.5-plus,3,5bdff0,mobile,29,0.411690794302927,0.4447971882980915,1.2453554364278796,1.303731709122563,0.8377444155568011,0.3084759328908782
qwen-3.5-plus,2,5c0bcf,desktop,38,-0.2768233362710056,0.3818495758527247,1.3101873166571796,-0.3595880599498212,0.3694197324697124,-0.002387953016803
qwen-3.5-plus,3,5c0bcf,desktop,38,0.1653298922662086,0.4799754514288135,1.0546634867860405,0.3362677323215614,0.5580812468117775,0.1896216952662162
qwen-3.5-plus,1,5bdff0,mobile,31,0.2112715555209992,0.3299580787027491,1.995537810815056,1.0355619709298998,0.7352252944274679,0.120083012635594
qwen-3.5-plus,3,5bcc14,mobile,46,0.1275742696588222,0.2816083211944195,2.0755985778878414,0.2903729124792819,0.6687726586025529,0.1179799093716709
qwen-3.5-plus,3,5bf483,poster,50,0.1313772981943169,0.3279538596064873,2.1493905983145116,0.3400809323002889,0.6311472930770012,-0.0271197846418767
qwen-3.5-plus,1,5c5b71,web,45,0.3307581442151605,0.3969188750774862,1.203029365979299,0.769314321217326,0.7144761951090886,0.2645414358204803
qwen-3.5-plus,3,5c5b71,web,40,0.2986427067971113,0.3861788459765065,1.270946685197213,0.6685880398785854,0.6975283273858167,0.2519022075313583
qwen-3.5-plus,2,5c5b71,web,36,0.3386274369575638,0.4030515629742414,1.2276827433823658,0.7245549503073181,0.7100566890980679,0.2839919009967767
qwen-3.5-plus,1,5c88b8,web,39,0.1912526002555173,0.3143305476071565,1.9150261452231936,0.5397099506655533,0.6855403145988895,0.1739849243359504
qwen-3.5-plus,2,5c88b8,web,48,0.2130692953198503,0.3358981876967268,1.6546310789791956,0.587838237135855,0.713615878631606,0.2069902566388513
qwen-3.5-plus,3,5c88b8,web,49,0.2165595092405597,0.2947199046450287,2.015989068206068,0.5869082443479445,0.6681903567847962,0.2410225503398672
qwen-3.5-plus,1,5bfe3d,poster,40,0.1493468044275958,0.2665700708854978,3.341282788407971,0.2506498291148287,0.514959763976497,0.0257814092913168
qwen-3.5-plus,2,5bfe3d,poster,59,0.1604790785356063,0.2928145594686484,2.830666862593508,0.3105620962931962,0.5674405454868183,0.0929160202351752
qwen-3.5-plus,3,5bfe3d,poster,42,0.1567542954909677,0.2662095058307723,3.297044961598397,0.283988741877365,0.5151046403281653,0.1000193851878817
qwen-3.5-plus,1,5cadcf,mobile,30,0.1603654787994106,0.340588622246805,2.713552681840039,0.2173861739270871,0.6088667166083633,0.1393922781309617
qwen-3.5-plus,2,5cadcf,mobile,35,0.2669005231498715,0.3975260349237626,2.641957871315576,0.4553358479181474,0.6299001563772544,0.2435644218046498
qwen-3.5-plus,3,5cadcf,mobile,41,0.2462314311366889,0.3599196982231976,2.927973009446692,0.3367302207039998,0.6134825574809404,0.2226431836870225
qwen-3.5-plus,1,5d47cf,mobile,30,0.1160452194459521,0.3463819081093773,2.657769595531722,0.2363105712079282,0.5684004948936119,0.0610304645829703
qwen-3.5-plus,2,5cfc08,poster,48,0.3342513938585891,0.3961573773500165,2.408097664117519,0.8053077570452918,0.7353837303761652,0.2895650756852994
qwen-3.5-plus,1,5cfc08,poster,49,0.2524919977786088,0.3609026027573146,2.211291643713168,0.5961166268443996,0.7426011068280967,0.2168005373650257
qwen-3.5-plus,2,5d47cf,mobile,39,0.1858354375241539,0.3991314999693051,1.919985409399152,0.3489148498214594,0.6225352998156674,0.1184183909681518
qwen-3.5-plus,3,5cfc08,poster,50,0.1791581350636967,0.2725305122919789,4.745822675608572,0.4510230645494648,0.5481953807949425,0.0549220372398186
qwen-3.5-plus,3,5d47cf,mobile,42,0.0566651362808676,0.369122434931102,2.195700817535038,0.1628435226691138,0.5671580564961864,0.0261407038894672
qwen-3.5-plus,1,5d4c5e,desktop,50,0.470402915426266,0.4786763267640774,1.2739138782418242,0.9794262919264258,0.7523980228490061,0.3271265099938064
qwen-3.5-plus,3,5d4c5e,desktop,48,0.0561142299570743,0.2734048916142763,2.6242495056999156,0.0838240314780082,0.5023887200433923,-0.120893479236829
qwen-3.5-plus,2,5d4c5e,desktop,49,0.1519840982466407,0.3148352069695148,2.433708175962317,0.307720323707892,0.5984636100791425,-0.0020948795982424
qwen-3.5-plus,2,5d66d2,poster,49,0.1529244969675057,0.2276156288776269,2.473641876031229,0.4445989759092118,0.6903758525146376,0.1372686981234874
qwen-3.5-plus,1,5d66d2,poster,40,0.1836612180297595,0.2975421110040371,2.351012383200188,0.5847254742350829,0.7253601426195223,0.1630950495249085
qwen-3.5-plus,3,5d66d2,poster,50,0.0776506113308704,0.2349962054490048,2.9973637241243627,0.3090595304899498,0.6324502811813559,0.0496481152655061
qwen-3.5-plus,1,5d7115,web,38,-0.0435507319280454,0.2137069950076373,3.139745623648532,-0.0257440064586336,0.5149992322290639,-0.0230900791046039
qwen-3.5-plus,3,5d7115,web,50,0.0795571406541186,0.2965074212679717,1.884105731907215,0.1944213932144945,0.6460647625741208,-0.0926238208470943
qwen-3.5-plus,2,5d7115,web,72,0.0223084266832485,0.2575786118695698,2.509820031787509,0.164049029995513,0.5618554945810275,-0.0492401865683581
qwen-3.5-plus,2,5db7bc,poster,45,0.2929862151965826,0.3644145712475362,1.3816181925883608,0.7600148112106353,0.7068465378732781,0.3043510343268507
qwen-3.5-plus,1,5db7bc,poster,49,0.3975470290134775,0.3849621621521499,1.2060958349612525,0.892678628347499,0.7514987272950391,0.417308611143042
qwen-3.5-plus,3,5db7bc,poster,35,0.1918412516287816,0.3165831492428609,1.5643078291854158,0.4541557290807653,0.6482967967796007,0.2591287342277856
qwen-3.5-plus,1,5dd542,poster,50,0.5008209292977603,0.5268204564902028,0.8032370486820826,0.8663888283457494,0.7311634425611595,0.4496495748637701
qwen-3.5-plus,2,5dbe49,desktop,40,0.4322428342470146,0.4545234383352728,0.928115284513656,0.8828383459920714,0.7291532979761475,0.4200829482735373
qwen-3.5-plus,2,5dd542,poster,43,0.4681663882619583,0.5130767009241843,0.7747011251602152,0.8860619554331609,0.748475836403027,0.3476215976533452
qwen-3.5-plus,1,5dbe49,desktop,50,0.4106863218642288,0.4462088602168702,1.102823515448927,0.8349756316301385,0.7316752133076404,0.4251324548242015
qwen-3.5-plus,3,5dd542,poster,53,0.048797787127232,0.2112553555224233,7.262579029279502,0.1340765444050513,0.4175667288756348,-0.2455122102505952
qwen-3.5-plus,3,5dbe49,desktop,53,0.19364975673585,0.3907195750081162,1.2190058792590817,0.4178598864474875,0.6517596694015977,0.2165111817991191
qwen-3.5-plus,1,5e22c9,poster,48,0.5509009471563273,0.4033964225151216,1.043359562350468,1.3781223536202325,0.8475890023668944,0.5336794235023702
qwen-3.5-plus,2,5e22c9,poster,47,0.5532002681442907,0.4118535695155146,1.020264513967672,1.3720650360616369,0.85440566489481,0.5357740240241232
qwen-3.5-plus,3,5e22c9,poster,50,0.5565309690402844,0.4007931450961173,1.0578246498065078,1.3988621232597511,0.8494479182545572,0.5315018614259861
qwen-3.5-plus,2,5e0dee,web,45,0.0209738663927643,0.2552588464390697,2.2144874991657715,0.1571090534236383,0.6019805956336327,0.1852543914259624
qwen-3.5-plus,1,5e0dee,web,53,0.1336886491157561,0.3075374519473058,1.9749389386594831,0.4258939373458681,0.6401425679820705,0.2520363347979071
qwen-3.5-plus,3,5e0dee,web,51,0.0517820288481665,0.2502040638982921,2.535539417854782,0.1763326223754051,0.6266661620617481,0.1648084832251407
qwen-3.5-plus,2,5d7024,poster,40,0.1448965855304433,0.2814477529946423,3.990626067820545,0.3917740100686003,0.6478622470509151,0.0281645975734879
qwen-3.5-plus,1,5d7024,poster,49,0.123066822842841,0.2580807595169548,4.4453497762580385,0.2943916510341935,0.5587975052279832,0.0039653153108393
qwen-3.5-plus,3,5d7024,poster,40,0.1658458260497954,0.2755968267605827,3.150592003605168,0.4328572867044488,0.6844314575022438,0.0935479217756939
qwen-3.5-plus,1,5eb5e5,desktop,38,0.6490209057431611,0.4809438933596706,0.8332117653735198,1.8919133448738603,0.8834432637689307,0.5487883327659682
qwen-3.5-plus,2,5eb5e5,desktop,40,0.3586858090894503,0.2957292572795759,1.5723893684624817,1.0258956394500265,0.7152578192479649,0.2684801676824536
qwen-3.5-plus,3,5e2ff9,mobile,35,0.4149277146526429,0.3954392917105311,1.7991346688764476,1.2862182895108414,0.7808935642871141,0.4087159714153226
qwen-3.5-plus,1,5ee443,poster,45,0.1876999580420509,0.4003142312736979,1.173276214343177,0.3988473370856251,0.6143298624859014,0.0205812291926256
qwen-3.5-plus,1,5e2ff9,mobile,40,0.6206520592488274,0.5223485353300785,1.1553595895157591,1.9203601393331284,0.8649759183226668,0.5626016696746329
qwen-3.5-plus,3,5eb5e5,desktop,40,0.4798875821520645,0.3511602849752634,1.4019092134230524,1.393847328658284,0.7819365463177804,0.4050414011831754
qwen-3.5-plus,2,5e2ff9,mobile,30,0.4805283710033272,0.4070456103152355,1.5455588833438647,1.4693205244739809,0.816791953709125,0.3898303434138411
qwen-3.5-plus,2,5ee443,poster,43,-0.0144241741043422,0.3361161844207523,1.370317366851834,-0.0675440810903669,0.504814500306409,-0.1278095171282411
qwen-3.5-plus,3,5ee443,poster,47,0.1524553071727075,0.3857706171491004,1.2549325161096894,0.2435429712767965,0.5767787512389596,0.0231172733500198
qwen-3.5-plus,2,5ea384,poster,40,0.1546916064170966,0.2957076285359691,2.474129151169735,0.4010958059172084,0.675876573905242,0.1564593646594725
qwen-3.5-plus,1,5ea384,poster,36,0.2384557467530652,0.322025090434674,2.7584790659265295,0.413827001403321,0.6976781062251487,0.2443190066770512
qwen-3.5-plus,3,5ea384,poster,40,0.2524351617736249,0.3526632526158468,2.5755162380231647,0.722736551560936,0.7059415944627482,0.2494914331844252
qwen-3.5-plus,2,5efd27,mobile,36,0.0513829490173677,0.3440375487717263,2.5587082978492335,0.1123334871195618,0.5946901524606024,-0.0302225090512363
qwen-3.5-plus,1,5efd27,mobile,35,0.0306419502296143,0.3421400194612098,2.815155926259008,0.1199133012431862,0.5878877571756588,-0.0535600610020116
qwen-3.5-plus,3,5efd27,mobile,36,0.1163297841617725,0.3865147365508904,2.1731175431420056,0.3171991599819191,0.6434264664473415,0.0410611477276055
qwen-3.5-plus,1,5f1d69,web,46,0.198888298528638,0.3263564153834115,1.978174257178316,0.4859036512453979,0.6431237068027519,0.0495893851279308
qwen-3.5-plus,1,5f07a6,mobile,40,0.0571905635846589,0.3235087988546098,2.6106205911484737,-0.1137254156011638,0.5159809763775625,-0.0849707358769184
qwen-3.5-plus,3,5f1d69,web,51,0.244804162111292,0.3785550029189573,1.420435757885277,0.5239864045270612,0.6971592482781204,0.0223053971658307
qwen-3.5-plus,2,5f1d69,web,45,0.1432892506048588,0.3071598601294264,2.203946391524183,0.3310987740557767,0.6276643837403744,-0.0184539797443062
qwen-3.5-plus,3,5f07a6,mobile,44,0.0249807719964783,0.3138306097466971,2.7449221295258224,-0.1451441958271107,0.4911013926479003,-0.0674266784711694
qwen-3.5-plus,2,5f07a6,mobile,41,0.0038234381551242,0.2953837410360119,2.7927825979153056,-0.2228830777804194,0.4706935937997223,-0.0694460177172683
qwen-3.5-plus,1,5fb771,web,49,0.0631204411771889,0.2996791683177674,2.750765289646379,0.1762457259392931,0.5534788596761995,0.0318149973745046
qwen-3.5-plus,2,5fb771,web,49,0.1285881653008471,0.3301855709005429,1.8092254518375752,0.3309377743585187,0.6154523829633041,0.1034414932567111
qwen-3.5-plus,3,5fb771,web,30,0.155882287050446,0.2829473683906775,2.4834181163072415,0.2107228850698676,0.6002250795925276,0.1385119056338193
qwen-3.5-plus,1,5fc8c2,desktop,45,0.4079627865555484,0.4609576965745457,1.1890765949689892,1.0153059698885245,0.7870252348006669,0.3564575478225231
qwen-3.5-plus,2,5fc8c2,desktop,39,0.4638423122162407,0.4616776568239871,1.1177093618658769,1.1309079198314789,0.7879932398221661,0.1715058823022879
qwen-3.5-plus,3,5fc8c2,desktop,30,0.4458150945126343,0.4825501109147184,1.0079600920890717,1.0900393075067003,0.8056493381951428,0.3741724167145738
qwen-3.5-plus,1,5f4902,poster,49,0.4963709408471098,0.4294408416935017,1.695793431659109,1.2687964288976337,0.8009714815781721,0.3874541657410287
qwen-3.5-plus,2,5fcb22,poster,47,-0.1057849704717416,0.20983692203588,4.353682763657548,-0.2750244617459033,0.4151284933042682,-0.1223051535761327
qwen-3.5-plus,3,5fcb22,poster,40,-0.0148059592468082,0.2164444204101594,3.0883536004847096,-0.0140424386049439,0.5332214204206466,-0.0310138586976282
qwen-3.5-plus,3,5f4902,poster,49,0.0794161964297359,0.2539410980489802,3.427053260608348,0.2285255761314798,0.6435649628440561,-0.0270884848053569
qwen-3.5-plus,2,5f4902,poster,49,0.2383140252685058,0.2939898084867804,2.9826867099493977,0.6923868212993836,0.7050200585734459,0.1563599439062169
qwen-3.5-plus,1,5fcb22,poster,40,0.086311739304072,0.2698920281715901,2.631067480510638,0.2835042960414007,0.576323124619067,0.01417971498218
qwen-3.5-plus,1,5fd00b,desktop,49,0.1492765978649036,0.2946302830870291,1.598695642734893,0.489288773136905,0.688838928227633,0.0208571419289925
qwen-3.5-plus,1,5f562b,poster,33,0.1352829785130186,0.2729113604670484,4.084367451121845,0.4518201908158052,0.5015697212226549,0.1547760426305874
qwen-3.5-plus,2,5f562b,poster,51,0.0557870137768392,0.2964552209689347,3.2364981099412846,0.224499028493834,0.5189143840627964,0.0525139868138894
qwen-3.5-plus,3,5f562b,poster,40,0.0516659813982152,0.2530504289325833,4.073682580790968,0.1574472546880729,0.4995616841555158,0.0522643796004588
qwen-3.5-plus,2,5fd00b,desktop,47,-0.0020647590895371,0.2499588081335285,4.085768027581898,0.0930345363657586,0.5435137329044192,-0.0178908290937525
qwen-3.5-plus,3,5fd00b,desktop,35,-0.0026057889630653,0.2134806500863132,2.1280637316016353,0.0457486735275912,0.5956123774411891,-0.0312470931549053
qwen-3.5-plus,3,5fe2ce,web,43,-0.0604427215529716,0.2606326088520914,2.213810359921364,-0.0523911264349545,0.4909485675290207,-0.014873708021402
qwen-3.5-plus,2,5fe2ce,web,46,0.1547294274913269,0.3608592935493792,1.5984648118339375,0.3116793311509709,0.629443092999277,0.0464694390344149
qwen-3.5-plus,1,5fe2ce,web,39,-0.0230874834035607,0.2780126843465533,2.554571264610816,-0.0321582420730363,0.4947523685348014,-0.0879562478801401
qwen-3.5-plus,3,60593d,web,40,0.1574738142575215,0.357662422839392,1.505071580073307,0.29110300891128,0.6192236680234,0.1025281949860514
qwen-3.5-plus,1,60593d,web,49,0.1308630437443269,0.3577857327920295,1.4220376905833132,0.2506837535152376,0.5889415323113653,0.014035141112788
qwen-3.5-plus,2,60593d,web,28,-0.0094331217264883,0.2758367650508645,2.3649532286167045,-0.0087434908295399,0.5661855157606251,0.010239344106846
qwen-3.5-plus,1,6047d3,web,40,0.29483611667346,0.395411880225026,1.4654608439823833,0.8460580963522621,0.7240458284360001,0.298208440354441
qwen-3.5-plus,2,6047d3,web,40,0.3202557432581168,0.4143524753558033,1.6366265150323305,0.9287238459752628,0.7391828474332588,0.3411759258123492
qwen-3.5-plus,3,6047d3,web,40,0.274294832546069,0.383983119470375,1.7062337254793454,0.8190133971881354,0.7283302515438074,0.3046069780356864
qwen-3.5-plus,2,609262,web,31,0.2720018615528533,0.3871697979762557,1.5544411674386482,0.6164050873467419,0.7370180460154369,0.1212622544484687
qwen-3.5-plus,1,609262,web,40,0.3051979239837101,0.4237906426072501,1.235807724762266,0.7769052412126873,0.7598965815659604,0.1071401308169455
qwen-3.5-plus,3,609262,web,40,0.3067947512070002,0.4122680297919044,1.2122455377102654,0.6846783124037407,0.7378221933453732,0.1513916556992876
qwen-3.5-plus,1,60ab80,web,50,0.3873135942108264,0.3779471569390758,1.2393887908470012,1.1052650050147468,0.7950320135729895,0.1955058531310889
qwen-3.5-plus,3,60ab80,web,46,0.3191823368124056,0.3421485981416702,1.3257456072033942,0.8204081240535668,0.7569773876394849,0.0758760953317162
qwen-3.5-plus,2,60ab80,web,57,0.3682608598802988,0.3498064625070619,1.297420643959831,0.9880862037022642,0.7747597449710791,0.1415606631138871
qwen-3.5-plus,1,605f70,mobile,45,0.1267114431413595,0.3767112901532714,1.7921254186326945,0.0984116592317581,0.5975177857026104,0.1270162194231
qwen-3.5-plus,2,605f70,mobile,44,0.1815716062070117,0.3798837585025335,2.0715246559734704,0.1666295291843763,0.610149303321909,0.1752428952256141
qwen-3.5-plus,1,60caa9,web,40,0.326891022820951,0.3352559287729795,1.3833678691497926,0.7112775248356663,0.7036925090750846,0.2321069442090581
qwen-3.5-plus,2,60caa9,web,42,0.3542908814180006,0.3219145343938849,1.5317020303770486,0.7723138791063159,0.6728140540885093,0.3419740737937181
qwen-3.5-plus,3,60caa9,web,35,0.3170298485688038,0.3206192808212083,1.585165303854233,0.6953255878444514,0.6962005583731578,0.2756873453653822
qwen-3.5-plus,3,605f70,mobile,47,0.1020099228152012,0.3967536635702906,1.8349334288250128,0.2998965636515222,0.6000600055559939,0.1046127697238382
qwen-3.5-plus,2,60b012,mobile,48,0.4731080845786688,0.4557354550403248,2.1768412182704613,0.9225402267851864,0.72971787468824,0.4591668587453738
qwen-3.5-plus,2,60fd02,poster,40,-0.0456399570543089,0.2405276649996078,4.936873243161976,-0.1718814092211144,0.4361306974623699,-0.1265774050877088
qwen-3.5-plus,3,60b012,mobile,48,0.5409450128081542,0.5175680519762512,1.2827150560811549,0.9223232182303992,0.7348790219316278,0.4989226540875699
qwen-3.5-plus,1,60fd02,poster,33,-0.0676659813241586,0.1965960035083956,5.520960821261567,-0.1537718051934921,0.4109073952177981,-0.1106199189028674
qwen-3.5-plus,3,60fd02,poster,41,0.0681202359906983,0.2979665454424571,4.874294434912495,0.2151669575333042,0.5078123349684333,-0.1826090250200226
qwen-3.5-plus,1,61707e,web,42,-0.1416740322183233,0.1987429657525829,2.593231235886198,-0.2385608837622725,0.4333990071403337,-0.1554775502122965
qwen-3.5-plus,1,60b012,mobile,41,0.504116590886432,0.4803994793728055,1.7330808049164788,0.779977572422351,0.7021970165281743,0.4969288097587347
qwen-3.5-plus,2,61707e,web,50,-0.0773104202511226,0.2539794391939208,3.881421187126162,-0.0587034758677059,0.4905715421493316,-0.2344706344150254
qwen-3.5-plus,3,61707e,web,38,-0.1318669299728576,0.1779531750208996,2.778400784868009,-0.292990238780741,0.4231030374020019,-0.1211941033433225
qwen-3.5-plus,1,6177fb,desktop,45,0.3267540935656194,0.3596590462586431,1.4785045758321806,0.797292795328872,0.7383269416870448,0.3324905169274447
qwen-3.5-plus,2,6177fb,desktop,45,0.1363820695046579,0.2932697630260452,1.6247770098335923,0.3745015024327716,0.677741731086462,0.1269615428965499
qwen-3.5-plus,3,6177fb,desktop,72,-0.1718963441745377,0.2269107561300204,2.652826775282166,-0.3992316281874051,0.3975610135739152,-0.2850484869736098
qwen-3.5-plus,2,614eae,mobile,31,0.0544097135706307,0.2356607411399708,3.8374560185026936,0.145931965702057,0.4905623627695122,0.0711246726761007
qwen-3.5-plus,3,614eae,mobile,48,0.1142062540689519,0.2876236729787641,3.742562331729338,0.3904526388805712,0.497158840591285,0.0859603440956665
qwen-3.5-plus,1,614eae,mobile,30,-0.047323210453104,0.1690692183648484,5.551525087665159,-0.0402400788892885,0.4100857983886997,-0.0070584959152201
qwen-3.5-plus,1,6193f8,web,61,-0.0017157338740888,0.4114006424496939,1.7177441454628062,0.0517049167476629,0.5187589830866604,-0.1803101743992516
qwen-3.5-plus,1,61a9f0,desktop,91,-0.0063331785508338,0.2602926877182113,1.8045606412556716,-0.0654981413345658,0.476007572556478,-0.2061912171098712
qwen-3.5-plus,2,61a9f0,desktop,50,0.3616030431095079,0.4090589427271379,1.2122074382247905,0.6884344280359705,0.7188021096589134,0.2738764187303308
qwen-3.5-plus,2,6193f8,web,48,-0.0183238281992846,0.3175564087041673,2.5382046095667534,0.030156182615686,0.5273067388268066,-0.1077133006524879
qwen-3.5-plus,1,61a325,web,41,0.0616839040616633,0.3178227047030735,2.2513640716556504,0.119907178591739,0.5552626349975187,-0.0091096718652499
qwen-3.5-plus,3,61a9f0,desktop,40,0.1626371740975156,0.334944271088371,1.7076699967003244,0.5099712370261681,0.6641451899671176,0.0559676797331262
qwen-3.5-plus,2,61a325,web,46,0.133183982754744,0.3512951789210548,1.9989830579539247,0.2779624764533114,0.5808725727471823,0.0595209300163013
qwen-3.5-plus,3,6193f8,web,50,-0.1822958461421842,0.2396531564373642,3.7998639037993778,-0.2296911639578716,0.4230274530286075,-0.1164036440383661
qwen-3.5-plus,3,61a325,web,40,0.1303675677499434,0.3347311996178062,2.06413242684143,0.2950817400852453,0.5905066802968645,0.048989075055201
qwen-3.5-plus,2,623ccb,mobile,40,-0.1665094122783183,0.3177179434192204,2.201241588176616,-0.2836214004824135,0.4005472621651925,-0.2486219116773676
qwen-3.5-plus,3,623ccb,mobile,40,-0.0515892981859595,0.3407994648131668,1.6529600514398055,-0.0115282182644464,0.4903812753686487,-0.169987395398906
qwen-3.5-plus,2,61ea3d,desktop,52,0.0932827322932894,0.2066679160687762,2.982519524343721,0.3121200578630885,0.6531193891388639,-0.0181368905637333
qwen-3.5-plus,1,623ccb,mobile,51,-0.1485032876808931,0.28083610081207,2.0136725458809988,-0.2559851832439994,0.4636777653846736,-0.163560273011403
qwen-3.5-plus,1,61ea3d,desktop,45,0.4255535716126621,0.3684790602414389,1.3310064936459565,1.2585191611921538,0.790087097284504,0.4027764928516607
qwen-3.5-plus,3,61ea3d,desktop,50,0.4005027958328747,0.3753894467569323,1.2742166393436296,1.188537209369646,0.8203747014631599,0.3785331388072823
qwen-3.5-plus,1,628715,desktop,46,0.4311911355558885,0.3926906394930183,1.1259166439624797,0.969676240540523,0.7928321237439219,0.1611989255770483
qwen-3.5-plus,2,628715,desktop,35,0.4222511648392256,0.423823049671745,1.106718584352699,0.8905093924253144,0.7459571361622801,0.183795364202388
qwen-3.5-plus,3,628715,desktop,46,0.3251681185081765,0.3628236041341245,1.2102175914879518,0.7298717140108257,0.7222758769723043,0.0313403687560957
qwen-3.5-plus,1,61e6d0,mobile,32,-0.0250052729409596,0.2552827668012051,3.6978004639600215,-0.1557231191120521,0.4502487447828146,-0.0969232036437942
qwen-3.5-plus,2,61e6d0,mobile,49,0.0155245215918548,0.3155016359322009,2.8888715541108354,-0.2065127302092547,0.4903195883018884,-0.0967676244796157
qwen-3.5-plus,3,61e6d0,mobile,51,-0.068527660705664,0.270420208429299,3.544741630858309,-0.2886917142044778,0.4109867868892347,-0.1631433705621913
qwen-3.5-plus,1,6294a2,desktop,50,0.5425021604157798,0.5298399009869552,1.0052766186398487,1.1706811434617743,0.7730924975730487,0.5271664346244318
qwen-3.5-plus,1,624c91,mobile,47,0.136031032035113,0.3295691671716117,2.1278434423874404,0.1173236192549646,0.6054916875981153,0.001248095765612
qwen-3.5-plus,2,6294a2,desktop,37,0.5044081121778642,0.5045832566264798,0.8663014719498703,1.036438911004068,0.7748542198323638,0.3851411268370093
qwen-3.5-plus,1,62f428,mobile,31,0.7245959142421827,0.627867079179113,0.7600709629275605,1.3429791844453776,0.7824071029265948,0.626117454453024
qwen-3.5-plus,3,624c91,mobile,30,0.1853477263516856,0.3307573984433309,2.909214056360089,0.3062101077505533,0.6108933448533371,0.0500418038732571
qwen-3.5-plus,2,624c91,mobile,40,0.0578522902157036,0.296973800444428,3.065540530121292,0.1174207810823159,0.5837436222888696,-0.0858239981790852
qwen-3.5-plus,3,6294a2,desktop,30,0.348557067730771,0.4380685906633574,1.2053282008757606,0.7366533722830859,0.7008822283718911,0.3266938064279012
qwen-3.5-plus,2,62f428,mobile,46,0.8684809225279966,0.7298357871095174,0.4245072436184456,1.6038593230901668,0.8303891065450145,0.832942288370301
qwen-3.5-plus,3,62f428,mobile,44,0.7931540216214712,0.6634138936880567,0.8949107899144595,1.4975364528546924,0.7856005566595632,0.7754742062090627
qwen-3.5-plus,1,628c6e,poster,35,-0.0109134337235524,0.1981960906039847,5.963813724809359,0.0627443020663502,0.3650548221109868,-0.0213140101827037
qwen-3.5-plus,2,628c6e,poster,30,-0.0461025070387993,0.1737213952874741,6.1856761176340305,-0.0901979305694311,0.3495028847092647,-0.0644036451873544
qwen-3.5-plus,3,628c6e,poster,43,-0.0350809791329367,0.2395864898151794,3.5423558063919236,-0.0570334101572641,0.4687385943394191,-0.0675571047628754
qwen-3.5-plus,1,631570,desktop,49,0.3269896856842613,0.4521134482150731,1.1678239515801707,0.5786510985424639,0.6484361322957666,0.1778113455684423
qwen-3.5-plus,2,631068,web,50,0.2674823389948215,0.3518224056605615,1.3745128005843736,0.6335087224263889,0.7545801438795244,0.161597737818808
qwen-3.5-plus,1,631068,web,45,0.2305615374261639,0.3187298941318437,1.6267454185949164,0.5144291049163061,0.7013167593302276,0.1813965932181777
qwen-3.5-plus,2,631570,desktop,40,0.3690250219013957,0.451434328108197,1.3396679516910768,0.5320409937151721,0.6471927597388182,0.2421319342182403
qwen-3.5-plus,3,631068,web,48,0.1634750034705081,0.2940653521500357,1.8214878964108747,0.358399780468632,0.7111853070613001,0.1221867402102338
qwen-3.5-plus,3,631570,desktop,40,0.2544450032889925,0.4224924366883628,1.4074718382211262,0.4438774040867346,0.6374650317863741,0.1043870025747632
qwen-3.5-plus,1,63508a,web,30,0.1353566266804148,0.3616287162136251,1.993700705263927,0.2283328723558827,0.6319636292934562,0.1495125419015883
qwen-3.5-plus,3,63508a,web,40,0.2321025882707252,0.3984284093179325,1.2699362607193605,0.395849500273117,0.6711133901318473,0.216101019245837
qwen-3.5-plus,2,63508a,web,31,0.2435256614557298,0.403130302635357,1.364008165516321,0.4792508190842235,0.6876378147610445,0.2288311796217286
qwen-3.5-plus,1,62fedf,mobile,40,0.0866229978857571,0.3187222229725391,2.7764168619399405,0.2760353210812754,0.5448088612939357,0.0885245498170769
qwen-3.5-plus,2,62fedf,mobile,32,0.165263252924383,0.3592045057141548,2.424241082495427,0.3637997596250156,0.611786447119586,0.1037333361436686
qwen-3.5-plus,3,62fedf,mobile,40,0.2046310026708163,0.3859627860666466,1.9266265999437948,0.5004144818087279,0.6418216898914538,0.1212036581065903
qwen-3.5-plus,2,641719,poster,38,0.0331168158518092,0.3202273473120574,1.639309717927719,0.1413688303443769,0.5311598680875129,-0.0172188568366286
qwen-3.5-plus,1,641719,poster,46,0.1844605251660141,0.3561442286725027,1.730518795799476,0.3970871030295422,0.5976196325533027,0.0366651357334704
qwen-3.5-plus,3,641719,poster,40,0.0127270333083338,0.3076337589393583,1.645044466527003,0.0968182314957207,0.543356629776663,-0.0092337501062034
qwen-3.5-plus,1,63de16,web,52,0.233408862387668,0.3141267619559643,1.8820501614980545,0.6323365154061509,0.750890787967214,0.2633451888037241
qwen-3.5-plus,2,63de16,web,37,0.291786352790891,0.3433521951806643,1.5979863790999622,0.7687755905866692,0.7751748591822036,0.306560417019954
qwen-3.5-plus,3,63de16,web,50,0.2345103558112845,0.3054459347095293,1.5972245491020738,0.6665333347684518,0.7502235655335517,0.2047877130463968
qwen-3.5-plus,1,63aef5,poster,40,0.3859809846029529,0.4257283871282802,2.404794981198495,0.7952008478206596,0.7128647335670196,0.2374693003681805
qwen-3.5-plus,2,63aef5,poster,49,0.3418809312281206,0.3903418013752008,3.547005518468393,0.721685145135835,0.6007659445518724,0.1676185576624862
qwen-3.5-plus,3,63aef5,poster,48,0.3504282140551017,0.4369754072511973,2.323490479406509,0.6198846740462252,0.6669687601689603,0.1602440812575414
qwen-3.5-plus,1,6428b2,web,40,0.1826981593416525,0.2945470594523809,2.1674476852467306,0.4176228567372146,0.6117592720922521,0.0967311641510302
qwen-3.5-plus,2,6428b2,web,40,0.31802215883867,0.3222697080997084,1.8352187172913657,0.8110250619034483,0.6840237880553578,0.3360048877605218
qwen-3.5-plus,3,6428b2,web,92,0.391223201403773,0.3538062727801297,1.2965042485177545,1.1033993291031952,0.8089107654550156,0.2274339121747619
qwen-3.5-plus,1,6457e0,desktop,48,0.0951178387176718,0.2385860955627307,2.539900925391198,0.169803844305647,0.5842241090272435,0.0915705460367227
qwen-3.5-plus,3,6457e0,desktop,50,0.170382554037342,0.2775735901675071,1.8664214805088044,0.5029038986675556,0.6606480536874437,0.2164641254566016
qwen-3.5-plus,2,6457e0,desktop,45,0.0110106103519704,0.2098418235604289,3.537506899664031,-0.0710404499986498,0.515491618445011,0.0105549420675723
qwen-3.5-plus,1,65576e,poster,48,0.1961063705556002,0.3883724552150538,1.5690007725527102,0.4111581172888159,0.6067536634457938,0.1679864273204993
qwen-3.5-plus,2,65576e,poster,44,0.1898954720457707,0.3853347152641602,1.21161215834315,0.4011693202197856,0.6379312578882042,0.1582000658341228
qwen-3.5-plus,3,65576e,poster,40,0.3218931659131822,0.453701402850267,1.3966161080912616,0.6962218662363076,0.7055456715156494,0.1633248787982057
qwen-3.5-plus,1,658f2d,mobile,46,0.5834360449520695,0.5127984139591388,0.8106222135977915,1.3928212635939183,0.836906996902312,0.2929676357289835
qwen-3.5-plus,1,6581b4,desktop,46,0.4807187751103856,0.3599656376259038,1.5144492867119024,1.3666768412148669,0.7765268051180273,0.3566196126236275
qwen-3.5-plus,2,658f2d,mobile,49,0.6011857102638749,0.5012334157671073,0.7820412053632633,1.5194176187031734,0.8675509264487303,0.2463847788210068
qwen-3.5-plus,3,6581b4,desktop,50,0.6724787487698352,0.4874086136046877,2.0518683683433965,1.8744561146287535,0.7457882306473658,0.6222222204176199
qwen-3.5-plus,3,658f2d,mobile,40,0.6247270014823723,0.510845936048953,0.7998455687185343,1.4354302933973029,0.8247347591414591,0.3494600727101551
qwen-3.5-plus,2,6581b4,desktop,57,0.094474488174579,0.2470366799197464,2.631895468712246,0.3555271975134114,0.589277117658357,-0.0002629420026394
qwen-3.5-plus,1,65a2cf,poster,50,0.2293561051849982,0.2943671956618338,1.7804867863287188,0.7069223941465792,0.6900763897497036,0.1341004982345591
qwen-3.5-plus,2,65a2cf,poster,50,0.2810014037318893,0.3018481668650969,1.5900185679445755,0.7538310388703002,0.719220433502785,0.1751576332133128
qwen-3.5-plus,3,65a2cf,poster,40,0.2837998717898826,0.3165367250267401,1.6508575985542375,0.8705921385543793,0.7127054575274816,0.2334316039678516
qwen-3.5-plus,1,65b50e,web,41,-0.0387464045799153,0.3100627613463074,3.8434440684326,0.0067979805195219,0.485621451612904,-0.0448022134080216
qwen-3.5-plus,2,65b50e,web,36,-0.024580459189569,0.3102976215974444,3.576335333202732,-0.0188663395463882,0.4780191834896257,-0.0484934772509248
qwen-3.5-plus,3,65b50e,web,40,0.1949839659862631,0.3991284548661816,1.4190289292166034,0.3706307105090051,0.6060004154434937,0.1594534504778301
qwen-3.5-plus,1,66058d,web,49,-0.0277267502209306,0.2235299706856756,2.821985890137161,-0.093544379995479,0.5753027810709225,-0.1153967661992064
qwen-3.5-plus,3,66058d,web,50,0.2043101949158658,0.3647199289286393,1.6668832903032005,0.6581617182901405,0.709861595628961,0.0555753063342556
qwen-3.5-plus,2,66058d,web,49,0.1605799859346178,0.3047890534393805,2.062173863630797,0.5926922014342494,0.652810021808471,0.0487483496513202
qwen-3.5-plus,1,660b15,web,37,0.3643714558213931,0.4183452837776459,1.3247441537067797,0.9054896932408496,0.7451616539562259,0.3443931795733758
qwen-3.5-plus,3,660b15,web,50,0.3992218632150499,0.4336958040424935,1.1096032844414685,0.9980472542108478,0.7459446428082216,0.390213485806226
qwen-3.5-plus,2,660b15,web,38,0.2390752801838312,0.3641934262279137,1.4278910123605295,0.6215345885527859,0.7045325631920615,0.1864249819895721
qwen-3.5-plus,1,647100,poster,46,0.0692832532606019,0.2526987171736097,3.965289410592605,0.0588065419306491,0.5811904046054228,-0.030441732562865
qwen-3.5-plus,3,647100,poster,40,0.0668074984375169,0.2222620387055964,4.553638597295684,0.1047934547114439,0.5345682841111137,-0.0335569159064122
qwen-3.5-plus,2,647100,poster,39,0.0557295018878205,0.2352984572940312,4.3900797749382185,0.1294846596178519,0.5546091764821498,-0.0537986281383285
qwen-3.5-plus,1,661898,mobile,40,0.429032988268951,0.4463762808843432,1.4147609489622854,0.893863193085068,0.7524765863202885,0.3644257461530878
qwen-3.5-plus,2,661898,mobile,48,0.4148857856156282,0.449619937689367,1.2723903227423736,0.9179076928251286,0.7423892678720989,0.3415576550596781
qwen-3.5-plus,3,661898,mobile,44,0.168673200234958,0.3424747892292841,2.0527512530629872,0.2892321409111524,0.634028336159686,0.1069749481289908
qwen-3.5-plus,1,661e84,mobile,40,0.0280308857435038,0.239073340250243,3.6347124046311063,0.1134808444531997,0.5388380427704585,-0.0480367307457776
qwen-3.5-plus,3,661e84,mobile,40,-0.0402700961605449,0.1985909864030717,5.347745714647457,0.0011284673051349,0.457222051220878,-0.0648221911779278
qwen-3.5-plus,2,661e84,mobile,45,-0.0660215383699446,0.2005631001393291,5.349938437646471,-0.1260315284018928,0.432234339182143,-0.186725363473952
qwen-3.5-plus,1,6628d7,mobile,42,0.3077995724572058,0.3748869726323067,2.1742424157561455,0.4798334475192843,0.636446071295301,0.3359656089107922
qwen-3.5-plus,2,6628d7,mobile,45,0.168945957895778,0.307287163176859,3.039329929141321,0.2661139939591083,0.5704090903974312,0.2254426765432264
qwen-3.5-plus,3,6628d7,mobile,37,0.3535889382722163,0.3924353640482665,1.894220169760711,0.523691193372603,0.645379538365424,0.3689559984005936
qwen-3.5-plus,1,665c4e,poster,46,0.1543358330265404,0.2698660918758777,5.1429067357928435,0.4154300079594208,0.4777666018589504,-0.0070856294324116
qwen-3.5-plus,1,669937,desktop,40,0.4924550476288835,0.3611818917143188,1.5806868318934442,1.0903689464435653,0.739215320034122,0.4918919182129646
qwen-3.5-plus,2,665c4e,poster,48,0.4219133453877067,0.4184586626076494,2.571682383930701,0.9338904718071716,0.7249682263893499,0.3062573641967171
qwen-3.5-plus,2,669937,desktop,46,0.1690556985225862,0.245293008162018,2.1549922341283594,0.3095845404575399,0.6177861003342789,0.1438831839671859
qwen-3.5-plus,3,665c4e,poster,40,0.4703778750398544,0.4854832996718635,2.274733349824818,1.0150360675238566,0.7282188409198731,0.3246463049770574
qwen-3.5-plus,3,669937,desktop,48,0.2199096229780557,0.2605151011865821,1.9405136250405812,0.5376953034397897,0.650892786624415,0.2310334247181749
qwen-3.5-plus,1,66935b,mobile,49,0.3775835101730903,0.4535171073906111,2.1738225982425767,0.6104091429599527,0.6580031710222765,0.4152873162689053
qwen-3.5-plus,1,67225a,desktop,55,0.1810633658595056,0.3454290059535604,1.455509880479965,0.5053808203478345,0.7133135934364605,-0.143900408501974
qwen-3.5-plus,2,66935b,mobile,50,0.3764894847853409,0.4823826285790141,1.4826243576737608,0.7612766323440221,0.6946885070679286,0.3255710611803945
qwen-3.5-plus,3,66935b,mobile,46,0.4435400605162524,0.4977025048939294,1.909135610630144,0.7848438587779143,0.6898219705608921,0.4318664520592319
qwen-3.5-plus,2,67225a,desktop,50,0.2627245670155428,0.3879708343356313,1.1534904187218458,0.673839850859939,0.7511879549731558,-0.0790122450271627
qwen-3.5-plus,3,67225a,desktop,30,0.0852763440971051,0.2831653693895279,1.9240465628205192,0.2280803090087035,0.6552082862181121,-0.2115289953544717
qwen-3.5-plus,1,66b3ff,mobile,35,0.422066601251293,0.404915423596709,1.81443999370956,1.704993227637441,0.8623306147619866,0.2528063512865523
qwen-3.5-plus,2,6722bc,desktop,40,0.1420968921497262,0.3686244000024774,2.061654771220698,0.2934009710349487,0.6408110521073774,0.086595382804958
qwen-3.5-plus,1,6722bc,desktop,50,0.0825776698323382,0.3277580905470766,1.6211095924055694,0.1943723546755277,0.5910287081144232,0.0651644778161862
qwen-3.5-plus,3,6722bc,desktop,40,0.1593690131243608,0.3632274759122117,1.7316926126783456,0.3790796146462868,0.6201230011229827,0.1367554246538674
qwen-3.5-plus,3,66b3ff,mobile,34,0.587307179871355,0.5001926894558533,1.3260111092639624,2.2634308864788553,0.8809315027141734,0.4088433564860214
qwen-3.5-plus,2,66b3ff,mobile,40,0.3975383465514443,0.3464179507017697,1.848633789563442,1.417445751027124,0.8097683471373497,0.1626900477179398
qwen-3.5-plus,1,6763e2,poster,30,0.1288866067061922,0.3292842043003129,3.1701037462105637,0.1959929493325473,0.5631817859077323,0.0455251781936721
qwen-3.5-plus,3,673d4f,poster,40,0.3002073458073066,0.4230408856609876,1.94702933130276,0.5369134902276798,0.6985196631658053,0.3053901428367872
qwen-3.5-plus,2,6763e2,poster,40,0.2116047466817532,0.3833522405955536,1.81709029021874,0.2593773309448393,0.6403859996584624,0.2057552542712787
qwen-3.5-plus,1,673d4f,poster,30,0.1196805238956021,0.2752072364468073,4.420838563696392,0.2519837052724683,0.5451647321601165,0.1580307292533924
qwen-3.5-plus,2,67522f,mobile,41,0.4268275722232627,0.4416605848131163,1.823503703330464,1.0273398404367011,0.8009290773286889,0.3923353744825651
qwen-3.5-plus,1,67522f,mobile,40,0.4203247614146083,0.4598106536894851,1.3974802206846133,1.0577021485928393,0.8271189497620065,0.3387423538300562
qwen-3.5-plus,2,673d4f,poster,40,0.2438140740130153,0.34726625562395,3.8957304227507783,0.4315319142775363,0.5571909800543635,0.2448325613391827
qwen-3.5-plus,3,6763e2,poster,30,0.0658877744087115,0.2941637874860308,3.766514717358645,-0.0612512229112964,0.4565569095988286,0.0345572126490762
qwen-3.5-plus,3,67522f,mobile,34,0.4346920724682198,0.4528907901960333,1.5547289794415935,1.1550212355890026,0.8237559925747413,0.3783079526646872
qwen-3.5-plus,1,685482,desktop,49,0.2318943437050688,0.3111945952782122,1.6592901512868534,0.6144073935416984,0.6909277823649589,0.1698626062247167
qwen-3.5-plus,2,685482,desktop,56,0.3425119497860193,0.3288121909671685,3.35262793976925,0.7846354958055135,0.6650254912975738,0.2344722246881151
qwen-3.5-plus,3,685482,desktop,56,0.3425119497860193,0.3288121909671685,3.35262793976925,0.7846354958055135,0.6650254912975738,0.2344722246881151
qwen-3.5-plus,2,689a18,web,49,0.0938048295998787,0.2254957127354545,2.946155079076125,0.2167207015718486,0.7047653023527228,-0.1196502383634206
qwen-3.5-plus,3,689a18,web,38,0.1656842948777478,0.2530105670753909,3.1452668755692654,0.4246532165060068,0.7036257546932018,-0.0447953091088849
qwen-3.5-plus,1,689a18,web,50,0.1765257605002466,0.269019344517952,2.667464277839436,0.4590827951566925,0.7146784865544549,-0.001917465353017
qwen-3.5-plus,1,6975a8,poster,45,0.6056498960651364,0.542241674780314,0.6842501237114977,1.1966081945955989,0.8133233068591098,0.5923084454111004
qwen-3.5-plus,2,6975a8,poster,48,0.5605458216020458,0.5274850158808693,0.7439391396098505,1.1067853401348569,0.8036673988139131,0.5436819968333072
qwen-3.5-plus,3,6975a8,poster,48,0.5481596947275469,0.5152239188577525,0.8112601809772582,1.0279002235774328,0.7829719756738136,0.5285184307495526
qwen-3.5-plus,1,698985,desktop,46,0.2329161385551549,0.4068184120313191,1.3206107716410047,0.2884486210463393,0.5668350366728547,0.2174497534223781
qwen-3.5-plus,2,698985,desktop,47,-0.0317564494366269,0.3560965367372168,1.5621600611819988,-0.0601019850082848,0.4929110039437958,0.1740787219821464
qwen-3.5-plus,1,699734,poster,50,0.4622716387680114,0.5195361361003191,0.778655103243195,0.8152662914778251,0.7300559988159743,0.4189001305168011
qwen-3.5-plus,3,698985,desktop,47,0.1163355657858384,0.3887615891162654,1.4636559695304336,0.1730737748286277,0.5359908445274819,0.1436525738605627
qwen-3.5-plus,1,6915dc,mobile,50,0.1211190933931139,0.2668394791236975,2.1588421767945905,0.3238892402682661,0.6942484234315519,0.1304421577220707
qwen-3.5-plus,2,699734,poster,50,0.5434860277025717,0.5385119424742828,0.6892287616423405,0.9457649875046432,0.7658315315985795,0.5034995148964302
qwen-3.5-plus,3,699734,poster,38,0.5300005612420182,0.5526155102920616,0.6848002536825943,0.9270332949545812,0.7607853447942343,0.4815532680128146
qwen-3.5-plus,1,68d170,poster,48,0.270708955342676,0.3378704059306293,1.9736718980679948,0.7834127482739535,0.740579306899964,0.2565012782741791
qwen-3.5-plus,2,68d170,poster,41,0.3688525336021991,0.365875172479558,1.530117924892764,0.9293209512553298,0.7631151405548071,0.3724991371622783
qwen-3.5-plus,3,68d170,poster,48,0.0683898968267778,0.2131465343151171,6.219196401312188,0.2524936369202787,0.4081995702574377,0.0499603491276611
qwen-3.5-plus,2,6915dc,mobile,33,0.3732194048674448,0.3568866203825752,1.821560262136647,1.21104989832008,0.7872338809929256,0.3769751488309031
qwen-3.5-plus,3,6915dc,mobile,48,0.403679647079748,0.3688965201878581,1.7770632180258452,1.1303436119579655,0.7802831977365138,0.3928396504669622
qwen-3.5-plus,1,69b497,poster,44,0.3920148337232816,0.4643597492350797,1.118918472913376,0.6744758633136587,0.6748323058802902,0.1426641328854908
qwen-3.5-plus,2,69b497,poster,35,0.2834211327982955,0.4266580723490095,1.2309996704582906,0.5873207219110761,0.6561866093852922,0.098375898120654
qwen-3.5-plus,3,69b497,poster,40,0.2468681011850328,0.4094046649006788,1.3767018786871092,0.4289540742822243,0.6334933194917884,-0.0552197538051451
qwen-3.5-plus,1,69a8c4,web,66,0.0850702198957109,0.3594980171033116,2.546011589307335,0.2581810712807537,0.5529149479991545,0.0265940362196934
qwen-3.5-plus,2,69a8c4,web,60,0.0954707990519066,0.3606581595717911,2.7696815139655557,0.2211561436085258,0.5475364770965365,0.0375181724515232
qwen-3.5-plus,3,69a8c4,web,51,0.1334164006210287,0.3774471563128154,2.602565993906522,0.344670235762135,0.5787812694125146,0.0780472711414446
qwen-3.5-plus,1,69ba30,mobile,43,-0.0275421232446404,0.2475442705764294,1.805502900424252,0.040940266055983,0.5778110042420351,-0.2913202246075101
qwen-3.5-plus,3,69ba30,mobile,45,0.1438073862683289,0.3135985922217403,1.776749453256547,0.3768741983412769,0.5934307591661089,-0.1933563802828654
qwen-3.5-plus,2,69ba30,mobile,50,0.077491756057719,0.3083913099219219,1.9409813715310436,0.2354198113185072,0.5562000810083982,-0.110069543792917
qwen-3.5-plus,1,69cd24,desktop,48,0.327116768641892,0.4269599954709751,1.050432684319944,0.6209459294138305,0.6929462516792662,0.1958557931948346
qwen-3.5-plus,2,69cd24,desktop,38,0.4051532965412995,0.4501134840783124,1.1038673755975612,0.7523626486418237,0.723171457741456,0.3390091328878443
qwen-3.5-plus,3,69cd24,desktop,40,0.3549100958544078,0.452719414846252,1.0464089146722078,0.7014594805400142,0.7122426527274106,0.2707464054785761
qwen-3.5-plus,3,69a953,mobile,49,0.2973074791050966,0.36660371989975,3.079370377841489,0.4758529555793669,0.7051196940615796,-0.0343107771584951
qwen-3.5-plus,1,69a953,mobile,31,0.1240810781004049,0.2658533325041446,3.848038565273602,-0.002469935740404,0.6193117170228649,-0.1687155830549334
qwen-3.5-plus,2,69a953,mobile,31,0.2564024756595646,0.344315117709045,3.2353181463140857,0.4045351797057487,0.6863384538361367,-0.0318488445410504
qwen-3.5-plus,1,69df54,mobile,34,0.2488956219930069,0.3295007710373464,3.817119414972,0.4881193403410921,0.5944095306983699,0.2447406668166517
qwen-3.5-plus,1,6a889e,poster,49,0.2560384058895801,0.4451984973403978,1.226300694118997,0.556608537932181,0.6561311436960723,0.264030511445125
qwen-3.5-plus,3,69df54,mobile,48,-0.0204953330925306,0.2628299793244142,4.327739955701243,-0.0927399273710052,0.4518268541654987,-0.1079720836452396
qwen-3.5-plus,2,69df54,mobile,40,-0.0144536689576168,0.1940914652162798,6.036953806665612,-0.0087445275183363,0.3438864511756562,-0.1147164388109865
qwen-3.5-plus,2,6a889e,poster,46,0.5180228777318258,0.4933997459339059,0.94275847454844,1.0574905405369617,0.7784543412968321,0.4848665150232435
qwen-3.5-plus,3,6a889e,poster,45,0.5714154441861188,0.4961132166993259,0.8435408100377227,1.192482110016024,0.7951135424750314,0.5522600956217311
qwen-3.5-plus,1,6a4f04,web,40,0.2193314034066431,0.2374662961284839,2.676245181301355,0.5951809588520529,0.7096751563613997,0.1553380483107574
qwen-3.5-plus,2,6a4f04,web,40,0.471668983108502,0.3248925928238286,1.690044735732375,1.8586782754811693,0.857037563040711,0.4331869761137696
qwen-3.5-plus,1,6a7b1c,poster,43,0.1098908195180161,0.3371403049561025,3.1980183425845827,0.1175390370029747,0.5888425466616318,0.1270353514306227
qwen-3.5-plus,3,6a4f04,web,40,0.3965097424357436,0.3015466542413685,2.41131493175717,1.2405877830667056,0.8090331494612469,0.3582552088636558
qwen-3.5-plus,3,6a8c97,desktop,50,0.3833623496329995,0.391636469585763,1.209411267907926,0.7444443337651112,0.7172142752658401,0.3617895830369761
qwen-3.5-plus,1,6a8c97,desktop,48,0.2329639229436633,0.3457424962844895,1.615708290355779,0.5130456345315983,0.636708572563047,0.2027822388537967
qwen-3.5-plus,2,6a8c97,desktop,50,0.2649050072926756,0.3655919170109145,2.1165127843122407,0.5371589342158684,0.7033299347161494,0.2303778299460044
qwen-3.5-plus,2,6a7b1c,poster,48,-0.0375772060478112,0.3022490629843609,3.2133511825432484,-0.1133863541548921,0.4989312014563225,0.0062290681748301
qwen-3.5-plus,3,6a7b1c,poster,48,0.0745012816100434,0.3535738615872967,2.665764829333318,0.003154514567428,0.5344742162146683,0.0756931484180229
qwen-3.5-plus,1,6aa903,poster,35,0.2087988147879419,0.2417047168381237,1.921072365193104,0.5896732330765114,0.6867601424133408,0.1212022134912702
qwen-3.5-plus,2,6aa903,poster,36,0.239035744149067,0.2450361600843244,1.8789901366223465,0.6866211344281131,0.6918103501012698,0.1353621055693518
qwen-3.5-plus,3,6aa903,poster,35,0.2034219765800543,0.2385250352199547,1.9372781790913312,0.5739918344576196,0.6842990878453469,0.1275444156412468
qwen-3.5-plus,3,6af818,mobile,40,0.442297549070046,0.4345528852891741,1.5289857512786336,1.226731381994444,0.8203058230054222,0.3028549824101426
qwen-3.5-plus,2,6af818,mobile,40,0.4919467833656173,0.444974299853644,1.2404899269669898,1.427369887599789,0.8117045819313999,0.3640045913029958
qwen-3.5-plus,1,6af818,mobile,47,0.6845621449893481,0.5832603554703553,0.6995272029578135,2.074373411469016,0.8852532092370254,0.5923217662018535
qwen-3.5-plus,1,6afc6f,mobile,40,-0.0463162806838483,0.2346638311852916,3.859376944666785,-0.1123603670681492,0.4738382222678957,0.0303600217777541
qwen-3.5-plus,1,6b173a,poster,52,0.1997259427376362,0.2624482687456889,3.1036934451370835,0.4141769643070287,0.6399397973188861,0.2642845097324845
qwen-3.5-plus,2,6afc6f,mobile,46,-0.0048070738497584,0.2783898856740027,3.663832608843106,-0.0586957169975995,0.4948470861034809,0.0948950330497444
qwen-3.5-plus,2,6b173a,poster,49,0.3011880995929817,0.3884010365081023,1.6071094627007176,0.8737982688913344,0.796214916034025,0.292852903464031
qwen-3.5-plus,3,6afc6f,mobile,48,0.1430651558257068,0.3665926407737714,2.5334459200375363,0.2228045493573747,0.6017790784202213,0.1138028927208725
qwen-3.5-plus,3,6b173a,poster,49,0.2744600449152509,0.3285842668367894,1.8080611058323273,0.6533113615667987,0.74102117234231,0.291269685321055
qwen-3.5-plus,1,6b2df3,web,48,0.2472837402085218,0.3148135055702882,1.964434885506063,0.609013184564065,0.6370472854244413,0.128269058152241
qwen-3.5-plus,3,6b2df3,web,40,0.1197423331392475,0.2732276210869748,1.937394757222236,0.3553805392913723,0.6426553544884214,-0.0121477868224937
qwen-3.5-plus,2,6b2df3,web,40,0.1218250845366576,0.2722202824848606,1.857350923003996,0.3107408304742096,0.62470324276725,-0.0417966991915765
qwen-3.5-plus,1,6b1bcd,mobile,41,0.5257476039007136,0.4835813893777128,1.6106877088864997,1.787416581397551,0.8264234384159411,0.3683147550985652
qwen-3.5-plus,2,6b1bcd,mobile,47,0.5361252316167341,0.4515451315335061,2.7414252767351144,2.0558562327483565,0.7734420452635988,0.4462512370452278
qwen-3.5-plus,3,6b1bcd,mobile,72,0.2550683629064215,0.2966489277856153,2.6090759465107074,1.2942371985179182,0.7331206299777675,-0.0574499059845209
qwen-3.5-plus,1,6ba20c,desktop,41,0.2468456774871737,0.4479501411383776,1.2610881816184722,0.3811958943558671,0.5988153239635208,0.2856114172870028
qwen-3.5-plus,2,6ba20c,desktop,51,0.2712198018041565,0.4599402424937769,0.9612853698596008,0.5376481464831533,0.6569633858423426,0.1935318929850212
qwen-3.5-plus,2,6b7c75,web,48,0.3276188561897427,0.3593187609542119,2.075879461205788,0.7737896861909904,0.6667037612421652,0.3118697859296177
qwen-3.5-plus,3,6ba20c,desktop,43,0.2550837587906818,0.4551689393744478,1.3525354680909736,0.4353412668033679,0.5941067401705115,0.2886448793544078
qwen-3.5-plus,3,6b7c75,web,40,0.4063288374384118,0.4168520933733638,1.314050555639099,0.9514936277951056,0.7413014581055438,0.4272618635271051
qwen-3.5-plus,1,6b51ee,mobile,39,0.3544247634016319,0.4571697321832121,1.731539770673417,0.4377765969844696,0.7283949585754432,0.1756975914305907
qwen-3.5-plus,1,6b7c75,web,48,0.3001379481126376,0.3588979862115826,1.51248152511744,0.6033983006710659,0.6465498825724343,0.3328124485944158
qwen-3.5-plus,2,6b51ee,mobile,41,0.4025292462623306,0.4587285633734802,1.989262483587122,0.5491997964881967,0.7074921979618746,0.3097286148538791
qwen-3.5-plus,3,6b51ee,mobile,46,0.4332299819126086,0.4825733166029989,1.6625129951415154,0.5634837435737732,0.7399707042714229,0.3142365863674997
qwen-3.5-plus,1,6bc1d8,mobile,42,0.4957129536773923,0.5353157999202228,0.6851295207224029,0.8999745697913853,0.7414950851514037,0.4231466772427785
qwen-3.5-plus,2,6bc1d8,mobile,47,0.4565216716006527,0.5096602593157108,0.7865901002369667,0.7841912034940294,0.7107402547351074,0.3774952354744439
qwen-3.5-plus,3,6bc1d8,mobile,40,0.4871188654977998,0.5514519944614504,0.6446974848951535,0.8281180101950811,0.7456090355643871,0.3364814648444812
qwen-3.5-plus,3,6c392e,mobile,29,0.1597322213663173,0.3115067949086629,3.0051573054907603,0.3776459332355956,0.6756211851380761,0.1806756892202198
qwen-3.5-plus,1,6c392e,mobile,44,0.3178985704758348,0.4151380945191026,2.4921086699307877,0.702474077501005,0.6749796844749292,0.3190598578717373
qwen-3.5-plus,2,6c392e,mobile,31,0.339425324047349,0.3797780521450884,2.4145379780558693,0.9416642795933284,0.7304511466019695,0.3397343330307459
qwen-3.5-plus,1,6c678c,poster,49,0.256578506775078,0.3527608810709094,3.591902144414622,0.3948541186128634,0.613158316069142,0.3271087236578354
qwen-3.5-plus,3,6c5780,poster,30,0.3783640833600066,0.3387285670470636,3.713415850148669,0.8124613029990262,0.5990726983136085,0.3669372858620109
qwen-3.5-plus,2,6c678c,poster,40,0.3067721004591758,0.4062957343014225,3.2790301802186415,0.6641363386907857,0.6648586798787892,0.3669870786813116
qwen-3.5-plus,2,6c5780,poster,40,0.3912987300316031,0.4208909910137626,2.5950358696537097,0.9633079873987636,0.7231467851097539,0.3579277255190436
qwen-3.5-plus,1,6c5780,poster,36,0.279965227635893,0.3663605590491701,2.3323052282130226,0.59626554951013,0.7181044631483023,0.2545665555966363
qwen-3.5-plus,2,6c8b71,mobile,46,0.2303364139965121,0.4669652059505906,1.1835015852882411,0.5099172725552077,0.6373741834622236,-0.0589504276957156
qwen-3.5-plus,3,6c678c,poster,48,0.179231182167444,0.3927165755870361,3.249940767665552,0.4039411645541548,0.589685285923901,0.2654812906202102
qwen-3.5-plus,1,6c8b71,mobile,51,0.1346987670252534,0.4048608410610316,1.4298177354168269,0.2726488360581124,0.5993526560438004,-0.1268678317903801
qwen-3.5-plus,3,6c8b71,mobile,40,0.2925863171711467,0.4699780206705001,1.130469586736398,0.550591079605011,0.6760448080755976,-0.102697635656862
qwen-3.5-plus,1,6cb077,desktop,51,0.5034191368928274,0.4064917417126476,1.2003305074550858,1.537861023857973,0.8028983537034976,0.4222501134173682
qwen-3.5-plus,2,6cb077,desktop,209,0.1940776521780989,0.294401038148135,1.6092230205221127,0.5559895022645623,0.6982046243612205,-0.0663454634203503
qwen-3.5-plus,3,6cb077,desktop,209,-0.0222544185215143,0.2418144108067103,1.910487544271387,-0.0468044988478473,0.545418399557197,-0.0975913437312992
qwen-3.5-plus,1,6cb6d4,mobile,40,0.2349488601263751,0.3989591571409717,2.21323320133845,0.437900804164631,0.611481103726129,0.240996006466077
qwen-3.5-plus,2,6d15ce,mobile,44,0.4171848399781375,0.4614593471527232,1.5938407629886269,1.1533698883571777,0.7991839005045467,0.3519569502697812
qwen-3.5-plus,1,6d15ce,mobile,48,0.4977095548272951,0.5044175686388597,1.5387829779874582,1.473006575265001,0.8036215034609968,0.4626325713160985
qwen-3.5-plus,2,6cb6d4,mobile,40,0.123112006504346,0.3352655030172157,3.5541326427758766,0.3408867703803125,0.5748325650617461,0.1594153691278039
qwen-3.5-plus,3,6cb6d4,mobile,40,0.2284522752009202,0.4050324249950155,1.877270728609179,0.4018640391901232,0.6784335874652575,0.2601165144363109
qwen-3.5-plus,3,6d15ce,mobile,36,0.315437494476995,0.4072416955016135,2.0746269498953778,0.8496969372950243,0.7074741223846059,0.2392954041242346
qwen-3.5-plus,1,6d294c,mobile,30,0.347309871030972,0.3752095673226658,2.2135860813409116,0.8481659533012682,0.725880309873433,0.3661314011201572
qwen-3.5-plus,2,6d294c,mobile,39,0.3663906736653679,0.39574815353323,1.9685476239133968,0.9448886195407806,0.7226739628182671,0.3087932365776721
qwen-3.5-plus,3,6d294c,mobile,47,0.4166218895215238,0.4167605987498542,1.4190974744793037,1.1978943595660376,0.7862583220450043,0.3377603738160912
qwen-3.5-plus,1,6d4031,desktop,48,0.2779139882566487,0.3111778357690207,1.4667635421452705,0.7661434713338036,0.6771100371463771,0.1604104193234592
qwen-3.5-plus,2,6d4031,desktop,40,0.184370714011156,0.3062707381775164,1.9578851057240476,0.6286587374470245,0.6724211490767605,0.3647299524812439
qwen-3.5-plus,3,6d4031,desktop,48,0.2078373923413738,0.3226901734954093,1.5369993650744918,0.6178469754466347,0.6883251048501027,0.1839760368810055
qwen-3.5-plus,2,6d8534,desktop,49,0.6239616471309949,0.5093722427895093,2.298676443323171,1.34434620886413,0.6969872141648312,0.6423915922548619
qwen-3.5-plus,1,6d8534,desktop,40,0.5828486920634771,0.4781606216405317,1.1036178078950016,1.2401389389933462,0.7472879965839518,0.5926539822572348
qwen-3.5-plus,3,6d8534,desktop,48,0.452629422552584,0.4337803996988782,2.240047604670613,1.0276515490636944,0.7016932692017364,0.4899738549758762
qwen-3.5-plus,1,6d8af6,web,48,0.1971035067728772,0.3135324945482379,1.7785688182623798,0.5583464338990419,0.6924327378556745,0.1543569831100898
qwen-3.5-plus,2,6d8af6,web,51,0.1707850029072835,0.2980054011873571,2.3632086825796734,0.4908338006552438,0.6502554171797963,0.1161476688951129
qwen-3.5-plus,1,6dc873,desktop,32,0.3552135686072906,0.4399689736231199,1.3188713209511582,0.8175662623575991,0.7332970690064866,0.2922482475499989
qwen-3.5-plus,3,6d8af6,web,40,0.2455688480792805,0.3316960373207753,2.0266161772543123,0.7408389914460807,0.7033662430482357,0.1977722695186086
qwen-3.5-plus,2,6dc873,desktop,50,0.267611855475358,0.3905101622618502,2.4268946366594784,0.6117453996585162,0.6446054196559531,0.2237344820394408
qwen-3.5-plus,1,6e09d5,mobile,40,0.0327578450328949,0.3241456681844846,2.837269386228079,0.0588374280309734,0.5433086792698107,-0.1064861331085105
qwen-3.5-plus,3,6dc873,desktop,51,0.249585943876829,0.3628824068171635,1.6337256475108324,0.5036970713976527,0.659807307048239,0.2052301833960454
qwen-3.5-plus,3,6e09d5,mobile,40,-0.0510275919062063,0.3102043335251658,2.244999973777334,-0.0184772045400175,0.5549360134796548,-0.1312094933219584
qwen-3.5-plus,2,6e09d5,mobile,40,0.0040513913052774,0.3489742593894907,1.9079340196419996,0.0398239828017949,0.5717087710460489,-0.1067958116897216
qwen-3.5-plus,1,6dacc6,poster,30,0.5905828524064848,0.3872546491436603,1.740206743990989,2.3777866822971387,0.8418912125566307,0.593271214415261
qwen-3.5-plus,1,6e2c8e,desktop,48,0.2365785174642211,0.4008889675204444,1.4473962665036897,0.4979187141508284,0.6537035920012485,0.2939841018092864
qwen-3.5-plus,1,6e6737,web,39,0.1093661202989843,0.4282078224758164,1.2067955450151384,0.1470793833219912,0.6125313267011281,0.2028862875001696
qwen-3.5-plus,3,6e6737,web,42,-0.0414050987223739,0.3808179356573328,1.501775818377836,-0.0616507938439635,0.5151854305866277,0.0001354099743448
qwen-3.5-plus,2,6e2c8e,desktop,45,0.165986242492264,0.3666649172543458,1.4430011930557731,0.3396359743577483,0.5965893054391909,0.2210793337939265
qwen-3.5-plus,2,6e6737,web,47,0.0144912426973341,0.4316421834786558,1.123532344979377,0.0364715564292677,0.5191900662476912,0.1296798240380623
qwen-3.5-plus,3,6e2c8e,desktop,32,0.2325275859444806,0.3957249555616309,1.5021108872601547,0.5311156754107978,0.6722804697384243,0.2927850541191935
qwen-3.5-plus,2,6dacc6,poster,40,0.6769046350606356,0.4308755813692866,1.373494296704445,3.088410948605241,0.870613029138284,0.6851628576833386
qwen-3.5-plus,1,6e6daf,poster,50,0.1515384537609272,0.419255704536037,1.0550471392026917,0.2821996229665965,0.6003249134471768,0.1468314849808166
qwen-3.5-plus,3,6dacc6,poster,48,0.5871745220769667,0.3851649033567709,1.7371573334670425,2.53864446894478,0.8594893831891999,0.5860040180967395
qwen-3.5-plus,2,6e6daf,poster,49,0.503353861634912,0.5302681942089815,0.798405893586942,0.763683316928219,0.6763152689684606,0.4521605376543558
qwen-3.5-plus,3,6e6daf,poster,40,0.5775742801192927,0.532149411087961,0.980438455628711,0.8826986296601449,0.6850276341256755,0.5422160396950984
qwen-3.5-plus,1,6f11a2,desktop,38,0.5863765269944394,0.431715017577215,1.13528014183103,1.7471329986422115,0.8599220619211461,0.5175814729504967
qwen-3.5-plus,2,6f11a2,desktop,40,0.7310489260609419,0.5386713616120639,0.7863895267690655,2.3149077558160576,0.9043124662537502,0.6941221950219137
qwen-3.5-plus,3,6f11a2,desktop,45,0.6542835919939293,0.5036797881441563,0.8467013701049488,2.068751424399794,0.9018690703423472,0.6031020508026882
qwen-3.5-plus,1,6eb290,mobile,40,0.2988056031110179,0.3803137841489573,1.9030534491755329,0.5650279012442958,0.658731347729322,0.3067581935724086
qwen-3.5-plus,2,6eb290,mobile,50,0.4633840508909095,0.4341258938125405,1.7081412966904614,0.9898625857987404,0.7221221239074759,0.5123532741135552
qwen-3.5-plus,3,6eb290,mobile,48,0.3924577420974047,0.4477114466184314,1.333640992612978,0.7545703730418056,0.6971082495671785,0.3286282245460579
qwen-3.5-plus,1,6eb097,poster,40,0.2253816966730744,0.3212755665735819,2.6680757648784144,0.7389484491557304,0.7002598481439609,0.2707015890496743
qwen-3.5-plus,3,6eb097,poster,48,0.0411982740424658,0.2635826122721653,2.8146026233653627,0.0840718128366984,0.5394905892843886,0.0565225935711856
qwen-3.5-plus,2,6eb097,poster,50,0.368384509077983,0.3987179158248598,2.012231458120109,0.9533153630325596,0.7631726452122666,0.3814512457549312
qwen-3.5-plus,1,6f401f,mobile,25,0.0523197698918977,0.1834862811339515,4.94552235312586,0.6846968357604388,0.5552662261623695,-0.0338559623094125
qwen-3.5-plus,2,6f401f,mobile,46,0.3401113558172899,0.3375178849692299,2.670783790449387,1.0527585057080358,0.6706032064485383,0.2727636491612865
qwen-3.5-plus,3,6f401f,mobile,40,0.1367025821043462,0.2550169157903322,3.5734311666512633,0.6904408439798831,0.6823644249277306,0.0604057156099043
qwen-3.5-plus,1,6f9e1b,web,45,0.2998340184283234,0.372913170394586,1.5921955615142602,0.7905080922080675,0.733781978908213,0.2003537291418413
qwen-3.5-plus,2,6f9e1b,web,48,0.481908273929822,0.4425230214863245,1.1123328246649595,1.296537341886459,0.816660024405256,0.3571631778133814
qwen-3.5-plus,3,6f9e1b,web,49,0.5794632416003184,0.4698065044875021,0.8488053569725289,1.6079183428963086,0.8674433243743443,0.4594552924778005
qwen-3.5-plus,1,6fd016,poster,40,0.274383120710192,0.3512693004062094,1.3088308143224157,0.7748986937830107,0.7440945129611862,0.2608806172613164
qwen-3.5-plus,2,6fd016,poster,40,0.3485337167769438,0.3400734519447096,1.3123175079665272,0.8316876141430003,0.7225167519951177,0.3380900663509543
qwen-3.5-plus,3,6fd016,poster,38,0.290628818760365,0.3516347875804526,1.3078572579070546,0.8593350629635033,0.7608323566969518,0.2738720923997095
qwen-3.5-plus,1,6fbe76,desktop,72,-0.1373600367077923,0.1948437551674424,3.74537070011704,-0.2661043908404046,0.4300310885663182,-0.1879293905502074
qwen-3.5-plus,2,6fbe76,desktop,135,0.3686364581398196,0.3299811137201293,1.416552071495147,1.1308232116604944,0.7905626840653966,0.2973436983005625
qwen-3.5-plus,3,6fbe76,desktop,157,0.2894226254054833,0.2854800456091435,1.628636923611911,0.8585570587535389,0.7405223060695774,0.1909839230783956
qwen-3.5-plus,1,700dbf,web,42,0.3176317717111738,0.4264519048670143,1.2700306577870926,0.7959985945890637,0.7406308346967585,0.2081063230201697
qwen-3.5-plus,2,700dbf,web,50,0.482162893092014,0.4872515589756782,1.5862108920860476,0.9898005516975426,0.7491527249308518,0.1314378473401017
qwen-3.5-plus,3,700dbf,web,62,0.2641362184648093,0.3898703731227434,1.1736615536341404,0.626543216379295,0.6757224094385044,0.0490086042638068
qwen-3.5-plus,1,6f5978,poster,50,0.0310831280327851,0.2506160730080201,4.967073959008678,0.2214997895383288,0.4923092571841696,-0.0708952782797742
qwen-3.5-plus,2,6f5978,poster,46,-0.0097841429059815,0.2216997968677448,4.176666807039809,-0.0242415762867649,0.4934099370830752,-0.0810297493603063
qwen-3.5-plus,1,700a42,mobile,42,0.0323508342248301,0.2945700067703359,2.947396243955775,-0.0286711957454433,0.5138405771744133,0.0113203073894022
qwen-3.5-plus,1,708a08,poster,40,0.1102869343764537,0.3191761899863786,1.5159514233243243,0.1255559665035238,0.5535297663022571,0.1068631962751071
qwen-3.5-plus,3,6f5978,poster,47,-0.0684236098181954,0.198767539365157,4.755761729066172,-0.1226769092814996,0.4117311435032875,-0.0841322042623137
qwen-3.5-plus,2,700a42,mobile,40,0.1354545970719788,0.3651605264086529,2.373373706656829,0.1823499232099908,0.5762509408368691,0.0205076482736968
qwen-3.5-plus,2,708a08,poster,31,0.2642818906098492,0.3525935443337657,1.7406713274816137,0.3583850281913826,0.5678493971454057,0.1730267016571688
qwen-3.5-plus,3,700a42,mobile,30,0.0418199091062367,0.2739113445796295,3.9281398221085286,0.0512530123690079,0.4852897879593396,0.0214766474154259
qwen-3.5-plus,3,708a08,poster,48,-0.0469215486487033,0.2649331987962054,2.269080760968937,-0.19041814208881,0.4468791279266837,-0.1694225141883864
qwen-3.5-plus,1,709b8f,desktop,46,0.2966617666597231,0.3546976379719865,1.5238689205666451,0.8891793682320027,0.7552850711235595,0.2591462594992199
qwen-3.5-plus,2,709b8f,desktop,80,0.2931897468702161,0.2919698711313448,1.505946150104018,0.7813885817186237,0.7218387354798047,-0.1297747727443781
qwen-3.5-plus,3,709b8f,desktop,47,0.2393778842824362,0.3181222669283617,1.584627235062374,0.7291697732378896,0.7373750276886616,0.234033944025637
qwen-3.5-plus,2,7142a6,desktop,40,0.3552541702393291,0.3613901231393556,1.672605163800731,1.10888928022316,0.744554033731331,0.367976103196602
qwen-3.5-plus,1,7142a6,desktop,48,0.4634568149729605,0.3484191443057555,1.5576533077276593,1.2695204057353484,0.7256249644483765,0.4607641794025499
qwen-3.5-plus,3,7142a6,desktop,36,0.5586386981030704,0.4151854545680657,1.428952174812242,1.6015721559203029,0.7728234217496457,0.5605860907913813
qwen-3.5-plus,1,714584,web,50,0.1825014359593941,0.3476807379533002,1.5935876048504418,0.4091093766523012,0.6319237228362833,0.0990586280104896
qwen-3.5-plus,1,70e38d,mobile,56,0.2471869897684012,0.3031845186790218,1.73043698828709,0.669369717458152,0.7242149659246605,0.0883041473003974
qwen-3.5-plus,2,714584,web,49,0.2321465888399908,0.3668603751401662,1.6486225573212163,0.5187810152965043,0.6560415696332513,0.1259374995759088
qwen-3.5-plus,3,70e38d,mobile,48,0.3847503827129258,0.3337773359720041,2.924687959287752,1.195852745178184,0.7129459891053519,0.3157831108132269
qwen-3.5-plus,2,70e38d,mobile,49,0.3636192132666698,0.357256305795387,1.870116328368127,1.0805764378959464,0.7345876114592306,0.2585933709413174
qwen-3.5-plus,3,714584,web,48,0.1603688692057434,0.340173139345304,1.600620531468963,0.3581750070969076,0.6103516926142034,0.0874218001210453
qwen-3.5-plus,1,70d755,mobile,46,0.4841574534604146,0.4704368001892522,1.916018866917744,0.845960928491262,0.7331421658486453,0.4929628357185822
qwen-3.5-plus,2,70d755,mobile,40,0.2899952147751257,0.3741368580830758,2.4713603652073584,0.442574870515082,0.6703011918032716,0.3026432387925913
qwen-3.5-plus,3,70d755,mobile,50,0.5645656936604567,0.5328170795695693,1.4649783251270057,1.1407424612865409,0.7791584617408696,0.572454252393135
qwen-3.5-plus,2,719127,poster,40,0.3053718948422466,0.3573181974847187,4.643797550892489,0.3339746641459752,0.4842642155145245,0.2809584467545052
qwen-3.5-plus,1,719127,poster,55,0.2193047601762452,0.3393873904508603,3.2043159196902815,0.2547313848269362,0.6585407174706069,0.1943565239326471
qwen-3.5-plus,3,719127,poster,48,0.4872051612698193,0.4318552350654472,3.717043643895665,0.7395353050536017,0.5826635046368279,0.4519185227499803
qwen-3.5-plus,2,719c30,poster,50,0.527213026250853,0.4720037120300639,2.104547162508448,1.0168348702541927,0.7306619806095417,0.4534935312172081
qwen-3.5-plus,1,719c30,poster,48,0.5304991191245914,0.5279186199517626,1.0393030143994595,0.833285221220228,0.7634773372504275,0.4920193879753373
qwen-3.5-plus,3,719c30,poster,40,0.2525052010380663,0.3300204748304903,3.682873370377473,0.4265087253383298,0.7341600353302064,0.252500335504688
qwen-3.5-plus,2,71a0b1,mobile,40,0.3893786843991756,0.3669056055376747,3.182698915512032,0.9039162864576348,0.5111308238956674,0.3962547458576336
qwen-3.5-plus,1,71a0b1,mobile,45,0.3540167071330751,0.3767042079264329,1.8666017174469576,1.0315760247026209,0.6880143551106129,0.3488634139644569
qwen-3.5-plus,3,71a0b1,mobile,32,0.3713813017027354,0.351369142564045,2.9514967598683937,1.2606441224952696,0.6422467642820628,0.3978544229835639
qwen-3.5-plus,2,71e30d,web,47,0.1966159851556926,0.373698916471332,1.572771616211998,0.4463389572370626,0.6291726531668069,0.12663215028394
qwen-3.5-plus,1,71e30d,web,40,0.0907770075980269,0.3278482186636202,2.1605806610980665,0.1968141411123495,0.5655056694014519,0.0266688828734645
qwen-3.5-plus,3,71e30d,web,46,0.0899263357061118,0.3241051664143648,1.9431757031752528,0.1799757828050948,0.5635714458059355,0.0547855689319117
qwen-3.5-plus,1,71bf79,poster,40,0.2730443657994006,0.3130931317255532,3.683970209345647,0.6293218747365539,0.599909423408862,0.2698819158188615
qwen-3.5-plus,2,71bf79,poster,40,0.293461981161556,0.3392561595230616,2.855180114873383,0.6343100110011654,0.6634046470271057,0.2947289330997358
qwen-3.5-plus,1,721348,desktop,40,0.3519282840679601,0.3921488368830021,1.3758586469034104,1.0940441340260136,0.7902483182884701,0.2265178607188552
qwen-3.5-plus,3,71bf79,poster,46,0.3361272696854905,0.3406353991920466,3.4259637941153684,0.724159222085938,0.6015359399822128,0.347578374725756
qwen-3.5-plus,2,721348,desktop,49,0.3593966600234938,0.3487504743804021,1.3196990453955255,1.1113330433110482,0.8098671261917811,0.2686086365669209
qwen-3.5-plus,3,721348,desktop,48,0.2795667974577379,0.3361803860517884,1.411049281381998,0.8888158043429447,0.7832587559188945,0.1688662528339677
qwen-3.5-plus,1,72156f,poster,48,-0.1235857705770942,0.3029674975029637,2.1676436507083654,-0.2435805637121717,0.4310337059837001,-0.1987323542629775
qwen-3.5-plus,2,72156f,poster,40,0.0263837794280646,0.3259414816756609,1.4732932555233318,0.0223147070608063,0.5182250490315464,-0.0894981814689159
qwen-3.5-plus,3,72156f,poster,39,-0.0305476009480417,0.2930650404737814,2.1774776301878283,-0.1081675379338633,0.4858945617485732,-0.0659594740597798
qwen-3.5-plus,1,72062c,web,34,0.2963660391959261,0.2948194761892908,2.3114878084717025,1.0671004626717129,0.7971651518311378,0.2937908332633871
qwen-3.5-plus,2,72062c,web,30,0.2106962531956408,0.2223404206255514,3.93610235587452,0.7044603673405103,0.67405573546182,0.2254353884676128
qwen-3.5-plus,2,722b8c,poster,43,0.5265411749998721,0.4630799776593838,0.9089918002065216,1.105190284798338,0.7740103313905067,0.5282652358124429
qwen-3.5-plus,1,722b8c,poster,45,0.536689649475105,0.50481575523483,0.8761735394218116,1.1784366847753411,0.7776772173056643,0.5231214452187691
qwen-3.5-plus,3,722b8c,poster,40,0.5847383044413157,0.5310918867727028,0.8215902093148253,1.216002885862915,0.7936897636310911,0.5539999205941318
qwen-3.5-plus,3,72062c,web,50,0.2075770282504287,0.2308876582122092,3.3470178550067966,0.7590491863483568,0.6178656372484145,0.256834490836062
qwen-3.5-plus,1,72b54f,desktop,50,0.4277094890995428,0.3062010560597956,1.7296352487024949,1.3156248800896824,0.7396353131275848,0.4560702935526588
qwen-3.5-plus,3,72b54f,desktop,48,0.3563378432499189,0.3371036695111713,1.4552831559691128,1.107709175980962,0.783653513298388,0.1989805053381399
qwen-3.5-plus,2,72b54f,desktop,45,0.4908865110364099,0.355924782618305,1.3567477793916418,1.406599719164224,0.7951593661714031,0.462029396267537
qwen-3.5-plus,1,72cfd2,desktop,36,0.2936723494982184,0.4334435657701002,1.128677011202541,0.5934639928020458,0.6825635061112636,0.2983737429357309
qwen-3.5-plus,3,72cfd2,desktop,64,0.2668591312309413,0.4365712610762505,1.0959181979865174,0.5145014881168135,0.663311473742515,0.0699467741348003
qwen-3.5-plus,2,72cfd2,desktop,40,0.236069440897103,0.40144216747967,1.1953426709582455,0.4576148402836635,0.6449675335057232,0.2043598361078523
qwen-3.5-plus,1,72aff7,mobile,48,0.3856624167852343,0.3825373441886723,2.261978450261864,0.8531428898861161,0.7110983139009266,0.2236631916164828
qwen-3.5-plus,3,72aff7,mobile,40,0.335544329503121,0.4016338685893639,2.1708692489427928,0.7176147749748343,0.7542949390689084,0.1226191675741693
qwen-3.5-plus,2,72aff7,mobile,50,0.3196621715471764,0.3829478098763901,2.3860036822395134,0.6165577957082153,0.7457336934682758,0.1344710642686103
qwen-3.5-plus,1,72e45e,web,62,0.2437507074705984,0.3678712854254133,1.7043584705765458,0.7844578979480428,0.7565119170432681,-0.2513612877659423
qwen-3.5-plus,3,72e45e,web,38,0.0643945950402917,0.2527047282008047,2.901667734728588,0.2657933419937581,0.6754400833342564,-0.2634789839125769
qwen-3.5-plus,2,72e45e,web,52,0.0733801719821372,0.25401087493145,2.501155598610785,0.1636131958414771,0.5685189966956792,-0.0908822976880066
qwen-3.5-plus,1,73386c,desktop,45,0.4513825476242639,0.4462091673654719,1.1628083182774214,0.9904867937526168,0.7613959865104082,0.4343056237194347
qwen-3.5-plus,2,73386c,desktop,40,0.4255624533974128,0.4214484926240232,1.1602127501138717,0.9521916636313974,0.7407753582630161,0.3962888118487285
qwen-3.5-plus,3,73386c,desktop,48,0.1310976745992892,0.3076228076892571,2.312519734639667,0.3088721658636268,0.6023358204749482,0.0390168230581815
qwen-3.5-plus,1,731c85,mobile,35,0.1048072520828441,0.3101885638236491,2.796696459466276,0.0307940070723544,0.5483466691275365,0.0300435355499927
qwen-3.5-plus,3,731c85,mobile,41,0.0367045606995014,0.3199985295224609,2.4288688581045075,-0.1333053997108395,0.4838434266002821,-0.0110251090118628
qwen-3.5-plus,2,731c85,mobile,45,0.164578614356471,0.374279967949927,1.948157904856352,0.1199343378844338,0.5647456669519275,0.1085929353298346
qwen-3.5-plus,1,73ada1,desktop,40,0.3154876460703423,0.3485755617755289,1.686839227028629,0.9491206983371796,0.7760224126222328,0.2726808473719618
qwen-3.5-plus,3,73ada1,desktop,49,0.3485632596109798,0.3552639003625235,1.5952360874211309,1.0414534150983714,0.7895646915051785,0.2817335713902332
qwen-3.5-plus,1,733bb9,mobile,42,0.2308611239782902,0.2707961953727532,2.3503526851326044,0.9056438968191944,0.7121731451240907,0.25462312152293
qwen-3.5-plus,2,73ada1,desktop,49,0.2361183102549526,0.3088870881383677,1.7859254009061216,0.7559283606801707,0.737886359678722,0.2018627241657692
qwen-3.5-plus,2,733bb9,mobile,35,0.1692250560801493,0.2857454906508915,2.649618272938315,0.6192717348755675,0.6833096976447576,0.1726532018312535
qwen-3.5-plus,1,73d5d7,web,40,0.002700407263213,0.238358862967212,2.187978567244974,0.0252441261899289,0.5429884063951385,-0.0776966243512636
qwen-3.5-plus,3,73bdee,web,41,0.237802694483044,0.3910264293395773,1.3154927699241774,0.543522357871603,0.6971061982816852,0.109498437604068
qwen-3.5-plus,2,71bc07,poster,50,0.3689480434955361,0.3533470626522894,3.876660405272791,1.0842615314562165,0.5650179722471921,0.3490951207215455
qwen-3.5-plus,1,73bdee,web,42,0.2083588446949405,0.3743442121506174,1.3327669187802689,0.501723265012594,0.6429572328129821,0.1298766688043506
qwen-3.5-plus,2,73bdee,web,52,0.3966474803593193,0.4496062826716721,0.9542697174914196,0.9026784170083776,0.7626824661181879,0.2344065753911134
qwen-3.5-plus,1,71bc07,poster,48,0.3079413574840444,0.2886109851167638,4.676781674557004,0.7493456374349416,0.4973498964898484,0.2798440192900168
qwen-3.5-plus,3,71bc07,poster,40,0.1773264954464849,0.1984978161763219,5.22351767028136,0.1988703542724437,0.3975066341574642,0.1605559165340185
qwen-3.5-plus,3,73d5d7,web,56,-0.1264957261704989,0.1504768229143702,3.4827120037849704,-0.2892292986237684,0.4501861445213299,-0.0487604909217393
qwen-3.5-plus,3,733bb9,mobile,41,0.2733075785008401,0.2914093599718307,2.228012342083762,1.2361430123570594,0.7499580053112622,0.3053355638567239
qwen-3.5-plus,2,73d5d7,web,49,-0.0797837684787174,0.1882909670461656,3.095697358390487,-0.1572365663470306,0.4972652274424555,-0.0822718475172185
qwen-3.5-plus,1,742a95,desktop,41,0.4707463878510193,0.4659698436258777,1.030883194358665,1.056985841332068,0.8298723888872581,0.4738100660370993
qwen-3.5-plus,2,742a95,desktop,45,0.3357168866801502,0.3779429704905165,4.415844589955514,0.7911021493272473,0.5535336747994261,0.351847734956258
qwen-3.5-plus,3,742a95,desktop,40,0.5186767214334078,0.4935983755522019,0.8646078862116592,1.2005804000605045,0.8355095984926514,0.5213067690644548
qwen-3.5-plus,1,74afe3,web,40,0.2392422578392989,0.3304556333909279,2.1787601014109703,0.6340784537136258,0.6871653860309233,0.2063581216676068
qwen-3.5-plus,2,74afe3,web,50,0.2671239498004593,0.3042492934183399,1.6585577440235837,0.7054657883351215,0.6741506001345643,0.2279772943194113
qwen-3.5-plus,3,74afe3,web,46,0.3103445681441861,0.3448034885757466,2.100450408549304,0.8345716897554434,0.6906677967991657,0.2817283311437623
qwen-3.5-plus,1,74cb9f,poster,46,0.1210409224316685,0.2915237483165515,1.8789670613496896,0.3340083726070972,0.6181332895723592,0.1735669640648066
qwen-3.5-plus,1,741c3a,mobile,44,0.2632095601404064,0.4029040830497651,2.038647951280803,0.5554838425318621,0.70989349607943,-0.041488808859437
qwen-3.5-plus,1,74db3f,mobile,49,0.5709183338812228,0.4836166946054638,0.8693367270761871,1.2906520284461414,0.8031949958135518,0.3629044761919204
qwen-3.5-plus,2,74cb9f,poster,39,0.133525218950998,0.3012767559656491,1.892904367324019,0.3281532971606768,0.6217713501853354,0.1886156881750183
qwen-3.5-plus,3,74cb9f,poster,46,0.1693938786100836,0.3086493509900504,1.8040769192650272,0.4534607134287287,0.652524247087054,0.1641763007391522
qwen-3.5-plus,3,74db3f,mobile,45,0.6074305372136579,0.4866415845640613,0.884643107670445,1.3146090250229074,0.789065388005473,0.4446499993453678
qwen-3.5-plus,2,74db3f,mobile,47,0.5234751105728102,0.4757640824386678,1.2735946295781324,1.1422167380760084,0.8086982374156991,0.3741569607151737
qwen-3.5-plus,3,741c3a,mobile,30,0.2042664747763221,0.3496285081978818,2.301869244420393,0.4219775092164556,0.7460769066053861,-0.1071460039375662
qwen-3.5-plus,2,741c3a,mobile,43,0.2824685035869194,0.3873877909003823,2.213694817860404,0.6219990140731048,0.7076064756400883,-0.0424851534611768
qwen-3.5-plus,1,7527bb,mobile,40,0.301793326141922,0.3599668226008568,2.7349189156718423,0.6568106697823803,0.6913194854723658,0.3160324641351406
qwen-3.5-plus,2,7527bb,mobile,44,0.2509313797909328,0.3864305566183504,1.328180910376209,0.5240644205435329,0.7170191296257578,0.2671487776205213
qwen-3.5-plus,3,7527bb,mobile,40,0.333729800510525,0.4199178157594314,1.4641831962463077,0.7280568049892867,0.744423434091081,0.3141428966684187
qwen-3.5-plus,1,74e427,mobile,40,0.1881139621916448,0.343017383463368,2.400977753111544,0.4088916472705838,0.580982053491649,0.2381019310061082
qwen-3.5-plus,2,74e427,mobile,41,0.2329385212623293,0.3648499841046272,2.014672708570826,0.4596444324829409,0.6184155995778159,0.2808250032219139
qwen-3.5-plus,1,7542d4,poster,66,0.6208116003394339,0.498760162490355,0.8189295431198796,1.630901306712118,0.8536496741012471,0.560573800786324
qwen-3.5-plus,2,7542d4,poster,45,0.5854164577032552,0.5160835618094124,0.8422605987878997,1.5826501452642756,0.8513216552427789,0.533879900131036
qwen-3.5-plus,3,74e427,mobile,40,0.3014064435947929,0.4394626901852606,1.6196155187294057,0.4561738869560907,0.6380008965385351,0.2920513579281161
qwen-3.5-plus,1,74edd4,mobile,30,0.139083596120803,0.2712690965643641,4.4252199650069475,0.6248836757901847,0.5453586875451643,0.0279754977758285
qwen-3.5-plus,3,7542d4,poster,43,0.6232486405768245,0.50587340114379,0.8495435701133297,1.6456496602458115,0.843156296605029,0.5718604905024378
qwen-3.5-plus,2,74edd4,mobile,50,0.0088320657304985,0.2422094151597957,3.857209130648682,0.1978131344210858,0.5079258524446293,-0.0894676618891098
qwen-3.5-plus,3,74edd4,mobile,45,0.1186917217296905,0.2764480137374059,2.657673685981578,0.3944949406196404,0.6210535922372123,-0.0171427032418125
qwen-3.5-plus,2,75361f,mobile,39,0.0898411373782208,0.3003038374800145,3.1804689887009494,0.1771755466838135,0.516320226266823,0.0633953541581621
qwen-3.5-plus,1,75361f,mobile,50,0.1736895695599986,0.2606981712021227,4.164254519300491,0.2725795324813422,0.5296260218671579,0.1477392060722736
qwen-3.5-plus,3,75361f,mobile,50,0.1653199612353662,0.3459821140009993,2.5442573320153175,0.229544171197533,0.5557475496722213,0.0313093557177771
qwen-3.5-plus,1,755429,mobile,40,0.3224313758699958,0.3706908484926625,2.4765708502360195,1.0077930889784716,0.7649854317563296,0.2373789083618348
qwen-3.5-plus,3,755429,mobile,45,0.3459006053179003,0.3546192258351189,2.0933036139862957,1.040366114053862,0.7780077767357448,0.2859354935190099
qwen-3.5-plus,2,755429,mobile,50,0.3106271744516821,0.3437532121457591,2.3134288129317806,0.5968574556476012,0.729748910607869,0.2381750452158974
qwen-3.5-plus,2,756eac,mobile,48,0.3882760479526025,0.3944629688252101,1.5410080437099367,0.9675425227461748,0.7414807889336216,0.3568032741269113
qwen-3.5-plus,1,756eac,mobile,40,0.3815453878529186,0.3774169445067481,1.55332761686664,1.3910829989184028,0.7829570118837309,0.3622822941503216
qwen-3.5-plus,3,756eac,mobile,40,0.4200770228573196,0.3815966604462747,1.78834474253673,1.204545469927936,0.7362144844193258,0.3977538009828671
qwen-3.5-plus,1,757ade,mobile,48,0.2690006526659448,0.4066932115065966,2.3826276131177675,0.5836902768955223,0.6184038975017163,0.2809842535339991
qwen-3.5-plus,2,757ade,mobile,31,0.1763683460816559,0.325801144414662,3.1245249863297957,0.4237503962203925,0.5938293185407545,0.191144933140907
qwen-3.5-plus,3,757ade,mobile,40,0.1422596652389047,0.3211445442681412,3.348912502891746,0.3193755378685479,0.5658776111519797,0.1607870212431995
qwen-3.5-plus,1,7613f2,desktop,38,0.6168957739138579,0.4402417084818726,1.1356419120051249,1.7245675008917138,0.8456567741306116,0.627076377784102
qwen-3.5-plus,3,7613f2,desktop,49,0.6571360653160752,0.4316556662450173,1.0905759443461058,1.846145923567479,0.8546087235142624,0.6461858462106428
qwen-3.5-plus,2,7613f2,desktop,72,0.7439421706562817,0.4258090825411514,1.1504888141446892,2.1445153694439325,0.8649201215406137,0.7052039986848619
qwen-3.5-plus,1,75c4ec,poster,40,0.1139326494937237,0.3031575469474546,2.5504134403241667,0.2494956086923884,0.5954609178738132,0.0416356521080078
qwen-3.5-plus,3,75c4ec,poster,40,0.0524645478434313,0.2803341803378366,3.1625192924806007,0.1921203774672463,0.5719253124472905,0.0429038453492635
qwen-3.5-plus,2,75c4ec,poster,54,0.1003439350962366,0.2951995039607728,2.2157726239464517,0.1994896437501412,0.6078351761066864,0.0538499064246111
qwen-3.5-plus,1,759dc4,mobile,34,0.0763081265489345,0.2801016310557182,4.082890154279933,0.0346263489868587,0.5209751221785612,0.060930203111711
qwen-3.5-plus,2,759dc4,mobile,32,0.1793996233067192,0.3284555653933695,3.4612620615705048,0.1054835631394176,0.568024421273707,0.1505810786531656
qwen-3.5-plus,3,759dc4,mobile,50,0.1547767106334035,0.3511303469344446,2.477243078775623,0.1114427039213562,0.5862177237466076,0.1187573705676771
qwen-3.5-plus,1,761c36,web,31,0.1912572558537225,0.3240217188307845,3.5720707297345897,0.3621624888148028,0.5651216551631782,0.1689973627139406
qwen-3.5-plus,1,762fc4,desktop,47,0.2785036387941986,0.2833645574424739,1.6069426399525646,0.8654308781474167,0.7228008086980763,0.1008737849526122
qwen-3.5-plus,3,761c36,web,41,0.4306382527879652,0.4140505253025481,1.8529622630386824,0.82826810969036,0.6792692334131741,0.4364722510554183
qwen-3.5-plus,2,761c36,web,49,0.3207546660871203,0.3893721375941704,1.482523758242873,0.6974466313184757,0.7042295168975401,0.3261313699707088
qwen-3.5-plus,2,762fc4,desktop,49,0.4423894833291954,0.3387892632034391,1.2577969252857948,1.3663759389834176,0.8462657633570279,0.3054316884210845
qwen-3.5-plus,1,763161,mobile,40,0.4180061015845038,0.4868621772259455,1.2867638237160843,0.9143499928730472,0.7469340985593473,0.1561660611966746
qwen-3.5-plus,2,763161,mobile,40,0.3806621539894578,0.4875357096954923,1.3362903725814437,0.8542519219592312,0.7183581297814496,0.0858009338938475
qwen-3.5-plus,3,762fc4,desktop,45,0.3554524471608842,0.2939564944956874,1.5039853166088006,1.134838666759843,0.7933309563552086,0.249808998499998
qwen-3.5-plus,3,763161,mobile,40,0.5028944467510372,0.5018048911322743,1.240630774421525,1.060698325681575,0.7483124773327962,0.2918338898660847
qwen-3.5-plus,1,76822c,desktop,49,0.1209669753641665,0.2697581836328135,1.9256356243610595,0.3147146056951247,0.5796494723040637,0.1569654169135294
qwen-3.5-plus,2,76822c,desktop,41,0.1662646226266643,0.2542646198319596,1.9641831379239505,0.5218440573054676,0.6064040443943783,0.1602912030258321
qwen-3.5-plus,3,76822c,desktop,50,0.059625475611956,0.2464531603981234,2.212509524898888,0.2630136306211157,0.5806050709813606,0.0685823781355441
qwen-3.5-plus,1,763560,desktop,48,0.2281782212257526,0.3840575452830068,1.2014838212161167,0.5776739720972649,0.6953720522854624,0.1026415359500458
qwen-3.5-plus,2,763560,desktop,31,0.1985116473531367,0.3635157157305662,1.6234290592037557,0.4227757837760885,0.6839518169908952,0.1390100577193604
qwen-3.5-plus,2,76b63f,desktop,50,0.2120188749993035,0.3866648727538198,1.634891027501039,0.5824072554427738,0.6493989238553974,0.2475682624872394
qwen-3.5-plus,1,76b63f,desktop,30,0.1153068397989091,0.3465591850057973,2.484609626771898,0.2845509239884083,0.5722925018601438,0.1030543769151193
qwen-3.5-plus,3,76b63f,desktop,47,0.0978503780070171,0.3065485470062747,2.2774771352536356,0.2553224512787094,0.5971308499796295,0.1184106906077786
qwen-3.5-plus,3,763560,desktop,37,0.1320349643477377,0.3402418648091599,1.604330453209854,0.3428527080724852,0.5821342534733734,0.1470354952697226
qwen-3.5-plus,1,76dc6b,poster,50,0.1246393583853637,0.2856124757022279,1.8600297662784304,0.31120917779652,0.6277562598454623,-0.0987047657792174
qwen-3.5-plus,3,76dc6b,poster,39,0.2137995127845644,0.3257984935056135,1.7184278773934811,0.5857374575719434,0.6780645006786485,-0.0145144739591915
qwen-3.5-plus,2,76dc6b,poster,37,0.2034578900987018,0.3077540954423884,1.733282350854915,0.558004635002217,0.6621066717150411,0.0583092887822793
qwen-3.5-plus,1,774bc4,web,40,0.1944015111326637,0.3227942780228072,1.4613860427652778,0.3566471472763396,0.6337907431883238,0.1898639898635281
qwen-3.5-plus,1,773f17,web,40,0.0932954957938226,0.3770162707988265,1.5328110862548727,0.1894946606948456,0.6277626334624816,0.0530555664887976
qwen-3.5-plus,2,774bc4,web,58,0.0462780911357467,0.3057387278800604,1.5426048685042724,0.1408862826870494,0.5142061296712672,0.08050491352715
qwen-3.5-plus,3,774bc4,web,35,0.1158469026082546,0.287890653610608,1.7347697937219917,0.2056444992736729,0.5940531155904615,0.1068399633607392
qwen-3.5-plus,3,773f17,web,40,0.1955544411457797,0.4088350168833101,1.5822096277484352,0.3187719516521428,0.621401507654349,0.1359051182292523
qwen-3.5-plus,2,773f17,web,48,0.0868645977613471,0.3966538144425513,1.6752536424547713,0.1037346637154434,0.5443232331348185,0.0570248353977907
qwen-3.5-plus,1,7760b5,desktop,45,0.1724257943530401,0.2567614385143668,2.0005494324437607,0.4287531039512128,0.6517872597665596,0.1884288095109725
qwen-3.5-plus,1,76e1d9,mobile,31,-0.0990520081957652,0.1243292313060169,6.881191697315988,-0.2046951759858564,0.2865486720469183,-0.1875931476189569
qwen-3.5-plus,2,7760b5,desktop,40,0.4807806223216501,0.3609716343248653,1.5449445309626757,1.3060496899891003,0.7725880469650722,0.4656372989469345
qwen-3.5-plus,2,76e1d9,mobile,46,-0.1582419307429375,0.1504951275691566,6.874079255873776,-0.3078090645286611,0.3041130119079634,-0.2684019961302212
qwen-3.5-plus,3,7760b5,desktop,50,0.1593577439454387,0.2747799832079981,2.2504369531256883,0.402046077954679,0.6507311987747938,0.0864428150979793
qwen-3.5-plus,3,76e1d9,mobile,49,0.0336982551909868,0.2463412260186339,3.183007936034264,0.1595662075063122,0.5766294930851412,-0.024948362877502
qwen-3.5-plus,1,781b7e,web,53,0.0438009791015935,0.2823860687110799,2.4692496085103475,0.0795263212370752,0.5895279029200597,0.0075744679536168
qwen-3.5-plus,2,781b7e,web,51,-0.001230005337694,0.2878683731147504,2.2264062594456124,-0.0665514469765435,0.5182597043480974,-0.0649078817494533
qwen-3.5-plus,3,781b7e,web,49,-0.0151470960243427,0.2588365157911513,2.7247936241413218,-0.0391262940093136,0.5622737149455188,-0.0326112319262167
qwen-3.5-plus,3,7786e5,poster,49,0.3817890959580227,0.4390497244988997,1.5710343629871415,1.0682664314746202,0.7429167319074745,0.3287079285405065
qwen-3.5-plus,1,7786e5,poster,30,0.3560459582640258,0.400488919545041,2.709051002354177,0.9732407655125536,0.6599749290538625,0.3259732231849605
qwen-3.5-plus,2,7786e5,poster,47,0.2539564164964117,0.3567582200907786,2.15105720921917,0.8029622082541356,0.7084540434596444,0.2703927771009695
qwen-3.5-plus,1,786754,desktop,40,0.4934021249789198,0.4089219618073881,1.1127353983990662,1.342197477425966,0.8340336154586916,0.4169538713818048
qwen-3.5-plus,2,786754,desktop,48,0.3584396861029219,0.2910001454905023,1.73672300827728,0.8351541501802139,0.676020090252768,0.3610235288362149
qwen-3.5-plus,3,786754,desktop,48,0.5514652878915771,0.4779446355360841,0.96035510724802,1.5920481165397924,0.8623244305674524,0.4742223066255847
qwen-3.5-plus,1,787aa3,web,40,0.4871977792955005,0.4834449962919609,0.9976385910859324,1.0528413463954984,0.7920072853836481,0.4009613440830714
qwen-3.5-plus,2,787aa3,web,40,0.3621708581389866,0.4360067407340221,1.062817551541793,0.8275078646333657,0.7863342555216972,0.2971742577405266
qwen-3.5-plus,3,787aa3,web,40,0.3404112354260742,0.4258857674218435,1.339965405544007,0.7838805876855035,0.7786624708513078,0.2999207525689135
qwen-3.5-plus,1,78666b,mobile,48,0.3050091726579756,0.4422072587371422,1.7186726233605718,0.526004210403154,0.6409486195888778,0.3273780759034199
qwen-3.5-plus,2,78666b,mobile,30,0.2575758643110412,0.3879356341114018,2.224041668465156,0.5721615268755642,0.6562292037421203,0.2504817905746768
qwen-3.5-plus,3,78666b,mobile,39,0.3143683663398897,0.4259558880958874,2.062704221794953,0.611177874169324,0.6486707251682688,0.3207429768399598
qwen-3.5-plus,1,7881e5,web,43,0.0252425633943431,0.3260184686913188,2.056764871197113,0.0891772859562185,0.564458733598191,-0.0025069653350292
qwen-3.5-plus,2,7881e5,web,39,-0.0735215421522826,0.3045386232684072,1.8631941783844228,-0.0101816286732932,0.5063423519041574,-0.2276902585680067
qwen-3.5-plus,1,78b10c,desktop,50,0.1998086640796219,0.3016340609894964,1.6677671959044984,0.4255274812651989,0.6638429187271396,0.1773459770210404
qwen-3.5-plus,2,78b10c,desktop,48,0.2143718744193096,0.2903511066087515,1.6963352327723251,0.4538392583325996,0.6870664561406142,0.2001454581627471
qwen-3.5-plus,3,7881e5,web,45,0.0829128810880973,0.3505421500353747,1.7772412142776728,0.2660747010308852,0.6133151070427174,0.0008158100192515
qwen-3.5-plus,3,78b10c,desktop,47,0.1434289752020687,0.2898842933850044,1.73836619864091,0.3369375206219067,0.6587011124253511,0.1062055852405528
qwen-3.5-plus,2,78ddbd,web,48,0.0868255154763236,0.3133381928464571,1.7954054154126315,0.0601327332811932,0.5402310084171307,-0.0909809719821632
qwen-3.5-plus,1,78ddbd,web,38,0.0069250470266397,0.2891713266779777,2.190893983079566,-0.0848184644203969,0.5065873249716828,-0.0747339229024479
qwen-3.5-plus,3,781596,poster,41,0.003864150075499,0.2321778347947392,5.033956014509926,0.066197551331855,0.4202119834316327,-0.1437225810382987
qwen-3.5-plus,2,781596,poster,54,0.0057142505781016,0.2764605509831539,4.063186932173657,-0.025059501440244,0.4729013012228847,-0.1927920551143404
qwen-3.5-plus,3,78ddbd,web,29,-0.0082428307225458,0.2722870595614397,2.9809691742503652,-0.0290164967414902,0.4844278085075548,-0.1257658555895683
qwen-3.5-plus,1,781596,poster,44,-0.0235326812132012,0.2463703641597818,4.808323117081626,0.0082839217619571,0.4172635746723335,-0.1282483725339655
qwen-3.5-plus,1,78fccc,web,48,0.2371119655469247,0.3312111988031924,1.6682839929742488,0.5098450069585785,0.7320170068750632,0.2014004654270519
qwen-3.5-plus,2,78fccc,web,45,0.4101843205012483,0.4212445279890275,1.0208397930120117,0.9959045556419344,0.800702372308862,0.3153274145805402
qwen-3.5-plus,3,78fccc,web,49,0.3001627514513898,0.3382795057272745,1.4828812608724469,0.7527729681382992,0.6878840553567536,0.1969415833427468
qwen-3.5-plus,1,78cb76,poster,47,0.6586466226002805,0.4957031937290395,1.5120574715208923,1.7024501017129134,0.7980431821132752,0.6519363130368473
qwen-3.5-plus,2,78cb76,poster,40,0.6000581978317382,0.5261027510358446,1.2977242559501774,1.7166924597204718,0.8171692119797276,0.5862770569754213
qwen-3.5-plus,3,78cb76,poster,40,0.4353504254235971,0.432743025057699,2.264104484125101,1.1737954035950149,0.7918048844847575,0.4193534054497813
qwen-3.5-plus,1,79e0cc,desktop,40,0.5887167559072103,0.3498492210604985,1.3406246647483366,2.2414632679969886,0.8678559991141693,0.5716443236097336
qwen-3.5-plus,2,79e0cc,desktop,50,0.4791622693633869,0.388143463327196,1.2187782015860402,1.8284289179418949,0.8735033188284317,0.4715131862115007
qwen-3.5-plus,2,79672d,mobile,40,0.3075378756263298,0.4309030427421783,1.939117204177607,0.6326561968857634,0.706080185693596,0.2215338158594466
qwen-3.5-plus,3,79e0cc,desktop,30,0.5833030198626767,0.383532935241171,1.3026783368507155,2.22639610636324,0.8576386202654379,0.5654855328587465
qwen-3.5-plus,3,79672d,mobile,24,0.2567995787792984,0.3606643198430369,2.6326874295073535,0.597037445947967,0.6668809794784687,0.2066073059050738
qwen-3.5-plus,1,79672d,mobile,30,0.2157790934914006,0.4023741459479066,1.8778555358316884,0.4122828357233478,0.6672203572913195,0.1092082877845964
qwen-3.5-plus,2,79dba2,poster,47,0.3435729721320094,0.3866199683166627,3.147196116527705,0.982974255781784,0.7778259302219236,0.364399838923656
qwen-3.5-plus,1,79dba2,poster,48,0.5435421992779262,0.4995489047571879,1.402451073368652,1.3689481637331251,0.8540766642923392,0.5713975770017404
qwen-3.5-plus,3,79dba2,poster,41,0.4693115943669684,0.4966794811351669,1.6051628477469717,1.083437385423722,0.8209996959788514,0.4807497866376276
qwen-3.5-plus,1,7ac1c6,web,38,0.245465464808692,0.4380378418773299,1.352293093779288,0.5972642696091434,0.6957267820315308,0.0724125984016896
qwen-3.5-plus,2,7ac1c6,web,40,0.2269258800310032,0.4324007675465631,1.370220293769432,0.5639976237380916,0.6859927241286641,0.0588136180950137
qwen-3.5-plus,1,7a9967,mobile,30,0.2402328225186177,0.3082361118343691,3.2512055802543447,0.6381279590262485,0.6568941987754046,0.239406867845513
qwen-3.5-plus,2,7a9967,mobile,51,0.2693267725403913,0.3161372828411047,2.145254966070741,0.8352636214724971,0.7150531678574522,0.2239104888256686
qwen-3.5-plus,3,7a9967,mobile,46,0.1856993144501256,0.294358669952776,2.404243879017051,0.4529187341088578,0.6517734257194262,0.1330673388809065
qwen-3.5-plus,1,7aad84,poster,51,0.6316398366082319,0.5559713996325216,2.19707496921177,1.0914991432794592,0.7064049954859095,0.6031292642590591
qwen-3.5-plus,2,7aad84,poster,30,0.6699859024638108,0.6101248219793756,1.0002175234764503,1.11635136874514,0.8133014919874898,0.6574700422533284
qwen-3.5-plus,3,7ac1c6,web,48,0.3476718115358145,0.4765605397146877,1.0671790185314258,0.8226591253199289,0.7248585747014753,0.2008313197184332
qwen-3.5-plus,3,7aad84,poster,46,0.6774007584162367,0.5959950535201205,1.209351140219661,1.333014724376547,0.8190109691590897,0.6681771834500496
qwen-3.5-plus,2,7ace2f,poster,40,0.1625616956093665,0.4032781080214868,1.819510679960677,0.3156869040764764,0.5928672473866804,0.1320145806956986
qwen-3.5-plus,1,7ace2f,poster,42,0.059840110116486,0.3818852564132075,1.7720686718448366,0.1381716864028132,0.5551301535958192,-0.0204137307108877
qwen-3.5-plus,3,7ace2f,poster,44,0.1284237800865168,0.4041396422120994,1.7000592839664117,0.3551319651074138,0.6058926623090962,0.1073138567670546
qwen-3.5-plus,1,7afd03,mobile,33,0.5186241460533451,0.4325439140992899,2.4354970635995565,1.4589419575204925,0.7277743536926902,0.3679218614991619
qwen-3.5-plus,2,7afd03,mobile,48,0.4007525812469337,0.4228213561312551,2.0934056141603388,1.0772062267008884,0.7411053268001494,0.2742789647848349
qwen-3.5-plus,1,7b3c72,mobile,40,0.28596297554445,0.3690884309816429,3.083795901776092,0.4815872567844999,0.6685318606303293,0.2320120519107863
qwen-3.5-plus,3,7afd03,mobile,30,0.3340418256806566,0.3537985027657255,2.6810103321175367,0.854290840842743,0.6964811161416257,0.2241244529602268
qwen-3.5-plus,2,7b3c72,mobile,45,0.217066901930627,0.3298575456657046,3.2824975532313383,0.4239093435295397,0.66866913429995,0.1561407599063242
qwen-3.5-plus,1,7b6601,web,50,0.4959654293757521,0.4729446409695331,1.1617566632350014,0.9455463623035496,0.742619762067672,0.4824990256241021
qwen-3.5-plus,3,7b3c72,mobile,46,0.0870460220867838,0.2500251358106226,3.965518119121567,0.1844432018138265,0.6213258247705121,0.0744143650902497
qwen-3.5-plus,2,7b6601,web,40,0.2022767449992913,0.3551868999721027,1.5986131679418305,0.4032382981824159,0.6524177621777429,0.1709385969341467
qwen-3.5-plus,3,7b6601,web,40,0.2416253912269227,0.3645043444234968,1.602820417746415,0.5205294648658324,0.6537783917393147,0.2317758891143009
qwen-3.5-plus,1,7b6c15,mobile,30,0.4987405275874081,0.4808749125528579,1.3155236682659075,1.1052567823408614,0.7790693506383889,0.4684906727472948
qwen-3.5-plus,2,7b6c15,mobile,41,0.41453190154274,0.4237257486159793,1.3054539566895218,0.6955949154795731,0.6956675491317362,0.301477531705057
qwen-3.5-plus,1,7b8443,web,40,0.0563258036964527,0.2546254546405896,4.341099701014225,-0.0010250880578527,0.4720847309289097,-0.0281931908353558
qwen-3.5-plus,3,7b6c15,mobile,48,0.5220169217009423,0.4776792599251333,1.236931325509922,1.370736404153761,0.7832720207070885,0.476813921922514
qwen-3.5-plus,2,7b8443,web,46,0.045902863754675,0.2988746589525945,4.529612998195882,0.2426693338706532,0.4706715293656206,0.0458549657466105
qwen-3.5-plus,3,7b8443,web,46,0.2892805159317452,0.3918046267325336,2.2392707269690413,0.6243745721375268,0.6675229197502742,0.1799586617893752
qwen-3.5-plus,1,7ba4bc,mobile,32,0.4122612564614218,0.3588725797595613,3.3441231782006904,0.860679032799109,0.6072004557100161,0.3695741285734638
qwen-3.5-plus,3,7ba4bc,mobile,31,0.5296237879012511,0.4177495040001492,2.9406205455475964,1.1834335057024048,0.6814838255802135,0.5216892347742407
qwen-3.5-plus,2,7ba4bc,mobile,48,0.3971071462573042,0.4029138697772955,1.8554035336377557,0.8953690596923167,0.7096205728024106,0.3851927668937285
qwen-3.5-plus,1,7bed0d,desktop,40,0.4022853419756996,0.4738252209456033,0.9259401197388432,0.965997275870198,0.7655724701966702,0.3686872425549111
qwen-3.5-plus,1,7c352d,poster,45,0.246868408831768,0.3432614439630564,1.2933834804917117,0.5698804687769435,0.6776893123260728,-0.0902839100523449
qwen-3.5-plus,1,7c2883,web,52,0.2377801874123037,0.3920077277207038,1.143592200103133,0.3254294992178063,0.6051477018982052,0.2317360850085375
qwen-3.5-plus,2,7c352d,poster,51,0.0654243229746587,0.3255695307547467,1.441169764277679,0.1983927101893941,0.5591965478336888,-0.2663455458892699
qwen-3.5-plus,3,7c352d,poster,50,0.2914163390382611,0.3430723363701206,1.3310428004445012,0.620538656890227,0.6718960672938483,-0.0327240228894204
qwen-3.5-plus,2,7bed0d,desktop,66,0.2529376117032972,0.4055733471640546,1.4058389293091875,0.557686496716331,0.6708719108975248,0.1776653475532646
qwen-3.5-plus,2,7c2883,web,40,0.5044851822881995,0.5090126165088782,0.8474815318812152,1.0341574874605364,0.7446979078139107,0.4988156923072734
qwen-3.5-plus,3,7c2883,web,52,0.2227986965024864,0.3930408017720889,1.149878349140108,0.3123269154113343,0.6048111382200733,0.2163105310499231
qwen-3.5-plus,3,7bed0d,desktop,40,0.475659751155755,0.4984072444414839,0.8424749549617261,1.1265097670035076,0.7883691395077224,0.4028188107587354
qwen-3.5-plus,2,7c5f79,poster,40,0.401935275401985,0.3863025891595562,1.729370587191974,1.2617277083973422,0.8178059101410535,0.3942169543096031
qwen-3.5-plus,3,7c5f79,poster,41,0.3510692188985804,0.3426962056102567,1.9239273546120792,1.180771680817449,0.7912028608245872,0.3492161510512556
qwen-3.5-plus,2,7c4cae,mobile,41,0.0808070743412787,0.3162526530774965,3.732735005455301,0.5013446231930941,0.54113575769885,0.1071834269315879
qwen-3.5-plus,1,7c5f79,poster,45,0.3178809513539684,0.3487247712439173,1.5088590374000106,1.037080333676595,0.7975294135271301,0.3130534932341385
qwen-3.5-plus,3,7c4cae,mobile,40,0.0364263805214428,0.3029733950682163,3.8472386881378458,0.336382833623339,0.5254758308264685,-0.0402350394245588
qwen-3.5-plus,1,7c4cae,mobile,28,0.0946030413099673,0.2881367292552679,3.897248514504349,0.470672681449686,0.513135460703284,0.0618998596311785
qwen-3.5-plus,1,7c5f7f,mobile,46,-0.0945409724173904,0.1625360330097312,5.428449126272456,-0.1184682837715825,0.4313559783301592,-0.0496811241241629
qwen-3.5-plus,1,7c76a1,web,46,0.276484794093307,0.4618088797989686,0.9402427097812815,0.5280285024151447,0.6871058760659039,0.1530816135406302
qwen-3.5-plus,2,7c5f7f,mobile,30,-0.0818703778728038,0.1516266837528762,6.500775699820388,-0.0495103352661229,0.3991385914039632,-0.1069354119747318
qwen-3.5-plus,2,7c76a1,web,43,0.1630295498024118,0.4090423978740349,1.2054016155755671,0.3000566987911764,0.6068541669344848,0.0948219276001852
qwen-3.5-plus,3,7c76a1,web,40,0.241296925470475,0.4328298123873191,1.1137948161767008,0.4623042770877854,0.6579490474731171,0.1424649353479961
qwen-3.5-plus,3,7c5f7f,mobile,30,-0.0022244410929478,0.236251382035923,4.6103825600958,0.3189709507593807,0.5146145897585701,-0.0660004536444513
qwen-3.5-plus,2,7c8c61,web,50,0.2234593416233513,0.2878917191636505,1.6006624875807915,0.595890925213435,0.699250598911942,0.1648037717195163
qwen-3.5-plus,1,7c8c61,web,48,0.4791984588673261,0.3691530161024934,1.2936588759271153,1.283615333516977,0.7559353600974199,0.4706807370797501
qwen-3.5-plus,3,7c8c61,web,269,0.3621416639019306,0.3548682550404506,1.2986851631767728,0.8356331177771322,0.7157121371644446,0.3101441070880657
qwen-3.5-plus,1,7c98c6,web,45,0.3881542889608503,0.3849594479273672,1.1432954929679322,0.8506602872234799,0.7428917759524958,0.3617253092072487
qwen-3.5-plus,2,7c98c6,web,40,0.4675049500629221,0.4263349312506292,1.0190739995009717,1.1304678080958357,0.7849211337065067,0.4370686741794528
qwen-3.5-plus,3,7c98c6,web,47,0.4941079940708959,0.41200365289211,1.1752699784837148,1.1342272823730553,0.7527568909868962,0.4808868780257304
qwen-3.5-plus,1,7caa99,desktop,48,0.2549922845994254,0.4183460645453039,1.1581607835786385,0.6128806842417911,0.6663720292005462,0.2341969499519383
qwen-3.5-plus,2,7caa99,desktop,40,0.3062762995451704,0.4501013254291315,1.1681404929080357,0.7344258109921218,0.7291700216082707,0.3191698985925907
qwen-3.5-plus,3,7caa99,desktop,45,0.1596849164444686,0.3953535404703711,1.308054089242755,0.4370205158558056,0.6355962393066792,0.1850991524946527
qwen-3.5-plus,2,7cc04a,desktop,35,0.3601182194561511,0.4159794885923668,1.127626159181044,0.8451616067708049,0.7467863225980622,0.337494308138705
qwen-3.5-plus,1,7cc04a,desktop,37,0.4951484965999683,0.4828071422403732,0.852730811986872,1.25322435270877,0.8190164004327541,0.4400700699519465
qwen-3.5-plus,3,7cc04a,desktop,39,0.453903774492693,0.4400313299428962,0.9772921748356024,1.126048096311042,0.7899104463596932,0.4144498235842886
qwen-3.5-plus,1,7cd2e0,poster,48,0.1247878596787734,0.4174840769786551,2.431423897977234,0.1608102409826068,0.5417797303778052,0.1118916580267793
qwen-3.5-plus,2,7cd2e0,poster,36,0.1814303690044735,0.4211756250055378,1.6778984133985937,0.3662404369534277,0.6386489316901365,0.1645029278868587
qwen-3.5-plus,3,7cd2e0,poster,43,0.0619412119637863,0.3431696648437904,2.640253959247845,0.1240942207138744,0.5745861354780002,0.0599569072400441
qwen-3.5-plus,1,7cf580,poster,51,0.4925743683656981,0.5215490238095223,1.2094154704272966,1.0130643247792293,0.7724730781572754,0.3888451532216331
qwen-3.5-plus,2,7cf580,poster,40,0.2455813659969826,0.4181726736509723,1.1098136390992996,0.4549043374702314,0.6457242084394458,0.1945322079107428
qwen-3.5-plus,3,7cf580,poster,40,0.1139347809764518,0.4229727105853208,1.6481272784767225,0.3299634415991254,0.5478772463720211,0.020884378268594
qwen-3.5-plus,1,7d53b3,desktop,40,0.193852101330863,0.3133573646599134,1.5203206897398274,0.483629618707856,0.6796298272643265,-0.1405445254544994
qwen-3.5-plus,2,7d53b3,desktop,40,0.1545922583357552,0.3200462757344247,1.7179971666029152,0.3032069291818622,0.6381740027846551,-0.0969735193013773
qwen-3.5-plus,3,7d53b3,desktop,49,0.328093079840315,0.3360251005628941,1.343987537350402,0.8870766483940576,0.7523327902054052,0.0852411609742547
qwen-3.5-plus,1,7d1335,web,40,0.3724894980784992,0.4756716729378825,0.9442772920519662,0.6810872772338791,0.700657916983074,0.290913187051198
qwen-3.5-plus,2,7d1335,web,45,0.4484052783523518,0.504063481818583,0.8317431140039969,0.7866591421260748,0.7124111074886234,0.3390051770394697
qwen-3.5-plus,3,7d1335,web,40,0.3455503870219548,0.4617643992997973,1.0503258955272636,0.6118255542172193,0.6879215990121252,0.2583339685122512
qwen-3.5-plus,1,7d5fb2,desktop,40,0.2610929925281127,0.3594141442870754,1.596624339750341,0.553701613832414,0.6682382095084851,0.2724015869895103
qwen-3.5-plus,3,7d5fb2,desktop,48,0.2465639403147466,0.364429496383429,1.280104013785876,0.5700659886434204,0.6802670197367847,0.1675310066995157
qwen-3.5-plus,2,7d5fb2,desktop,35,0.3433969997621738,0.4014335193596736,1.6190208166751106,0.7589600150940125,0.7180657433105424,0.3144920522989203
qwen-3.5-plus,1,7d61f6,poster,48,0.2871068065012231,0.3721087969679069,1.350495641732135,0.7762548553118261,0.689243026602926,0.2861633650055669
qwen-3.5-plus,3,7d61f6,poster,50,0.3820460703992974,0.3813872418369374,1.6869861958492205,0.903788942388608,0.6338522669929224,0.3896219071575236
qwen-3.5-plus,1,7ce6d3,poster,40,0.3835978031658676,0.3931318569166355,3.1677055428662277,0.6567422794729034,0.6614764092258234,0.4467803036880802
qwen-3.5-plus,2,7d61f6,poster,43,0.1035845843929132,0.2920369932425332,2.0035539264145017,0.2778314459642392,0.5710887483526245,0.1056286443382977
qwen-3.5-plus,3,7ce6d3,poster,50,0.3326053929495743,0.4335478395092085,2.074417638201803,0.6777428547134663,0.6795801320274016,0.3417010460994838
qwen-3.5-plus,2,7ce6d3,poster,36,0.4439495985916121,0.3171153685389641,4.195454437573472,0.7695235418666587,0.5999563163276073,0.4445170942073179
qwen-3.5-plus,1,7dd59a,poster,40,0.1983224003740626,0.4076931495140592,1.648891262306424,0.2743938797608977,0.6041118025708505,0.2316261954908057
qwen-3.5-plus,2,7dd59a,poster,40,0.3961597115327612,0.4925419363347804,1.0492800235434592,0.6452061943376377,0.6764542834663582,0.3898838010791328
qwen-3.5-plus,3,7dd59a,poster,50,0.2930220677650903,0.4699155439988971,1.2212316070130114,0.4143096522881332,0.6310405866633809,0.3051748956218187
qwen-3.5-plus,1,7db957,mobile,30,0.3851630839347131,0.3669460189647335,2.0416789308588106,1.0486749967203448,0.7900783118577768,0.2390101522847207
qwen-3.5-plus,1,7dec89,poster,41,0.0191020379524141,0.4520014853727319,1.496324868519782,-0.0191668173919514,0.5052575946877513,-0.0561537812030829
qwen-3.5-plus,2,7db957,mobile,42,0.4844501131953657,0.4637110321123439,1.1928251751530314,1.4822530904894866,0.8554575319908503,0.4812081954641304
qwen-3.5-plus,3,7dec89,poster,40,-0.0103788751392294,0.4594775570428022,1.476852542849943,-0.1219258488055662,0.4810836779352704,-0.0717634843200389
qwen-3.5-plus,2,7dec89,poster,40,-0.1043231872705393,0.3671555266297142,2.323724066905498,-0.1317533625109058,0.4573071537962166,-0.1279575043405042
qwen-3.5-plus,3,7db957,mobile,30,0.4595031801678609,0.4681483777753087,1.09475863811313,1.3031579621366338,0.849764112436291,0.4207802623038536
qwen-3.5-plus,1,7dea7a,mobile,40,0.1593514787709811,0.2577926737567682,5.142106882164493,0.3439512446708809,0.4803625599971419,0.1612528181802673
qwen-3.5-plus,2,7dea7a,mobile,46,0.0434438157138137,0.2461419845533386,4.4551253061145,0.0317636571858934,0.5334244494530342,0.0472327214746503
qwen-3.5-plus,3,7dea7a,mobile,35,0.2474836321270368,0.3355613783642868,3.6778068090790463,0.545052194438928,0.6808206988344541,0.2546841375789191
qwen-3.5-plus,1,7decae,mobile,40,0.2852111583269196,0.4130971556510037,2.558242740289772,0.6376241984196427,0.6990687274713665,0.2404771592132594
qwen-3.5-plus,3,7decae,mobile,47,0.4466267529665773,0.5009635571751391,1.4845399242122674,0.8631697618023605,0.7255795459884354,0.396195530493163
qwen-3.5-plus,2,7decae,mobile,35,0.2119050198705308,0.3666855277878592,2.581910153681908,0.1912977075511722,0.6422943589640207,0.137784645656005
qwen-3.5-plus,1,7e01b8,poster,48,0.2816642056912287,0.3024117704969019,4.6132909777394735,0.4889444337084612,0.5760639928761452,0.2967540236804097
qwen-3.5-plus,2,7e01b8,poster,45,0.539558721506213,0.5559127179038783,0.8974907514360877,1.0049393436859144,0.7671171183394938,0.5349131933881287
qwen-3.5-plus,3,7e01b8,poster,50,0.4170438151804958,0.4418727839219416,2.7285036684004305,0.7070274840424428,0.7204924021059899,0.4418188960418651
qwen-3.5-plus,1,7e2e98,web,30,0.2413562215046397,0.4065053977647656,1.5536540276524722,0.5204324529933895,0.7123308181358183,0.0760354950478248
qwen-3.5-plus,1,7e305e,desktop,48,0.1071129847698703,0.2428518690292025,1.8949203120600375,0.4193388858647741,0.7081745316048886,-0.0472519926909403
qwen-3.5-plus,2,7e2e98,web,50,0.2236504548048943,0.3916585710558121,1.512146642428679,0.5316629974767009,0.6984144071045384,0.0071957247518389
qwen-3.5-plus,2,7e2533,poster,51,0.229353345223038,0.3263019297522884,3.05469458915017,0.5190688867813006,0.6504969052597407,0.2721509738507756
qwen-3.5-plus,2,7e305e,desktop,46,0.0829257203460651,0.2251576066644486,2.302247370447688,0.4126329616104874,0.648606468169722,-0.0863741799007276
qwen-3.5-plus,3,7e2e98,web,40,0.2272176104408007,0.3934853922894684,1.3793498278317615,0.4845983998203789,0.6864238619040532,0.0641512693160342
qwen-3.5-plus,1,7e3369,mobile,40,0.3474568937965495,0.4645363209355085,0.8997631544645973,0.621705275037136,0.685974643241095,0.3295134656674511
qwen-3.5-plus,1,7e2533,poster,50,0.29224045435969,0.3590780289199432,2.735752537551906,0.6461040722967861,0.6698141302158684,0.2986146831717967
qwen-3.5-plus,3,7e5b71,poster,49,0.0007470303550622,0.4300511769861612,1.2061123437502792,0.1071162607501191,0.5505448988129624,0.1347304324721182
qwen-3.5-plus,3,7e305e,desktop,46,0.0105883113704672,0.1937505745340206,2.6162759374086897,0.1681608089412144,0.5636144067096523,-0.0122725541842575
qwen-3.5-plus,1,7e5b71,poster,43,0.2181004991759176,0.4906882439598061,0.8753182376974726,0.4399788962799354,0.6650922156329254,0.2414721909160093
qwen-3.5-plus,2,7e5b71,poster,47,0.1610759225170542,0.4606587176020325,0.9748295031334868,0.2996502394122973,0.6119035271333277,0.2776632237381528
qwen-3.5-plus,2,7e3369,mobile,40,0.2520277570612542,0.4458424194452514,0.9732035378558626,0.4013829183325964,0.6381409072306807,0.2409007467546389
qwen-3.5-plus,3,7e3369,mobile,40,0.3245449007157346,0.4449290931665915,0.9919610431174698,0.5296890794647607,0.659122973605819,0.3316976163408931
qwen-3.5-plus,3,7e2533,poster,44,0.2702837822432572,0.3915100037428937,2.160098934473447,0.7130824719850107,0.7238480765626526,0.2637039477604608
qwen-3.5-plus,2,7ec75a,poster,40,0.0615819986558317,0.2268187814923152,2.9962681426296705,0.0221398285065495,0.5268778178954344,0.013119323981498
qwen-3.5-plus,1,7ec75a,poster,47,0.0968104645494236,0.2623047369491125,2.717393222828452,0.2531784496364494,0.5868684882942924,-0.000960625033418
qwen-3.5-plus,3,7ec75a,poster,35,0.126389811112569,0.2600262711458824,3.025351463762722,0.2925676064025395,0.546072759505539,0.0531014740170717
qwen-3.5-plus,2,7ee34f,mobile,30,0.2641012447251615,0.3218134997355287,3.119147818674063,0.7472263288315009,0.6393001911655912,0.1702269238088402
qwen-3.5-plus,1,7f0091,poster,38,-0.0072219389662039,0.2793915618380552,1.88129090506788,-0.123582307698091,0.4769288177353296,-0.0445099996122147
qwen-3.5-plus,2,7f0091,poster,40,0.000911592269426,0.2864137242978212,2.1996993036462325,-0.0297512227602537,0.4806026582447367,-0.0718021890579537
qwen-3.5-plus,1,7ee34f,mobile,30,0.2558571336836861,0.299196928469076,3.9074192298231383,0.7309599067812194,0.5800599082666911,0.1216967563961686
qwen-3.5-plus,3,7f0091,poster,45,0.0712412222093082,0.3138397924768814,2.3701895694198716,0.1944882681724906,0.534067500574725,-0.1308126587497185
qwen-3.5-plus,1,7ee781,mobile,65,0.1672434300424726,0.4590560193129313,1.6513059524383935,0.409375646697627,0.6089816385108963,-0.0084205272732465
qwen-3.5-plus,3,7ee34f,mobile,40,0.3893323494618241,0.4100010147862076,2.7583668939849475,0.8678294831404969,0.6988501420007167,0.1935546553464078
qwen-3.5-plus,2,7ee781,mobile,46,0.1399074418117935,0.4232786186221616,1.897501104876363,0.2612643805852341,0.5945170160712658,-0.0639123381300719
qwen-3.5-plus,3,7ee781,mobile,50,0.052121028875046,0.399182638425784,2.3325869383548268,0.21598975534808,0.5736302233494002,-0.1052758537987481
qwen-3.5-plus,1,7f066d,desktop,47,0.1717294797123789,0.3633424488917619,1.6765212385301254,0.2888466627948026,0.6139975036421244,0.1437026473443078
qwen-3.5-plus,2,7f066d,desktop,40,0.2840338829102339,0.3852196796585604,1.960585104515704,0.542471396340914,0.7154152643473849,0.2435943557603688
qwen-3.5-plus,3,7f066d,desktop,47,0.1976850060416863,0.3501158273487072,1.8889412265837255,0.3770882150885855,0.6346894667852264,0.1761588139954681
qwen-3.5-plus,2,7f6c14,web,40,0.0643370120097026,0.2946923172626861,2.9046111751273354,0.1680124193192448,0.6650232407218128,-0.2434844420985024
qwen-3.5-plus,1,7f6c14,web,46,0.048382465500819,0.2763758909691565,2.356266218600682,0.1854048120364406,0.5741605962125496,-0.0290901788589239
qwen-3.5-plus,3,7f6c14,web,50,-0.0520321850374395,0.2468378128377944,2.789149339445775,-0.0620540447104247,0.5215147386929093,-0.168513164495997
qwen-3.5-plus,1,7f6f8f,desktop,49,0.5731006070178237,0.4650723008973398,2.408406500993265,1.3746830658751117,0.7142038649107088,0.5213774438387826
qwen-3.5-plus,2,7f6f8f,desktop,57,0.5994217861494086,0.5010742220931494,2.0119817415830785,1.4711144366251103,0.7497366000576211,0.5522912575487182
qwen-3.5-plus,3,7f6f8f,desktop,50,0.6903003147292004,0.4930417954375489,1.6310685624200167,1.6917542478029843,0.7297116373950184,0.6543440463163115
qwen-3.5-plus,1,7f9e3a,desktop,48,0.1244776622967703,0.3245770708645138,3.501088263907809,0.2793064004057579,0.5371315165290221,0.2270114383790072
qwen-3.5-plus,2,7f9e3a,desktop,184,0.1374918515951502,0.2714410573769052,6.16559191648099,0.3589551881345527,0.4142614856181159,0.0235724076536718
qwen-3.5-plus,3,7f9e3a,desktop,50,0.1012510704196726,0.34410170680807,1.9980223200026843,0.2272542808627682,0.5844805189753801,0.1736024732282028
qwen-3.5-plus,1,7fc716,desktop,43,0.0477088395037324,0.2613541583875747,2.4684673430580704,0.2834141927646549,0.6198610955239624,0.0999359039193093
qwen-3.5-plus,2,7fc716,desktop,29,0.0578148285681913,0.2922424165976709,2.8465455431969273,0.3642574216242421,0.6041190530797803,-0.0044767791718542
qwen-3.5-plus,3,7fc716,desktop,44,-0.002760471015481,0.2463989995401066,3.0169426346944914,0.1939583156776721,0.5555577163707325,0.0410505136463722
qwen-3.5-plus,1,80126c,web,40,0.4614896404600703,0.4884524865185747,0.9851939719267307,0.9292652941914388,0.759429608492079,0.3534131928367432
qwen-3.5-plus,3,80126c,web,40,0.3402531512028144,0.4516052091669366,1.0649172393306618,0.6502192277125499,0.725966683329142,0.2158330076839184
qwen-3.5-plus,2,80126c,web,40,0.3902352668457668,0.4304305031072179,1.5118980744496682,0.7727448332518916,0.7049611330520604,0.2772087961632002
qwen-3.5-plus,1,7f957a,mobile,47,0.7854979172287716,0.6884635967892,0.8116429507836658,1.5212646303181696,0.8160043172472367,0.7047164052084408
qwen-3.5-plus,2,7f957a,mobile,45,0.7616275242549969,0.6577900309202372,0.9632637477722704,1.3555119277670322,0.7802639399020432,0.6824380122742322
qwen-3.5-plus,3,7f957a,mobile,40,0.6026335861360521,0.5859061189468281,0.9026988649405674,0.8799725402872807,0.7590641027836201,0.4649307151427481
qwen-3.5-plus,1,8087da,web,42,0.2470961299541877,0.2864865821701162,1.8759354860504809,0.7421114940177217,0.7130065889357117,0.2159117922057152
qwen-3.5-plus,2,8087da,web,40,0.3186436698871746,0.3028778786582266,1.6630277740771091,1.0404827421563825,0.7713948466449849,0.2898022413486115
qwen-3.5-plus,3,8087da,web,40,0.2253142130994717,0.2589129269871302,2.0300953280547605,0.7045981585594561,0.698480428932362,0.1701698558172587
qwen-3.5-plus,1,804d56,mobile,39,-0.0686425734965819,0.2133534456405223,4.652923988247584,-0.2053043306633316,0.3948371236570002,-0.2892675150270538
qwen-3.5-plus,2,804d56,mobile,40,0.1313953520859244,0.3024161343376078,3.047828782451219,0.2352399740330768,0.5915837750008932,0.0052180876971819
qwen-3.5-plus,3,804d56,mobile,51,-0.0525173773767353,0.2538343206041367,3.55209063652568,-0.1525759827487751,0.5196461993983427,-0.3686939591780417
qwen-3.5-plus,1,80e896,poster,28,0.1085624581354024,0.2504007198086161,2.815208118389016,0.1813443978047169,0.605061606445179,-0.0799301505424631
qwen-3.5-plus,1,809460,poster,39,0.3706525680600375,0.3836904810024643,2.436105500941074,0.8824931806481692,0.7081210043428539,0.4050074458689087
qwen-3.5-plus,3,80e896,poster,40,-0.0820778637837911,0.1750968347956134,4.147804186219174,-0.0775240511811851,0.4757454502951589,-0.028058314752921
qwen-3.5-plus,2,80e896,poster,49,-0.0933079859201786,0.210979406518823,2.7499283098249547,-0.0437668545844618,0.4874897192020064,-0.2280877577568161
qwen-3.5-plus,2,809460,poster,32,0.1929765064705821,0.2783345478003036,3.136268340715507,0.3892353652552797,0.6398117404876877,0.2712064556745421
qwen-3.5-plus,3,809460,poster,49,0.3375319299594942,0.3522555439927054,2.5929390173853153,0.822110209189634,0.6669901878363995,0.3506308184778353
qwen-3.5-plus,1,80e107,mobile,41,0.2028176887888959,0.3184086536684888,2.4201422157606185,0.5146726506675992,0.7243971804158928,0.1971100812617834
qwen-3.5-plus,3,80e107,mobile,40,0.0939465393192209,0.2316289151787977,4.740197448765138,0.2238485223764819,0.5510677983863168,0.0457169813856544
qwen-3.5-plus,2,80e107,mobile,50,0.0047111713782836,0.2347791047794216,3.6070433706125304,0.0059201392655519,0.4672419296759134,-0.1049071687743396
qwen-3.5-plus,1,815511,desktop,40,0.3937691410707702,0.4091175940065373,1.063522084798824,1.0072489627608363,0.7976626033656538,0.3496510921055508
qwen-3.5-plus,2,815511,desktop,50,0.4918692341232901,0.4480477614651244,0.908917785927016,1.2480385193801995,0.834097799462857,0.3842193671903273
qwen-3.5-plus,3,815511,desktop,51,0.3852458026802465,0.4034717664952213,1.0609407076332833,0.962719965219078,0.7997024691483635,0.3638291116313572
qwen-3.5-plus,1,8118a1,mobile,40,0.0837150515574483,0.3553013258746127,2.9463291687604283,0.0149812142798392,0.5460655959284166,0.0359354186015233
qwen-3.5-plus,1,815859,desktop,40,0.0521336331253732,0.2604594595057701,1.7915132827502451,0.1630351089673331,0.5842215347048247,0.1088646237978763
qwen-3.5-plus,2,8118a1,mobile,51,0.2975990774165905,0.4731948129901445,2.0333787286343536,0.2682066853408244,0.6144040503323085,0.1371320837142423
qwen-3.5-plus,2,815859,desktop,48,0.2750290515826016,0.339840602848656,1.6876854134747483,0.4636088725620498,0.6661110360277872,0.2813440209282317
qwen-3.5-plus,3,815859,desktop,45,0.2429343347681914,0.3305392464773095,2.27117028671651,0.5095624219984392,0.5984256198982807,0.2946259941036165
qwen-3.5-plus,3,8118a1,mobile,40,0.1803360340213932,0.4154917959058846,2.026443977375464,0.129248382051696,0.5985462627113867,0.0948491903987215
qwen-3.5-plus,1,8160e7,desktop,39,0.3646368345410215,0.3613563405913411,3.739956546099443,0.651825987005326,0.5934985498951623,0.338959114765056
qwen-3.5-plus,2,8160e7,desktop,62,0.1350404787107655,0.2378951188883555,4.350970282018254,0.1738327829359795,0.5607078250303864,0.1033013777315858
qwen-3.5-plus,3,8160e7,desktop,50,0.4933060904483535,0.4883641037990929,1.0298378498985348,1.0053364044263613,0.7208020937261931,0.4748167565824634
qwen-3.5-plus,1,81e5e3,desktop,46,0.5082985701047601,0.4373459156201856,1.123265197322441,1.422868995680454,0.8284351684617448,0.4121281651017142
qwen-3.5-plus,1,81627a,web,32,0.2299154338486601,0.2801847970930277,3.2593407888264125,0.5869154013632941,0.5951218803477303,0.153270531774757
qwen-3.5-plus,2,81e5e3,desktop,40,0.3222733133421704,0.3777327159586044,1.3636594077513229,0.814238572455637,0.7720093620652488,0.1745123476824452
qwen-3.5-plus,2,81627a,web,40,0.2059304348272241,0.2998638389689963,2.499282677736024,0.518009306915108,0.5811349800183966,0.0888297756124571
qwen-3.5-plus,3,81627a,web,45,0.403479619816144,0.3671811007117811,1.7614470015128731,1.0743918968379436,0.7247370177160716,0.3289009608490518
qwen-3.5-plus,3,81e5e3,desktop,46,0.51423017956464,0.4353095125483943,1.1059372736552764,1.464544149880309,0.829054191195903,0.4222251732606483
qwen-3.5-plus,1,822454,web,40,0.2699654651190503,0.3143445187179345,1.7267818973358349,0.726767558895096,0.7300815678233824,-0.0136534796558358
qwen-3.5-plus,2,822454,web,49,0.2614314321507229,0.3389917737633307,1.631650568014932,0.7102740264042097,0.7416641188697523,-7.865076400310063e-05
qwen-3.5-plus,3,822454,web,40,0.2746498694053128,0.3582554589784246,1.683950319067866,0.7997834975491668,0.7687470382318863,0.0300382036009209
qwen-3.5-plus,1,81f2f3,mobile,36,0.0779226073887558,0.2855019272736182,3.606457242134596,0.0366814627878943,0.5661099251611167,-0.0054164695245889
qwen-3.5-plus,1,82361c,desktop,46,0.4728707743182155,0.4435487675108217,1.3113667944881309,1.0973383385044024,0.8056008392534862,0.4644381736506186
qwen-3.5-plus,3,81f2f3,mobile,40,0.0632784580226102,0.2968465713817966,3.6046061655019295,0.0290622120102928,0.5592886196467461,-0.0298044973616424
qwen-3.5-plus,3,82361c,desktop,41,0.5805617643948227,0.5127582938466135,0.9241566946401844,1.463362839753113,0.8481957983033775,0.5763282867863456
qwen-3.5-plus,1,824f2b,desktop,48,0.1947212527867524,0.3321203395631403,1.6464844425162322,0.521409529128656,0.6338275765905531,0.1315379629942706
qwen-3.5-plus,2,824f2b,desktop,39,0.3013580881502259,0.3788667701974056,1.4421132894814397,0.6894495690461768,0.6643888888632928,0.2166781039219754
qwen-3.5-plus,2,82361c,desktop,51,0.4808159256515106,0.4217119687899736,1.2704661051407675,1.0909637595992148,0.7465259984979205,0.4635227539596601
qwen-3.5-plus,2,81f2f3,mobile,48,0.1622343264267372,0.3246184383827992,3.064181255336637,0.1645532256996209,0.6197225431837101,0.0627057315275555
qwen-3.5-plus,3,824f2b,desktop,49,0.4335301240173677,0.4553792514276457,1.0544179020805926,0.9121502686312272,0.7546381963235312,0.3669674533616138
qwen-3.5-plus,1,82a8ca,web,30,0.578676283077078,0.5117474882596682,0.8450015600566682,1.5521599970940596,0.8680798421116795,0.4272954796496715
qwen-3.5-plus,2,82a8ca,web,50,0.6612027718787122,0.5468265822823597,0.6657987742660559,1.7494391173492725,0.8861454889401776,0.4833033686087347
qwen-3.5-plus,3,82a8ca,web,40,0.6148522176756925,0.5451421393914981,0.8226519421627783,1.6155113213305283,0.8598260783629337,0.4363051471796505
qwen-3.5-plus,1,813384,poster,34,-0.0301695782174512,0.0991767403569285,6.884445355257126,-0.1637994147340221,0.2341560960557765,-0.059171484722803
qwen-3.5-plus,2,813384,poster,30,-0.0174226622632781,0.0870115937029981,7.12827994223602,-0.1799035270300461,0.2128301839775863,-0.0150378811815924
qwen-3.5-plus,1,825f33,poster,40,0.4248746502322966,0.4704051799802596,1.8923500489082905,0.6988598705822804,0.6850157028682242,0.3874145124902635
qwen-3.5-plus,3,813384,poster,47,-0.0081648610618603,0.1519301083863332,6.31921178029619,0.0439494482784626,0.3351073864689144,-0.1128271196902222
qwen-3.5-plus,2,825f33,poster,40,0.3706163219626653,0.4301864576585017,1.8965798031385663,0.9147667348866962,0.7160445184078916,0.3174802267016479
qwen-3.5-plus,1,82dad4,web,40,0.3413501419868164,0.4179935095265951,1.738779772231501,0.8148352768415403,0.7391234256944093,0.3216921798438708
qwen-3.5-plus,2,82dad4,web,41,0.0959161975781158,0.277399962035514,3.095161923924416,0.1584641379878241,0.6273469777154183,0.1392420362636744
qwen-3.5-plus,1,82dca6,desktop,50,0.2201229373089053,0.3442774489190223,1.3805824229653565,0.4687085279787036,0.6594194295482699,0.096705818160486
qwen-3.5-plus,2,82dca6,desktop,36,0.2136100699594087,0.3690509661545964,1.4154062920977943,0.4505563737184797,0.6656730821108676,-0.0017795289635366
qwen-3.5-plus,3,82dad4,web,37,0.1771038762363991,0.3381754561787978,2.478694564824872,0.395425829947547,0.6199442956313145,0.1759082121378137
qwen-3.5-plus,3,825f33,poster,50,0.478809321433633,0.4897927415179391,1.2967918729436865,0.9643945473967432,0.7162605449673679,0.4077977851517649
qwen-3.5-plus,3,82dca6,desktop,45,0.1172281126587734,0.3057044774057215,1.8268107858002256,0.2586975081068949,0.6301277193137979,0.0754212209636174
qwen-3.5-plus,1,834258,desktop,40,0.1654138098076977,0.2919506199898272,2.2054702811442235,0.5407025749780126,0.6824496800903275,0.1509016365406085
qwen-3.5-plus,2,832f18,desktop,35,0.4309439386937145,0.4019274538959416,1.3232877874202809,1.1963763140644414,0.7580787680263996,0.420986355924757
qwen-3.5-plus,1,832f18,desktop,41,0.3070409218233575,0.3646030776394856,1.572167118914883,0.8693745312023347,0.7336874253057564,0.2978141150006808
qwen-3.5-plus,3,832f18,desktop,48,0.1127579362261781,0.2996692884725752,1.8043502164902112,0.3017153045279751,0.5890865431904941,0.0461254365973154
qwen-3.5-plus,1,83440d,poster,49,0.3233481473514316,0.3464893868863208,1.396107548969473,0.7946878459790145,0.7232664655145691,0.3393714163443131
qwen-3.5-plus,2,83440d,poster,48,0.3032241268790383,0.3427516257812837,1.4074913651380598,0.8217964382581417,0.7381038778516529,0.2753822751385263
qwen-3.5-plus,3,83440d,poster,45,0.2416115318498587,0.3085128348023661,1.523863326284446,0.6037231485294505,0.6691417678303427,0.243626239352896
qwen-3.5-plus,3,834258,desktop,40,0.0544702710642672,0.2346219153360166,2.829196190500664,0.1762056563170095,0.5674603398227667,0.0409623053775611
qwen-3.5-plus,2,834258,desktop,51,0.0521187131907465,0.2337288010841519,2.0860295633843258,0.1702175164564262,0.5624424139323227,0.0261386453640795
qwen-3.5-plus,2,837df2,poster,49,0.5453972883702636,0.4565097360393236,0.8924537787245119,1.2652956850576318,0.8062386368702327,0.5215825312006592
qwen-3.5-plus,3,837df2,poster,39,0.2414311758978848,0.3914004135675769,1.2059353132319035,0.6091050205096349,0.6969910258177759,0.1507338396806257
qwen-3.5-plus,1,837df2,poster,50,0.2798901014382061,0.3963599429041885,1.161349248049313,0.6794203833996684,0.7015501282417089,0.1652316791966431
qwen-3.5-plus,2,83a338,poster,44,0.2008932551563779,0.4144393001892619,1.0652360851696732,0.3906288113572953,0.5951512479382636,0.1913540373248079
qwen-3.5-plus,3,83a338,poster,62,0.1256617145103201,0.404730204354407,1.7348138719639998,0.257525656816585,0.5713445670744495,0.1195463262636068
qwen-3.5-plus,1,83a338,poster,49,0.1591952285035675,0.4283492337615007,1.2372535022143731,0.3161556563033735,0.5950841950800572,0.150774481088822
qwen-3.5-plus,1,83575e,web,50,0.0064882697041406,0.2629509977168374,3.6766724817355154,0.0727942424644308,0.5154897369472666,-0.0863490123948065
qwen-3.5-plus,3,83575e,web,40,0.0611553972659102,0.2919792158792034,2.548439730616356,0.2749187340380879,0.6112544677375461,0.0715681365296838
qwen-3.5-plus,2,83575e,web,40,-0.0568314719142557,0.2227194490797562,4.072568061459418,-0.0679187191095774,0.4784789491433338,-0.0504942001819996
qwen-3.5-plus,1,83b5c8,desktop,49,0.2850909262229272,0.3796360901518473,1.7141120031946668,0.7008803723104507,0.7589484594863734,0.0622991278350626
qwen-3.5-plus,3,83b5c8,desktop,66,0.3927424295454289,0.4102981791117338,1.2039201943204942,0.979349503951778,0.7678688664216453,0.2166222552246762
qwen-3.5-plus,2,83b5c8,desktop,50,0.4387794785552329,0.4252406227022886,1.1643366990249056,1.1328600366706192,0.7858850239862076,0.2415032578675138
qwen-3.5-plus,2,82e138,poster,50,0.1855795386706887,0.3384618417912873,2.27307621250932,0.3038199667485369,0.7231156232769478,0.228633332111809
qwen-3.5-plus,1,82e138,poster,38,0.1484217534576251,0.3108661489629276,2.5464511236101335,0.2126042945771509,0.7103229960893676,0.1950726536127459
qwen-3.5-plus,3,82e138,poster,43,0.1629070060659527,0.2972799700863581,3.2295573093092313,0.2334901126320013,0.6654069967825398,0.221186633446806
qwen-3.5-plus,1,83c9ba,poster,39,-0.0072141863062369,0.2687810281140984,2.699710719203645,-0.0558325351382978,0.5007054822098052,-0.0009745510878868
qwen-3.5-plus,2,83c9ba,poster,37,-0.1613934007311565,0.2069751635359229,2.916608435938901,-0.3221615249830732,0.431985395557218,-0.0624438624339732
qwen-3.5-plus,1,83ba29,web,49,0.4123425111985935,0.4014909674490646,2.251317203342485,1.001148620761667,0.7468075753534286,0.3618809234876044
qwen-3.5-plus,3,83c9ba,poster,40,-0.0782214302222147,0.2664653293129093,2.653262780788279,-0.1440769343933094,0.46493026159194,-0.0462704907981026
qwen-3.5-plus,2,83ba29,web,52,0.3700573099785793,0.3830336860074453,2.2999668077322184,0.8752678332958872,0.7427778015673068,0.3209357966777484
qwen-3.5-plus,3,83ba29,web,51,0.4111135705713366,0.4278119419087929,1.4843781840886916,0.917876847086686,0.7620117132875807,0.3337693632516785
qwen-3.5-plus,1,83b886,desktop,48,0.3827280531725208,0.4105414309319787,2.5424025202774883,1.1309558770540598,0.746913009037568,0.3532844393387739
qwen-3.5-plus,3,83b886,desktop,120,-0.0533890709569334,0.234421248873299,2.052449408536221,0.0015915362653498,0.5208714079196402,-0.0850353562873895
qwen-3.5-plus,1,83df37,web,37,-0.005386440768374,0.2084354237791439,2.3139566135573295,-0.0741694565758747,0.5414702204340689,-0.0047659666956295
qwen-3.5-plus,2,83b886,desktop,302,0.2904540984684081,0.3002974508869082,1.4912497121787918,0.7019031750035746,0.6986567937232334,0.2881624912429429
qwen-3.5-plus,3,83df37,web,40,0.1621645654898356,0.2725609450495319,1.8711756342261512,0.3031233070991161,0.6344165760531819,0.1645518887009439
qwen-3.5-plus,2,83df37,web,40,0.1947207946021806,0.2770736427644915,1.7629858718706748,0.4522755773340724,0.6586492224594428,0.1963654251280631
qwen-3.5-plus,1,83f4bd,web,47,0.1877553222158864,0.3025259401922375,1.8058027642686432,0.55033348648366,0.6581875827329021,0.0879239064381589
qwen-3.5-plus,3,83f4bd,web,49,0.2280365301856698,0.3078859226280964,1.6661351678348726,0.7686194654574537,0.6925307086538306,0.1695679006339197
qwen-3.5-plus,2,83f4bd,web,40,0.1737783112153401,0.3293393451898652,1.812151000527564,0.6065870201996986,0.6738029241922948,0.0332153083280758
qwen-3.5-plus,2,83d7ce,mobile,40,0.0520792278695664,0.2242238371599858,3.6088354401951026,0.2453587517501024,0.6584577650393452,0.01098790807381
qwen-3.5-plus,3,83d7ce,mobile,41,0.3745059549890802,0.4026466460547829,2.082915944062573,1.331978031092658,0.845492764861873,0.3098104902377523
qwen-3.5-plus,1,83d7ce,mobile,40,0.3025117424480544,0.341223149996788,2.141652962010617,1.0336263438533424,0.7724513668371036,0.2168797898305436
qwen-3.5-plus,1,848e55,poster,40,0.1680711551486755,0.4294277787206586,1.4250408642229733,0.3468768569202838,0.6176120612195648,0.1693067407607671
qwen-3.5-plus,3,848e55,poster,48,0.1803801602942539,0.4558931087127407,1.4346706098015802,0.3319701386731606,0.5655230332337762,0.1898935393577196
qwen-3.5-plus,2,848e55,poster,35,0.129739216505874,0.4204363257487969,1.3425687606040138,0.1993368144949667,0.5614640602429761,0.1342336009965679
qwen-3.5-plus,1,840bb8,mobile,30,0.1753457269874531,0.273158405334528,3.5498432744852666,0.4003320286549929,0.6120358400674532,0.0704097354100926
qwen-3.5-plus,2,840bb8,mobile,40,0.1846306481003314,0.3698687381438675,1.9890030869642104,0.4001405612653602,0.7125108003199899,0.033882448108217
qwen-3.5-plus,3,840bb8,mobile,48,0.1823843860528259,0.332615540134329,2.050255656274792,0.3071539394089487,0.6485784742271967,0.0708151464468602
qwen-3.5-plus,1,84dc61,desktop,50,0.6383843554759385,0.5599919570007009,1.0637906081249762,1.477739819032367,0.8125209494859637,0.6197609968318717
qwen-3.5-plus,2,84dc61,desktop,49,0.6860114806472545,0.5670017451297027,1.164297629572728,1.6114582014690872,0.817402921960659,0.6710126829605517
qwen-3.5-plus,3,84dc61,desktop,50,0.4862785329571951,0.4059783925579464,2.471102710264202,1.2428148360737663,0.7417498575090724,0.5516554260766524
qwen-3.5-plus,1,853933,desktop,43,0.5123329223139276,0.4744253349588623,1.1558727022142077,1.0389164271234477,0.7174190802698813,0.5143929206855399
qwen-3.5-plus,1,853a11,web,47,0.3922487957701787,0.4233984266696172,1.0307810364981211,0.8738026752180161,0.7315473466916574,0.1612974992633248
qwen-3.5-plus,2,853933,desktop,41,0.4275683869136966,0.4450999740545635,1.1194336511396838,0.8974530698812582,0.7167157924648608,0.4346189718609464
qwen-3.5-plus,3,853933,desktop,50,0.4983235295010946,0.4634206944287664,1.0266594935516975,1.0969558899489915,0.7155837621210612,0.4971308638505911
qwen-3.5-plus,2,853a11,web,32,0.3924906624342221,0.4370964578351434,1.128638855036669,0.771822217329343,0.6978637953755762,0.097993487697662
qwen-3.5-plus,3,853a11,web,35,0.3025272234746283,0.4042968555623694,1.2632792877125572,0.6698444332005176,0.6660221316488807,0.0944369867057766
qwen-3.5-plus,3,849f25,mobile,49,0.2202816551214932,0.309918308747567,3.0026480581851467,0.2196041248094491,0.6539151449501691,0.1478166821375755
qwen-3.5-plus,2,849f25,mobile,42,0.1507431159025851,0.3590385228252954,1.968634289954941,0.1026826172922453,0.5845043894795069,0.0980420822232511
qwen-3.5-plus,1,849f25,mobile,31,0.1931647032483539,0.3420184733099475,2.7750019407011672,0.3910594547030954,0.6133621974755333,0.1377988013185726
qwen-3.5-plus,1,856a72,web,55,0.0733925279923623,0.2749337500501211,2.4164593677208357,0.1842725347636747,0.5897411809074788,-0.024685532205628
qwen-3.5-plus,3,856a72,web,41,0.1539408784869318,0.3088025096050377,2.2733959544190423,0.3681170307861947,0.625620695409516,0.0208601081603217
qwen-3.5-plus,2,856a72,web,48,0.1680622754904022,0.3082833996799678,1.8638046972568705,0.4266802493076977,0.6705652226870237,0.0591235222757825
qwen-3.5-plus,1,85e5ac,web,47,0.3954338041927922,0.4383069656900519,0.997581831613712,0.8671335685598917,0.7093829882883678,0.427668784776343
qwen-3.5-plus,2,85e5ac,web,111,0.2613048774441107,0.3852883026312836,1.1678048441671764,0.6357726979058111,0.6107179775165249,0.2555901352226918
qwen-3.5-plus,3,85b582,poster,32,-0.0469068581737475,0.3347349227925585,2.8893335505968847,-0.0510764407109557,0.4725637716516025,-0.119237259055254
qwen-3.5-plus,2,85b582,poster,35,-0.0421411982317449,0.3368127897928495,2.789814964328139,0.0097356426380648,0.4940376425030972,-0.1039866387733798
qwen-3.5-plus,1,85b582,poster,40,0.0068799972839792,0.3674694748457571,2.2683141803265383,0.0950540686962796,0.5260671508145034,-0.0534621392875006
qwen-3.5-plus,3,85e5ac,web,50,0.2773277490326112,0.4046142970237023,1.349005297280382,0.5341923993271254,0.6753076927672453,0.2872749877931794
qwen-3.5-plus,1,862f3a,desktop,48,0.4206356865207566,0.4951379035728563,0.8648388265915194,0.7832240513032849,0.7120565698939763,0.339735659115842
qwen-3.5-plus,3,857721,mobile,40,0.2884357727289691,0.3480771415418455,2.8320772022959235,0.6890222494535951,0.6729178386235396,0.0223413594742444
qwen-3.5-plus,2,862f3a,desktop,51,0.1901434710095269,0.4296083378610563,1.1456933716641713,0.4421185405150665,0.63025150386233,0.0710102209325472
qwen-3.5-plus,1,857721,mobile,44,0.1463059413682496,0.3228885299956411,2.5680105123764196,0.3756801467339169,0.6743111416398632,-0.1606051651073796
qwen-3.5-plus,2,857721,mobile,34,0.2364859495399381,0.3445653667403095,2.6128901634083057,0.5048436427283988,0.7364342194967121,-0.0443475123986789
qwen-3.5-plus,3,862f3a,desktop,40,0.375840113914126,0.469819005567858,1.1714711845880663,0.7164559076980325,0.6917031855304019,0.3476587405340075
qwen-3.5-plus,2,865942,poster,40,0.4414232677409345,0.4762389319831148,0.9414740269426743,1.1656697289039843,0.8208823041940831,0.3289179966989671
qwen-3.5-plus,1,865942,poster,48,0.4698192335422536,0.4947522633583262,0.8753781391520227,1.213972322812067,0.8286918289444567,0.3613640894980489
qwen-3.5-plus,3,865942,poster,40,0.4239578549462529,0.4927190657792129,0.9928553700121366,1.1500163204012095,0.8205043602747584,0.3083213650760973
qwen-3.5-plus,3,86500d,desktop,36,0.178719000883768,0.3130364530564391,1.5511528409983415,0.4022722379846054,0.6166583830878786,0.1388920632586968
qwen-3.5-plus,1,86500d,desktop,50,0.1932131050830507,0.3155065117316401,1.841423751900654,0.4461174557409125,0.6822920562715631,0.2757488912202107
qwen-3.5-plus,2,86500d,desktop,50,0.3183478718391698,0.3628932327934498,1.3451480147141628,0.7388411267668372,0.7085415768251166,0.1840557091962135
qwen-3.5-plus,1,8675c8,desktop,50,0.2686506899007553,0.2974967293113385,2.7740334611760025,0.8248418937230495,0.6576809476798632,0.1789690911212212
qwen-3.5-plus,2,8675c8,desktop,48,0.1176687249070978,0.2287274823259396,2.3741391190127628,0.3575581195670164,0.597609616043208,0.1523642878478802
qwen-3.5-plus,1,862bf5,mobile,40,0.347228728636483,0.430732051691484,1.360401131124391,0.6742441742154226,0.7763085974396788,0.2570646072619429
qwen-3.5-plus,3,8675c8,desktop,40,0.1921778667346181,0.2774052326533761,1.7714857260506705,0.3875000748903247,0.6411276004491675,0.2812354370805002
qwen-3.5-plus,1,868823,poster,40,-0.028894757679342,0.2078621699105524,2.0616556493486464,-0.1174827108879465,0.5508519385183333,0.0419419198373523
qwen-3.5-plus,2,868823,poster,48,0.0007697219913321,0.2367148845933088,1.8248321651555208,0.002161176592368,0.5467433235449364,0.0541439174042903
qwen-3.5-plus,3,868823,poster,50,0.0290468909919786,0.2192321030252355,2.283515770788334,0.0652041437440847,0.5394938311474242,0.0571245474712172
qwen-3.5-plus,2,862bf5,mobile,40,0.2471735021831471,0.3730643780440291,2.1312787258694312,0.4273300559514449,0.6690346707703586,0.1477827446130645
qwen-3.5-plus,2,868efa,poster,45,0.2769358904649295,0.3200584384822435,1.5339613836110162,0.8240153203064271,0.7030155251377312,0.3629617592569654
qwen-3.5-plus,1,868efa,poster,42,0.3420793748576677,0.359689057816668,1.3990557140635944,0.9754036426587792,0.7223940637413897,0.3128519579159905
qwen-3.5-plus,3,862bf5,mobile,45,0.2087405808110999,0.3027097932479775,3.1483319998681556,0.3534764805280583,0.5813596836067061,0.1428196979355942
qwen-3.5-plus,3,868efa,poster,48,0.4904336189563913,0.4007928564933088,1.272048839361277,1.3112197648924582,0.7550992160691825,0.5020868784351809
qwen-3.5-plus,1,86c651,desktop,30,0.3215960584708119,0.3207087015422823,1.4571772543745958,1.28923325183463,0.888668382527479,0.3161578424902927
qwen-3.5-plus,2,86c651,desktop,47,0.5226273087955277,0.4241320345940145,1.1157995729635877,2.051009675068714,0.9097936974486868,0.4504981139488069
qwen-3.5-plus,3,86c651,desktop,44,0.4429935158151308,0.2972540598718713,1.4463392159923885,1.6851236842191095,0.8711201996519021,0.3832507281046666
qwen-3.5-plus,1,8709e4,poster,45,0.1756865832939898,0.3264453942867757,1.7071517483842955,0.5330372549884697,0.6726074717992298,0.110735775546341
qwen-3.5-plus,1,8740d9,web,39,0.3601939404763848,0.434147723832756,0.9864927624609529,0.6642519040224216,0.700581076505064,0.1783151024827032
qwen-3.5-plus,2,8709e4,poster,40,0.2479807522129358,0.3320958924717685,2.5015575297271857,0.6059910277990149,0.6197027895078058,0.1734972161553984
qwen-3.5-plus,3,869868,web,50,0.2258205258245579,0.2932961535114617,2.925156109714961,0.5401507900056097,0.6366260656277887,0.1959773112171228
qwen-3.5-plus,3,8709e4,poster,50,0.3471613880494957,0.3777695096645373,1.8721701380303193,0.9228061204664542,0.6817523423525964,0.2588221149401041
qwen-3.5-plus,1,869868,web,32,0.134106600105929,0.2471829466038347,3.537171062179996,0.1918958822639689,0.5954877672767945,0.1645652830473796
qwen-3.5-plus,2,869868,web,49,0.2704488022079629,0.3108996419252169,2.667167335666633,0.5963781867364057,0.6455391531923578,0.2321966303483517
qwen-3.5-plus,2,8740d9,web,36,0.2029874233230164,0.3734145188515961,1.2084301605498051,0.3351668764132782,0.6112746565673971,0.1414993419885162
qwen-3.5-plus,3,8740d9,web,42,0.2932421358012511,0.4010846768209593,1.0819158800731703,0.5052841707781446,0.6499957074030822,0.1302357820004629
qwen-3.5-plus,1,87475d,web,50,0.3211552374979607,0.3961542615980901,1.332661706133644,0.6047179149239885,0.6800222043567913,0.1928299059087495
qwen-3.5-plus,3,86d1d4,mobile,35,0.2225424066946451,0.3725172824727086,2.4690346121311437,0.2587532245394965,0.6179527220087222,0.224211310656808
qwen-3.5-plus,2,86d1d4,mobile,45,0.1307511289514791,0.3118709251139402,2.4443334262132113,0.4011088738973765,0.6344916954563977,0.0465298452695889
qwen-3.5-plus,1,86d1d4,mobile,45,0.1308854585520377,0.3312976931423989,2.5363971088627086,0.2067316614468985,0.5889072730343848,0.0533714220727287
qwen-3.5-plus,2,87475d,web,41,0.1863340954818178,0.3401090775100433,1.5953077961157338,0.3555683468497473,0.6191566149606686,0.0746369719236015
qwen-3.5-plus,3,87475d,web,45,0.1124462955909029,0.3265992330168644,1.924180012721996,0.2126394493013906,0.5932528692007832,-0.0283573189361367
qwen-3.5-plus,1,87b278,poster,49,0.3132855360947917,0.3537180370833115,2.7572039406135405,0.6071734160800439,0.6796284209312072,0.2005949787522293
qwen-3.5-plus,2,87b278,poster,49,0.0619501892700559,0.229474235428118,2.4026577052597404,0.0316070433960198,0.5378843587780225,0.0412109344909237
qwen-3.5-plus,3,87b278,poster,48,0.1464340496610182,0.2620617957229031,2.3215959740541554,0.2150083836063589,0.615255473418403,0.0854767657019669
qwen-3.5-plus,2,8770ed,mobile,40,0.3251596386083065,0.4081338233606007,3.001283488637684,0.4336780617716614,0.6134463313813957,-0.0210987466260184
qwen-3.5-plus,1,8770ed,mobile,40,0.2407807819691687,0.3859805655422804,2.69573468098334,0.4327258357482497,0.6092052673387135,-0.0415576837468
qwen-3.5-plus,3,8770ed,mobile,30,0.2199922907134486,0.3244223729993282,3.8739075898131503,0.3232689336884315,0.5614577479565074,-0.059335195114337
qwen-3.5-plus,1,87f3a0,desktop,30,0.2090175669154298,0.3217941920431453,2.374187719092018,0.625749711553677,0.6572749332110343,0.183196703265858
qwen-3.5-plus,2,87b0c1,mobile,40,0.2438366674761714,0.3561959510271452,2.758519713663254,0.4647416595766294,0.6120331728613888,-0.0652887895029792
qwen-3.5-plus,3,87b0c1,mobile,34,0.1486048822783141,0.3046395809172896,2.4287990357392504,0.2507012919982896,0.6356197054611452,-0.0889572851555688
qwen-3.5-plus,2,87f3a0,desktop,48,0.478851038680173,0.3941434625590431,1.2391804074854194,1.2813408676406173,0.775019562273856,0.484765099845373
qwen-3.5-plus,1,87b0c1,mobile,35,0.3124168598560869,0.3843590704046305,1.8818127713720172,0.7401026302084877,0.7349071968498588,0.019367010616396
qwen-3.5-plus,3,87f3a0,desktop,46,0.2994087894033709,0.3711893911422715,1.5991169257762874,0.7626430650218888,0.7256179840577937,0.2984669702923062
qwen-3.5-plus,1,884333,mobile,48,0.3868269783875142,0.453580707448986,0.8892257957029363,0.8176826283535724,0.709007013407967,0.3588251004776071
qwen-3.5-plus,2,884333,mobile,36,0.4319181700235105,0.4805007949542531,0.9733626681546576,0.9062405904993068,0.7404787402800492,0.3975343416233902
qwen-3.5-plus,1,882e01,web,31,0.2832720603736439,0.3905952471079981,1.8897937030667809,0.5715243923875131,0.6927078838755141,0.2616338620641995
qwen-3.5-plus,3,884333,mobile,20,0.2119542938388193,0.3492459868210668,1.3949562404386562,0.5207675249214238,0.6748540099563887,0.1849446263981232
qwen-3.5-plus,3,882e01,web,37,0.2581629758250407,0.3778241994320552,2.013743556942025,0.557504587754,0.6822556398788506,0.2317322198183198
qwen-3.5-plus,2,882e01,web,39,0.2024105160554196,0.3729413449441314,1.5899901500857574,0.353977876618341,0.6394038102843339,0.1965331820726009
qwen-3.5-plus,1,88927a,desktop,58,-0.0505888345233112,0.2581858218444549,2.8621028271487052,-0.0414273122791848,0.5173462038250569,0.1064884266127517
qwen-3.5-plus,2,88927a,desktop,50,0.3303831756541748,0.4061164963685593,2.5285354164535954,0.5820723836448044,0.6645021747983676,0.3831526349251625
qwen-3.5-plus,3,88927a,desktop,50,0.1450147786840544,0.343732254915422,2.4684443520842274,0.2653111585819795,0.5751740901923962,0.1375350160778637
qwen-3.5-plus,1,8898cb,desktop,48,0.5775751659173184,0.3823391168228374,1.823083028161796,2.2430714616807,0.7974071239491024,0.5779180342512651
qwen-3.5-plus,2,8898cb,desktop,47,0.5497590593275146,0.3625382625350181,2.162857241532768,2.1350432771064156,0.7649088808773032,0.5501967665554214
qwen-3.5-plus,3,8898cb,desktop,50,0.5797900696777873,0.3653521179864973,1.27360001342574,2.0679972553547983,0.8369246882698235,0.5798034354456979
qwen-3.5-plus,2,8869c8,poster,40,0.3405999722298548,0.3803490059762232,4.1652922731027235,0.9098580676493336,0.539957734629999,0.2634842546681561
qwen-3.5-plus,1,88c36b,poster,48,0.2760707562270296,0.3051183292489584,1.8473050706869096,1.2539173132814423,0.738246609341924,0.1707261023229155
qwen-3.5-plus,2,88c36b,poster,46,0.1549771845684458,0.2863264968208289,2.091875124576931,0.7700047831304463,0.6682797256785645,0.0643754410694053
qwen-3.5-plus,3,88c36b,poster,48,0.2675129642083096,0.3299094432399246,1.8531968055905927,1.188395423389094,0.7359095590348336,0.2044656549988135
qwen-3.5-plus,1,8869c8,poster,40,0.3699651466765189,0.424964801266258,2.56131333272236,1.0671340165944128,0.6815445546917999,0.2267558147122154
qwen-3.5-plus,3,8869c8,poster,40,0.3096442262003208,0.3998453576415889,2.977103699451276,0.7980605021752436,0.6689366797185727,0.2194284596301963
qwen-3.5-plus,1,88a176,mobile,53,0.1782382811799039,0.3941771845208379,1.756564925270229,0.419920915728367,0.6130150700999202,0.1224205845824094
qwen-3.5-plus,3,88a176,mobile,50,0.379031218685261,0.4574323668200786,1.7725740533154268,0.7538873107756277,0.6853977293491069,0.3167496764598924
qwen-3.5-plus,2,88a176,mobile,32,0.5868799566619862,0.5280383007620464,1.571737914052734,1.1476563173995924,0.7554844300198561,0.525818970208294
qwen-3.5-plus,2,88f13f,poster,48,-0.1089868687469645,0.234405868106115,5.332619588600719,-0.1651437666394049,0.3758154300259018,-0.1253655670369778
qwen-3.5-plus,1,88f13f,poster,45,-0.1020318319809451,0.2302490042586005,5.384044084091735,-0.1548539168062772,0.3572599138937059,-0.157870338854656
qwen-3.5-plus,3,88f13f,poster,41,-0.2077768582236245,0.2328030849288945,6.061169163827486,-0.3696039948568018,0.2994343690771512,-0.2963435657266706
qwen-3.5-plus,1,890d33,desktop,38,0.3747164812440988,0.4843628414879117,0.9661470355836348,0.6553946795407501,0.7039044235835341,0.3430699689822762
qwen-3.5-plus,2,890d33,desktop,34,0.3017170635261981,0.4141281928116785,1.3390627784464226,0.4637173769095676,0.6223362917927575,0.279024830669798
qwen-3.5-plus,3,890d33,desktop,49,0.220373473579556,0.4477721590673185,1.1613030041421193,0.3862273652752869,0.6331879463557727,0.2253193635027704
qwen-3.5-plus,2,88c9d1,poster,48,0.4757391298469514,0.386135071202543,3.662602580080789,0.6520229722803434,0.6549402222994483,0.4425398385645991
qwen-3.5-plus,1,88c9d1,poster,48,0.2776711991393615,0.2975701323907865,4.408708694548025,0.5637803278075816,0.5715159870360236,0.2445106451696723
qwen-3.5-plus,3,88c9d1,poster,30,0.4171319056401493,0.4326849322322159,2.457872072476249,0.7300750797205333,0.7517539258543856,0.3855543740576945
qwen-3.5-plus,1,8a1565,desktop,49,0.0764480137827635,0.2507898547000972,1.8695450993208815,0.2837632315256551,0.6527081411804777,-0.0123434410392253
qwen-3.5-plus,2,8a1565,desktop,48,0.2168359118096696,0.271650357284747,1.811805508706014,0.5760147646740359,0.6609501763282325,0.1467429179494642
qwen-3.5-plus,3,8a1565,desktop,30,0.3384544283530376,0.3821828914190163,1.4167667859078334,1.0405220316561845,0.7943601009275051,0.2406642606331258
qwen-3.5-plus,1,88fed8,mobile,39,0.1999742483871686,0.3322795970415851,2.9281318098649702,0.6599666796598027,0.5988884684457271,0.0536934944386527
qwen-3.5-plus,3,88fed8,mobile,36,0.5055125377179359,0.4305635489158705,1.9360915022687,1.4580046684291017,0.7102946942392008,0.424339597312015
qwen-3.5-plus,2,88fed8,mobile,40,0.2727727385341527,0.3366447263543904,2.0445217057848124,0.7620672169733868,0.6755306297397027,0.1692516913201367
qwen-3.5-plus,1,8a530f,mobile,50,0.4218296536662303,0.3943890516518893,2.775150313905256,1.0828698061772948,0.7174546106831436,0.3589508784240297
qwen-3.5-plus,2,8a530f,mobile,36,0.3539177534117707,0.40176675626554,2.2939818793097384,0.7605092681985963,0.6890409919817901,0.3521188584012371
qwen-3.5-plus,3,8a530f,mobile,30,0.4257364575896668,0.4394646047140098,2.065777826196376,1.052502427116447,0.7525184109961974,0.3765474144849072
qwen-3.5-plus,1,8a770a,mobile,40,0.3844975692044902,0.4094483772780906,3.109670356015841,0.6985918354192298,0.6134057923225615,0.3840233036074784
qwen-3.5-plus,3,8a770a,mobile,48,0.3857573402306943,0.3709367152173696,3.6293097088781785,0.7289374294690837,0.6352831909385435,0.3838596140347728
qwen-3.5-plus,1,8b0b52,desktop,32,0.179089806990709,0.3807051985285492,1.451553992413241,0.3662143474036134,0.6388152870490846,0.1899503112906807
qwen-3.5-plus,2,8a770a,mobile,35,0.2404790220145409,0.3246937658187744,4.190799477455796,0.3488305872138098,0.569557894847031,0.2438081936619717
qwen-3.5-plus,2,8b0b52,desktop,306,0.0371361283943933,0.3395913350693943,1.5682772682097232,0.1362776243885559,0.505685535942644,0.067500151102291
qwen-3.5-plus,3,8b0b52,desktop,42,0.2223606812011711,0.3998956586433769,1.5603194846760529,0.4115335544146141,0.6216804525091435,0.2275578625197955
qwen-3.5-plus,1,8afe09,mobile,33,0.2530373209428248,0.4066819906764787,1.974578934841306,0.5577564812835788,0.6647650634238117,0.2413442302628307
qwen-3.5-plus,3,8afe09,mobile,30,0.2756300265804968,0.3896691303698048,2.391844878376511,0.633874618961877,0.6499978567022876,0.2646930935678996
qwen-3.5-plus,2,8afe09,mobile,37,0.1936016935657993,0.3703511048465019,2.2720882933221977,0.4721173084084803,0.6351829386689618,0.1811172682287375
qwen-3.5-plus,1,8b12a0,poster,48,0.1263850513733385,0.279517737112719,2.6521435230146593,0.4255023463679455,0.5719650629698619,0.1167659620202722
qwen-3.5-plus,1,8b14c2,desktop,36,0.1004552890278382,0.3032893257295408,2.2330035019472794,0.207714564376639,0.5894026380575337,0.1378590490110185
qwen-3.5-plus,2,8b14c2,desktop,46,0.0784202489344277,0.3137186375660181,1.814666039960569,0.1328542487985364,0.5813884700873252,0.1133438043065042
qwen-3.5-plus,3,8b14c2,desktop,40,0.1030809395046549,0.2935092824423908,2.3112349097785936,0.2374009928045009,0.571311015878783,0.164954594631167
qwen-3.5-plus,2,8b12a0,poster,49,-0.1372998823090542,0.1806143058271934,3.631282007165914,-0.1622289641302904,0.4425560993860275,-0.078103921386196
qwen-3.5-plus,1,8b2ea2,desktop,50,0.197667905753332,0.3083412865508458,1.8663268905027524,0.4828915868265016,0.6320462324463321,0.2247975480405794
qwen-3.5-plus,3,8b12a0,poster,45,0.0925056330142089,0.2624488478427517,2.868214985155652,0.2791186706126968,0.5660389361675853,0.1294549019490032
qwen-3.5-plus,2,8b2ea2,desktop,40,0.2615072612828638,0.3556950066840391,1.6519241687956148,0.6586157981645651,0.6872649070984479,0.2824991477520304
qwen-3.5-plus,3,8b2ea2,desktop,41,0.2617617375513555,0.3550484565090682,1.4243706842250567,0.6329929971781537,0.67498968936215,0.2103724241547274
qwen-3.5-plus,1,8b4008,poster,45,0.3622136353149706,0.4119326795021756,1.6919490660812249,0.7932081400011166,0.605278073690591,0.3344413810060032
qwen-3.5-plus,2,8b4008,poster,32,0.4032441823517054,0.4103629807413268,1.2309229975347904,0.9722345608688404,0.7300873277441153,0.2767681728435198
qwen-3.5-plus,3,8b4008,poster,40,0.3074237139165096,0.3772902625788057,1.784190319169108,0.6924531324615892,0.5633099865504583,0.2670971308505587
qwen-3.5-plus,1,8bb83b,web,48,0.2409488711101982,0.3371928713935253,1.9331321670301176,0.4957791837891802,0.6695444541648274,0.1597581221529349
qwen-3.5-plus,3,8bb83b,web,43,0.2315891259437013,0.3275314280322513,1.9538873386976436,0.436861771920607,0.6677409625037931,0.1276187052992213
qwen-3.5-plus,2,8bb83b,web,40,0.1838312244832299,0.3099883031189206,2.054094016564518,0.340000543788218,0.6491623564977662,0.061970170430617
qwen-3.5-plus,1,8b6299,poster,44,0.0937808387547163,0.2302814331023707,3.361760572652453,0.3507961723487051,0.6048561694991101,0.1070584798946865
qwen-3.5-plus,1,8bc82b,desktop,40,0.4371916726782581,0.4022807113265206,1.264559895008185,1.1802544449362409,0.7510295301921907,0.3583024611833706
qwen-3.5-plus,2,8b41ed,mobile,45,0.276156985918972,0.3342084610235185,1.8715394249692168,0.7192089512270421,0.7385712819808135,0.1357889678550446
qwen-3.5-plus,3,8b6299,poster,45,0.0565229941353912,0.2481470743447437,3.0719530772037142,0.2561109690288483,0.5507243853599175,0.0479706866956523
qwen-3.5-plus,2,8b6299,poster,43,0.1404101087072141,0.2560940266221752,2.4208388570270634,0.5205286009043308,0.6322995912078928,0.1202168070256101
qwen-3.5-plus,3,8b41ed,mobile,31,0.211966526079434,0.3069548228086275,2.6843843456956935,0.502613143601236,0.667759292995744,0.2017850597203491
qwen-3.5-plus,2,8bc82b,desktop,46,0.6831552313149946,0.4907306162471193,1.1529474648022404,1.833375060132131,0.8025671289244858,0.6468186333757556
qwen-3.5-plus,1,8b41ed,mobile,40,0.1955001339982285,0.3141307732280369,2.5969480668965996,0.4419819388615113,0.6543615998010222,0.0908610968480886
qwen-3.5-plus,1,8bcc12,web,47,0.2099772240429129,0.3357762483923042,1.650198209362262,0.4484664157585656,0.6255520371409811,0.0262870308149889
qwen-3.5-plus,3,8bc82b,desktop,48,0.3280043593621143,0.3576677477698278,1.362906074451033,0.9433241819575224,0.746915872991897,0.2057393278336672
qwen-3.5-plus,2,8bcc12,web,50,0.3242754602427845,0.3608831729095853,1.279152641065782,0.6987236319475782,0.6941467033980213,0.00854838220622
qwen-3.5-plus,3,8bcc12,web,48,0.3523993171298577,0.3982292060326364,1.4286942806997336,0.7593866932554705,0.6841371938537151,0.1592019955853698
qwen-3.5-plus,1,8c2c62,desktop,40,0.8098996982615441,0.6362385490920484,1.9249670795484488,1.8073157468429049,0.7342054981738367,0.7902100556359023
qwen-3.5-plus,2,8c2c62,desktop,40,0.7613015044449813,0.5985351654429616,1.6879067827200032,1.683120636746592,0.7567197499701271,0.7411359161043923
qwen-3.5-plus,3,8c2c62,desktop,40,0.8065782276867709,0.6221785051632593,0.9321545970060756,1.8021182995395697,0.7718614440534736,0.783073705743806
qwen-3.5-plus,1,8cb7cc,desktop,45,0.0889450091675294,0.3115258839622316,1.7925015598973968,0.3128622983750893,0.6046136407503133,0.0936658125385716
qwen-3.5-plus,2,8cb7cc,desktop,40,0.1223608276790156,0.3104765100816892,1.7524973825319543,0.2441841240342091,0.5697593461520647,0.0623033630672678
qwen-3.5-plus,3,8cb7cc,desktop,40,0.095055357164585,0.2984739221549445,2.0257314392479513,0.3449120618325538,0.6038463646557045,0.1525083010669007
qwen-3.5-plus,2,8c6298,mobile,47,0.2280879405434168,0.3579853615182166,2.169620811285134,0.508663887246495,0.6804789637803763,-0.1119123542937395
qwen-3.5-plus,3,8c6298,mobile,30,0.1115504008772664,0.2865338236316908,3.430463570240091,0.2149602721813211,0.6098263966956977,-0.083884806436908
qwen-3.5-plus,1,8c6298,mobile,39,0.0760582190247272,0.2395537380185916,3.699330410540573,0.2000341744256736,0.6245608985811223,-0.211205074298174
qwen-3.5-plus,1,8c765a,mobile,40,0.375440228118262,0.4527599624974791,1.5240873867442353,0.730664858978791,0.7286850736552777,0.2672477768382648
qwen-3.5-plus,2,8c765a,mobile,41,0.3416306806277557,0.4478935215230682,2.675536572017469,0.7385478928866457,0.6689316485118296,0.2731953954931734
qwen-3.5-plus,3,8c765a,mobile,40,0.3621692796561059,0.4580457688958544,1.932206934330415,0.6450177181427472,0.6787683189666751,0.2504375941922807
qwen-3.5-plus,1,8d2ab9,desktop,37,0.3384839957048877,0.3390323026687294,1.5569072589305557,0.9692407024613804,0.7228091687671249,0.2538499800048515
qwen-3.5-plus,2,8d2ab9,desktop,40,0.3566053624701841,0.3362396280330724,1.5319155070612602,1.033217888472956,0.7428840626350033,0.2694151466432697
qwen-3.5-plus,3,8d2ab9,desktop,40,0.3399606146081583,0.3709785875020189,1.6008271638271123,0.9629262094172624,0.7535125292457554,0.1392999236174941
qwen-3.5-plus,1,8d7422,poster,40,-0.1622774185747302,0.2563163700624968,2.0678020421463064,-0.3390986294225092,0.400448656175007,0.0447785949240439
qwen-3.5-plus,2,8d7422,poster,41,-0.0291210307986686,0.2976684913896975,1.606122721008835,-0.0356254480686235,0.5081287762128018,0.1021678200579249
qwen-3.5-plus,3,8d7422,poster,48,-0.1064749213941764,0.282944268181988,1.7151008390654376,-0.2084248410141392,0.447291586973864,0.0139669405519163
qwen-3.5-plus,1,8ce365,mobile,35,0.0842981859149764,0.3434285169982939,2.959665396380537,0.276377437582468,0.5495229429796363,0.0507247426469639
qwen-3.5-plus,2,8ce365,mobile,47,0.031814332257716,0.3463939019848805,2.7554460238008915,0.0988965655789677,0.5287700802216261,0.016643601564749
qwen-3.5-plus,3,8ce365,mobile,30,0.0814169878898973,0.2912754023848019,3.88825634150849,0.2250802952248532,0.4980486404092084,0.0318874887579001
qwen-3.5-plus,1,8d908a,poster,41,-0.0432600238144832,0.2840427554392923,2.4742276837049153,-0.0421852670812016,0.4737155635056569,-0.2765333432297398
qwen-3.5-plus,2,8d908a,poster,49,0.2476705953280811,0.3947664355894092,1.544549219850991,0.5460898934779288,0.6344583413089904,-0.0644981005834952
qwen-3.5-plus,1,8cf0d4,mobile,40,0.0559159436696572,0.3439247739936958,2.700030256072773,0.1422242892748486,0.5437475734400122,0.0115468726589378
qwen-3.5-plus,3,8d908a,poster,51,0.1245908752075898,0.3367308496372188,2.2457678659856497,0.3170227314454755,0.5919764922552327,-0.112380412617229
qwen-3.5-plus,3,8cf0d4,mobile,34,0.1390097575820007,0.3540697734483072,2.4268453026732857,0.2990319721027337,0.5895341438171837,0.121989612397747
qwen-3.5-plus,2,8cf0d4,mobile,40,0.0473343499762368,0.3410152087519798,2.3921044439264536,0.163349465982725,0.5455526025962727,0.1059049474389783
qwen-3.5-plus,1,8d98e4,web,30,0.0954254877129099,0.3166069552348654,2.5067293790752734,0.1718171793278449,0.5765741180636995,0.0356279154534383
qwen-3.5-plus,1,8da42b,poster,49,0.3908981719223095,0.3625296726576681,1.6575461849060484,0.924820196750272,0.7280758858393144,0.4698587166688087
qwen-3.5-plus,2,8da42b,poster,47,0.3007910467075371,0.3516645959606643,1.6504261790269277,0.7542659094780666,0.698777976987925,0.3278263279740775
qwen-3.5-plus,2,8d98e4,web,55,-0.0336005685585325,0.2618531073897767,2.244877773570634,-0.03683297512011,0.5074548261616587,-0.0914118826907077
qwen-3.5-plus,1,8daca7,desktop,40,0.4582715248780366,0.5321033258923837,1.0236181681042202,1.0211482768370466,0.770230315136724,0.4249669734274416
qwen-3.5-plus,3,8da42b,poster,45,0.2944153851832027,0.3435652613872881,1.5537591986771446,0.6601930841288786,0.7028218159624326,0.3571536585861581
qwen-3.5-plus,3,8d98e4,web,38,0.0359441761395396,0.2315451305311623,3.0975712642937827,0.0535516970904056,0.4738463668455686,0.0888269103463022
qwen-3.5-plus,3,8daca7,desktop,40,0.4714036355919805,0.52965844068135,0.9285922842809105,0.949284631488767,0.7588271665970487,0.3584325615545204
qwen-3.5-plus,2,8daca7,desktop,41,0.4013265616363811,0.46301907330047,0.9384853928385885,0.8292638907127393,0.7170606044338967,0.3919811300635326
qwen-3.5-plus,1,8dcfba,web,42,0.2557218460828102,0.3979923269591582,1.3151004303538405,0.5233114611902614,0.6715912129516738,0.1888921917158257
qwen-3.5-plus,2,8dcfba,web,38,0.1971617142916054,0.3802953306019694,1.3850763738256937,0.4119400105898372,0.6670632993906634,0.1193352418534831
qwen-3.5-plus,3,8dcfba,web,84,0.1399744923485517,0.3705788480158888,1.356904421237554,0.3485335384233984,0.6106543532519236,-0.077394871716354
qwen-3.5-plus,2,8dfdc1,desktop,41,0.4894723645027427,0.5085818654822594,1.4539454490736403,1.281129464033335,0.8448529260179478,0.4491547701911961
qwen-3.5-plus,1,8dfdc1,desktop,49,0.5632772863245341,0.4756327849944929,0.93962536979706,1.4532466918754638,0.8334815295416896,0.4951408974464415
qwen-3.5-plus,3,8dfdc1,desktop,40,0.5545651651880044,0.5299420686050613,1.7951264074529518,1.4740138796714055,0.8087159940760792,0.5225525811142366
qwen-3.5-plus,1,8e0c5b,desktop,53,0.0120943608475501,0.2582487104757508,3.2424640947063277,0.07000347979461,0.5101352825843346,-0.0295757876206041
qwen-3.5-plus,2,8e0c5b,desktop,50,0.0336275324908783,0.1692179487152264,7.101122266524893,0.1477948079282964,0.3833033970054273,-0.1478244889421401
qwen-3.5-plus,3,8e0c5b,desktop,50,0.1431093373017692,0.3121793223830851,2.6763368475008655,0.4009500407027425,0.599980708711991,0.0072318681686612
qwen-3.5-plus,1,8e3198,desktop,37,0.2568668535488141,0.3908031398361307,1.332989365783689,0.5003867684890293,0.6693072023863786,0.2782570232170921
qwen-3.5-plus,1,8e4e71,mobile,36,0.302232391796741,0.3837513075266942,1.51477708185053,0.7879124200287969,0.6922779574761647,0.2187494351354534
qwen-3.5-plus,3,8e3198,desktop,40,0.2400374997841108,0.3747153676691382,1.265427661887986,0.5662689622640119,0.6482350063521841,0.2581216080895991
qwen-3.5-plus,2,8e3198,desktop,40,0.07913906566454,0.3285678130365487,1.545869812740058,0.1915169896534456,0.559503367197369,0.1116574285813868
qwen-3.5-plus,2,8e4e71,mobile,36,0.3368355392526997,0.3726211362256579,2.8329871532448596,0.8242621475925245,0.6555920643805533,0.2704164411660139
qwen-3.5-plus,3,8e4e71,mobile,45,0.3704091357677285,0.4008572485379058,2.368899647089697,0.9107150074707504,0.6322304794268729,0.293945709555746
qwen-3.5-plus,1,8e467d,poster,49,0.1334049743104831,0.345183705273306,2.641410498205647,0.5046730065438093,0.6572203605083348,0.0715675927756792
qwen-3.5-plus,2,8e467d,poster,48,0.0763569625760048,0.3212664112209098,2.111461280560627,0.3690859983926945,0.603430017691237,0.0550526230257927
qwen-3.5-plus,3,8e467d,poster,40,0.1158090050980582,0.3145991001387467,3.2526817839554507,0.5061224446471367,0.6190199473753113,0.0177845191924169
qwen-3.5-plus,1,8ea477,desktop,42,-0.0700758142690024,0.2053229057527127,2.736653537609565,-0.1934216734023878,0.4733356073216174,-0.0696457952962049
qwen-3.5-plus,2,8ea477,desktop,36,0.3020688953889066,0.3598583005604187,1.523744681692485,0.6907979130647526,0.7082456438707663,0.2476519660986082
qwen-3.5-plus,1,8e8767,poster,39,0.5762207240572916,0.5147074125686323,1.9768185469451296,1.2425885664441334,0.821102078183614,0.5505132157885795
qwen-3.5-plus,3,8ea477,desktop,45,0.0967010490575921,0.2530128307979321,2.2198647046827964,0.1806361593331176,0.5830854910465078,0.071355192752552
qwen-3.5-plus,2,8e8767,poster,40,0.603084628233626,0.4937957791217843,2.677182876958632,1.2513418393158122,0.7390998535371873,0.5671424062249362
qwen-3.5-plus,1,8ee0c9,poster,49,0.0671567471596209,0.3854406830175295,1.263592307301499,0.1464134574560988,0.5466850573003689,0.1022345018735639
qwen-3.5-plus,2,8ee0c9,poster,40,0.4049554568298842,0.4786185804113851,0.8693732970633736,0.7396022082155771,0.7094103691572609,0.4290115400439073
qwen-3.5-plus,3,8ee0c9,poster,40,0.1835298398220898,0.4086369337792666,1.1257432980163706,0.3284873062867909,0.5959822128116126,0.1858456442644547
qwen-3.5-plus,2,8ed8ac,desktop,91,-0.0469548775623263,0.309278684314106,1.8110985047698545,0.0024460063852821,0.534855361994468,-0.1379783006260982
qwen-3.5-plus,1,8ed8ac,desktop,40,0.4516406495545041,0.4536600966301576,1.2668477731859498,0.986763012156602,0.7698709136696893,0.3586691447647584
qwen-3.5-plus,3,8e8767,poster,40,0.4730426575655267,0.4067945265739497,3.007096045538069,1.01823051004996,0.751724499580073,0.447984775696001
qwen-3.5-plus,3,8ed8ac,desktop,211,0.0932833197164853,0.3121493326484411,1.4869698495372976,0.2753776899290266,0.6055841539071914,0.1255328649091893
qwen-3.5-plus,1,8ef737,desktop,50,0.5150127804672486,0.4676392383264586,0.9145444960992096,1.4477172993909206,0.8674863825588364,0.4072876586833172
qwen-3.5-plus,1,8efd51,desktop,46,0.4122695753458602,0.3469691104450541,1.476653725470642,1.4917318634149048,0.8190886833977137,0.3849530027144212
qwen-3.5-plus,2,8ef737,desktop,40,0.6750704814407888,0.5655519144426453,0.6785806000341223,1.9386630378267689,0.9070467854876804,0.6166172586498301
qwen-3.5-plus,3,8ef737,desktop,64,0.3246200307217096,0.2969162651978978,1.552574334373512,0.8964056520427963,0.7672241155796864,0.2125709610980342
qwen-3.5-plus,2,8efd51,desktop,45,0.3212650655930784,0.3242275577924288,1.9240239458901227,1.09408465825182,0.7841008724587017,0.3029226981663605
qwen-3.5-plus,1,8f0277,poster,45,0.3750168830498674,0.4434155066053764,1.581503059607914,0.911235869636412,0.6857271718051487,0.3540942062473834
qwen-3.5-plus,3,8efd51,desktop,30,0.1346778385134235,0.2660657202510114,2.435859373616782,0.6029693990731916,0.6852866836356081,0.1501247599405291
qwen-3.5-plus,3,8f0277,poster,32,0.4510727799988797,0.466424628815668,1.2483537015921478,1.0517559015743376,0.7320243851020918,0.3733221956197536
qwen-3.5-plus,2,8f0277,poster,44,0.3288627104592854,0.3998947312139229,1.1717652413464816,0.7690114145735066,0.6833790615833336,0.2632590540319066
qwen-3.5-plus,1,8f64ff,web,48,0.2640135624269488,0.4998841821985755,0.8960987335180308,0.5931638785904703,0.6928917680224774,0.2063471026616271
qwen-3.5-plus,2,8f64ff,web,133,0.1739741056918956,0.5166985581842032,0.9936703177411416,0.4105443649442644,0.5915492090327051,0.0678925171920962
qwen-3.5-plus,3,8f64ff,web,54,0.305685143440864,0.4864896896858872,0.9389315425552914,0.6624233619858596,0.6916054901651985,0.2778688197160378
qwen-3.5-plus,2,8f38c9,mobile,40,0.112450996001649,0.302753424985251,2.822024747295318,0.2631825065754858,0.6368458999768313,0.0935535813399726
qwen-3.5-plus,1,8f669a,poster,47,-0.0139861971018065,0.2703672864338531,2.936683718304118,-0.0225766267906174,0.4807373452954605,-0.0365789335759916
qwen-3.5-plus,1,8f38c9,mobile,44,0.1424423162663959,0.3166290729915496,2.8418544979803277,0.3149558835451797,0.621429790235322,0.1396640649451211
qwen-3.5-plus,3,8f38c9,mobile,40,0.174169683753141,0.3262234046897421,2.7842501857380992,0.3896676507480754,0.636733124195994,0.1421883613927888
qwen-3.5-plus,2,8f669a,poster,39,0.0197838210576046,0.2778068023456078,3.106824993878126,0.0692753678233676,0.4860852935169182,-0.0612740988988592
qwen-3.5-plus,3,8f669a,poster,40,0.0904393007424967,0.2840495017208295,2.7833992132278667,0.2626388106411454,0.5166201686211165,0.0873293978904084
qwen-3.5-plus,1,8f7ad5,web,48,0.1853040975928869,0.3102446993488932,1.6358921024856763,0.5184663488795376,0.6471628547710333,0.0917374820714971
qwen-3.5-plus,2,8f7ad5,web,73,0.2246234502819967,0.3607884194090868,1.3262730146903567,0.5234412754007377,0.658965398607506,0.0395526238979059
qwen-3.5-plus,3,8f7ad5,web,50,0.0695224278495922,0.29542990944611,1.779815093015536,0.166794668701456,0.6100757029957603,0.0724762057971399
qwen-3.5-plus,2,8f9844,web,40,0.0306123291155799,0.2119595519971459,2.157360765817791,0.1493084505987743,0.6050737999533227,0.1350255612102246
qwen-3.5-plus,1,8f9844,web,40,0.1195845366578877,0.2321616048794427,2.806657450340408,0.4368481114514582,0.5996492497731127,0.1380377400325055
qwen-3.5-plus,3,8f9844,web,40,-0.058786251070437,0.1515908983836054,3.657572124068697,-0.1151325124019436,0.5160834932628774,0.1022860906547604
qwen-3.5-plus,2,8fd96b,web,39,0.1591853502968652,0.3104667574507938,2.0675529108713273,0.3396365781319142,0.6330282755552993,0.1076853181450421
qwen-3.5-plus,1,8fd96b,web,40,0.2262014110775556,0.3560228287646377,2.0755186934024015,0.5090601681124359,0.6404711195911277,0.2066340488225365
qwen-3.5-plus,3,8fd96b,web,40,0.2237301456555517,0.3550143478271802,1.7522909133995912,0.5451390944246449,0.6708588510769893,0.2062707150225392
qwen-3.5-plus,1,8fcaf4,poster,36,0.0785346955719372,0.3303540415348442,2.8026332499517213,-0.0047983056155959,0.5306769197906411,-0.002095270916999
qwen-3.5-plus,2,8fcaf4,poster,49,0.0469299790080036,0.2859697690551783,3.050826731972385,-0.0845515403090775,0.5249357266694679,0.0924045020427734
qwen-3.5-plus,3,8fcaf4,poster,45,-0.0203873828677291,0.2703150975898914,3.7152150166456774,-0.1288784673085022,0.4613966191053316,0.023982088208286
qwen-3.5-plus,1,90032b,poster,42,0.082299760577162,0.2709199052338,2.2047982760371183,0.2060980750695689,0.5512677312644216,0.1392125308908507
qwen-3.5-plus,2,90032b,poster,40,0.0505742026973662,0.245315669903059,2.016149494509226,0.1233612279287097,0.5811402233856304,0.0761629804547548
qwen-3.5-plus,3,90032b,poster,42,0.0198214655911599,0.2288103369685878,2.5448746546309047,0.0428653221918564,0.5131549933899565,0.0642359899523076
qwen-3.5-plus,1,8ff998,poster,49,0.32337334782675,0.386117376067028,1.6631337935694368,0.6901534997059137,0.7998541687790803,0.3480028051004983
qwen-3.5-plus,2,8ff998,poster,43,0.2786380576710552,0.3600336855900876,2.2505395778113004,0.4842978680436062,0.7185569900019904,0.3010705003253797
qwen-3.5-plus,1,901003,desktop,55,0.2634351600973125,0.5064598925554605,0.7534236788212032,0.3817460804536995,0.6448062186778794,-0.0786143329406794
qwen-3.5-plus,3,8ff998,poster,46,0.4834885140182784,0.4838630871157475,1.3939548915542694,0.9320174756243944,0.7913543722567049,0.4920913632827423
qwen-3.5-plus,2,901003,desktop,45,0.2899723704368666,0.4963325301882234,0.8582977004532374,0.5663155483724753,0.6587179625184902,0.1850524475539945
qwen-3.5-plus,3,901003,desktop,50,0.3555118016902039,0.5176751923398368,0.7118827930307745,0.5372036354035364,0.6536568062136879,0.0330090567694744
qwen-3.5-plus,1,90271a,poster,50,0.0066466429384798,0.3010449433048024,2.142567549501979,0.0521802423255447,0.5172636925587739,0.1007034785799533
qwen-3.5-plus,2,90271a,poster,40,0.11711364622362,0.3305377640017596,2.17088811788912,0.2960869964586383,0.5580050642759145,0.1846420625239902
qwen-3.5-plus,3,90271a,poster,40,0.065818835731626,0.3118645604810357,2.5406916107711255,0.1595159660186349,0.5274109700979206,0.130303362618126
qwen-3.5-plus,1,90181f,mobile,32,-0.0446275813024805,0.213361284995584,4.382958415179247,-0.0435377429755736,0.4201759037853464,-0.0882430258434001
qwen-3.5-plus,2,90181f,mobile,29,-0.0870947938887694,0.1802754603650952,4.888702847619196,-0.1513749400133218,0.3928608025660548,-0.0715284713658489
qwen-3.5-plus,1,906624,mobile,50,0.2921155731028952,0.4035847835254941,1.7349941856869169,0.7020035855908492,0.7282449206311481,0.2937976025592584
qwen-3.5-plus,3,90181f,mobile,50,0.1519548410999815,0.3383673463835862,2.4219350757669127,0.3605311264522994,0.5859385684057037,0.0206414351798111
qwen-3.5-plus,3,906624,mobile,45,0.1522507567130546,0.3810537725826409,2.451495824340063,0.4307457559134716,0.6458202018100114,0.1351044616242422
qwen-3.5-plus,2,906624,mobile,34,0.2087552066554232,0.3478199394040062,2.4549886004443455,0.4240589084292263,0.6484102939110583,0.211966237524344
qwen-3.5-plus,1,906fd8,mobile,47,0.1769494480204907,0.316508809430814,2.071776691988187,0.3777422211612232,0.6732049758241077,-0.033188642498845
qwen-3.5-plus,3,906fd8,mobile,47,0.1499828347205264,0.3075988079188571,2.8241070654451925,0.4328812801781262,0.6492986469284456,-0.0102261026336106
qwen-3.5-plus,2,9073f0,mobile,42,0.0482534214213003,0.3486869525553655,2.974010290789366,0.2350482179268329,0.5652973886681374,-0.002183387101004
qwen-3.5-plus,1,90888b,desktop,34,0.3449305012588045,0.4243637907797883,1.3698790408147536,0.6303327266280616,0.6652510056489962,0.0882430772712421
qwen-3.5-plus,2,906fd8,mobile,48,0.1558706113334478,0.3104554470967801,2.8568552287297657,0.273781314446689,0.6327664984538368,-0.108643366044313
qwen-3.5-plus,1,9073f0,mobile,32,0.0358693882348945,0.291864540313885,3.725561737853815,-0.0351176064651416,0.5206098664078161,0.0410274665032489
qwen-3.5-plus,3,9073f0,mobile,42,0.0370574249655489,0.3599907854830452,2.990628576164006,-0.0369822242254299,0.5237680126723205,-0.1278565805992896
qwen-3.5-plus,2,90888b,desktop,45,0.097912644097637,0.3570236706486075,1.4640030712752183,0.2185736191308506,0.5533913735687143,0.1152165240062861
qwen-3.5-plus,3,90888b,desktop,43,0.1949579382846094,0.3738640320650469,1.7583311342597614,0.4421082886580205,0.6147446132277934,0.2880290324562198
qwen-3.5-plus,1,909a4f,web,41,0.439070924157216,0.458767435088014,0.9377026605014492,0.824308739578931,0.7407101292811404,0.0392058515477075
qwen-3.5-plus,3,909a4f,web,46,0.4816067909775789,0.5173835831543848,0.8021371560782635,1.0202410999838156,0.7781147048813523,0.1553385719904903
qwen-3.5-plus,2,909a4f,web,45,0.3159698084490365,0.3969509078583078,1.125003525092486,0.5949578640183065,0.6814504157219037,0.0907486503003242
qwen-3.5-plus,1,912a36,web,49,0.294541992523312,0.4168760179318523,1.3009847439213829,0.4896071111784756,0.6517067359099096,0.2110688722191386
qwen-3.5-plus,2,912a36,web,40,0.3048198054506793,0.4239314181283579,1.2534927300763985,0.5438801917524351,0.655185889805856,0.2557016374070384
qwen-3.5-plus,1,91138f,poster,46,0.0098937512792195,0.3054575375709857,4.281142485775121,-0.0229188307213955,0.4657618703243862,-0.0784847785987404
qwen-3.5-plus,3,912a36,web,48,0.4146654758172354,0.4840244790595607,1.1543407775177312,0.778304600580381,0.6904701411533167,0.3232686064983408
qwen-3.5-plus,2,91138f,poster,40,-0.007216454666793,0.2831994515484894,4.377935874248564,-0.0314568741611645,0.4601014695501522,-0.1361309599116396
qwen-3.5-plus,1,917a4f,mobile,40,0.0937611573519823,0.3085300822191997,2.221418625371465,0.2501920165459641,0.5850435700603557,-0.1110924005082974
qwen-3.5-plus,3,91138f,poster,47,-0.0788048584910856,0.2667140220624102,3.7230203927524967,-0.2729954889511927,0.4337078391949365,-0.1211969933173118
qwen-3.5-plus,3,917a4f,mobile,37,0.0493280903803206,0.3026244518831794,1.6552740816202347,0.2097734094926396,0.5974926059843018,-0.0909606852168725
qwen-3.5-plus,2,917a4f,mobile,54,0.130294079216787,0.2965108614250262,2.3825683592961457,0.390521488165229,0.647251142850201,-0.084134441879914
qwen-3.5-plus,1,8e5bd8,poster,40,0.1884889156769186,0.1561252653427234,5.894602061308512,0.6103476411757793,0.3540968227397848,0.1946257804451625
qwen-3.5-plus,1,919716,desktop,50,0.5439957148379437,0.4635269324987422,1.065286447107639,1.3387953306160505,0.7552888413805592,0.5221853180185138
qwen-3.5-plus,2,919716,desktop,50,0.2889009264411603,0.3455792091569865,1.6956135738515377,0.6507578932073048,0.6733820882104442,0.2660519620386875
qwen-3.5-plus,1,9199de,poster,50,-0.1466116340603054,0.2395533486705121,3.098558725703792,-0.1723313505326072,0.4800390115301891,-0.0935180232543726
qwen-3.5-plus,3,919716,desktop,50,0.279269342214548,0.339671525205219,1.4004794305839543,0.7091297489106032,0.663127223867641,0.2045311243813239
qwen-3.5-plus,2,8e5bd8,poster,48,0.1148838277146208,0.1532558511833489,5.525701952897386,0.4781852892178699,0.4576376498500447,0.1192848367244202
qwen-3.5-plus,2,9199de,poster,45,0.1832751891205273,0.4285228893852116,1.2467559401030113,0.2552413624960758,0.6001405070511721,0.1597198726920446
qwen-3.5-plus,1,91795a,poster,46,-0.0465813259630255,0.2275024192762411,3.6101825201112416,-0.2138938858084647,0.4350746704500327,-0.1086314532336972
qwen-3.5-plus,3,8e5bd8,poster,51,0.3441664253382006,0.3089578401262882,4.018239988244045,0.8468676862922302,0.6701431537755733,0.3475640216662837
qwen-3.5-plus,3,9199de,poster,48,0.3693780513032919,0.4669946865058753,1.0755851808838108,0.46392066698764,0.6363393980461962,0.351994410645271
qwen-3.5-plus,3,91795a,poster,46,0.1309424588737448,0.2937659677788009,2.873267646898183,0.3845195998539111,0.620412483871728,0.0470414270539336
qwen-3.5-plus,1,91b2d6,poster,40,0.4180293341095085,0.4169868014067607,1.0512084230698653,0.9535647627854856,0.7707137863530232,0.3815723280398594
qwen-3.5-plus,2,91b2d6,poster,48,0.4044559741737863,0.4211750896468561,1.1514347235671245,0.8627253225654256,0.7317767341071546,0.392529191369537
qwen-3.5-plus,2,91795a,poster,48,-0.0604186554500099,0.2100090954389139,3.7727189955539977,-0.2462921665472233,0.4539429300283423,-0.0224274098658196
qwen-3.5-plus,1,91b127,mobile,34,0.2675462586280162,0.486512754323414,0.7914733380700407,0.3983611038147682,0.6386447519465823,0.0871893239554447
qwen-3.5-plus,3,91b2d6,poster,50,0.4502283385005385,0.4505433979581611,1.0625992475928938,0.9992292319318448,0.7703896870559445,0.4101053992142385
qwen-3.5-plus,2,91b127,mobile,33,0.3559530374651742,0.5404770307631352,0.7190384505602997,0.5687091565696933,0.6558044237692275,0.3638835723237018
qwen-3.5-plus,3,91b127,mobile,30,0.5507084279429965,0.605515111977834,0.525096758594112,0.84034501717544,0.7370369836830105,0.4803895280214186
qwen-3.5-plus,2,91d919,mobile,46,0.6430327558694685,0.5398426367590049,0.7011633890826271,1.5482589268630045,0.84716216403525,0.4686710470237494
qwen-3.5-plus,1,91d919,mobile,50,0.1936114106150339,0.3021297824898638,1.8552178434978448,0.5611465919166778,0.641656839236049,-0.2008749153499895
qwen-3.5-plus,3,91d919,mobile,40,0.6647760180533213,0.5643100427294924,0.7874854000267681,1.6444776559228171,0.849745695936262,0.5094586721726033
qwen-3.5-plus,3,91ce42,desktop,49,0.4383565021505926,0.4371234330040133,1.550634297995508,1.0572748444132452,0.7337724303709475,0.4626817535386063
qwen-3.5-plus,1,91ce42,desktop,46,0.559090653318626,0.4733622368401179,1.7970957190817185,1.3794062650949672,0.740649678817842,0.5647048758871276
qwen-3.5-plus,2,91ce42,desktop,40,0.6670177411593964,0.5128886477407871,0.9621809375449591,1.587981834113614,0.7600681842550897,0.6656413448667301
qwen-3.5-plus,1,91c8f3,mobile,38,0.306415852671125,0.3482492546245702,1.6185191436586934,1.0405103656892667,0.7872547763229732,0.1102886260827248
qwen-3.5-plus,3,91c8f3,mobile,35,0.3978428267289627,0.3886869591774454,1.8061902238877543,0.8058866808407382,0.7744663796651562,0.2331246213024883
qwen-3.5-plus,2,91c8f3,mobile,48,0.3702427625900162,0.3426985842377203,2.198581805916002,0.8271743111747965,0.7143933000613369,0.3061113597899323
qwen-3.5-plus,1,92510f,web,63,0.1338025183566399,0.3310312189607214,1.6476647110575555,0.2520158905634618,0.641420100100993,0.1370541107225141
qwen-3.5-plus,3,92510f,web,53,0.1294614766675333,0.3211652338401954,1.6509896733617986,0.2693819653994648,0.655145315125299,0.1560448257555605
qwen-3.5-plus,2,92510f,web,39,0.1087617896011824,0.2942263421867217,2.258374901464752,0.2372976489255331,0.6476520312889867,0.1545987874883881
qwen-3.5-plus,2,92159f,mobile,48,0.4998191669550655,0.4685443715122276,1.9336552522066144,1.6489597468856665,0.8321727219784065,0.4978074313110354
qwen-3.5-plus,3,92159f,mobile,49,0.3407813939580669,0.4069501182379533,2.0249953175758706,0.9112579336352168,0.7345840626650555,0.3187687610171344
qwen-3.5-plus,2,9204ba,poster,49,0.1722461076172641,0.2573102255933692,2.8891129236811723,0.4931437388073535,0.641684584140582,0.169368833728341
qwen-3.5-plus,1,9204ba,poster,48,0.1344407875379647,0.2561977717594469,2.647651347906641,0.330042708031652,0.6540989710769918,0.1391346152036535
qwen-3.5-plus,1,92159f,mobile,48,0.4035544315194953,0.453795849138896,1.535259562780773,0.8835113860559258,0.7433907340047577,0.3473013392361223
qwen-3.5-plus,3,9204ba,poster,40,0.1910997365357377,0.3046986222984303,2.187950008285803,0.5317548202761289,0.6821870478403256,0.1783905724617312
qwen-3.5-plus,1,9251bb,desktop,50,0.3371283648077351,0.414777561273063,1.358745088732569,0.7262919560359417,0.7183317668476372,0.3136181572209314
qwen-3.5-plus,3,9251bb,desktop,40,0.5056637252914439,0.4881976892259128,2.0661731244082464,1.16802647844882,0.7481411645323169,0.492111047918308
qwen-3.5-plus,2,9251bb,desktop,47,0.3147751030391754,0.4196261418819828,1.3336291138648697,0.7103014119091249,0.7391895388280585,0.3004628406767216
qwen-3.5-plus,1,927a3c,web,40,0.2992087044263199,0.2647703228084767,1.6144866151098805,0.9021156037522142,0.7330618785273783,0.2576614789677566
qwen-3.5-plus,3,927a3c,web,50,0.2481175735467454,0.2545923460862382,1.6686224271941394,0.7750823104152478,0.7321089280340569,0.2370522211435316
qwen-3.5-plus,2,927a3c,web,45,0.5053595886277953,0.3126639128147581,1.3692033740220089,1.550786690776474,0.7889343440133693,0.4494575857514441
qwen-3.5-plus,1,92b95d,web,41,-0.0057818492676042,0.2934408704746331,1.5595386159999856,-0.0583299125956346,0.5360276835740535,-0.0080121952386234
qwen-3.5-plus,2,92b95d,web,42,-0.1236431317214317,0.2189798299596474,3.012554510373541,-0.2904540958246755,0.4196748428269626,-0.065564237394785
qwen-3.5-plus,3,92b95d,web,47,-0.091165625895206,0.253169941845963,1.8735983659831184,-0.1831735447120493,0.4907035334110936,-0.0617456873489134
qwen-3.5-plus,1,93016d,poster,40,0.1549338502844507,0.3265852544660558,1.5180871015313246,0.544855991493705,0.673247555650007,0.1475165977342168
qwen-3.5-plus,2,93016d,poster,50,0.3733397788429747,0.4157898951164665,1.1940694116643966,1.1057329691741806,0.7625696335558501,0.3756980933439395
qwen-3.5-plus,1,92c389,desktop,50,0.0425548846255821,0.3386291261225319,1.5220525272921823,0.0716511009926949,0.5252584543767781,0.0772986669062246
qwen-3.5-plus,3,93016d,poster,35,0.474047620027515,0.4257439897086181,1.0618612720400544,1.364603284120594,0.7965279495962199,0.475700892620748
qwen-3.5-plus,2,92c389,desktop,49,0.2171578285173523,0.3888668850898958,1.4043491678732418,0.5156419113750366,0.647770373863813,0.1725253160937844
qwen-3.5-plus,3,92c389,desktop,43,0.2847680459538465,0.3918128746869323,1.182658297469171,0.6905701184620902,0.691868401914766,0.3025882560682429
qwen-3.5-plus,2,927918,mobile,48,0.4592217938747687,0.412619101898677,2.0742617515609534,1.4617563811108605,0.837352167284936,0.3940385571990076
qwen-3.5-plus,1,927918,mobile,45,0.3134430987683534,0.311672863166522,3.036843130385627,1.1827469196784208,0.7208949663909406,0.2776247201210539
qwen-3.5-plus,3,927918,mobile,36,0.2048025707957029,0.2586408244850936,4.1248076431543135,0.6828447537837388,0.6491722538899659,0.1234921876191898
qwen-3.5-plus,1,93527f,desktop,40,0.6718324880338676,0.5537288553729716,1.000865701707227,1.8763546790800616,0.8371123716212088,0.6798274285271442
qwen-3.5-plus,2,93527f,desktop,31,0.7500483934445016,0.582180786396162,0.8858111999698215,2.2296973472668355,0.8612346284144061,0.7582691858389491
qwen-3.5-plus,3,93527f,desktop,49,0.6534503480964975,0.5371571772984713,0.9242842952119004,1.9726072141177504,0.851740791657248,0.6472829811716921
qwen-3.5-plus,1,935066,poster,33,0.0284477443527539,0.2800670261944079,3.698775547111674,0.2070987029560022,0.4790431543215045,-0.1330709175947725
qwen-3.5-plus,2,935066,poster,29,0.0914207640234292,0.2883044277004282,3.752262205972968,0.1759321398409541,0.4978771478461747,-0.053584754848199
qwen-3.5-plus,1,93749b,poster,45,0.2198069091449971,0.3704224176135984,1.1977965028045123,0.4359817607508613,0.6240548718404629,0.1057646804421238
qwen-3.5-plus,2,93749b,poster,47,0.2000492327841427,0.3725449724320836,1.197068104789745,0.4013514529412251,0.6017556649559419,0.1622123120244173
qwen-3.5-plus,3,935066,poster,42,0.0674541341785646,0.3124478585122967,2.872405272078621,0.0699950249826629,0.51957920808057,-0.1242571330896602
qwen-3.5-plus,3,93749b,poster,50,0.2213197451632329,0.3774023668368292,1.198177745190572,0.4481033225539141,0.6347345004673552,0.0732907048080929
qwen-3.5-plus,1,93562f,mobile,49,0.117735056908846,0.3905714181935256,2.037629262165026,0.135121769773459,0.5766953873606555,0.0682084648098614
qwen-3.5-plus,2,93562f,mobile,49,-0.0049137082446182,0.2819663702207893,4.021088033275117,-0.0551358342370102,0.4965937129676808,-0.0819639409199692
qwen-3.5-plus,3,93562f,mobile,36,0.234616439378165,0.3961987606125926,2.1311675546283597,0.2923540814922968,0.6319156011669762,0.1968467506367009
qwen-3.5-plus,1,9378c2,desktop,46,0.2339260389526035,0.3702783500755539,1.570326024808298,0.7018601839391165,0.671164736248479,0.2189605927601129
qwen-3.5-plus,2,9378c2,desktop,35,0.2750137873473515,0.3592354861414356,1.4806781996471727,0.7561863205313032,0.6675935887956109,0.286106556426616
qwen-3.5-plus,1,935ba3,mobile,30,0.1686594840636615,0.3380092548157913,2.6826844624503567,0.4375956309265819,0.6352989697556007,0.1583037812248548
qwen-3.5-plus,3,9378c2,desktop,39,-0.033544389283804,0.2566392707609392,3.023158190939075,0.003088345684163,0.5321768243309355,-0.0648036922690488
qwen-3.5-plus,2,935ba3,mobile,43,0.145009196524514,0.3533907784795455,2.3680205127236698,0.3105446856150741,0.6151451806287311,0.0941994652275258
qwen-3.5-plus,3,935ba3,mobile,50,0.0578632057538799,0.2617325632465831,3.840922493656717,0.2305666098915448,0.5276165656132008,0.0090071200482042
qwen-3.5-plus,1,94460d,desktop,41,-0.0011178421824502,0.2819932254934272,2.0016595467727316,0.0149168186618871,0.4930924623760864,0.1102281268302752
qwen-3.5-plus,2,94460d,desktop,50,0.2788783270500374,0.3781719873648462,1.37999706488777,0.6081895501246216,0.6694668555078777,0.1814928136006149
qwen-3.5-plus,3,94460d,desktop,44,0.2634442237336381,0.3736249145297292,1.3241682593602977,0.5746165235153818,0.6762082432965416,0.2393155271328034
qwen-3.5-plus,1,9466ef,web,50,0.3272776826155265,0.4011965395513938,1.513936573052891,0.5696218192552716,0.6528344054985795,0.3369284659465085
qwen-3.5-plus,1,93f7fb,mobile,50,0.1758886490704073,0.3306051056713182,2.2290070431882043,0.2723469268998336,0.5999968752571645,0.0605974166110218
qwen-3.5-plus,2,93f7fb,mobile,50,0.0008847302201151,0.2474019080344429,3.571779760764507,-0.1207162630590139,0.4955932506194798,-0.0641084111704024
qwen-3.5-plus,2,9466ef,web,49,0.2964801762643467,0.3954644913587979,1.5163921099266964,0.4688090336697839,0.6472343405964611,0.2796334346302893
qwen-3.5-plus,1,943fdb,mobile,30,0.3384359439629781,0.339544997643186,3.4131515815590805,1.1222318639714626,0.6164990762111218,0.2984726051290183
qwen-3.5-plus,3,9466ef,web,50,0.2036143609367291,0.3412514870041891,1.8366170758653997,0.3122349344983061,0.5932219841807185,0.2604508531764802
qwen-3.5-plus,3,93f7fb,mobile,40,0.0300324461035528,0.2477303154330208,3.264662550124126,-0.0920992285588988,0.5332252411438049,-0.0224284297763772
qwen-3.5-plus,3,943fdb,mobile,49,0.2644677924728733,0.3332831754495028,1.707349428192077,0.8137174089963164,0.7048543475929795,0.1891332180315558
qwen-3.5-plus,2,943fdb,mobile,40,0.28665447929361,0.3732492825086195,1.753403379487932,0.9133034110587316,0.6981161946267511,0.235612403811813
qwen-3.5-plus,1,947b62,desktop,48,0.2546924518314779,0.3643868905957281,1.7579729704978542,0.811312312433557,0.7420217452835742,0.2161857668427971
qwen-3.5-plus,1,949f72,poster,40,0.3152612576884647,0.4798086759178016,1.1300414693758114,0.6009416538178495,0.6745772583878598,0.3176101927779075
qwen-3.5-plus,2,949f72,poster,40,0.1368623487617898,0.4184647322230662,1.354021575085057,0.2799771729978841,0.5910212122845114,0.1273403885957473
qwen-3.5-plus,2,947b62,desktop,30,0.3408805531307598,0.4243086530384192,1.3444372444668071,1.0392932054129669,0.7941690583613462,0.3113434605128852
qwen-3.5-plus,3,949f72,poster,48,0.239416819382202,0.4444516857260714,1.124989256803667,0.4466702555147804,0.6373249647301527,0.2715877743947562
qwen-3.5-plus,3,947b62,desktop,40,0.4063715919154945,0.4488988671308306,1.0078921097842828,1.226366978617081,0.8137876686677175,0.3470859088997644
qwen-3.5-plus,1,949207,desktop,56,-0.1030789189188744,0.1200649786762511,6.410279579514436,-0.2284423681282442,0.4005565777283605,-0.1666932940012105
qwen-3.5-plus,2,949207,desktop,50,0.2280210435335754,0.3662034378107991,1.563135267644303,0.6324372235701149,0.6876175501535493,0.141956433979842
qwen-3.5-plus,3,949207,desktop,50,0.1055516493416267,0.2552608348426893,3.9433777578891616,0.2323096075027917,0.5390667917718517,-0.0405211936790497
qwen-3.5-plus,1,949fd0,web,39,0.381563144315639,0.4070886870065184,1.726009976303161,1.0447792274950662,0.8114092509624947,0.3430787061501559
qwen-3.5-plus,1,94bf23,desktop,50,0.293606849545299,0.3768546792197738,1.3166438043673665,0.721314502985586,0.7336863755443,0.2022172834231267
qwen-3.5-plus,3,949fd0,web,30,0.3686550404615638,0.4121670359668898,1.7884145883096498,0.978986551121688,0.8106410946398944,0.3324942934863817
qwen-3.5-plus,2,949fd0,web,40,0.3570913314205532,0.3976941624519072,1.7319580429168122,0.9609879822493166,0.8166730054496644,0.3084177007345706
qwen-3.5-plus,2,94bf23,desktop,51,0.11715267596998,0.3135408881482087,1.7625677581279484,0.3209449527866114,0.6572216609168339,0.1538166618949949
qwen-3.5-plus,3,94bf23,desktop,52,0.3857868062400275,0.4033293596002096,1.0939753804639134,0.9766176329942506,0.7647811939278539,0.3756467096163788
qwen-3.5-plus,2,94d7be,web,40,0.1405065342948822,0.3034406959071929,2.1265799911288195,0.3283502438539597,0.6248037706173835,0.107846029938163
qwen-3.5-plus,1,94d7be,web,40,0.1129589325656205,0.297907093904916,1.9575360931917456,0.3179488324368987,0.6520218190750106,0.0929342412815953
qwen-3.5-plus,1,94b1bc,mobile,40,0.0581556472161284,0.2613428442636142,3.0348361605811087,-0.0778192020049775,0.5035356631011999,-7.394403169536151e-05
qwen-3.5-plus,3,94d7be,web,42,0.2038800292739374,0.3432191726639424,1.7548248745000143,0.4771396638504006,0.6885602590080664,0.1922543091149091
qwen-3.5-plus,2,94b1bc,mobile,40,0.1189090722570501,0.2955922207575747,2.9263521377610697,0.0492317479078931,0.5240215430436728,0.0016465617597264
qwen-3.5-plus,3,94b1bc,mobile,38,0.1246833791821596,0.2913775780713937,2.9743205216553714,0.1828315113821742,0.5294179504732776,0.0692882106796592
qwen-3.5-plus,2,94dc20,desktop,40,0.4315290900809829,0.4308739180126439,1.2106312438412126,0.9803905691660536,0.7559956052318413,0.3332228742825859
qwen-3.5-plus,3,94dc20,desktop,41,0.2959854262552951,0.3903734594111162,1.3725167249030492,0.6696189049811818,0.7398735257870183,0.1990135802040869
qwen-3.5-plus,1,94dc20,desktop,40,0.2711505247164704,0.3760298403272305,1.3415450371887885,0.6025588777037804,0.7216996420716256,0.1937223994656417
qwen-3.5-plus,1,94d9ed,mobile,44,-0.0749811463857861,0.2307270925007319,3.84295692155742,-0.1281580475355898,0.5219929232314819,-0.0194940454097821
qwen-3.5-plus,1,95044c,desktop,50,0.2727684190463929,0.3953695647481546,1.3941810808861543,0.6404284062098272,0.6647216813611333,0.2647751209692123
qwen-3.5-plus,2,95044c,desktop,45,0.1982398254242613,0.3731391945457979,1.6374497852866037,0.4517410610874941,0.5973851229869644,0.2058627710475629
qwen-3.5-plus,3,95044c,desktop,47,0.2763383207506152,0.3784283440268531,1.5688169180940026,0.6407856124777058,0.6465323531515952,0.2744122365637095
qwen-3.5-plus,2,94d9ed,mobile,35,-0.1348532459924875,0.1961099305836532,4.036206234343945,-0.1096329894702853,0.4477574334000552,-0.0987624128078864
qwen-3.5-plus,3,94d9ed,mobile,49,-0.0195185626412112,0.2854859307021751,3.1345653601514663,-0.0254142494983219,0.5217125101162604,0.0171682413871717
qwen-3.5-plus,1,95b24c,desktop,40,0.4923174923445577,0.4848267305541054,0.8480408119143492,0.88363983065757,0.7515429776982301,0.4350665975432234
qwen-3.5-plus,1,955a79,poster,40,0.3707890351939925,0.4740913867156174,1.0198285868381567,0.8498351103378409,0.7413329550578143,0.2710585322557589
qwen-3.5-plus,2,955a79,poster,50,0.298991260718547,0.4357577875118605,1.11011370141445,0.6622732065835433,0.6959090237657101,0.2128174030754934
qwen-3.5-plus,2,95b24c,desktop,29,0.3640821367964179,0.4308534270770229,1.0458508820097232,0.7724125035569389,0.7165846928246883,0.3237551696621735
qwen-3.5-plus,3,955a79,poster,46,0.2647483414610436,0.4345884662949604,1.4959357201144332,0.5536262893179635,0.6699784095429008,0.2041672561138144
qwen-3.5-plus,3,95b24c,desktop,65,0.4533347096410719,0.4574202980627456,1.042858890475094,0.8890122137211317,0.7338815112288474,0.3894438880218089
qwen-3.5-plus,1,94e7b4,mobile,40,0.0866672641741226,0.3223655755860822,2.519043918492542,0.1939891343235952,0.6025021591089185,0.0336919331568161
qwen-3.5-plus,2,94e7b4,mobile,41,0.0440893708843178,0.3199404811940983,2.616386548834554,0.1349456938314894,0.5355498062192077,0.0161672943696624
qwen-3.5-plus,2,95b2d2,desktop,48,0.5560719207401256,0.523695914860162,1.0602952787027915,1.5070075803500735,0.8310177633471774,0.4353126954939328
qwen-3.5-plus,3,94e7b4,mobile,34,0.0886237513956495,0.3047730978807911,3.110675535797596,0.2277598825172088,0.5740458087720139,0.059815145663477
qwen-3.5-plus,1,95b2d2,desktop,36,0.7553017927058031,0.6321490902001383,0.8188776086707623,2.082969099645271,0.8607025012301489,0.6923098558066341
qwen-3.5-plus,3,95b2d2,desktop,40,0.6436717205715536,0.5181125788760851,1.1824532381772388,1.7292695343604945,0.8280935964106498,0.5889108379926075
qwen-3.5-plus,2,95b733,web,46,0.047011110211506,0.2976987052734663,2.1621807230201777,0.18755791740132,0.5829800069217248,0.2710806041842541
qwen-3.5-plus,1,95b733,web,50,0.1084386157801264,0.3228366206988077,1.765670984543298,0.2564661833857001,0.5697017353479017,0.107386166985748
qwen-3.5-plus,3,95b733,web,49,0.014509442877435,0.3005417031058635,2.2072760663105084,0.0494112844956437,0.5298634192248601,0.1144983121801037
qwen-3.5-plus,1,95ce3a,web,40,0.0087026981140957,0.2087969801155218,2.739953654701377,0.1055847836071979,0.5643153099148424,0.0388171916226709
qwen-3.5-plus,2,95ce3a,web,37,0.0882594564206728,0.2377791608133895,2.571278266915813,0.2963053823855775,0.6166452220318988,0.0948643078628887
qwen-3.5-plus,3,95ce3a,web,40,0.0131180075282213,0.2068515271474862,2.7854727462662363,0.0823726069019387,0.540827385070607,0.0292070830301897
qwen-3.5-plus,1,9609c8,web,30,0.4275588286689129,0.503159574357884,1.0105175330146778,0.9304089913133728,0.7894542188399489,0.2631499524397692
qwen-3.5-plus,2,9609c8,web,50,0.4308377630243553,0.4679957555481049,0.9186459628832238,0.9179744085214449,0.7715188663604037,0.30033978940355
qwen-3.5-plus,3,9609c8,web,40,0.4141994864598231,0.4870819651736355,1.0142487408958134,0.8923844099620365,0.7704736018777528,0.3183217151625224
qwen-3.5-plus,1,95d2d7,mobile,40,0.1935571129131442,0.397893926989401,2.2155121028065956,0.4277199748619671,0.632672775717694,0.1908202461896478
qwen-3.5-plus,2,95d2d7,mobile,40,0.2017180201236326,0.4114798727419322,2.080539378001931,0.4182491519676321,0.6503449677099804,0.180186837314461
qwen-3.5-plus,3,95d2d7,mobile,40,0.2399673133893586,0.4185282742815491,1.9331116594806117,0.3680331183447954,0.6489855469055191,0.2164158538162783
qwen-3.5-plus,1,95fc3f,mobile,42,0.1862852987015839,0.3859468471552663,1.995166881551894,0.4193246495793533,0.647019444716152,0.1776385215662229
qwen-3.5-plus,3,95fc3f,mobile,30,0.0008083195619996,0.2735714211099757,3.757366554775769,0.0490049704810229,0.481556313611913,-0.0242604777334049
qwen-3.5-plus,2,95fc3f,mobile,45,0.1450500125869727,0.3343429034745526,2.4550230066172087,0.272086889344619,0.5826962766685262,0.1651253285484502
qwen-3.5-plus,1,964f81,poster,35,0.2738422279564544,0.3498063000973482,1.3420581191122176,0.6454117959105728,0.6730029147461283,0.0912344236690054
qwen-3.5-plus,3,964f81,poster,36,0.2301624274516999,0.3423917925872392,1.4227597061462969,0.5696463397923971,0.6468064956753202,0.0970018526052403
qwen-3.5-plus,2,964f81,poster,35,0.2753190345579098,0.3487844221545377,1.3519601679543427,0.6311021533748615,0.6765841113953196,0.0665044113189936
qwen-3.5-plus,1,9620b2,mobile,40,0.3964039173021162,0.4790036145153509,1.7117761243441127,0.646383830686607,0.7197376298645829,0.3919080103343593
qwen-3.5-plus,1,96c596,web,50,0.0343583876134455,0.2651883921277936,2.589924651069925,0.1348149735948751,0.607401330493949,0.0520361348317061
qwen-3.5-plus,3,9620b2,mobile,41,0.2747024062150209,0.3987496287787659,1.68218403003111,0.4155383381448752,0.6720749636441784,0.2709434107847795
qwen-3.5-plus,3,96c596,web,50,0.2423245074221383,0.3336124064936913,1.547757332585294,0.8090357192151687,0.7546825173971276,0.241710363532948
qwen-3.5-plus,2,9620b2,mobile,39,0.2079993351170611,0.4034975168444527,2.9265516358281936,0.4866483067188357,0.6365409362295651,0.2000131036443388
qwen-3.5-plus,2,96c596,web,29,0.1985068532126438,0.3219185197406322,1.5399855790821282,0.7181270334235736,0.8014101318858019,0.2104689205101568
qwen-3.5-plus,1,96d95b,mobile,82,0.5913372944237916,0.4793729853217401,0.8484866176757496,1.3071668110287251,0.8062280851730022,0.5153670875224365
qwen-3.5-plus,1,964429,mobile,50,0.1120409584631825,0.2676098237740886,2.7418199418849603,0.3106673646999345,0.6383623437337765,-0.0249336315185004
qwen-3.5-plus,3,964429,mobile,47,0.0704334461850085,0.2595754434463069,3.2608684710547218,0.3525005787140938,0.5707476087061266,-0.0532377905237035
qwen-3.5-plus,2,964429,mobile,40,0.1280703066946805,0.2762112465627074,2.6928775394880287,0.3263705177354281,0.5993015409881552,0.0121050152465113
qwen-3.5-plus,3,96d95b,mobile,47,0.6196864516798515,0.5055996918013518,0.7562634876350834,1.5066276337706193,0.8508587470982093,0.5482199367047447
qwen-3.5-plus,2,96d95b,mobile,37,0.4798532499989349,0.4761342970584533,0.9409263469130242,1.349673838667613,0.8274612913076244,0.4389783197134771
qwen-3.5-plus,1,96f6e0,web,40,0.1529236678431445,0.3328821146128914,2.519547699795682,0.4181590180514113,0.5966626660214556,0.1540699651120318
qwen-3.5-plus,2,96f6e0,web,33,0.1233692329532965,0.3094935176181184,2.6881426147256344,0.3597128626403258,0.5996321489536757,0.1190394287865038
qwen-3.5-plus,1,972486,poster,40,0.2246231586079088,0.2336214718446741,2.073939077210071,0.7231941515681959,0.7167185429871851,0.2093314660213021
qwen-3.5-plus,2,972486,poster,48,-0.038909497551261,0.1539081909821251,5.38463091254525,-0.1011959700392069,0.4117316480618113,-0.1509754594792808
qwen-3.5-plus,3,972486,poster,47,0.0303470172848501,0.1723616040275563,2.7377185281395633,0.0703510121370217,0.5879220815343869,0.0897699099018772
qwen-3.5-plus,3,96f6e0,web,40,0.1498496337128203,0.3476657512395058,2.3162480283878777,0.3998431882709628,0.6007706008407616,0.1496490491140768
qwen-3.5-plus,1,972cc2,desktop,42,0.4007507667239122,0.4486180181535998,1.1020419852438186,1.0253386910170703,0.7587937236896884,0.1160098033068584
qwen-3.5-plus,2,972cc2,desktop,51,0.3816665540254331,0.3710260614332393,1.1757142939164615,0.909100377933852,0.7474905994675898,0.249860422789362
qwen-3.5-plus,3,972cc2,desktop,49,0.4141670908559543,0.4315634070514921,0.9933605110026744,0.9996953533650764,0.7815845856762821,0.1481932667861302
qwen-3.5-plus,2,96db53,web,44,0.2844797733907652,0.3673294746491575,2.2604349109912896,0.6867907595419709,0.6889105974601475,0.2771578446092546
qwen-3.5-plus,1,96db53,web,40,0.3378827929197628,0.3947017396258329,2.150163261654544,0.7135595602328045,0.7408279310024631,0.296987626647249
qwen-3.5-plus,3,96db53,web,40,0.2116791561655692,0.3368006831579186,2.5715551046077936,0.4715677253573558,0.663833327722691,0.2036678243257541
qwen-3.5-plus,1,9780b8,desktop,35,0.0082199643319385,0.2920842367471432,2.2041099910168667,0.1402159025485937,0.5456494907167923,0.0374665710915304
qwen-3.5-plus,2,9780b8,desktop,36,0.0696413285297924,0.3134443088298043,2.0464651902168858,0.2385783012983099,0.5756920056663355,0.0832548200334614
qwen-3.5-plus,3,9780b8,desktop,36,0.0447029876097533,0.3043495959971518,2.097481193528014,0.1887047568378053,0.5634556603901717,0.0623729689686067
qwen-3.5-plus,1,97cc00,web,48,0.2018179866605403,0.3110496608581137,1.8991993939304763,0.4740831566549727,0.6710735165358221,0.1935031866091242
qwen-3.5-plus,2,97cc00,web,45,0.2041276697704669,0.3024445199766397,2.359089376989295,0.4771869394017053,0.7139715495098345,0.2319942915648642
qwen-3.5-plus,3,97cc00,web,43,0.16413689110815,0.28570980901714,2.268451540313288,0.3393214280493639,0.6844621695593595,0.1893899433947614
qwen-3.5-plus,1,98474c,poster,38,0.5923290266360042,0.5784562670701816,0.5849593268203994,1.056047319832909,0.791863307117745,0.5792526247366324
qwen-3.5-plus,2,98474c,poster,40,0.4978126860583415,0.5388733859576169,0.6925705400021909,0.9406855090868896,0.7865945985098882,0.477345991010892
qwen-3.5-plus,1,97c1a1,mobile,40,0.2369285155329974,0.4021214156078905,1.754747033323777,0.3615406692755088,0.6393089740374044,0.2360501499596574
qwen-3.5-plus,3,98474c,poster,40,0.4849642854085572,0.527234916228344,0.7667402412404192,0.950935061402886,0.7547578014405718,0.4585941412786525
qwen-3.5-plus,2,97c1a1,mobile,40,0.3136936573548308,0.4155115065512129,1.9567603494580497,0.480181094341625,0.6835950044649922,0.3145400648397441
qwen-3.5-plus,3,97c1a1,mobile,40,0.3095875969460463,0.4554040446164403,1.328641145035527,0.5320442974674873,0.6725868263973915,0.3034670277012427
qwen-3.5-plus,1,985d8c,desktop,48,0.0467972853515447,0.2292407545268502,2.505983024464808,0.1807626043969142,0.5409961076721268,0.0155061263454849
qwen-3.5-plus,1,980144,mobile,37,0.1202996612314802,0.3598479006232732,2.832364142864978,0.3109915425485887,0.5698281120404451,0.0326363401816893
qwen-3.5-plus,3,985d8c,desktop,48,0.0818971569525003,0.2350927134518762,2.899995132544237,0.4326282252913805,0.5878590221941415,0.1015392102810414
qwen-3.5-plus,3,980144,mobile,39,0.1408157308522205,0.3457548154777207,2.921596461004195,0.2392236751835524,0.5518710733942305,0.0046284976395662
qwen-3.5-plus,2,980144,mobile,46,0.0676125199140812,0.3119237875676686,3.261239411257587,0.2709851679507747,0.5354733898497114,0.0285935197674445
qwen-3.5-plus,2,985d8c,desktop,37,-0.1605200485013222,0.145810660486473,4.535846980676539,-0.4575385555776723,0.3603687463876714,-0.1218006221656296
qwen-3.5-plus,1,98b958,poster,47,0.206108481865736,0.3631268001986362,1.5495000477581145,0.5963357626114079,0.6571510991502691,0.2720347959406238
qwen-3.5-plus,2,98b958,poster,47,0.016835857818163,0.3095818200266735,1.5269669907616814,0.1465915970531963,0.5654969198398058,0.0258922020466546
qwen-3.5-plus,3,98b958,poster,40,0.1650364115061258,0.3608950305408378,1.2894343870490703,0.4508644336181063,0.6435744947508526,0.0432945564426425
qwen-3.5-plus,2,98df26,web,45,0.053953417501545,0.324119218451793,1.9627797076192144,0.3167449972251979,0.5679681466387477,-0.0934022034368427
qwen-3.5-plus,1,99004f,desktop,40,0.6168891580780738,0.5318005166962351,1.2354180729972597,1.2363119069893151,0.7675910220167341,0.6193135636768593
qwen-3.5-plus,1,98df26,web,48,0.0878376105967141,0.3144022014969692,2.1284525708217616,0.2474244223432678,0.5852950477933305,0.136213794875869
qwen-3.5-plus,2,99004f,desktop,46,0.6844690939251834,0.5584086645395716,1.2141356235048877,1.3764480593693555,0.7844530190816013,0.6822902036398578
qwen-3.5-plus,3,99004f,desktop,40,0.7719191048105959,0.6265481824264405,0.8210682724038892,1.5824794746191098,0.8113588521147213,0.7702894285491191
qwen-3.5-plus,3,98df26,web,49,0.1061484833636205,0.3277193810231029,1.7756080756403572,0.3595052860249931,0.5952140176818081,0.1468145324195866
qwen-3.5-plus,2,98ae63,poster,50,0.4459372295186328,0.4069449623053612,3.133904981561295,0.946201664672244,0.7045350421252875,0.3931403898492289
qwen-3.5-plus,1,98ae63,poster,49,0.2699399985477076,0.3455896205201377,2.1282255424057994,0.5613635459234474,0.7623156692794895,0.2324423937994479
qwen-3.5-plus,1,991446,mobile,40,0.0337872021370744,0.3697307073899701,3.109145472940468,0.0554164654798329,0.470720954116766,-0.0606778735379079
qwen-3.5-plus,2,991446,mobile,48,0.125022336462026,0.3517922944581615,2.99349245046482,0.1758729562246264,0.4706002154198471,-0.0036772856533725
qwen-3.5-plus,3,98ae63,poster,40,0.4593668063606846,0.4340296989957924,2.8669914556717986,1.0497812625718974,0.7238847653201373,0.4256362928818829
qwen-3.5-plus,3,991446,mobile,40,0.2385086530285018,0.3906111971709593,1.584937545710925,0.5385799063221673,0.5955075989246181,0.1804216008602255
qwen-3.5-plus,2,992c50,mobile,30,0.1551034407044128,0.3044702104861186,3.052219630629782,0.3496482239849844,0.6395046736777006,0.1783395731680626
qwen-3.5-plus,1,992c50,mobile,36,0.0807378201162777,0.2683857819586986,3.323383200863286,0.2548431853115494,0.5704279454335781,0.1218171644497709
qwen-3.5-plus,3,992c50,mobile,40,0.2881919093209065,0.3704629012361061,2.367369440491854,0.6405129127496832,0.6690663229306295,0.2819233883251617
qwen-3.5-plus,1,9951b0,mobile,29,0.1415284215631115,0.2898082878309793,3.1496148056067588,0.5054586357946076,0.6430645302772036,0.0406935413372612
qwen-3.5-plus,2,9951b0,mobile,30,0.1276327366967075,0.2853530389554609,3.068266452433323,0.1499673512529191,0.6168105266692725,0.0114561808909511
qwen-3.5-plus,3,9951b0,mobile,45,0.0941716664503257,0.3109742713985042,2.483907098348573,0.4477579330608953,0.6184525052554095,-0.1670098071676048
qwen-3.5-plus,1,9984d9,desktop,44,0.2667573611950503,0.3481526702438902,1.6172221928769266,0.7080580043244398,0.6941284587250643,0.0458089394834389
qwen-3.5-plus,2,9984d9,desktop,50,0.1078345678755764,0.2907906081287529,2.4492203309809017,0.2793323147633961,0.5839171549898058,-0.1583723004138452
qwen-3.5-plus,1,9a69c1,poster,40,0.4524721218480141,0.5272827728024487,0.7032726797476625,0.7489859263665926,0.7220940345298179,0.4383228925975282
qwen-3.5-plus,3,9984d9,desktop,40,0.278086424861964,0.3858867644061408,1.348103372182403,0.6911584591580177,0.7227382361440755,0.0758243603700598
qwen-3.5-plus,2,9a69c1,poster,45,0.2386305841904356,0.4698029967412425,0.9653452907348804,0.445450947272391,0.6298314364123615,0.1821341323964169
qwen-3.5-plus,3,9a69c1,poster,40,0.2713702611686622,0.4834293273567807,0.8544092860632944,0.4111901508625896,0.624383573400156,0.2679678528655627
qwen-3.5-plus,1,998d69,desktop,317,0.3977858682142283,0.3146542833894054,1.7568894104794706,1.4665207786774914,0.8207197827564927,0.2966404709756348
qwen-3.5-plus,3,998d69,desktop,50,0.6212705640023666,0.5406041035701393,0.9416450574033643,2.3227467084984723,0.9102429226343872,0.5919347223431504
qwen-3.5-plus,2,998d69,desktop,48,0.6298770394014139,0.5358298319071081,1.398140150374402,2.239488148379307,0.8648429111938493,0.6152708335687773
qwen-3.5-plus,1,9aa231,mobile,40,0.3231305096358171,0.4247183701502062,1.3267403225153571,0.5441719026354443,0.7026752413687586,0.1461395524215387
qwen-3.5-plus,2,9aa231,mobile,40,0.3383855840363896,0.4351464037876314,1.7820277538764555,0.5837847319580673,0.6551145313166606,0.1549446934811541
qwen-3.5-plus,3,9aa231,mobile,35,0.3632518365419338,0.4548965751305176,1.0012909897035405,0.6222673543558763,0.6780091745952204,0.2086459032188385
qwen-3.5-plus,2,9aa968,web,50,0.230183709561178,0.3533299107130562,1.431451872959417,0.6286305052628697,0.6751147730179187,0.1878131211378128
qwen-3.5-plus,1,9aa968,web,49,0.2888324657044848,0.3592874550328423,1.5262022689412025,0.7014061345402434,0.6619175075960345,0.3238773530908597
qwen-3.5-plus,3,9aa968,web,50,0.4332576540435081,0.4133643719515433,1.1857886790009908,1.0409523096811832,0.7437504459639713,0.4792410915387225
qwen-3.5-plus,1,9aabba,web,40,0.1190091412563431,0.2535219001840683,2.1522045306222495,0.1613581725333629,0.5947754739800242,0.0817083656532004
qwen-3.5-plus,2,9aabba,web,35,-0.0352567326575208,0.2068820816979601,4.318247050361253,-0.1128169459307511,0.4963192652517569,-0.0750470006818779
qwen-3.5-plus,2,9afe5f,poster,45,-0.1907641954714239,0.3398537642499795,1.6377027687870147,-0.3322438162314886,0.4050532300205107,-0.0906660167512804
qwen-3.5-plus,3,9aabba,web,35,-0.0101995199199568,0.2064306598021004,4.643521961608403,-0.0812997565100412,0.4832584955270891,-0.069639660189545
qwen-3.5-plus,1,9afe5f,poster,48,-0.1831979642166499,0.3401454452119224,1.6718036456355774,-0.3080150209068621,0.4133232516035504,-0.1444131630198111
qwen-3.5-plus,3,9afe5f,poster,50,0.0726038826143696,0.4077898688891064,1.1842158780785268,0.093728539121027,0.5268232902612365,-0.041180901159092
qwen-3.5-plus,1,9b2668,desktop,30,0.0671220791183301,0.2882324649683617,2.8825373584729457,0.2036307887258687,0.603606305056862,0.1223103067963799
qwen-3.5-plus,2,9b2668,desktop,40,0.0095767173008007,0.2938926790398466,2.583439596352669,0.1476378480310404,0.5630140074032021,0.1240895152208167
qwen-3.5-plus,3,9b2668,desktop,52,0.0198040812858174,0.2946637479526017,2.9241719762059426,0.1806958440136316,0.5819450918757249,0.191047208052735
qwen-3.5-plus,1,9952f0,poster,48,0.1085322384084078,0.1890155035256845,5.193843572825104,0.1825678523093411,0.4397166338678333,0.1572984824837791
qwen-3.5-plus,3,9952f0,poster,47,0.1171888185135835,0.1791642836426926,5.481351276210626,0.5268278227650172,0.4196659254370716,0.1232014145308529
qwen-3.5-plus,2,9952f0,poster,30,-0.0051275650458026,0.0798501080490632,7.021040552231242,-0.1253291123493493,0.2339183577602098,0.0161328658033476
qwen-3.5-plus,1,9b3896,desktop,40,0.0883852473700691,0.258796194277055,2.549106914014005,0.279970263268997,0.6361804543369343,0.0869514505028137
qwen-3.5-plus,2,9b3896,desktop,50,0.2146296065330547,0.3263650581343814,2.1004737307520887,0.6349583035521464,0.6447082181504842,0.1990230460549181
qwen-3.5-plus,3,9b3896,desktop,45,0.1327898128460345,0.2817806109312744,2.1607749575689317,0.3317491166549731,0.6370026481654381,0.1086286429531637
qwen-3.5-plus,1,9b41e4,web,49,0.2329486497883048,0.3979200219229838,1.630228889574592,0.6202906612549856,0.6872095197224287,0.151852896162606
qwen-3.5-plus,3,9b41e4,web,45,0.2166660464422193,0.3933320998448385,1.7038158545903077,0.5602404883848294,0.6812919517182114,0.1344794366486651
qwen-3.5-plus,2,9b41e4,web,49,0.2498439588852162,0.4069038775613786,1.6805411161297452,0.5955341601310208,0.6810643598702333,0.0793997208156438
qwen-3.5-plus,1,9b4285,desktop,46,0.6947255112313421,0.5953377264057282,0.8581322631861044,1.874128974327064,0.812632524142995,0.6540817200698155
qwen-3.5-plus,3,9b4285,desktop,50,0.7742795250870762,0.6558515692467881,0.6573188024911917,2.1538282444185524,0.8319595581429824,0.7341556343644792
qwen-3.5-plus,2,9b4285,desktop,49,0.5370066036884293,0.3849129083444352,1.2767500534198943,1.4430565303189866,0.7862843532433923,0.4919195527733984
qwen-3.5-plus,3,9b7610,web,43,0.3661534033059844,0.398110659290104,1.4060976941157002,0.997033286175839,0.7294301416825398,0.3583053712446313
qwen-3.5-plus,2,9b7610,web,40,0.3461906505621771,0.3898571892491935,1.67128179613442,0.9516371173642776,0.7136744767250978,0.3114249041602618
qwen-3.5-plus,1,9b7610,web,40,0.3618832505610969,0.3846180506481632,1.6535080142238716,0.938339497029003,0.7068552284766697,0.3101110490257205
qwen-3.5-plus,2,9ab8bc,poster,46,-0.051664102871131,0.1083390369849179,6.701433745363215,0.1333649574191606,0.2666974178478152,-0.0281034571940888
qwen-3.5-plus,3,9ab8bc,poster,46,-0.0798956201892649,0.082395726265583,7.100469352800645,-0.1287504291413271,0.1825492151283311,-0.0946330429348918
qwen-3.5-plus,1,9bbfdf,desktop,39,0.245403651672291,0.2671138882103361,2.0557276253389234,0.9570688244627196,0.7214547233192297,0.1599038534909798
qwen-3.5-plus,2,9ba547,mobile,48,0.1105681562614953,0.2964457300727235,3.5651158389087487,0.1415077493689187,0.6109373917451084,0.1039144358088697
qwen-3.5-plus,1,9ab8bc,poster,48,-0.0326548407636503,0.1266035564894612,6.455600807639795,-0.0691109412183164,0.2691975061328636,-0.0289026848650401
qwen-3.5-plus,1,9ba547,mobile,51,0.2758628037848714,0.3356662551022495,3.372233911573912,0.8570701734939866,0.6281672296317166,0.1980119846563797
qwen-3.5-plus,3,9bbfdf,desktop,49,0.3439994295736293,0.2910026420285437,1.695573355479416,1.146196131303299,0.7499628733892952,0.2807633788059744
qwen-3.5-plus,1,9b3421,poster,42,0.0273514658188348,0.1211783414367692,6.1718340488993775,0.0514240749149834,0.3581288259035246,0.0408806071233408
qwen-3.5-plus,3,9ba547,mobile,49,0.1837643633088128,0.3293833634565897,3.779116813235401,0.5721593611863189,0.5933926382135483,0.165446616829297
qwen-3.5-plus,2,9bbfdf,desktop,46,0.3120380528350251,0.2663752659067243,1.6303686141583291,0.8949103614592152,0.7542300724469626,0.232973712323897
qwen-3.5-plus,2,9b3421,poster,45,0.0195647495847541,0.1385796394507539,5.812043231475705,0.0834888728015515,0.4047787432288131,0.0296966539134874
qwen-3.5-plus,3,9b3421,poster,48,0.0258692252300035,0.1648401544239135,5.425844949637043,-0.0181919353783143,0.367344067070722,0.0231034830100436
qwen-3.5-plus,1,9cb812,web,45,0.142240538991789,0.2473063958091367,1.891305813847512,0.3690800374016085,0.6504521147851758,0.0316547292071099
qwen-3.5-plus,3,9cb812,web,50,0.203024506176552,0.2621208009841004,1.8414462532920144,0.6255181904360962,0.6964498457601616,0.1175876517622404
qwen-3.5-plus,2,9cb812,web,44,0.2669860785436353,0.2790841162921844,1.8250715452152089,0.8135226134859085,0.7225573499919484,0.1864267855804073
qwen-3.5-plus,1,9d1757,mobile,40,0.5627210729435868,0.5307141707475868,1.066071408354747,0.8992102144738338,0.7168419240825554,0.4285610940373008
qwen-3.5-plus,2,9d1757,mobile,48,0.5219586942206671,0.5065532751592001,0.8439180724407342,0.8246751699223789,0.7158152822909987,0.4169059013625083
qwen-3.5-plus,1,9bf988,mobile,39,0.1967888621456358,0.3056693210640643,3.094183153498255,0.5813922243515806,0.622937408903107,0.2954626370818033
qwen-3.5-plus,3,9d1757,mobile,49,0.5384293129912237,0.5099410670563611,0.827415162300367,0.8878200151212104,0.7265910962574027,0.4989631515197279
qwen-3.5-plus,3,9c07ef,mobile,40,0.3468170440001453,0.4674460060278912,1.8349760053844095,0.483894281370983,0.6595057339166833,0.1677225487887132
qwen-3.5-plus,2,9bf988,mobile,44,0.3097569580650499,0.3438997074446323,2.7321909351375897,0.7885353618756735,0.5969867766223972,0.3941088796240876
qwen-3.5-plus,1,9c07ef,mobile,40,0.4637319334513863,0.540353730529083,1.2853802092466806,0.5897399625937749,0.7334765611087778,0.2598148887186877
qwen-3.5-plus,2,9c07ef,mobile,40,0.383136983634709,0.4832912022389023,1.6855128908679655,0.594620486807302,0.6928797306467188,0.2011411476669476
qwen-3.5-plus,3,9bf988,mobile,99,0.0389961656493007,0.3405305690904726,1.6779908089772622,-0.0168365576450455,0.506149693113228,0.0111107005302957
qwen-3.5-plus,1,9d3bb4,mobile,51,0.5470192201312088,0.5916181207170664,0.6308641012183164,0.838160127189958,0.743630982167962,0.4649257739271639
qwen-3.5-plus,2,9d3bb4,mobile,50,0.585710978742387,0.5898931740989748,0.5939981353118382,0.8605348906637417,0.7388782955671858,0.4634484395759583
qwen-3.5-plus,3,9d3bb4,mobile,49,0.4252147786260998,0.530529336075541,0.8327322044446581,0.6200396957157882,0.6719291942060759,0.407631618759601
qwen-3.5-plus,1,9d7510,web,35,0.2068840501258822,0.4347476232884533,1.1147666807434045,0.4133000213252762,0.6252876631823645,0.1994016537775936
qwen-3.5-plus,2,9d7510,web,42,0.2803739616255183,0.4789393746376983,1.1169658294998357,0.4865359986128419,0.6608895187286131,0.1486747795687583
qwen-3.5-plus,3,9d7510,web,45,0.3889255768956532,0.4934467831024069,1.2332435319913495,0.6401796444640615,0.6765644779457152,0.316957920096116
qwen-3.5-plus,1,9dd93b,desktop,38,0.7143891820207782,0.4427150887373359,1.4181391459309585,2.018216670092156,0.7858626359865521,0.7041412869147048
qwen-3.5-plus,2,9dd93b,desktop,48,0.4558575205078184,0.3580750047819572,1.4593495476845246,1.3383709669871555,0.7560217122302485,0.4401815719983216
qwen-3.5-plus,3,9dd93b,desktop,50,0.7163104373337305,0.4341336292395212,1.1648349710710946,2.048796466922614,0.7969438520645078,0.681288529548002
qwen-3.5-plus,1,9da4ef,poster,41,0.3945611896418632,0.424725975443426,2.0010078967714766,1.0389111026952849,0.7569683406649113,0.4708102693878863
qwen-3.5-plus,3,9da4ef,poster,41,0.5526877644409423,0.5517139677621208,1.3840433908571457,1.2249371615076563,0.8086175542810435,0.5322167229223526
qwen-3.5-plus,2,9da4ef,poster,48,0.4524061234480764,0.4677225539572672,1.7638421394443795,1.0695839665307656,0.772986015438178,0.4836508606575914
qwen-3.5-plus,3,9dd545,poster,41,0.4132895421225296,0.4770820484098103,1.4072396971422765,0.8953249544847497,0.7921419025321728,0.4248270494784929
qwen-3.5-plus,2,9dd545,poster,100,0.3565030071148365,0.3413287964388319,3.8224348819293823,0.7977674701712257,0.5669548872699897,0.2996262538951312
qwen-3.5-plus,1,9dd545,poster,41,0.3336244252152305,0.3866300423156742,2.3470501945724846,0.6090350880720496,0.7813599898282109,0.3008453283199939
qwen-3.5-plus,1,9e069d,poster,45,0.1044235607262655,0.2994076556110645,2.1598893757455353,0.2841430947431872,0.5791930474271763,0.0709085132428352
qwen-3.5-plus,2,9e069d,poster,40,0.1231963875563627,0.3073374741408305,2.1323906284254326,0.3019828843788824,0.5798182848444173,0.0744679006972779
qwen-3.5-plus,3,9e069d,poster,50,-0.0527955758667236,0.2300325047627996,2.688801355517887,-0.0930917869228275,0.504699164489373,0.0101132951225513
qwen-3.5-plus,1,9e3ef2,poster,53,0.2745769543322431,0.3403020315073149,2.1751484050584393,0.4548923172404673,0.7399045333630829,0.3503204405267443
qwen-3.5-plus,2,9e3ef2,poster,49,0.3764419585420582,0.419980027020699,1.6141376965136602,0.5755937393815237,0.7260201924856888,0.4176586700048456
qwen-3.5-plus,3,9e3ef2,poster,40,0.4386965781058616,0.4565336764199405,1.7989788668297957,0.9147054210849008,0.7560681753365005,0.4532340981797692
qwen-3.5-plus,1,9e3970,poster,40,0.1034332847727089,0.2403938871635813,4.07816363608813,0.38167082834324,0.5941890572249069,0.0272811811601677
qwen-3.5-plus,2,9e3970,poster,40,0.0774306905775754,0.2217010600392832,4.593248271788747,0.1327852586266788,0.5606796549918296,0.0296899437391423
qwen-3.5-plus,1,9e5962,mobile,36,0.2079708979767237,0.3008173869331068,2.940013910868014,0.501028726943319,0.6785806521191705,0.19311293504438
qwen-3.5-plus,2,9e5962,mobile,40,0.2449592490261653,0.3211955430680486,2.311019369818706,0.3900617198148776,0.6612884073807064,0.2409552744601554
qwen-3.5-plus,3,9e3970,poster,41,0.0541825992720625,0.2267466385833155,4.489635713410615,0.2143893008574987,0.5535102959277516,-0.0193151763807886
qwen-3.5-plus,3,9e5962,mobile,40,0.2739298147169678,0.3279043931416054,2.591105302549201,0.777827752366573,0.7004577567748453,0.2626980925017983
qwen-3.5-plus,1,9e6898,desktop,50,0.8365394472921442,0.5958708104564215,0.8326741217390401,2.4310973791823276,0.8130549052054021,0.8275141759822473
qwen-3.5-plus,3,9e6898,desktop,49,0.2268536783882299,0.261635494881934,2.469580393891305,0.6276066900318494,0.6279060942195533,0.1782956100340136
qwen-3.5-plus,2,9e6898,desktop,44,0.6635891208426948,0.4866345306628739,1.086508855020818,2.1544575190156134,0.8254024418629864,0.6420258724434725
qwen-3.5-plus,1,9e68c7,poster,40,0.2932168085947237,0.3895580105668547,1.1439973377507338,0.7925046916576294,0.7337822601005072,0.3308164286600813
qwen-3.5-plus,2,9e68c7,poster,41,0.2477194283362294,0.384325209074186,1.1594451397234322,0.6013669885032151,0.69701435164897,0.3347749917041407
qwen-3.5-plus,3,9e68c7,poster,38,0.3096133092799896,0.4079472286340283,1.073684127915556,0.7505377398764104,0.730207846621567,0.3795024507312005
qwen-3.5-plus,1,9e5e48,poster,48,0.3640201188921245,0.4237564421803515,1.864477641086213,0.8639967188776259,0.7522109487332453,0.2685634769808869
qwen-3.5-plus,2,9e5e48,poster,48,0.3839960006175647,0.4494014348403334,1.860341141732785,0.8768175367476967,0.7653111716616428,0.2926736650298493
qwen-3.5-plus,3,9e5e48,poster,30,0.1576066418183795,0.2784729659821605,5.033487868722866,0.3705167998250085,0.5076611989237885,0.1012424398991994
qwen-3.5-plus,1,9ea1e5,desktop,50,0.4581186985594925,0.3691334152769846,1.2505300512824458,1.4684866904779517,0.8669133409809104,0.2912545124232195
qwen-3.5-plus,1,9eb11f,web,38,0.2622265999175573,0.3681328347020078,1.3227517206917545,0.4864346272865693,0.6651133100104489,0.05554764262222
qwen-3.5-plus,3,9ea1e5,desktop,40,0.55793421788204,0.4608169377889377,1.0992033946941575,1.7197324441163375,0.8526939592729162,0.4670997342451553
qwen-3.5-plus,2,9ea1e5,desktop,47,0.397713755993453,0.3800913765868851,1.3672070104285103,1.0943013952676954,0.8169886083543784,0.3489895333585283
qwen-3.5-plus,1,9e8ff1,web,30,0.366391189768317,0.3705515855114257,1.8238316449894387,1.001302088325139,0.8012168104003601,0.3240604956932449
qwen-3.5-plus,2,9e8ff1,web,46,0.3366914150476234,0.3793037989930846,1.540679065641884,0.8686358194610408,0.7663309593968779,0.3219016675310682
qwen-3.5-plus,2,9eb11f,web,49,0.1064101006084728,0.3203190235724292,1.425939514569862,0.1974292807586123,0.5826742361216325,-0.0088088297801365
qwen-3.5-plus,1,9ec0f6,mobile,40,0.3065629276413729,0.4428805907259348,1.3593103581495138,0.6828142820327207,0.7167983443457107,0.222469747165276
qwen-3.5-plus,3,9e8ff1,web,40,0.3159091698982382,0.3543164813189537,1.9940655241652157,0.8356976528763597,0.7956470180889901,0.2609347606284693
qwen-3.5-plus,3,9eb11f,web,90,0.4698709346112824,0.4144557680892904,0.9995013158106996,0.9371595020066068,0.7741571732945908,0.1122763333082963
qwen-3.5-plus,2,9ec0f6,mobile,37,0.3770779099457634,0.483492950327436,1.1827189413609422,0.8420618059255567,0.7513919696169278,0.277526685044573
qwen-3.5-plus,3,9ec0f6,mobile,40,0.3609611930092671,0.4521853427499572,1.0826656860914925,0.7838160774615207,0.7638645502915659,0.2676189910293534
qwen-3.5-plus,1,9efc81,web,42,0.1115987788369511,0.4135434999687428,1.5743265960316266,0.2275148172379915,0.5519812864568338,-0.0311306067852473
qwen-3.5-plus,2,9efc81,web,52,0.0286196265552752,0.3726426315986021,1.8013994397945114,0.0954616433729907,0.5216413752126297,0.0238268551359031
qwen-3.5-plus,3,9efc81,web,50,0.1896699633638211,0.45132635434924,1.2574593156201006,0.3549608813479495,0.6225345899100807,0.0536663274298828
qwen-3.5-plus,3,9e02bf,poster,40,-0.0454146459751494,0.0957924852203677,6.951450405196462,-0.1917049641939443,0.2467129042196942,-0.0920185211266673
qwen-3.5-plus,1,9e02bf,poster,47,-0.0137395705020442,0.1361312971623863,6.343089475264776,-0.0659606570271856,0.3036170495151305,-0.0601376484411399
qwen-3.5-plus,1,9efcf0,web,41,0.306888619354183,0.3659352128337947,1.523951455265272,0.6500417515414257,0.7230498269374992,0.1251411013819905
qwen-3.5-plus,2,9efcf0,web,40,0.1767842420510577,0.297441659576688,1.6296388137059616,0.334601874701002,0.6270235719485746,0.0117937638441119
qwen-3.5-plus,3,9efcf0,web,40,0.3328815806915601,0.384403571580124,1.3022108398653272,0.6898987903277989,0.7479884926641537,0.2078199621809183
qwen-3.5-plus,1,9f2268,poster,30,-0.1922652730134466,0.2451650058212358,3.8931591493398616,-0.3343354046544053,0.3917085821589331,-0.177578027493014
qwen-3.5-plus,2,9e02bf,poster,48,-0.0307507001891887,0.1133536301491431,6.891808028921332,-0.0815186286060079,0.1812758939700649,-0.0692725268123786
qwen-3.5-plus,2,9f2268,poster,50,-0.0219815954176538,0.3503926727370245,1.7021282542991794,-0.0897360542949655,0.4961431337784569,0.0386420872498727
qwen-3.5-plus,3,9f2268,poster,36,0.0816997662418834,0.3627817934235807,1.761378736905604,0.2170724075719634,0.5931809771418679,0.1503007350378568
qwen-3.5-plus,2,9f6fc9,poster,50,0.4010356178191107,0.5314057826208269,0.8971648783670789,0.7493252234001064,0.6969379460468764,0.3917216880852756
qwen-3.5-plus,1,9f6fc9,poster,40,0.2540838707032227,0.4597264044601996,1.062960872107642,0.4826071626859601,0.6450308393816518,0.2428713591270518
qwen-3.5-plus,1,9f5081,web,42,0.262449280854236,0.354982014886547,1.44862489580489,0.6534193192867658,0.7578894599681962,0.2252094450491197
qwen-3.5-plus,3,9f6fc9,poster,50,0.0522299397257894,0.4162997636108948,1.3537621931944288,0.0552509335763339,0.5281047568329303,0.0485390264346715
qwen-3.5-plus,2,9f5081,web,50,0.0714415697243079,0.2408705425158605,2.81525802190486,0.2083825224195136,0.5966383406873511,0.1204732636538003
qwen-3.5-plus,3,9f5081,web,48,0.152284647986762,0.288055163166161,2.440144111423173,0.4068927885817721,0.633713221660295,0.1886122744091101
qwen-3.5-plus,3,9f1d52,poster,47,0.5617575206340175,0.514153329996396,2.2153771291917868,1.145188962148591,0.7307929466411932,0.4640118670599407
qwen-3.5-plus,1,9f1d52,poster,49,0.3930590999137874,0.424817516631734,2.382712266450783,0.6755655768305912,0.6979756679973586,0.3183133994770172
qwen-3.5-plus,2,9f1d52,poster,48,0.468147194229625,0.4960791665464501,2.570371205653186,0.9202058834438952,0.6754574420614371,0.3342503951446586
qwen-3.5-plus,1,9faf29,desktop,47,0.5041513202646621,0.499656161556798,1.0147254953023186,0.9608607202635387,0.7450053452263713,0.4812808221538833
qwen-3.5-plus,3,9faf29,desktop,50,0.3663012611895581,0.4353196864317658,1.1912595316734431,0.6682545485189978,0.7135616758620116,0.3200039323644985
qwen-3.5-plus,2,9faf29,desktop,50,0.3308745098055106,0.4144939722438033,1.3510971263039546,0.5129517016329611,0.6880001945764034,0.3577414576752451
qwen-3.5-plus,1,9f7fe4,poster,49,0.4274701049908739,0.3802674933355173,1.7644682563649154,1.4725842243766434,0.8276743976175517,0.4188489525972813
qwen-3.5-plus,1,9fb0eb,desktop,66,0.3849364209344834,0.4489387679705481,1.0778836435539678,0.8152664230672249,0.7099486418891805,0.3006328867384469
qwen-3.5-plus,2,9fb0eb,desktop,48,0.4269922108283562,0.4690194918465564,1.273750977378715,0.8707852855425223,0.7365824369937932,0.368381261904798
qwen-3.5-plus,3,9fad4b,mobile,41,0.327639635723421,0.3532790869714806,2.233629146447714,0.6437425931111669,0.6944496436078046,0.2910650986867194
qwen-3.5-plus,3,9fb0eb,desktop,49,0.4386652936558833,0.483699070448881,0.9300004055633372,0.9201544166725276,0.7470590826324327,0.3297538210627291
qwen-3.5-plus,2,9fad4b,mobile,40,0.3350352903482678,0.3413058841686606,3.646968937218205,0.9358341405541452,0.6876538385878044,0.2983125561645781
qwen-3.5-plus,2,9f7fe4,poster,47,0.4997152129220011,0.4165937971141097,1.6998572564872323,1.6512892839014637,0.8445704581462482,0.4953651975473699
qwen-3.5-plus,1,9fad4b,mobile,41,0.4152949505305847,0.4405366029929938,1.7759156131098237,0.8500494501282516,0.7485915334288921,0.3774818178232739
qwen-3.5-plus,3,9f7fe4,poster,38,0.4067010143372516,0.4063134204048825,2.8228258716550627,1.368679623798294,0.7636686726036974,0.398004944481915
qwen-3.5-plus,1,9fce53,poster,39,-0.0167285431257597,0.3210127732391553,2.80105508564594,-0.056193020927535,0.4786203316498993,-0.1346559219111019
qwen-3.5-plus,3,a03205,desktop,49,0.4479221751650974,0.3845504921478978,2.0658658456395473,1.629178937281278,0.7668545185516739,0.3981823308902866
qwen-3.5-plus,1,a03205,desktop,42,0.4208027363543987,0.4083788710566489,1.9876026336815,1.667471740985676,0.8276338975236986,0.3384815824871588
qwen-3.5-plus,2,a03205,desktop,40,0.3862629602188598,0.3808017053727117,2.0549876070249216,1.4567128248936645,0.8142229201053216,0.315751768270158
qwen-3.5-plus,2,9fce53,poster,40,-0.0125177281835732,0.3342484505139501,1.8490509744217989,-0.0042825173828057,0.5094968191136318,-0.1078963231051479
qwen-3.5-plus,3,9fce53,poster,33,0.0945133325809435,0.3517721037015917,1.6607695166597178,0.1355330139843625,0.5307183376937477,-0.0093767792138284
qwen-3.5-plus,1,a04c36,desktop,49,0.111266048061476,0.2845164194132337,1.6629056786288114,0.2406930147014643,0.6340670002047968,-0.0001707549257678
qwen-3.5-plus,3,a04c36,desktop,48,0.1806360551305351,0.3100962422255782,1.6480378925460253,0.3903820566824363,0.6681843875102839,0.1310562192956584
qwen-3.5-plus,2,a04c36,desktop,48,0.1426004813938826,0.3026366784698026,1.6146361960923223,0.3399570921955244,0.7117036343827602,0.0047391893600088
qwen-3.5-plus,1,a05750,desktop,49,0.3491978623024367,0.4381368287970462,1.6214358014325758,0.7833480261753812,0.6986806199258188,0.094128480701106
qwen-3.5-plus,2,a05750,desktop,45,0.4579915561106588,0.4606736589663962,1.196952501218093,1.009959025410676,0.7470951842257163,0.4089256688282664
qwen-3.5-plus,3,a05750,desktop,40,0.3805191273694014,0.4358132508508351,1.0048232287905765,0.8451302372510968,0.7445463996443838,0.2998737790170714
qwen-3.5-plus,1,a069b7,web,34,0.0059466772788458,0.2748079830511263,2.3873396011066377,0.0482525690286069,0.552714820490387,-0.0324997742754357
qwen-3.5-plus,2,a069b7,web,36,0.0409270852335223,0.2951730088172359,2.2207757293592296,0.1271189756832371,0.5809265536988358,-0.0390123754091895
qwen-3.5-plus,3,a069b7,web,39,0.0094424813806036,0.2704564541670857,2.4076707453278057,0.0504900180281403,0.5744069177317224,-0.0273227003890682
qwen-3.5-plus,1,a0992a,desktop,42,0.0982792281587649,0.1832744639206919,2.3549774122887257,0.2806075525323199,0.5847331657823548,0.0790478968255375
qwen-3.5-plus,2,a0992a,desktop,50,0.0524360110535102,0.1654238200624813,2.5818581925013393,0.1281052362718511,0.5078023272198179,0.0084241450633159
qwen-3.5-plus,2,a05670,mobile,47,0.4186573089968338,0.3920614465313123,1.752384055971393,0.8430326029445442,0.7759457537506351,0.2681751150455609
qwen-3.5-plus,3,a0992a,desktop,44,0.1677102455468387,0.2117478834299847,2.155735749111712,0.455714033844288,0.6213320473516644,0.151903637692849
qwen-3.5-plus,3,a05670,mobile,29,0.6201748227935351,0.4707149187127456,1.5543770313682397,2.0045399295213353,0.7671106808536865,0.534453745607221
qwen-3.5-plus,1,a05670,mobile,49,0.4120195307170419,0.3956462006921541,1.710276329359553,0.9351390380413858,0.8005265688821309,0.2110458848324988
qwen-3.5-plus,1,a09cbe,desktop,49,0.6772962256534412,0.5571379884868097,0.7826806362992903,1.5580674457097257,0.8231161249778193,0.6812830283724564
qwen-3.5-plus,2,a09cbe,desktop,40,0.5843548779590465,0.4841610422561837,0.9474476281953792,1.318222110185945,0.7941287658796575,0.5897351786377735
qwen-3.5-plus,3,a09cbe,desktop,49,0.5020689235303666,0.4170442620355492,1.164416334997832,1.1610228997555605,0.7466906302874098,0.5142622609491735
qwen-3.5-plus,1,a077e7,poster,44,0.2980029798478476,0.3765048616594107,2.2626190087028717,0.6382570615173354,0.7138309396257597,0.3030093428248767
qwen-3.5-plus,3,a077e7,poster,48,0.3089928083547578,0.3686684120073243,2.269206560365025,0.688271641068303,0.7285441545999127,0.3547808300997718
qwen-3.5-plus,2,a077e7,poster,50,0.1833499892196167,0.3015367952770892,2.7046197220172106,0.4266358906207921,0.6430676887346952,0.200645625184558
qwen-3.5-plus,1,a0e299,web,50,0.3704283802119977,0.3655865303691845,1.517178836075724,0.8851864855135424,0.7267298373577464,0.2549787255244698
qwen-3.5-plus,1,a0c0ff,poster,40,0.2115933058584777,0.3614011215903012,2.9936907177592698,0.3922215985322794,0.653786807668936,0.1274317982315904
qwen-3.5-plus,3,a0c0ff,poster,40,0.3537723257752664,0.3529402927500982,4.162966587278012,0.7381077905598394,0.5887256878576446,0.3735354881327142
qwen-3.5-plus,2,a0c0ff,poster,48,0.2599611027373215,0.3710689675512105,2.6218099843477893,0.529616887696412,0.6590547971640489,0.216611312212174
qwen-3.5-plus,2,a0e299,web,37,0.4685607658785604,0.3780644353430936,2.146058843589091,1.1178431711851318,0.6973446340096288,0.375033287175101
qwen-3.5-plus,3,a0e299,web,34,0.4717861988148324,0.4023274172473867,1.756347426365536,1.0110987035596504,0.7128117820905756,0.3437847682356668
qwen-3.5-plus,1,a0d2e5,poster,40,0.1416372635484513,0.3399381708856198,3.230232529808762,0.5018816506512377,0.5690695202278478,0.0301241322631133
qwen-3.5-plus,3,a0d2e5,poster,47,0.0229397616025045,0.2557918577715482,3.7542288178367,0.0044353290542311,0.4909071953542338,-0.0109906239161023
qwen-3.5-plus,2,a0d2e5,poster,40,0.067623064147187,0.2742246296717865,3.377678323272332,0.3050032911411821,0.5221942869197951,-0.0391074019685591
qwen-3.5-plus,1,a0f84b,mobile,40,0.0930066939554555,0.3912836373522316,2.717884928422771,0.157815038927045,0.5501954907031188,0.0494192761457241
qwen-3.5-plus,2,a11833,mobile,53,0.1537545890753703,0.2972363030167644,3.30236448479211,0.3399680397241154,0.6209108771829565,0.1324626138814292
qwen-3.5-plus,3,a0f84b,mobile,45,0.0451612983073149,0.3571738209805317,2.9185502079471854,0.0542307311676218,0.4896604072273474,-0.0296708831472879
qwen-3.5-plus,1,a11833,mobile,31,0.2293715051595841,0.3469640874039552,2.621964524751099,0.5313279802548947,0.6481426881380352,0.2417787305919692
qwen-3.5-plus,2,a0f84b,mobile,43,0.0504144832635316,0.3781008477963847,2.8044573926256913,0.0740325540777249,0.5209708254209753,0.02198942937035
qwen-3.5-plus,3,a11833,mobile,40,0.3102878855787717,0.3806813752420368,2.2277156703828727,0.7057748780613896,0.7090526003826227,0.2652305781192153
qwen-3.5-plus,1,a128c8,poster,33,0.2889161958376016,0.3680983950712203,2.236750710767894,0.496298648030535,0.6825208828712005,0.22433570537245
qwen-3.5-plus,2,a1379e,desktop,38,0.4753627078204513,0.4204748045637182,1.3689633237791865,1.4864136947267184,0.803380064258088,0.4553051460404993
qwen-3.5-plus,3,a128c8,poster,49,0.308884021087805,0.3862469936396833,2.1514324493646617,0.5366437090279809,0.6569378998280081,0.0983486521933054
qwen-3.5-plus,3,a1379e,desktop,33,0.4838826118270518,0.3969442745358293,1.4374249100141676,1.4303669672595225,0.7783178575414118,0.4525363747831964
qwen-3.5-plus,2,a128c8,poster,47,0.2882745856114929,0.4094673250920738,2.079728679745488,0.6323894415031066,0.6773093546833868,-0.0342380369160768
qwen-3.5-plus,1,a1379e,desktop,50,0.4132482846901029,0.3700262397749494,1.2538271011208253,1.1593979451194625,0.8014705565638449,0.3565249806139171
qwen-3.5-plus,1,a15dc1,web,45,-0.0154222324935427,0.2930287343070245,2.834258460740913,0.0107496647534275,0.5077754055578829,0.1016507235448624
qwen-3.5-plus,1,a16835,poster,30,0.1472054524056775,0.3156626471408742,1.9181239655439168,0.4066479734993192,0.6583022629033685,0.1671520490262668
qwen-3.5-plus,2,a16835,poster,48,0.3370820004113055,0.4135113556917288,1.1971848298750385,0.8974775287798678,0.7367729996081227,0.2400295129805486
qwen-3.5-plus,2,a15dc1,web,36,0.068409178895355,0.3207479702097654,2.704416300913659,0.1967014126792363,0.5429706653389452,0.1545170870858703
qwen-3.5-plus,3,a15dc1,web,40,0.1129934552680423,0.3335622271653993,2.6577204063420528,0.2936127261237718,0.5742760938034229,0.1406010457907403
qwen-3.5-plus,3,a16835,poster,40,0.1234512467615902,0.3417162294060589,1.8002326005401417,0.3667965324870904,0.6098333499945131,0.11266676368599
qwen-3.5-plus,1,a18b8d,poster,47,0.2270914531290953,0.3392741748307377,2.177901357174512,0.6335641491252629,0.6580961981211308,0.1900508029274802
qwen-3.5-plus,1,a19d22,web,40,0.186849593873827,0.418116568897859,1.2329843260215785,0.3385885768424279,0.6294565773075534,0.0460400489458175
qwen-3.5-plus,3,a18b8d,poster,40,0.1599858859878807,0.2936054373933149,2.7778106830072344,0.4650921564838314,0.6894162619479451,0.1387007619988781
qwen-3.5-plus,2,a19d22,web,48,0.0754325772597622,0.3621948137495764,1.9053654183768949,0.1358941716544954,0.5418467352120836,0.0515128917282979
qwen-3.5-plus,2,a18b8d,poster,49,0.3589092790960813,0.3977517218047067,1.5044381520147212,1.035639811084555,0.7653702297304451,0.3134477174867703
qwen-3.5-plus,3,a19d22,web,40,0.1651707296873774,0.4050308579773364,1.2194393222996052,0.3091935658532996,0.6163742879336039,0.0765352238219004
qwen-3.5-plus,1,a25cde,desktop,50,0.3780204636028138,0.4014548566665266,2.7025888705254033,0.8273991650240464,0.6314882649873412,0.3784543948444926
qwen-3.5-plus,2,a25cde,desktop,41,0.0634659820898001,0.3196603794100252,1.842400432112188,0.1359709475868009,0.5522672340844074,0.0439140356222696
qwen-3.5-plus,3,a25cde,desktop,32,0.1096335951220891,0.2851132772170472,2.5855836215729195,0.1878164119647321,0.6011225931899609,0.0927491084244878
qwen-3.5-plus,2,a2d191,web,40,0.2993121501382306,0.3614729593512316,1.9796561235764931,0.6663037964376409,0.7334325352566063,0.2985704607169643
qwen-3.5-plus,1,a2d191,web,49,0.0857308268339307,0.2481317290257919,2.8424268261260757,0.1387826544283072,0.6122008273597713,0.0899090327585579
qwen-3.5-plus,3,a2d191,web,40,0.25389284182137,0.3325310134857585,2.72037148518846,0.5415978613773725,0.6992824661394847,0.2524628384999984
qwen-3.5-plus,2,a26a7d,poster,43,0.3002799085000552,0.4826749349417282,1.0167371901097848,0.2696242922062194,0.6286562503991884,0.1910207016414501
qwen-3.5-plus,3,a26a7d,poster,49,0.1287676090181552,0.4072354743312416,1.3675421153358411,0.2165161770807908,0.5852587969802574,0.0490185048715223
qwen-3.5-plus,1,a26a7d,poster,35,0.1120090013901816,0.3873076698127391,1.5157351136889912,0.1681235920296538,0.5686478485950058,0.0337353997284199
qwen-3.5-plus,1,a2da71,desktop,40,0.3843296921751248,0.4436522745383074,1.9504850061768624,0.9331766674934364,0.7715274200631385,0.3096395372926888
qwen-3.5-plus,2,a2da71,desktop,48,0.3509129426013845,0.4055623589448633,1.4184299545038803,0.8425202919936904,0.7511320845670804,0.2849725431420543
qwen-3.5-plus,3,a2da71,desktop,49,0.3928576465267249,0.4376573499512727,1.0354403142631043,0.9488303264416432,0.7652331916903418,0.1277694524823397
qwen-3.5-plus,1,a33aac,web,48,0.1163978915416654,0.314410820413009,1.662248185015743,0.1084628880737434,0.547210275086654,0.1069989550667488
qwen-3.5-plus,2,a33aac,web,45,0.1855305785881969,0.3486811375233044,1.6080229615731434,0.4263030778434038,0.6290039601131221,0.1589913326851737
qwen-3.5-plus,1,a3d37d,web,40,0.3027998219110549,0.3773299787939139,1.4960752618877389,0.7910175005795576,0.763664106266373,0.2674020328469462
qwen-3.5-plus,3,a33aac,web,41,0.2918894949305523,0.3893195611020957,1.237662409301527,0.6369031767741482,0.7114895475123648,0.273387328499633
qwen-3.5-plus,2,a3d37d,web,40,0.2640421491784851,0.3663744960476524,1.5912579168631007,0.6088242764729725,0.7324930029279757,0.2074203399553688
qwen-3.5-plus,3,a3d37d,web,41,0.3467887087063692,0.3934014912041893,1.412525583659074,0.910227095239067,0.7678439537775686,0.3000849696359325
qwen-3.5-plus,1,a42ac8,desktop,46,0.3272652333346537,0.435100749882759,1.061954898620335,0.7140954410359869,0.7130631027923748,0.2761393713778881
qwen-3.5-plus,2,a42ac8,desktop,45,0.3267875331599569,0.4375304751770487,1.0556933851706969,0.714079429797725,0.7149164303499435,0.2753641375075462
qwen-3.5-plus,3,a42ac8,desktop,36,0.0712704417934706,0.336996922940868,1.610417092793461,0.1836543509895349,0.5999912376127274,-0.0234346448270062
qwen-3.5-plus,1,a3fb58,mobile,36,0.5299843946899788,0.4853738733185733,1.5238572214006345,1.2439872421609568,0.751023675433296,0.5112369058971192
qwen-3.5-plus,2,a3fb58,mobile,43,0.4952214350986965,0.4601673518056101,1.521801275141368,1.167210486155925,0.6892900180239483,0.4691033260835837
qwen-3.5-plus,3,a3fb58,mobile,40,0.6328529888844071,0.5455666973456877,1.0898594068969858,1.4343997026927686,0.7615703588286968,0.6058284219683139
qwen-3.5-plus,1,a44696,web,46,0.1550902912049901,0.3444606012411807,1.7062624088540397,0.3186395157114765,0.6128911231050571,0.0821198398703304
qwen-3.5-plus,1,a42b4e,mobile,35,0.2350280609561287,0.3807865678938789,2.7016662586597286,0.5256213811762895,0.6262886266907577,0.2500209602254215
qwen-3.5-plus,2,a44696,web,41,-0.0482140784096953,0.2428007096533174,3.3553288700063826,-0.0617891255638968,0.4693401957476892,-0.0069326144636545
qwen-3.5-plus,2,a42b4e,mobile,32,0.0541065100225236,0.2996669474732714,3.7951633304401367,0.0816998059051286,0.6095229685361715,0.0729234460539625
qwen-3.5-plus,3,a44696,web,39,0.0773810236505613,0.3163245256950806,2.411556295452324,0.1774805959719027,0.564362452385816,0.0313469997820641
qwen-3.5-plus,3,a42b4e,mobile,35,0.1801112536094699,0.3668489664645821,2.0962928429064203,0.3248275242215463,0.629619539242516,0.1634365027966673
qwen-3.5-plus,1,a2744a,poster,36,0.0222589369946056,0.1524368325502847,6.367096759716998,-0.051018098337181,0.330499166238703,0.006293477706253
qwen-3.5-plus,1,a44943,web,40,0.2139311860690848,0.3496413328121259,1.5072727605846707,0.4125786689266875,0.6806402193052695,0.2212284613592509
qwen-3.5-plus,2,a44943,web,40,0.4088024577896079,0.4252326643986968,1.178525444052086,0.8907943872209438,0.7583156134470173,0.3756283341177105
qwen-3.5-plus,2,a46e4b,desktop,49,0.3472365682091849,0.383417469425256,1.1717021186762526,0.9170104930799216,0.7783811433235216,0.0945834643653991
qwen-3.5-plus,3,a2744a,poster,35,0.0752600695741577,0.1755407872572268,5.326053228159948,0.0143531265217605,0.4673696329178521,0.0856755272377942
qwen-3.5-plus,1,a46e4b,desktop,45,0.4097354978891706,0.3617881100479072,1.3365168966521757,1.058197467162446,0.7541137240722721,0.2266344481249835
qwen-3.5-plus,3,a44943,web,40,0.1824551584627647,0.3277519894944701,1.6338893224645887,0.4016347588848693,0.6817313655184655,0.160662343879614
qwen-3.5-plus,3,a46e4b,desktop,50,0.3263016277337227,0.3401946697567703,1.4007413843986432,0.8662708135557959,0.7291502988956862,0.1225950832689452
qwen-3.5-plus,2,a2744a,poster,39,0.1250437717780338,0.2052376336262264,5.195478417121262,0.2866662394170664,0.4678894728587263,0.1392295919398212
qwen-3.5-plus,1,a4ac9c,mobile,40,0.3438285604986191,0.511909135099373,1.2294657018082729,0.8109086952631828,0.723383761097226,0.1425355077390871
qwen-3.5-plus,3,a4ac9c,mobile,40,0.274295174138353,0.4739236947187266,1.4646599770076714,0.7338406185889716,0.7030727227487059,0.1430848920054214
qwen-3.5-plus,2,a4ac9c,mobile,48,0.2074208171104459,0.4313755163445895,1.830405090438031,0.3972111820497579,0.6107087398793484,0.05771709350889
qwen-3.5-plus,1,a4d2a8,mobile,34,0.3311657542707251,0.5012441802186897,0.9299362262848844,0.6004602905720888,0.6896980608267405,0.2027414517046159
qwen-3.5-plus,2,a4d2a8,mobile,38,0.3130112298196599,0.485725508644092,0.9329430860027847,0.5231078784086646,0.6766448117809798,0.1833233622147773
qwen-3.5-plus,2,a4d155,web,32,0.2821964940326332,0.3490573376095014,1.5621774872925656,0.7182936170490395,0.780896913276507,0.198102430934641
qwen-3.5-plus,3,a4d2a8,mobile,51,0.3936186374259102,0.5068512874049391,0.9755099946143329,0.6720899379198294,0.7040694233496743,0.1039699653467511
qwen-3.5-plus,1,a4d155,web,40,0.3947085200444781,0.3796838350445228,1.2520975706295925,1.0159390449921826,0.7791752575225616,0.2719151431933646
qwen-3.5-plus,3,a4d155,web,46,0.3714102598068182,0.366747984063423,1.265191614169581,0.9439453105456675,0.7732744442460018,0.2837558912814424
qwen-3.5-plus,1,a4eeef,web,48,0.1889836944660708,0.3642706446048832,1.5027710670745735,0.4162527462721075,0.6092485613153826,0.1610776699405257
qwen-3.5-plus,3,a4eeef,web,40,0.2529816497062216,0.3905253398224719,1.5402079430217055,0.5581200427449531,0.6343019125597369,0.2752166806901041
qwen-3.5-plus,2,a4eeef,web,50,0.2992960717562319,0.4141716369273742,1.3353637379350825,0.671280142672508,0.670587324253574,0.2783200113748887
qwen-3.5-plus,2,a47405,poster,40,0.3707941589409481,0.3939772559785585,2.172148264416355,1.0311633815390102,0.7862045838319697,0.3256269663430045
qwen-3.5-plus,1,a47405,poster,30,0.1346559548948576,0.2201423427662643,5.166251102223125,0.1974467291634228,0.5223132229661918,0.0982161603117401
qwen-3.5-plus,3,a47405,poster,30,0.4755303902023996,0.4201064001653571,2.162812070627789,1.2245840014014158,0.7517844013655994,0.4370091756809752
qwen-3.5-plus,1,a52e34,web,38,0.0325159979056862,0.2572683589888337,2.2128209764954354,0.0881260584200493,0.581258379705689,-0.018806850342388
qwen-3.5-plus,1,a4f49f,mobile,40,0.0925769475022955,0.2331835483642257,3.727644963277184,0.3026408939970811,0.5873301179852328,0.0213312000810349
qwen-3.5-plus,3,a52e34,web,45,0.0166771509874104,0.2592552259893414,2.223099115594459,0.0749056869432051,0.5712868400396499,-0.0261768068795682
qwen-3.5-plus,2,a52e34,web,37,0.0736895575220555,0.2803478927731988,2.0487010623725164,0.2313126871635186,0.6167606781441162,0.0393589167766521
qwen-3.5-plus,2,a4f49f,mobile,49,-0.0111992600884995,0.1764763799523727,4.592627355759123,-0.0177190388703212,0.4959266462346861,0.037958296810194
qwen-3.5-plus,3,a4f49f,mobile,40,0.0269718798969449,0.1844142187330352,4.746427490712851,0.0164198648038485,0.5047432795217487,-0.0659978891621695
qwen-3.5-plus,2,a53761,poster,45,0.0037347895736891,0.2954511517312799,3.4139881840103627,-0.0792097073829947,0.5093484422532373,-0.0357776575655919
qwen-3.5-plus,1,a53761,poster,41,-0.0443492900429296,0.275583687324525,3.5173798199178923,0.1117720198433505,0.4874190032718183,0.0613002697138391
qwen-3.5-plus,3,a53761,poster,46,-0.0152096477732589,0.2928855670181161,3.485786404379964,0.0531109239233775,0.4817459964532342,0.0364204046316142
qwen-3.5-plus,1,a637f9,poster,40,0.4425884953293258,0.364546274177277,1.278418876547195,1.5728107776179907,0.8228806990198732,0.4493096838886312
qwen-3.5-plus,3,a637f9,poster,50,0.3704435144296135,0.3543727296654918,1.3638781915203595,1.117809979393941,0.7824715586884509,0.3824495192425592
qwen-3.5-plus,2,a637f9,poster,45,0.5129298228437441,0.4077209371596381,1.182826794526768,1.6515268539520291,0.8302674727460473,0.5118607317268855
qwen-3.5-plus,1,a6b429,poster,34,-0.0255801189492205,0.2825908744389033,3.2950004481998736,-0.0288366977018345,0.4856047211833071,-0.1668674459530875
qwen-3.5-plus,2,a6b429,poster,48,0.0318720434009035,0.2908961459157077,3.523855946589064,0.0349427293412987,0.4820726642584114,-0.0761403043592842
qwen-3.5-plus,3,a6b429,poster,36,-0.0240263056657643,0.2550369342868521,3.659046395500905,-0.1697968378690731,0.4378939858128881,-0.1097748378854285
qwen-3.5-plus,2,a64332,mobile,38,0.2327300382430973,0.3956455551750483,2.6138543720684573,0.4370735300357568,0.5776851428008043,0.2282115903064262
qwen-3.5-plus,3,a64332,mobile,32,0.4338386723715544,0.4729209403615112,1.9381764750792572,0.810228991559651,0.6932816396310276,0.4358325081571033
qwen-3.5-plus,1,a64332,mobile,32,0.3479738473783092,0.4578806005533384,2.32910036549304,0.7697152026793946,0.6585417087235798,0.3292121268182412
qwen-3.5-plus,3,a69a78,mobile,30,-0.0606305761099784,0.2302877247790096,5.01116790261938,-0.1750103149210504,0.3949391219578275,-0.1111448122706863
qwen-3.5-plus,1,a69a78,mobile,41,-0.1072124474258823,0.2300105196184746,5.007915856333293,-0.1570068702289272,0.394117092530539,-0.1932389472223341
qwen-3.5-plus,2,a69a78,mobile,50,-0.0115817442451375,0.315814427406934,2.1571755027387085,-0.1750037064270298,0.4863806459610873,-0.0557056960644954
qwen-3.5-plus,1,a752c9,desktop,45,0.3355818926437008,0.4543000591607287,1.0359469264486696,0.761760109506995,0.7479561505125799,0.2984684787320785
qwen-3.5-plus,2,a752c9,desktop,42,0.2951968385864643,0.4351834565139008,1.2267664549336397,0.6549297935340661,0.7631788683791152,0.2948926223133877
qwen-3.5-plus,3,a752c9,desktop,41,0.2019421972838052,0.40888241311452,1.837349427949894,0.4667658090595579,0.6792445925371164,0.1577488365144561
qwen-3.5-plus,1,a6c640,mobile,32,0.0064023228762618,0.2871458639110524,3.487055507419823,0.0687346668320019,0.5001427133951527,0.0144589792556839
qwen-3.5-plus,3,a6c640,mobile,50,0.2446960857790843,0.3960406174987462,2.362232435466805,0.5857221581082025,0.6528517941723149,0.2320864284900381
qwen-3.5-plus,1,a6f08e,mobile,47,0.0567649519717434,0.2612631878106699,3.8626837785769026,0.188527244660534,0.517564427090403,0.0572494516032835
qwen-3.5-plus,2,a6c640,mobile,40,0.243574034125976,0.4050297451594153,1.8895251861212896,0.5589563937508547,0.6619821795185945,0.2404821301436084
qwen-3.5-plus,1,a76ed6,web,40,0.4043040563330896,0.4421522436292133,1.052771920107977,1.03107736470501,0.7778784951036868,0.142318155044306
qwen-3.5-plus,2,a76ed6,web,47,0.391717107893301,0.4266427136348941,1.0917862546106831,0.9864294558024196,0.7662073655501659,0.120374765933877
qwen-3.5-plus,3,a6f08e,mobile,40,0.355037930979087,0.3658421864342444,3.1546671001930537,0.6447955370860255,0.6320488597595736,0.3274292839864121
qwen-3.5-plus,2,a6f08e,mobile,45,0.4048645696410721,0.4021250552622435,1.7506755652627095,0.6991005175066703,0.6801410118888505,0.3295361742017877
qwen-3.5-plus,3,a76ed6,web,32,0.3337641951626133,0.393282817323324,1.4483188043541544,0.7889121185166751,0.7314692858479309,0.1421045116737909
qwen-3.5-plus,1,a78deb,web,40,0.7152545043667274,0.5548612271714195,1.101712375654607,1.643282968902704,0.7680379818322917,0.6878458036841116
qwen-3.5-plus,3,a78deb,web,40,0.7209724491801586,0.5743229217687152,1.416366588141582,1.5808310796527143,0.7786681845110353,0.7094003734670302
qwen-3.5-plus,2,a78deb,web,48,0.6469780344047331,0.5502674119079808,0.7723497542324413,1.3934223721550478,0.8028136746160707,0.6242285366417811
qwen-3.5-plus,2,a7789f,web,34,0.3317687575397738,0.3946892696886198,1.8679467188112489,0.7349819184132286,0.7977336080531202,0.2304521095454294
qwen-3.5-plus,3,a7789f,web,38,0.3340400344078909,0.4029208898713943,1.683424350530716,0.7833548233225306,0.8039399956751665,0.2298305066578384
qwen-3.5-plus,1,a7789f,web,31,0.4146123528156957,0.432501705478166,1.6632229543866082,0.9520595676344654,0.8200132857407633,0.3121848096142467
qwen-3.5-plus,3,a77bd5,mobile,40,0.4893750809810436,0.4510500634642587,2.643934285018826,0.9155756669972996,0.6606979076961227,0.4970405402259765
qwen-3.5-plus,1,a7a074,web,48,0.1008447603426669,0.2429783906338209,2.1072975702167955,0.3500287593261337,0.621290360525026,0.0566665043371876
qwen-3.5-plus,1,a77bd5,mobile,41,0.4021771766272108,0.4761059968864422,2.163363351808633,0.5811373008413968,0.6720843247892375,0.4198679485969441
qwen-3.5-plus,2,a7a074,web,48,0.0055881013079852,0.205223553689916,3.5152128608328783,0.0049728753386647,0.5242915678501167,0.0276511381798155
qwen-3.5-plus,2,a77bd5,mobile,47,0.3608836738177787,0.4429739854328401,2.1409581350348534,0.5542945528862445,0.6545933824201843,0.3571198842314873
qwen-3.5-plus,1,a7aa57,poster,40,0.0197147631352317,0.2986551284200298,1.6654204179292824,0.0826446065630819,0.5286608894743036,0.2209708773954804
qwen-3.5-plus,2,a7aa57,poster,47,0.1916573338211285,0.3396747884962981,1.421832237795242,0.5107483367355314,0.6463772942811807,0.295168877116186
qwen-3.5-plus,3,a7a074,web,40,0.0804687491748105,0.2397778424653624,2.3525889324359204,0.3241363410820834,0.6075526355151253,0.0920677767966388
qwen-3.5-plus,3,a7aa57,poster,48,0.3760938957852768,0.3693954978822616,1.2109416263471844,0.8766222005268667,0.7264094602597317,0.4022377813793477
qwen-3.5-plus,1,a7a9da,desktop,40,0.366412355369233,0.3592390015512445,1.3052233571324114,0.8788170604007728,0.7452576235587658,0.3403175959728197
qwen-3.5-plus,1,a7ac1b,desktop,40,0.2649947964270071,0.3454303444426289,1.3818572057182346,0.6532988087694739,0.6964305642477947,0.0850992867076537
qwen-3.5-plus,2,a7ac1b,desktop,46,0.0664061632598755,0.3058455516092174,1.7077162057094888,0.1824081489949498,0.5716859894524372,-0.3806081865719392
qwen-3.5-plus,3,a7a9da,desktop,48,0.3617254359272777,0.3698219539367867,1.331961809909631,0.9706156222699248,0.7556242977759927,0.3322283641134135
qwen-3.5-plus,3,a7ac1b,desktop,44,0.1929882505096782,0.3274086602395246,1.4729382209359352,0.4953873254520868,0.6605083592019897,0.020432933445582
qwen-3.5-plus,2,a7a9da,desktop,45,0.3578036779077929,0.3776513136905854,1.3411631671312976,0.9687700609661282,0.766102001813686,0.3212975881391349
qwen-3.5-plus,2,a7f12f,poster,49,0.3131398969706033,0.4423966953958441,1.2097191757812829,0.6301386917860615,0.7196513805992866,0.3078195979124034
qwen-3.5-plus,1,a7f12f,poster,40,0.3425655158040565,0.4262189724017274,1.2942611696092392,0.6615606171730392,0.7197212514578017,0.347298372814164
qwen-3.5-plus,3,a7f12f,poster,48,0.499269527074013,0.490206838002709,0.8667250332259036,0.950702490465038,0.7529600166149465,0.5055056200199901
qwen-3.5-plus,2,a7c035,poster,50,0.1811803518613485,0.3008679942847679,2.068298435158151,0.5796109603972185,0.698046057818798,0.2162846594187754
qwen-3.5-plus,3,a7c035,poster,38,0.2080459164699933,0.3256696106907853,1.8122971939140375,0.6110525644301749,0.716193928367908,0.1801194186307838
qwen-3.5-plus,1,a7f467,poster,39,0.1104021510291855,0.2781336246186363,2.948484852125873,0.2333172917180085,0.5471803355256593,0.0320941327956575
qwen-3.5-plus,1,a7c147,web,37,-0.1152610659882704,0.151625550316091,5.444982195276581,-0.2707115092986238,0.3552198575826881,-0.0994368810284929
qwen-3.5-plus,1,a7c035,poster,40,0.3040989370287288,0.3467181941662657,1.7098855649489604,0.9391340833894234,0.7303781714518596,0.3036246769196025
qwen-3.5-plus,3,a7f467,poster,47,-0.0253076070076761,0.2393272499751521,2.1820316108664013,-0.0938108368605656,0.4793519353231583,-0.0954997442585358
qwen-3.5-plus,2,a7f467,poster,40,-0.0534434408475172,0.2396033970044397,2.385243133051347,-0.1157093594150421,0.4689989905817244,-0.1709201057074621
qwen-3.5-plus,3,a7c147,web,47,-0.035642988459569,0.2125954922926319,2.5164377357645757,-0.0925844613802222,0.5213858954318823,-0.0543507411503139
qwen-3.5-plus,2,a7c147,web,41,-0.1485480211689747,0.1503806271507465,4.928525986792883,-0.354458285319064,0.3740138252330356,-0.2001859958678593
qwen-3.5-plus,2,a85808,desktop,49,0.3821367731889627,0.3946476514139382,1.2540722656826513,0.9494534050688022,0.7448829900087945,0.3786710473704491
qwen-3.5-plus,1,a85808,desktop,40,0.4292524097579384,0.413057836196091,1.1336313859706224,1.0785050351435,0.7583861573097446,0.3955786723139539
qwen-3.5-plus,3,a85808,desktop,47,0.3956928072709862,0.3985191100169197,1.1898572531704923,0.9406663202922648,0.754151273995383,0.3939062831918958
qwen-3.5-plus,1,a80be1,mobile,31,0.0070467353001894,0.2583333770027408,4.145446550444663,-0.1200367120488772,0.4749375316660309,-0.0225870877601932
qwen-3.5-plus,3,a80be1,mobile,39,0.1609051549940875,0.3981456150252529,2.251783904589488,0.1494851869244509,0.6040417014255663,0.0047110466138672
qwen-3.5-plus,1,a87d4f,poster,46,0.43806983448239,0.4906055198900748,1.37957963038181,0.7415408864234904,0.7009732479075317,0.4594964940596663
qwen-3.5-plus,2,a80be1,mobile,36,0.1954712572923967,0.3915782560110168,2.283947423706363,0.1796047486589402,0.6420333858542249,-0.0286614296999392
qwen-3.5-plus,3,a87d4f,poster,40,0.4408986975637459,0.4783947184921663,1.7635541169996876,1.077272630908468,0.7172314296007682,0.3935542885080464
qwen-3.5-plus,2,a87d4f,poster,46,0.3744874237652807,0.451949261361195,1.4021614341665058,0.8126918587125034,0.7058235145031199,0.372115933381108
qwen-3.5-plus,1,a886c5,mobile,38,0.5327372464292733,0.4179357958263911,2.619109194732497,1.5537825203962392,0.7835706298323275,0.517832532922583
qwen-3.5-plus,1,a8a8fd,web,40,0.3313209570561554,0.3351364584936867,1.7334451077054436,0.7517207619135378,0.7051724616058241,0.3696075439401066
qwen-3.5-plus,3,a886c5,mobile,30,0.4474440335991566,0.3922814706547101,2.569818914811399,1.2729266447926786,0.7511944197390132,0.4398628913434036
qwen-3.5-plus,2,a886c5,mobile,41,0.3391904645034643,0.3844349307637666,2.457438683915838,0.8829984089104024,0.7531781822105205,0.3085206851720496
qwen-3.5-plus,2,a8a8fd,web,40,0.1960137776485512,0.2760926874510802,2.0466389100691096,0.3419920873149655,0.6441462285564891,0.2543548792297527
qwen-3.5-plus,3,a8a8fd,web,37,0.2359169926854759,0.3023002155830435,1.9990498312290743,0.4930443683968233,0.6684404106053509,0.2939850876499693
qwen-3.5-plus,1,a8f275,web,36,0.2776755385674114,0.3287534775915633,2.0028121060611648,0.6579431330613894,0.7100027457341614,0.2341489465489882
qwen-3.5-plus,2,a8f275,web,46,0.1701807412689408,0.3058132884427144,1.6700751894613566,0.4319669103098866,0.6625294166038589,0.1451621015648026
qwen-3.5-plus,3,a8f275,web,36,0.2187528977100097,0.3050818960954311,1.6855844254874954,0.4912208126457158,0.654743458501208,0.2063976530174784
qwen-3.5-plus,1,a8f62a,poster,39,0.2701780387778502,0.4182219719112764,1.446307536830259,0.62666538617979,0.6550105636212509,0.2332082817223437
qwen-3.5-plus,1,a8e85c,mobile,31,0.3256209291846602,0.4353792676614759,2.043304599939246,0.5483613278336343,0.6764197288615851,0.2825234612664301
qwen-3.5-plus,2,a8e85c,mobile,35,0.2398614013941793,0.4012104865704327,1.928930196910701,0.3187630552322545,0.6324602966923097,0.1999994943062724
qwen-3.5-plus,2,a8f62a,poster,39,0.359779440519568,0.4696419837976273,1.2047313733893714,0.7602371936601546,0.7000981600746881,0.3173598228334993
qwen-3.5-plus,3,a8f62a,poster,37,0.3031826226922316,0.4403421527181001,1.42302322539478,0.6077887842163092,0.681618287444257,0.2681035433666209
qwen-3.5-plus,3,a8e85c,mobile,41,0.2117019416718911,0.4018174763766774,2.0634281225478333,0.2984977254006322,0.6238297754883773,0.2222883552200191
qwen-3.5-plus,1,a91f25,web,40,0.224241499928517,0.278929759831052,1.942264006929956,0.6388092527398008,0.7100355128959652,0.1746239677195675
qwen-3.5-plus,3,a91f25,web,40,0.2722889100576747,0.3017655112327416,1.736527492445,0.6870095081569145,0.7123861308599839,0.2123523931818293
qwen-3.5-plus,1,a93c69,poster,48,-0.0735046112053535,0.2689673137952416,1.9465038650691469,-0.0828918641949961,0.5276604739603487,-0.1699860813162596
qwen-3.5-plus,1,a965f4,poster,45,-0.1178054182036404,0.3690816138906201,2.121179603257651,-0.1462128824954695,0.4581528336956252,-0.2623142225149801
qwen-3.5-plus,2,a965f4,poster,40,-0.141401575007217,0.3520656396450021,1.9157919797543277,-0.2055967880479549,0.4422468970184214,-0.167453790428256
qwen-3.5-plus,2,a93c69,poster,51,-0.0179294060925646,0.2909607693697693,1.841079533815713,-0.0400968823446787,0.535257055859581,-0.180618961362068
qwen-3.5-plus,2,a91f25,web,45,0.2132068729049539,0.2942024274347301,1.6876602764582138,0.5144254529743543,0.6539720155296793,0.1056812259508685
qwen-3.5-plus,3,a93c69,poster,44,0.0190678320545682,0.3059803916911653,2.1910779837937104,0.0404128123476031,0.5127547571255894,-0.1528818783377868
qwen-3.5-plus,3,a965f4,poster,30,-0.1593817880851624,0.3329308532015845,2.9182995858336382,-0.2500962787260138,0.4260964485462438,-0.1815633933704414
qwen-3.5-plus,1,a9793b,web,41,0.1200081397010925,0.3004106289709169,2.3636208261483835,0.322620187563607,0.5678151039203511,0.1363685228789543
qwen-3.5-plus,1,a9ccfc,desktop,41,0.3392680100951548,0.3611635041307182,1.8061108393103673,0.7553333472863921,0.6880272480539464,0.351628342980344
qwen-3.5-plus,2,a9ccfc,desktop,50,0.3452206339691384,0.3560801678960105,1.5174230006310592,0.7717907489464096,0.6759388031315062,0.3541112393328401
qwen-3.5-plus,3,a9ccfc,desktop,38,0.3168177261406896,0.3279739394308275,2.447958595364919,0.6973627959094914,0.6366367846414849,0.3547648263732037
qwen-3.5-plus,3,a9793b,web,31,0.1393178496410577,0.2829150038315691,2.325504741226455,0.2853766271553881,0.5858037840783461,0.1305969223807768
qwen-3.5-plus,2,a9793b,web,49,0.2084809272642906,0.3345212941135613,2.3858515502309743,0.4331711361359693,0.6261171226141254,0.18354430048277
qwen-3.5-plus,2,aa063a,web,40,0.2051974829502146,0.3159448985425506,1.9789286781807145,0.538495708011766,0.6468631720628172,0.1447241123814011
qwen-3.5-plus,1,aa24d4,web,89,-0.2047776768817338,0.242867733634141,2.554262512327601,-0.3683056817106592,0.389497122068163,-0.1491322265092139
qwen-3.5-plus,1,aa063a,web,36,0.1838714527175952,0.3096618228112278,2.0981449065995372,0.4280759637739457,0.6335262324521224,0.082640674699666
qwen-3.5-plus,2,aa24d4,web,116,0.0584141715561575,0.4041019944742085,1.5107243906286671,0.1206616461097497,0.5431387735657698,-0.1741639087036078
qwen-3.5-plus,3,aa063a,web,46,0.1966309624297985,0.2712035181298369,3.035343362024499,0.4419937192727741,0.5880319373081719,0.1528870789839602
qwen-3.5-plus,3,aa24d4,web,90,0.4740982761747453,0.5145890973980165,0.9349861241751348,0.7721323655646991,0.7208383061109686,-0.2006603239508688
qwen-3.5-plus,1,aa635a,mobile,40,0.451429442276121,0.4761099183496632,1.443883412011809,0.864736888805473,0.7399716314587061,0.3319773942019009
qwen-3.5-plus,3,aa635a,mobile,46,0.2501063285509532,0.3880285568688525,1.9136002286397915,0.4966350748417024,0.6526374468147704,0.1389523256524452
qwen-3.5-plus,2,aabc06,poster,47,0.2144348202970952,0.3509212264953298,2.559729892119203,0.5846188587276766,0.7085849716074608,0.069657736643342
qwen-3.5-plus,1,aabc06,poster,40,0.299241928460323,0.3885370206974773,3.4164556686192333,0.7572320602634744,0.6308725247133451,0.1928338167183394
qwen-3.5-plus,2,aa635a,mobile,39,0.3203092676338971,0.3856090137450917,1.926310552827841,0.5645315003981447,0.6547734715743985,0.2452013962247927
qwen-3.5-plus,2,aa6f23,mobile,37,0.3480591247250864,0.3705325523035546,2.9926283615014486,0.7354589385085197,0.6349463944882978,0.2874856044165502
qwen-3.5-plus,1,aa6f23,mobile,40,0.4165681091037188,0.4118170590317438,2.593231026691611,0.8044634600544438,0.6402349427859169,0.3359417275087166
qwen-3.5-plus,3,aabc06,poster,44,0.2627095494632507,0.3426730583152965,4.294109405601467,0.7086102138768369,0.5677738156486118,0.2281129597970685
qwen-3.5-plus,3,aa6f23,mobile,35,0.3644678464905402,0.4044633056638731,1.811715525930212,0.4792016006298216,0.6974612311854183,0.2835353331241927
qwen-3.5-plus,1,aac5d7,desktop,40,0.5593075788549584,0.4005090390818031,1.1912012961286456,1.6151916752868,0.8053693368978145,0.5576319408973186
qwen-3.5-plus,2,aac5d7,desktop,48,0.543131234107497,0.4106382460963249,1.1296886410204567,1.523970059937289,0.825149419474849,0.5392594153421181
qwen-3.5-plus,3,aac5d7,desktop,40,0.3924648306221286,0.3531979121048939,1.3996186100751429,1.0756697635395067,0.7762457701748593,0.4071653365115657
qwen-3.5-plus,1,aac976,desktop,50,0.2466001813857579,0.3919733434964742,1.406901323338419,0.5915643395906892,0.7138907836366492,0.087704669522645
qwen-3.5-plus,2,aac976,desktop,40,0.2673460786438224,0.4240521689660665,1.2911733281897175,0.7246873252055989,0.7578532368330291,0.1202215639482176
qwen-3.5-plus,3,aac976,desktop,40,0.3123930913479552,0.4477010140137327,1.2540985990879463,0.8071189460988495,0.7696415144753039,0.1708839900258706
qwen-3.5-plus,1,ab09c3,desktop,49,0.1639420889732042,0.247150934000299,2.5105651442620687,0.5127492928532038,0.6450233822138064,0.2819050453776233
qwen-3.5-plus,1,ab2461,poster,49,-0.1159912029484526,0.2626048578599839,1.9200999574954472,-0.2459957252948517,0.4380302994739885,-0.0300331701308791
qwen-3.5-plus,2,ab09c3,desktop,50,0.0734463855742142,0.2333032411347491,4.064282994481843,0.2619826421324536,0.5485183342303155,0.0215552217350928
qwen-3.5-plus,3,ab09c3,desktop,50,0.2389306008044436,0.2604152003463901,1.9857943596235057,0.7036443343775816,0.6820451720373689,0.2242200488866818
qwen-3.5-plus,2,ab2461,poster,48,-0.0312287179873116,0.294012091860499,1.7472840727169077,-0.0996382599822586,0.4702804339197322,-0.034898731715176
qwen-3.5-plus,3,ab2461,poster,45,0.105668280276361,0.337359023305474,1.3427094070452457,0.1967142085353707,0.5290011240176102,0.0190757385275193
qwen-3.5-plus,1,ab0c83,poster,34,0.0363932363508506,0.3077541592312561,2.4561264343743954,-0.1050604665012604,0.5659332759022502,-0.1448863981864636
qwen-3.5-plus,2,ab0c83,poster,34,0.1083938656721098,0.3397211693524458,2.414729511115487,0.1307093515429513,0.6034836631613496,-0.1426562718312305
qwen-3.5-plus,2,aac709,mobile,14,0.1255808368003511,0.2301317745950321,5.077919095130981,0.0614786679597871,0.5002444257814261,0.0118208088834577
qwen-3.5-plus,3,ab0c83,poster,34,0.0403887124700464,0.3091232729133431,2.4473792335272315,-0.1016433596498905,0.5667248532919782,-0.1418770826055934
qwen-3.5-plus,1,aac709,mobile,30,0.0434828608040973,0.2387938969034811,5.003043511137624,-0.0770768259715911,0.4531982751169407,-0.0571323442685052
qwen-3.5-plus,3,aac709,mobile,44,0.011624943018796,0.2711235705440555,3.261078303458058,-0.1096193143162193,0.5532256048154607,-0.028098083300057
qwen-3.5-plus,1,ab4eb4,web,38,-0.0246410720591435,0.2362579483784487,3.333490630918808,-0.0567945645125722,0.4801098738859502,-0.0143156841357336
qwen-3.5-plus,2,ab4eb4,web,40,0.1801907905148275,0.301744636972944,1.9721295188475012,0.3395505862683319,0.6000681842236316,0.1473984194969275
qwen-3.5-plus,3,ab4eb4,web,40,0.142361645627049,0.2585912807052678,2.5745126159206455,0.144448508152602,0.5520499952809815,0.1813857211166312
qwen-3.5-plus,1,ab32c7,poster,30,0.2517641032110455,0.3217143899531757,3.343517952840716,0.7811928868543105,0.705406083424186,0.231398834126552
qwen-3.5-plus,2,ab56ac,poster,46,0.201919075989562,0.3547709285338901,1.566035934736172,0.4826757192530597,0.6001735635993272,0.0515687439929376
qwen-3.5-plus,1,ab56ac,poster,46,0.195744261986913,0.3417929841828857,1.5907443953462963,0.4291444523667166,0.6093297895799734,0.0901621143137122
qwen-3.5-plus,3,ab56ac,poster,50,0.2901042368274821,0.3618067138240635,1.345926226118882,0.5021198980995281,0.6222148133225404,0.1793673784513997
qwen-3.5-plus,2,ab32c7,poster,47,0.4934787920208643,0.4477417678595846,2.5192804668892075,1.5847321476575067,0.8422996311620106,0.4832967045291328
qwen-3.5-plus,2,ab4d1f,mobile,45,0.3756222795282116,0.4241655403615735,1.524046562705213,0.9271165791711212,0.7329461179874561,0.3149611169109478
qwen-3.5-plus,3,ab4d1f,mobile,40,0.1335990214397598,0.3195650612339786,2.0466175228211942,0.1976183552470535,0.6366462775405287,0.025179594133812
qwen-3.5-plus,1,ab4d1f,mobile,39,0.1051487350926236,0.2560085067816149,2.6090316183953246,0.3414502750486063,0.6522525691435616,-0.0686879099296721
qwen-3.5-plus,3,ab32c7,poster,45,0.5964836037063144,0.4793660825669874,1.4826604721875865,1.724073269028252,0.848495983969318,0.5903248249452024
qwen-3.5-plus,1,ab791d,poster,36,-0.0177234171861608,0.3671807588866471,3.106170848714827,-0.0412031500012466,0.4757202000873575,0.088262081441326
qwen-3.5-plus,2,ab791d,poster,48,0.185707157636073,0.4223727377373564,2.9140634766018714,0.2297436996343889,0.5297033803198034,0.2730847633523109
qwen-3.5-plus,3,ab791d,poster,46,-0.0071363172711802,0.3737222792045767,3.143473851717756,0.0103154586784191,0.4766870936165911,0.0177219772912562
qwen-3.5-plus,2,ab87f5,web,44,0.3565110258008828,0.3287612535437445,2.09577122435741,1.2866867903528925,0.7900775340101461,0.3184756042424366
qwen-3.5-plus,3,ab87f5,web,51,0.2935377395245359,0.2726380788257703,4.737361234386176,0.9693091152077064,0.642913401046609,0.2352701540415099
qwen-3.5-plus,1,ab87f5,web,81,0.2848125645199764,0.2732308839709249,4.794582075569328,0.9540495915183556,0.6430150071399495,0.2261534743592384
qwen-3.5-plus,1,ab9e2a,desktop,40,0.6726255289670973,0.4852824650133433,0.9109660559120418,1.8530298843708288,0.8172062803444035,0.6528130926880145
qwen-3.5-plus,3,ab9e2a,desktop,50,0.6894647823960242,0.5123197865727656,0.841234408967945,1.8210708451243436,0.8424668368826004,0.6793927534862478
qwen-3.5-plus,2,ab9e2a,desktop,40,0.6337951057767379,0.4712208624343721,0.8684853602937284,1.6955324246129435,0.8585781916638933,0.620731871908984
qwen-3.5-plus,3,ab7961,mobile,44,0.2072362457172751,0.4372088764303092,2.1567824275937393,0.3978547045206562,0.6022028010706522,0.2013218619244451
qwen-3.5-plus,2,ab7961,mobile,40,0.1907447540438074,0.3975991239003162,2.6673691505522488,0.2831502339769659,0.5599638264534179,0.2050754023241599
qwen-3.5-plus,1,ab7961,mobile,45,0.2095120600537945,0.4546849664663546,1.679109255079597,0.2849425569531977,0.5882859675717269,0.1663510880636728
qwen-3.5-plus,1,abe796,web,90,0.3838243096886558,0.4230488544497695,1.0063343093926722,0.7297837202847363,0.7157629282688679,0.1083589014990679
qwen-3.5-plus,1,abc926,poster,44,-0.0746878840290414,0.2536493646069965,3.00146730614171,-0.1596074313093367,0.446482517295343,-0.0690877051647721
qwen-3.5-plus,2,abc926,poster,46,-0.0720880318964604,0.2655028585784695,2.9564531604612023,-0.1253597901525747,0.4536740638827551,-0.0807149766100766
qwen-3.5-plus,3,abc926,poster,32,-0.0057936606838307,0.2871797645991851,2.8414207853182254,-0.0167814001719282,0.4942082838420341,-0.0759934644442407
qwen-3.5-plus,2,abe796,web,64,0.2872705095239129,0.4053168331864001,1.1061082592185634,0.6507343037643272,0.6945634201935571,0.1073447144229396
qwen-3.5-plus,3,abe796,web,51,0.050504350063436,0.3328284436696587,1.53606964231877,0.1530363700674965,0.5433538421787039,-0.1437617750722353
qwen-3.5-plus,1,abb05d,mobile,50,0.5691906303941985,0.4938564145207104,1.6677687397800676,1.327523021861,0.8203020824000514,0.5492689505003461
qwen-3.5-plus,3,abb05d,mobile,40,0.575090593218704,0.5235844433890916,1.563004537685453,1.500774407877448,0.8222718896086109,0.5596670927709023
qwen-3.5-plus,2,abb05d,mobile,51,0.495236697179081,0.4894396060464952,1.5295367976238332,1.0272673030146169,0.779915932682532,0.4605169252619832
qwen-3.5-plus,2,abf2a6,mobile,46,0.2716819926080611,0.3910124632537348,1.864438193891192,0.7065157059818913,0.6958850625513102,0.1916582747498576
qwen-3.5-plus,1,abf2a6,mobile,39,0.0612064206507402,0.2772617092863175,3.2706313987078093,0.147037422017868,0.5491727052391544,0.0160327807109368
qwen-3.5-plus,3,abf2a6,mobile,40,0.1588193133892424,0.3285102191097696,2.705632722836472,0.2263707667834308,0.6794572593415815,0.1160949662825633
qwen-3.5-plus,1,ad1e05,desktop,40,0.327358347169611,0.4176210208580571,1.1022530787036544,0.6298717961807138,0.6955799460183899,0.3191182413953912
qwen-3.5-plus,2,ad1e05,desktop,45,0.3026445976232101,0.3637762723513418,1.387218443122316,0.5646281962264866,0.6432913431714777,0.3487659897056026
qwen-3.5-plus,3,ad1e05,desktop,40,0.3621620889662833,0.4193521869000587,1.6278387852155172,0.7033403395195819,0.6414635789276882,0.3713731921229293
qwen-3.5-plus,1,ad1260,mobile,44,0.4454876658128341,0.4227346550020238,1.7566837586856991,1.116557873230045,0.7776581682355547,0.3606725781187144
qwen-3.5-plus,2,ad1260,mobile,45,0.5766444521564302,0.5409396658255982,1.174342710973842,1.3576601588642916,0.804755470152147,0.5026262466764777
qwen-3.5-plus,1,ac484e,poster,45,0.2493481163559288,0.3456128092055142,2.3981258159459844,0.727180268627398,0.7144999727976575,0.1299707854543009
qwen-3.5-plus,2,ac484e,poster,30,0.1696173189603014,0.2726011791866486,4.376770469931427,0.4096437844663772,0.6114585102691087,0.0847408773179967
qwen-3.5-plus,3,ac484e,poster,49,0.2129567296490964,0.3479991707896477,3.254444696032994,0.5095452490969299,0.6502269508773179,0.1075764433804044
qwen-3.5-plus,3,ad1260,mobile,39,0.3730036390917807,0.408833060933115,1.6648543566713034,0.901920693003314,0.746533655950895,0.2740763471201454
qwen-3.5-plus,1,ad5e9d,web,37,0.155458062649335,0.3778468188096507,1.3846672152772317,0.4793199664175281,0.6577355177101875,0.1076789887705276
qwen-3.5-plus,3,ad5e9d,web,47,0.1367195196155834,0.3619924041568223,1.3369924838452043,0.4620959003505973,0.667805183716607,0.1887229908047602
qwen-3.5-plus,2,ad5e9d,web,49,0.3280279208535009,0.4190696055137316,1.11732842946718,0.883545559795466,0.7480225152188501,0.2624969380018138
qwen-3.5-plus,1,ad9e6b,desktop,48,0.207750767835314,0.347314360848618,1.6596429451613872,0.4510540885876422,0.6708217941208758,0.1877487132003928
qwen-3.5-plus,3,ad9e6b,desktop,41,0.2009327932285597,0.3600883125587071,1.6389938213797313,0.4437731956617314,0.6706922086483991,0.2225636313068535
qwen-3.5-plus,2,ad9e6b,desktop,48,0.2133403936973623,0.3523921148382574,1.4014056822057663,0.4435342738155108,0.6549162430835848,0.1504098730411181
qwen-3.5-plus,1,adf8ec,desktop,40,0.5820957718856139,0.4960089203279757,1.008603499594644,1.7650872672232316,0.8561722867171061,0.578188158333804
qwen-3.5-plus,2,adf8ec,desktop,46,0.5271128194969639,0.4229369097726799,1.3598349354579558,1.520613868553252,0.7771761205957032,0.517345509894914
qwen-3.5-plus,1,ad24c7,mobile,50,-0.022616245849338,0.3312015160510237,3.249130056261045,-0.0469671416220011,0.4539208931479169,-0.0363390900143542
qwen-3.5-plus,2,ad24c7,mobile,35,0.1998491716161748,0.3607726460760525,2.1958590155891216,0.4483931890041293,0.6381602652984334,0.1895932990597817
qwen-3.5-plus,3,adf8ec,desktop,50,0.6188605232757796,0.512596452865668,0.8817636476249779,1.7941663711288889,0.8718112527930735,0.6100493978639626
qwen-3.5-plus,3,ad24c7,mobile,33,-0.011018273352201,0.2739825871775521,4.042027499086245,-0.0798550092589512,0.4614457058759683,-0.037386656958092
qwen-3.5-plus,3,adbe00,poster,40,0.3825518432995472,0.4025439176286582,2.9122594592905746,0.7319401259014436,0.6708260406716955,0.3645780377064825
qwen-3.5-plus,2,adbe00,poster,89,0.0275309025430953,0.2971986748282897,2.288388462187115,0.022066703587188,0.4994406257318733,0.031017535971943
qwen-3.5-plus,1,adbe00,poster,30,0.2521563980271729,0.3082755884609963,3.9675212234323256,0.5760091600285961,0.6064566775012802,0.2601267710055716
qwen-3.5-plus,1,aed588,web,46,0.1219784237128407,0.2648077201310932,2.207130320378881,0.3115017298060302,0.6584587711955696,0.0988184438049203
qwen-3.5-plus,2,aed588,web,36,0.0696544719718329,0.2205882911217598,2.541262896927787,0.1507686694265332,0.5895729279435197,0.1084955237640391
qwen-3.5-plus,3,aed588,web,40,0.289173522421903,0.3318334995761167,1.8268127091770263,0.8422103203199114,0.7135217671898227,0.2626324627533305
qwen-3.5-plus,1,ae747f,poster,31,0.0088110741614648,0.2595009276132759,3.6755388902248978,-0.0455183869275961,0.4854817000077884,-0.021878275620314
qwen-3.5-plus,2,ae747f,poster,42,0.1154984409918462,0.3242539596616484,2.8948062837748028,0.3496731430779109,0.6006234941810377,0.0151237389880561
qwen-3.5-plus,2,ae548c,poster,40,0.3732555211928487,0.3910287468766303,3.0599197549426003,0.8327971771646169,0.6920570258378105,0.3683101308493158
qwen-3.5-plus,1,ae548c,poster,48,0.2806286837213374,0.3788270424307523,3.374432187013041,0.5804392049346387,0.6426686571623793,0.2777255601205842
qwen-3.5-plus,3,ae747f,poster,41,0.022118574121726,0.2842559852671611,2.9441483951700587,-0.1083030999826374,0.4694885161870612,-0.0359462119420195
qwen-3.5-plus,3,ae548c,poster,40,0.279567965058173,0.3558280118866304,2.9171086816154626,0.5981658127169445,0.681681820193663,0.2617045256457928
qwen-3.5-plus,1,aef7af,web,47,-0.0061386773302592,0.1957850804478401,2.7960957733963676,-0.0166888390189101,0.5276026563994873,-0.0416325800790375
qwen-3.5-plus,2,aefb83,desktop,47,0.0417487662558329,0.2605931209338697,1.977714115530638,0.2238976293273694,0.5872894369441133,-0.0197760807442351
qwen-3.5-plus,2,aef7af,web,39,0.0491117620626916,0.2313559279330685,2.233062278074428,0.2969106998508218,0.5895825492605034,0.0385496403393177
qwen-3.5-plus,1,aefb83,desktop,40,0.1011101676083789,0.2616598867574972,2.113059900113254,0.3142135441352733,0.6105938767180247,0.1079046227822382
qwen-3.5-plus,3,aefb83,desktop,49,-0.0081441376270451,0.2375443841445095,2.5137714653910592,0.0391401010896163,0.5278398105959435,-0.0185588377411414
qwen-3.5-plus,3,aef7af,web,45,-0.0228391976041504,0.2448432482667221,2.296425742159506,0.0641921273509094,0.5202695207055453,-0.0551164050073334
qwen-3.5-plus,1,af0d52,mobile,41,0.3986053899937986,0.4430493343346289,1.2782172078457703,1.0225109911581431,0.7664158641677438,0.1886264427381528
qwen-3.5-plus,2,af0d52,mobile,40,0.4208826103375936,0.4610154648633451,1.5994366830640314,1.136438142854154,0.7874511322139593,0.2540158052673939
qwen-3.5-plus,3,af0d52,mobile,45,0.4310870462468628,0.4877109665804231,1.2351038582464078,1.1522328183660515,0.8069896663224004,0.1933613228582275
qwen-3.5-plus,1,af24f8,poster,48,0.185853446905843,0.4385309739202314,1.001290748216481,0.3091876860005313,0.5923456488912471,0.1863652597351688
qwen-3.5-plus,2,af24f8,poster,48,0.3194144628141828,0.4948581509982764,0.8457175610256141,0.5636265886826358,0.6719409261058912,0.3275274608597948
qwen-3.5-plus,3,af24f8,poster,51,0.0103422900072641,0.391115615112047,1.5531536173294982,0.0444284768479743,0.5342375642644493,0.0100618110223838
qwen-3.5-plus,1,af1e2d,web,41,0.3466612719127562,0.4129321275946358,1.2236012244933934,0.5582086060887811,0.6787170956789302,0.3505380922623716
qwen-3.5-plus,3,af1e2d,web,41,0.3627288686208242,0.4124415484920456,1.2056436828543178,0.8316251194505643,0.7241370006715802,0.3379092116890537
qwen-3.5-plus,2,af1e2d,web,36,0.2798334810429603,0.3980047227498735,1.3313777806555835,0.5503110600211865,0.6982973254955854,0.2785664169958596
qwen-3.5-plus,1,af4220,web,51,0.2568173028134857,0.3596735256284898,1.5039050417377011,0.630570816045365,0.7394570356986149,0.2076565848242216
qwen-3.5-plus,1,aefca8,mobile,38,0.1078760847945082,0.3122218067815797,3.492204569952833,0.2293992688967168,0.5852484585214188,0.1073936607569145
qwen-3.5-plus,2,aefca8,mobile,52,0.0973823044412117,0.3391774989606317,2.873021196179378,0.2099783199209,0.5724383896872469,0.0126735394895962
qwen-3.5-plus,3,aefca8,mobile,39,0.1242043639933959,0.3278172812881479,3.2959335932198304,0.2480300951380797,0.5868987419758485,0.1202950119990651
qwen-3.5-plus,2,af4220,web,51,0.0928416201425208,0.2398040025576615,2.6759629716108733,0.2603993421622862,0.5959818345901204,0.1441714474818205
qwen-3.5-plus,3,af4220,web,38,-0.0783184372789423,0.1679266558245876,3.3226826125519726,-0.1615684881353271,0.5293455553591382,0.0102812467471999
qwen-3.5-plus,1,af49df,mobile,45,0.3438763033430941,0.4628272220055365,1.5423628078182523,0.6400718301527649,0.6897372560722328,0.3257946042641874
qwen-3.5-plus,1,af4f68,poster,48,-0.1064547376040035,0.3319291955796134,1.641959027601143,-0.1094246424231913,0.473495114760144,-0.0037664489682994
qwen-3.5-plus,2,af49df,mobile,40,0.2531983133194231,0.40640908350983,1.4697125227831045,0.4732616346725795,0.6538989795264372,0.2461015439940104
qwen-3.5-plus,3,af49df,mobile,46,0.3341533860958096,0.4413133775996442,1.8831222377210783,0.5868010774258849,0.7120609805602683,0.317860170381615
qwen-3.5-plus,2,af4f68,poster,41,0.1862468015011413,0.4034070392228194,1.1008436449014924,0.3614630006942158,0.593345738184625,0.2750212849403682
qwen-3.5-plus,3,af4f68,poster,42,-0.0222787728163212,0.3229837433913478,1.4838174976643037,0.1085776265356066,0.5745045211767201,0.1107700620793229
qwen-3.5-plus,1,af5f27,desktop,50,0.2021144537608137,0.2589533686384176,1.969438762490149,0.5044192426637739,0.6978663558453766,0.2302348583411361
qwen-3.5-plus,2,af5f27,desktop,58,0.2447397956723496,0.2794242992271352,1.825973466208339,0.6325992473072817,0.7598471899003525,0.2672138293364906
qwen-3.5-plus,3,af5f27,desktop,38,0.4160700578813973,0.352938140360433,1.4185662002750197,1.070767027085785,0.7822063383407217,0.4363448220772839
qwen-3.5-plus,2,af423a,mobile,50,-0.011005558816728,0.2111240198230263,4.030622602554039,-0.2142378479331201,0.4831966493266376,-0.3149274295853226
qwen-3.5-plus,1,af423a,mobile,50,0.08245474609794,0.2278336592605611,2.818417458920102,0.091798691032045,0.5436215086857211,-0.0986402693440446
qwen-3.5-plus,3,af423a,mobile,30,0.0234563665620371,0.2042636357100725,4.446406758318568,0.0921856142697219,0.5629313811892223,-0.044689205543229
qwen-3.5-plus,1,afdcf4,desktop,39,0.3772272530847408,0.4054751720706853,1.4368940288789174,1.0436969005111645,0.7562589489048522,0.3186892728199154
qwen-3.5-plus,3,afc676,desktop,40,0.292001536791399,0.3791086911731419,2.2491908049709948,0.4799656897276916,0.6324811308734455,0.3590079508751354
qwen-3.5-plus,2,afdcf4,desktop,45,0.2434545594878835,0.3735257424008832,1.738025536136277,0.8115696307135146,0.7019172437771664,0.2337382503929857
qwen-3.5-plus,1,afc676,desktop,48,0.3335539644500009,0.4120969906446933,2.5407204652393727,0.5652404829845687,0.6309494763727793,0.4384914647171797
qwen-3.5-plus,3,afdcf4,desktop,40,0.2690124685698086,0.3642373190794943,1.4168199032582207,0.8032229126289528,0.7506072583172699,0.2343357671507788
qwen-3.5-plus,2,afc676,desktop,49,0.3216938030740015,0.4285878679113251,1.2675544442228206,0.5800918080270415,0.665446230397329,0.4088438124262538
qwen-3.5-plus,1,aff2b7,mobile,41,0.1513551894276962,0.356498596641266,1.7303639886348858,0.4174269067541105,0.6172062597566904,-0.1075549780101391
qwen-3.5-plus,2,aff2b7,mobile,11,0.3638415784266863,0.4330620835549544,1.5533798237427907,0.8206058711581977,0.715060470520796,0.1116222894487677
qwen-3.5-plus,2,af9990,mobile,47,0.1333195521507613,0.3131814691833341,3.0860066861422246,0.3333986265278553,0.6141912181625856,0.0665651273648519
qwen-3.5-plus,3,aff2b7,mobile,38,0.128121249121439,0.3617977922000899,1.5195287440711744,0.3582112369598361,0.6327402724470383,-0.1783686083246812
qwen-3.5-plus,1,af9990,mobile,40,0.2080969387917921,0.3495376148223199,3.8603449573645374,0.4711095930293703,0.5506613061857915,0.0938572200220055
qwen-3.5-plus,3,af9990,mobile,48,0.1515664508345328,0.3484917986828436,2.7891448076010916,0.2959188598926252,0.6354056292451333,0.0618939397828544
qwen-3.5-plus,1,b02217,web,49,0.2092652911715894,0.3198933844965614,1.6592517825923243,0.4754626411624691,0.6276315611328541,0.0775162878443216
qwen-3.5-plus,3,b02217,web,41,0.0167302604613156,0.2407844783805485,2.327861887131073,0.0553200420402759,0.5428627466693936,0.0246641729796497
qwen-3.5-plus,2,b02217,web,39,0.0371509451980147,0.2436169200967924,2.275077944650743,0.0939972491778911,0.5537612891285082,0.0829772246178666
qwen-3.5-plus,1,b02b39,web,50,0.3736322428977751,0.4460856744799304,1.6862076346344654,0.706437934340111,0.7191012661357165,0.2062543042992944
qwen-3.5-plus,2,b02b39,web,51,0.2715546870043138,0.3926958936987526,1.6970880685747385,0.5054882595234522,0.685394156910234,0.1562113133881562
qwen-3.5-plus,3,b02b39,web,49,0.1540140065834351,0.3538656486122595,1.9606066888504312,0.3542591522756628,0.6586417473207274,0.0164080402489943
qwen-3.5-plus,1,b0a63b,web,52,0.0951615795507425,0.2969457850432303,1.6283573005666518,0.2602900457214119,0.5738406751792239,0.0738969503375692
qwen-3.5-plus,2,aff6c9,mobile,37,0.3542825807388882,0.3807971968342639,1.8181712306420397,1.0214890111858428,0.7427867561998042,0.3180818639976919
qwen-3.5-plus,2,b0a63b,web,43,0.2155403610207069,0.3270698577698167,2.3446476301960786,0.4836965036855046,0.655002087288928,0.1612072318277048
qwen-3.5-plus,3,b0a63b,web,52,0.0584209745855748,0.3262412255049044,1.6292558270437292,0.1541134294411651,0.5446991765713689,-0.0682928095047962
qwen-3.5-plus,1,aff6c9,mobile,39,0.3028959577768454,0.3301728178395651,2.303481695666131,0.5007413577562001,0.6711323963439599,0.2663895761989506
qwen-3.5-plus,3,aff6c9,mobile,48,0.3298551144528038,0.350774277507697,1.653803245768232,0.6462539182620236,0.7426536942405524,0.2370755118000614
qwen-3.5-plus,1,b0c3be,web,40,0.2457974133359262,0.32979586585959,1.6235178709510385,0.5312494327971821,0.659615251559362,0.1976382370249326
qwen-3.5-plus,2,b0c3be,web,45,0.0768904785197199,0.2830581504697214,1.722676985802551,0.3089674424886887,0.5570565974469948,0.0020391061795867
qwen-3.5-plus,3,b0c3be,web,44,0.3148138505854603,0.3506813173242795,1.337294938245161,0.8816115983140626,0.7742457616449737,0.2743016705307323
qwen-3.5-plus,1,b11c7a,web,45,0.1259950399858592,0.345535209255406,1.7210495486205573,0.3176315290077313,0.5933191224722522,0.0271980352407023
qwen-3.5-plus,2,b11c7a,web,40,0.3072780245400639,0.4121800972007313,1.4412767101831812,0.6813060170745793,0.691590564912642,0.2324899157531036
qwen-3.5-plus,3,b11c7a,web,46,0.2359019319113814,0.3886609353502318,1.4262123489963237,0.5257416602500167,0.6478602634571722,0.1451936271674767
qwen-3.5-plus,1,b0afe4,poster,35,0.1706323873122199,0.3033128978291267,3.992817442755339,0.1667891585912437,0.6194349355595686,0.0806109607782117
qwen-3.5-plus,1,b2165e,desktop,49,0.6578582671102946,0.5165966710577103,0.9007733996356788,1.7330897717374532,0.8488156321886182,0.5827684024553433
qwen-3.5-plus,3,b2165e,desktop,49,0.226512040409996,0.2603161911792003,1.850586859463775,0.4755901900607197,0.6007884461780424,0.1981994221612537
qwen-3.5-plus,2,b2165e,desktop,47,0.1031530205074783,0.2380721116162541,2.121491991097224,0.158382742434636,0.5667312054742365,0.0579568022894583
qwen-3.5-plus,2,b0afe4,poster,41,0.2947688053286735,0.3962222267952029,2.385712389750917,0.3940025365221235,0.6492339986915787,0.1084939056307694
qwen-3.5-plus,3,b0afe4,poster,48,0.548036197776508,0.5513135323717504,1.633621132949234,0.7935387897787253,0.7375978461738836,0.4232165132522291
qwen-3.5-plus,1,b2b7a2,desktop,83,0.1834053247700022,0.2994689508463612,1.5848134217614611,0.476892692496901,0.6566893542167266,0.0589688264257951
qwen-3.5-plus,2,b2b7a2,desktop,48,0.2085179112272613,0.330988609630465,1.6324541071873733,0.5810993447914217,0.7038934261074477,0.0214214993664362
qwen-3.5-plus,3,b2b7a2,desktop,40,0.2859234416039808,0.3771119853481469,1.714979125143082,0.8402733779196869,0.7667020056241237,0.1847740434574259
qwen-3.5-plus,3,b28a85,web,30,-0.0313559332138039,0.2270537160669963,2.7410796497277277,-0.0829193531883752,0.5010349972828955,-0.055407395975622
qwen-3.5-plus,1,b28a85,web,50,0.2308754180098824,0.3108759357102609,2.5325028139005505,0.6757195356231359,0.658538149615713,-0.0353202363642467
qwen-3.5-plus,2,b28a85,web,48,0.0045713305858506,0.2439412225507075,2.5504645109222572,0.0123285842557463,0.5074719151071962,-0.0884457657150194
qwen-3.5-plus,1,b2d2fa,poster,42,0.3748212636039225,0.5059649258253383,0.8862332807648416,0.7574563669172059,0.7110757839839097,0.377081707594862
qwen-3.5-plus,2,b2d2fa,poster,30,0.50856402542541,0.5371413489270166,0.6989003725983951,0.9089185781238966,0.7467790513759637,0.5224547843511343
qwen-3.5-plus,3,b2d2fa,poster,40,0.5615682845065765,0.5725158367637515,0.6016414995349115,0.9907838202273342,0.7666441958674168,0.563442580644999
qwen-3.5-plus,1,b2c74f,desktop,46,0.0462611872215088,0.1561390670740863,2.908107060696617,0.2366135514986295,0.5855651962773791,0.0105739804522791
qwen-3.5-plus,1,b264ce,mobile,39,0.2366481628717283,0.4100974905878781,2.318534662568674,0.4045671223855988,0.716146310055777,-0.1716139046173217
qwen-3.5-plus,2,b264ce,mobile,41,0.2005195979520038,0.3001286705278276,4.656986002175669,0.3509334623975781,0.5880138399016414,-0.1544345745587201
qwen-3.5-plus,2,b2c74f,desktop,50,0.1673335438872057,0.1950004733280398,2.1879171562834703,0.8263295060026896,0.7793344082591799,0.1543812103741041
qwen-3.5-plus,3,b264ce,mobile,40,0.3946102999133378,0.4784985833786823,1.125448354123822,0.723914876422166,0.7759711625882102,0.083336543088123
qwen-3.5-plus,3,b2c74f,desktop,50,0.0694956739877237,0.1770784394332111,2.415749572661677,0.3801234985814607,0.628194826217486,0.0039425546367519
qwen-3.5-plus,1,b32bc3,poster,56,0.152095299868363,0.3237208573656717,3.0673445129413346,0.1358500842767476,0.6269351317591537,-0.0218314985480272
qwen-3.5-plus,2,b32bc3,poster,48,0.098770006355045,0.353402867107554,1.665827192369196,0.233879244841442,0.5677945348379855,0.0280745840571838
qwen-3.5-plus,3,b32bc3,poster,315,-0.0486953936594272,0.1758091553849152,5.543205537156933,-0.1262175606276146,0.4931139584149153,-0.15391421151252
qwen-3.5-plus,1,b346f3,poster,49,0.6901103646615627,0.6370294542118411,0.6422059181898223,1.3161781087220892,0.8037777017104577,0.6463150663089274
qwen-3.5-plus,2,b346f3,poster,40,0.7304690564136869,0.6668182821444272,0.4540322688570567,1.3235664688040825,0.825237859380871,0.6761451111489916
qwen-3.5-plus,3,b346f3,poster,45,0.7142262506686484,0.6671639284863705,0.4548914730462342,1.2538527362783367,0.8161223704797939,0.6613586571717852
qwen-3.5-plus,3,b32f2b,mobile,48,0.2974099026005098,0.4152988157720966,1.779431748465597,0.6196039525078982,0.7110825087165435,0.1417945773055912
qwen-3.5-plus,2,b32f2b,mobile,47,0.393496497889055,0.4171109610176987,2.154339962635175,0.6335438878484668,0.6968206202392158,0.3079972799416371
qwen-3.5-plus,1,b32f2b,mobile,40,0.1865792126511159,0.3486434433976935,2.354503271026229,0.356480438083303,0.5950855188839043,0.1067239340983222
qwen-3.5-plus,2,b33b46,mobile,40,0.1161541354081272,0.2447866252466672,3.683925156909707,0.2306752468066429,0.5948165083628648,0.1052811604334372
qwen-3.5-plus,1,b33b46,mobile,36,0.1005779271758076,0.2332456701005902,3.762326151882231,0.1911459853409777,0.5654852349982494,0.0571714895717846
qwen-3.5-plus,3,b33b46,mobile,40,0.154218259251232,0.2507663778086842,3.632000542998561,0.5323376651238487,0.620071534308144,0.1767425900516263
qwen-3.5-plus,1,b37071,desktop,45,0.1269552457241128,0.3195654943767585,1.7796465649523832,0.3435856275803132,0.6231169181293357,0.0642974256921179
qwen-3.5-plus,3,b37071,desktop,33,0.2611051463857498,0.3611958318800337,1.4678156917702838,0.5886980019721147,0.7313978820436526,0.2535044875434727
qwen-3.5-plus,2,b36130,mobile,48,0.1885429581409467,0.3061823554572034,3.864132391692062,0.3991218949349045,0.590712648477565,0.1729910516416741
qwen-3.5-plus,3,b36130,mobile,48,0.2507857472050341,0.2750370055602853,4.672605032782333,0.497861438353978,0.515122506837836,0.2067700668479796
qwen-3.5-plus,2,b37071,desktop,49,0.0841620734588029,0.2835557087690569,1.897376095231265,0.237949757963967,0.6272691366857999,0.1189792404419582
qwen-3.5-plus,1,b36130,mobile,49,0.2022543647827771,0.356209680793427,2.240761725299056,0.4171864895276094,0.6285724475310603,0.1706059511152352
qwen-3.5-plus,1,b3acff,web,40,0.2635583017333717,0.2789464436103909,1.6518679760825707,0.757438805691843,0.7289855344063333,0.1984082756439427
qwen-3.5-plus,2,b3acff,web,46,0.1547728286551027,0.2201915391716352,2.2388500832507248,0.4532057379535337,0.6386618919764251,0.152213672070489
qwen-3.5-plus,3,b3acff,web,55,0.0395489838477907,0.1842833793727954,2.5102817563368145,0.1376925112861795,0.5889606313102856,0.072752966935149
qwen-3.5-plus,1,b3b208,poster,50,0.2857272679454944,0.3254318321644409,1.4579610504788751,0.90936414318725,0.78597776512122,0.1102030154181922
qwen-3.5-plus,2,b3b208,poster,49,0.220223715900089,0.369839788012814,1.6755970675348346,0.7026316676687118,0.681578413605837,-0.2252805122325259
qwen-3.5-plus,3,b3b208,poster,42,0.1689772534133258,0.3209644389463898,1.6668010578901655,0.5592208550988979,0.6622148602815676,0.005952576227688
qwen-3.5-plus,2,b3bf42,web,43,0.1305297005484017,0.3358575230000553,1.8519801882700393,0.252281401572857,0.6047461937819083,0.1491847722397848
qwen-3.5-plus,1,b3bf42,web,45,0.0893660234847843,0.3398532878864527,1.794106984815105,0.1282957078734459,0.5760452791965771,0.0701972965249447
qwen-3.5-plus,3,b3bf42,web,39,0.101553253157548,0.3297897881205874,1.751092777069824,0.1927351246599799,0.6109247561958508,0.100521427260186
qwen-3.5-plus,1,b3b08a,mobile,40,0.4290807486144451,0.4249682313569359,1.353229521370768,1.052842168970396,0.7526665867869939,0.373455473765349
qwen-3.5-plus,2,b3b08a,mobile,40,0.5975557754998541,0.4746151841891389,2.0060512668271597,1.6158178405513408,0.7439709331897777,0.5654178464641292
qwen-3.5-plus,3,b3b08a,mobile,34,0.2314268461640266,0.2965172821191516,2.524951563211907,0.7131157822784214,0.6436567865652669,0.2057977071456207
qwen-3.5-plus,2,b3c403,mobile,32,0.2811561213762662,0.3021089611069312,2.4302482149245224,0.8725754620926544,0.7472042900216583,0.1641991820199874
qwen-3.5-plus,3,b3c403,mobile,42,0.3634548003104731,0.3388930947584211,2.02446490786072,0.7115849566826254,0.7143205511724924,0.2576576761779329
qwen-3.5-plus,1,b3c403,mobile,47,0.2938959721959183,0.269427204799638,2.3102083622595777,0.8450075803787076,0.6689785171566707,0.2007651787987907
qwen-3.5-plus,1,b3e3d8,web,50,0.1814234108479958,0.2617678996222662,1.9322898982529997,0.6655361837785699,0.7041611866643308,0.1368603058682564
qwen-3.5-plus,2,b3e3d8,web,40,0.208012937570976,0.2707384064046531,2.0386733824435335,0.735137555564357,0.704031063301132,0.1889801269915034
qwen-3.5-plus,1,b3ddb5,mobile,47,0.5012138249552862,0.5115135940290789,1.1594908205302514,1.3854802207713834,0.8388357952641476,0.4459030393120109
qwen-3.5-plus,3,b3e3d8,web,40,0.1982583810892675,0.2588468800972535,1.980127241075909,0.6813686989652695,0.7262474528260103,0.1646896491003863
qwen-3.5-plus,2,b3ddb5,mobile,38,0.2764727204390387,0.3598341479993306,2.007087648116722,0.658954356292892,0.6935200467879281,0.1676533785942613
qwen-3.5-plus,3,b3ddb5,mobile,40,0.4769753292242576,0.4612564335601762,1.3322833868889998,1.3203475689366766,0.7931479014959195,0.4469351785718196
qwen-3.5-plus,1,b45744,desktop,40,0.459677949401009,0.474545181919471,0.94492404333116,0.9248087990048776,0.7547310510518485,0.39916840189714
qwen-3.5-plus,2,b45744,desktop,44,0.2698075436384106,0.3772678414245487,1.1719756032735962,0.536643051190675,0.6740271209577764,0.2066331225134903
qwen-3.5-plus,3,b45744,desktop,45,0.3471852667328683,0.3978194603682667,1.2100456294112238,0.7583561252892569,0.7141231863616823,0.3021093661369975
qwen-3.5-plus,1,b434fb,poster,47,0.590199510755533,0.4761015141575097,1.2941393057086086,1.6307222211766477,0.8328276599810512,0.5748021315740182
qwen-3.5-plus,1,b46333,poster,50,0.0755998573378651,0.2658796111368293,1.825766435384131,0.2562911188384753,0.6027371739371337,-0.0493181840064741
qwen-3.5-plus,2,b46333,poster,36,0.1083104628031579,0.2814338394771827,1.8017251908711984,0.2931792763994112,0.6374916318915455,0.0556655069408866
qwen-3.5-plus,3,b46333,poster,40,0.1077979352136542,0.2743411306036183,1.78181431274884,0.2932296446298498,0.623467124947571,0.016084582619263
qwen-3.5-plus,3,b434fb,poster,50,0.4613057347929115,0.4105113071160929,1.5445633949722084,1.3105255492503216,0.8045562983840039,0.4629212802040588
qwen-3.5-plus,2,b434fb,poster,51,0.4109759839516367,0.4132721060713676,3.171313834002869,1.007450473131188,0.7342493875559457,0.398882331101653
qwen-3.5-plus,1,b44e33,mobile,43,0.1078184327257996,0.4001871994419463,2.0097435412258164,0.2350218394060721,0.6200382098608748,0.0218062390624963
qwen-3.5-plus,2,b44e33,mobile,41,0.0673949795099643,0.2908348536492158,3.410147639123617,0.2333334236684795,0.5480662508784289,0.0119498913930291
qwen-3.5-plus,1,b47f5a,desktop,49,0.2744870362162239,0.3956963772061082,1.3868429713737631,0.5266856489655849,0.6161880570492496,0.1660732126838088
qwen-3.5-plus,3,b44e33,mobile,48,0.0690367118319659,0.3603131978917034,2.4488379978985053,0.2865314710399312,0.5529362501935304,0.0256437434360061
qwen-3.5-plus,1,b49400,desktop,39,0.5484539391683598,0.4809898949367647,1.354016305730834,1.4703359645944845,0.8355629166504802,0.3967159468397623
qwen-3.5-plus,2,b49400,desktop,64,0.4245792223102261,0.4094959817962368,1.778798483410425,1.1996915281125706,0.7875787373540544,0.323653389828418
qwen-3.5-plus,3,b49400,desktop,100,0.4159374165551023,0.3315294918403563,1.298019835600618,1.1280825727934052,0.8306200701747337,0.1925892418431156
qwen-3.5-plus,2,b47f5a,desktop,48,0.1130936865960876,0.3491817197862527,1.7027774080009728,0.1987264613822907,0.6002025351561181,0.0567488717035148
qwen-3.5-plus,3,b47f5a,desktop,47,0.3133741639948754,0.4156016826648985,1.3270115033210466,0.553597725697245,0.6624389926578145,0.2480978148039776
qwen-3.5-plus,1,b4a191,poster,40,0.2378486486845907,0.436413320042812,1.153014738565385,0.4602929749387345,0.6657309169342598,0.2193205867812704
qwen-3.5-plus,1,b4f37d,desktop,35,0.5064483672554632,0.4954689453967801,0.894229167893846,0.9819415704733052,0.787359555847874,0.3755529353691738
qwen-3.5-plus,2,b4a191,poster,40,0.3030317295476599,0.4671141050561606,1.0932148551475245,0.5832025433329187,0.6717212833382783,0.2628066994193026
qwen-3.5-plus,1,b4a27a,web,48,0.4062298210652688,0.3692626958803021,1.1853265564937936,1.0343764803492916,0.7926341282847903,0.3248507002117569
qwen-3.5-plus,3,b4a191,poster,39,0.3129156037229588,0.4708425627112172,1.21969026610484,0.5882804906633926,0.712636664024072,0.2784258741095844
qwen-3.5-plus,2,b4a27a,web,50,0.3875049577940518,0.3713433807989226,1.2209831604105883,1.050676720376553,0.7986924307206191,0.3226333017584671
qwen-3.5-plus,2,b4f37d,desktop,49,0.1141437901786226,0.2916441246909685,2.1989972086368432,0.1885104449476362,0.6439710364078431,0.0238364916875884
qwen-3.5-plus,3,b4a27a,web,52,0.397136642439324,0.3577501408536603,1.280848234533301,1.062585517376539,0.765681487127106,0.2945505898932765
qwen-3.5-plus,3,b4f37d,desktop,49,0.1122213646563843,0.2865106652076705,2.160621884400166,0.1851087672021955,0.6463444826350735,0.0242526723789895
qwen-3.5-plus,1,b516e1,poster,40,0.4948868528284124,0.4311863278637861,1.232231139625601,0.972067628260456,0.700825879864383,0.4942215274524438
qwen-3.5-plus,2,b516e1,poster,49,0.3558531228918005,0.3926878763210982,1.4501054740303552,0.6593655571756206,0.6767581074757771,0.356359902904966
qwen-3.5-plus,3,b516e1,poster,50,0.5641560941965541,0.4745330906760036,0.9552606291900504,1.1614913714133006,0.7365292079882906,0.5704497461275936
qwen-3.5-plus,1,b5613a,web,47,-0.0962225212667537,0.1826477935342804,2.7814072623136217,-0.2013369895561571,0.4668977024478783,-0.0771169376499748
qwen-3.5-plus,2,b5613a,web,50,-0.0818217815414582,0.2210988152364607,2.6958039828593097,-0.139438896585917,0.4742529627996527,-0.1046733735610191
qwen-3.5-plus,3,b5613a,web,50,0.0465416768648734,0.2101061421920831,2.3910726202111396,0.1509270222162261,0.5850775885491459,0.0752988411958218
qwen-3.5-plus,1,b57c53,desktop,49,0.7231717157031379,0.6194360079189515,1.0127268253200932,2.2978419283256484,0.843690734543326,0.6908099266089179
qwen-3.5-plus,1,b5d3ae,desktop,51,0.1969428383142463,0.2500170287017277,4.681623497657287,0.491658994381213,0.6107140730919404,0.16707889389796
qwen-3.5-plus,2,b57c53,desktop,48,0.6826723024056472,0.5685250172374304,1.162442915941898,2.189337567248782,0.8222039260380776,0.6376366121937208
qwen-3.5-plus,3,b57c53,desktop,46,0.6235761361967774,0.5392132266815033,1.299852129687006,1.9778858497134089,0.8137274950759266,0.5798028624246944
qwen-3.5-plus,2,b5d3ae,desktop,52,0.554949939688717,0.4614687080144925,1.358955210608339,1.5688513953003578,0.810584456982947,0.4984142970891763
qwen-3.5-plus,3,b5d3ae,desktop,49,0.3549481053530068,0.3430483794202265,2.4766065944164795,0.9739038475233196,0.739774283749863,0.3216721728883122
qwen-3.5-plus,1,b5dab9,desktop,48,0.3586429833968305,0.4478274835467807,1.116039969737195,0.9513758304317984,0.7452848824544656,0.3303691431059232
qwen-3.5-plus,3,b5dab9,desktop,50,0.361984605540163,0.4509232696497627,1.3664280275300122,1.0116619721299869,0.7687372989657203,0.3407356316841778
qwen-3.5-plus,2,b5dab9,desktop,50,0.3456332242746203,0.4348756140981264,1.4503503349538376,1.035945905065263,0.7740944335491442,0.3232528279502239
qwen-3.5-plus,1,b5edbf,poster,40,0.0639458470022198,0.2373893111942953,2.8689538851241423,0.2418649921425414,0.5811176997736179,-0.0434153747951005
qwen-3.5-plus,3,b5edbf,poster,25,0.1224729227846949,0.2597388350440051,2.945071201806462,0.3865778956499469,0.6415643933962288,-0.0078362972761945
qwen-3.5-plus,1,b602c0,poster,45,0.6750955467577325,0.58873203121626,0.5879063944925023,1.2279587166218615,0.793663339492713,0.6520136673338701
qwen-3.5-plus,2,b5edbf,poster,39,-0.1465135056042476,0.1589026554321543,3.2857904207054194,-0.2702158210383791,0.459739944859299,-0.172436275080928
qwen-3.5-plus,2,b602c0,poster,48,0.6459716759380225,0.5030111013962715,0.7350439640824458,1.2048524960270348,0.7930564087428162,0.6369721976343753
qwen-3.5-plus,3,b602c0,poster,40,0.61190536066004,0.5409688309487514,0.7769079695085487,1.0936965925033144,0.7633870965591468,0.5826262631907921
qwen-3.5-plus,1,b5d9a8,mobile,46,0.0743603400821934,0.2883767934017953,3.090389768061577,0.1139281673699034,0.5795719244429018,-0.0384395784796884
qwen-3.5-plus,3,b5d9a8,mobile,40,0.1427579194256685,0.2884543633510807,4.4899672155427055,0.2328942906473173,0.5275250262266955,-0.0246394245752421
qwen-3.5-plus,2,b5d9a8,mobile,40,0.2040424205374759,0.3337581937787472,3.363737588495665,0.458571776875844,0.6177257484118945,0.0651126705936616
qwen-3.5-plus,1,b66ff3,web,53,-0.0036650105272046,0.1940382885707998,2.651639766371143,0.0162714419030881,0.5674867433657069,0.1872522329859078
qwen-3.5-plus,3,b66ff3,web,47,0.0612140157636276,0.2254167659827434,2.705522980996725,0.1643647319993174,0.6183952637413899,0.218042957215849
qwen-3.5-plus,2,b66ff3,web,41,0.0649420031219396,0.230874769284284,2.6897227079808466,0.1944128534886237,0.595151123062968,0.2082197470492727
qwen-3.5-plus,2,b5f7cc,poster,48,0.3169428221678904,0.3562729849676624,1.9994208481510496,0.7776093527305504,0.7736519839777427,0.3254617940999951
qwen-3.5-plus,3,b5f7cc,poster,50,0.3431294023458607,0.3895172706508727,1.9489808889359437,0.9672299462373536,0.7805170227400804,0.3344829840425537
qwen-3.5-plus,1,b5f7cc,poster,52,0.3218231926298524,0.3276528585602312,1.8439648019977264,1.00832807373154,0.7679808302130863,0.3186213400938861
qwen-3.5-plus,2,b65aeb,mobile,40,0.3599897052550596,0.4179418050557902,2.047734630847653,0.738066714485523,0.6800245486652677,0.1967272343134582
qwen-3.5-plus,1,b65aeb,mobile,38,0.2330448978780014,0.3121893246853764,3.614427720149678,0.3860042467734788,0.6217457409022089,0.0880206595866634
qwen-3.5-plus,1,b67326,web,46,0.1586725756929498,0.3162246985132106,1.8667502055117489,0.3528054559999161,0.5851017408704775,0.0561212484564665
qwen-3.5-plus,3,b65aeb,mobile,40,0.3821530431305789,0.4164901212197017,2.0803058764484352,0.6851485629492102,0.6717239064939448,0.2288363378007704
qwen-3.5-plus,3,b67326,web,40,0.2137525158181391,0.3695925492818634,2.0263057832950446,0.5030671763672665,0.681426803077589,0.1122821856322797
qwen-3.5-plus,2,b67326,web,42,0.2849846345416171,0.4021523551892975,1.6306252313728675,0.6611814893157355,0.7270725458181662,0.1741183834507683
qwen-3.5-plus,2,b68951,web,45,0.0345945351064429,0.261565757747969,1.8413836273787831,0.0227908432302508,0.5410086889966014,0.0180585195480915
qwen-3.5-plus,1,b68951,web,49,0.0516310949960768,0.2909518839181031,1.622280517103972,0.0856292460421938,0.558449782622003,0.0115325577302987
qwen-3.5-plus,3,b68951,web,47,0.1023761759977475,0.2912241363725277,1.5948360966112605,0.2427023196798297,0.6177675581689908,0.0946959472242168
qwen-3.5-plus,1,b7690d,poster,44,0.1358947628594586,0.2421896897981059,2.3319711696149605,0.3432135535074129,0.6057597185174045,0.1290957172407979
qwen-3.5-plus,3,b7690d,poster,37,-0.0405930565051703,0.1785030682564857,2.9118281508492148,-0.1434554460111572,0.5218659762020135,-0.0069719230846349
qwen-3.5-plus,2,b7690d,poster,49,0.1693100372751207,0.2763445981097676,2.218750925781114,0.424917327414654,0.6118883582694277,0.1692931557530511
qwen-3.5-plus,1,b80952,mobile,37,0.3344415867876303,0.382782001724133,1.244922591273846,0.8787029550941744,0.7546406384401041,-0.0822140796800186
qwen-3.5-plus,2,b80952,mobile,25,0.1467433177602296,0.2686762524269188,2.3975771211553853,0.3463218538067649,0.6658830003756292,0.0663435594660374
qwen-3.5-plus,3,b80952,mobile,40,-0.1061084082660885,0.2039472540477426,2.562431391069325,-0.3411232205875325,0.3979433082124444,-0.2018451454652814
qwen-3.5-plus,1,b6c589,mobile,31,0.234233924008932,0.3707123499256262,2.0965006494695255,0.5985253489341752,0.6975854712640186,0.2254666642830601
qwen-3.5-plus,2,b6c589,mobile,29,0.2120939549958558,0.3340371648150209,2.940639536772646,0.6570702827496077,0.6504112497405667,0.2154529005634475
qwen-3.5-plus,3,b6c589,mobile,41,0.0599831237269829,0.3233537473400677,4.035322670552515,0.3244506868612537,0.5138041890529098,0.0734408432899465
qwen-3.5-plus,1,b7c621,poster,49,0.1133602159377561,0.3919316900050801,2.2334840690960696,0.1158672701884126,0.5813197481063722,0.0955617909431621
qwen-3.5-plus,3,b7c621,poster,48,0.3742827731876127,0.4879351069776003,1.7214967971813384,0.7895547378631332,0.7209099840667597,0.3032953051912931
qwen-3.5-plus,2,b7c621,poster,40,0.3566780209542495,0.471798502890781,1.3063447794576375,0.6492107116715542,0.729791515448008,0.302522671881338
qwen-3.5-plus,1,b80cf5,poster,48,-0.0051398404231468,0.2984746312742756,2.8344682668795844,-0.0287080670706572,0.4932847291955936,0.0886310431033962
qwen-3.5-plus,1,b81b5a,web,50,0.1044158912167344,0.2851099058135488,2.3321219349191837,0.1859834893895457,0.6774669638103846,0.0897792245281512
qwen-3.5-plus,3,b80cf5,poster,49,0.0925480252394597,0.3672574309478201,1.6962378918229502,0.0805746420324689,0.5626847359174626,-0.0142391545087789
qwen-3.5-plus,2,b80cf5,poster,51,0.2749700340987129,0.4284845716526766,1.6884228163264547,0.4210319882383506,0.6158787189716503,0.2560342371189
qwen-3.5-plus,2,b81b5a,web,47,0.1025378091279964,0.2819841861572731,2.356685966321561,0.1779890814964867,0.6611028049420506,0.0898712637430623
qwen-3.5-plus,3,b81b5a,web,50,0.1431967409975534,0.296335136221722,2.280340767336237,0.2743514437899259,0.6629064414387964,0.1184040753977368
qwen-3.5-plus,1,b86b7d,desktop,53,0.1534168766369508,0.1621029471200614,3.0171301745803083,0.5655235625062206,0.5814412756314841,0.1241001116098789
qwen-3.5-plus,2,b86b7d,desktop,55,0.4516112302424454,0.2760535973110113,1.8850277044531265,1.4080603160543992,0.7222599715580079,0.4082687383255847
qwen-3.5-plus,3,b86b7d,desktop,50,0.4004124881132451,0.3051632356991892,1.66813604390157,1.2979542397672628,0.8205124087289997,0.3054868843297397
qwen-3.5-plus,1,b87aea,web,49,0.3996219298978305,0.4383854974899401,1.1688183840748754,1.0310862065455713,0.7846412940832397,0.2401521325505265
qwen-3.5-plus,2,b87aea,web,40,0.3627728592395808,0.4311129415622128,1.359786175959267,0.9339534182900292,0.7757515547490773,0.2641567846686807
qwen-3.5-plus,3,b87aea,web,30,0.3530331224043928,0.4178185488498508,1.198588466770398,0.8804374042650116,0.7918964453011432,0.2055443664933654
qwen-3.5-plus,1,b83a7a,mobile,44,0.4170120646533426,0.4081981694951638,1.880009987064406,1.1952272814636504,0.7967641487229342,0.4849555109473904
qwen-3.5-plus,3,b83a7a,mobile,30,0.3648149017729351,0.3810872778759131,2.04665127809786,0.7887449885488556,0.7649133780578999,0.4028848677778452
qwen-3.5-plus,2,b83a7a,mobile,50,0.4305821966921657,0.4235889713243091,1.7518644171875517,0.8657561352857603,0.7470403827853928,0.3295922851242572
qwen-3.5-plus,1,b889dd,desktop,46,0.1002874896942704,0.2979802783634437,2.5559104371341803,0.0871164101778723,0.4915140871595999,0.1192953829629594
qwen-3.5-plus,3,b889dd,desktop,40,0.2596908562872816,0.3200379616304199,2.258345918974125,0.5064340565775312,0.6570909251521359,0.2802673737438376
qwen-3.5-plus,2,b889dd,desktop,48,0.000418508499341,0.1989632646652772,4.770699511874758,-0.0932691817533418,0.4141072897962773,0.0821966546345169
qwen-3.5-plus,1,b87c56,mobile,40,0.0893895728970841,0.2789488218610248,3.0551482144907256,0.3150840469090029,0.5904135604242863,0.0322644164597613
qwen-3.5-plus,2,b87c56,mobile,37,0.0759828943513626,0.2235829560014141,3.350940246120171,0.3501178623228841,0.6134885072020896,0.0681766284270179
qwen-3.5-plus,3,b87c56,mobile,40,0.0834107132393534,0.2619348151232732,3.2575649806104985,0.275878028562655,0.6095635152032117,0.0196299735870225
qwen-3.5-plus,1,b8b56d,mobile,45,0.209403616962625,0.4659418245720068,0.9724729315145676,0.2705125081209716,0.5734395168621511,0.2228212227684845
qwen-3.5-plus,2,b8b56d,mobile,40,0.2056201966517229,0.4849179238224554,0.9974364221527992,0.2722973516047653,0.6071271585868426,0.1761899979158891
qwen-3.5-plus,3,b8b56d,mobile,50,0.3246363552196035,0.5088733670479627,0.9698423383284204,0.5612615775234674,0.6595251168122402,0.196482409440145
qwen-3.5-plus,1,b8a1c2,poster,40,0.2195517426189175,0.3492740852260783,2.0890141766222023,0.4416199167377004,0.693678768839373,0.2502818643094203
qwen-3.5-plus,2,b8a1c2,poster,47,0.3040931893005926,0.3888656553107567,1.9639193978405896,0.7487802534910634,0.7784083661036592,0.3285811164875427
qwen-3.5-plus,1,b8a4ea,mobile,39,0.1344346838413468,0.3133474480145809,4.314278700484335,0.2311895259921239,0.5333851087649824,-0.1782022743801011
qwen-3.5-plus,3,b8a1c2,poster,40,0.2707707949215436,0.3567679354832932,2.040752727496593,0.5675085454689165,0.7633914020437971,0.2988684893990302
qwen-3.5-plus,3,b8a4ea,mobile,39,0.1584770583914063,0.3655597458368397,2.8339268740389087,0.3938093686913457,0.6266292430931291,0.042960788175108
qwen-3.5-plus,2,b8a4ea,mobile,38,0.1242570799466037,0.3412379749663257,2.859799974956351,0.2413249607034684,0.5811081102095457,0.0163591211551525
qwen-3.5-plus,1,b901b1,web,46,0.5257140427995438,0.4681748877781752,1.493193976802024,1.200293761515674,0.7645850243598056,0.3771626958105806
qwen-3.5-plus,2,b901b1,web,40,0.2191464679405727,0.3562928759790065,1.3955900528956582,0.5138537017042375,0.7061444980028251,0.1428413895182831
qwen-3.5-plus,3,b901b1,web,35,0.4443330294699535,0.441882942631606,0.9653814070878896,0.990495217455003,0.7777585435081771,0.3242074320423053
qwen-3.5-plus,1,b8c70a,mobile,30,0.2036168783239937,0.3427824597032191,3.185085532528712,0.2435536351529949,0.5800264869767757,0.0605691019849933
qwen-3.5-plus,2,b8c70a,mobile,44,0.1216551863290342,0.3246065540869673,2.635214992239226,0.1843659462636672,0.5820298739207813,0.1451869215853853
qwen-3.5-plus,3,b8c70a,mobile,40,0.2509326606107615,0.3987764325551717,2.133665510780297,0.4204367479930475,0.6694630051489299,0.1638924845763631
qwen-3.5-plus,1,b908c7,web,46,0.2904191199169247,0.2836875868321534,1.5731870585021472,0.8981995594599184,0.7469136831336574,0.2815638434173342
qwen-3.5-plus,2,b908c7,web,40,0.1860077778821941,0.250181178992462,2.2141997836353484,0.5615861486879082,0.6868562968424026,0.2081499836545728
qwen-3.5-plus,3,b908c7,web,45,0.2873941539614151,0.2756989086020032,1.8155141483656627,0.8767049974990484,0.7329622592764602,0.3003156379517062
qwen-3.5-plus,1,b901be,poster,49,-0.082948216324871,0.2038339146939229,5.014998436824148,-0.2367232487406534,0.3702617836786627,-0.1382092516206408
qwen-3.5-plus,3,b901be,poster,40,-0.0058506227031503,0.2103991518362873,3.9806873447128774,-0.1273709658635237,0.4712723185143722,-0.1030446566175285
qwen-3.5-plus,2,b901be,poster,48,0.0194681818802614,0.2760957863714666,3.619079029482283,0.0623570124724237,0.5006538190956383,-0.1490501039045896
qwen-3.5-plus,1,b93b7e,web,42,0.0645877040015657,0.3802141707644885,1.923314710579911,0.157717114966344,0.5761152919560437,-0.0908740942358326
qwen-3.5-plus,1,b92f85,mobile,36,0.2384584247549405,0.2727446336322939,2.417225136676461,0.838106082895922,0.6799812745009722,0.242955208355098
qwen-3.5-plus,2,b93b7e,web,44,0.0521801048408338,0.378689177762094,1.9325926343040751,0.1191721974355331,0.5580979700262519,-0.0816723477017549
qwen-3.5-plus,3,b93b7e,web,79,0.1850188389075009,0.4635516079750654,1.0147038361020713,0.3258755941838462,0.612024598641853,-0.0234955210530195
qwen-3.5-plus,3,b92f85,mobile,37,0.4521317093564978,0.3365522191987567,2.7857267613931227,1.4645235651941335,0.6756573463810549,0.458822439750075
qwen-3.5-plus,2,b92f85,mobile,50,0.340097758001187,0.2547840648566374,3.7636933122451777,1.5169462986720663,0.6620146892004565,0.4074590958924675
qwen-3.5-plus,1,b9d4f6,poster,48,0.1693424986741084,0.3316661871428109,1.7713764980357405,0.4343786985703877,0.559928257441529,0.0507328668097958
qwen-3.5-plus,2,b9d4f6,poster,48,0.1418809496612939,0.3239789082215143,1.6809600094453288,0.3909721526116608,0.6064420725459627,0.0223536781217179
qwen-3.5-plus,1,b96ba4,desktop,50,0.1730070420918694,0.3692277734833258,1.8071704231807693,0.3717157892804174,0.6360323269974967,0.0138135844573814
qwen-3.5-plus,1,b9bf42,desktop,40,0.5153816754402881,0.4995901278172667,0.8841430918274003,1.1368276440296996,0.8197340611059714,0.4526569575679608
qwen-3.5-plus,2,b9bf42,desktop,35,0.2655435498566795,0.3736661578418873,1.921697930095701,0.5727343503557312,0.7692423800326613,0.2092319465934899
qwen-3.5-plus,3,b9d4f6,poster,49,0.1127996994982911,0.306798405092504,1.8804595782352724,0.2534745163038185,0.5521953192683382,-0.037422081608665
qwen-3.5-plus,2,b96ba4,desktop,40,0.1674883294437544,0.3889211334724713,1.4448108568801812,0.2731829801847941,0.6464477385109051,0.1085297079723738
qwen-3.5-plus,3,b9bf42,desktop,41,0.451236514085245,0.4287954302494938,1.1737326580858591,1.05923888165378,0.7556957191454917,0.406425009994233
qwen-3.5-plus,3,b96ba4,desktop,49,0.1846743545730125,0.3763759170064094,1.8006588033140754,0.3787586896630595,0.649114297716928,0.0075612010534459
qwen-3.5-plus,1,ba46a0,web,49,-0.1260007403218351,0.1634174448812122,5.801448107359642,-0.3917945858237118,0.334521751072809,-0.0854674402206696
qwen-3.5-plus,1,ba648d,desktop,40,0.1888206788663223,0.269031049553896,1.857877573284152,0.5315757308776019,0.7039740472303773,0.0970752738215401
qwen-3.5-plus,2,ba46a0,web,32,-0.0180020640215595,0.2011240580208672,3.6086022339068577,0.0267025510515423,0.4863846496577108,-0.0973176429497552
qwen-3.5-plus,3,ba648d,desktop,48,0.3722334411584019,0.3221906444136719,1.375704742925554,1.170043537025928,0.7973415299642082,0.1913348547367298
qwen-3.5-plus,2,ba648d,desktop,33,0.3173233797303366,0.3068974098028922,1.6631501578884853,0.9974585085328664,0.7387084245023141,0.1226852300683585
qwen-3.5-plus,3,ba46a0,web,50,-0.0096821578118935,0.2021850774609714,2.7926836364515637,-0.0527444326436583,0.5446995570475428,-0.1039915063956756
qwen-3.5-plus,2,ba6d0c,poster,35,0.1202525472870745,0.3966019203528047,1.949432780190472,0.2064601872688885,0.5422845440022331,0.1499781721027041
qwen-3.5-plus,1,ba6d0c,poster,36,0.1311904959964344,0.4016642434817221,1.9323804841982593,0.2330130650141344,0.5467448837301172,0.1401724369527036
qwen-3.5-plus,3,ba6d0c,poster,36,0.1090066707352939,0.3961768508543897,1.9501427930721973,0.2120073028940687,0.5439437076438347,0.1136674822153302
qwen-3.5-plus,1,ba9073,web,40,0.3561915289244219,0.4181739745123612,1.4585538800805538,0.8096928973073738,0.7267581054798261,0.2194665190400175
qwen-3.5-plus,2,ba9073,web,47,0.3386832331492202,0.3932171468026108,1.445617664592758,0.7743138189441562,0.6745555281486707,0.2291090796707403
qwen-3.5-plus,3,ba9073,web,40,0.430500842320596,0.4441841524854852,1.6422598620347553,0.9372483422458336,0.7509008838585787,0.3223562254158654
qwen-3.5-plus,1,baf38d,web,50,0.1274049995747164,0.336883976177384,1.6005331094864788,0.3510587930775242,0.6378941745824337,0.0607466370543114
qwen-3.5-plus,2,baf38d,web,49,0.1081851376467577,0.3236541580297224,1.6030208424274148,0.262760120082383,0.6481669167023366,-0.0897916837855318
qwen-3.5-plus,3,baf38d,web,39,0.2402342782551305,0.3619604150036573,1.4140178801503978,0.6120957736136743,0.679773806455889,0.1340206971437063
qwen-3.5-plus,1,bb1ef8,desktop,40,0.6533556197102736,0.4650116849532473,1.3460817604483464,2.2185695952742286,0.8320548418529444,0.5890296893835161
qwen-3.5-plus,1,bb23c6,mobile,30,0.4715482616334687,0.6255826603615404,0.5554576034261013,0.545383173056744,0.6783820255673148,0.3853297326658655
qwen-3.5-plus,2,bb23c6,mobile,40,0.5864372777623881,0.6564207517401806,0.4150657182204245,0.6862700602044832,0.713296314079503,0.5858111883879311
qwen-3.5-plus,3,bb23c6,mobile,35,0.5218081179539064,0.6467845533735874,0.4326451843704757,0.6195183409158603,0.6994611080228402,0.4828586461365037
qwen-3.5-plus,3,bb1ef8,desktop,48,0.41795742929086,0.3154701106069696,1.5484442474269493,1.4326554003768135,0.8077028264095558,0.3942034424451431
qwen-3.5-plus,2,bb1ef8,desktop,53,0.4470554358028979,0.3036485927774114,1.6353948286888844,1.4522265292241976,0.7732256292521036,0.3269152911403268
qwen-3.5-plus,1,bae388,mobile,48,0.2978834554579503,0.3989964882086959,2.0531546838263415,0.5389903066264337,0.6964857810809345,0.2400576253132088
qwen-3.5-plus,2,bae388,mobile,40,0.4773935295381196,0.5001310410417571,1.3828583534660943,0.8549026967210427,0.7764690254409072,0.3782295730059765
qwen-3.5-plus,3,bae388,mobile,45,0.3246710249344438,0.4326329356281708,1.5945962720286009,0.6229535031516849,0.6959244652012393,0.2827725099187346
qwen-3.5-plus,1,bb3926,poster,40,0.4886992934108202,0.5327722592000368,0.7187580042272096,0.8106368781998249,0.6966931915513801,0.4928750473481288
qwen-3.5-plus,2,bb3926,poster,50,0.3615119800351047,0.4930005808006622,1.1005541378831791,0.6513917608304786,0.6484220285032687,0.3784670512591221
qwen-3.5-plus,3,bb3926,poster,38,0.2767973854044598,0.4766911091293617,0.884337991132062,0.5227722944328774,0.6487222277186451,0.2753152339882677
qwen-3.5-plus,1,bb4af5,web,51,0.3845152171451076,0.3219295972711242,1.399374851471856,1.0914112590473932,0.7684521191072761,0.3222836061753892
qwen-3.5-plus,1,bbc0fc,poster,54,0.1426539213086518,0.3257440685762597,1.5792699731614095,0.3232332655494261,0.5978000117045772,-0.1696554754157244
qwen-3.5-plus,2,bb4af5,web,40,0.3862522351779675,0.3622097197054637,1.3328080001002731,1.04851198945256,0.7778598143105233,0.120819794154614
qwen-3.5-plus,2,bbc0fc,poster,46,0.1861738704852471,0.3439369526632647,1.3080391560097195,0.4308415282786474,0.6491033636998378,0.0054918954716212
qwen-3.5-plus,3,bb4af5,web,52,0.5169988938557071,0.3888334701657374,1.0953524352766115,1.397594098739779,0.8296180956794421,0.3349187633542447
qwen-3.5-plus,3,bbc0fc,poster,40,0.2474429577261008,0.3435777094202019,1.2827367735106916,0.5009090592162684,0.65748275918108,-0.0263500267431739
qwen-3.5-plus,1,bb56be,poster,40,0.4843015822388691,0.4403506148116415,1.0767322774138426,1.0762697415821925,0.7409039936282497,0.4738625693087311
qwen-3.5-plus,3,bb56be,poster,45,0.3921040860276114,0.3893096327395409,1.545594367169275,0.8914298636134014,0.7106589635290621,0.3884055720861994
qwen-3.5-plus,2,bb56be,poster,40,0.3337475717938067,0.3817470423061112,1.4836662913384182,0.7367554518333738,0.6770703143689912,0.3860304532612591
qwen-3.5-plus,1,bbc4d8,web,50,0.1828505995892937,0.3658130975297076,1.4615252242088856,0.3111411956810361,0.5989762504678394,0.1032720349697615
qwen-3.5-plus,1,bb34f1,poster,40,0.4992463260049753,0.51705019233027,1.5844889693980404,0.9678262656414768,0.7504954074366212,0.5078107170693515
qwen-3.5-plus,2,bbc4d8,web,40,0.1252057322418802,0.3433667200840957,1.700047068737391,0.1812749367161642,0.5830925866784931,0.069667614001012
qwen-3.5-plus,3,bbc4d8,web,40,-0.0091205358300074,0.2799211498954822,2.5500735740196396,-0.0543340162241384,0.5222926498888295,-0.0093210197313586
qwen-3.5-plus,2,bb34f1,poster,49,0.6007549606681575,0.5799935532385885,1.0606959122428194,0.9277119223148524,0.7601876355662601,0.5808691888284606
qwen-3.5-plus,1,bbd445,desktop,48,0.3882683088949658,0.5012931748008818,0.8787147376070592,0.705628062218172,0.7114726329139791,0.2603956150235614
qwen-3.5-plus,3,bb34f1,poster,46,0.5405692381727538,0.5368253282891595,1.3518768901795135,0.9063005896439577,0.7616428183999631,0.5473802343451938
qwen-3.5-plus,2,bbd445,desktop,40,0.2614210283127911,0.4316182680358527,1.341114614211102,0.478963867884602,0.6682139416471873,0.1091768590804931
qwen-3.5-plus,3,bbd445,desktop,40,0.2482695214231263,0.4442363398809377,1.041008323213953,0.4566132725320762,0.6843103955387655,0.1509603787970868
qwen-3.5-plus,1,bbffc1,poster,40,0.2689418593085024,0.3530170377401123,3.454161991739303,0.4355169499052182,0.6673977983334453,0.2636074753320424
qwen-3.5-plus,1,bc25a7,mobile,41,0.4222359309065757,0.4630967543226085,1.6027064145241965,0.7418896903012776,0.7686304909040631,0.2748971963694072
qwen-3.5-plus,2,bbffc1,poster,40,0.3542715542290355,0.4216623239797296,3.3339391918260826,0.7122967928950594,0.6607421827150696,0.4174016244532801
qwen-3.5-plus,3,bbffc1,poster,41,0.2988197190654342,0.408815125213529,2.6966500516370027,0.7261636308375811,0.6262954005523136,0.3305259018470598
qwen-3.5-plus,2,bc25a7,mobile,35,0.0864179929274241,0.2540444993053141,4.30448062412157,0.1323821361944331,0.5732250328324708,-0.2330494695426534
qwen-3.5-plus,3,bc25a7,mobile,46,0.1794501897347792,0.33756837104947,2.367109798654781,0.3324568903227176,0.6872916737818595,-0.0344855917075503
qwen-3.5-plus,2,bc43bb,mobile,30,-0.0548261296509477,0.1715529648303721,5.5280495364499895,-0.1364062136296242,0.3674448881347056,-0.070248240050766
qwen-3.5-plus,3,bc43bb,mobile,46,-0.1980405227116525,0.1492564024040056,5.6451148104549835,-0.3196224687441047,0.338331973435324,-0.1319767343876629
qwen-3.5-plus,1,bc43bb,mobile,36,-0.2026374101647605,0.0995969876495087,7.245650941839613,-0.3513654731808333,0.2897915595349085,-0.0723590359199457
qwen-3.5-plus,1,bccea2,web,40,0.3239305973784935,0.3769338102205744,1.596100676115443,0.9588723438020555,0.7447231220870962,0.3892458680746502
qwen-3.5-plus,3,bccea2,web,41,0.1103468953863985,0.2749757310133738,3.124867344524009,0.423296445664563,0.6757919078452943,0.1476496042804483
qwen-3.5-plus,2,bccea2,web,50,0.221189570705745,0.353967573522963,1.5878816368880324,0.6515771818221293,0.6780096981447101,0.2869137559975709
qwen-3.5-plus,1,bca872,mobile,30,0.0860037169247254,0.274257156646903,2.995936529483858,0.2508060224686009,0.607523605212029,0.067253722459964
qwen-3.5-plus,1,bcdde6,web,36,0.2376185000369283,0.3218133141575123,2.9439911126265796,0.6167266928016519,0.6308272937342456,0.154445189486668
qwen-3.5-plus,2,bcdde6,web,189,0.2253435529988693,0.3686839024836086,1.23751355917883,0.5636860313179597,0.6794644357169547,0.0716044851949722
qwen-3.5-plus,2,bca872,mobile,50,0.1907068503135327,0.329471765024069,2.9306036230159607,0.49514928952296,0.6604669913898223,0.2301214151265774
qwen-3.5-plus,3,bca872,mobile,29,0.1009673330009458,0.2955020834725406,2.598557389458269,0.1934797325532088,0.6043950741000949,0.0838874754780019
qwen-3.5-plus,3,bcdde6,web,43,0.0267402805382067,0.2749241096120177,2.1356607766136655,0.0469204934378039,0.5860628720412528,-0.0643964924220436
qwen-3.5-plus,2,bcc33b,poster,46,-0.0546347453944927,0.0992981133640745,7.506445377930053,-0.1438600329534332,0.2661293304803841,-0.0235279170976616
qwen-3.5-plus,1,bcc33b,poster,31,0.0038972044914655,0.1183508616752604,7.431441893598136,-0.00057609974,0.2779431920868739,0.0280591528430209
qwen-3.5-plus,3,bcc33b,poster,47,-0.0886713723132342,0.1104622481194297,6.629207121047109,-0.2373526848115741,0.3190512896542399,-0.1323172564522358
qwen-3.5-plus,2,bd57a3,web,46,0.0797982292169148,0.2766510010472938,1.946641614814764,0.2622981447178751,0.6010325636776694,0.0752721154179097
qwen-3.5-plus,1,bd57a3,web,47,0.2601706948020075,0.3582278120152138,2.0260529738471327,0.5123124874580411,0.6692511557820379,0.1393181851262528
qwen-3.5-plus,2,bd7a8b,poster,41,-0.0536705196205351,0.2838300550544175,2.1040350055203096,-0.1616780789845155,0.4832563303749449,-0.0543718961009309
qwen-3.5-plus,3,bd57a3,web,40,0.2061718400076282,0.342376882420785,2.2153615928952473,0.4205494889873502,0.6783912992259895,0.1191003597161531
qwen-3.5-plus,1,bd7a8b,poster,49,-0.0926450401030481,0.224012304749913,3.008713840398772,-0.2268821452217481,0.477095425439298,-0.1276199694595509
qwen-3.5-plus,3,bd7a8b,poster,30,0.1546824113978311,0.373307675253671,1.8928393808036983,0.3511599296522468,0.6126271582359634,0.0818487867945388
qwen-3.5-plus,1,bd8797,poster,40,0.0967958651054127,0.3144757664592385,1.6517321228813686,0.3349093536716898,0.6389910342122284,0.0847714828647968
qwen-3.5-plus,2,bd8797,poster,40,0.1379101229120271,0.349728466732396,1.6543786223115915,0.3688458781004425,0.6013315356248703,0.1242292877301831
qwen-3.5-plus,3,bd8797,poster,45,0.1250651578386859,0.3262808839428591,1.4602320460137812,0.3062887733059495,0.6319361196545082,0.1447155591875452
qwen-3.5-plus,1,bdf30a,desktop,47,0.4271465094348534,0.4986116814558196,0.926779537567431,0.7581385658813898,0.701639887854348,0.3901443146060399
qwen-3.5-plus,3,bdf30a,desktop,50,0.2673577380765097,0.4447513390944768,1.070505636848107,0.3996720331752062,0.6322671030952068,0.2341953343105041
qwen-3.5-plus,1,be0882,desktop,43,0.2360198594204193,0.3078200923249665,1.8676867378482769,0.6300535015190619,0.766591809859819,0.1094815465402651
qwen-3.5-plus,2,bdf30a,desktop,40,0.4520991287527504,0.509159339139882,1.0151494212612178,0.7420701697549666,0.6850650937040098,0.4132863080738604
qwen-3.5-plus,2,bdeb92,web,40,0.4425320243450826,0.3661787676248594,1.201833493437768,1.2798864658148037,0.8256866979780005,0.437750445686073
qwen-3.5-plus,2,be0882,desktop,47,0.2402387430853082,0.3167593298647885,1.6449742731808747,0.6093145860736086,0.7483377814096797,0.0865609021396019
qwen-3.5-plus,3,bdeb92,web,40,0.4102801097843644,0.3799209934710131,1.2745050258498023,1.1515892603256663,0.815561708361502,0.3829080948728048
qwen-3.5-plus,1,bdeb92,web,41,0.1379103541328387,0.2501638347434808,2.0324849025141156,0.239967830101973,0.5837654421114681,0.1065379585479202
qwen-3.5-plus,3,be0882,desktop,46,0.1869441428287115,0.2881931979727729,1.6967681814028046,0.4884321577571073,0.7320098964983212,0.0728660820525446
qwen-3.5-plus,1,bec3fa,poster,50,0.0719677422763434,0.325796836095454,1.950585724657976,0.1458185241955104,0.54520972149851,0.1588433567076421
qwen-3.5-plus,2,bec3fa,poster,50,0.2133478164913086,0.36377554699722,1.5304957476431262,0.5221658410727612,0.6881002991577317,0.2644612613505857
qwen-3.5-plus,3,bec3fa,poster,40,0.1753451905623927,0.3755372704570999,1.5133073205923573,0.4886997560861005,0.6639932404496794,0.1888148821994226
qwen-3.5-plus,1,be2ed1,web,40,0.1742936798792516,0.2841575845811634,2.061608223153527,0.3689014556806684,0.6553611166760376,0.0638420544438034
qwen-3.5-plus,2,be2ed1,web,48,0.3774057037164671,0.3553588207843677,1.688778685304135,0.9853508618642391,0.7442714150589174,0.2823814500458514
qwen-3.5-plus,3,be2ed1,web,46,0.2458003794643904,0.3127100005142362,1.7594591121397831,0.6129841388168394,0.7085485454719089,0.0343766546684301
qwen-3.5-plus,1,bef09c,desktop,47,0.3910575651391994,0.466514983016683,1.0387572436597912,0.8505444643735447,0.7530220820003577,0.3912441918935924
qwen-3.5-plus,2,bef09c,desktop,40,0.3463684050274288,0.4135487480601938,1.4326273665961335,0.6807241484191605,0.6985511083925117,0.3495030492758261
qwen-3.5-plus,3,bef09c,desktop,49,0.3983881300988061,0.4136263067990719,1.6086563645601932,0.8132576297997481,0.7019142765778629,0.4169931169939589
qwen-3.5-plus,1,bef1f3,web,45,0.5047265441369718,0.4509601947201339,0.9575327008807202,1.4654552603258673,0.8503782639943773,0.2217594500773001
qwen-3.5-plus,2,bef1f3,web,52,0.2035557512905496,0.3511292578495695,1.5326364227740024,0.6424745467483568,0.7777976696563424,0.0689217492221506
qwen-3.5-plus,3,bef1f3,web,87,0.0017368887742868,0.2214298292640226,2.0738088448601,0.099970631488667,0.55690807573653,-0.0204323728232679
qwen-3.5-plus,1,bf05c8,desktop,47,0.0471303819714372,0.2941678902949107,2.3031710104364578,0.151465740976745,0.5448600320149923,0.0391864012916625
qwen-3.5-plus,2,becb10,mobile,35,0.2183243120165506,0.3323034318821096,2.8033438662001635,0.6280207120029407,0.7059191437828785,-0.1817097883978868
qwen-3.5-plus,1,becb10,mobile,40,0.130114269626969,0.276382059330173,2.867486293281388,0.3402077415355725,0.6102730619303127,-0.0036997382999805
qwen-3.5-plus,3,becb10,mobile,39,0.2460249050449987,0.3584441624211855,2.0040350500575164,0.3617102978141556,0.6707830071235863,-0.0662145420075032
qwen-3.5-plus,3,bf05c8,desktop,50,0.1139289404896435,0.3113986867751955,2.168598537436518,0.2090663229642964,0.572043441510969,0.0398429523047524
qwen-3.5-plus,2,bf05c8,desktop,40,0.0787133714911893,0.2875226557355471,2.275219588464396,0.2009217910992163,0.5799746629661817,0.0463353374640908
qwen-3.5-plus,1,bf2da8,desktop,36,0.4383647581695499,0.4328263657572655,1.3501401043911907,0.8744427097068204,0.712687273918491,0.4066563445487124
qwen-3.5-plus,2,bf2da8,desktop,37,0.359447074653773,0.4220043614929481,1.2766599812008177,0.7062721549572509,0.7104888771511316,0.2962660387947083
qwen-3.5-plus,3,bf2da8,desktop,38,0.307667175425539,0.3993722460122162,1.461227236096719,0.6268824101018988,0.7020514544813121,0.253415174605578
qwen-3.5-plus,2,bf4440,desktop,45,0.2938120657843357,0.384465991382143,1.44782777871833,0.7093251238181681,0.7684053363950536,0.0278336983431526
qwen-3.5-plus,1,bf4440,desktop,47,0.2531238927366643,0.2978758032687427,2.1586103501165903,0.549361849313057,0.600253613100111,0.0275923861878448
qwen-3.5-plus,1,bf66e8,desktop,40,0.452134034730967,0.4532095895952009,1.2331831685867167,0.9685452431711624,0.74889691952195,0.4194464651326529
qwen-3.5-plus,3,bf4440,desktop,49,0.2335081457764387,0.3476528260776327,1.682960840583066,0.6341519718839544,0.7509428638049392,-0.0633334005795748
qwen-3.5-plus,3,bf66e8,desktop,56,0.2872868233761644,0.4026161804162344,1.2035540086646035,0.6627320190645503,0.6969140398669257,0.2213574238989134
qwen-3.5-plus,2,bf66e8,desktop,40,0.4261724318777813,0.4526213627444522,1.0376507367610617,0.9083918226560552,0.74943735043537,0.4021807445072332
qwen-3.5-plus,2,bf97aa,desktop,45,0.3401586070119716,0.4216128335235206,1.2515905937634582,0.905283223866102,0.777563609539105,0.2477833951870421
qwen-3.5-plus,1,bf97aa,desktop,41,0.2938527249406782,0.3862895754305296,1.239976285372098,0.752299510880094,0.7596886902824475,0.217211574246102
qwen-3.5-plus,3,bf97aa,desktop,40,0.3632485183279146,0.425171126140662,1.2681115714805176,1.0045653772820955,0.7873662960749466,0.300467662703697
qwen-3.5-plus,1,bfa4f2,web,40,0.3855957974829022,0.3479503155160778,1.5969253453383248,1.1536444715731045,0.7704896684520604,0.3854181323383446
qwen-3.5-plus,2,bfa4f2,web,50,0.108164395381392,0.263020675847346,2.3823930943371847,0.3478825630922441,0.6052085796240385,0.0986816854390557
qwen-3.5-plus,3,bfa4f2,web,47,0.0986616650713502,0.2595881250912648,2.18682747344994,0.2688723696961209,0.5991435714832,0.0871067927498135
qwen-3.5-plus,1,bf7fae,mobile,39,0.3629644446602719,0.4527973938820641,1.63250244500768,0.6482876407606065,0.710330571273359,0.3328075723229249
qwen-3.5-plus,1,c00ba0,desktop,40,0.330665329643552,0.3976056035954454,2.856539155418789,0.8760715492974677,0.6522203979358425,0.2850996316665443
qwen-3.5-plus,2,bf7fae,mobile,48,0.0477405560515116,0.3618686282008386,1.615371961647456,0.1602031586336068,0.5608725180983092,0.0596192130876667
qwen-3.5-plus,2,c00ba0,desktop,50,0.1327389612583533,0.3348118085511991,1.692582736114301,0.3950089388532132,0.5892213594906806,0.0437287699831846
qwen-3.5-plus,3,bf7fae,mobile,37,0.1236173954244065,0.3521824306590358,2.2242677400523547,0.2315393158613773,0.572834994513104,0.1011537336415143
qwen-3.5-plus,3,c00ba0,desktop,39,0.2221786862911689,0.3631516113228237,2.3571174024386528,0.5927373453953981,0.6211911960711693,0.2514296052623395
qwen-3.5-plus,1,c01b8e,mobile,40,0.2916155620834081,0.4845176872369104,0.8671688344236622,0.4428249662019064,0.6370973526219468,0.1638832814170213
qwen-3.5-plus,2,c01b8e,mobile,36,0.2680790539639039,0.472734651073403,0.9750567387775564,0.3645715971579284,0.6171529725633548,0.1498652677721435
qwen-3.5-plus,3,c01b8e,mobile,48,0.239798736247575,0.4738284912658316,0.9020554003625983,0.3380144342269943,0.6416807572717488,0.0784841944933748
qwen-3.5-plus,2,bfd9c4,mobile,49,0.4592345740729738,0.5002318900104747,1.4934821724600518,1.0128752156297138,0.7528792574621198,0.3942168777671417
qwen-3.5-plus,2,c01022,web,40,0.279892701073396,0.3542025951694368,2.396609443420374,0.8902890094649163,0.7325828675211571,0.2537492296992921
qwen-3.5-plus,3,bfd9c4,mobile,30,0.3708431067621927,0.4503800108711905,1.3917709026968332,0.739927581536136,0.7502170514635567,0.3309264002518513
qwen-3.5-plus,1,c01022,web,47,0.2468114523294431,0.3127259888890686,1.656655711758042,0.6941045646525037,0.7348437840598305,0.1098582869413978
qwen-3.5-plus,1,bfd9c4,mobile,32,0.482327210577639,0.4746883819065478,2.104354754869473,0.9697063246925232,0.7262673838826659,0.4258748431260605
qwen-3.5-plus,3,c01022,web,46,0.413609164366121,0.3787666038665043,1.2435098372547686,1.199788686746666,0.783702269834788,0.300926805408953
qwen-3.5-plus,1,c0233f,desktop,40,0.358980514469494,0.4404536375388588,1.087152144356887,0.6924441231686658,0.6967960848977982,0.3166396046603457
qwen-3.5-plus,2,c0233f,desktop,35,0.3395337799338304,0.4514054786864209,1.0721395486485028,0.6303410757793483,0.705607059288977,0.2532828718267569
qwen-3.5-plus,3,c0233f,desktop,44,0.3868395432320538,0.4506008354211936,1.029918010534519,0.7559833404036934,0.7036418411591723,0.3196222331749322
qwen-3.5-plus,1,c0422a,web,50,0.149885118586073,0.3023331858687656,1.6388896732749687,0.3321942323203127,0.6761413790006325,0.0863690451298346
qwen-3.5-plus,2,c0422a,web,71,0.346353427533496,0.3835191019345145,1.1760221681868357,0.7594776020951817,0.7271726934628339,0.2264712006974288
qwen-3.5-plus,3,c0422a,web,50,0.2025976152379993,0.3282227053237819,1.4658918580344262,0.4473233017646005,0.6831916541714946,0.1002321414433013
qwen-3.5-plus,1,c05976,web,41,0.0469806117961402,0.2354116948714426,2.343114758827752,0.1194800833203312,0.6157218734812727,-0.0606643361233025
qwen-3.5-plus,2,c05976,web,42,0.0124951327239395,0.2277411996291473,2.4951738766080496,0.0381656864971191,0.5923647614353379,-0.0511009145791053
qwen-3.5-plus,3,c05976,web,40,-0.0287665995442213,0.1962907806824268,3.1544384329136843,-0.1084574357599001,0.5702434896409488,-0.0093962245734218
qwen-3.5-plus,3,c02580,mobile,40,0.4534816421748353,0.4663101282266446,1.5151009743455497,1.1663596184807137,0.7776886040987774,0.4206709810103237
qwen-3.5-plus,1,c02580,mobile,30,0.3677733462858864,0.4098763326263669,2.4774973537263483,0.9137700349688392,0.7070381336548504,0.3528281010608349
qwen-3.5-plus,2,c02580,mobile,50,0.4157203784457663,0.4260485303533313,1.615955003611504,1.134803331505179,0.751621503351931,0.3835123436136242
qwen-3.5-plus,1,c05a14,web,42,-0.0666883905061116,0.2255686337901621,3.345478372510992,-0.0858143187939351,0.54829906935868,-0.0916769754847601
qwen-3.5-plus,1,c05cd5,mobile,40,0.1557490381333338,0.3784562680844667,1.4406192253935817,0.2795926411662364,0.5870534218209482,0.2918633678851713
qwen-3.5-plus,1,c053d2,mobile,50,0.3287165343258685,0.3645938801657003,2.291080186451291,0.7502703707661095,0.7399066328407358,0.3070731949115484
qwen-3.5-plus,2,c05a14,web,47,0.1317398334036577,0.3137516227358982,2.056881712848494,0.3207056155778328,0.6326717281026034,0.0281943947241064
qwen-3.5-plus,3,c05a14,web,48,2.838987160398024e-05,0.2533063227049028,2.558086926039054,0.0793267476116834,0.5828691656340368,-0.115988499999396
qwen-3.5-plus,2,c053d2,mobile,51,0.2220675972424331,0.317367614384393,2.4508875821076894,0.6040394552008476,0.732549268639437,0.2121171444637171
qwen-3.5-plus,2,c08f50,poster,55,0.1770874477156497,0.4433728454237419,1.148292784244701,0.2568765127251141,0.5792742708950547,0.0818785491943336
qwen-3.5-plus,1,c08f50,poster,41,0.3577833892293189,0.518525682699795,0.7449877206501301,0.5780615152739986,0.6697153716558859,0.2580257934331875
qwen-3.5-plus,3,c08f50,poster,40,0.3519702617396988,0.5161011683881456,0.7269389501452109,0.5423594238265854,0.662824060719345,0.1995687302257041
qwen-3.5-plus,3,c053d2,mobile,48,0.300471886211321,0.3527358430356608,2.276405050279366,0.6938323321850239,0.7630974325344752,0.2870167150670382
qwen-3.5-plus,2,c05cd5,mobile,41,0.2922245958664049,0.4245946723738645,1.252957686324841,0.5196696680242188,0.6400188944271803,0.3453832067567479
qwen-3.5-plus,3,c05cd5,mobile,40,0.3335454473375586,0.4346559204080543,1.3431917955263692,0.4958142535096209,0.6271677131132861,0.3819862883999677
qwen-3.5-plus,1,c0ad6f,poster,40,0.1084068218300211,0.3800595728665395,1.3161800673143056,0.2734994572097752,0.5355165211155113,0.0730437768229174
qwen-3.5-plus,2,c0ad6f,poster,40,0.095668825386364,0.369784972102521,1.5463787371909412,0.2652576218138642,0.5424774084167274,0.0738298731350711
qwen-3.5-plus,3,c0ad6f,poster,40,0.2123069344865005,0.3957843307560311,1.273702199449423,0.4182021905130854,0.6028150806738923,0.250944000262123
qwen-3.5-plus,3,c0e167,desktop,48,0.443434317679339,0.4184632857771898,1.213251293734276,0.957314061099844,0.7402155469793823,0.4023747632449392
qwen-3.5-plus,1,c0e167,desktop,40,0.3977693499552385,0.3827674250188724,4.755136709613363,0.918359860456486,0.5911937153635236,0.3704934919749918
qwen-3.5-plus,2,c0e167,desktop,84,0.0921553239394037,0.2927620566053663,1.8136660563861935,0.2482847941279354,0.5582985837570478,0.0889759784231701
qwen-3.5-plus,3,c10e6e,web,44,0.1212485247261626,0.2523818785559228,3.178314475210888,0.3099806483143627,0.6039735946421069,0.0314427119207033
qwen-3.5-plus,1,c10e6e,web,40,0.216302757311571,0.3163465986719635,1.7600936505642697,0.5981970698426315,0.6909357894062969,0.1269707103254891
qwen-3.5-plus,1,c143b6,poster,50,0.1396513186068514,0.2344036786598889,2.285430370990814,0.3615750880249416,0.6191681396085957,0.1398201510719047
qwen-3.5-plus,2,c10e6e,web,54,0.1132198915421928,0.2362835996885648,2.9633609337283815,0.2928412404794882,0.5897995696948853,-0.0383263811196799
qwen-3.5-plus,3,c143b6,poster,48,0.1731192783286204,0.2600868625151878,1.975499599302012,0.4646615659236674,0.6095330427470589,0.1001878062542038
qwen-3.5-plus,2,c143b6,poster,48,0.1496195181957467,0.2722263909046174,1.8277318064760983,0.4068072643022091,0.6179981206735217,0.0921328154944674
qwen-3.5-plus,2,c1ad1f,poster,40,-0.0974206066515173,0.243024080619567,3.661700929266488,-0.177043514108098,0.4095268644233605,-0.121134042135336
qwen-3.5-plus,1,c1ad1f,poster,34,-0.1274246275373339,0.2319497075816409,3.076831395657869,-0.4012204049510326,0.3611634044198167,-0.0762182854227217
qwen-3.5-plus,3,c1ad1f,poster,40,-0.0388383086082033,0.2844718777624087,2.2437602159707484,-0.0239050165859184,0.474145630600138,-0.1506228297946119
qwen-3.5-plus,1,c228a1,web,90,0.2367623001975649,0.3307093490262371,1.4478182556045391,0.7071974369112584,0.7067594281061877,0.0338060148968572
qwen-3.5-plus,1,c15cd3,web,53,0.0143963450277203,0.2615918924655276,2.8636689963476725,0.0872401161002707,0.5112594144685563,0.0211272347327721
qwen-3.5-plus,1,c25357,poster,315,0.0381580927687385,0.351633883498496,1.2992381540948836,0.0328869071751054,0.4965376566404229,-0.0207280943337235
qwen-3.5-plus,3,c228a1,web,50,0.1553861553563597,0.319561807610335,1.764515324436971,0.3758843809705687,0.6252074503585106,0.0508324678367971
qwen-3.5-plus,3,c23e50,web,50,0.1800436582751254,0.3512970917608111,1.4242457084211568,0.3938149025714639,0.6582835720863652,0.1727958026734475
qwen-3.5-plus,1,c23e50,web,49,0.1482689935256023,0.3457965191003672,1.5176294951117957,0.3395952812009717,0.6469653756357174,0.1648105677763521
qwen-3.5-plus,2,c23e50,web,58,0.105347290706318,0.3452937945503931,1.5266879986559752,0.2571616194946678,0.6417784726030986,0.080317896656526
qwen-3.5-plus,2,c25357,poster,49,0.445672708850817,0.459446818620204,0.9218726202563527,0.8470080516173398,0.7564153109971808,0.392214289634306
qwen-3.5-plus,3,c25357,poster,49,0.2146766113079655,0.3930038036072176,1.2421673165782956,0.347615630982914,0.5810706958924124,0.1322618556139512
qwen-3.5-plus,2,c228a1,web,40,0.0937968270001356,0.3168238864847966,2.0552924500892105,0.2398012967337,0.6195936296702823,-0.0434573530308042
qwen-3.5-plus,2,c15cd3,web,40,0.0350715659793008,0.2214055265950068,5.494611129092812,0.2026296637125248,0.4103358508676101,0.0152578788339166
qwen-3.5-plus,3,c15cd3,web,38,-0.0523099890817332,0.2222978804631219,4.387691048607037,-0.1979683334595175,0.4144530039016599,-0.0697092695664137
qwen-3.5-plus,1,c2a57a,desktop,30,0.1957272730456567,0.3241571297423115,2.148157335820083,0.4066370573712344,0.6177710503353054,0.1133542832614896
qwen-3.5-plus,2,c2a57a,desktop,91,0.2265538657986602,0.3478335189083736,1.523491804048519,0.4584504534813546,0.661918039466372,0.0656913815781749
qwen-3.5-plus,3,c2a57a,desktop,48,0.415776624955571,0.3985988264155935,1.4348895447968402,1.0605938267954138,0.7307129823761007,0.3421952906627526
qwen-3.5-plus,1,c2c5ec,web,40,0.3470367388826925,0.382261685868621,1.3360024313699244,0.9485564165635598,0.784128252472067,0.2858241747804287
qwen-3.5-plus,2,c2c5ec,web,40,0.3745937974735666,0.4053797184613162,1.3705799661644826,1.0898662132579275,0.7834234552535155,0.2472898647090202
qwen-3.5-plus,1,c27e4e,mobile,35,0.2472045433710983,0.3742468305757097,2.8077993671261483,0.5758815095679009,0.6396011587995027,0.326527369976503
qwen-3.5-plus,2,c29a4e,mobile,49,0.0471431224195854,0.3219469753929138,2.7071109107565743,0.1251027036521648,0.5286549632554118,0.0108907730673834
qwen-3.5-plus,2,c27e4e,mobile,35,0.1620273871476788,0.3496637965101645,2.380318372856288,0.3359597530713248,0.6191292385437492,0.1816830169976305
qwen-3.5-plus,3,c29a4e,mobile,46,0.0676316036901197,0.3118036893006287,3.149617657029278,0.1380010267284481,0.5088172435278862,0.0600505325356723
qwen-3.5-plus,1,c29a4e,mobile,29,0.0679164802351029,0.2937270705182834,3.3346985984844957,0.1393284149985584,0.5239892050771959,0.0059561335960839
qwen-3.5-plus,3,c2c5ec,web,36,0.3851829002177162,0.3950051143511888,1.3407082294582815,1.0104165236051104,0.7867807799971247,0.2429204833454991
qwen-3.5-plus,3,c27e4e,mobile,41,0.1634833714460759,0.3727917961871727,2.6523851039945407,0.3717903221026293,0.5910649162476349,0.2215666226465274
qwen-3.5-plus,1,c2db26,desktop,55,-0.0338517073691168,0.2646958383720857,3.75533201291276,0.0486209351227048,0.4732824983520117,-0.0658224718384713
qwen-3.5-plus,2,c2db26,desktop,48,0.2096458472753311,0.3627012970135697,1.7617929284542369,0.5094939835735939,0.6444105133837935,0.1578773054501248
qwen-3.5-plus,1,c33956,desktop,30,0.4507466639482076,0.5033472958608749,1.07710518582625,0.8948853781387754,0.742299389901133,0.4577848284818108
qwen-3.5-plus,3,c2db26,desktop,40,0.3092794354777686,0.4019320292364627,1.7068545994511846,0.7218741923644657,0.702885382223402,0.2692472450626519
qwen-3.5-plus,2,c33956,desktop,46,0.5739394094654036,0.5309274298811624,0.9088386322387956,1.1042143215076736,0.7532595464623724,0.5856308841442206
qwen-3.5-plus,3,c33956,desktop,47,0.5535891445127792,0.5238770985218102,0.8389625563149644,1.0963131088626945,0.753392815300626,0.5811562169837666
qwen-3.5-plus,1,c31d79,web,40,0.3840749774376881,0.3548502917498558,1.5568402573009914,1.0007962218934807,0.7713785842015504,0.3752203395472701
qwen-3.5-plus,3,c31d79,web,40,0.3357630430657374,0.3315912407847766,1.7838872276503592,0.8715942334323417,0.7664185017601607,0.3276363526378066
qwen-3.5-plus,2,c31d79,web,35,0.433707221088921,0.3777353105901323,1.5180480426392466,1.2297922713015264,0.7932755193278523,0.4226384073451331
qwen-3.5-plus,1,c35930,desktop,42,0.3729882245777759,0.4412915965149594,2.0961569788169236,0.8741282002848935,0.6965641736894068,0.4017640695793148
qwen-3.5-plus,3,c35930,desktop,41,0.542841457579076,0.5133259735853904,1.1098360486612278,1.2150915082393328,0.7763276591824582,0.5471400109476143
qwen-3.5-plus,2,c35930,desktop,47,0.3840011745184814,0.4401866309395105,1.2210289853438985,0.8808556081480375,0.743360588346565,0.4071262487527593
qwen-3.5-plus,1,c36099,web,51,0.1008125366252241,0.2985819178478568,1.691380449795291,0.260665736495466,0.6023255109727498,0.0844917638862304
qwen-3.5-plus,2,c36099,web,42,0.1506915441739185,0.2747841949085867,2.832866790080494,0.2042044234068935,0.5529073079808272,0.1992792420867218
qwen-3.5-plus,3,c36099,web,39,0.2653235646772239,0.3288849180252413,2.5440684491221743,0.5797579946918365,0.627684938424444,0.2550621435469484
qwen-3.5-plus,1,c3709c,desktop,40,0.5601392172100765,0.5183306634803455,1.234388269290071,1.2236765611574572,0.7968648816888965,0.5505575424442904
qwen-3.5-plus,2,c3709c,desktop,39,0.3569851606140145,0.3817635379855206,1.8534700245479023,0.6750562845512155,0.6568072661185466,0.3325220519721707
qwen-3.5-plus,1,c3ac4c,desktop,43,0.3704317894753938,0.3662547680044249,1.9637881730248403,0.6703856510549197,0.6640894587320456,0.3655052962734433
qwen-3.5-plus,3,c3709c,desktop,40,0.6531202707377093,0.5766872329019403,0.6541910290796451,1.3924757317398913,0.8177111912195749,0.6490510281018669
qwen-3.5-plus,3,c3ac4c,desktop,48,0.4918615322467671,0.4147137389467277,1.3523793185884618,0.9835784202985902,0.6978475580010166,0.487842539804698
qwen-3.5-plus,2,c3ac4c,desktop,48,0.6048425118180143,0.45302862145271,0.964941491673089,1.2390224709720958,0.7397758476024977,0.6028631557336114
qwen-3.5-plus,1,c3cd6a,poster,40,0.2628840452083173,0.3080187137712539,1.5808246468849965,0.7549061727925094,0.755313912411832,0.1630006519749028
qwen-3.5-plus,2,c3cd6a,poster,40,0.2144329144555983,0.2822929865038809,1.8050453529363293,0.6135629195408457,0.7138465941524351,0.0980246501036891
qwen-3.5-plus,3,c3cd6a,poster,40,0.1926994850642999,0.2681819170750638,1.9018381952171584,0.5643946876918439,0.6872204361041163,0.112900452943962
qwen-3.5-plus,2,c3c939,web,40,0.1363071132469731,0.3284856800651435,2.287535259018783,0.2744027839321453,0.5994131789029034,0.2382627654798709
qwen-3.5-plus,1,c3c939,web,40,0.1839311040964723,0.3496459948538916,3.200653685536914,0.3565520239544233,0.5520361700903917,0.2899570333708203
qwen-3.5-plus,3,c3ce89,web,41,0.4365270309785558,0.4700646639426269,0.9651606132615158,1.1784029272366383,0.8429980825059813,0.3475042798703173
qwen-3.5-plus,1,c3ce89,web,40,0.4807851743225917,0.5039214095794344,0.9811843953019932,1.3613143984913831,0.8556039342916592,0.3694995837530313
qwen-3.5-plus,2,c3ce89,web,40,0.4802527481270358,0.4869413652125501,1.2368205183926808,1.3919563395357375,0.8551137998974968,0.3923154166515228
qwen-3.5-plus,3,c3c939,web,38,-0.01133990757886,0.2746564632174257,3.3266869893909767,-0.0120648045429765,0.5079849285438763,0.1616602052256799
qwen-3.5-plus,1,c40a65,poster,50,0.162669818806552,0.3689897798182658,1.3209323992887814,0.3271733659953323,0.6072498444867195,0.203457529112351
qwen-3.5-plus,3,c40a65,poster,49,0.1864344975602752,0.3979263136190392,1.208847748989415,0.334115158535421,0.6313679448059214,0.1855074342243339
qwen-3.5-plus,2,c40a65,poster,50,0.2425671060681795,0.4138163885590316,1.3312493962848804,0.5197074592517077,0.6512298699578728,0.2357800761106794
qwen-3.5-plus,1,c40db1,poster,45,0.3812984045698123,0.376817679647762,1.315850641706002,0.902490484393236,0.7909939973192932,0.3852100631715396
qwen-3.5-plus,3,c40db1,poster,40,0.425042401216358,0.3408849912026073,1.2374239362738706,1.0450624922462828,0.7878889066045257,0.4255340186752469
qwen-3.5-plus,2,c40db1,poster,49,0.2028395863568284,0.2609317084728123,1.644080060963872,0.4664024626863858,0.6649962803003093,0.204396528708735
qwen-3.5-plus,1,c3f5f9,mobile,49,0.2470708108721015,0.3496127313606196,3.414102865873055,0.435930614321896,0.5428593566040095,0.2697412477126136
qwen-3.5-plus,2,c3f5f9,mobile,47,0.3990926967325876,0.4462036959761569,1.6712110670991722,0.7391338458942799,0.6921081744530904,0.4123078558617032
qwen-3.5-plus,1,c41f2f,poster,44,-0.0352839071174352,0.2947854133325042,1.7522690708230932,-0.0066149173241341,0.4988561985547062,0.0007112481679238
qwen-3.5-plus,3,c3f5f9,mobile,40,0.218653458376884,0.3318960401763572,3.447839861379492,0.4239787502345182,0.5834454347692232,0.2600235567688032
qwen-3.5-plus,3,c41f2f,poster,41,-0.0222399460420158,0.3069562155189509,1.7449037587075302,-0.0635994633589041,0.4566278187087056,0.0181645459804401
qwen-3.5-plus,2,c41f2f,poster,53,-0.1448832284517083,0.270577358658511,2.4790114181234797,-0.2799529048119215,0.3885176607518356,-0.0521025694029325
qwen-3.5-plus,1,c40b98,mobile,57,0.1724122932412941,0.2584115732466536,2.712990176770519,0.1628978395670783,0.6312574790244457,0.0997786592356423
qwen-3.5-plus,2,c40b98,mobile,31,0.190978702875077,0.2798309015019721,2.5453713152560327,0.7887240084168248,0.7045390379664892,0.1481253324029497
qwen-3.5-plus,1,c46c50,desktop,50,0.2644548163930985,0.3392749940305194,1.320775214976763,0.5497923833598536,0.66896863235964,-0.0137359651574118
qwen-3.5-plus,2,c46c50,desktop,43,0.4619732524384566,0.4226849108458845,0.9954428215617016,0.9335659133878216,0.7621428673638535,0.1918352110794651
qwen-3.5-plus,3,c40b98,mobile,49,0.2015692294080083,0.2689634180612178,2.4380618811213357,0.6645203292760749,0.6578166167379177,0.1098683298895659
qwen-3.5-plus,3,c46c50,desktop,49,0.3914386879715225,0.3897556989399677,1.1153651081799214,0.8552749410586948,0.7440935082609674,0.2069708461157066
qwen-3.5-plus,1,c4be71,poster,40,0.3506050551376508,0.5571819579378168,0.7788190169263716,0.4261463370446139,0.615302464868651,0.3217854272920239
qwen-3.5-plus,3,c4be71,poster,50,0.2745196209967077,0.5410287975609871,0.7180015826215844,0.3205063336931206,0.6010008590703425,0.340621750740798
qwen-3.5-plus,2,c4be71,poster,40,0.3539797636708087,0.5641966601377854,0.6532004694017695,0.4582331933135207,0.6415871027791397,0.3226000031208885
qwen-3.5-plus,3,c4b8a0,web,37,0.1700908487211461,0.331646375926717,1.7887923884545247,0.3639088323569086,0.6308987654323214,0.0212452727976164
qwen-3.5-plus,1,c4b8a0,web,34,0.167399871035137,0.2824625974669216,2.181420936479954,0.330517402895969,0.6244349474090289,0.0619089499367814
qwen-3.5-plus,1,c4b437,web,75,0.2605624426328317,0.433180026931525,1.3323127453454482,0.5295966696001854,0.6456125200253974,-0.0677865453350417
qwen-3.5-plus,2,c4b8a0,web,40,0.1516318605179386,0.2965632659036069,1.9297366540323009,0.3092903707343646,0.6390846836210916,-0.0349611201264218
qwen-3.5-plus,2,c4b437,web,50,0.0777650319120632,0.3466237310955359,1.8272767805689871,0.0834716297927892,0.5500914431137409,-0.115369038581028
qwen-3.5-plus,3,c4b437,web,75,0.2010145462843266,0.4162556060895785,1.3334610973856675,0.3724831461557522,0.6107094628082816,-0.1326025800596094
qwen-3.5-plus,1,c50a3d,desktop,36,-0.022188810168544,0.1820809054109724,2.544658225717607,-0.0385514939848751,0.5035019169087668,0.0077816063515885
qwen-3.5-plus,2,c50a3d,desktop,43,0.0404207280696971,0.2118655721014738,2.3341601146664415,0.1603943967613937,0.5297138633057044,-0.0061217054469926
qwen-3.5-plus,3,c50a3d,desktop,48,0.0239510063091818,0.2105959749728823,2.2171760358234005,0.0414187442074045,0.5131765258316906,0.0203624543965105
qwen-3.5-plus,1,c53dc2,poster,40,0.2931237421544497,0.3830352090869906,1.532636535252485,0.6251435230163274,0.6943448029882113,0.2033250026467393
qwen-3.5-plus,1,c53c23,web,69,-0.0085031266675629,0.2308780225600987,3.154579871962711,-0.002876823418567,0.54297186815082,-0.1434525183684142
qwen-3.5-plus,2,c53dc2,poster,50,0.2618969353219172,0.3813808794500151,1.529941823610789,0.5429311480719828,0.6509901489837646,0.2314372312517137
qwen-3.5-plus,2,c53c23,web,41,0.1659407464031335,0.3001019195470461,1.996233627607093,0.5419494060410902,0.6798470891020817,0.0443022561572118
qwen-3.5-plus,3,c53dc2,poster,40,0.2967519162713014,0.4026735850972491,1.4697632743869986,0.6765772812179777,0.7110082169692905,0.23521152216955
qwen-3.5-plus,3,c53c23,web,49,0.0244956433996552,0.2210103396577459,3.0359131556412366,0.1217985609718063,0.6028193154299191,-0.1697494270439425
qwen-3.5-plus,1,c58003,desktop,42,0.0444340206700234,0.2269179224436583,2.379537934893716,0.1486602646057502,0.5506950434451539,0.0727804077496315
qwen-3.5-plus,2,c58003,desktop,46,0.0869480135116089,0.2242831822765945,1.9174793392610177,0.2225470032625603,0.5810866631205607,0.1379008428676523
qwen-3.5-plus,3,c58003,desktop,48,0.1538753680234117,0.2454155581519293,1.8512977601192768,0.4361835754827717,0.6152081455641351,0.1676594878964819
qwen-3.5-plus,1,c62001,poster,40,0.3563071011741292,0.4156556194193034,1.1385800099840415,0.8025269764310302,0.7108517828433081,0.3658844891327092
qwen-3.5-plus,2,c62001,poster,40,0.3077504953590598,0.3895163037001752,1.358899781049675,0.7003103257839752,0.7462671342028921,0.3100437139989416
qwen-3.5-plus,3,c62001,poster,45,0.3880192117317735,0.4294727015085581,1.0723956914779027,0.8621550650933684,0.7294188880510113,0.3924268781229941
qwen-3.5-plus,1,c642a8,web,34,0.4311173330450479,0.4238437757640552,1.0171158544877192,0.8803086354117703,0.7275104289329759,0.3773667212513114
qwen-3.5-plus,2,c642a8,web,40,0.3698625339457561,0.4068802357652032,1.099857504563561,0.7165564884362283,0.6987735500677257,0.3356219352699493
qwen-3.5-plus,3,c642a8,web,38,0.5028938266169292,0.4727586827335115,0.8371191723931306,1.0892615651533513,0.7844423837044845,0.396147097997726
qwen-3.5-plus,1,c5ea52,poster,45,0.204626429039706,0.3103000942523061,2.3063524269524267,0.7382613807694288,0.7663507428055547,0.1923385878754676
qwen-3.5-plus,2,c5ea52,poster,38,0.2910926127432821,0.3421423900703348,1.75843381524151,0.9734379430598552,0.7636735135173698,0.2621595273172324
qwen-3.5-plus,3,c5ea52,poster,45,0.2403666906045268,0.3353569960984446,2.2265743143541843,0.8842067729114309,0.7796592302327682,0.2274720162899328
qwen-3.5-plus,3,c5fff6,poster,51,0.4240823432349586,0.3412739279250671,3.619910577661937,1.2531202562075048,0.7106978509295351,0.428668774342557
qwen-3.5-plus,2,c5fff6,poster,51,0.3651944970152879,0.3391041470554843,3.6375265231370424,1.0296044945649794,0.6722809027229287,0.3683452193401066
qwen-3.5-plus,1,c5fff6,poster,41,0.3881597407070014,0.3689203398807787,1.9938749234787223,1.1050403210049509,0.7932759494629811,0.4013685820531773
qwen-3.5-plus,2,c68139,web,40,0.4506559113481266,0.4797906659213947,0.9872812721914844,0.886602243816169,0.7342628595212507,0.4446189675587015
qwen-3.5-plus,1,c68139,web,45,0.254741251510975,0.4229436108955239,1.3557374549456809,0.6404928938099107,0.6740024498947298,0.2457737006380488
qwen-3.5-plus,1,c6a670,desktop,190,0.0293072397662963,0.3175613470446523,1.3650504383581126,0.0022506380597396,0.5457305461843646,0.0808051556223374
qwen-3.5-plus,3,c68139,web,48,0.2652333782743108,0.3885249380818164,1.881028022657496,0.5753756954249728,0.6760727534545723,0.2586995693994151
qwen-3.5-plus,2,c6a670,desktop,49,0.3856662560236533,0.4246346158026032,1.3210730040681946,0.812293397860886,0.6876976202307804,0.3246831022814904
qwen-3.5-plus,3,c6a670,desktop,50,0.3508402194404358,0.3925966199766549,1.1652434482339569,0.6195739536862714,0.6627153796763269,0.2250403410777361
qwen-3.5-plus,1,c65666,poster,49,0.3717148878405425,0.3754582854511991,1.7467389586576592,1.0096221784003732,0.7644394190007158,0.3986526326434008
qwen-3.5-plus,2,c65666,poster,39,0.6540339828509748,0.5372534594332737,1.1297399744181478,1.527940948629928,0.8364706739916756,0.6866050732050166
qwen-3.5-plus,3,c65666,poster,40,0.368560205018521,0.3989320511898142,2.088720476724306,1.0191989890830708,0.7725864182314152,0.3965581838008685
qwen-3.5-plus,2,c6a6d9,web,41,0.3419592654620097,0.4102441990776481,1.0347488507566365,0.676763287442725,0.7386755682462688,0.298516420937822
qwen-3.5-plus,1,c6a6d9,web,41,0.3454410621595603,0.4247334618587495,1.0633218074566917,0.6436768594879266,0.7260363494081649,0.2631867834212394
qwen-3.5-plus,3,c6a6d9,web,46,0.1901205275430961,0.3324914029124288,1.389361998483877,0.3218102904158612,0.6320709858426945,0.2151243167249546
qwen-3.5-plus,3,c6c2cd,web,40,0.2365898479968847,0.3036121630907248,2.489177476428591,0.6331812112841617,0.6184716923303322,0.1777179845081209
qwen-3.5-plus,1,c6c2cd,web,40,0.0909631755001707,0.2283492494362974,5.13971853102381,0.2392312208343283,0.4110557054317536,0.1553805139747659
qwen-3.5-plus,2,c6c2cd,web,40,0.2423458516239952,0.2807768780311976,4.749985524343456,0.5932699993149378,0.4923071293136867,0.1758432073378825
qwen-3.5-plus,1,c6b002,mobile,32,0.2672831526348406,0.3865898379881108,2.2514347130815504,0.6423442697291809,0.698868442665359,0.2557334763914892
qwen-3.5-plus,3,c6b002,mobile,41,0.3013535941517657,0.4223556260695334,1.7748099403689734,0.6454804072152762,0.7029182302783408,0.2488983175128719
qwen-3.5-plus,2,c6c08a,mobile,49,0.2154476867621231,0.3538998816146625,2.5849245065183153,0.4173977465199744,0.6983843934697631,0.1672241388843414
qwen-3.5-plus,2,c6b002,mobile,32,0.4121385107184663,0.4665433650035704,1.8182819265291472,1.039873110727357,0.7382159714779601,0.3999082061435565
qwen-3.5-plus,1,c6c08a,mobile,36,0.0593659670779656,0.3135628367853751,3.0358975049016137,0.0803817391654254,0.5189248782907909,0.0196953419658783
qwen-3.5-plus,3,c6c08a,mobile,50,0.2002245987208114,0.3929456514195529,2.0159575459317525,0.3339273362590984,0.60301932582137,0.1608745073959007
qwen-3.5-plus,1,c74797,desktop,40,0.0871004581464436,0.2757640294727038,2.804292971417593,0.2942203972049145,0.6328812800291851,-0.1776069575554738
qwen-3.5-plus,2,c74797,desktop,51,-0.0316671620196023,0.2537392975638195,2.1479209018190693,-0.0309647975707626,0.4811767829415805,-0.2009797008499
qwen-3.5-plus,1,c71a6f,desktop,38,0.264778260604219,0.3558259943398908,1.9902414401871475,0.4297876246245232,0.608376714118073,0.3024590957000057
qwen-3.5-plus,3,c74797,desktop,40,0.1416251276851408,0.3182687303732481,1.9760642717522403,0.4269082312450227,0.6715159693596522,-0.1139928954438962
qwen-3.5-plus,3,c71a6f,desktop,46,0.0124340167598057,0.1688567194958356,6.283383497613699,0.038356175393275,0.4306330640854516,-0.0494976864621533
qwen-3.5-plus,2,c71a6f,desktop,48,0.3112349528900343,0.3904590893040873,1.519519073235719,0.5439415184913776,0.6354240608124546,0.3618174817341626
qwen-3.5-plus,1,c6e9bb,mobile,40,0.2885383626568173,0.3968727107763914,2.008837749565235,0.8616133950416772,0.6954503230726834,0.2774558892042233
qwen-3.5-plus,1,c75e3e,mobile,39,0.1708836929556423,0.4058120702788469,1.2075128470772114,0.398818109562318,0.6343936241904731,0.0984761677677035
qwen-3.5-plus,2,c6e9bb,mobile,40,0.2566157521985036,0.392144301691015,1.998259789184792,0.6598807932964729,0.6812417816019722,0.2339971573069779
qwen-3.5-plus,2,c75e3e,mobile,35,0.1145952925276054,0.3864277451499354,1.3092199535758071,0.2282817791023505,0.5955036990981356,0.0605923408632656
qwen-3.5-plus,3,c6e9bb,mobile,46,0.3070586844532669,0.4069836271535265,1.9403674511090656,0.8897044303611106,0.6856941050466511,0.3246542726983538
qwen-3.5-plus,3,c75e3e,mobile,30,0.1141911172396797,0.386931032534921,1.5485163518299956,0.17861314579333,0.5561538006142379,0.0805734035708817
qwen-3.5-plus,2,c78cef,desktop,40,0.3264235187126433,0.2241744029296068,1.8707694140077409,1.1821366176854655,0.8039192148227907,0.2658676779938055
qwen-3.5-plus,1,c78cef,desktop,48,0.367482467531651,0.2129587299886362,1.8747681589365768,1.2325063191791024,0.7774106764926261,0.2885850195636115
qwen-3.5-plus,3,c78cef,desktop,46,0.3972408240397074,0.286820370635791,1.5860329880810125,1.4562499016202035,0.8567702054645173,0.311972589317161
qwen-3.5-plus,1,c79430,poster,49,-0.000208686881767,0.3277387923884229,1.7337683159823576,0.1478076161719994,0.5676407445146829,0.0992120291694808
qwen-3.5-plus,2,c79430,poster,41,0.0402880660662492,0.3329155383454514,1.798056675218351,0.2676502100746596,0.599447975271056,0.1802440144111638
qwen-3.5-plus,3,c79430,poster,45,0.0626127738398769,0.3262447435919998,1.5575469550015533,0.2451940481614485,0.5930248684175217,0.1959143539523744
qwen-3.5-plus,1,c75d3f,mobile,38,0.2774301537160649,0.3967212536448462,2.280538412897079,0.6218844555980116,0.7143650814343534,-0.0407281271926131
qwen-3.5-plus,2,c75d3f,mobile,39,0.3878896696071532,0.436998387898881,1.6988880832692606,0.8098957566389194,0.7532299337656053,0.0472059720553155
qwen-3.5-plus,3,c75d3f,mobile,24,0.2995227468057747,0.3494388843831838,3.2184073532473247,0.6504982813886723,0.6736560181161501,0.0638504121451112
qwen-3.5-plus,1,c7af8c,web,47,0.0859867867099899,0.2521443301385274,1.86532587207639,0.1918951122344682,0.5664202007152133,0.0002881752844133
qwen-3.5-plus,2,c7af8c,web,40,0.1687927735208059,0.3022964740392337,1.8492110439965488,0.4803067571631532,0.6739417227244784,0.1173092838581664
qwen-3.5-plus,1,c7cfb6,poster,50,0.2275818515474236,0.3824856356121744,1.355770734703332,0.6662889929603005,0.657922290007225,0.141538647273203
qwen-3.5-plus,2,c7cfb6,poster,40,-0.0366107486349798,0.2560159990737247,3.0876002794592363,-0.0731060821789639,0.4708910653284949,0.0182179986010823
qwen-3.5-plus,3,c7af8c,web,50,0.1600340230488502,0.2873138778845161,1.956243737728128,0.6487371335698703,0.6598502712001053,0.2004191413790833
qwen-3.5-plus,3,c7cfb6,poster,46,0.0349417641724353,0.3035338897563695,1.8801282900431409,0.1456406880877891,0.5652218527280662,0.1449776907995032
qwen-3.5-plus,1,c7db2d,desktop,40,0.3470698328978384,0.380647523765197,1.2985209407922371,0.7101053459510935,0.6782784827744706,0.2439794621553458
qwen-3.5-plus,3,c7db2d,desktop,40,0.4402829252606127,0.4787801209110043,1.1182666709282418,1.0289491267772306,0.7579483873374468,0.3247088796740415
qwen-3.5-plus,2,c7db2d,desktop,47,0.3508504265984912,0.4286723576983976,1.212924776484823,0.7459988950201294,0.726898535198949,0.2385805946088705
qwen-3.5-plus,1,c7e7cd,desktop,50,-0.0258457623980441,0.3091654567483696,2.2626041634539,0.0078038261290316,0.510387620467135,-0.142665697803214
qwen-3.5-plus,1,c83c32,web,49,0.1066510035270274,0.1885307633491944,2.3088536228778125,0.353584140090881,0.603364076750863,0.0080661171082144
qwen-3.5-plus,3,c83c32,web,41,0.0448280400768679,0.1789998841536729,2.661033624781862,0.1849300985318126,0.5393172886170309,-0.1125061169682664
qwen-3.5-plus,2,c807dc,desktop,40,0.3918674462999069,0.4859380499233562,1.1558631266542907,0.885331497637336,0.8096405789461378,0.3915931783391276
qwen-3.5-plus,2,c83c32,web,53,0.1693960125098218,0.2271315320041385,2.2833880552372503,0.5812003267103616,0.6714887261641587,-0.0749749259794289
qwen-3.5-plus,1,c807dc,desktop,40,0.4176831429701115,0.507223266305408,1.0314800976875946,0.9358033886863814,0.8074558233195372,0.4170629144875879
qwen-3.5-plus,3,c807dc,desktop,40,0.4305822270740304,0.4994818465375945,0.8844328328241221,0.9427936699910918,0.7877169910360319,0.4370142308017476
qwen-3.5-plus,2,c7e7cd,desktop,39,0.0695246700392678,0.3214484370750563,1.5873459081088248,0.2623869555575706,0.5823372474322573,0.1004470107570088
qwen-3.5-plus,3,c7e7cd,desktop,50,0.0974674923728077,0.3587409940280773,1.5204032401201322,0.2431494320977418,0.5906294332802167,-0.0403230543982265
qwen-3.5-plus,2,c84353,poster,40,0.3029725256759986,0.3140977688944024,4.416092386564605,0.6158660058222549,0.60285796064784,0.2303907283365184
qwen-3.5-plus,1,c84353,poster,40,0.4100139299151407,0.3804260875153497,3.636573793252899,0.9846204410576052,0.6552995915742611,0.3429254596395115
qwen-3.5-plus,3,c84353,poster,35,0.0973239822992314,0.2037521251513621,5.607236689622756,0.1483616901273564,0.5058913064763825,0.1178160298859279
qwen-3.5-plus,3,c84d32,mobile,40,0.2701929346800417,0.4013920770960674,1.6670588279505962,0.4833384931821463,0.6703607433702777,0.1640399702635544
qwen-3.5-plus,1,c86562,poster,38,0.3392851444165878,0.2878509074637079,5.054560133660398,0.769039625374085,0.4874964018042941,0.3107698191624403
qwen-3.5-plus,2,c84d32,mobile,40,0.3268831985666853,0.4247819380300655,1.8776571659376775,0.6942181692320398,0.6837150319732529,0.3144253996280521
qwen-3.5-plus,1,c84d32,mobile,49,0.1649708246478116,0.3585668858019973,2.7594601458782075,0.2704650873330091,0.5760972872265466,0.1595389580026312
qwen-3.5-plus,2,c86562,poster,40,0.4277076152162951,0.4296227186216851,2.6459403862539492,0.7011574914652042,0.7402478163286311,0.3867250609706279
qwen-3.5-plus,3,c86562,poster,40,0.4333314350840227,0.4367821569039277,2.784878896063789,0.7433215200941096,0.7139567675020143,0.4008576689709016
qwen-3.5-plus,1,c8b126,desktop,40,0.218706390200197,0.3352326883552727,1.782522095364131,0.5549881296050796,0.6519088420245556,-0.0900061585967325
qwen-3.5-plus,2,c8b126,desktop,32,0.1328960579720741,0.3102172603726047,3.145082829946893,0.3473323651606503,0.5846949187690487,-0.083848387312808
qwen-3.5-plus,3,c8b126,desktop,33,0.2010538916286146,0.3457603589212321,2.295908012602738,0.5166320622136755,0.6650467094960588,-0.1381782284982299
qwen-3.5-plus,1,c9131a,poster,35,0.0693710740385647,0.3398426427973885,1.3189482456921189,0.1673131358601583,0.541872200225664,0.0323291998471032
qwen-3.5-plus,2,c9131a,poster,40,0.2428538332770488,0.3608066922752802,1.626814834233053,0.467771674492171,0.5610736974388798,0.0954094765051262
qwen-3.5-plus,3,c9131a,poster,40,0.1013868323327641,0.3480486451725305,1.2414283533227022,0.2211531565256727,0.6210235341981472,0.1261349464392274
qwen-3.5-plus,1,c905dc,desktop,46,0.4722719838268092,0.4282911556179883,1.3838173360566997,1.3716800449806574,0.7600483321100362,0.3917985337569733
qwen-3.5-plus,2,c90ca1,desktop,41,0.4749769921396402,0.3805245174777442,1.7209616334982438,1.6464739549544332,0.8193719036889722,0.4748088046563637
qwen-3.5-plus,1,c90ca1,desktop,48,0.7426867146565206,0.4661792052284098,1.287229839962815,2.5455279336900447,0.8489990154772439,0.7283229499466062
qwen-3.5-plus,3,c905dc,desktop,49,0.4254252994255676,0.4019133875059027,1.2433509173109625,1.1454049450599229,0.7399062111230754,0.2661003756954959
qwen-3.5-plus,2,c905dc,desktop,41,0.456176330499028,0.416543181312434,1.272364422259402,1.2925318689540886,0.7427111547009222,0.3706325537163682
qwen-3.5-plus,3,c90ca1,desktop,40,0.4722745019437199,0.3731953895361842,1.7040266501450585,1.5434808267163425,0.8117602177636802,0.4653419987762414
qwen-3.5-plus,1,c92f85,desktop,40,0.158416290373497,0.2531780877287317,2.7467884822895057,0.4557117339610317,0.6358232808421449,0.1909663880785905
qwen-3.5-plus,2,c92f85,desktop,43,0.1908038243610508,0.2835125905036729,2.209158073160988,0.5244484365709308,0.6640466772876272,0.1864850985833722
qwen-3.5-plus,3,c92f85,desktop,42,0.2403499654117702,0.2998845891531617,2.021046246917998,0.6351570139594571,0.6846538408601683,0.2540207188990123
qwen-3.5-plus,1,c9898c,web,45,0.2352726143278958,0.3497365361459086,1.4528973666218572,0.6367667183023232,0.704456769956477,0.0435389606045494
qwen-3.5-plus,1,c9133b,mobile,40,0.2417920048935615,0.43024471631295,1.9359405520467563,0.1356914766188988,0.6128531380246334,0.1771287445999027
qwen-3.5-plus,2,c9898c,web,40,-0.0054223525961678,0.2131351557612511,2.7360606313606746,-0.0062969707379919,0.6277903416037764,0.040397315144054
qwen-3.5-plus,3,c9898c,web,40,0.1214347465761156,0.2905458731982714,1.8586905406881584,0.2954775880276615,0.7042747551710802,0.0599758848301665
qwen-3.5-plus,2,c9133b,mobile,30,0.0675465902093876,0.314775891191699,2.914223547016527,-0.0986307041803971,0.515092141759375,0.0601964796586877
qwen-3.5-plus,1,c9b04c,poster,44,0.284875099820977,0.3335218230361932,1.3399024312428396,0.7990436732358315,0.7423996638035644,0.3277823014354096
qwen-3.5-plus,3,c9133b,mobile,40,0.3353624301414927,0.4806013153612605,1.597947328416625,0.4719659999982357,0.6680727244631292,0.2670515148462266
qwen-3.5-plus,2,c9b04c,poster,41,0.2561070936065884,0.327241404763049,1.3918024081629523,0.6337221000608604,0.6867510343122619,0.3101761920210097
qwen-3.5-plus,2,c98506,web,51,0.1838973446883644,0.2629717401851746,2.5180275832418166,0.4706833905938534,0.6185463665317075,0.1109785986337989
qwen-3.5-plus,3,c9b04c,poster,40,0.3776928356876313,0.3458054991869085,1.2801755651162194,0.9872389613927252,0.762004625032024,0.3747489918203413
qwen-3.5-plus,3,c98506,web,40,0.1452344387922407,0.2478015184615589,2.850275536017822,0.3489041230555138,0.6296136280952573,0.0707821745805961
qwen-3.5-plus,1,c98506,web,40,0.1985284470849185,0.2801056121661783,2.3637399002580772,0.5178819929137892,0.6709504664840663,0.1292304234455385
qwen-3.5-plus,1,c9e860,desktop,41,0.2493152296801171,0.3252783939151398,2.3165675485356556,0.6116040416638411,0.6663772040816723,0.1996019649508741
qwen-3.5-plus,2,c9fe43,desktop,50,0.3031599598807537,0.3358694128848749,1.5687857491321984,0.7053998566458101,0.7085947268567657,0.382772148553294
qwen-3.5-plus,3,c9e860,desktop,46,0.3558583281115084,0.3782028770674098,1.3496403157002266,1.0398705854023824,0.7839518551083972,0.3323579067666611
qwen-3.5-plus,3,c9fe43,desktop,31,0.24330306083462,0.3234840003944358,1.682781254118588,0.5750624826380072,0.656074023289389,0.1265154324727501
qwen-3.5-plus,1,c9fe43,desktop,42,0.2345500810669832,0.3483118335674848,1.5704874403868472,0.5528149962749204,0.6553345167262999,0.1095836505921485
qwen-3.5-plus,2,c9e860,desktop,40,0.4816325712905606,0.43263898762298,1.1407007522092,1.4102262695764818,0.82716264455926,0.4402627593005851
qwen-3.5-plus,1,ca49ac,poster,50,0.1662603356877155,0.3290763971842817,2.4740158274005783,0.3914142446112799,0.6104437889803342,0.0998031802839387
qwen-3.5-plus,2,ca49ac,poster,50,0.1480652926408052,0.3338182914122937,2.529218212897562,0.3440948433606531,0.6694094406331436,0.0463149527316221
qwen-3.5-plus,3,ca49ac,poster,62,0.0737699291866882,0.3213891960129591,2.315414475447908,0.1723185213312044,0.5797605408591417,0.0580853001488348
qwen-3.5-plus,1,c9ab98,mobile,50,0.2868938828097427,0.4074445660896555,2.235257511568075,0.4003564717169011,0.6770209615475983,0.1804022750581719
qwen-3.5-plus,2,c9ab98,mobile,38,0.2972613994852376,0.4739430218042202,1.5693903447198745,0.3894154508048839,0.6851209541298693,0.1976945740874685
qwen-3.5-plus,3,c9ab98,mobile,30,0.0984200636142233,0.3353000964438476,2.8482261477573743,0.0564066236613811,0.5467250560991015,0.0202855706379632
qwen-3.5-plus,1,caa82e,web,50,0.2053383944531102,0.3167059797484403,1.777668503872759,0.5588115328311926,0.6769645026670204,0.1994645622147169
qwen-3.5-plus,3,caa82e,web,49,0.2944521961662462,0.4030346092698084,1.4374862495946672,0.7368779657001705,0.7187668177380118,0.2466632778027719
qwen-3.5-plus,2,caa82e,web,33,0.3375809442908756,0.3970588428181764,1.419538646001642,0.8475384784045815,0.7445658755075827,0.2839992008117262
qwen-3.5-plus,1,cac69c,web,40,0.1290374991320102,0.2499989019728957,2.0200568795387013,0.2590657019956376,0.5898991115329069,0.0912341850616637
qwen-3.5-plus,2,cac69c,web,40,0.0801980945682961,0.2282967974350455,2.315973291757058,0.1969258867056098,0.5967649266476484,0.0809412192037186
qwen-3.5-plus,3,cac69c,web,40,0.1272016175355789,0.2553294691150041,2.2276235520537395,0.2636967091525675,0.6194395149942138,0.0770296295946829
qwen-3.5-plus,1,cae3e9,poster,51,-0.1549896103515438,0.4002187193988001,1.1695261861770982,0.0826568417848284,0.5213342148398132,0.0899840721417257
qwen-3.5-plus,2,cae3e9,poster,48,0.3802503831746359,0.5342238401153695,0.7118980868372218,0.672239450638128,0.6982155983597069,0.044717837254173
qwen-3.5-plus,1,cad727,web,36,0.1280584694767838,0.3767140012802816,2.1388380431721243,0.3028082357563577,0.5947385641426197,0.0594511645663412
qwen-3.5-plus,3,cae3e9,poster,50,-0.1864298660110148,0.373184816055686,1.3363987619324216,-0.0161938201239525,0.4973161933812,0.0375637479133664
qwen-3.5-plus,2,cad727,web,43,0.1543683219303183,0.386078280905408,1.891088551856656,0.2964722826011942,0.5706907626959604,0.1148208734177283
qwen-3.5-plus,3,cad727,web,40,0.2586040808877661,0.4350955978284322,1.4111711209551856,0.4866714904300669,0.6511967901849126,0.1967113218473811
qwen-3.5-plus,3,ca623d,poster,42,0.0375698340035475,0.1545108457963393,4.6741986031000184,0.1505997900453584,0.532760754667765,0.1393917704206869
qwen-3.5-plus,2,ca623d,poster,50,0.026225653378468,0.2435407420206701,3.752507745428915,0.1119688738134556,0.5144590012356227,0.02762780812254
qwen-3.5-plus,1,ca623d,poster,50,-0.0287325492442295,0.2175661352429321,4.360811282818765,-0.0094202455388895,0.4783779445096523,-0.0770015323817404
qwen-3.5-plus,2,cb0c6c,poster,41,0.419135332759362,0.4348954753367524,1.514532199553893,1.1636213084124924,0.8010129386560625,0.4291183920666607
qwen-3.5-plus,3,cb0bf5,web,40,0.1717144200176198,0.3576372966029455,1.6963283231026638,0.3660717883377384,0.6527593370146524,0.0299751689241769
qwen-3.5-plus,1,cb0c6c,poster,40,0.3812089935057143,0.4310595284500034,1.4867489409258596,1.1129676351659576,0.7678751975796589,0.3915587060678269
qwen-3.5-plus,1,cb0bf5,web,40,0.2241046811153389,0.3886397494310597,1.621182345478261,0.4383722916024862,0.6503463148342945,0.129432712409117
qwen-3.5-plus,3,cb0c6c,poster,51,0.3623083031616552,0.4017829460612572,1.403252683456964,1.1046541829153926,0.7587287324493622,0.3678270829396569
qwen-3.5-plus,1,cb4227,desktop,45,0.0857582245234257,0.4810017850175304,0.8319340073834709,0.133539449117077,0.52817022183516,-0.3522525893928752
qwen-3.5-plus,2,cb0bf5,web,40,0.0702496658377675,0.3198726530153791,1.8523692964153329,0.1484987770654218,0.606391172678379,-0.0797938396488039
qwen-3.5-plus,2,cb4227,desktop,50,0.1461784019303769,0.4940376533330581,0.8053249857082909,0.1725411092086102,0.5404800121405642,0.1456776410137058
qwen-3.5-plus,3,cb4227,desktop,40,0.1598001977603878,0.4913783801530953,0.7856884371095115,0.2622068601206833,0.5730750142529222,-0.1250953127609229
qwen-3.5-plus,1,caf6d3,poster,46,0.3372370049496808,0.3519758179685796,3.1808146059442435,0.7280632458260551,0.6479852294847389,0.412649423386044
qwen-3.5-plus,2,caf6d3,poster,47,0.2038871070705129,0.3561139170145472,2.16896863265581,0.3181129685582847,0.6444436086169032,0.2433118446889558
qwen-3.5-plus,1,cb662e,web,40,0.1149597718057686,0.2550084049286682,2.5744127537194426,0.2579034271770063,0.5921273878420137,0.1160448010848685
qwen-3.5-plus,2,cb662e,web,38,0.0264422054026202,0.2274497045400787,2.57787124897686,0.0693955862567916,0.5415573390468761,0.0134987205552757
qwen-3.5-plus,3,cb662e,web,40,0.1049876304816361,0.2564486523202238,2.5552009415852797,0.2204301627425537,0.5804976353027559,0.1176493415505385
qwen-3.5-plus,3,caf6d3,poster,47,0.2884983567372139,0.4359249291760522,1.5930031250229455,0.7052788920553176,0.7193935326139451,0.182530155129122
qwen-3.5-plus,1,cb23a7,mobile,46,0.5853658989798404,0.5095970063153973,1.3274429639158931,1.806623438260155,0.859186581035253,0.5137134987934759
qwen-3.5-plus,2,cb23a7,mobile,48,0.4714637873573982,0.4376985268965824,1.1704759159112228,1.487998915128606,0.8346152282134868,0.2866619901833301
qwen-3.5-plus,3,cb23a7,mobile,46,0.4669714014778388,0.4454103271185541,1.685752717094862,1.521723232001703,0.819799332301193,0.3285632272435612
qwen-3.5-plus,1,cba28b,mobile,32,0.4139560858745928,0.41403759153148,1.8855538517015735,0.8644071465130244,0.7561898866625465,0.32611971968295
qwen-3.5-plus,2,cba28b,mobile,41,0.127482971612156,0.3353089593902143,2.096282716474918,-0.0298263518148458,0.5363930257988149,0.0291693032774109
qwen-3.5-plus,3,cba28b,mobile,45,0.3020137992262023,0.3535707033704101,2.9479047926736524,0.4909928765113682,0.68187486827641,0.2236737216226784
qwen-3.5-plus,1,cbb7ad,mobile,33,0.40928699763235,0.4158953307795333,2.0102505993905284,0.8949824036024389,0.7141370723080146,0.4499233953942565
qwen-3.5-plus,2,cbb7ad,mobile,35,0.4416943022276662,0.4355266632941156,1.944141728382999,0.9273957330641284,0.7209192140112521,0.4726132481277721
qwen-3.5-plus,3,cbb7ad,mobile,31,0.4121288379849354,0.4199443528973287,2.0155278526059965,0.8343009524650227,0.7072622195678457,0.4416339288995287
qwen-3.5-plus,1,cc25e1,web,40,0.0042442705550347,0.225625852637596,2.5555704703201143,0.0164380669372213,0.6218735600374504,-0.0178027932977533
qwen-3.5-plus,2,cbd84a,mobile,30,0.1633030504043334,0.3675430073197852,2.3452211873522817,0.1477985245666933,0.6131652267204629,0.1047289035759538
qwen-3.5-plus,1,cbd84a,mobile,40,0.0931107613793293,0.3694653886400211,2.216862210428021,0.1297314271641523,0.5811627211621024,0.0960084059921839
qwen-3.5-plus,2,cc25e1,web,50,0.1755311201677128,0.3164366762285648,1.8764667676781064,0.5050206211235221,0.646996049955691,0.1714256529009907
qwen-3.5-plus,3,cc25e1,web,49,0.153600741301901,0.2816769995463755,1.8534000436560212,0.3886209190703152,0.6307354017923517,0.1366521990701178
qwen-3.5-plus,3,cbd84a,mobile,41,0.1774732457405176,0.3888163611004037,2.308191711920677,0.2585472514307403,0.5954707109644131,0.1707317926086809
qwen-3.5-plus,1,cc5387,poster,40,0.0339223889344607,0.2686727482709877,2.3039791375609897,0.0720788381692039,0.5433663614151513,-0.1289693593365737
qwen-3.5-plus,1,cc787e,mobile,40,0.4722457652969677,0.437748209836186,1.0457581692377742,1.1807767391643391,0.8042434770149542,0.1942655776459711
qwen-3.5-plus,2,cc9bc8,desktop,47,0.578174705499519,0.5491642428612932,0.6616488665503067,1.056630158318662,0.7614340158658836,0.5349197869239483
qwen-3.5-plus,1,cc9bc8,desktop,45,0.4565153141392571,0.5206449576184246,0.7619564766642257,0.9252618560821012,0.7643282418035091,0.3952966275103643
qwen-3.5-plus,2,cc787e,mobile,40,0.4819227421877031,0.4543005592583719,1.069101069800535,1.2227138744020989,0.8181916492807983,0.214044131359244
qwen-3.5-plus,3,cc9bc8,desktop,40,0.5097214344044381,0.5627375560747356,0.7051016778463668,0.9913724581359604,0.7723015542822658,0.435616581344158
qwen-3.5-plus,3,cc787e,mobile,40,0.3698563647478627,0.3889345686720888,1.260122509244867,0.9043000093333232,0.7748533647905281,-0.07020103169233
qwen-3.5-plus,2,cc5387,poster,40,-0.0030828649166443,0.2440873250450023,3.021715121246544,0.0090322931637175,0.5013172379051193,-0.1452234249359232
qwen-3.5-plus,3,cc5387,poster,45,-0.117424420921381,0.2013975782486901,3.5613840938429697,-0.2298140761588139,0.4311363878083485,-0.0921920254089342
qwen-3.5-plus,1,cced5f,poster,40,0.199917148905249,0.4376335219395519,1.0101273784737757,0.3702345860860137,0.6053514722255737,0.1140126982136797
qwen-3.5-plus,2,cced5f,poster,44,0.1315809303670459,0.4159317319201977,1.141577096413423,0.2096234234171649,0.5542929779576317,0.0444079983227528
qwen-3.5-plus,3,cced5f,poster,49,0.3175508187204258,0.4463022888359684,0.9519534759921604,0.4997930786488594,0.6359026160423145,0.2015750111593378
qwen-3.5-plus,1,cca312,desktop,50,0.3884954529213907,0.49016276961312,1.18164609349155,0.610683818676367,0.680195972205831,0.3424303885163156
qwen-3.5-plus,2,cccd2a,desktop,48,0.2931842433930997,0.4491359535442417,1.1239015345464674,0.5643905018945629,0.6644945636047699,0.2835969089211956
qwen-3.5-plus,3,cccd2a,desktop,43,0.6046870119656089,0.571431807010572,0.7615002282746115,1.2396889827387862,0.7939235298335187,0.6097876996701364
qwen-3.5-plus,3,cca312,desktop,50,0.2751628349217745,0.4411448452268665,2.9933888461338043,0.4237928719731021,0.5591295535117282,0.1651657513042188
qwen-3.5-plus,1,cccd2a,desktop,51,0.5665911578178193,0.5677574281432933,0.7928568426261273,1.1207920851586544,0.7790850599150314,0.565930399947977
qwen-3.5-plus,1,ccf32c,desktop,48,0.2535547844591082,0.2913188610128105,2.29507479065144,0.7487155536977332,0.6281339822287169,0.2508067591399477
qwen-3.5-plus,2,cca312,desktop,38,0.4831875515956844,0.522151492637233,0.942332785643194,0.8323041447209938,0.7351978064259304,0.3995349393941176
qwen-3.5-plus,2,ccf32c,desktop,35,0.411636761637852,0.3517462673375688,1.466502892638169,1.1827169400627624,0.7504458665908607,0.366025602774619
qwen-3.5-plus,3,ccf32c,desktop,38,0.4496397895149737,0.4175796111485191,1.2438759093626974,1.2230001537001107,0.8000898442295205,0.4016149651648153
qwen-3.5-plus,1,cd1a8e,web,40,0.2970392659517989,0.3544549246475546,1.4916650634276492,0.6743453668762982,0.6415713105743104,0.278269211677143
qwen-3.5-plus,2,cd1a8e,web,40,0.5322575021427277,0.4653612135011464,0.9259130717399536,1.1277557205654467,0.7643390966530357,0.4957936091516856
qwen-3.5-plus,3,cd1a8e,web,35,0.3770474409434753,0.3664168885138227,1.7931807496922756,0.8138332398509758,0.6905114119759833,0.3536106552581445
qwen-3.5-plus,2,cd6b02,desktop,50,0.2145497573303761,0.3796481532462359,1.4503860231676535,0.5518366444547028,0.6472356159630566,0.2045728914837875
qwen-3.5-plus,3,cd6b02,desktop,50,0.3808987558064279,0.40676576700166,1.8332858377024768,0.8368215639703088,0.6821067583790569,0.3660025156018327
qwen-3.5-plus,1,cd6b02,desktop,50,0.4116259982292606,0.420500771225504,1.818203406953407,0.8829794206060004,0.6900581855839605,0.3975986173917784
qwen-3.5-plus,1,cd9e29,mobile,43,-0.0254924180517479,0.3981293984624194,1.1396233410616905,-0.0480978664573094,0.4835340317520293,-0.0502158989548229
qwen-3.5-plus,2,cd9e29,mobile,30,0.3927847341787441,0.4987323308050612,0.8440165882592569,0.7152899361275253,0.710309124112056,0.2844827598434781
qwen-3.5-plus,3,cd9e29,mobile,40,0.3733914181928545,0.5049429300364979,0.7849799317823549,0.567514188561326,0.6789561465244497,0.30489434557001
qwen-3.5-plus,1,cd2ed2,mobile,30,0.4639113803360784,0.4405986640521353,2.352636622772099,1.0320227356455731,0.7297003531232766,0.4641138331475521
qwen-3.5-plus,1,cdbd16,poster,46,0.1377712122808534,0.318422729528104,1.5823189344807571,0.2939867536186274,0.6125348781267621,0.1225802146631183
qwen-3.5-plus,2,cdbd16,poster,48,-0.0610876890904388,0.2634916877546043,2.281936362758398,-0.2471915284062696,0.4151137413583079,-0.0271813559674614
qwen-3.5-plus,3,cd2ed2,mobile,33,0.4096430239239869,0.4337007001464141,2.0451336666023656,0.8783220898229724,0.6945502025837522,0.3505757336442663
qwen-3.5-plus,2,cd2ed2,mobile,46,0.1630987922480835,0.3646197933677895,1.794460190443617,0.3586761476928865,0.6289280112911159,0.0631019814420561
qwen-3.5-plus,3,cdbd16,poster,50,0.0917364001421884,0.3210071357582175,1.5012787137594414,0.2141414460865969,0.5635560788724483,0.0725166507327787
qwen-3.5-plus,1,cd91c5,mobile,33,0.4206062398110721,0.4367589355180301,1.502718642248727,1.219263916508436,0.8359464449776649,0.2482541514625532
qwen-3.5-plus,2,cd91c5,mobile,50,0.3059290936304243,0.4027878018060549,1.473932908301074,0.9806928592594368,0.8399975842941243,0.0896324818456812
qwen-3.5-plus,3,cd91c5,mobile,40,0.3023278153730386,0.3879411985231385,2.0444584592937836,0.9562108396354216,0.8626811288941681,0.1608466078504863
qwen-3.5-plus,1,cdeba6,desktop,94,0.1781044629505875,0.4226211923735277,1.2745455868035105,0.4264419054595526,0.617035681700817,0.0910628562711252
qwen-3.5-plus,2,cdeba6,desktop,47,0.1218514591164616,0.3984525956070126,1.4663753366628651,0.3711958134085077,0.601582826264268,0.075500288112392
qwen-3.5-plus,3,cdeba6,desktop,48,0.1014356171988835,0.3815409981108552,1.4977542737566256,0.2517925242311942,0.5859156818175226,0.0076080972750251
qwen-3.5-plus,1,ce5b5c,poster,50,-0.1222774007490531,0.3327072851292816,2.466052670618413,-0.1444777926123644,0.4807960121225067,-0.2427826752256311
qwen-3.5-plus,3,ce5b5c,poster,41,0.1049794074028759,0.3946705735840676,1.706554278922756,0.1573314273118256,0.5535193898815363,0.0824774987147301
qwen-3.5-plus,2,ce5b5c,poster,40,-0.0677386516051253,0.3484234423731269,2.2408799730141045,-0.1555959450073892,0.4678925278489527,-0.0723432930547984
qwen-3.5-plus,1,cdcaf8,mobile,40,0.2849086130397734,0.3434276900805953,2.6841817431694617,0.3222303453441608,0.6156212624868366,0.2336084645890886
qwen-3.5-plus,2,cdcaf8,mobile,40,0.3905118327357775,0.4696900986789746,2.1924873629481914,0.595995262713989,0.6481091126912842,0.3262133537667554
qwen-3.5-plus,3,cdcaf8,mobile,40,0.3982431846796133,0.4509365197038844,2.3840297593131026,0.5777038380120542,0.6470080612278872,0.3290755202612335
qwen-3.5-plus,1,ce9bfe,web,49,0.3679836225292743,0.3085741108943138,1.707767103666483,1.3277132942258112,0.8073577352117632,0.1589915655571412
qwen-3.5-plus,1,ceea7c,poster,40,0.5340890046417375,0.5625003935713426,0.610746837265786,0.811896596556417,0.7449283206478966,0.5801469705867895
qwen-3.5-plus,2,ceea7c,poster,41,0.2431274590152645,0.4738270601127323,1.2564551511062227,0.4225995414196056,0.6501920851722107,0.3409290824517964
qwen-3.5-plus,2,ce9bfe,web,50,0.1757918772663087,0.2438242635814781,2.2515762964918125,0.6969423514323385,0.7469145351108223,0.0307409400501815
qwen-3.5-plus,2,ceb6b3,web,48,0.2556635378012868,0.3302627648769945,1.649137282594853,0.6683098174864166,0.6612569102296112,0.1837540775339246
qwen-3.5-plus,3,ce9bfe,web,40,0.1155462075173589,0.2122671890125739,2.756908275320852,0.427525749007094,0.7086435735600969,-0.0008881135485264
qwen-3.5-plus,1,ceb6b3,web,50,0.0303683237667944,0.2803058116801856,3.173194690315218,0.0647313088785879,0.5407646724438284,0.0192652525042202
qwen-3.5-plus,3,ceb6b3,web,35,0.1903037752197129,0.3026599705563882,2.0399439481814503,0.4952247715270271,0.6372704125951022,0.2057223214537983
qwen-3.5-plus,3,ceea7c,poster,38,0.4055456677955273,0.5134326030296862,1.0142308696115498,0.6014382381341824,0.6564755627809176,0.4755326097291656
qwen-3.5-plus,1,ce6863,poster,40,0.4797115803373854,0.4697896142532439,2.024433287075022,1.0671973953563727,0.7492382764219067,0.4856190800287979
qwen-3.5-plus,2,ce6863,poster,41,0.1977918467517949,0.320232445656804,3.531911225230045,0.560093579736408,0.6536017272821392,0.1990118041349392
qwen-3.5-plus,3,ce6863,poster,50,0.4656887602700003,0.4871521729377006,1.3823746231166874,1.17617883747585,0.7962181587500985,0.4923545468368616
qwen-3.5-plus,1,cfa724,poster,40,0.3051974194016515,0.4996045659220907,0.9971770230213892,0.401854000371396,0.6251139297608013,0.3807797412935904
qwen-3.5-plus,3,cfa724,poster,40,0.2051895193653907,0.4754244415721802,1.0287272074418226,0.2786283642166761,0.6035590900938543,0.3004365548259324
qwen-3.5-plus,2,cfa724,poster,45,0.4146884670016604,0.5371804155128252,0.8610740132930094,0.6264612880327214,0.6707934696552456,0.4065076294929413
qwen-3.5-plus,1,cfa83c,desktop,50,0.1063025802835746,0.2711011857165182,2.5524806241925972,0.1883866359987264,0.6106189798242528,-0.0819749808890601
qwen-3.5-plus,2,cfa83c,desktop,38,0.1822229355168189,0.3013483494012918,2.554223455853129,0.3878923885880859,0.6826223083471259,0.0680094149494651
qwen-3.5-plus,3,cfa83c,desktop,46,0.122139250707535,0.250573980928636,2.882841297852359,0.228389556230003,0.6164370480418547,0.0192234201578412
qwen-3.5-plus,1,cf477d,web,35,0.0116417000378726,0.2105894339281252,4.074308698178483,0.074943528395459,0.6342900649932766,-0.0780551895376648
qwen-3.5-plus,2,cf477d,web,30,0.0477403097839929,0.1789639062139331,4.119783210005099,0.1990737039368137,0.6337674343602059,0.0394857770360867
qwen-3.5-plus,3,cf477d,web,40,0.0691862384597085,0.2596086008593684,3.290331337058479,0.2701357143468761,0.666652361431718,0.031520849077534
qwen-3.5-plus,2,cf815f,mobile,58,0.3017106594490873,0.4208281640485872,2.338833399456292,0.6783166039729145,0.7121999959493984,0.2696281152677154
qwen-3.5-plus,3,cf815f,mobile,43,0.3031898665814836,0.3973018595108889,1.8954135121453488,0.871287058873442,0.6927550655551153,0.2742224345460239
qwen-3.5-plus,1,cf815f,mobile,50,0.3102631524829151,0.4185365608380281,2.1774302658454436,0.8510166750959364,0.6789038353091695,0.2693604784829475
qwen-3.5-plus,1,cfca97,web,42,0.2795958430616467,0.4326718573198357,1.229543956861345,0.576601085664271,0.6938203882034729,0.1844628442383437
qwen-3.5-plus,2,cfca97,web,41,0.2862743028107032,0.447234082825455,1.1754369260362978,0.6117343125948413,0.7033064190309352,0.2016021399907636
qwen-3.5-plus,3,cfca97,web,50,0.2244495983266773,0.3831980655102992,1.604535550835663,0.3904110795874171,0.6525735838557214,0.1831535237920289
qwen-3.5-plus,1,d01e8a,web,40,0.5043273747805199,0.3998403697325643,1.2116817902249106,1.293338901252289,0.7998589073277176,0.4408737649271465
qwen-3.5-plus,2,d01e8a,web,40,0.4648283534223925,0.3791574711645146,1.2749507367423418,1.2166719017547267,0.7841390905060398,0.3851891074864075
qwen-3.5-plus,3,d01e8a,web,40,0.3908861112157059,0.3674061885302627,1.3632360801461232,0.9529529143645056,0.7814952194815109,0.2923539512732205
qwen-3.5-plus,1,cff421,mobile,40,0.3214032118150705,0.3631343716006614,2.0593934396978124,0.8541429052305429,0.7040596003498919,0.2853385699413253
qwen-3.5-plus,3,cff421,mobile,32,0.1257947639864899,0.2619421519711427,3.2154624516108656,0.0034968234871666,0.5672490446319618,0.109663885802885
qwen-3.5-plus,1,d073b7,poster,48,0.1814472862714949,0.3995457526104801,1.7156670781015166,0.2266617342512263,0.5644330501201179,0.2316936405415086
qwen-3.5-plus,2,cff421,mobile,36,0.1821546248860736,0.3006363436630433,2.663154549185982,0.3779023974376273,0.6272196066545717,0.1219059992979804
qwen-3.5-plus,2,d073b7,poster,40,0.2802701083611756,0.4319279268666912,1.603823878722088,0.4011720046787209,0.6061683517901251,0.2659288363277288
qwen-3.5-plus,3,d073b7,poster,36,0.2902660539932584,0.4303760642057146,1.5097974212865657,0.4504095012820764,0.6202896379681768,0.2996330427133232
qwen-3.5-plus,1,d079f1,mobile,40,0.3212616280939334,0.3129381364601562,1.6435804449633629,0.7638494517926647,0.739928290782822,0.0902427114002972
qwen-3.5-plus,2,d079f1,mobile,41,0.2949948842109292,0.3041402257283138,1.7118451502704377,0.7045096307910527,0.7212300138274945,0.0401635091821995
qwen-3.5-plus,1,d07437,desktop,40,0.0315744916539926,0.2280908366474464,2.723402114103573,0.1480806455780033,0.6215951256236109,-0.0042619710531382
qwen-3.5-plus,2,d07437,desktop,40,0.3094432365010331,0.3447808229482486,2.0889394755541577,0.9648098557806604,0.7708990700997479,0.2871328852538826
qwen-3.5-plus,3,d079f1,mobile,41,0.3244204461507572,0.3502814246832094,1.333451427954794,0.8498666079743759,0.7628261360537237,0.0798732536186138
qwen-3.5-plus,3,d07437,desktop,48,0.1755900491984988,0.2976726903611684,1.9649283646801396,0.5188096748384392,0.7087155678139986,0.1118350343489081
qwen-3.5-plus,1,d07b98,web,40,0.2156280441557967,0.3473915824588484,1.589300767384238,0.5255476899443247,0.6487692157126255,0.1309423469683701
qwen-3.5-plus,2,d07b98,web,47,0.2090510140940663,0.3616010257925727,1.4384702279032069,0.5611051871131614,0.6647737755906213,0.0995213603213313
qwen-3.5-plus,3,d07b98,web,41,0.2244864862636962,0.3601616762017825,1.4171751963688664,0.5766945945021457,0.665828909928087,0.1211100681036557
qwen-3.5-plus,1,d0bb76,desktop,98,0.3508981324190169,0.4313109673097868,1.0307515818797697,0.6938663244854077,0.7031696612275246,0.2816143776015762
qwen-3.5-plus,2,d0bb76,desktop,33,0.310074657393362,0.4049625662319738,1.2945672152333254,0.6075637978005226,0.6780221112871985,0.1944245040842021
qwen-3.5-plus,3,d0bb76,desktop,44,-0.0319760587781239,0.3132068751194719,1.928149431965588,0.0582889793544475,0.5320837772690811,-0.0531206765027915
qwen-3.5-plus,1,d0c24c,poster,48,0.1993676756576511,0.4179038785802402,1.071993389778601,0.33753128488271,0.6169920882411204,0.1772798695502277
qwen-3.5-plus,2,d0c24c,poster,40,0.2052010424945767,0.4295187689018638,1.0789436672552082,0.4129719530622489,0.638689137069965,0.1787645394489535
qwen-3.5-plus,3,d0c24c,poster,40,0.4637580537077499,0.5147947284193906,0.9522542887248212,0.9407128269309754,0.7520502234435636,0.457867287982615
qwen-3.5-plus,2,d09395,poster,39,0.1862008159093771,0.2818186568130728,4.860385165029872,0.3884626923464215,0.488228376774915,0.2248671256858016
qwen-3.5-plus,3,d09395,poster,47,0.4781277122370604,0.4857189535342944,2.4170283758295295,0.9848359033556384,0.6991716748993202,0.45884837744529
qwen-3.5-plus,1,d09395,poster,40,0.5690754197698705,0.5078058970310324,1.5453868343550805,1.3996297535119828,0.7862428531444112,0.5481885111036551
qwen-3.5-plus,3,d0e249,web,41,0.243523198296768,0.3907898965553542,1.3927620016943325,0.4373533570498278,0.6560260173364643,0.1536760818729475
qwen-3.5-plus,1,d0e249,web,50,0.1389080035161713,0.3576644428501614,1.5252498887817054,0.1926549102538063,0.599056231645795,0.0317203429033796
qwen-3.5-plus,2,d0e249,web,48,0.2666568310903294,0.3902862719880575,1.3513575884650717,0.4228518999719539,0.6569644469853708,0.1536934244870705
qwen-3.5-plus,1,d165df,desktop,50,0.5223800473800193,0.4145775907764574,1.5346653145487872,1.1248646611523905,0.6902240883580213,0.5629557001167317
qwen-3.5-plus,3,d165df,desktop,40,0.5921032657942957,0.4698089431495464,1.2940872521493765,1.2949175424937165,0.7272877920670865,0.6098108131320092
qwen-3.5-plus,2,d165df,desktop,40,0.3895651939210097,0.4084127665991568,1.1320943753544452,0.8905763947878907,0.7178039474118151,0.4041722251626085
qwen-3.5-plus,1,d1da7d,mobile,35,0.0579340343877411,0.2637985210364987,2.0298916200934705,0.1475186675528636,0.5533756004558679,0.0135526104481508
qwen-3.5-plus,1,cfade5,poster,40,0.0531953088343676,0.2026678730190448,5.266444524509589,0.0762422592510626,0.4128267272419244,-0.0339001173107977
qwen-3.5-plus,2,cfade5,poster,50,0.0469732091238853,0.203602350590149,4.889601790000991,0.0388170059263535,0.4703895180800782,0.0015598749536198
qwen-3.5-plus,2,d13f3e,mobile,51,0.1179608209762809,0.3719190704829953,2.061882060228857,0.2459542628098112,0.611358907230349,0.1135472852323383
qwen-3.5-plus,2,d1da7d,mobile,38,-0.1043497000049041,0.1981095814683089,2.1803297714394,-0.2089161800820399,0.4673567475371633,-0.0270546185454185
qwen-3.5-plus,1,d13f3e,mobile,48,0.0204181228563868,0.3145947252255356,2.7569638422807374,0.0202039298714723,0.517047525210256,0.0244665269371928
qwen-3.5-plus,3,d1da7d,mobile,44,0.2692305278158676,0.3363865846937941,1.3925355558309949,0.6684388954912249,0.6744147410028877,0.1666602647106008
qwen-3.5-plus,3,d13f3e,mobile,40,0.1858212432141739,0.3554741639267259,2.65740630586271,0.2695516852999092,0.5825052623937128,0.1456517999799756
qwen-3.5-plus,3,cfade5,poster,46,-0.0335735823365571,0.1423816347799104,6.172375245341005,-0.0224645578922687,0.2651029735227829,-0.0429666599073675
qwen-3.5-plus,1,d1e7bf,desktop,31,0.2801111404287932,0.3922821412041011,1.4193736517690712,0.5829821713853026,0.6614779288638502,0.2845695773206317
qwen-3.5-plus,2,d1e7bf,desktop,50,0.3364025473435474,0.4226056183946416,1.393738993995561,0.6836229107009244,0.6493340489396049,0.3538592867256456
qwen-3.5-plus,1,d1e801,web,40,0.1607624730281529,0.3763714333381534,1.6085268085836149,0.2598963841229236,0.5694221515822789,0.0501679514612552
qwen-3.5-plus,3,d1e801,web,48,0.05350288432791,0.3258304535347235,1.848081330976549,0.0584094636408855,0.5288812587162145,0.0174758912154044
qwen-3.5-plus,3,d1e7bf,desktop,40,0.3068527138982147,0.4230206561941228,1.3541474725447478,0.6450666639031539,0.6700973053539603,0.1858665009706752
qwen-3.5-plus,2,d1e801,web,40,0.1039608799694011,0.3490043631699736,1.763199755903888,0.1621237134634126,0.5698453001888243,-0.0186666055950595
qwen-3.5-plus,1,d1f254,poster,40,0.3445541609653794,0.3520221854647772,1.4740826838635483,1.0320608011107866,0.7614844649974984,0.3858279661889205
qwen-3.5-plus,2,d1f254,poster,43,0.2956012633926604,0.3221697418180013,1.6503044154869233,0.8650053317141233,0.6992983408994256,0.3432155212495261
qwen-3.5-plus,3,d1f254,poster,40,0.3470680938850802,0.336561277053905,1.5189517851925711,1.0285872198732122,0.7299627180716625,0.3748064946415753
qwen-3.5-plus,1,d205d8,desktop,50,0.0571138807082671,0.2595887186215697,2.3031252414698877,0.1592419054477341,0.5757013901431528,-0.028472060806492
qwen-3.5-plus,3,d205d8,desktop,45,0.1650658312390079,0.294041976768942,2.3427784542686787,0.4714201207668467,0.566849435362422,0.0592418889975888
qwen-3.5-plus,2,d205d8,desktop,38,0.00826371300834,0.2289045298765427,2.569932116336176,0.0382419212355562,0.5684001671149063,-0.0280596153312944
qwen-3.5-plus,1,d20ff4,web,40,0.3428841647123268,0.3310142378072882,1.5205231794977396,1.01781554819511,0.7543759702920945,0.3304856382253291
qwen-3.5-plus,2,d1ef30,mobile,48,0.1310774543554379,0.2840611088355558,3.0924896742530623,0.2700299472140151,0.652326830620716,0.0169269774333353
qwen-3.5-plus,3,d1ef30,mobile,41,0.221430697999325,0.2715920487401407,3.0997851693024425,0.6212502859379874,0.6421481412605836,0.1450377422269189
qwen-3.5-plus,1,d1ef30,mobile,40,0.1162284955083675,0.2721059667412822,2.281392453321548,0.3572889734572652,0.6883338107907004,0.0076041535065439
qwen-3.5-plus,2,d20ff4,web,46,0.1851406753524371,0.2582284254384512,1.8212874789655569,0.5121121009228162,0.6553839338662892,0.1820387321561941
qwen-3.5-plus,1,d23a34,web,54,0.0309594855715908,0.2696007338106727,2.1834375231708933,0.178891829636381,0.6508523928406194,-0.0813850812399545
qwen-3.5-plus,3,d20ff4,web,41,0.3693025322732712,0.3439955721130648,1.5840656585121635,1.056668703707054,0.7699367700959849,0.3639362946998714
qwen-3.5-plus,2,d23a34,web,48,0.1059941068254309,0.2914779143116919,1.8154969063769009,0.3995223499774937,0.709033537241772,-0.0301674300455444
qwen-3.5-plus,3,d23a34,web,39,0.0093895485092536,0.2209404621287208,3.0653340965444777,0.1540165155287163,0.6265585803129833,-0.0886751514558657
qwen-3.5-plus,1,d24c30,web,37,0.3725749621385286,0.4538988046286504,0.9695882149234664,0.7620253355616509,0.7283025658780263,0.3240740263598023
qwen-3.5-plus,2,d24c30,web,33,0.4012798862413789,0.4700888300324962,0.9178069999393133,0.8125524394162479,0.7418858394736749,0.3329331715704094
qwen-3.5-plus,3,d24c30,web,34,0.3805932645437307,0.4594233258253747,0.945072515643148,0.7669563502592652,0.7381449380310096,0.3091708840354483
qwen-3.5-plus,1,d2d386,poster,40,0.3460863407214393,0.3949092252235905,1.2616550121838692,0.7983071500002835,0.7198687580510584,0.3570213342706632
qwen-3.5-plus,1,d2c979,poster,40,0.4056815218585842,0.4398602534255791,1.3775265289741316,0.9028717793793024,0.7218262741104793,0.2146207479461934
qwen-3.5-plus,2,d2c979,poster,40,0.311606103346892,0.3849145281132019,1.5464744648651203,0.6859474193275366,0.6560212679908357,0.2114408383937667
qwen-3.5-plus,3,d2d386,poster,46,0.2060703550921398,0.3428708260975756,1.449360522072555,0.4257423720255881,0.6474964705212117,0.2023911957434432
qwen-3.5-plus,3,d2c979,poster,47,0.1400419252560261,0.3282856118490985,2.0917684342056715,0.3677210086004103,0.5883017304927275,0.1018154766004545
qwen-3.5-plus,2,d2d386,poster,40,0.1445172146975064,0.3078598670517177,1.855027235297556,0.2719688518794534,0.5828004535349174,0.1496483689333725
qwen-3.5-plus,2,d31d43,poster,46,0.5609284326207933,0.4673135888586475,0.9720354685133914,1.3089363799057274,0.7964360846527472,0.5670101476995848
qwen-3.5-plus,1,d31d43,poster,40,0.0851926167706645,0.2717609073018912,3.5689681440569068,0.2780956721883909,0.5760094777013814,0.0879252247610122
qwen-3.5-plus,3,d31d43,poster,40,0.2932606531575247,0.3536304754358161,1.2849622362347035,0.7498259972437241,0.704550703336908,0.3103007330587216
qwen-3.5-plus,1,d28ecf,poster,39,0.1642857945908487,0.324952951107842,3.383085470026345,0.295102272553863,0.5525179125230688,0.1339520325368956
qwen-3.5-plus,2,d28ecf,poster,40,0.0590233993306115,0.2674994036802092,3.804793648701797,0.0917160977375503,0.4819142733985011,0.068439847458375
qwen-3.5-plus,3,d28ecf,poster,40,0.0774243074017706,0.2890809251901962,2.704200491353665,0.1444166571062064,0.5960857329444655,0.0771277820569104
qwen-3.5-plus,1,d320e4,desktop,64,0.1385195474401703,0.2964175244824818,2.16837072532625,0.2875069447850884,0.5952558432427176,0.1198357977223695
qwen-3.5-plus,2,d320e4,desktop,62,-0.016875122740985,0.2210292205970963,2.930745134047678,-0.1008717806299892,0.4937347676651277,-0.0222326741805161
qwen-3.5-plus,3,d320e4,desktop,83,0.0561728822516266,0.2617353203320268,2.0149156475330225,0.1290738214852047,0.5386468193084425,0.0550651404213392
qwen-3.5-plus,1,d2f771,poster,40,0.3462377468056942,0.3334740682891711,3.7926415304077494,0.6799428505549353,0.6600284129776173,0.3700059953646711
qwen-3.5-plus,1,d33aa2,web,49,0.3669696879875628,0.3948046059176898,1.3987869339132997,0.8127179177442607,0.6894093909679325,0.3651374247726495
qwen-3.5-plus,3,d2f771,poster,40,0.3804784453809275,0.4325162368644596,2.183238063025626,0.8644611236743902,0.7467540539609197,0.3994346618256992
qwen-3.5-plus,2,d2f771,poster,48,0.4391063120107451,0.5014255870740408,1.3611998705483508,1.0878498001379675,0.7693620871754601,0.4481577616165517
qwen-3.5-plus,3,d33aa2,web,39,0.1306534910698659,0.2954032913315749,3.5908415643238563,0.2926155879593956,0.5496731831736827,0.1416681820300928
qwen-3.5-plus,2,d33aa2,web,40,0.3403985827348232,0.3864579805269248,1.6718842408521166,0.8101372965784825,0.6756051223152189,0.3171955627878393
qwen-3.5-plus,1,d328b1,poster,46,0.0383659687836442,0.351314670362352,3.026426592526817,0.2532419024003237,0.5331312545710327,0.0641408235199227
qwen-3.5-plus,1,d34e08,web,40,0.1667556454203273,0.3997003068702031,1.3792970772051842,0.2557335472157962,0.6414331262200511,0.0298763231094708
qwen-3.5-plus,2,d328b1,poster,40,0.0127455361587592,0.3471120925894368,2.8791129636269988,0.1821388042931812,0.5231277557198026,0.067799034358775
qwen-3.5-plus,3,d328b1,poster,40,0.0394325498006748,0.3552833761648256,2.9418946589040873,0.2116494668963251,0.5234604991397975,0.0433955439319221
qwen-3.5-plus,2,d34e08,web,41,0.2252976489562926,0.4159918099989371,1.319021082673943,0.411049158967131,0.6650177213184247,0.0389938639909305
qwen-3.5-plus,3,d34e08,web,40,0.2423383450056375,0.424597540063806,1.3051420786576196,0.4318523174886586,0.6766472564625652,0.0247539031196801
qwen-3.5-plus,1,d3a241,desktop,48,0.6431147276257707,0.5101482589091858,0.7559958619057893,1.5200377791672226,0.8498184136348218,0.6274482437884029
qwen-3.5-plus,2,d3a241,desktop,49,0.323983044528623,0.3875777670370723,1.307214859663854,0.7102044307152632,0.7245894294156634,0.3147705227879819
qwen-3.5-plus,3,d3a241,desktop,50,0.4726263163348778,0.4558827104416598,1.306854697715668,1.10291856535854,0.7864967213345944,0.4579768935758591
qwen-3.5-plus,3,d355a9,mobile,49,0.0092039886149974,0.2278045831891009,4.240889740389624,0.0015142891694954,0.4940338150498462,-0.1930729450690321
qwen-3.5-plus,1,d3a405,web,44,0.0480899589538802,0.3325101489991096,1.9938649002172388,0.1411222320833556,0.5554757371861692,-0.0510403580576777
qwen-3.5-plus,1,d355a9,mobile,40,0.0251581478446438,0.2442918697000689,3.827692104844964,-0.0932334576795682,0.5500961622833223,-0.0904229114168938
qwen-3.5-plus,2,d3a405,web,50,0.0553272229623964,0.3276128165221508,2.036099499997566,0.1389682610320936,0.5590859136780724,-0.0500021147289142
qwen-3.5-plus,3,d3a405,web,35,0.1363403173078467,0.3367372199046995,2.2191579185026944,0.2344021612507683,0.5719530225991954,0.0051532123047729
qwen-3.5-plus,2,d355a9,mobile,40,0.2049995798778462,0.2930762182836824,2.183971142956979,0.5900121994071336,0.6972488809115756,0.0703185799254805
qwen-3.5-plus,1,d42246,desktop,153,0.5288306398853719,0.4392463680519475,1.0339194448631557,1.31054179506268,0.7913745484624284,0.2573326049620464
qwen-3.5-plus,2,d42246,desktop,46,0.5342913901248726,0.4152833364373436,1.2572497537383065,1.2434743884084742,0.7246099299087965,0.4119080067365173
qwen-3.5-plus,3,d42246,desktop,48,0.480238547111293,0.3895789372415547,1.2327547511606565,1.2024751499238442,0.7318812917465986,0.3771719314547552
qwen-3.5-plus,1,d3d0eb,desktop,40,0.5619403313660583,0.5358277213094886,1.1330507441888995,1.2668136681023574,0.782372602034114,0.5335672471218915
qwen-3.5-plus,3,d3d0eb,desktop,46,0.6256098273065086,0.5642226097844614,0.9998211715322964,1.314798063116876,0.7657586409881209,0.599360392229186
qwen-3.5-plus,2,d3d0eb,desktop,41,0.5801115866307914,0.5488935638665859,0.9209334823831636,1.2202271864367351,0.7714168597490825,0.5625698508738528
qwen-3.5-plus,1,d4430e,desktop,47,0.3273751654536428,0.2803066669637365,1.5730567913114362,1.1610577424441733,0.7950850647557463,0.3038411570814539
qwen-3.5-plus,2,d4430e,desktop,41,0.5675077852674877,0.3767597553148359,1.3054025865172303,1.9853804792813312,0.8002831460062799,0.5518762675826244
qwen-3.5-plus,3,d4430e,desktop,41,0.3635323615796765,0.2604025282894999,1.685951391742951,1.2005878930490128,0.7343104414012414,0.3326609463186596
qwen-3.5-plus,1,d48310,web,40,0.5000141283607289,0.3888396121552807,1.7644030898133003,1.4222702084942176,0.7708423593238032,0.4900535979430768
qwen-3.5-plus,2,d48310,web,50,0.2008887358505008,0.2879703729529317,1.858161561899716,0.6223681379069523,0.7089407351751948,0.1670525499770014
qwen-3.5-plus,3,d48310,web,47,0.2979181426373599,0.3053882904448212,1.8961250120408335,0.9458761767048086,0.7322950510186097,0.2899597035036476
qwen-3.5-plus,1,d499e7,web,52,0.3316286690338768,0.2770033214535422,1.5648816252838331,0.907668753309129,0.7524575988105595,0.1406785859187158
qwen-3.5-plus,2,d499e7,web,81,0.0944550966611903,0.216402733145104,2.0582086830731416,0.2398570456673614,0.5943547277450663,-0.0405823207852427
qwen-3.5-plus,3,d499e7,web,74,0.2075635908558666,0.256088296656437,1.810085527253416,0.67471913050774,0.6870867797615948,-0.1498183955506276
qwen-3.5-plus,1,d4988b,mobile,30,0.0262059710137279,0.1804234361174631,4.4341764549882345,0.2136296879897944,0.5016732102940631,-0.0393278079737448
qwen-3.5-plus,2,d4988b,mobile,44,0.3380906187116472,0.335823183264377,3.079067682233618,0.8856662205316383,0.6877343084209294,0.2853270584329088
qwen-3.5-plus,3,d4988b,mobile,54,0.1963016608092834,0.2702796754101649,3.118312588344745,0.6171719153293421,0.6762886806688735,0.1488973763787379
qwen-3.5-plus,1,d4ab0e,web,54,-0.0015982770391815,0.2017165061423888,3.720219186606672,0.0463340346911237,0.4944542477831505,-0.0292083779057939
qwen-3.5-plus,1,d4dac4,web,48,0.2700412729363309,0.3510668708786649,1.2822614603527225,0.670324697528793,0.7129312667472111,0.0614951540049741
qwen-3.5-plus,2,d4ab0e,web,39,0.3227789788078055,0.3148786324097365,1.6872258165270062,1.0127771800636771,0.7584731899999171,0.3005224941269375
qwen-3.5-plus,3,d4ab0e,web,40,0.2512278911608251,0.291358969687482,1.7417289552750028,0.7937313389864272,0.7402419755136522,0.2429607352011325
qwen-3.5-plus,2,d4dac4,web,44,0.3432897182898288,0.3794250547403365,1.1439963137952434,0.8336800415000061,0.7536729471610626,0.1623845683610561
qwen-3.5-plus,3,d4dac4,web,40,0.3039584489321513,0.3657023452624124,1.1912591308664946,0.6824224846581803,0.7280818748463046,0.1351736693999716
qwen-3.5-plus,1,d5493d,poster,47,-0.2614186360400159,0.1227010413556993,3.5304328043165207,-0.6108705409361821,0.3167475522329692,-0.1843572986387476
qwen-3.5-plus,3,d5493d,poster,48,-0.0309272194435032,0.1967469143117173,3.646482751485839,-0.0012530301991213,0.4703466535727027,-0.1095923858844854
qwen-3.5-plus,2,d5493d,poster,53,-0.0342710515896269,0.2018112959418413,2.6909675774827817,-0.0344306267790863,0.4791535260085917,-0.1584055499211854
qwen-3.5-plus,1,d375a8,poster,42,0.0223217140309629,0.1861569650862597,5.389609123186981,0.1168609372916362,0.4352318522240231,0.0217516794743554
qwen-3.5-plus,1,d594d5,poster,42,0.0679990584323715,0.4817390907877537,0.8798184276636245,0.1404753394734873,0.5437283142387366,0.2141628729443584
qwen-3.5-plus,2,d594d5,poster,48,0.2410795896346153,0.4903365243636655,0.835106253764323,0.3644628066978344,0.617098026257258,0.0080439653190141
qwen-3.5-plus,2,d375a8,poster,57,-0.019950078632623,0.1911492764292658,5.378977333807508,-0.0396228554120404,0.3692889804429444,-0.0208871831801946
qwen-3.5-plus,3,d594d5,poster,36,0.3107234346243033,0.5070250359590908,0.7901235104246066,0.4545642959056385,0.630031041461606,0.1619937643470043
qwen-3.5-plus,3,d375a8,poster,78,0.0259850684452344,0.2566506741768284,3.9683768576794103,0.1706961402302897,0.5172072265362236,-0.029871718134137
qwen-3.5-plus,1,d50a8b,poster,49,0.2484408306445638,0.4083758165563647,1.72328365363019,0.565802693228615,0.6909799769193149,0.1740589689398043
qwen-3.5-plus,2,d50a8b,poster,53,0.0293743773709003,0.2915665049918465,2.60029124761845,-0.0152545441867121,0.5133033723738067,0.057684019938485
qwen-3.5-plus,3,d50a8b,poster,41,0.1511079213785299,0.3500233347517044,2.264020793428539,0.5872549432724085,0.6461749155147893,0.0968739741615589
qwen-3.5-plus,1,d59f99,web,38,0.113295414819189,0.2750840249377828,2.3297014857952556,0.2764069014045709,0.5967019120853537,0.111908417148015
qwen-3.5-plus,2,d59f99,web,37,0.1665915111586894,0.2947226182484628,2.1282108336612,0.4195567921717588,0.6280947868425378,0.1618678314561831
qwen-3.5-plus,3,d59f99,web,43,0.1220051754878211,0.2917543420649999,1.7556371232572436,0.2947170527835606,0.6248605025879781,0.1233587063027036
qwen-3.5-plus,2,d5caa3,mobile,40,0.4788696269079485,0.4560507224438528,1.4132215453756685,0.9558174283093126,0.7086226402089265,0.4439826647138009
qwen-3.5-plus,1,d5caa3,mobile,35,0.5264343866935235,0.4962191176432459,1.0888563780979683,1.0187380287763017,0.745057357900072,0.4581396708515141
qwen-3.5-plus,3,d5caa3,mobile,40,0.42208077623838,0.4305935682254515,1.79350952761193,0.8118517478653855,0.6786381474235036,0.3269695567404847
qwen-3.5-plus,1,d56ac6,poster,51,0.3651995603596832,0.4312387701089915,2.023600048346062,0.8470730409331638,0.7209847729641005,0.3063697223420061
qwen-3.5-plus,3,d56ac6,poster,36,0.1106203128922668,0.2773049779493488,3.878518674762961,0.2974615824104316,0.5955495089499105,0.1730470671402948
qwen-3.5-plus,2,d56ac6,poster,46,0.4364106615620912,0.455197697181095,1.6081324996305264,0.7805073810785608,0.7134749195108259,0.3964261572220495
qwen-3.5-plus,1,d5f959,desktop,48,0.310416898005512,0.3369897957257906,1.3686283332454328,0.8334451905262331,0.7358646611733819,0.2937062729244081
qwen-3.5-plus,2,d5f959,desktop,40,0.2679863434040501,0.3350795867244699,1.6593019183854285,0.6780254618896119,0.7173045956848185,0.2956499313631602
qwen-3.5-plus,3,d5f959,desktop,50,0.3980239681756777,0.3777465244711049,1.313121333371294,1.1006689260853653,0.7376837465510911,0.371162910719969
qwen-3.5-plus,1,d60e75,desktop,45,0.2461388148598566,0.3611851610314032,1.4446991371643985,0.504358732521104,0.6637689700027097,0.225537789331278
qwen-3.5-plus,2,d60e75,desktop,47,0.062837801103916,0.298823775050305,2.385486050946118,0.0899404037014871,0.5692040085544336,0.0645203426284408
qwen-3.5-plus,3,d60e75,desktop,50,0.0659051423202977,0.2972732832976681,1.7690851961389478,0.1468606631111804,0.5742370313594454,0.057943540958199
qwen-3.5-plus,1,d613ea,web,45,0.3600205843330831,0.3369558223925466,1.453313290534016,0.9202728292182244,0.7414602095460625,0.2307751761775818
qwen-3.5-plus,1,d667b6,desktop,30,0.2594784584030542,0.4033573309002333,1.6218396084869844,0.5686848620472342,0.6319995875132282,0.2221007262392568
qwen-3.5-plus,2,d667b6,desktop,48,0.3294768696086341,0.4697964445882757,1.0545039259341895,0.6545832520342447,0.6972206546510192,0.3380446681511675
qwen-3.5-plus,3,d613ea,web,45,0.2756542285411821,0.2944886011614382,1.6314261650243576,0.7813158719285499,0.7060385352424581,0.1537844228076768
qwen-3.5-plus,2,d613ea,web,55,0.1707048255079139,0.2769193227035351,1.9100634125375295,0.3976701492476476,0.6400062975812513,0.0334788806431934
qwen-3.5-plus,3,d667b6,desktop,47,0.1520050053085257,0.3862769725416379,1.4561258677750044,0.3683684236759207,0.6135943529357956,0.232848616644879
qwen-3.5-plus,1,d66c89,desktop,49,0.0249079518517943,0.2451964412049834,3.2156295474577568,0.0870032141983568,0.520497544992968,0.0777790855380864
qwen-3.5-plus,1,d6789a,poster,40,0.1532955233574127,0.3861537182096412,1.3881247538565629,0.3461910523440819,0.6141711409777858,0.1129056823267153
qwen-3.5-plus,2,d66c89,desktop,47,0.1767735249243248,0.3246970881993589,1.989564358640349,0.4163455944051649,0.6177895645197331,0.2014907497175191
qwen-3.5-plus,3,d66c89,desktop,40,0.1535104077910429,0.3123024804105522,1.847488259783689,0.3837753817559316,0.642783550937381,0.1797297267338864
qwen-3.5-plus,2,d6789a,poster,40,0.2500096966013484,0.4155996722883339,1.1946561212428437,0.5948778505582808,0.6807377511228454,0.107970917850467
qwen-3.5-plus,3,d6789a,poster,38,0.138343198320738,0.3810144688954837,1.3276108499122146,0.3273595503114899,0.5974386939715344,0.0170941548600669
qwen-3.5-plus,1,d6702e,desktop,40,0.5968974959475806,0.4601506893186576,1.255257907364421,2.0332688956664793,0.8418467031215436,0.557714079863264
qwen-3.5-plus,2,d6702e,desktop,46,0.2562574290393235,0.2954206743868993,1.8148820216441848,0.9786809280552604,0.751038707531708,0.1920322632897134
qwen-3.5-plus,3,d6702e,desktop,30,0.6270376137144432,0.4112916921772834,1.1015569722045233,2.0226090711110394,0.8517557975640374,0.5852911643731009
qwen-3.5-plus,1,d69abb,web,40,0.1954785232684693,0.2919869466524435,2.727119280622929,0.6602181258124246,0.6920242973949844,0.1460155406910596
qwen-3.5-plus,3,d69abb,web,45,0.3801985179061159,0.401962217563203,1.2584890433745997,1.101127950121988,0.8139304736578492,0.2938624583212628
qwen-3.5-plus,2,d69abb,web,37,0.0321432316458759,0.1985090782898766,3.697585342304487,0.1438258549290534,0.5164471540083795,0.0105113470819138
qwen-3.5-plus,1,d6cc23,desktop,51,0.6667411441103663,0.5607690003447698,1.7987305777171383,1.9909373125086935,0.7476541640651949,0.6640210134063417
qwen-3.5-plus,2,d6cc23,desktop,50,0.673450279477892,0.5650038867290098,1.7886930772301617,2.0136125904874485,0.7488155838051794,0.6717564949224724
qwen-3.5-plus,3,d6cc23,desktop,41,0.5329822022659919,0.4692137164349468,1.4559555996159872,1.6335793409323205,0.7841291860727579,0.5291031685469645
qwen-3.5-plus,1,d70468,mobile,45,0.3833614382007622,0.4210264532767909,1.1121010204693076,0.8233686590677775,0.7658520375344353,0.2432889655986332
qwen-3.5-plus,2,d70468,mobile,40,0.3559269884906403,0.3809031597309956,1.214135938560669,0.7344381661393096,0.7506308089749241,0.1971669092560423
qwen-3.5-plus,3,d70468,mobile,40,0.3077202608820398,0.365888004203,1.383273072917843,0.6305056664050183,0.7197060349940232,0.1510750045666288
qwen-3.5-plus,1,d6f09c,web,47,0.318664845203838,0.3521484624652352,1.5034058439426716,1.1728822888584387,0.8441345538794841,0.2636708078605573
qwen-3.5-plus,3,d6f09c,web,40,0.5615518471272845,0.4407258869666078,0.9640525699944232,1.8679016361516383,0.8986070145113115,0.500198362177794
qwen-3.5-plus,2,d6f09c,web,40,0.3363420748542642,0.3454521455657902,1.474080693902692,1.1641522183438808,0.8535672332163702,0.2680225288191673
qwen-3.5-plus,1,d6ac76,poster,40,0.5553470926005785,0.5322331853031244,1.7092986037338826,1.0336857289868708,0.7872856713974343,0.5399521988666708
qwen-3.5-plus,2,d6ac76,poster,39,0.5291875484380059,0.544942355136796,1.2945948239352187,0.9949908460614156,0.7864785261725504,0.512407071281505
qwen-3.5-plus,3,d6ac76,poster,48,0.2526805151057928,0.3905599708116117,1.9232350774945624,0.4742890206446832,0.6891993815795472,0.2234869147573492
qwen-3.5-plus,1,d7346d,web,40,0.1231212947396833,0.2828414854744075,2.420889048578627,0.4661705408350275,0.5787108701550642,0.1075019541411894
qwen-3.5-plus,2,d7346d,web,48,0.4402279576218132,0.4254463891162183,1.3825615070911983,1.1344997933396923,0.7642516123025639,0.4334323533891279
qwen-3.5-plus,3,d7346d,web,50,0.2614671681820009,0.3549146398927769,1.9249212033695473,0.7444117923170805,0.6831048934161914,0.2469698725146383
qwen-3.5-plus,1,d738b4,poster,49,0.114830262254978,0.3171666026627161,1.957014374596432,0.4622897916744329,0.6235330589209658,0.0214482685572261
qwen-3.5-plus,1,d7049d,web,30,0.038958862936881,0.202057596227405,4.544863506846707,0.0269410007768733,0.4689364215896872,-0.1347242138304103
qwen-3.5-plus,2,d738b4,poster,48,0.2020564200950023,0.3020462180130309,1.839978587990511,0.672713139520461,0.6914665369056914,0.1713142338747347
qwen-3.5-plus,3,d738b4,poster,42,0.0305366561345078,0.2553619259650818,3.015004087462607,0.1745966697201959,0.5665321360803895,0.0336533306781154
qwen-3.5-plus,1,d73e0e,poster,33,0.2041855643792703,0.4462547851819036,1.0805179094452766,0.4112594185406945,0.6471646100094496,0.1662193925357693
qwen-3.5-plus,2,d73e0e,poster,39,0.1218409817314932,0.418403398015767,1.4192453816936308,0.2135766670526534,0.5833721065089201,0.1531229833183724
qwen-3.5-plus,2,d7049d,web,48,0.2321582388754635,0.3148659566382747,2.52154733697622,0.5594904487433029,0.7223390534242322,0.1932788548762827
qwen-3.5-plus,3,d73e0e,poster,40,0.1646457836398801,0.4278351944007616,1.1618236620914129,0.2229878367306982,0.5982737006112062,0.1816995749984636
qwen-3.5-plus,3,d7049d,web,40,-0.0144407034036821,0.1766602042973672,4.4717078457038575,-0.1348082037894105,0.5479035309755825,-0.0686320605311918
qwen-3.5-plus,1,d79d5c,mobile,47,0.5552808141517567,0.5453444806540692,0.6587614175814169,1.0584849198022388,0.8068469382575987,0.4060055359028972
qwen-3.5-plus,2,d79d5c,mobile,40,0.2941281916305654,0.4174430357401111,1.0076870013300685,0.6617656116149129,0.6909129555285769,0.0995494830939626
qwen-3.5-plus,3,d79d5c,mobile,47,0.5783485598991607,0.5250289490797312,0.7066517161334566,1.0965012415621498,0.7858883050687602,0.4910357678821444
qwen-3.5-plus,1,d7beb9,poster,37,0.1865877796474335,0.3155998979419809,2.881547667256656,0.5056863596276167,0.5785363666071721,0.1523452506402015
qwen-3.5-plus,2,d7beb9,poster,40,0.1205518839425811,0.2883853968517163,3.0530623526728102,0.2850633524322514,0.5407950470535456,0.1066961375532993
qwen-3.5-plus,3,d7beb9,poster,40,0.1918349393035816,0.3273566798178092,2.8968464403019296,0.4730156294461914,0.5924824303737733,0.1243057362180799
qwen-3.5-plus,1,d7d901,web,49,0.1255779273263518,0.27512975497962,1.8417200994748169,0.4258959573348926,0.6681145802755037,0.1069307716295748
qwen-3.5-plus,2,d7d901,web,45,0.112548637588045,0.2458776338355214,2.2322820688683147,0.3501690848728387,0.6491934161104055,0.1255369764507735
qwen-3.5-plus,3,d7d901,web,49,0.1161520022751174,0.2728146605958187,1.845891360152982,0.3919313794050697,0.6612345576008953,0.0979159945989004
qwen-3.5-plus,1,d85242,desktop,38,0.1351736710073709,0.2294861159806497,3.213275835997848,0.2873431190380941,0.5916400704805929,0.1371409315954495
qwen-3.5-plus,1,d7535a,poster,47,0.2284490859506923,0.332453693554001,2.9240178615711976,0.5764039212624503,0.6890768277400054,0.2358236484428252
qwen-3.5-plus,3,d7cfda,poster,44,0.0037066750652892,0.2734294039680813,3.8360310607505888,0.1100908111372758,0.5023342287842585,-0.0756827110550141
qwen-3.5-plus,2,d7535a,poster,43,0.1587750932719416,0.2781680497299663,3.525676002721933,0.3437143035841419,0.6461959572160296,0.2077589439014253
qwen-3.5-plus,2,d85242,desktop,49,0.1614109031875123,0.3039568981814309,1.975606998694656,0.3246862537082973,0.6721590043253204,-0.0104747742922759
qwen-3.5-plus,1,d7cfda,poster,51,0.0027322561040401,0.2956070842622097,3.517338405261835,0.1062078319282229,0.5017305482820109,-0.1220697354574104
qwen-3.5-plus,2,d7cfda,poster,45,0.0023566072864157,0.2834880514307227,3.5933495631979633,0.1696264993054187,0.5132320737542544,-0.0990632847779094
qwen-3.5-plus,3,d7535a,poster,40,0.2840526689047393,0.358281864873318,2.7420283683479667,0.6703847398785816,0.7011615762263889,0.2835229066758872
qwen-3.5-plus,3,d85242,desktop,40,0.1898097865215244,0.2949208481234676,2.5291934047102633,0.3523531347597935,0.6379211001875209,0.0785914737776059
qwen-3.5-plus,1,d88d22,web,41,0.2526543181030424,0.4524909299639817,1.0849606356500094,0.3895425096904807,0.651290452789056,0.1877450179596932
qwen-3.5-plus,2,d88d22,web,38,0.1908612328130637,0.4058853878455022,1.1008406949312963,0.2784853937676487,0.6113054574306246,0.202443801232751
qwen-3.5-plus,3,d88d22,web,40,0.3557590802808818,0.5078954232552554,0.7972282899465448,0.5532624622300796,0.7145769715521394,0.2813510555938994
qwen-3.5-plus,1,d8cbc3,web,40,0.3429244118047893,0.4239722553658321,1.218216324958773,0.6854702163510541,0.7088047169234393,0.3323785749437912
qwen-3.5-plus,2,d8cbc3,web,40,0.2319785313802958,0.3981728435801045,1.3776667395805973,0.5327783608956543,0.7051468467024044,0.2098818668936489
qwen-3.5-plus,3,d8cbc3,web,50,0.3059014845687793,0.4182389456574777,1.1516735181710256,0.5993777416258926,0.7054845304552287,0.2861014366979886
qwen-3.5-plus,1,d8d2df,web,55,0.3990905211583125,0.4378147033724242,1.2932675536572589,0.7473421353031622,0.7052714081695112,0.3974004402764605
qwen-3.5-plus,2,d8d2df,web,30,0.2229667474332295,0.3432126870546364,2.4415134403938676,0.3474379700097999,0.6218935862928713,0.2231919068081922
qwen-3.5-plus,3,d8d2df,web,36,0.1728271611206404,0.3263569625565521,2.380585215120773,0.3161322768566522,0.6018348378254157,0.1891106664966977
qwen-3.5-plus,1,d8d582,web,38,-0.0695777440095623,0.2127016640110694,3.674107136915456,-0.1876529323027049,0.4800431324873873,-0.0815461319537714
qwen-3.5-plus,2,d8d582,web,40,0.0207458643262503,0.2828582269936359,2.197568983266682,0.0286160600356297,0.5985707986074119,-0.1112376971228058
qwen-3.5-plus,1,d889b1,poster,40,0.4176842161877725,0.3904691616432661,4.010293491303914,0.7918182918326481,0.56723654730144,0.3964854775959016
qwen-3.5-plus,2,d889b1,poster,39,0.4217899009657057,0.4309111468376428,2.0826532401883275,0.8620632130304325,0.7418105495348488,0.3518011381966351
qwen-3.5-plus,3,d889b1,poster,52,0.2912433136962414,0.3727634389637294,3.3237747605759074,0.697769797037618,0.5967032086216251,0.2127832425502841
qwen-3.5-plus,1,d8d91d,desktop,37,0.5489175976625029,0.5081276985945272,1.1829170793756187,1.2175139008232874,0.779908585643265,0.5048794680372094
qwen-3.5-plus,3,d8d582,web,28,0.0120878457714365,0.2365489558794898,4.208669010771331,0.0089316833188533,0.5446690528358434,-0.0925123128793669
qwen-3.5-plus,3,d8d91d,desktop,49,0.3045404479069084,0.372542199886384,1.7996818545263968,0.5716138568607682,0.665059364164931,0.2668656391711991
qwen-3.5-plus,2,d8d91d,desktop,50,0.2592112278736276,0.3665772082724938,1.3455969311313285,0.4679986296724334,0.60539306663088,0.2279649583933501
qwen-3.5-plus,1,d924c7,web,43,0.104673574917943,0.3356754805805442,2.1912353817614876,0.299855487700136,0.567058146966366,0.1440219012188903
qwen-3.5-plus,2,d924c7,web,42,0.1949210762163509,0.4138914985014911,1.6341179073772536,0.4929915204759771,0.6618767873760358,0.2029576385233073
qwen-3.5-plus,3,d924c7,web,36,0.2519081696646891,0.4410732844449746,2.1050448093251664,0.6419114691017829,0.6526199162168321,0.2855834080011528
qwen-3.5-plus,1,d9508a,web,40,0.2869835028833273,0.3907359116046246,1.366355912516228,0.594345395749666,0.6976151879228811,0.2173729775628195
qwen-3.5-plus,1,d95bad,poster,46,0.2043631714542646,0.3925367718435129,1.4207614217407851,0.3263315997801626,0.5858015021177448,0.0860214422427301
qwen-3.5-plus,3,d9508a,web,50,0.4574203905310386,0.435164597358076,1.190628653158905,0.9414454009618954,0.7164542428684398,0.3786748216632835
qwen-3.5-plus,2,d9508a,web,41,0.2964288575761176,0.3847005299021536,1.2975203227333143,0.6040538756228331,0.6931735941060542,0.1775089701395132
qwen-3.5-plus,3,d95bad,poster,50,0.1693208320854577,0.3691842313049867,1.5805871034787466,0.3290338020605639,0.5772311616179286,0.0593737040410721
qwen-3.5-plus,2,d95bad,poster,49,0.3177151412715057,0.4104190828573189,1.0894591231296886,0.5288704771193073,0.6546462121824728,0.1747923066341647
qwen-3.5-plus,1,d93532,mobile,33,0.0945590192690506,0.3258138578227705,3.391777403550622,0.2833171293412852,0.5658781871869473,0.153926988191778
qwen-3.5-plus,1,d98c2a,desktop,49,0.1197881260546454,0.3479316755409025,3.1603034225646125,0.2603955178848609,0.5764100340004299,0.1257379559461586
qwen-3.5-plus,2,d93532,mobile,38,0.2889851477719203,0.3802103012441383,2.861353445675143,0.5553044824683879,0.6161628260526073,0.3141553655235863
qwen-3.5-plus,3,d98c2a,desktop,50,0.3433804847541961,0.4402864788524234,1.8540664198027157,0.6474638659346685,0.6949911852519647,0.3840744168283291
qwen-3.5-plus,3,d93532,mobile,34,0.0595446909703551,0.301771235820984,3.5966736750503223,0.0905903345294322,0.5658090391052014,0.1323098712543404
qwen-3.5-plus,2,d98c2a,desktop,40,0.1598764210894692,0.3772601702819337,1.4205422955067144,0.3484049936158681,0.631609427839745,0.1577700956479433
qwen-3.5-plus,1,d99b18,desktop,50,0.4743014798461068,0.3280271409520462,1.4595106959981936,1.652119021734909,0.8281506582013461,0.4858901040180896
qwen-3.5-plus,2,d99b18,desktop,49,0.8656424827642596,0.6713818853343549,1.158409098875039,3.0459013433467628,0.8337235868578511,0.8403572032939323
qwen-3.5-plus,1,d9a22e,poster,30,0.1918287187210457,0.3341901858521616,1.5919720577156302,0.4186624036626223,0.619252452263813,0.2075376709492802
qwen-3.5-plus,2,d9a22e,poster,46,0.3596281035999367,0.3907744747814626,1.206107223382277,0.7410907669131728,0.7131918154616428,0.2601167403051796
qwen-3.5-plus,3,d99b18,desktop,50,0.1036922593458913,0.2082674181848287,2.4223360109915326,0.3191039641962943,0.5955324825073631,0.1013938531154542
qwen-3.5-plus,3,d9a22e,poster,50,0.0726169354988108,0.3084469937443513,1.9223322094885968,0.0928308963961859,0.540879344128408,0.0640876935889621
qwen-3.5-plus,2,da1d78,desktop,37,0.1686091891315272,0.3064714313971375,1.48260199978386,0.550209546286115,0.7458761364680006,0.0688807562903992
qwen-3.5-plus,1,da1d78,desktop,50,0.4801694145833954,0.4355305547284597,1.0272076069566092,1.364860242351864,0.8257750058732866,0.4239597697649522
qwen-3.5-plus,3,da1d78,desktop,46,0.4339888970742492,0.3692668000215989,1.260608522145988,1.1352074424896337,0.8052913067177295,0.3599343428698409
qwen-3.5-plus,1,d9baa1,web,41,0.2201366402645472,0.3391149362144176,1.931886431539404,0.5843348694204562,0.630465055529,0.055240357891598
qwen-3.5-plus,3,d9baa1,web,48,0.5339955352622047,0.5021813870935516,0.9439166440578995,1.1582252536854127,0.7891302401851038,0.3592933493291784
qwen-3.5-plus,1,da36d4,mobile,30,0.6674000851768195,0.6186134149456591,0.4917683616636419,1.1257173568377037,0.7972970939110046,0.4662804179468092
qwen-3.5-plus,2,d9baa1,web,34,0.3559844090616453,0.3838129488992294,1.3436035035442422,0.7007989660571521,0.6819964820045674,0.1705865729898459
qwen-3.5-plus,2,da36d4,mobile,45,0.5529973051371487,0.5897065980899378,0.5983519464797054,0.8962917916683292,0.7581184618256213,0.3030785094386024
qwen-3.5-plus,3,da36d4,mobile,41,0.5272516636656857,0.5722396106630103,0.6558133220928004,0.8525388528778508,0.7469884296755066,0.2933388558352784
qwen-3.5-plus,1,da75d3,poster,320,0.1205411761560402,0.3411913396260339,1.511842977843414,0.2763421741814439,0.5873775593227385,0.0643254782456194
qwen-3.5-plus,3,da75d3,poster,50,0.3033790204552166,0.3812276979436315,1.2806953317688068,0.7047739722686382,0.6923959190247044,0.0908669886263326
qwen-3.5-plus,2,da75d3,poster,40,0.2566772720549714,0.3533123400596824,1.3619853810685003,0.5552278988581365,0.6549105839993479,0.1771579082037504
qwen-3.5-plus,1,dafb86,mobile,52,0.5152952369418373,0.5923747629399065,0.7851454081422522,0.939799511559984,0.7439160211182378,0.5282045911140362
qwen-3.5-plus,3,dafb86,mobile,49,0.3299878081979496,0.5176383605594796,0.8176164082735549,0.5255233783598617,0.662667371609286,0.2611927865060335
qwen-3.5-plus,2,dafb86,mobile,42,0.4665574873410235,0.5479662466386968,0.8362834899675389,0.8515522313167537,0.7221644034400153,0.5244150229203767
qwen-3.5-plus,1,da1a17,mobile,38,0.0103654929350536,0.1643418604530409,6.259033268947387,0.0973626919600817,0.3429883590088017,0.0064766456225323
qwen-3.5-plus,3,da1a17,mobile,40,0.0260122357280349,0.2361279856655437,4.464869837734427,0.2352286300026609,0.4888214244528173,0.0062999490015577
qwen-3.5-plus,2,da1a17,mobile,40,0.0041911226680043,0.1923694308677422,5.152208824137194,0.1553607015071942,0.455073271440587,-0.0151864837838765
qwen-3.5-plus,1,daaa3f,desktop,55,-0.2378602265262638,0.1284318130605921,4.079455913480947,-0.6020976802751656,0.3083422770604819,-0.0989190587531414
qwen-3.5-plus,2,daaa3f,desktop,49,0.0588120990620722,0.2680310453341932,2.5588957205992773,0.1629018646424372,0.6322107854151054,0.0062461449521536
qwen-3.5-plus,3,daaa3f,desktop,48,0.0851180753145948,0.2742166026796353,2.0731119584087887,0.2478860392340704,0.5996407650829143,0.0056949741929102
qwen-3.5-plus,1,db86c2,desktop,35,0.225816092489481,0.4169818159500216,1.026445194144819,0.5548897433412351,0.678709177879208,0.1572331350736778
qwen-3.5-plus,2,db86c2,desktop,40,-0.1144001226138992,0.3590829806933897,1.214927315735982,-0.1589299981337066,0.4687150095062046,-0.0209458877545486
qwen-3.5-plus,3,db86c2,desktop,40,0.5109725547411104,0.4426569681141175,0.9066173213469496,0.9909950379745546,0.6984646171753064,0.4250056738914988
qwen-3.5-plus,1,db81dc,web,44,0.3221872471042508,0.3911605421259844,1.2131202915321109,0.5828573619238486,0.6645691161704558,0.200590356456074
qwen-3.5-plus,1,db12fc,desktop,45,0.4678146049871744,0.503410673037261,0.9664138117241844,0.7950300117263682,0.7135188951003406,0.4536451944760383
qwen-3.5-plus,2,db12fc,desktop,48,0.3773059009175387,0.4692190584797147,1.2315444014357917,0.5698937908058412,0.6664212409479972,0.4023084637733732
qwen-3.5-plus,2,db81dc,web,40,0.3372188634278406,0.4002712736653054,1.274535523358181,0.7455343654783284,0.6763232383094503,0.1960816014137087
qwen-3.5-plus,3,db12fc,desktop,50,0.4421563184630838,0.5012043090520943,1.114923377106837,0.716010701373113,0.7110466275097135,0.3763699641281666
qwen-3.5-plus,3,db81dc,web,48,0.1849697019319864,0.3202450890384271,1.843114880751722,0.3786836049107755,0.5963954973017601,0.0494215986386759
qwen-3.5-plus,2,dc06e3,desktop,49,0.2877565588753536,0.3479401020779889,1.7017397619613075,0.8026524789827596,0.7589006123175572,0.133165283521779
qwen-3.5-plus,1,dc06e3,desktop,49,0.3325992358232419,0.3627390133289293,1.2506969778417425,0.9060564473442962,0.7868831829030093,0.1545194519728937
qwen-3.5-plus,3,dc06e3,desktop,50,0.2999344439421508,0.3427227804159857,1.424670802602941,0.7920544358620323,0.7670430343708236,0.0884600137068002
qwen-3.5-plus,2,dc2864,poster,48,0.0185766586972487,0.3065316685476113,2.9882110983194377,0.1365665011483853,0.561333531528924,0.0471346360168117
qwen-3.5-plus,1,dc2864,poster,40,0.0038380315564879,0.3294785496605568,2.052656218735571,0.0713147666828072,0.5279880318122847,0.0220204756085489
qwen-3.5-plus,3,dc2864,poster,45,-0.0130088951224854,0.330558603087152,2.0617160194007904,0.0600000679122438,0.5398413337061958,0.0085989615115508
qwen-3.5-plus,3,dba9fe,poster,41,0.1980552577026447,0.2800990096820444,5.53481809582706,0.4081689297143247,0.498990533508993,0.1946940775251039
qwen-3.5-plus,1,dba9fe,poster,49,0.1888020439223946,0.2943344896800229,2.755429351235094,0.5131414235860866,0.6612970817443894,0.1817441848827421
qwen-3.5-plus,2,dba9fe,poster,40,0.3786341005107689,0.4176579755078428,2.370545746794282,0.9996562394720891,0.7669673192462244,0.3696386692757679
qwen-3.5-plus,1,dc351a,mobile,41,0.3591404927867532,0.3825674058660039,3.0305775547853404,0.7412291539726347,0.5604159867821701,0.2830422764941243
qwen-3.5-plus,3,dc351a,mobile,35,0.3325733382634341,0.3557975719885344,3.61756781756358,0.6025888233322103,0.5240098520840042,0.2900709576663777
qwen-3.5-plus,2,dc351a,mobile,43,0.304471750125947,0.4034473000590953,2.655270730289833,0.5831557044957907,0.6095149893531429,0.1598113002521096
qwen-3.5-plus,1,dc537b,mobile,41,0.2548140466967089,0.413216241879877,2.1826039802657964,0.2990231628813793,0.6515846115576405,0.065482835629376
qwen-3.5-plus,1,dc6989,desktop,49,0.3451018848632649,0.3829206255008315,1.3491773493136927,0.8292296964152885,0.7278902528927488,0.3790677420451936
qwen-3.5-plus,3,dc537b,mobile,40,0.4086884137825967,0.494994678577786,1.5312370439874032,0.8429705779856722,0.7424735997758223,0.2347548802178233
qwen-3.5-plus,2,dc537b,mobile,42,0.1990920239449264,0.3541088543577548,2.7379325721853585,0.1924620152016432,0.5857418819240723,0.0211674496799964
qwen-3.5-plus,2,dc6989,desktop,106,0.7449042996641739,0.645836106351926,0.953485368214929,1.7818035587299923,0.8400424529391958,0.716201288767604
qwen-3.5-plus,3,dc6989,desktop,40,0.4355752826443482,0.4153506102217883,1.2716853493668758,0.9675769171436278,0.7531339259242488,0.4513476587182182
qwen-3.5-plus,1,dcc0de,web,40,0.3742430306539739,0.4194678620488369,2.2454488110186466,0.769852288314783,0.6504275487810974,0.3793426949878445
qwen-3.5-plus,3,dcc0de,web,40,0.4191056601758484,0.4507814069756185,1.2418884600653568,0.8132578409338395,0.7078221193774326,0.41139601493527
qwen-3.5-plus,2,dcc0de,web,40,0.4321763816916694,0.4565115388455657,1.6068960808205532,0.8449198751989616,0.6922049943324138,0.4289113545214195
qwen-3.5-plus,1,dc705a,mobile,48,0.2485331307482888,0.3477879626947185,3.0037749597256775,0.5623096723865905,0.7216026891413364,-0.0314032558132071
qwen-3.5-plus,1,dcf870,mobile,40,0.2374404451127336,0.3609823180062655,1.668060019126174,0.5452104756531182,0.6701122041300424,-0.0335605187831389
qwen-3.5-plus,2,dcf870,mobile,35,0.2092872455373562,0.3725693449804566,1.4674853546916369,0.5225728513751037,0.6484157275721674,-0.022355096765946
qwen-3.5-plus,3,dcf870,mobile,47,-0.0272248303147117,0.3023163603158697,2.1992443228889087,-0.1843990696100647,0.4632188254456456,-0.2127454482863583
qwen-3.5-plus,2,dc705a,mobile,49,0.3543352818667769,0.3861570570826226,2.4251352842518714,0.5994166585855762,0.7681041465726667,0.2000083897150934
qwen-3.5-plus,3,dd0d82,poster,40,0.3639975955376529,0.3199121849812332,1.3806852973900758,0.9143438158113236,0.7010364464105826,0.39714552740324
qwen-3.5-plus,1,dd0d82,poster,70,0.3069467218300241,0.3142448599438598,2.998663997007985,0.7325143505384767,0.7086444190251084,0.3112136207911672
qwen-3.5-plus,2,dd0d82,poster,54,0.2310658266757718,0.2923867789077179,2.43596445642075,0.5403084469305098,0.6873479700281685,0.2399250558295815
qwen-3.5-plus,1,dd173b,mobile,40,0.5843990403816179,0.5741803165482618,0.6018730618765088,1.121930044643892,0.8380702195490097,0.5347052610314809
qwen-3.5-plus,2,dd173b,mobile,40,0.7391964198825367,0.6516982205852443,0.4829275650757971,1.4176670465634655,0.8433841152497906,0.6963828121095769
qwen-3.5-plus,3,dc705a,mobile,40,0.3891344862738933,0.4157033471060327,1.8020305891654975,0.8665822755365322,0.7909330775730559,0.1882485389322881
qwen-3.5-plus,3,dd173b,mobile,48,0.7366488945347205,0.624206363169369,0.4766574109433676,1.4516273711087675,0.8533688903986761,0.6640727471923513
qwen-3.5-plus,2,dd0f11,mobile,46,0.1703164079743759,0.3113056236084463,2.8244842630272906,0.3074008704936228,0.5887448262306326,0.0866389814309677
qwen-3.5-plus,1,dd0f11,mobile,33,0.2362150483679689,0.3521616276085794,2.5386180408223677,0.4999868184536687,0.6267432128847289,0.1845071756879737
qwen-3.5-plus,3,dd0f11,mobile,46,0.1964486129863792,0.2746925229994466,5.0211292016746825,0.3739866117444954,0.4692476017892298,0.1240014306632276
qwen-3.5-plus,3,dbdbed,poster,47,0.1075326665864712,0.2188742507343457,4.426849454706259,0.107822987997354,0.4753949522451071,0.1226820193074302
qwen-3.5-plus,1,dbdbed,poster,49,0.081449471536768,0.2053728694625765,4.675626239995945,0.1355909096522006,0.4930294621750546,0.0990128944800448
qwen-3.5-plus,2,dbdbed,poster,48,0.1307991390050589,0.2305537510080061,4.122591224956152,0.4843223057156531,0.5398924737372196,0.1209572930448173
qwen-3.5-plus,1,dd47fa,mobile,39,0.3990006838038137,0.4661968899706867,1.94595119645748,0.7075141895942589,0.7121478810294358,0.4078372474657566
qwen-3.5-plus,2,dd47fa,mobile,47,0.3517761870025486,0.4423943060234358,2.2703427512201744,0.4751906289307974,0.6126766082483692,0.3279627899499172
qwen-3.5-plus,3,dd47fa,mobile,47,0.569240956824757,0.5300190916432101,2.2217527819343537,1.0524757553449875,0.7084428874085941,0.5665868892743949
qwen-3.5-plus,3,dd8251,mobile,35,0.2420844892971084,0.3441037195307971,2.206014646857414,0.5174141058361772,0.6922686323419168,0.147587967433288
qwen-3.5-plus,1,dd8251,mobile,29,0.3389243659220308,0.336331376038737,2.260918719270002,0.667569278845854,0.7152066080757498,0.2658202820056954
qwen-3.5-plus,2,dd8251,mobile,41,0.2432079737968119,0.3091583587283995,2.0629928246449367,0.1696352462240048,0.6818769824454898,0.0983030469203991
qwen-3.5-plus,1,ddbec1,desktop,48,0.5612530356990366,0.4319617019730328,0.9258911540241936,1.2039602154229458,0.8378200026158819,0.2064412339432872
qwen-3.5-plus,3,dda275,web,38,0.2861292243200809,0.3642415923315582,1.3219050499451444,0.6404996525026054,0.7040850985945951,0.0881072120448978
qwen-3.5-plus,2,ddbec1,desktop,57,0.1842935226383108,0.3253999669080787,1.3727646937087077,0.4449916429935687,0.6147844900791152,-0.0003286612358609
qwen-3.5-plus,2,dda275,web,48,0.2382682659542989,0.3606668093600436,1.2787378053706753,0.5443540317727623,0.6988548674611371,0.0900037493496366
qwen-3.5-plus,3,ddbec1,desktop,60,0.2920619434794099,0.3716239642123016,1.2479976235637071,0.6749753414627874,0.701131596489513,0.0092992050094463
qwen-3.5-plus,1,dda275,web,40,0.2284465667537998,0.3420004594919939,1.4139396496995096,0.5123788648030045,0.6803135464532815,0.0473695952893054
qwen-3.5-plus,2,dd9efb,mobile,40,0.2429799981222553,0.3778683888277179,1.8793777670768592,0.6441086461615179,0.679796286280749,0.2179338845247196
qwen-3.5-plus,1,dd9efb,mobile,40,0.2378892750015285,0.3650851391533229,2.0659792756919955,0.6661399174564407,0.724914533258184,0.2560646592771829
qwen-3.5-plus,1,ddc145,web,40,0.400386457993045,0.4464212483823391,1.333137847593965,0.9724279859884952,0.8108530539815918,0.1494540492371003
qwen-3.5-plus,3,dd9efb,mobile,41,0.2367845642884702,0.3797708361627815,1.6936764734363363,0.5844004723493387,0.7228572066900576,0.2273066861756318
qwen-3.5-plus,3,ddc145,web,42,0.3880457489488634,0.4396719883651993,1.3605428758070763,0.9359932482354426,0.7975552819049324,0.1111505106566941
qwen-3.5-plus,2,ddc145,web,43,0.4390141773696233,0.4632136851000511,1.3529216440769716,1.086553637674798,0.8127507726335474,0.1563039446147787
qwen-3.5-plus,1,ddce6f,desktop,49,0.0088486040333787,0.1781806058989983,3.613675804420003,-0.0452787961964959,0.4580818680893554,0.0130607757191081
qwen-3.5-plus,2,ddce6f,desktop,50,0.076319725015935,0.2392821426745893,2.9040094781812726,0.1777810716677599,0.5080262817996661,0.0776895468501673
qwen-3.5-plus,3,ddce6f,desktop,49,-0.0909983765659372,0.1574090888756271,5.156377057979746,-0.1330115123401291,0.4564557440030004,-0.0956098524090587
qwen-3.5-plus,1,de022a,web,44,0.4493926782226435,0.4929604957958779,1.134638803639185,0.843702304472923,0.6969191120378676,0.5078955999385564
qwen-3.5-plus,1,dde134,web,40,0.2498193883381659,0.3000281316995255,1.7455649215479323,0.6610589314301304,0.6974927769395236,0.2227390790459785
qwen-3.5-plus,2,de022a,web,42,0.471845613397294,0.5134411826120453,1.1580959300130056,0.8391990270618259,0.706209121825829,0.5170337393166796
qwen-3.5-plus,3,dde134,web,46,0.3116739709877075,0.3160125849834369,1.5820458378197944,0.8063157698156365,0.7052850620623389,0.2870274798175531
qwen-3.5-plus,3,de022a,web,40,0.5042032750426757,0.5156621228562637,1.1505127262308892,0.8985003171356432,0.6932338945995569,0.5306090861271877
qwen-3.5-plus,2,dde134,web,35,0.3314248090281239,0.3366924123743707,1.43066369354963,0.8508634657998247,0.7546201707102023,0.292321519685654
qwen-3.5-plus,2,ddca3f,mobile,35,0.5265138036346111,0.4961703814808697,1.6591053146459425,0.979543955931163,0.8152731766928062,0.4189384421945667
qwen-3.5-plus,3,ddca3f,mobile,51,0.4925382924505928,0.5135400643897935,1.3034822064000462,0.9930723384290846,0.7690633713886386,0.2734625225908376
qwen-3.5-plus,1,ddca3f,mobile,40,0.2028626361860839,0.3558374536442986,2.3065371419595975,0.5859493649660026,0.6711472457453947,0.0957521755765403
qwen-3.5-plus,1,de1ea9,web,49,0.2036927089557983,0.3540444346177819,2.21356152181836,0.428389704626553,0.6478089463003701,0.1178872286182091
qwen-3.5-plus,3,de1ea9,web,40,0.2611676022032154,0.3943487441652337,1.4034688166533478,0.5747560574134545,0.6852066054170793,0.1329090785610265
qwen-3.5-plus,2,de1ea9,web,30,0.1822237248641372,0.346828728032953,2.2368384406485644,0.4088290147594841,0.6380570185406957,0.1046701086870816
qwen-3.5-plus,2,de4fee,poster,40,0.1859744071244111,0.263887666447063,2.119420524305753,0.4496196871029149,0.6567193945815157,0.1834149398043222
qwen-3.5-plus,1,de4fee,poster,45,0.2246042623817302,0.2763738270592731,1.698714760908834,0.6800120019589888,0.7027089358837172,0.2353690353111571
qwen-3.5-plus,1,de5446,desktop,40,0.3136510053976762,0.3960640343774979,1.2264969019542036,0.7450314787066054,0.7467850985153179,0.1713450199794845
qwen-3.5-plus,3,de4fee,poster,40,0.3092804680645963,0.3259829111221913,1.6181755612834987,0.8537939136771283,0.749852097855189,0.3244072077070377
qwen-3.5-plus,2,de5446,desktop,49,0.4934170675553546,0.4272210826619012,0.9960521104886036,1.1449065954757551,0.814848610417666,0.075088739956024
qwen-3.5-plus,3,de5446,desktop,47,0.3000549656629177,0.3802052560660438,1.276268681307615,0.705707420680347,0.7410247275066927,0.1736330593688293
qwen-3.5-plus,2,de271c,mobile,46,0.1165758083780069,0.2708234399236152,3.936999255322324,-0.0588625824277722,0.5294379692233768,0.0952922326646461
qwen-3.5-plus,1,de271c,mobile,30,0.1972320327638692,0.3147929408198864,3.2841745557014805,0.252617065478401,0.6457618987220151,0.1781841591115881
qwen-3.5-plus,3,de271c,mobile,32,0.1925307377271558,0.301785446469162,3.417845575027462,0.390025109411405,0.5882716847801588,0.1683678373445973
qwen-3.5-plus,1,debbb2,web,40,0.204373541863647,0.208878141052565,2.2200538435950397,0.7399950059768898,0.7133829688716401,0.0895895949713043
qwen-3.5-plus,2,debbb2,web,41,0.0664566731396572,0.1585946995098485,2.5818090673599943,0.1332819209984891,0.55756786047221,0.0622024571529212
qwen-3.5-plus,3,debbb2,web,50,0.0983446441245018,0.192754446688234,2.6237617603971124,0.3728702186775606,0.6429874338081307,-0.0652870899877235
qwen-3.5-plus,1,df1857,poster,43,0.3409071235080012,0.4136519359000171,1.129869797255438,0.87772876154643,0.7583623840139289,0.3544518282060983
qwen-3.5-plus,2,df1857,poster,44,0.2929928688069423,0.3747558742103002,1.273216124382529,0.77567360498453,0.7141326180632409,0.3117444901124303
qwen-3.5-plus,3,df1857,poster,40,0.3819145473154576,0.4240333556957436,1.1037716348360835,0.9668126430928184,0.7568684212892697,0.3581641794767356
qwen-3.5-plus,1,df67c6,desktop,30,0.3502619048596873,0.3547869684025879,1.3117397214845716,0.9490987997084132,0.7481188858385484,0.3832371503219398
qwen-3.5-plus,1,de9b80,mobile,47,0.0827985842263527,0.3654754966491199,2.6917627613240342,0.0353992433830734,0.5476515979444525,-0.1292876585102237
qwen-3.5-plus,2,de9b80,mobile,42,0.1577773549310671,0.3999036469525092,1.6901782268516894,0.2663036696271713,0.6368170884377983,-0.1070480772830148
qwen-3.5-plus,3,de9b80,mobile,49,-0.0288385988178658,0.2380165308095313,4.176206933203779,-0.1341771392110702,0.4814703043467627,-0.2677957254171625
qwen-3.5-plus,2,df67c6,desktop,40,0.4364199168672376,0.3773157708133279,1.1574282794020097,1.1460018416871898,0.7788766015897728,0.3737804210909932
qwen-3.5-plus,1,e017a7,web,48,0.3485214901673307,0.3626886514315523,1.3249527989822318,0.8510933482725052,0.7242715129534013,0.1370169780465694
qwen-3.5-plus,3,df67c6,desktop,50,0.3716091513050262,0.3639332547757895,1.196996223875228,0.9417564202645752,0.7539069250354844,0.3681870481163343
qwen-3.5-plus,2,e017a7,web,57,0.4639954350069811,0.4388961836356926,1.391722801248567,1.1591838361889388,0.768584974855622,0.174287140464847
qwen-3.5-plus,1,df8ad2,desktop,50,0.3115713231822145,0.3449124672839499,1.9345960660167,0.7354420553817014,0.7091816321265828,0.1137520305483531
qwen-3.5-plus,2,df8ad2,desktop,88,0.3758369398776678,0.3352258926253866,1.3647862109346214,0.8875568221714564,0.7466396008864161,-0.1162352282787266
qwen-3.5-plus,3,e017a7,web,36,0.4982664965114426,0.3898807869177595,1.151286172953493,1.1618528560818862,0.7487645466722418,0.2610777490139773
qwen-3.5-plus,3,df8ad2,desktop,40,0.300312150712552,0.3642686787783912,1.69104842956925,0.6496783545390619,0.6936038178213095,0.0997115904037725
qwen-3.5-plus,1,e07498,desktop,74,0.3241883047748503,0.356485514460009,1.3534309033663845,0.698461164551779,0.6917277082889006,0.2672034456208396
qwen-3.5-plus,2,e07498,desktop,50,0.3786794655180096,0.37004804298275,1.5743334089402643,0.9162091588028228,0.7126415145238691,0.2773632138066748
qwen-3.5-plus,3,e07498,desktop,40,0.4391172600463842,0.3968118582729605,1.809014854623656,1.065842353384072,0.7332232416373102,0.3399684557702849
qwen-3.5-plus,2,e0966a,poster,43,0.4860833116340821,0.4617578620403813,1.3695436249345727,1.1895731225129826,0.8402076055397375,0.4778719734453355
qwen-3.5-plus,1,e0966a,poster,41,0.5596339533120336,0.5065649106489623,1.2906712576703896,1.4641731480075202,0.8412885091007158,0.5507498438566902
qwen-3.5-plus,1,e102af,desktop,40,0.5241274217897192,0.4950620165303341,0.9286968811776204,1.4166294358592566,0.8372466440666355,0.4986942310811251
qwen-3.5-plus,3,e0966a,poster,39,0.5050221749011752,0.4895573100780062,1.3255820108970209,1.2325749135060695,0.8347799726959597,0.4985994713594156
qwen-3.5-plus,2,e102af,desktop,47,0.4770011701168699,0.4780770150339187,1.3152586213911683,1.2178100812496615,0.7908358816828628,0.4367811370894062
qwen-3.5-plus,3,e102af,desktop,30,0.2832770510954063,0.3489920145210143,2.763992804537765,0.803304020497785,0.714431227111866,0.2484522756711047
qwen-3.5-plus,1,e0f578,poster,46,0.1060386614873147,0.2523438194053714,3.233871881983762,0.3971532999343419,0.531131526347983,0.0901820848433568
qwen-3.5-plus,3,e0f578,poster,43,0.2159517159962641,0.3435324529140192,2.0385355361205355,0.6630996548988125,0.6547634358442596,0.1459106143570207
qwen-3.5-plus,2,e0f578,poster,77,0.2110776838160334,0.3565856754114609,1.6913132961563413,0.3527204781124832,0.6282472854179348,0.1969873932372201
qwen-3.5-plus,1,e129e6,mobile,47,0.4631515573415906,0.5076494225574468,0.9827034897219796,0.8154788119133459,0.8105088969092044,0.1827383787082585
qwen-3.5-plus,2,e129e6,mobile,40,0.501728690611414,0.5372121350297401,0.956848190123474,0.863752092973466,0.8286512358451473,0.2275372236454125
qwen-3.5-plus,3,e129e6,mobile,40,0.6017369526376781,0.583362496199311,0.6307064219541687,1.226767973000947,0.8496665761684287,0.3530082106592409
qwen-3.5-plus,1,e18daf,poster,40,0.3782783843915966,0.4947596355435929,0.804699427104623,0.6321147777784583,0.6681098363761084,0.1268511083925464
qwen-3.5-plus,2,e18daf,poster,41,0.1314596652772904,0.4449560401271975,1.1959813548383105,0.2243051569625065,0.5580102222871549,-0.0149780001245898
qwen-3.5-plus,3,e18daf,poster,40,0.2650714038119325,0.4841059225753225,0.8524536394960613,0.4392396443451208,0.6386588328414265,-0.0156779231537363
qwen-3.5-plus,1,e13179,poster,40,-0.0264782857975991,0.4348514125932674,1.5144018921806195,0.0589434025508619,0.5211341708477479,-0.1664453250596133
qwen-3.5-plus,3,e13179,poster,50,0.1212392029465082,0.4962040986768887,1.0408931836613389,0.2408468153955764,0.5701560875972439,-0.0386932513515273
qwen-3.5-plus,2,e13179,poster,48,0.1366054374493934,0.4749892372687876,1.4198937947796904,0.3651265930315146,0.6098091515885132,0.0529376884389889
qwen-3.5-plus,2,e1217f,poster,30,0.1696585472613413,0.2577908973219914,4.646111939321155,0.2094096427428708,0.6070120091140572,-0.0472750882923746
qwen-3.5-plus,1,e1217f,poster,36,0.395823909009324,0.4178030067487707,2.1372379859976345,1.1510375433927036,0.7882521942569505,0.2405178647342211
qwen-3.5-plus,3,e1217f,poster,48,0.5011585363360198,0.4820531195954825,1.4211066042352778,1.318907628949782,0.823813759040074,0.3293208134655147
qwen-3.5-plus,1,e20a6e,desktop,49,0.2056096955988816,0.3909698851318836,1.318543187357447,0.5062958609731927,0.6438828232736261,0.294074583041717
qwen-3.5-plus,2,e20a6e,desktop,34,0.2341257113882168,0.3866938639742626,1.401833519687597,0.528755279286439,0.6650164341810332,0.2232666721640069
qwen-3.5-plus,3,e20a6e,desktop,35,0.2535323942498942,0.3867440722003131,1.449589110787774,0.5703853659600846,0.6654461841132185,0.2415457390221032
qwen-3.5-plus,1,e1f7b0,mobile,46,0.3283833056191377,0.4091745692961291,2.0081340544801436,0.8362683833772953,0.7355656940023277,0.2894532271824918
qwen-3.5-plus,2,e1f7b0,mobile,41,0.3710814139702784,0.3736749680966034,4.075774157870082,1.0399905618830128,0.6157911460223935,0.3290421199466832
qwen-3.5-plus,1,e249a7,web,40,0.2630669475348408,0.2612469164502867,1.697470403548767,1.0794365263601775,0.8434360358797997,0.254431974812219
qwen-3.5-plus,3,e1f7b0,mobile,49,0.292022837748967,0.3640958131859905,2.7794042211068364,0.6342054261937542,0.6659866290964453,0.2530326102300978
qwen-3.5-plus,2,e249a7,web,47,0.2543263112928849,0.2440519705427667,1.8303039585245813,1.0018352415538834,0.8277267785667666,0.2559060876996601
qwen-3.5-plus,3,e249a7,web,47,0.3542643398595573,0.2896399053842818,1.6328177788736742,1.4760738400608746,0.8574950226333611,0.3348535543539044
qwen-3.5-plus,1,e254a8,mobile,41,0.4171761593006965,0.4299653154195414,1.2967758536241882,0.7114991642865275,0.6651188264980414,0.272638289322297
qwen-3.5-plus,2,e254a8,mobile,51,-0.0449047991154959,0.2757296427573832,2.1914089634585157,-0.1144504132903234,0.479330464066737,-0.0715226053862692
qwen-3.5-plus,3,e254a8,mobile,47,0.5174430148075728,0.4925414531340165,1.2277390739937395,0.8738903403762367,0.6794689047086904,0.2296734053756733
qwen-3.5-plus,1,e277d3,poster,45,0.2721069903762108,0.3700254999923624,1.3771406112069091,0.7075026992854607,0.6903445720822653,0.1473821531899079
qwen-3.5-plus,2,e277d3,poster,40,0.1386939135614995,0.327202908935914,1.5911121987331396,0.3646779852555711,0.617249921185729,0.1017184652703785
qwen-3.5-plus,3,e277d3,poster,45,0.1108819870339359,0.307614168530099,1.6500982184201245,0.2750343887686867,0.5962803850815794,0.1052769705692821
qwen-3.5-plus,1,e2aa7e,desktop,40,0.4661520793627602,0.4005148444967292,1.2690035628763394,1.1074155545550646,0.7218129680082566,0.461515936587329
qwen-3.5-plus,2,e228f3,mobile,49,0.2116787840648721,0.3750386241210101,2.045027838587601,0.7369736507279057,0.7251218903683222,0.0441918771898325
qwen-3.5-plus,1,e228f3,mobile,42,0.1648790449577349,0.3255433643114428,2.689457093570333,0.4767180560635555,0.6667164459420601,0.0739201150786281
qwen-3.5-plus,3,e228f3,mobile,50,0.1121437272686924,0.2968733707275515,2.850330142372383,0.4714028108284753,0.7091064944159803,0.1019223679918552
qwen-3.5-plus,2,e2aa7e,desktop,40,0.6435636547541459,0.526955055672256,0.7266815388617678,1.5238330187160858,0.8151235313981335,0.6443203135435122
qwen-3.5-plus,3,e2aa7e,desktop,40,0.5767047769772401,0.4966798861127039,0.8260132631832094,1.3444593569405323,0.8068064548637944,0.5884696501556341
qwen-3.5-plus,1,e2dea3,poster,40,-0.1282520512893409,0.3123610597864122,1.857827517627145,-0.2227438504156839,0.4395909292086326,-0.1665210231999792
qwen-3.5-plus,2,e2dea3,poster,50,-0.1130033863992852,0.3114435893160502,1.929822372465586,-0.1975479670195899,0.4442489076200662,-0.0627952498616647
qwen-3.5-plus,3,e2dea3,poster,50,-0.1012453738853346,0.3220425762562841,1.7845806742595696,-0.1487154603483823,0.4575087854378934,0.0680735417662127
qwen-3.5-plus,1,e2af38,desktop,33,0.2314763897366983,0.3789446457262374,2.3100637165010234,0.8469975458998322,0.7949807206309122,0.2353205390202115
qwen-3.5-plus,3,e2af38,desktop,30,0.2782827131470005,0.4081307846984171,2.2777073286205267,1.0581933237257437,0.7851900123151272,0.265142516511973
qwen-3.5-plus,2,e2af38,desktop,45,0.3217346098673701,0.3826874810080338,1.6619316674354403,1.2220397967941987,0.7883190162266365,0.2922982234812012
qwen-3.5-plus,1,e2f692,web,51,-0.0032714219865212,0.1925711789327805,2.748746405079964,-0.0258994996830305,0.5655958219417282,0.0226375136707843
qwen-3.5-plus,1,e332da,mobile,50,0.1505728227090337,0.3543718770540753,1.4287569592694471,0.3061830033660324,0.682031577840676,-0.0514535568777261
qwen-3.5-plus,3,e332da,mobile,48,0.436146825935659,0.4750198566262784,0.9041575800597142,0.921133823671039,0.7681342781810273,0.3284304323432861
qwen-3.5-plus,2,e2f692,web,31,0.1175063120216091,0.256088512521329,2.1764805314028832,0.3314764397669974,0.6632926156555163,0.0736341207335809
qwen-3.5-plus,3,e2f692,web,40,0.0314656889344079,0.2352068854665286,2.293639274958591,0.1439068234030678,0.5994664620159637,-0.0051552229092551
qwen-3.5-plus,2,e332da,mobile,50,0.3466541582139906,0.4361501970280962,1.045274560529276,0.747975284177067,0.7497518754367772,0.2041422059086383
qwen-3.5-plus,2,e39798,desktop,47,0.2666678755661009,0.3978903517641077,1.940639435829563,0.7073064864683755,0.7011763097043223,0.2712554100795966
qwen-3.5-plus,3,e39798,desktop,43,0.122331902574889,0.345457559807774,1.4606370537865927,0.3552237616403527,0.5895090027384362,0.1954244556833031
qwen-3.5-plus,1,e39798,desktop,45,0.0145959424204953,0.2922640886023873,2.663993557116278,0.1162568081105355,0.6031823727634171,0.0670376337210083
qwen-3.5-plus,1,e2f93a,web,40,0.0939835022413546,0.2345784379062076,3.591467542293563,0.1787046554705969,0.6631015562967231,0.0492979036852052
qwen-3.5-plus,3,e2f93a,web,45,0.1090559896373623,0.236542223064701,2.724625053703189,0.1148379929545351,0.6535431759611917,0.0769714814970029
qwen-3.5-plus,2,e2f93a,web,49,0.0182522153087709,0.2011122159584047,3.594543266328534,-0.0608092262001437,0.6174115357598131,0.0061255086387907
qwen-3.5-plus,2,e348b5,mobile,42,0.1617757415157902,0.30428744679798,2.584632491976478,0.566891794861703,0.7550178273735091,-0.1984252546866079
qwen-3.5-plus,1,e348b5,mobile,47,0.1409611367548288,0.2862734529068568,2.4597786803286006,0.5004242467205914,0.6617098499156764,-0.2584358639600045
qwen-3.5-plus,1,e3d6fa,web,45,0.2504061096433785,0.3535252719023118,1.3669208600452605,0.5655071794625577,0.6689504763304619,0.101618732630283
qwen-3.5-plus,3,e348b5,mobile,40,0.1910696742181326,0.3038225730063432,2.3612832099789145,0.4449072008385252,0.6699891947719999,-0.0733048264325613
qwen-3.5-plus,2,e3d6fa,web,50,0.1508270543702917,0.32500316228924,1.5795021768051491,0.3482929294881157,0.638735927108555,0.0765155647458414
qwen-3.5-plus,3,e3d6fa,web,50,0.1265385957333794,0.3126416340541439,1.6226744227514396,0.2904812792883299,0.6294645683014902,0.0466852638939168
qwen-3.5-plus,1,e3d203,mobile,37,0.2329478371970185,0.3575918507519206,2.9562943594929054,0.4283131208472218,0.6724780262854247,0.1928435364202383
qwen-3.5-plus,1,e3d8f9,desktop,49,0.1360764922447352,0.2606436944903891,2.611602465226908,0.5577245372724285,0.7051644399795388,-0.0123411997331398
qwen-3.5-plus,3,e3d8f9,desktop,40,0.0397539284950593,0.2425540500034698,2.8099187553253717,0.1002666846303818,0.567856214514219,-0.0502904328111556
qwen-3.5-plus,2,e3d8f9,desktop,48,0.0553431282938911,0.2641527940505066,3.17799287882344,0.0906688525359153,0.5696612125937871,0.0458976070102455
qwen-3.5-plus,3,e3d203,mobile,33,-0.0617327976264626,0.2106616043488454,5.820912658722772,-0.1871814112355502,0.3504267769786517,-0.3190991468905686
qwen-3.5-plus,2,e3d203,mobile,35,0.1575058005748466,0.2782250592608777,3.961999681260539,0.2935019540920134,0.5368624822982688,-0.1581298133487918
qwen-3.5-plus,2,e471e8,web,40,0.2314660312561582,0.2629186229425112,2.098853848364203,0.7769718258327808,0.7078964543010284,-0.0307821687630259
qwen-3.5-plus,1,e471e8,web,49,0.0355349549967841,0.1956287516811505,2.751984551244041,0.0912693904757729,0.612339003490497,-0.0530206899075324
qwen-3.5-plus,3,e471e8,web,39,0.1206972486586445,0.2304660993065416,2.468862759210369,0.3992119064045292,0.6461227888942415,-0.1427746187697428
qwen-3.5-plus,1,e4afc4,web,48,0.2074369647356378,0.3110106697079347,1.5036723190651926,0.4798285365186905,0.6753138185242343,0.1212936551976569
qwen-3.5-plus,2,e4afc4,web,40,0.3492223094242119,0.3640838298596182,1.195352396071606,0.9076379724121156,0.7710899332520464,0.2118629215703154
qwen-3.5-plus,3,e4afc4,web,50,0.3998666682024024,0.3745971654273033,1.1622625703855132,1.0443219521205838,0.7724967210940749,0.3033437675269069
qwen-3.5-plus,1,e43ab5,mobile,40,0.3105933947990164,0.3997344775479338,2.5835870621109818,0.7354406860185749,0.7023637154460474,0.2091742047344792
qwen-3.5-plus,1,e451ee,poster,40,0.1495842163945037,0.2948543456760491,2.0719309078267014,0.2960563685927645,0.607509676411519,0.058094027490085
qwen-3.5-plus,2,e451ee,poster,47,0.2807342035232572,0.3336402821420299,1.7489952947435066,0.6143683648666793,0.6902032010868001,0.1979793859141114
qwen-3.5-plus,3,e451ee,poster,30,0.1437741344016089,0.2563788070034639,3.6400413042951945,0.2917147109193084,0.5431988397896015,0.060610848725988
qwen-3.5-plus,2,e43ab5,mobile,40,0.1724301172565915,0.3432903375103802,2.269767047987437,0.1529256347540017,0.5855920533277826,0.090152949997379
qwen-3.5-plus,3,e43ab5,mobile,30,0.1233801793215924,0.2701390429097202,2.846830731908695,0.3193407584184464,0.6625189469426398,0.0061336619817478
qwen-3.5-plus,1,e5174e,mobile,41,0.5316550462528544,0.5009468039285809,0.9384489203846372,1.0981105003824814,0.7378692094635445,0.4233582503452152
qwen-3.5-plus,3,e5174e,mobile,40,0.5904820134841913,0.5534577343858246,0.8448501055111598,1.190145329709835,0.7638066082225403,0.4626796946005137
qwen-3.5-plus,2,e5174e,mobile,40,0.3412299199982286,0.4335403984054361,1.453253600318002,0.7179290750951498,0.6916278326250558,0.2798180293788198
qwen-3.5-plus,1,e5a7be,web,50,0.3730928944307179,0.2728756758854186,2.6064875731722243,1.4005222876972143,0.7350255889250592,0.3202349720743438
qwen-3.5-plus,1,e4f360,mobile,41,0.6727137038797815,0.500084304019161,2.528722565997486,1.5346033466469813,0.6763929703218962,0.6847630498734887
qwen-3.5-plus,2,e5a7be,web,42,0.3008993187331771,0.2271463830981561,2.617293334796616,1.107631975324282,0.7517936146225148,0.2910963279079737
qwen-3.5-plus,2,e4f360,mobile,31,0.6576243117079991,0.4677628217846372,2.6948696520873696,1.5412450585407855,0.68979740541009,0.6650242551533472
qwen-3.5-plus,3,e5a7be,web,40,0.3425774494257209,0.2797269283115328,1.6995797042115022,1.2533027478092842,0.8160705955911842,0.2750581887882768
qwen-3.5-plus,3,e4f360,mobile,47,0.486025921290824,0.4518163162322752,1.47747978196737,1.4118827183465272,0.7889628310566782,0.4290120429692742
qwen-3.5-plus,1,e60745,web,44,0.292087223315368,0.3492950635540339,1.5967778421064829,0.9919239216434248,0.7981167063479704,0.1755453284269471
qwen-3.5-plus,1,e5635e,mobile,38,0.2471213204252477,0.3656811555793448,2.290996968517803,0.5336996074088489,0.6624191539086614,0.2124683834224091
qwen-3.5-plus,2,e60745,web,43,0.2941924956433077,0.344922728986676,1.734563657465247,0.9910815778775842,0.7731079854807119,0.1546214554207553
qwen-3.5-plus,3,e5635e,mobile,40,0.2700948108449513,0.3825917878206584,2.1277785687994286,0.5850620208351904,0.6669770484586711,0.1959166781635979
qwen-3.5-plus,2,e5635e,mobile,51,0.0401545465117275,0.2792407996613293,3.887307504620652,-0.1090705687366772,0.4676983140176738,-0.0404029468300696
qwen-3.5-plus,3,e60745,web,40,0.2526402387152778,0.3161229894136954,1.864727330874969,0.8747804495211636,0.7449931478230847,0.0613983188468195
qwen-3.5-plus,1,e643f8,web,79,0.1074772067252746,0.2830192448976926,1.8978940648669265,0.3130149740158696,0.6441974946482887,0.1074823769026491
qwen-3.5-plus,2,e643f8,web,54,0.2462120527782232,0.3483954015456149,1.5031643161419097,0.5917289894656754,0.7195749007230207,0.1506945268866256
qwen-3.5-plus,3,e643f8,web,48,0.2839816476780543,0.3556275978899465,1.7563406147157128,0.7054350129517698,0.6902945671067674,0.2235390591816825
qwen-3.5-plus,1,e624e7,mobile,40,0.3621746356240428,0.4144077374614621,2.5631148902350014,0.7986813756867175,0.6615534754457051,0.3010430505778548
qwen-3.5-plus,2,e624e7,mobile,40,0.2606910102432459,0.3499456709756979,3.12601340257646,0.5407402745852519,0.6431836732104781,0.2165545993257689
qwen-3.5-plus,3,e624e7,mobile,31,0.1662166354935607,0.3356491685938314,3.3824374194950213,0.5407391404063864,0.6059710287289964,0.1454051590005991
qwen-3.5-plus,2,e64d79,poster,36,0.2309860630598479,0.3426612931691389,2.975219267854509,0.5283396451120862,0.6721326633003746,0.0910578451262165
qwen-3.5-plus,3,e64d79,poster,30,0.3189518953287172,0.3713898393261537,3.6447891500460345,0.6259068765604691,0.5898870112926117,0.189511167890521
qwen-3.5-plus,1,e64d79,poster,31,0.1843498927661569,0.2747232021306721,4.274833272109689,0.0934789007268653,0.6389004548028501,0.0070941359030247
qwen-3.5-plus,1,e64eb8,mobile,48,0.0968524383685763,0.3184745491227352,2.7807897524090595,0.2436518915203716,0.5562989315611471,0.0536838991403
qwen-3.5-plus,2,e64eb8,mobile,30,0.1656659590715617,0.3280289825933151,3.012186405279558,0.2280393601397978,0.5660015027922779,0.1640466597461223
qwen-3.5-plus,3,e64eb8,mobile,47,-0.0083612984265619,0.3371285450282791,2.5163061796133643,-0.0801724390845476,0.4792105415421253,-0.0014410899546874
qwen-3.5-plus,1,e6b882,web,40,-0.013960561393918,0.224246602107447,2.226324996435917,-0.0464410795794863,0.6157287369530002,-0.1404641078344255
qwen-3.5-plus,2,e6b882,web,47,-0.0279835703219913,0.2247876952131998,2.652175859731305,-0.0523223044833448,0.522230816096321,-0.0708392169181207
qwen-3.5-plus,2,e69624,mobile,48,0.3258066602911119,0.4457425309221111,1.6250631876791028,0.4937652803438151,0.676529072354798,0.3285056530226365
qwen-3.5-plus,3,e6b882,web,48,0.169309692723941,0.3474716177095579,1.7008830663159191,0.393045995903421,0.6676762349083486,0.0583144829953368
qwen-3.5-plus,1,e69624,mobile,30,0.3128012956809154,0.4247506131236616,2.035394868584444,0.5177033710028613,0.6403996925405192,0.3105393009994154
qwen-3.5-plus,3,e69624,mobile,30,0.2364285051435575,0.399615924482151,2.2006603785442005,0.4384150722680484,0.6269231878778682,0.2314749578116874
qwen-3.5-plus,1,e6c62e,web,48,0.1862657917689038,0.3757283085660634,1.720786739788787,0.4323353570622851,0.666048578300814,0.0331795827894767
qwen-3.5-plus,2,e6c62e,web,40,0.2135479157883455,0.3833988959680812,1.6780883182607946,0.5101625976567732,0.6792300527282547,0.1033431631165252
qwen-3.5-plus,3,e6c62e,web,38,0.2331901592708004,0.3956129453592694,1.6634268704554185,0.5858018321985939,0.7025416528371503,0.0907525578454325
qwen-3.5-plus,1,e7022f,web,30,0.1229454691614897,0.1947562961638939,6.852624906585642,0.3803177774146916,0.4235779940934107,0.0735313935801081
qwen-3.5-plus,2,e7022f,web,48,0.3806767905915978,0.4068611721528239,1.1777852525050947,1.074440860517614,0.8144185025653364,0.2874643975974243
qwen-3.5-plus,3,e7022f,web,49,0.1961269735473515,0.296095760629971,1.8142229296359147,0.5467818568235536,0.7083611638988301,0.1250220924697204
qwen-3.5-plus,1,e711e6,desktop,40,0.311336737707101,0.378238586805493,1.4387064902970983,0.8008557307991419,0.7450067282768656,0.179531847585501
qwen-3.5-plus,2,e711e6,desktop,40,0.2342939476850335,0.3257441386492503,1.4466193010134925,0.6242640969128006,0.7151944425601865,0.134198469878172
qwen-3.5-plus,3,e711e6,desktop,46,0.3498028114959548,0.3921677239878287,1.4399706111829442,0.8869470709462571,0.7520845577684235,0.2369348242204369
qwen-3.5-plus,1,e7163d,web,49,0.2685454788244069,0.342855110485095,1.2958647564149668,0.432440456972565,0.5939338651710601,0.3419892063213857
qwen-3.5-plus,2,e7163d,web,49,0.1726614657252293,0.3303621878887965,1.3469462224643869,0.3191960754779137,0.5795963898965869,0.2685771343091552
qwen-3.5-plus,1,e734ce,poster,40,-0.2600742060774496,0.2416582509631518,2.0419976288711346,-0.5447919665860742,0.3437038948091573,-0.1141332197169041
qwen-3.5-plus,3,e7163d,web,40,0.2804506764546727,0.3665989777315288,1.234384482487166,0.4709504824744306,0.6190075990483623,0.2425908942163419
qwen-3.5-plus,2,e734ce,poster,45,-0.0483580377551103,0.2974850257740378,1.7478481337222789,-0.1180312028304045,0.4651272311860458,-0.0009016613865334
qwen-3.5-plus,3,e734ce,poster,50,-0.0670994252668406,0.2892695940176809,1.6843974022728332,-0.1238989958822439,0.4808723950656798,-0.0069238221574544
qwen-3.5-plus,1,e70774,poster,41,0.415306746023143,0.4430611574373793,1.9499458244036905,0.8668948487281894,0.7545315136818986,0.3775717344801543
qwen-3.5-plus,2,e70774,poster,40,0.4463768468760298,0.4681405418152774,2.2625156654636824,0.887531595282865,0.7605751582864441,0.3892547625483874
qwen-3.5-plus,3,e70774,poster,40,0.4813971904011154,0.4705693746768745,1.957953966830527,1.0156819261315997,0.7818825800245536,0.4173890949893169
qwen-3.5-plus,1,e74016,web,61,0.4523163321395412,0.4856988942431992,0.9130332448048142,0.8553100098586341,0.7651668398076463,0.0309537219495041
qwen-3.5-plus,2,e74016,web,40,0.284526956316683,0.3785741269584652,1.2348874043757283,0.6409042695493936,0.6910809450806604,0.1007629984386924
qwen-3.5-plus,3,e74016,web,48,0.449796671594307,0.4592445465207544,0.9243414834581954,0.8833811795100759,0.7420025760805569,0.1123252713174067
qwen-3.5-plus,2,e78858,desktop,48,0.1157512382181706,0.2689815193539282,2.1481022071392433,0.2770262783130338,0.6127967781979874,0.0806959103660192
qwen-3.5-plus,1,e78858,desktop,50,0.2522672572860417,0.3138222728076772,1.5996986443908845,0.7317879730486243,0.6880816734305396,0.2554477227359179
qwen-3.5-plus,3,e78858,desktop,50,0.2531120955974627,0.3237885038929207,1.9788606243768416,0.5772327273942653,0.657138109008384,0.2689572604741383
qwen-3.5-plus,2,e73aab,poster,47,0.1937409554327429,0.2641732737369426,3.062170170361852,0.485661734667603,0.6949911193030264,0.2057517255285292
qwen-3.5-plus,1,e73aab,poster,46,-0.0067160048540064,0.1379406241515895,6.396089935006523,-0.0409931180279731,0.511846441111763,-0.0343709212007648
qwen-3.5-plus,3,e73aab,poster,45,0.1978000199146476,0.3062452263661137,2.815705444901491,0.5546475021373933,0.6852588699041231,0.2391635609520707
qwen-3.5-plus,1,e7a5c0,poster,50,0.2147573815325121,0.3418474603637719,4.245589894276814,0.4646475140334902,0.5437888040552152,0.0851392691792763
qwen-3.5-plus,1,e7be99,desktop,36,0.4867012260802102,0.4225896649918424,1.1185358963036196,1.247703315304732,0.8223676456651676,0.4036269842781299
qwen-3.5-plus,2,e7be99,desktop,32,0.4870047777776436,0.4434906267948534,1.0760736456831184,1.2350416703913083,0.8261921261471664,0.4194659087900984
qwen-3.5-plus,3,e7be99,desktop,51,0.3325689988248576,0.3475335916472543,1.4076495402128522,0.8407216390026012,0.7111867524913371,0.0740727539424506
qwen-3.5-plus,2,e7a5c0,poster,40,0.2647325136022226,0.3670451548575358,3.877901923166112,0.4686808833944814,0.5581499384606354,0.1430705552059961
qwen-3.5-plus,1,e7e0d0,web,40,0.2140473421876233,0.4237912345794831,1.2499271242246923,0.408554638910167,0.6396461055568805,0.0534604538786187
qwen-3.5-plus,2,e7e0d0,web,38,0.1637381436243601,0.4040612565537781,1.3363664172997671,0.334822590145877,0.6082554674142331,0.0190712119882096
qwen-3.5-plus,3,e7e0d0,web,40,0.0525330889607589,0.3692411097957204,1.708474952932736,0.0685096403804546,0.5608748962326764,-0.088033972978025
qwen-3.5-plus,1,e82dd7,poster,47,0.0902716497867485,0.2594053602352048,1.8722291290792763,0.1424110846153547,0.5849583794263951,0.1762160703503206
qwen-3.5-plus,3,e7a5c0,poster,48,0.1361684641537523,0.3167313702838047,4.331410491065365,0.2127243273219424,0.4958672949172779,-0.0088861425983004
qwen-3.5-plus,2,e82dd7,poster,45,0.1994036263854537,0.2805893135923542,1.672142084731616,0.4215554514237077,0.6400646615909575,0.2628705389116316
qwen-3.5-plus,1,e84071,desktop,49,0.3460473898838634,0.3219590117124196,1.3020858689352346,0.8552574322623488,0.7224021401446477,0.1544027299293888
qwen-3.5-plus,2,e84071,desktop,37,0.4229411384967433,0.3377080511106728,1.2244917034685034,0.9997114460917402,0.7725054178811016,0.1140439183273529
qwen-3.5-plus,3,e82dd7,poster,45,0.2324788081688365,0.2933076306282077,1.6376678018773547,0.4935969204846174,0.6385447496602353,0.2342781089287504
qwen-3.5-plus,3,e84071,desktop,48,0.1781613521348368,0.2726976864063977,1.5141242977651503,0.414656740678023,0.6243145498592362,-0.0367963875068911
qwen-3.5-plus,3,e663f9,poster,43,0.0584738432075817,0.176225813432482,5.50653467722567,0.3184275965759242,0.3604581866074794,0.0342861013311962
qwen-3.5-plus,2,e663f9,poster,49,0.0262023628781175,0.1610437395850712,5.523967456993181,0.1026256359874952,0.4383422957700729,0.0235635518977481
qwen-3.5-plus,1,e663f9,poster,40,0.0253149186927617,0.1455568630353409,5.840185637009206,0.0536837994562048,0.3909140633327407,0.0198792185014324
qwen-3.5-plus,1,e85138,poster,50,0.2680710899362595,0.4191256542485772,1.4334081203395117,0.5936971748039798,0.6543659414176015,0.1885817554897657
qwen-3.5-plus,2,e85138,poster,49,0.2565920961130993,0.4454423758102362,1.2324770378008931,0.5612217741822247,0.6732767045819303,0.120451010007264
qwen-3.5-plus,3,e85138,poster,49,0.2866609792786924,0.4566089559281019,1.1623913860586874,0.7121966383027174,0.6924098026262241,0.2849623103361737
qwen-3.5-plus,1,e84796,poster,40,0.2290235532949692,0.3333800518573793,2.0860957922389396,0.4996307504024229,0.7457138361704101,0.1801751536968213
qwen-3.5-plus,3,e84796,poster,40,0.4833042637697641,0.4501845903833121,1.6445702218669656,1.1589154108664577,0.7957307012319692,0.4417317802261494
qwen-3.5-plus,2,e84796,poster,46,0.3327101197279732,0.3679510602680604,1.8827797125835133,0.7068358896080409,0.7188926325916196,0.3105275451514023
qwen-3.5-plus,1,e856d3,poster,40,0.2405830489323072,0.3369559232601923,2.9162312117180105,0.5667333113917297,0.7230667214224857,0.3011174308580481
qwen-3.5-plus,2,e856d3,poster,49,0.5354333368174867,0.4819032484803369,2.3422040973596814,1.3457774844934527,0.7633990518204838,0.5731868269525012
qwen-3.5-plus,1,e86e77,poster,51,0.0618612472390571,0.3504592756699149,1.382066677558847,0.1884959791137163,0.645492097891386,0.183567858684776
qwen-3.5-plus,2,e86e77,poster,50,0.4286460512706104,0.4435419875719494,1.0248943951583367,1.0074243194303976,0.7807293498038117,0.4490835950627919
qwen-3.5-plus,3,e86e77,poster,40,0.3185972304878013,0.443970278857803,1.168235032525169,0.8056885578557617,0.6970940003693513,0.3910849088109023
qwen-3.5-plus,1,e864da,desktop,40,0.3380256721637521,0.3996651103456174,1.2095608429573583,0.8094488054189048,0.7347305603221381,0.3355219035865852
qwen-3.5-plus,3,e856d3,poster,47,0.1938822855419745,0.3593804985301589,2.2111479639681733,0.4820524473469824,0.6820454661324965,0.2475031771119285
qwen-3.5-plus,3,e864da,desktop,48,0.3068275675827501,0.4082441297242445,1.1976531811280295,0.7479045125156287,0.7086154477592812,0.300652150505523
qwen-3.5-plus,2,e864da,desktop,40,0.4243902322158803,0.4370666689732299,1.1842640590766638,0.9613915750558724,0.7533397377244306,0.4215633683059668
qwen-3.5-plus,2,e8b226,desktop,34,0.0426206998338511,0.2842709609518433,2.8374688609405334,0.1152342780221285,0.5532998457910727,0.0268645274421759
qwen-3.5-plus,3,e8b226,desktop,46,0.0159099584740987,0.2846913411276153,2.7053582545109576,0.0858133257077942,0.5316908022419684,-0.0001650296100197
qwen-3.5-plus,1,e8b226,desktop,47,0.0016297148087143,0.260582251555393,2.536257003493904,-0.037336733449922,0.5058011400509701,0.0192467473202185
qwen-3.5-plus,3,e8d8ff,mobile,35,0.5265568500724813,0.4992459640351187,1.0996252649012126,1.3200846522000442,0.8060169339914199,0.4521538659905093
qwen-3.5-plus,1,e93e5e,poster,50,0.3463498835494351,0.4228714200419492,1.0114750385468745,0.6229881677905355,0.7175400321008563,0.3450645115943507
qwen-3.5-plus,2,e8d8ff,mobile,42,0.581317568662488,0.5077185139806851,1.342094440745392,1.555997948213142,0.8312321199510129,0.4887609733933151
qwen-3.5-plus,1,e8d8ff,mobile,29,0.5017376094563449,0.4546005595285027,1.393588642648652,1.4572753810708248,0.8140507369176845,0.4452399768250266
qwen-3.5-plus,2,e7e220,poster,44,0.1810581123020071,0.2418094540110896,4.6889451225526635,0.3701290526727032,0.5411631917266545,0.1469806142206827
qwen-3.5-plus,1,e7e220,poster,34,0.1549655463324757,0.2028564576785951,5.224015971455681,0.3704243200869487,0.4818078360856123,0.1374770253596793
qwen-3.5-plus,2,e93e5e,poster,50,0.4294334122275037,0.4497274240664998,1.005896380521924,0.7982545333625277,0.7245584700160299,0.4269091792776307
qwen-3.5-plus,3,e93e5e,poster,45,0.5033977374715621,0.5015729047984046,1.0023439627621036,0.9651888766878928,0.7561810285844822,0.5062972006169709
qwen-3.5-plus,3,e7e220,poster,29,0.1395523495992356,0.187435588933056,5.4091833518232075,0.2794715774320195,0.4426518957671692,0.1267198435319913
qwen-3.5-plus,1,e9465f,poster,49,0.2145230281173162,0.4637813631842559,0.9543688214067652,0.375119047115123,0.6678852586441704,0.1997406732636386
qwen-3.5-plus,2,e9465f,poster,40,0.350835505914347,0.5026434604800412,0.9084495755941816,0.5988569223170165,0.6905465053974927,0.306934636498068
qwen-3.5-plus,3,e9465f,poster,50,0.1970188242502815,0.4505690788380667,0.9182238472445444,0.3118427262833943,0.638296496978552,0.2549922813740924
qwen-3.5-plus,1,e948ad,poster,40,0.1623738154797034,0.3630330394973526,1.9425409256849957,0.3748575074494849,0.6039825532110176,-0.0131222713513391
qwen-3.5-plus,2,e948ad,poster,50,0.0708871560606646,0.3301052317604188,1.5498089834483553,0.2979993754673424,0.5782597378387305,0.129811131014919
qwen-3.5-plus,3,e948ad,poster,48,0.1982542495199124,0.3555276666719759,1.3652556876575048,0.4162694286713322,0.6086253207196259,0.1105289406819565
qwen-3.5-plus,1,e99f26,desktop,49,0.6290556635313869,0.5047330929403643,0.8750572133690211,1.277433260453262,0.7436000206100845,0.5893308007370085
qwen-3.5-plus,3,e8739a,poster,37,0.0664322148039868,0.2259624075836646,4.790444715365297,0.2744566907698789,0.472761163563978,-0.0691558957935563
qwen-3.5-plus,2,e99f26,desktop,48,0.4576045278478738,0.4211245346858345,1.1276902282272268,0.945843955579222,0.7121439941948411,0.3830007333470115
qwen-3.5-plus,1,e8739a,poster,28,0.0260052775586872,0.1710359225957672,5.523861031304908,0.1582968503747909,0.4717060500459256,-0.0597254234776325
qwen-3.5-plus,3,e99f26,desktop,40,0.3680613939442515,0.3642072284925972,1.3290746723710058,0.7820855123767936,0.653713954534626,0.2604737025936631
qwen-3.5-plus,2,e8739a,poster,40,0.0980266937543915,0.2524768335510059,4.428411539637553,0.2438706662813352,0.5495183471751848,-0.0798863145415129
qwen-3.5-plus,1,e9a4e4,web,50,0.2739317924971448,0.3640377540622017,1.4740931274282807,0.6081326649125846,0.6519328691309348,0.3008476364198265
qwen-3.5-plus,2,e9a4e4,web,59,0.1119960577406546,0.3411418792393009,1.4665081456558695,0.338143517710919,0.5965928735720036,-0.005241662617575
qwen-3.5-plus,3,e9a4e4,web,51,0.2476729438425886,0.3887920106625873,1.2884854852000769,0.4636375185864491,0.645402698334585,0.1077234547608461
qwen-3.5-plus,2,e946d8,mobile,44,0.0521464066886926,0.3064596482936437,2.7446126287408203,0.2442036175244476,0.5031327044288189,0.0753441323460957
qwen-3.5-plus,1,e946d8,mobile,41,0.0679338510338156,0.337135008760729,3.019476384979924,0.3222938117362297,0.5535689005029163,0.0440160290223358
qwen-3.5-plus,1,e9b8fa,web,48,0.1649683805746752,0.3054380560755687,1.8654111262040027,0.3658832688491862,0.6393811804772838,0.0742122448421667
qwen-3.5-plus,2,e9b8fa,web,35,0.2279552117714326,0.3197409488707315,1.962098194078456,0.4765768297344537,0.6747818422507846,0.1388296886467834
qwen-3.5-plus,3,e946d8,mobile,50,0.0287580743123176,0.3003981616721631,2.7280311276665867,0.2456286026906104,0.5310415023507407,0.048674844934185
qwen-3.5-plus,1,e9b913,web,56,-0.0121987365660824,0.2734453393999898,2.597046912040083,-0.0065482434652091,0.5214815527513712,0.0342064971441793
qwen-3.5-plus,3,e9b8fa,web,48,0.195356175490263,0.3066886038598881,1.86748549023976,0.4007477886024577,0.6394664155762789,0.1330135104292334
qwen-3.5-plus,1,e9cc4c,desktop,33,0.2337629572963741,0.3141998003315114,2.146686756759443,0.4969920685943031,0.6607688995160097,0.2326828521244313
qwen-3.5-plus,1,e9f3a6,poster,48,0.0821367652628957,0.4222321058836258,1.2530430005526172,0.1554785718061314,0.52778099857907,0.0531601397488528
qwen-3.5-plus,2,e9b913,web,51,0.000268755480718,0.2704945704528541,2.4989634872771864,0.0096207709602714,0.527747977740233,-0.0141401336129937
qwen-3.5-plus,3,e9b913,web,47,0.010319626449326,0.2968479755437643,2.3812814448030837,0.0520345173672791,0.5051490838504198,0.0593335810346941
qwen-3.5-plus,2,e9f3a6,poster,40,0.05928385633897,0.426019129352835,1.2908578088245068,0.1174741759914335,0.5319807635874034,-0.027487471814565
qwen-3.5-plus,2,e9cc4c,desktop,35,0.2756497236368711,0.3098362327732644,2.067220439065382,0.5941111016333305,0.6615279359639015,0.3841533885575725
qwen-3.5-plus,3,e9f3a6,poster,46,0.2593731880883805,0.4539854993475112,1.0246748724075665,0.4930491705187254,0.6470725536323547,0.0894930648699175
qwen-3.5-plus,3,e9cc4c,desktop,45,0.2533724433479635,0.3295831032730208,1.565975264555444,0.5649844856125872,0.6682437616580694,0.3417493203946488
qwen-3.5-plus,1,e9f7f7,poster,49,0.5538008550366527,0.5352279112548548,0.6702052642850194,1.0985244818187176,0.8218763893434778,0.5037728679452176
qwen-3.5-plus,1,e9ec93,desktop,49,0.3758639376640065,0.3843560229807408,1.2770012586310528,1.1419248688856845,0.8161504801768158,0.0906412803683961
qwen-3.5-plus,2,e9f7f7,poster,45,0.6513635304531402,0.5828850633652563,0.5776009451797224,1.2996595360876333,0.8318118856434726,0.609313955696412
qwen-3.5-plus,2,e9ec93,desktop,50,-0.0326796179338525,0.1377013464570061,8.164580395710827,0.0106505499602519,0.3647343799613489,-0.0931468177142414
qwen-3.5-plus,3,e9f7f7,poster,40,0.6817727642821841,0.6025251459871982,0.555318865241069,1.363483620984807,0.839551322283833,0.6483373558314258
qwen-3.5-plus,3,e9ec93,desktop,49,-0.0348911513503134,0.105197487976871,8.64211979078915,-0.0806846715221266,0.3248460330517443,-0.0714971681377804
qwen-3.5-plus,2,ea01c0,poster,50,0.3998316404941604,0.39257860874526,1.164078124934966,0.8996921542692831,0.7541426348753982,0.4155631708434429
qwen-3.5-plus,1,ea01c0,poster,50,0.5345025717404794,0.4681913460188893,0.9071898164455908,1.1940853572089538,0.8028064799869675,0.5426206165184632
qwen-3.5-plus,3,ea01c0,poster,43,0.4377213612214616,0.3926314389508213,1.0628555087487372,0.9698117194421092,0.7729961736493111,0.4434605594889969
qwen-3.5-plus,1,e9f7d6,web,44,-0.1274488039706674,0.2632107284740648,2.855263698553071,-0.1900144445361811,0.4282352868974972,-0.0696075396196703
qwen-3.5-plus,1,ea0f94,poster,40,0.1536910844700209,0.4457370969680962,1.5930798017134142,0.4040326367209457,0.6116933640318689,0.1496149213930761
qwen-3.5-plus,2,e9f7d6,web,48,-0.0611306789321919,0.2944649166054875,2.176956390816873,-0.1120944113877167,0.5027529369999049,-0.0623467906184774
qwen-3.5-plus,3,e9f7d6,web,54,-0.0602708046558827,0.3152333303828174,2.012453619038109,-0.0822094008928856,0.4949002474841373,-0.0990066505245968
qwen-3.5-plus,2,ea0f94,poster,40,0.1063904619492245,0.4043355344791773,1.8069080645533295,0.3203543699409048,0.5801356772009146,0.164145055468124
qwen-3.5-plus,3,ea0f94,poster,40,0.2205507903433511,0.4950457913104938,1.3220642208009654,0.7427062643185435,0.6728029961919042,0.1942231808374681
qwen-3.5-plus,2,ea39db,desktop,45,0.1790271692911528,0.3823883620932386,1.7015189874872378,0.5331112542098044,0.6542659466510269,0.1195349715654708
qwen-3.5-plus,3,ea39db,desktop,40,0.0475882481380395,0.3335372726928855,1.902289351139918,0.1889791640358886,0.5630204320091488,-0.0267879649694963
qwen-3.5-plus,1,ea39db,desktop,40,0.1747131066411071,0.3638962028850547,1.7023117447316412,0.5213749865987051,0.6448214224391895,0.0728195478617117
qwen-3.5-plus,1,ea4596,desktop,45,0.4814534259183505,0.4617381490030771,0.9464304024318316,1.0174470306066614,0.7605175956656868,0.3370919153083317
qwen-3.5-plus,3,ea4596,desktop,41,0.4849409514437476,0.4559662665422317,1.0021730508442048,1.0342079880106805,0.7724395192006904,0.3070479383782783
qwen-3.5-plus,2,ea4596,desktop,45,0.4980494106209068,0.4905265768720633,1.090042186745923,1.1080022300299923,0.7644397304564595,0.3962627364330059
qwen-3.5-plus,1,ea57c5,web,43,0.0588204977000129,0.2575784729133232,2.6092772746711925,0.0939943608344428,0.5121746211961734,0.0288535858670845
qwen-3.5-plus,1,ea104d,poster,32,0.1972948793645928,0.2751138901957022,3.4393584385954883,0.3419286598283175,0.634117448523855,0.2028702216536318
qwen-3.5-plus,2,ea104d,poster,51,0.0528921020936222,0.185485052971637,4.242962649440364,0.0882300053791501,0.613114622734093,0.0543691930780289
qwen-3.5-plus,2,ea57c5,web,49,0.4896482130335799,0.4690725795412731,1.1593843182826695,1.1392877931431535,0.7862775496983656,0.4489826447668026
qwen-3.5-plus,3,ea104d,poster,39,0.1747446549438836,0.2612306187200763,3.242734663988572,0.2696530936077607,0.6332554892406929,0.1750770719065235
qwen-3.5-plus,3,ea57c5,web,37,0.2994983584975777,0.3964682601545143,1.793107224672926,0.7173122794920702,0.7138547726589876,0.2724412129971563
qwen-3.5-plus,1,eabfe2,web,40,0.3315864545296587,0.3708130126546766,1.4734705533307266,0.8023606476919984,0.701907217834987,0.340615200520405
qwen-3.5-plus,2,eabfe2,web,40,0.1769776000429818,0.2903056118176775,2.7870548784838,0.3592893278421665,0.6581966408011481,0.2010563956187189
qwen-3.5-plus,3,eabfe2,web,44,0.1035608666654302,0.2533884945575674,3.5533817652931607,0.2570287124923085,0.5391000927107308,0.161062732706686
qwen-3.5-plus,2,ea6aef,mobile,40,0.21550029143007,0.3791168913116309,2.241685343222183,0.2402823350202768,0.6035140127266998,0.19495463685417
qwen-3.5-plus,1,ea6aef,mobile,40,0.1786469030444363,0.3534032557696206,2.4648008265208734,0.1761253903788154,0.5728823177738553,0.1885308244156024
qwen-3.5-plus,3,ea6aef,mobile,41,0.176198355640633,0.37745669460302,2.122329258751961,0.1761089793823022,0.5887367683189298,0.1382864946691338
qwen-3.5-plus,1,ead495,web,47,0.1324482906011981,0.3357696080624228,2.307859303650549,0.3626826264309671,0.5757802417744096,0.0990755641348892
qwen-3.5-plus,3,ead495,web,44,0.0926324869058566,0.315143541403595,2.5966596209589734,0.2908286872293865,0.5504724621849604,0.0745549326559633
qwen-3.5-plus,2,ead495,web,44,0.0708038655221038,0.3149431675073009,2.3619100995592577,0.2289794805269803,0.5822422396596326,0.0195533867114298
qwen-3.5-plus,2,eadf4b,mobile,42,-0.0322045722934229,0.3066790703702547,4.151737699154415,-0.0851078104836712,0.4395235047441634,-0.1229976770377255
qwen-3.5-plus,1,eadf4b,mobile,37,0.0242463831423585,0.2833658742823178,4.225863000626575,0.0700096942773108,0.5100093266779157,-0.0492440049910267
qwen-3.5-plus,3,eadf4b,mobile,46,-0.0520436942254897,0.2537365703240535,4.611758848653347,-0.0825037894166677,0.4188137946155883,-0.0994390193540939
qwen-3.5-plus,2,eae3c4,mobile,23,0.1957986102101729,0.3391743040845106,3.049154546555159,0.2775121909206982,0.6403166066494876,0.2487605900599973
qwen-3.5-plus,1,eae3c4,mobile,50,0.3039241598504173,0.4032590800073846,1.8639865047269015,0.4930079010490098,0.6848820633581905,0.3380913146006334
qwen-3.5-plus,3,eae3c4,mobile,40,0.2490567273083896,0.3778805492040382,1.9418805626789415,0.4287209310811645,0.6598245459445748,0.2391106745454931
qwen-3.5-plus,2,eb0400,web,35,0.412472552450536,0.4376974408921855,1.0065558507367598,0.8742742139268037,0.7554237829587477,0.2917333728515944
qwen-3.5-plus,1,eb0400,web,40,0.3690685139202766,0.4243717046802702,1.133276415114256,0.8695138803763304,0.7354127757310914,0.2748122781295972
qwen-3.5-plus,3,eb0400,web,44,0.2583150343933058,0.3641554997614593,1.2951602677842986,0.594896253929574,0.6747094504397962,0.1572021081556637
qwen-3.5-plus,1,eb1040,web,38,0.2855886764369599,0.4116859727670948,1.2442344556704108,0.7522559121583113,0.7545713450614864,0.1764153439014684
qwen-3.5-plus,2,eb1040,web,79,-0.0196188297926952,0.328497808470994,1.7128122933778682,-0.0487878432309284,0.4851631087079111,-0.2665177002940783
qwen-3.5-plus,3,eb1040,web,46,0.2408857540297275,0.3932329848183798,1.2785314755060944,0.6870399493885084,0.7526814682938938,0.1582249527093289
qwen-3.5-plus,1,eb334e,desktop,40,0.7148554046272794,0.5249305758610925,0.977804395600808,2.1600781436370564,0.8688036339422505,0.676579108569522
qwen-3.5-plus,2,eb334e,desktop,52,0.6023184205578187,0.4619354571069929,1.1294163954009795,1.6684566559415777,0.8468789636354923,0.5763479808000637
qwen-3.5-plus,3,eb334e,desktop,38,0.6439307341233573,0.4814786616514334,1.250196512242882,1.910481321390918,0.8576155696129993,0.6065493279577594
qwen-3.5-plus,1,eb06ec,mobile,40,0.321156501435682,0.3988086263075453,2.068889291558694,0.5542533718678924,0.6496169450125544,0.259802469775731
qwen-3.5-plus,2,eb06ec,mobile,40,0.319063161125793,0.3790463879133954,2.1522929088253657,0.6450341047472373,0.6245739610769112,0.2174700388383353
qwen-3.5-plus,3,eb06ec,mobile,41,0.2308917716924767,0.3796486527144234,2.2435185709994325,0.7049313475843139,0.6482172377334336,0.1543962723045529
qwen-3.5-plus,1,eb34f4,desktop,27,0.4996921674354181,0.414534093450566,2.1761067882182523,1.2980569133573123,0.743515178498101,0.5453738373377955
qwen-3.5-plus,1,eb529b,mobile,50,0.6130103144393378,0.609338580083675,0.6663667106305229,1.0006336847153543,0.7609031715297225,0.6289678457036251
qwen-3.5-plus,2,eb34f4,desktop,50,0.2615734855703061,0.2760226991978344,3.898538093898838,0.7196798773813151,0.5799468959089124,0.2442559915573603
qwen-3.5-plus,3,eb34f4,desktop,33,0.4299869888517373,0.3835941837398773,2.4116787974672045,1.1265754842043891,0.7135522793544417,0.4944854943911608
qwen-3.5-plus,2,eb529b,mobile,50,0.1783489336425373,0.444189772619696,1.1418801888589718,0.2894055317166796,0.6393713624831661,0.2692888683921052
qwen-3.5-plus,1,ebd305,poster,81,0.136765547425062,0.2649318758450895,1.7275426584905482,0.4286113177461264,0.6250317693626046,-0.1151475935387645
qwen-3.5-plus,2,ebd305,poster,40,0.1335494015006585,0.2794086206603159,1.70941827338729,0.3921544737614909,0.6231783954702442,0.0036159088811602
qwen-3.5-plus,3,ebd305,poster,50,-0.1052856688716937,0.2254812822345058,2.3595220431017823,-0.2300059171764689,0.4365789385022746,-0.0639642567609644
qwen-3.5-plus,3,eb529b,mobile,41,0.3287069548236123,0.4974624683660814,0.8810454736458561,0.5483388490657113,0.6557612972781823,0.3276947804597704
qwen-3.5-plus,1,ec53c3,poster,50,-0.0836439532896216,0.2371537215797516,1.914136190978926,-0.1761438701875086,0.4557076138216413,-0.4702261601470337
qwen-3.5-plus,2,ec53c3,poster,51,0.0732883610057516,0.2683640842460553,1.5736144078436192,0.1980684741618087,0.5753104349253101,0.0490736480041009
qwen-3.5-plus,3,ec53c3,poster,45,0.1188563490386459,0.2837417038774704,1.5305858370243877,0.2328250189530727,0.5841623546451933,-0.0783061513884826
qwen-3.5-plus,1,ebe076,mobile,44,0.3573034917165858,0.3752435939123533,1.3864005241182908,0.7426798531971213,0.7064721909044658,0.0517279268657347
qwen-3.5-plus,3,ebe076,mobile,42,0.1923053629796027,0.3280689934483884,1.3836912199645288,0.4781028112429576,0.6265761382102956,0.0101518908533402
qwen-3.5-plus,2,ebe076,mobile,36,-0.0917285139697613,0.2313757768087473,2.3956858923674473,-0.1831787765581004,0.4724965020207918,-0.5003707705044305
qwen-3.5-plus,1,ec6510,mobile,33,-0.0492580464779189,0.2417340924566441,4.361552733179102,-0.2611640693243906,0.4467064926947279,-0.1534913101619978
qwen-3.5-plus,3,ec6510,mobile,42,0.0981157577047062,0.3240576876223238,2.723625678074872,0.144883079179236,0.5736531931654839,-0.0396357587493446
qwen-3.5-plus,2,ecd2f0,web,35,0.3108869407904735,0.3227069687793666,2.510794915991225,0.8919774722260913,0.7545125170104724,0.3273440999210239
qwen-3.5-plus,3,ecd2f0,web,45,0.2798250589083857,0.3050415342792609,2.4728466484627165,0.7730260621163122,0.7620203476713735,0.2746364879457513
qwen-3.5-plus,2,ec6510,mobile,33,-0.1472632995647248,0.1900655398037774,5.442330960608196,-0.270350094555749,0.3885333097987992,-0.1757872249580808
qwen-3.5-plus,1,ecd2f0,web,40,0.2623779255240759,0.2910218307133901,3.055994859403713,0.5483090611217575,0.6910331498844791,0.2465582086736517
qwen-3.5-plus,3,ecf129,web,62,0.0920496437268644,0.4074629681623912,1.2657424641647377,0.1665778819529333,0.5731480266219144,0.0639911573506213
qwen-3.5-plus,1,ecf129,web,46,0.0328864368346538,0.3781495921394268,1.6023862440362528,0.1190987551077255,0.5709624149813022,0.0188371811698838
qwen-3.5-plus,2,ecf129,web,42,-0.0433954723260706,0.3146545370256761,2.1786544066242306,0.0384496124692207,0.5266209945685012,-0.0346357738044313
qwen-3.5-plus,1,ed1239,web,52,0.1563852608266427,0.3032941058136303,1.8986053385910877,0.5204102564145534,0.6623091611701324,0.1644772802954131
qwen-3.5-plus,2,ed1239,web,46,0.2483993753040547,0.3456613862545238,1.5779815651613662,0.6063672611080576,0.7099007600830373,0.2083292450965916
qwen-3.5-plus,3,ed1239,web,38,0.2414600665070803,0.3517471694767053,1.7261964054781131,0.6077331349819123,0.7210954197436994,0.2047743903777512
qwen-3.5-plus,1,ed292f,web,90,0.2872017382980428,0.3619802966021053,1.2075548132173772,0.608923912115877,0.6760863489499312,0.0294440053126698
qwen-3.5-plus,1,ed3849,poster,46,0.2262447496649494,0.3574862794245818,1.3097368697414986,0.5459611666786538,0.6630816642381788,0.1947258229070546
qwen-3.5-plus,2,ed3849,poster,45,0.4340566710088931,0.3743458492093687,1.184906441528019,0.9879047593679404,0.7647364389523961,0.3625141107080123
qwen-3.5-plus,1,ecf627,poster,40,0.2734142787886298,0.3548120762234407,2.9935119574551936,0.576803633418622,0.6414686082815788,0.0957685598834177
qwen-3.5-plus,3,ecf627,poster,47,-0.0872251764451765,0.2109350265626848,5.573692145420265,-0.1680409559189295,0.347780782859515,-0.1270861079295778
qwen-3.5-plus,2,ed292f,web,25,0.0928025639409617,0.3181879511711972,2.1259551576270197,0.2204576195822095,0.5575789599468788,0.1031654632038356
qwen-3.5-plus,3,ed3849,poster,50,0.1626318410099756,0.3380382419380723,1.389273250691735,0.3843382109522118,0.6262040388957888,0.1816441257934775
qwen-3.5-plus,2,ecf627,poster,40,0.341750824408856,0.3914762793385181,2.553505477590413,0.7545509733175692,0.6891586776067427,0.2178169961751291
qwen-3.5-plus,3,ed292f,web,40,0.3306125504882687,0.3908808027658355,1.152893037065807,0.7539675163674086,0.7202106054396001,0.1169700658703275
qwen-3.5-plus,1,ed727a,web,40,-0.2392488245693389,0.1227502357740301,4.366345820126553,-0.520685154907631,0.3232783382497243,-0.3177902541622331
qwen-3.5-plus,2,ed473c,web,40,0.2662237253968493,0.3398866017031128,1.4022245421029296,0.7405093913378021,0.7200237303346418,0.1984418620619214
qwen-3.5-plus,3,ed473c,web,39,0.5167015363301584,0.3897233525997187,1.1233403898523469,1.3694541763412402,0.7757362663306647,0.4111060413857141
qwen-3.5-plus,2,ed727a,web,45,-0.0479414335407655,0.2104006917510083,2.1823850859820433,-0.0329928482862084,0.5402264010991942,-0.1397302629275527
qwen-3.5-plus,1,ed473c,web,46,0.4819500996364882,0.3934442230062137,1.111191118055307,1.1906289236054863,0.7763667025757512,0.3620519600878182
qwen-3.5-plus,3,ed727a,web,41,-0.2228429191066246,0.1226180292138483,4.3679292177170925,-0.485057461050993,0.3438671725293798,-0.2924148564489887
qwen-3.5-plus,1,ed8647,desktop,30,0.4207321311589388,0.4355737598080836,1.2400980246165154,0.954067427949356,0.7498032846835726,0.3725936361252861
qwen-3.5-plus,3,ed8647,desktop,40,0.3750481544267146,0.4209268623172081,1.5778153739682237,0.775237950894924,0.6727675974877074,0.3237087422547571
qwen-3.5-plus,2,ed8647,desktop,31,0.1507632150006932,0.3011219148104231,2.9932224877414404,0.3864723430455185,0.548245477781364,0.1238384006459994
qwen-3.5-plus,1,edbb42,web,45,0.0524023017474864,0.2595131574745893,3.1335448211071144,0.0778814840334497,0.5321711206613183,0.022798864151397
qwen-3.5-plus,2,edbb42,web,50,0.0239320206519332,0.2597583839840726,2.8439269121342066,0.1454897985346109,0.5433020430410883,-6.679960640432794e-05
qwen-3.5-plus,3,edbb42,web,47,0.1122557229417605,0.2946441550659235,2.6015905383412505,0.2861095931648673,0.5955889929204697,0.0664706224352533
qwen-3.5-plus,1,edbf2d,web,54,0.353057551961265,0.3422184197675404,2.16903811887814,0.931830476050502,0.7319080714101504,0.1532633131360338
qwen-3.5-plus,2,edbf2d,web,50,0.3090573373803614,0.3191011119544523,1.6093711768993946,0.8696819614363849,0.7342829371335936,0.2030254483962857
qwen-3.5-plus,3,edbf2d,web,42,0.1242123219956,0.253746885735914,2.0676393723262017,0.3412161196884605,0.6491722650622962,0.0585129228068828
qwen-3.5-plus,2,ede16b,web,44,0.1521313090022523,0.3721945505046419,2.4438759247909716,0.3396306597605779,0.6020741770354083,0.1507113500428519
qwen-3.5-plus,3,ede16b,web,39,0.0462339216820109,0.3054029169398686,3.37433415334718,0.1519212739406472,0.5395138364984593,0.0407753517542579
qwen-3.5-plus,1,ede16b,web,45,0.0615083017079903,0.323543276019702,2.626578614107619,0.1461056339536546,0.5549021272060753,0.0580333458099972
qwen-3.5-plus,1,edcc83,poster,32,0.2263471610355708,0.3390889189191334,2.9980562297761617,0.5521829896416445,0.7229184076558408,0.1831561927910928
qwen-3.5-plus,2,edcc83,poster,49,0.3539842304367466,0.4056645784984634,1.9996799590799328,0.7528053820272606,0.7337544284961803,0.2694097371739216
qwen-3.5-plus,3,edcc83,poster,40,0.3167615544480651,0.4109007317085229,2.369352599632156,0.7412468959401675,0.7402803633542281,0.2358878998042295
qwen-3.5-plus,1,eeb171,poster,40,0.3656344640520976,0.36825894885413,2.6249361598261514,0.9304082441425828,0.7484795074040116,0.2003768841710424
qwen-3.5-plus,2,eeb171,poster,47,0.1189620195423432,0.3102810883196881,4.452590458910882,0.4907230353501272,0.5401505728979992,-0.0185052005213695
qwen-3.5-plus,3,eeb171,poster,47,0.2464654728562994,0.3310526585510432,2.693784625569301,0.7028341738236608,0.7011644611353731,0.1032710191798528
qwen-3.5-plus,1,eec240,mobile,30,0.0232811589247969,0.2371628944166541,4.349068794342989,0.0358548564376562,0.46377810065186,0.0238937001239917
qwen-3.5-plus,1,eed5f3,poster,43,0.137533934276879,0.2499284972128481,2.5813765895647904,0.2726198358905329,0.5731877785033282,-0.0270887708612691
qwen-3.5-plus,1,eed0db,desktop,48,0.6010649971460826,0.5377060585123281,0.8313668166844121,1.217415196286137,0.7884230170477019,0.6173382094136578
qwen-3.5-plus,3,eed0db,desktop,36,0.5749891629816355,0.4990877987196354,1.4950823573855054,1.258247729410455,0.7459163668514545,0.5772183195516963
qwen-3.5-plus,2,eed5f3,poster,34,0.4336526276633637,0.294770155701694,1.4303250620279278,0.9954688345270524,0.7647934678716154,0.2251460923259527
qwen-3.5-plus,2,eed0db,desktop,40,0.6507128471839103,0.5316574432809202,0.7863266589167781,1.3596544415967604,0.7900501015235969,0.6574237331047257
qwen-3.5-plus,3,eed5f3,poster,40,0.1903808333073618,0.2795842163013588,2.111716752376009,0.4207817141429846,0.644958665622081,-0.0594664211726985
qwen-3.5-plus,2,eec240,mobile,40,0.0459186311420817,0.2955275740149994,3.2923402265775525,0.2212350846055916,0.5227118963638622,-0.0096451603406349
qwen-3.5-plus,3,eec240,mobile,30,0.0844918237589341,0.2711321365812862,3.2851903669641915,0.3190322918264183,0.5686490067126657,0.0591030178315332
qwen-3.5-plus,1,ef8863,web,50,0.1988409875059187,0.3563099824978506,1.3419096976890574,0.5420185472499822,0.6716796924405938,-0.0233845040284751
qwen-3.5-plus,1,eede0a,web,48,0.1760434643552523,0.3398895402510067,1.524673549850665,0.4043669682445934,0.6489280135193052,0.1079167245485
qwen-3.5-plus,2,ef8863,web,48,0.1898349915122508,0.3510661466999195,1.7798590000482504,0.4894996435845598,0.6220429884741498,-0.028762592544982
qwen-3.5-plus,3,eede0a,web,47,0.2285244714360472,0.3644328160100801,1.3710974693898272,0.5294892822147674,0.6762938256587394,0.1362668771376827
qwen-3.5-plus,3,ef8863,web,52,0.020205681247162,0.2849638866399449,2.3907155405610148,0.0774060194124569,0.5129347379188717,-0.1683673201148664
qwen-3.5-plus,2,eede0a,web,48,0.0377576763966503,0.25414662443685,2.2939256364932272,0.0829331554314753,0.5910664803274235,-0.0212758760306337
qwen-3.5-plus,2,efb9d2,mobile,40,0.484052641515012,0.5107934308923139,1.2811504322185727,0.955740897276408,0.7290605848639062,0.4976780346337712
qwen-3.5-plus,1,efb9d2,mobile,35,0.552752447151371,0.538855308837761,0.9992131874637308,1.0315851582629934,0.7223997889938036,0.5761793056789454
qwen-3.5-plus,1,ef9433,desktop,36,0.3563522609746432,0.4529120661407554,1.1039782094960195,0.758738642402527,0.741703000549793,0.3615658785925298
qwen-3.5-plus,3,efb9d2,mobile,40,0.6313454248482391,0.577359824257434,0.8572258001499072,1.189602046030558,0.7616350348703064,0.6349812823415235
qwen-3.5-plus,2,ef9433,desktop,35,0.3260288899374038,0.4177566126616792,1.1628778988813249,0.7143157175792778,0.7245113626537509,0.3172524403959579
qwen-3.5-plus,3,ef9433,desktop,46,0.1989949049065204,0.3828461014098051,1.8110020394055384,0.4410846481273941,0.6778513692009425,0.1944569044427813
qwen-3.5-plus,2,f01758,desktop,53,0.5166629258530948,0.492870296610709,1.0076360927554588,1.2170772511572756,0.7741768839611469,0.4849688071251778
qwen-3.5-plus,1,f01758,desktop,63,0.4083639921279521,0.4422615649385791,1.1933842675758517,0.9821342273844672,0.7318921743321353,0.4280368832693541
qwen-3.5-plus,3,efddbf,web,237,-0.316160879459316,0.1823194451827184,2.64973233038135,-0.6743854485008629,0.2860820046867624,-0.2292297511152064
qwen-3.5-plus,3,f01758,desktop,49,0.4384024428787898,0.4897433942714003,1.0194187905121213,1.0101151848509966,0.7567483304253955,0.3828112058733963
qwen-3.5-plus,2,efddbf,web,46,0.1937805808249179,0.2578737735197508,2.548680874968128,0.6011091318949288,0.6607442365128419,0.1795404541256353
qwen-3.5-plus,1,efddbf,web,32,0.2909615489825492,0.3102857433550812,2.4488771626115677,0.8137717669566324,0.7246753475226657,0.181499253647421
qwen-3.5-plus,2,f04d2e,web,40,0.3292349652256194,0.3907444623400485,1.1538562504280596,0.6930377233956065,0.6946249397788166,0.1447666579847557
qwen-3.5-plus,1,f04d2e,web,40,0.2865679865214921,0.3837950178071255,1.3745247598499106,0.5739077440199114,0.6517794006674612,0.1998998590320403
qwen-3.5-plus,3,f04d2e,web,40,0.1686547477100633,0.3318300590107148,1.504355837842047,0.3335348761066968,0.6094066594715418,0.1097285159734607
qwen-3.5-plus,1,f05508,poster,40,0.3659448439533794,0.3992610806674747,1.3439264820924668,0.7476760098861485,0.7469475270938232,0.3690382447406219
qwen-3.5-plus,3,f05508,poster,45,0.4211940587795844,0.4051250767886961,1.2744925287467694,0.9186791848548752,0.7536818416266161,0.4087031460145398
qwen-3.5-plus,2,f05508,poster,44,0.3579798754354315,0.4168037788530443,1.4280303307631028,0.8116589226372121,0.7566309590009467,0.3789721468398273
qwen-3.5-plus,1,f02589,mobile,48,0.2335063588460384,0.3708178917023763,1.8754701085013936,0.5721632314149301,0.7423988559000669,-0.0471312022276413
qwen-3.5-plus,2,f02589,mobile,49,0.2670377605163077,0.3566043430106844,1.9029582728772103,0.495017482272426,0.7144384850285632,0.0734476554078887
qwen-3.5-plus,3,f02589,mobile,30,0.1993152267982081,0.3362538771537432,2.898908025838863,0.2404865922864185,0.703652074569441,-0.0670946787449869
qwen-3.5-plus,2,f06889,desktop,41,0.2070572026413151,0.3697577249804778,1.6506380519576789,0.5939752725582441,0.6735266678160954,0.0153433015549956
qwen-3.5-plus,1,f06889,desktop,50,0.3480884622079421,0.4402294039452194,1.2167298459509293,0.8504200108448896,0.7546300511563124,0.2623873970785639
qwen-3.5-plus,3,f06889,desktop,50,0.4249326625825536,0.4495469563116297,1.07087610957781,0.9853454974921564,0.7649276889251919,0.2872437409282947
qwen-3.5-plus,1,f0773e,poster,40,0.0912293244943917,0.4198742784407958,1.5142765111919605,0.2693095497564711,0.5994921183082914,0.1222145835749458
qwen-3.5-plus,2,f0773e,poster,35,0.1562676980701399,0.4220798696543217,1.6191778212172216,0.3606827422986097,0.6250543636968711,0.1257448407378302
qwen-3.5-plus,3,f0773e,poster,30,0.1467295624869446,0.4065647088280905,1.617841487723234,0.3443500336838957,0.6206513648896479,0.1268017463329154
qwen-3.5-plus,1,f0acf8,web,40,0.2407070421818034,0.3212290311213545,2.932956221133148,0.5875518895697682,0.7128145480806554,0.1934354693375773
qwen-3.5-plus,2,f0acf8,web,32,0.070153163634193,0.2180610274729015,4.109761574764238,0.1155821080195618,0.6395243202932525,0.0096578151261003
qwen-3.5-plus,3,f0acf8,web,40,0.1330142949607228,0.2869481360290619,3.020401378719627,0.2989824675397048,0.6744884733606211,0.1244472134449829
qwen-3.5-plus,2,f08c55,mobile,40,0.0133246225761415,0.2945079650869882,4.016430690855106,0.1335294235584877,0.4941996123393017,-0.0566622952735865
qwen-3.5-plus,1,f08c55,mobile,41,0.1588651428340098,0.3626418636420383,2.534621878705128,0.3327289097413123,0.6045198854709652,0.0634202858988375
qwen-3.5-plus,2,f0e574,desktop,40,0.3636583191204413,0.4851945893223197,0.907435355177326,0.7492602969169571,0.7185987730982859,0.3381141868559785
qwen-3.5-plus,1,f0f10a,mobile,39,0.5484278223899666,0.4928476884923739,0.8211646669127359,0.9588657208187684,0.7563805166978687,0.53583133505621
qwen-3.5-plus,2,f0f10a,mobile,51,0.2496556266043596,0.4311940593707862,1.1939910368798468,0.6298980048561594,0.6907964112146416,0.0692763460064075
qwen-3.5-plus,1,f13c2f,desktop,48,0.5119084591394754,0.4474172599149911,0.97319553517539,1.2222853375653715,0.8015737811159862,0.3638611243654483
qwen-3.5-plus,3,f0e574,desktop,40,0.2472145379645421,0.4251861857145464,1.4072723486978362,0.5442488483733042,0.6284200973538894,0.3274381366023542
qwen-3.5-plus,1,f0e574,desktop,40,0.3633175617826173,0.450768609082522,1.0544378203614555,0.7378989821596394,0.6997497555415538,0.4341280842809296
qwen-3.5-plus,3,f13c2f,desktop,49,0.479810599836009,0.4512635601347426,1.0285573747247536,1.1567324687337657,0.7944576528822622,0.3403854474219935
qwen-3.5-plus,3,f08c55,mobile,30,0.120690198136399,0.3174077361661546,4.044895133775979,0.2492475933242823,0.5661799329113656,0.0493203756486626
qwen-3.5-plus,2,f13c2f,desktop,50,0.4655798576277172,0.465858832323105,1.02254422969696,1.1199851675814914,0.7989000971700286,0.3440222507242258
qwen-3.5-plus,1,f14f17,poster,50,0.1041707271858429,0.2067479276932723,4.9980059473247715,0.1330695602157438,0.4703729514273905,0.0947475663030116
qwen-3.5-plus,2,f147ec,mobile,38,0.4237987211614403,0.4236267678080349,1.3803539020307565,1.1087466671501618,0.7938032773404556,0.2071311477981068
qwen-3.5-plus,3,f147ec,mobile,43,0.308861431045268,0.3579060200618512,1.990454402961003,0.8833123060788335,0.7511510498034271,0.1014776710362181
qwen-3.5-plus,2,f14f17,poster,46,0.2261051782354253,0.3467934482114175,1.4205750382228817,0.4097101572095441,0.6336781511625105,0.2223435244690434
qwen-3.5-plus,1,f147ec,mobile,34,0.1884616477152,0.3303733052786731,4.160761642252832,0.4232643351270512,0.5383608423473242,-0.0227264023246688
qwen-3.5-plus,3,f0f10a,mobile,40,0.210893626469605,0.4222728887655548,1.7334474412308165,0.4607890322475456,0.6675109457347507,0.0561259021267221
qwen-3.5-plus,2,f1bad6,poster,48,0.2749856151963681,0.3465926340600861,1.240657803132015,0.5636576224802918,0.660940991465256,0.2625374799798158
qwen-3.5-plus,1,f1bad6,poster,41,0.3903897924295118,0.397882466082545,1.0871815793969135,0.8040221774211097,0.728030414009413,0.3290478869575394
qwen-3.5-plus,3,f1bad6,poster,40,0.3078961599207217,0.3435789247049536,1.2440750082833658,0.6385347420741473,0.6885113425974272,0.2765774289588466
qwen-3.5-plus,3,f14f17,poster,45,0.3419486916194482,0.3999803351313607,1.2770023554306262,0.7190184665899256,0.7080368006882123,0.3401793159382011
qwen-3.5-plus,1,f1d7fa,mobile,42,0.3595621154986785,0.3161310964019725,1.361471048648021,1.1150885773009371,0.8111069799845367,0.313738404120117
qwen-3.5-plus,2,f1d7fa,mobile,46,0.207357689965329,0.2660506378628911,1.6808937364654954,0.6240235022463255,0.7072574112476202,0.0532314698353198
qwen-3.5-plus,3,f1d7fa,mobile,40,0.3692376991705478,0.2996100048326498,1.516313542425524,1.2168404273470657,0.7892823601261312,0.2066949433707267
qwen-3.5-plus,1,f1be04,mobile,47,0.3623451267782706,0.4289962536515382,2.0074018192963368,0.6593627782386295,0.6332745177047528,0.3340257442522759
qwen-3.5-plus,3,f1be04,mobile,40,0.2125224149432084,0.3910174742062696,1.9040102771511167,0.5595790738295566,0.6657381232443672,0.2128754935818725
qwen-3.5-plus,1,f1e37f,poster,40,0.3427214520375392,0.3525355342951846,1.2758909852417684,0.7252103887386809,0.6479380420221599,0.3809300923256707
qwen-3.5-plus,2,f1e37f,poster,40,0.3404399644632129,0.3577327066386598,1.208538449832553,0.6674726870442804,0.681910855857302,0.3252322110074115
qwen-3.5-plus,3,f1e37f,poster,40,0.2368920018279733,0.3437275925984571,1.2916372950543915,0.5308536702140869,0.659163169180677,0.1723431651669058
qwen-3.5-plus,2,f1be04,mobile,40,0.4037999966103729,0.4784061365862457,1.5401201548492631,0.9444250461604872,0.7361621045914452,0.3636554081420845
qwen-3.5-plus,1,f1e0ee,poster,30,0.2841367032274817,0.3711351225295279,2.78243566360598,0.4069613258574113,0.6295604265093797,0.1999001209315167
qwen-3.5-plus,1,f1f741,desktop,48,0.4794425012980466,0.4704581387373895,1.142935560442444,1.226244883466015,0.784790545464122,0.4541316279607589
qwen-3.5-plus,2,f1f741,desktop,46,0.3934240349827247,0.4194166244615022,1.3963643228495823,1.0146237514447185,0.7246318479263381,0.3709077762010308
qwen-3.5-plus,2,f1e0ee,poster,51,0.1860477801226331,0.3458638920204469,3.00140909362013,0.2546865828382308,0.5606905256818844,0.1313131932485018
qwen-3.5-plus,3,f1f741,desktop,47,0.4804322925090077,0.4373636312144706,1.0117258398004083,1.205757470847436,0.8124104204936574,0.4716359688950246
qwen-3.5-plus,3,f1e0ee,poster,48,0.2437972893537469,0.3653701980307794,2.865984502602478,0.3828994092988789,0.6087256139831274,0.1799280761115542
qwen-3.5-plus,1,f21770,mobile,45,0.4066638252400421,0.4651174301245609,0.9860823257763108,0.7745256207408329,0.7613225451781944,0.2556059179549707
qwen-3.5-plus,2,f20200,desktop,50,0.3612057933954339,0.4405229576824024,1.1950336715803496,0.6813875622442794,0.6817378479324532,0.3646341827031676
qwen-3.5-plus,3,f20200,desktop,102,0.4679300994993812,0.4880003113914339,1.0570474420442415,0.901542049914378,0.6845502696076633,0.4554133951752386
qwen-3.5-plus,1,f20200,desktop,37,0.3489001311205211,0.4465135093978127,1.08377473861239,0.5493618278513248,0.6780606511551049,0.3477831257946293
qwen-3.5-plus,2,f21770,mobile,49,0.4731727406240977,0.4619175793207996,0.9228633009829807,0.9120901492292802,0.7501284262935755,0.3357638811314634
qwen-3.5-plus,3,f21770,mobile,40,0.5851196915670838,0.5420220134023277,0.8362266848903133,1.1805679656861612,0.7908297496013893,0.3803117748707021
qwen-3.5-plus,3,f21c0c,desktop,46,0.2861237652276035,0.3450766087339634,1.5443825550458656,0.7406730673298499,0.7464028493953858,0.1297111093373437
qwen-3.5-plus,1,f21c0c,desktop,35,0.3099939701187998,0.357722614497527,1.5278638034689576,0.7953020190591744,0.7569652746785002,0.1114319449142306
qwen-3.5-plus,2,f21c0c,desktop,41,0.3528477464486624,0.3815136378896812,1.3840330027614909,1.0330919981154874,0.7869275785957057,0.1808451935911827
qwen-3.5-plus,2,f27923,poster,50,-0.0356831225765887,0.2906171005630826,2.857081537924029,-0.0240662754966899,0.4811605460804882,-0.0782560250318004
qwen-3.5-plus,1,f27923,poster,42,-0.1096962351009901,0.2579101252128226,4.019034680593192,-0.2180531219975988,0.3901923789106575,-0.0887319670040416
qwen-3.5-plus,3,f27923,poster,30,0.1743471098203523,0.3437064302355194,2.694298253310505,0.3339184522268091,0.6063607525784092,0.1757397490753727
qwen-3.5-plus,3,f285d7,mobile,29,0.1182086505223757,0.2657742395915986,4.553141499497055,0.0816341217964855,0.5713147256816866,-0.0669901048110839
qwen-3.5-plus,1,f285d7,mobile,47,0.2655954527529242,0.3081194933260558,2.1049764310631245,0.6943373949819691,0.7184249001735381,0.0573052443665111
qwen-3.5-plus,2,f285d7,mobile,40,0.2352044396498588,0.3015072901585925,3.5066742954109036,0.5360640861559156,0.587893092980506,-0.0317985025025665
qwen-3.5-plus,1,f29bd9,poster,50,0.4565364705486456,0.4078021568467816,1.0624576386383269,1.1014072333409537,0.7926414454374736,0.4015630374694343
qwen-3.5-plus,2,f29bd9,poster,40,0.4452432067143613,0.4102325346750843,1.1098742371745558,1.0324254408030922,0.7678243751588905,0.3886117137693061
qwen-3.5-plus,3,f29bd9,poster,50,0.5347018691177216,0.4889872891477551,0.8363229305294976,1.3074988631148765,0.8306052522934135,0.4654043715030443
qwen-3.5-plus,1,f29c75,web,40,0.2054082666957836,0.3615128387514362,1.679071014649966,0.5509643105312139,0.6657382415688529,0.1748996576684474
qwen-3.5-plus,2,f29c75,web,48,0.1669350321821339,0.3476252883985486,1.5703998128329983,0.4148011071272938,0.6577458483468542,0.1334879684713506
qwen-3.5-plus,3,f29c75,web,43,0.2605177957152214,0.3487205659037183,1.6346520491727887,0.7267091301040599,0.7063304398897329,0.2454630945691979
qwen-3.5-plus,1,f2cbaa,poster,50,0.5179858173475622,0.5187323800039054,0.9399362327168508,1.1004473734812852,0.8082494366440414,0.5169111806750046
qwen-3.5-plus,2,f2cbaa,poster,50,0.3608051489877185,0.4342462394127535,2.0320188832032486,0.8667078520736408,0.7124000680601534,0.3631822203985607
qwen-3.5-plus,3,f2cbaa,poster,50,0.3112063765818346,0.4121699233058906,1.535006627898175,0.7752924895734663,0.6977565977824076,0.3058251267666424
qwen-3.5-plus,1,f2e048,web,63,0.2450878406374302,0.348208785892984,1.5237004581200242,0.4554232794131219,0.6293641564951981,0.0864593655297721
qwen-3.5-plus,1,ea3c8c,poster,35,-0.0206262244940403,0.0447648691994131,6.838978880914674,-0.0206134326659611,0.1130344248640219,-0.0322333313168092
qwen-3.5-plus,2,f2e048,web,156,0.2783578378108707,0.4041742507169537,1.2159840037900138,0.5930963645817433,0.7027316175219769,0.1807278466560436
qwen-3.5-plus,3,f2e048,web,55,0.3160593233561113,0.3859748080537058,1.2369751398728852,0.6217150571366656,0.688776209394079,0.1329821129559237
qwen-3.5-plus,1,f33d51,poster,40,0.3525061529990579,0.4662539479237567,0.874975341285323,0.6829122373561687,0.7253267784003031,0.3188328578767801
qwen-3.5-plus,2,f33d51,poster,40,0.3979328953626283,0.4755929517235412,0.9415005427830808,0.7416758267016665,0.7140709831996203,0.3830481624783574
qwen-3.5-plus,3,f33d51,poster,35,0.4008226954541508,0.4655835710353715,0.9045557434754736,0.762887300989303,0.7121288320681116,0.3789694245577397
qwen-3.5-plus,3,f30633,mobile,37,0.2096536492036319,0.3552300667197529,2.581979168610615,0.4110498763952087,0.608500535945212,0.187707852685888
qwen-3.5-plus,1,f30633,mobile,46,0.0684040767327134,0.2805455976660189,3.058621368953518,0.1915180409742728,0.5671202661019638,0.0621442183729396
qwen-3.5-plus,3,ea3c8c,poster,41,-0.0166469885077304,0.0537378478116736,6.697453960953888,0.1450062405763977,0.1258652094164629,-0.0283215909581069
qwen-3.5-plus,1,f3411a,web,36,0.1911411047390443,0.3479473787628928,1.848078221128564,0.4525854235488942,0.6822351572310776,0.068253899963244
qwen-3.5-plus,2,f30633,mobile,50,0.0803261566276454,0.2905589757979039,3.6947523537572455,0.1091508921600801,0.5223351623405196,-0.0169547918931349
qwen-3.5-plus,2,f3411a,web,35,0.1775588029356323,0.3215779487453573,1.834751256175145,0.4577815130705415,0.6749245722581394,0.0817279112666624
qwen-3.5-plus,3,f3411a,web,47,0.1562710705971698,0.3272320645570203,1.878210139519752,0.3941767741592996,0.6562351532538037,0.0942326817756896
qwen-3.5-plus,2,f38ac2,mobile,41,0.5116583515405995,0.5459605994661536,0.8035209019705054,1.1592215721038273,0.7992709456266329,0.5286180176185156
qwen-3.5-plus,1,f38ac2,mobile,40,0.5380075961149893,0.5464528194846086,0.7611395224156392,1.1898712881592677,0.7973912868241299,0.5645206629464228
qwen-3.5-plus,3,f38ac2,mobile,40,0.5914986569370837,0.5709783641755297,0.7060834215484151,1.2504351097227289,0.7997214284330441,0.6226467844782739
qwen-3.5-plus,1,f3cfac,poster,40,0.3396542914044019,0.4236604051231496,1.1429786391188002,0.7160232438999443,0.709764808776676,0.464608214549557
qwen-3.5-plus,2,f39252,web,30,0.0777352752422258,0.2286259695740212,4.436394796496533,0.2365026595963297,0.541698676607446,0.0899678829695358
qwen-3.5-plus,1,f39252,web,47,0.1217242129566961,0.2336222526045891,4.138324341681207,0.3313429542368108,0.5575113219853178,0.1083084283651659
qwen-3.5-plus,2,f3cfac,poster,35,0.4570225096218038,0.509772296434786,0.900992702998637,0.9086863876822768,0.7577038755284241,0.5612463047633972
qwen-3.5-plus,3,f39252,web,48,0.0651900084251158,0.2500388365338067,3.6930693851733554,0.1884525380122296,0.5209760723378141,0.0564142990908705
qwen-3.5-plus,3,f3cfac,poster,40,0.351335271654788,0.4430233469585431,1.1000441423380591,0.726122245761128,0.7158510023989689,0.4303721334319303
qwen-3.5-plus,1,f3e3f8,desktop,40,0.4368445859184477,0.3722954609400365,1.2498361634946775,1.2329916032802015,0.8125581511899687,0.4269337800768205
qwen-3.5-plus,2,f3e3f8,desktop,41,0.1786809236078314,0.2613520914088956,2.605636490577283,0.4981943169485284,0.6205813667453463,0.2049302044808962
qwen-3.5-plus,1,f4641f,poster,45,0.4455564582491951,0.4549316025101632,0.9056589673379236,0.8019827499049523,0.7332025949035236,0.3680481650240783
qwen-3.5-plus,3,f3e3f8,desktop,40,0.3388421175536517,0.3034176795329484,1.520239816336012,0.8225301103993555,0.7453280109038376,0.2740207066777991
qwen-3.5-plus,2,f4641f,poster,41,0.4579434657451127,0.4870618485210539,0.8308605315683995,0.8156053723019491,0.7357438863547334,0.3830063232171177
qwen-3.5-plus,3,f4641f,poster,30,0.3119075274684937,0.4561311736998972,0.958107152248336,0.622357588959241,0.7151848239939739,0.1018398474402716
qwen-3.5-plus,2,f431fa,web,47,0.1736106620110694,0.2988672435875465,2.1182192627237675,0.3505107943662285,0.5370547274673793,0.1349012106044184
qwen-3.5-plus,1,f431fa,web,40,0.3001164304804694,0.3507206913553958,1.8527740577696992,0.6492112252104933,0.6456121497370331,0.2662903254764324
qwen-3.5-plus,1,f466b1,desktop,49,0.1225593356166669,0.3071184533151104,1.597204677399395,0.3170219948467939,0.6161602557391455,0.0997383350558724
qwen-3.5-plus,2,f466b1,desktop,49,0.0592320476664423,0.2326079516744948,2.8521634129072377,0.0424815214548478,0.5480706378250402,0.1165699481079891
qwen-3.5-plus,3,f431fa,web,40,0.4496745582303955,0.4190619199699271,1.956201714753731,0.9570262277471054,0.7052779509168633,0.4179456144063999
qwen-3.5-plus,3,f466b1,desktop,40,0.377078201742366,0.4007388990288019,1.429089198568546,0.7596823796642689,0.7074549596821453,0.2658853297257199
qwen-3.5-plus,1,f48d0e,poster,49,0.4103123645184321,0.384410171567088,1.815013743914398,1.077286985180664,0.7381834231157669,0.4094549904218909
qwen-3.5-plus,3,f48d0e,poster,40,0.5090578516274136,0.4047134588796667,2.152457065483968,1.1450096020589755,0.691317069368753,0.5131267850885927
qwen-3.5-plus,1,f491f4,mobile,51,-0.0391203556683132,0.2765337216196801,4.161479053733966,0.1896787744817255,0.5363352001688035,-0.1440338416878413
qwen-3.5-plus,2,f48d0e,poster,58,0.0296771164318633,0.140944959685384,6.492288246190766,-0.0775779416159774,0.4243775176738522,0.0211338766233831
qwen-3.5-plus,2,f491f4,mobile,47,0.0447268796788472,0.2881693596910628,3.1407049883504445,0.1221146913321589,0.5662569544770307,0.0152924770751852
qwen-3.5-plus,1,f4a513,web,49,-0.0230740392559039,0.2999366427377172,2.234025068101679,-0.03045542608662,0.4781167552591699,-0.055220932730223
qwen-3.5-plus,2,f4a513,web,48,0.085222764886494,0.3654365509086708,1.8057411778693897,0.2231593150566085,0.5586412262360931,0.0530510278471408
qwen-3.5-plus,3,f4a513,web,33,0.0533008487478814,0.3331579797170503,2.128995513394732,0.1775311655588021,0.5831064922723437,0.0067507984143624
qwen-3.5-plus,1,f4b47d,desktop,40,0.5191771888980257,0.5074521907322426,0.9418350530926052,1.2606220635123195,0.8226909792614303,0.479139659210575
qwen-3.5-plus,2,f4b47d,desktop,58,-0.0160350264500602,0.1666252350076807,5.123638873739581,-0.0872029946516327,0.4408331712141889,-0.0300439109404997
qwen-3.5-plus,3,f4b47d,desktop,39,0.3061721711079476,0.3802001308542916,1.429942037610599,0.6775585100295016,0.7409495027356403,0.2620977013351998
qwen-3.5-plus,3,f491f4,mobile,66,-0.0451973684065485,0.2563032849495691,3.3722507967909237,0.158736727852551,0.5511498866939455,-0.0636738081313046
qwen-3.5-plus,1,f4bfdd,poster,40,0.1414330073350321,0.2227288054676023,3.8869678084754353,0.4839840825193937,0.5584109688863941,0.0816909572174493
qwen-3.5-plus,2,f4bfdd,poster,34,-0.0048793171031816,0.1777415062851187,3.888502093992448,0.0176700213354088,0.5328796896239117,0.0407231695554565
qwen-3.5-plus,1,f4c1e4,desktop,80,0.3687950700355845,0.3474848301729475,1.465490180054912,0.9327299925821706,0.7593480968516951,-0.0840193205135106
qwen-3.5-plus,2,f4c1e4,desktop,52,0.0448035416844206,0.2229680096308862,2.9952278829979635,0.138245300587828,0.5852031517766785,0.0765521967573548
qwen-3.5-plus,3,f4bfdd,poster,49,-0.0578869440255055,0.1959901084130508,3.567995818105984,-0.1174467361729565,0.4378225183357526,-0.1082626553635383
qwen-3.5-plus,3,f4c1e4,desktop,35,0.0856318345625083,0.2640510364199693,3.3445522127799028,0.2406534288301923,0.5659434970858603,0.0625738231172803
qwen-3.5-plus,2,f4d6e9,desktop,48,0.4220039198771018,0.4312980590624649,1.4077992810671598,1.169399469185905,0.7724516042524632,0.4274407664907096
qwen-3.5-plus,1,f4d6e9,desktop,40,0.3929533505884071,0.4214654190200894,1.224000849260476,1.0068925576949328,0.779737578090332,0.2995267174229717
qwen-3.5-plus,3,f4d6e9,desktop,48,0.4265160735082774,0.4247761524755663,1.5197392256445736,1.179081596590029,0.7903815609886963,0.3723210189777189
qwen-3.5-plus,2,f4ff84,mobile,40,0.3716419866875105,0.4314040915548972,1.151799805117506,0.7430642222838718,0.6955252809329299,0.1721940581313445
qwen-3.5-plus,1,f4ff84,mobile,40,0.3939794196936817,0.4287857002763953,1.0919323169386246,0.8243183361909093,0.7279332410378548,0.2612213145632924
qwen-3.5-plus,3,f4ff84,mobile,40,0.2142244978807152,0.3539396264767114,1.2134557143067697,0.3928550884027201,0.646309268043991,0.0729819723612293
qwen-3.5-plus,1,f50ab7,desktop,35,0.6417219645712456,0.5083496652587014,0.8449738389580896,1.698669960361907,0.8208858234215507,0.6119347012760507
qwen-3.5-plus,2,f50ab7,desktop,43,0.5501593984324611,0.4579980190601878,0.8994350338698154,1.4889651642927313,0.8214235747862676,0.5489705572088284
qwen-3.5-plus,3,f50ab7,desktop,40,0.551435984827623,0.4826439731568627,0.9346117135102956,1.3755045979469462,0.8153492781820152,0.5164356417938969
qwen-3.5-plus,1,f50e6b,web,47,0.4703308590730451,0.4317860913439383,1.0032265666645703,1.088591154522511,0.7913534408474002,0.4925094965192945
qwen-3.5-plus,2,f50e6b,web,48,0.3357766661944364,0.3735531404446947,1.1745275040596406,0.7597189124629826,0.7162699566238925,0.4273874873960887
qwen-3.5-plus,3,f50e6b,web,47,0.4191625917242479,0.4099681328702377,1.0477933338943264,0.982741415970832,0.767899362359869,0.3943513438752621
qwen-3.5-plus,1,f51c26,web,41,0.3830611517899018,0.34673217032419,1.3280911843635166,1.1042691563089069,0.795088513437817,0.2457766583794398
qwen-3.5-plus,2,f51c26,web,40,0.3833154062845848,0.3431024009944584,1.347218337795406,1.094908700756228,0.7800762109726382,0.234420682487874
qwen-3.5-plus,3,f51c26,web,40,0.3983497698194274,0.354089419476598,1.2812463792026745,1.116993991707165,0.7949574158708469,0.2458272761740623
qwen-3.5-plus,2,f23e97,poster,45,-0.0443066139120336,0.0343634001008451,7.578634406994522,-0.1511258487944224,0.0652789090735975,-0.0040895971187164
qwen-3.5-plus,1,f23e97,poster,50,0.0789157070477313,0.1181132496786263,6.136517033427668,0.4316100348829744,0.3173572579583787,0.0668618666668875
qwen-3.5-plus,2,ea3c8c,poster,48,0.0011579391253741,0.0742736585500167,6.426868228107709,-0.1443512872998223,0.2414604926152195,-0.0164309163544915
qwen-3.5-plus,1,f63992,poster,46,0.4278877580936922,0.4808057618914416,1.5515033838889976,1.0277665006997192,0.7605056608634846,0.4252611433858944
qwen-3.5-plus,3,f63992,poster,50,0.5665453227404816,0.5414951146502358,1.0569431008959251,1.3344094679853369,0.7936573084216615,0.550766194570567
qwen-3.5-plus,2,f63992,poster,46,0.3134407560872927,0.3973686015775769,1.354579958008408,0.6538533187739412,0.6773338608251849,0.3388604329715292
qwen-3.5-plus,1,f60132,mobile,48,0.2301887645273106,0.3458695445333175,1.8425010031585467,0.3966520029897586,0.6638955076999412,0.0416790592582505
qwen-3.5-plus,2,f60132,mobile,38,0.2207679913650522,0.3281953207894108,2.0166920421133905,0.3262040600858081,0.6751425661128159,0.2020947616356025
qwen-3.5-plus,3,f23e97,poster,46,0.070692431337951,0.117460627544316,6.126681060277294,0.4844822822198872,0.2876871881720637,0.0651621609062994
qwen-3.5-plus,2,f639bf,mobile,30,0.158043876448908,0.3494399935504634,2.892226185714651,0.5141139408022,0.6701639806852688,-0.0979422784441215
qwen-3.5-plus,3,f639bf,mobile,38,0.2442149065150737,0.3806178735756202,2.8401129496521693,0.5721630107508695,0.6121417900739965,-0.1287253975036085
qwen-3.5-plus,1,f657ff,mobile,38,0.2596155254676269,0.3329976165342184,3.6461228478782703,0.4618766865485159,0.5571002559693194,0.2493918530560301
qwen-3.5-plus,3,f4e7f3,poster,50,0.0414639214944471,0.135258858757585,6.193336375108364,0.1144273159903227,0.3417144682673699,0.0474504949060022
qwen-3.5-plus,2,f4e7f3,poster,40,0.0487493329458776,0.1120743989602666,6.499141748795084,0.1486458921808401,0.3279004803276803,0.0652251677254413
qwen-3.5-plus,3,f657ff,mobile,31,0.1959011852494052,0.3151508782167323,2.777528354343957,0.227957566844134,0.6271007049946451,0.1641589427803645
qwen-3.5-plus,3,f60132,mobile,40,0.2612427617138143,0.3358631992791814,1.9384792028223832,0.499989843131728,0.7070476955347407,0.1144115995202088
qwen-3.5-plus,2,f68906,poster,38,0.1317810275417777,0.369267031911521,1.5489935915073418,0.4753255783513598,0.6216972914702328,0.0435868200284331
qwen-3.5-plus,1,f68906,poster,45,0.0462750554681252,0.3418119639020872,1.8158627440490445,0.2587813141573186,0.6013178193872839,0.0470092889245027
qwen-3.5-plus,1,f639bf,mobile,37,0.3078040656347472,0.3787443422402979,2.6673796337697584,0.7222847906277088,0.6994711773980666,-0.0540632817400139
qwen-3.5-plus,3,f68906,poster,40,0.1648812755240728,0.386053487588228,1.599188479655622,0.4987222908486745,0.6417807384418014,0.04930792775154
qwen-3.5-plus,1,f6bc62,poster,49,0.6830683105826909,0.5809938980031626,0.7359086112382464,1.4273897388973682,0.82155123831842,0.6344676972032842
qwen-3.5-plus,2,f6bc62,poster,48,0.5438601346307356,0.5592934670496137,0.6608845145537419,1.1540211916675494,0.8191521419788912,0.5601480347859686
qwen-3.5-plus,2,f717f5,desktop,52,0.4435099692747071,0.3607538622702401,1.1969575552152696,1.0201221207502833,0.7528721420152962,0.2881653145037343
qwen-3.5-plus,1,f717f5,desktop,44,0.2744105099345419,0.3097116131315075,1.3815984654406508,0.6804062264891512,0.674065501692306,0.2668970835635538
qwen-3.5-plus,3,f717f5,desktop,30,0.3299817895674138,0.3602781953019581,1.1536744018977794,0.7112879826946826,0.7168452939777249,0.1416502043360335
qwen-3.5-plus,3,f6bc62,poster,47,0.414106087327009,0.4612199793759883,1.365025742800308,0.9141023008216844,0.752576864850045,0.4107807049369869
qwen-3.5-plus,3,f69be0,desktop,57,0.4000578119132397,0.3519339095280228,3.899250312122022,0.7950299537984113,0.5533552325944713,0.0875905702629211
qwen-3.5-plus,2,f69be0,desktop,50,-0.043496712230989,0.2220489225709923,3.122737225754364,-0.0856978658060949,0.4855836931856613,-0.0364597662711473
qwen-3.5-plus,1,f69be0,desktop,50,0.0977852602957446,0.2598348215459851,2.793144296027766,0.2897627565598925,0.6342870335058447,0.0674110957046643
qwen-3.5-plus,3,f7344c,web,43,0.1032695564621357,0.171203666889975,2.4921008310968493,0.4544598829668529,0.651856440794228,0.0033002589871095
qwen-3.5-plus,1,f7344c,web,30,0.1808840860989003,0.2167096197895658,2.068596332939022,0.6752953262791078,0.7242983215863767,0.0462745546596921
qwen-3.5-plus,1,f7435d,desktop,42,0.0352204262938308,0.2290426409740106,2.255237298393309,0.1112790400825964,0.5387454778899508,-0.0414165404825932
qwen-3.5-plus,2,f7435d,desktop,45,0.6214323346723694,0.422537271793714,1.021870737218712,1.7648218689107942,0.8221014756935934,0.5770207806783884
qwen-3.5-plus,2,f7344c,web,37,0.0563984562955015,0.1550642491042269,2.62164695244501,0.3030240269705914,0.6103744381140499,0.026975663352265
qwen-3.5-plus,3,f7435d,desktop,38,0.4838422031903701,0.4016162585788979,1.1580768358783151,1.4562645795422628,0.8078877695239054,0.4221157750486111
qwen-3.5-plus,1,f735e9,mobile,30,0.1675715731671392,0.265869209343358,3.466600403272797,0.3996644707967772,0.6285398266072336,0.1741324043357265
qwen-3.5-plus,2,f657ff,mobile,38,0.2048930010933441,0.3192807240982735,3.527014238071324,0.3447926630646954,0.5426696392527658,0.201956544805335
qwen-3.5-plus,1,f4e7f3,poster,40,0.0456544655321688,0.1353942124158175,5.996583343385478,0.1655406712143458,0.3701997756714151,0.0279425449834783
qwen-3.5-plus,2,f735e9,mobile,37,0.0377047502731429,0.2346948721463296,3.767785404806201,0.0517430080137627,0.5826937482704453,0.0810449132954186
qwen-3.5-plus,1,f7681d,desktop,44,0.2088841031598098,0.3959487381297131,1.32759975216445,0.4138985801271199,0.6312793307454737,0.194390918541312
qwen-3.5-plus,3,f735e9,mobile,48,0.0244180370760515,0.2146855105249429,3.62538217588165,0.1017168679416722,0.5937740877805724,0.0624603202742648
qwen-3.5-plus,2,f7681d,desktop,46,0.1214752367235337,0.3767623995188131,1.353073264979063,0.2138966543906179,0.5845246842613088,0.1401512259130056
qwen-3.5-plus,3,f7681d,desktop,37,0.0705116629575423,0.3001149947395145,1.8884342794929236,0.1218636903931169,0.5939309104467932,0.1227077721881888
qwen-3.5-plus,1,f76fca,desktop,39,0.6239743421851617,0.5871428220037962,0.7668781062186958,1.6941973145654812,0.8746443814184268,0.6098792416797426
qwen-3.5-plus,3,f76fca,desktop,50,0.6594876598778567,0.5914687218690056,0.674907414359398,1.753379833045423,0.8799236632154505,0.6329025137253985
qwen-3.5-plus,1,f7b72e,poster,40,0.4097856926971297,0.4266245031693969,1.3539223645238838,1.0989042928608037,0.7698247290497785,0.3725624854588576
qwen-3.5-plus,2,f76fca,desktop,50,0.4842742189944176,0.5122233582112296,0.9568437519876029,1.3382835055107718,0.8468246509853076,0.4999776758169849
qwen-3.5-plus,2,f7b72e,poster,45,0.3466194322347717,0.4116306650597331,1.4066964048029824,0.9489854768663224,0.7717021113411744,0.3197729405798531
qwen-3.5-plus,1,f757ac,mobile,48,0.3868554569291087,0.4439759738228955,2.101384958319388,0.6224030638976713,0.6327990538965163,0.3836970734080606
qwen-3.5-plus,2,f757ac,mobile,49,0.1749814527826942,0.4021160474105808,2.189059663193348,0.2916676001690125,0.6266784524203328,0.2351744346030911
qwen-3.5-plus,3,f7b72e,poster,40,0.4233899010498297,0.4230803453093215,1.6155751385854855,1.0421405835107462,0.742539043292988,0.4109378022158342
qwen-3.5-plus,1,f7d1cb,poster,50,0.6882416881929707,0.3656069093424439,1.1820866088489443,2.1621248871441447,0.8692410497988718,0.6736766656671733
qwen-3.5-plus,2,f7ba1d,desktop,50,0.4773372779645086,0.3441158825800446,2.6054044337583844,1.5139912880015396,0.7569385852283769,0.3704834327923065
qwen-3.5-plus,3,f7d1cb,poster,46,0.713418478249654,0.4353132497839168,0.9371899688315676,2.1898998538583334,0.8745012409946651,0.7000510883847127
qwen-3.5-plus,3,f7ba1d,desktop,50,0.5694888576173757,0.3654887601760773,1.2207580898432888,1.881610898437535,0.8400902293491068,0.5223870300726976
qwen-3.5-plus,2,f7d1cb,poster,50,0.7005949260165532,0.4423135710163456,0.9292897770494843,2.172976329967328,0.8648833626957534,0.6888236700847878
qwen-3.5-plus,1,f7ba1d,desktop,45,0.6588113430921894,0.4504649968613003,1.0933715731015343,2.1805644899271397,0.8515315287659521,0.610751990979926
qwen-3.5-plus,1,f861f0,poster,37,0.1473844824141147,0.2698118581258552,2.1670536499769906,0.8735570157117798,0.7061115665051434,0.093886359080084
qwen-3.5-plus,3,f757ac,mobile,40,0.3623524010909152,0.4723332476847558,1.5133892427721407,0.5687799373613522,0.6548215556003326,0.3693587975065194
qwen-3.5-plus,3,f861f0,poster,48,0.214205814297275,0.2983425406084674,1.7887523385171509,1.0203875823134017,0.7872968685662344,0.1164831844797525
qwen-3.5-plus,2,f861f0,poster,46,0.3255726739706134,0.3522389066042141,1.436951092009434,1.3958271797592203,0.8544424215463486,0.2137481558147742
qwen-3.5-plus,3,f7c681,poster,49,0.1674359130500984,0.344007471915765,4.258174880779374,0.3172561492610317,0.5209944111453674,0.0186268401190405
qwen-3.5-plus,1,f8d172,mobile,49,0.4350389034352592,0.5730405477462547,0.6269339954838926,0.7514887906562323,0.7053766026113939,0.5354441409481787
qwen-3.5-plus,2,f8d172,mobile,43,0.5905587557060492,0.636021598114385,0.47922136579034,0.9958803657625204,0.7543570604458391,0.5333665729738126
qwen-3.5-plus,2,f84800,poster,49,-0.1011680801361968,0.3257334076312841,2.9503946237076235,-0.0615865003039217,0.4492071014795952,-0.1132025072382161
qwen-3.5-plus,1,f7c681,poster,40,0.2517821074304261,0.3524211156829692,4.083410143151845,0.4914306136862577,0.5171616080202184,0.1147570613015724
qwen-3.5-plus,2,f7c681,poster,50,0.2127053548432751,0.3650521358761395,4.244579312356322,0.3558367488688368,0.5035578877111689,0.0532432306357585
qwen-3.5-plus,3,f8d172,mobile,33,0.2552466622624838,0.5277768816720696,0.8495478680394649,0.4624446608210255,0.6208688562833304,0.3991841157665019
qwen-3.5-plus,1,f84800,poster,39,0.045012098439133,0.3865427786853783,1.8077169158315043,0.1513766777073363,0.5232422910420292,0.0332001741845842
qwen-3.5-plus,3,f84800,poster,40,-0.0615927629000527,0.3341129843236,2.707407376061739,-0.1022427237716764,0.4430677950316486,-0.0743142617229827
qwen-3.5-plus,1,f8d7fd,web,41,0.1363647772960399,0.3325773337901873,2.101198807226858,0.3032392593816033,0.6194439285257036,0.1122163053980096
qwen-3.5-plus,3,f8d7fd,web,48,0.0605165175475937,0.284592984311785,1.958064810919072,0.0210877262583718,0.5084473643917274,0.0865131179990891
qwen-3.5-plus,2,f8d7fd,web,47,0.2210305158829622,0.3570772708457305,1.605398796785666,0.4578922271568382,0.6470138718895172,0.2303861458555724
qwen-3.5-plus,3,f961b1,web,36,0.1981886107422965,0.3294991124888191,1.701357740699027,0.5829558315661337,0.7373190162441812,0.1817418888377514
qwen-3.5-plus,1,f961b1,web,40,0.290503446792502,0.3739661692248169,1.375781561962825,0.7949720672917503,0.7573545072414962,0.2149066319001446
qwen-3.5-plus,2,f961b1,web,50,0.2442646240050585,0.3493801294507443,1.4501746135345088,0.655531999952686,0.7580466961046669,0.2352356684656528
qwen-3.5-plus,2,f8ecb9,mobile,65,0.1294988904116613,0.3267805663497339,3.163802254958473,-0.0724946089022482,0.5530864900732233,0.0783010012912098
qwen-3.5-plus,3,f8ecb9,mobile,45,0.2033921401264385,0.3595887831421524,2.0969704701596203,0.4736114864619993,0.6787461002716837,0.2162801931448532
qwen-3.5-plus,1,f8ecb9,mobile,41,0.2354483401996684,0.3815222233709827,1.8700724392410648,0.293870771532942,0.6711366511476407,0.1606305208434724
qwen-3.5-plus,3,f93751,poster,43,0.298238440051824,0.3329767342987325,4.391512528382584,0.9298610705922966,0.5973881830460746,0.2854762628784599
qwen-3.5-plus,2,f93751,poster,40,0.1799847818620253,0.2766595674847275,5.640330955719128,0.6190045882640205,0.4659160739575969,0.1805839700923021
qwen-3.5-plus,1,f93751,poster,40,0.4981894717162187,0.4400636772943399,1.65531362797074,1.4480916710014442,0.8308734626088103,0.4909456313323334
qwen-3.5-plus,2,f96a6e,mobile,40,0.2830019045295089,0.3472383188546089,2.487081879743338,0.5925984595342272,0.6868240741158746,0.2126166506058718
qwen-3.5-plus,1,f96a6e,mobile,44,0.285887436972281,0.3637049623981833,2.18480916917013,0.6813234893276415,0.7329212585486092,0.2390091456892167
qwen-3.5-plus,3,f96a6e,mobile,40,0.2663235085531887,0.3225455805682877,3.4017421292409,0.4150809661304582,0.6798060085440284,0.1907377207368905
qwen-3.5-plus,1,f9e25e,desktop,32,-0.0087512313979071,0.3654449945543508,1.7147359800386062,0.0891249356506318,0.5355308834020297,-0.2813057848532061
qwen-3.5-plus,3,f9ae9f,mobile,53,0.3042005168058369,0.3868194288910397,2.178828016352851,0.7270745894286742,0.7055808328368536,0.0242594105603159
qwen-3.5-plus,1,f9ae9f,mobile,36,0.0582657212445983,0.2432596791553968,4.362708029713046,0.0979493964809506,0.4648811430296223,-0.1462599083932211
qwen-3.5-plus,2,f9ae9f,mobile,32,0.1324530877972289,0.2750393318014918,3.789650425843317,0.3059226805294632,0.5673324558272579,-0.1009784217183641
qwen-3.5-plus,2,f9e25e,desktop,48,-0.0735459364002521,0.3379121241601645,1.7786621312502602,-0.1036961719487843,0.4871182892574749,-0.3453035403980359
qwen-3.5-plus,3,f9e25e,desktop,41,0.0412648425257971,0.3678200570457527,1.3792069325742384,0.1122902833409733,0.5281381945105204,-0.1587775324445029
qwen-3.5-plus,1,f9b020,poster,34,0.2663698066806403,0.3550164306652374,2.6716218134387875,0.4085004302158569,0.7253916291150018,0.0890810189738983
qwen-3.5-plus,2,f9b020,poster,40,0.326796854830634,0.4352804427748957,1.6385469573529725,0.6419852375515197,0.7284422784162248,0.1682445329849413
qwen-3.5-plus,1,fa1827,desktop,44,0.5208761286685135,0.4637566409441624,1.0064079071012042,1.1055667572218448,0.7253216344822322,0.5377344239558832
qwen-3.5-plus,3,f9b020,poster,30,0.5833432675419792,0.5269344301347135,1.8144765669494975,1.2768431360102708,0.7852371080176809,0.4458931742052572
qwen-3.5-plus,2,fa1827,desktop,50,0.3050952594676683,0.4081799666643401,1.3449608135244575,0.6739432458947482,0.6936018155499267,0.3107847493289896
qwen-3.5-plus,3,fa1827,desktop,40,0.3262347376905143,0.3804490204519898,1.457989704639281,0.6159067966797567,0.6330533371095552,0.3295591179408422
qwen-3.5-plus,1,faa31c,desktop,40,0.3700977065262865,0.4514479196089068,1.1352777220588988,0.8135383682624657,0.7639236618284735,0.2644489754576261
qwen-3.5-plus,2,faa31c,desktop,43,0.3509484937622177,0.4097807001755676,1.331940452981299,0.7125008572365945,0.6757467352957385,0.2593971889613854
qwen-3.5-plus,3,faa31c,desktop,42,0.2808357090576324,0.4099921790595884,1.1572600049160648,0.5902115119548702,0.7124443737856122,0.1579701946006965
qwen-3.5-plus,3,faab85,desktop,46,0.3470414602567223,0.4623520632595371,1.0841856657819215,0.7838659993508833,0.7297563775021887,0.3253325648291894
qwen-3.5-plus,1,faab85,desktop,40,0.5092772951978544,0.5290456030613282,0.8159866948485023,1.1036971626263132,0.7829452715377501,0.469318333711782
qwen-3.5-plus,2,faab85,desktop,47,0.3699046781318084,0.4735604749706066,1.1778842033284995,0.8594070939572807,0.7143849270731827,0.3150244582358169
qwen-3.5-plus,2,f9fed0,poster,37,-0.0128727172839158,0.2188764527185745,4.353603298721775,-0.0720920433524538,0.5221645573319103,-0.0322062237608874
qwen-3.5-plus,3,f9fed0,poster,35,-0.1027334316339978,0.1757100738781275,4.940545068220556,-0.2649249779505672,0.4582602446091508,-0.0627174821920524
qwen-3.5-plus,3,fafbcc,desktop,37,0.2585433668821199,0.3473379004842472,1.3629991930927574,0.6133964148737583,0.6989704305254156,0.0807489770198366
qwen-3.5-plus,1,fafbcc,desktop,45,0.3393641358201553,0.3667071111581294,1.4148414828683245,0.8637581303823496,0.7084930493359362,0.1856044203856791
qwen-3.5-plus,2,fafbcc,desktop,45,0.1961735762969352,0.3406977777271991,1.508515451588093,0.4941013630096034,0.6965693809983351,0.0222939026511475
qwen-3.5-plus,2,fac314,poster,40,0.1551243994975781,0.219653628665983,4.824938937669304,0.3124212629954981,0.5292642254407842,0.1461541270255617
qwen-3.5-plus,1,fac314,poster,68,0.1338165173156651,0.2695403952856909,3.4399838007577785,0.2917936324207422,0.583062361408043,0.1487181697498357
qwen-3.5-plus,1,f9fed0,poster,51,-0.0493525462824076,0.2475960052087054,3.7898471582834463,-0.0385582028874596,0.4376184738822075,-0.1202973181824406
qwen-3.5-plus,1,fb0956,web,36,0.0677990547944784,0.2247275834481582,2.8867923870253587,0.0595117353628795,0.5544143020993936,0.0069008053377914
qwen-3.5-plus,3,fac314,poster,39,0.2242651866127388,0.3193873411600698,2.7522010535144843,0.4876811195125984,0.6392825872172281,0.2219642463565684
qwen-3.5-plus,2,fb0956,web,36,0.1123593871486089,0.2439860200513108,2.704900254668144,0.1683677999805345,0.5648442469394563,0.0256745376662599
qwen-3.5-plus,3,fb0956,web,46,0.0632766480704718,0.2519245383210215,2.492505511112545,0.0603421602753302,0.5087056421249158,-0.0122253008801006
qwen-3.5-plus,2,fb2cd4,mobile,40,0.2342279223864848,0.3694712416721727,1.702752740375041,0.7016651176374944,0.6905801863776746,0.1471027109881566
qwen-3.5-plus,3,fb2cd4,mobile,30,0.15940406385425,0.3085797948549656,3.028199927397332,0.3531799008012952,0.6051176633540712,0.0996599256185814
qwen-3.5-plus,1,fb2cd4,mobile,48,0.2324768680558253,0.3614942909754389,1.826600548003568,0.4458996054299767,0.6646488038623276,0.1612615950859869
qwen-3.5-plus,1,fb3c20,mobile,36,0.1458394456248889,0.3721230222430729,3.112728242367032,0.3875591548985662,0.5547517049354058,0.0209490473658835
qwen-3.5-plus,1,fb692e,mobile,29,0.1102608351519084,0.3592371135225925,3.1041393813938973,0.3907774997778795,0.5601178335794508,0.1713507322053742
qwen-3.5-plus,3,fb3c20,mobile,45,0.3277764764529751,0.4512928909144852,1.6462959631402514,0.6620429887594872,0.6769254268944275,0.2981708202747256
qwen-3.5-plus,2,fb3c20,mobile,49,0.238149483016585,0.4291269840275362,2.134236839384472,0.5122307781039331,0.6240537550657648,0.1619714587882389
qwen-3.5-plus,1,fb6dd3,web,56,0.2658021495115586,0.4059705172351533,1.398466447411036,0.6177539011197061,0.7014807386041219,0.1012587942074956
qwen-3.5-plus,2,fb692e,mobile,30,0.1171752331986227,0.3592070443369548,3.1035462885442247,0.3980909937867606,0.5562678170350528,0.1777268063254056
qwen-3.5-plus,2,fb6dd3,web,45,0.2434731115011296,0.3874565989363029,1.4339106078706805,0.5655685447711923,0.6685456946949582,0.1641239995731466
qwen-3.5-plus,3,fb692e,mobile,41,0.1069581128319265,0.3813008191948346,2.4979368931601096,0.21947345617514,0.5621316535447463,0.1220410383802128
qwen-3.5-plus,3,fb6dd3,web,53,0.211512942031478,0.3761155783047928,1.4404509290293408,0.4847470837044894,0.6707834047251441,0.0820366335606841
qwen-3.5-plus,1,fb8701,desktop,40,0.5976085070456959,0.5133815836268292,0.9343741593536804,1.4824479537341104,0.8286808587632915,0.501186550366085
qwen-3.5-plus,2,fbd704,desktop,50,0.6807295445415773,0.591993401166783,0.6914281655320549,1.4552177442934724,0.847277387518141,0.6538641992617745
qwen-3.5-plus,3,fb8701,desktop,40,0.583094993708096,0.4722789810931371,0.952942189432244,1.3659602553522785,0.8044780643148302,0.4841347404393687
qwen-3.5-plus,2,fb8701,desktop,44,0.5769431276403788,0.4885243108656877,1.030422335085368,1.3776481633454356,0.8072683595801429,0.4744150032566238
qwen-3.5-plus,3,fbd704,desktop,47,0.6557567833993148,0.5599686561035901,0.693919924300966,1.3974223824391312,0.8429522576350433,0.6376911336783707
qwen-3.5-plus,1,fbd704,desktop,48,0.867382590833988,0.7397997027540489,0.3805813647857324,1.812440863789727,0.8755066939265235,0.8451174822568818
qwen-3.5-plus,1,fc4494,mobile,41,0.4427073389542145,0.5662130962415862,0.6085709348323194,0.7697352386921125,0.731748067209351,0.4000912182002202
qwen-3.5-plus,1,fba6ed,desktop,48,-0.1248197296226748,0.2039608669755833,3.7611698933992335,-0.2888579242191221,0.4316399877537999,-0.1479548542506443
qwen-3.5-plus,2,fba6ed,desktop,40,-0.0771940118266396,0.2061023002514032,3.392340933830541,-0.1950908526093809,0.5061170447835528,-0.1110827995779777
qwen-3.5-plus,3,fba6ed,desktop,30,-0.0849655474784718,0.171588225941268,4.016693698014672,-0.1999646350102025,0.5161793149118821,-0.1184954941692671
qwen-3.5-plus,2,fc4494,mobile,45,0.4574000482605457,0.550263515433964,0.6789146751632138,0.7815496984708766,0.7217409977365159,0.4468686159186958
qwen-3.5-plus,3,fc4494,mobile,47,0.4172458315082937,0.546211003816834,0.651863480498914,0.6345814993066184,0.6945996257254679,0.3904410388416537
qwen-3.5-plus,1,fc7118,mobile,33,0.3544152280496234,0.4397125970024332,1.074654085443406,0.8522819031888681,0.7255244740110928,0.3297693800016986
qwen-3.5-plus,2,fc7118,mobile,30,0.3964017119599178,0.4542009105085993,1.1488190022593767,0.9998278587212504,0.7425981166351199,0.3963529458207353
qwen-3.5-plus,3,fc7118,mobile,41,0.1357762862073528,0.3750884654027909,1.8241806925108304,0.5218376769255422,0.6409966734535467,0.1881910863461695
qwen-3.5-plus,1,fc9315,poster,41,0.5284357636652746,0.5211936291320647,0.7242712038656501,1.0589141442337064,0.7963279438451484,0.5288257858698068
qwen-3.5-plus,1,fc8a69,web,40,0.1902874328935642,0.2913042397935435,1.8730059905407728,0.5821562174608051,0.6881608474560261,0.0793244443530005
qwen-3.5-plus,3,fc9315,poster,50,0.5913284595147208,0.5477142831342063,0.6495263350549239,1.1695063345924253,0.8114002536007393,0.5928754260304288
qwen-3.5-plus,2,fc9315,poster,40,0.549455178012614,0.5499235331185485,0.6647855826752798,1.165937804911905,0.8093682203062321,0.5602829386856858
qwen-3.5-plus,2,fc8a69,web,48,0.1310336397608686,0.2525857848291318,1.9418851546314992,0.3378129949829748,0.6498732085518499,0.1009800065013792
qwen-3.5-plus,3,fc8a69,web,48,0.2430080794140016,0.3059353833533254,1.5782687470068038,0.6981558141984077,0.7404044216671086,0.2644914380729819
qwen-3.5-plus,1,fcac91,desktop,40,0.5882942507192132,0.5042155943217473,0.90549883033845,1.4660234281551316,0.8203532455160286,0.5861324506117176
qwen-3.5-plus,2,fcac91,desktop,49,0.5027525097750454,0.4852794193026299,0.9256967874506924,1.266864442028498,0.8431897786162107,0.503272354273826
qwen-3.5-plus,1,fcb925,desktop,48,0.331110216837723,0.3261313970925501,2.1438792828728825,0.9055889201553896,0.7314190435848809,0.3097200816411936
qwen-3.5-plus,3,fcac91,desktop,47,0.6115249563882292,0.5431546424836835,0.9823569542360652,1.4858262226483343,0.8399392485309998,0.616013579398263
qwen-3.5-plus,2,fcb925,desktop,48,0.4477446474341957,0.3690206665930886,1.236214441814793,1.3191428687958409,0.8060188009853378,0.4096455367597086
qwen-3.5-plus,3,fc70db,mobile,40,0.3371328428030168,0.3810836737829495,2.684778646812103,0.6340086323756056,0.6234687728453713,0.3540821261105804
qwen-3.5-plus,2,fc70db,mobile,45,0.392484212225715,0.3533717819226116,3.979411452455653,0.71186661479523,0.5779338387066475,0.4038085128398319
qwen-3.5-plus,3,fcb925,desktop,49,0.232106180388603,0.3012805532562087,1.8188062139926544,0.768205298823573,0.6369103520693439,0.2008835865040425
qwen-3.5-plus,1,fc70db,mobile,43,0.3424873317616422,0.3335278167467164,4.4866546792264135,0.6003468035798502,0.4728700783128569,0.3709726348470726
qwen-3.5-plus,1,fd0093,desktop,46,0.3120519451304978,0.3207519857343988,1.9923269486571833,0.8588497686936778,0.6976003124971238,0.3054686548482315
qwen-3.5-plus,2,fd0093,desktop,58,0.3574507718680285,0.3811442862706636,1.2502846841399724,0.8446916564161361,0.7240720077660381,0.3245184929149923
qwen-3.5-plus,3,fd0093,desktop,50,0.3365841879810829,0.3592043579735993,1.824786906756461,0.6978086104948761,0.7462529226151737,0.3152803113690996
qwen-3.5-plus,1,fd395b,poster,50,0.1070859181812331,0.4757378053649918,0.9285902817765118,0.1126171323081323,0.5387515378587664,0.1349527947094223
qwen-3.5-plus,2,fd395b,poster,52,-0.0210315351452834,0.4527559814734832,1.0216580538842637,-0.057713819609454,0.4896957037549933,0.0110325437626826
qwen-3.5-plus,3,fd395b,poster,50,0.2211479171042695,0.4946670523891234,0.8809672994367489,0.3190823206846148,0.6086220543796272,0.1509744537335057
qwen-3.5-plus,2,fd129e,web,34,-0.0699888906809655,0.2172161846995919,3.716636970592328,-0.1266189763491771,0.4463737620333876,0.0757769127250075
qwen-3.5-plus,1,fd129e,web,56,0.0213236325586714,0.2654796867984593,2.2435882181488185,0.1132640140563002,0.5520976572153142,0.1495058370937976
qwen-3.5-plus,3,fd129e,web,47,0.1038396035443581,0.3042844908530052,1.9266135250582337,0.3049588856172302,0.5967337479147492,0.188357938879379
qwen-3.5-plus,1,fd7302,poster,40,0.3251856198348869,0.4375866135647369,1.0160137751026137,0.6777486925326577,0.6759395947317799,0.3162360476821053
qwen-3.5-plus,2,fd7302,poster,45,0.325001408197704,0.4345025840651669,1.005614189660886,0.6730057429065704,0.6850767836382964,0.3099722209123106
qwen-3.5-plus,3,fd7302,poster,40,0.3127044686197558,0.4198497649234954,1.0599472703952952,0.5394357077165002,0.626301457235914,0.3407233008941214
qwen-3.5-plus,3,fd0d5c,mobile,38,-0.0401339276595401,0.2284532521885462,4.3193175884942185,0.0900492117740618,0.4911554244211592,-0.0816119606562656
qwen-3.5-plus,2,fd0d5c,mobile,38,0.075743711232005,0.3195424848287973,2.3639597485851547,0.3081573702253702,0.6386835599171861,0.0210289740646346
qwen-3.5-plus,1,fd0d5c,mobile,51,-0.0266048048376976,0.2858051683936886,2.35337901374581,0.1250829895289375,0.5149302639630514,-0.005399883568058
qwen-3.5-plus,1,fdafcb,desktop,40,0.4736269100563968,0.4351281948528906,1.2404198153385178,1.1767457640348356,0.779658417112988,0.4519803550035454
qwen-3.5-plus,3,fdafcb,desktop,38,0.2239940210720534,0.2990564880019758,1.9477655083208816,0.6206538699434064,0.6887206210995798,0.2163865775541676
qwen-3.5-plus,1,fd4c35,mobile,54,0.2854589145337104,0.3968718143285021,2.642151583213423,0.7158726794088486,0.7119869505252922,0.1725779402034251
qwen-3.5-plus,2,fd4c35,mobile,43,0.4349472731923952,0.4466787368448264,1.496701549712948,1.0857495045385603,0.7872118453572631,0.3858065482046299
qwen-3.5-plus,2,fdafcb,desktop,47,0.3131641121110639,0.3453675284912259,1.548861359759914,0.823109560995171,0.7010567303244206,0.2969956495280892
qwen-3.5-plus,3,fd4c35,mobile,52,0.2219956651636218,0.2957887894050383,4.095561035713093,0.5586897914512801,0.6657904533136398,0.1213953869737869
qwen-3.5-plus,3,fd7c30,mobile,50,-0.0312267156910793,0.2092528566046612,4.73902046754418,-0.2907699792664172,0.4429524286141462,-0.0819781870301688
qwen-3.5-plus,2,fdc3d7,web,35,0.1101035093757178,0.2742051077516605,2.632530184106744,0.2639770955014844,0.6086471816288772,-0.2600698322918452
qwen-3.5-plus,1,fdc3d7,web,40,0.2207826905815558,0.3898017260091104,1.1947019723249546,0.4908903094664695,0.6470000544677827,0.0050804431313064
qwen-3.5-plus,1,fd7c30,mobile,30,0.201296873873454,0.3131036760426866,4.160674109256179,0.3342486252071414,0.4920558744086271,0.2266586856714691
qwen-3.5-plus,2,fd7c30,mobile,42,-0.013696818174696,0.2351351399190098,3.4631968052291886,-0.0349099668736613,0.4498723628820063,-0.0283361739177147
qwen-3.5-plus,3,fdc3d7,web,36,0.0193269534365337,0.2930493582984999,1.9154215664178216,0.0965024513789665,0.5147568933119303,-0.1734649086071018
qwen-3.5-plus,2,fdda92,desktop,50,0.2272935112766981,0.3242474318745124,1.976038417326276,0.5122012915304301,0.6463700962479844,0.2978699182033124
qwen-3.5-plus,3,fdda92,desktop,40,0.2241059706061317,0.3130105564350331,1.836989114004576,0.55700596313803,0.631529619850405,0.2752722126419207
qwen-3.5-plus,1,fdba74,desktop,41,0.3382531330715395,0.3892347141253678,2.424839595973857,1.0691395316398051,0.7835079755597877,0.1501347889499204
qwen-3.5-plus,1,fdda92,desktop,40,0.0996915412720662,0.2632316095182665,2.1536107666591646,0.2034779153175728,0.5747606028187471,0.2144361798364633
qwen-3.5-plus,3,fe0708,web,40,0.4081376229991453,0.3897085773395602,1.412370969835018,1.046384625716359,0.7602258870274277,0.3461985901527426
qwen-3.5-plus,2,fe0708,web,39,0.2240607956754546,0.2932480023977895,1.9124534232551291,0.5739688803920122,0.6610368928345852,0.1634717395238683
qwen-3.5-plus,1,fe0708,web,42,0.0511913427084029,0.2140424959523175,2.827518734947536,0.1181726817022091,0.6036148306465398,-0.0417910345986692
qwen-3.5-plus,2,fdba74,desktop,31,0.2995571045016597,0.3244086145281309,2.743586439602643,1.0057017999879203,0.770721292436873,0.1375895022810088
qwen-3.5-plus,3,fdba74,desktop,80,0.2515728668507713,0.2864830361196941,1.9349447019731416,0.7632882632007764,0.7041360377703794,0.0559394967525748
qwen-3.5-plus,1,fe14d6,web,46,0.034934980978589,0.3056710695343647,3.159013532743604,0.1185752284535799,0.5033172554714406,0.0825325993328235
qwen-3.5-plus,2,fe14d6,web,43,-0.0355138369597151,0.2717470700026994,2.8459437820535256,-0.1141887566788366,0.4840432949067522,0.0255258398819946
qwen-3.5-plus,3,fe14d6,web,43,-0.0660696720910412,0.2812121538222043,2.954449243840134,-0.1122715593164258,0.4889664911998986,0.0072191125612233
qwen-3.5-plus,1,fe430b,mobile,32,0.0128430936463125,0.2639964721769285,4.025707766673842,-0.0375552171970132,0.5338440579918188,0.0488028240144073
qwen-3.5-plus,2,fe430b,mobile,30,0.0928305699110117,0.2918772966368924,4.0419006698921,0.1611256757744311,0.526150126842552,0.0671851416275033
qwen-3.5-plus,3,fe430b,mobile,41,0.2840163484227773,0.416525655317366,2.154712014507913,0.5098661225512903,0.647756096632094,0.2843584989618575
qwen-3.5-plus,3,fe5ed4,mobile,49,0.1495971737201541,0.3327811091761766,2.685953942133066,0.2449291859518454,0.5491204142050279,0.106790429699948
qwen-3.5-plus,2,fe670b,desktop,50,0.7155040001610546,0.4537932557690903,0.8726805331179219,2.1091505343799537,0.8660936893417466,0.6926176010006724
qwen-3.5-plus,1,fe670b,desktop,50,0.6368884477073679,0.4493149575860415,1.0071073956099217,1.8995831359136008,0.8436028078232236,0.6603733411014847
qwen-3.5-plus,1,fe5ed4,mobile,35,0.2173255286085575,0.3268260608516061,2.761224201936572,0.5742050408781335,0.6352185604437837,0.2233876940366576
qwen-3.5-plus,3,fe670b,desktop,50,0.696775365263098,0.5276601732442283,0.9560744937605148,2.072278049358307,0.8547049993228137,0.6879857651132603
qwen-3.5-plus,2,fe5ed4,mobile,40,0.018535055477909,0.2556884835587672,3.406217992212671,-0.0397915122101083,0.5061539583050583,0.0519211356284092
qwen-3.5-plus,3,fe6876,web,47,0.2490715307912088,0.3026263698019538,1.7253521547744657,0.7147006629249516,0.6832839527226572,0.1895099939241264
qwen-3.5-plus,1,fe6876,web,40,0.1417967818806425,0.2736303519702285,2.0469437782722406,0.4689812595981801,0.6929998581494575,0.146637523959409
qwen-3.5-plus,2,fe6876,web,40,0.2172213872886765,0.3093098206994379,1.6913646511473104,0.6563555700208054,0.7234258531456601,0.16900956592835
qwen-3.5-plus,1,fec2d4,web,38,0.3152253338001349,0.4269053630148547,1.4874933550548488,0.6654022379220497,0.6813711163218668,0.3238850419215711
qwen-3.5-plus,2,fec2d4,web,38,0.3522649916692721,0.4095943820503083,1.881095028452269,0.6774186250453548,0.6656563335283519,0.339819615403923
qwen-3.5-plus,3,fec2d4,web,40,0.3640043352776728,0.442427895909541,1.3715412855292644,0.775337273465727,0.7001078002765313,0.3631923114284049
qwen-3.5-plus,2,fe8c5d,mobile,46,0.0382133000101312,0.2822878538805556,3.5718236081376644,0.0676205501113705,0.5291533620493257,0.0133483064107404
qwen-3.5-plus,3,fe8c5d,mobile,50,-0.0419007278381186,0.1843679749951468,5.382727643789493,-0.0810653173919648,0.4930526581879182,-0.1014972292458491
qwen-3.5-plus,1,fe8c5d,mobile,34,0.1382880585893812,0.3261449342921664,3.188886640666156,0.4197419081415217,0.5990868243590254,4.100526730738166e-06
qwen-3.5-plus,1,feec80,web,40,0.1029631210233067,0.3288114968934063,1.943281216554096,0.3118565920552796,0.5660379716307217,0.0545303981895914
qwen-3.5-plus,2,feec80,web,40,0.0480933720072807,0.3005223642070239,1.741278965299705,0.1983763210583403,0.5403983258628704,0.081084320528674
qwen-3.5-plus,3,feec80,web,45,-0.1404237569671025,0.2005528242676995,3.4034421848625893,-0.1744167791531163,0.407326537131257,-0.0236486447815808
qwen-3.5-plus,1,fefe30,web,49,0.2086661932003429,0.3619412123621859,1.4674279676692794,0.4974311983756895,0.6737093421830391,0.1672174633471575
qwen-3.5-plus,2,fefe30,web,50,0.2016129751288137,0.3550656552854672,1.498221678365254,0.4687744388651839,0.6722519885080881,0.1326551385842821
qwen-3.5-plus,3,fefe30,web,47,0.2363608500616086,0.3693871943237133,1.4521457041985844,0.5541405308111095,0.6706107177170436,0.1988171699137368
qwen-3.5-plus,1,ff561b,desktop,41,0.3878672327164483,0.4354187066814415,1.1185391965934717,0.7226661653389684,0.6969607893613172,0.3559789105460469
qwen-3.5-plus,2,ff561b,desktop,40,0.2493537681676988,0.3798739482922721,1.54969352431379,0.5016942515099576,0.6306134629953862,0.2410749051962079
qwen-3.5-plus,3,ff561b,desktop,45,0.2237030083649683,0.3654996418172673,1.407798507138972,0.4658995965851324,0.6292211334377726,0.2576569866951447
qwen-3.5-plus,1,ff6a33,web,36,0.1502480762595807,0.3121929729459529,2.974532668970452,0.2560566949684288,0.6661769347830644,0.2167942855734851
qwen-3.5-plus,2,ff6a33,web,41,0.1230445327896771,0.3065524675289454,2.6844693042380814,0.1926272431047785,0.6279532365487874,0.2380089353501094
qwen-3.5-plus,3,ff6a33,web,43,0.0729345773867223,0.2551895914231314,4.383564970546694,0.0839969850438999,0.5569015899537983,0.1719626923645706
qwen-3.5-plus,1,ffad21,desktop,40,0.0485590453080854,0.235949413768509,2.7793641845697596,0.0836020806480585,0.527080740078833,0.0528409878479417
qwen-3.5-plus,2,ffad21,desktop,49,0.2151115260134637,0.3113122570348151,2.393264388702697,0.5981154941547644,0.6322004569622078,0.2206924903241488
qwen-3.5-plus,3,ffad21,desktop,44,0.2241490040274965,0.324251368002903,1.8489552404770424,0.6542522711727252,0.682805879520141,0.224865023590173
qwen-3.5-plus,1,ffb688,web,47,0.1117910567976438,0.2834864545403173,2.035544345978345,0.3126107033348813,0.5647795378550724,0.0031922410685276
qwen-3.5-plus,1,ff7d76,mobile,41,0.1080030296188742,0.3411645521731885,2.7493905852111795,0.1617201477142493,0.6119262166751576,0.0856501105536081
qwen-3.5-plus,2,ff7d76,mobile,40,0.2276737888002143,0.2965699493432071,4.146888186030062,0.3912177092650442,0.5737529612574632,0.1760524650964677
qwen-3.5-plus,2,ffb688,web,41,0.0239207768798799,0.2409116426270848,2.678554533784883,-0.0422974757698131,0.4794288381665309,-0.0174339867465612
qwen-3.5-plus,3,ffb688,web,40,-0.0741054647647867,0.1926692964283727,4.168710408398697,-0.1987102489448162,0.391350143200453,-0.056225297434454
qwen-3.5-plus,3,ff7d76,mobile,40,0.1705897889648924,0.3664646401666787,2.2843583682220157,0.2634512854432873,0.6661080918787987,0.1230661912341208
qwen-3.5-plus,2,fe193f,poster,47,0.0227846195047171,0.1716508940490747,5.720313763653038,-0.0930312622029255,0.3880247657263455,-0.0049749520939478
qwen-3.5-plus,1,ffd262,web,49,0.0920049359426135,0.368819147455699,1.6308886643128702,0.1887966959607082,0.5682148650848398,0.0349904920719407
qwen-3.5-plus,1,ffdc28,desktop,48,0.137784338469711,0.2834854951673856,3.5564259364914133,0.4311522243596509,0.6308728840717502,0.1563809907957724
qwen-3.5-plus,2,ffdc28,desktop,32,0.3329957188710948,0.404539693840604,2.5089810311243985,1.0143284212066217,0.731881104829306,0.3320190119419209
qwen-3.5-plus,1,ffde86,mobile,46,0.1343798340276844,0.3278137327860381,2.810629346062605,0.4151472121676141,0.6097589433236071,0.1503624604559966
qwen-3.5-plus,3,ffdc28,desktop,19,0.447645829042583,0.4089025908813362,3.0687684151427477,1.2548171110109705,0.6645735909747937,0.447471144319651
qwen-3.5-plus,2,ffd262,web,46,0.0762151451781935,0.3656732536876783,1.8639006263401297,0.187390632596567,0.5755117864929393,0.0720624544160828
qwen-3.5-plus,3,ffd262,web,50,0.0775629593730631,0.3755632460507108,1.477865813048368,0.0976668855260885,0.5539822541016037,0.0415694967800982
qwen-3.5-plus,3,ffde86,mobile,40,0.2502392024078394,0.3823393030521679,1.5999894424503,0.5469870301265569,0.6857131087238493,0.2061052908069356
qwen-3.5-plus,1,fff715,poster,40,0.3334201191477238,0.4146681164724394,1.1495009176235822,0.6835852396487155,0.6801428978528585,0.3351587219444469
qwen-3.5-plus,2,ffde86,mobile,42,0.1146638405424227,0.3706966484306425,1.6146438921014084,0.5153344991821538,0.6279754117719168,0.1166433476961061
qwen-3.5-plus,3,fff715,poster,45,0.5031980885203728,0.4758711661860103,0.8939419806679062,1.0908683957932432,0.7747677619696057,0.4861063314025721
qwen-3.5-plus,2,fff715,poster,47,0.353779768720517,0.4161028383364016,1.2343448020029948,0.6054731261064613,0.662711641922228,0.3479914459384401
qwen-3.5-plus,3,fe193f,poster,65,-0.0611742102273285,0.1150340429977662,6.333006546592782,-0.1227935250228672,0.2808562016202858,-0.0598989196209797
qwen-3.5-plus,1,fe193f,poster,72,-0.0766419840548349,0.1286565254782278,6.277876925922761,-0.330520576760325,0.282027124600681,-0.0804477161356056
