baseline,image_id,category,CC,SIM,KL,NSS,AUC
mean_gt_cat,fbd704,desktop,0.5140237267779832,0.43279785227405954,0.917653496569342,0.9888317245769505,0.7720736080533446
mean_gt_cat,2021b7,desktop,0.2713103175899334,0.41445200598887155,1.0578523087133664,0.5911473885556586,0.6974245983321955
mean_gt_cat,7613f2,desktop,0.3402829897898632,0.3633366040264014,1.235748211941766,0.6638370050694266,0.6735098445158881
mean_gt_cat,d99b18,desktop,0.23578171864281897,0.34864230527011375,1.2623325584913128,0.537231830158566,0.6713905663156605
mean_gt_cat,460bf9,desktop,0.5224612719638431,0.4078210893649112,1.0093858945630556,1.109494472560922,0.7721722826217636
mean_gt_cat,a2da71,desktop,0.4362257686182728,0.42751793968327123,1.0043406633973497,0.8587225780087655,0.7353930089776062
mean_gt_cat,95b2d2,desktop,0.5117811600881901,0.38456121725104553,1.1055529948595433,1.262189142366163,0.8348087021418393
mean_gt_cat,2e93e6,desktop,0.5532881271502947,0.513174601979205,0.7303718476593678,0.8998353163915276,0.7380913942282898
mean_gt_cat,8b0b52,desktop,0.35418590181702386,0.5496908016966774,0.6355246785611883,0.4959579574129306,0.6428909968214631
mean_gt_cat,536e7f,mobile,0.26758579051521664,0.3950754161652953,1.1154333289256568,0.605898496725303,0.6857666740481958
mean_gt_cat,4adea3,mobile,0.7252113717577849,0.6756752839305283,0.33539930424120146,0.9688879155040597,0.7729036525360737
mean_gt_cat,58a60d,mobile,0.5081543119038224,0.47866630183149383,0.8259955931418291,1.0025981676044642,0.7757491017643465
mean_gt_cat,cced5f,poster,0.3658033187295686,0.5557400401572377,0.6128082134082391,0.5519217490410051,0.6610426827847827
mean_gt_cat,b2d2fa,poster,0.05171005814823962,0.46768518055463454,1.040256828534179,0.22434751004009584,0.5641796970900314
mean_gt_cat,05e980,poster,0.38521358915868276,0.6148456779018354,0.47934250232395814,0.4232353617876695,0.6231763524053159
mean_gt_cat,708a08,poster,0.6005369289734388,0.6290024455746162,0.4362551972496517,0.7811721966215601,0.7193361610780656
mean_gt_cat,085001,poster,0.10875684983651941,0.35865599100087153,1.3332946229524187,0.2896514588926963,0.6015339257891946
mean_gt_cat,9afe5f,poster,0.5830269126639666,0.6763018922565838,0.33557876361202954,0.5865163313429175,0.6648263968164413
mean_gt_cat,65576e,poster,0.2567177845033039,0.5165026542872964,0.7762390777280742,0.45322125030195637,0.6274739040901482
mean_gt_cat,c27e4e,mobile,0.27488853260896673,0.6111298055119506,0.4804038322699296,0.29245432305236063,0.5857304166011444
mean_gt_cat,9efc81,web,0.4262684274665003,0.6127352272074816,0.49223415745070914,0.5542668698919556,0.6623491854225745
mean_gt_cat,f639bf,mobile,0.7254735307296956,0.5801814443545631,0.5423743565486457,1.1785462361780223,0.8193463704516137
mean_gt_cat,13af7a,mobile,0.597786215815749,0.5836145364626787,0.5180616131886915,0.8645372221274064,0.7406879601845993
mean_gt_cat,207fd4,mobile,0.2595702345360008,0.5142246510882695,0.6811761913388783,0.44400366633365695,0.6283153846174823
mean_gt_cat,e3d203,mobile,0.5361226276257577,0.6059200041651166,0.514194342803763,0.7222144277161934,0.7105424358057171
mean_gt_cat,17a8d1,mobile,0.6069267337862987,0.6378633446887799,0.41406018956738266,0.8847653548213764,0.746411176846289
mean_gt_cat,166bc9,web,0.5412585460499693,0.5404201995586292,0.6812120854642851,0.8696287748821362,0.7470710877773515
mean_gt_cat,4e81ec,web,0.5920063297838104,0.5761374670244575,0.5646473440428201,0.9150243664875071,0.7632797365022546
mean_gt_cat,5c88b8,web,0.5214354791229698,0.5166533540157677,0.7449200482102392,0.9719461845251258,0.7781399719360065
mean_gt_cat,69a8c4,web,0.2890659703236498,0.5207891530373222,0.8036807935636664,0.4636525717627237,0.6369278634734724
mean_gt_cat,27d67e,web,0.4807914071305376,0.5186414722154769,0.7438008407853159,0.9255908750373563,0.7555039940118687
mean_gt_cat,6eb097,poster,0.2785898771636455,0.4759136279309475,0.8835175798261583,0.5510758679924594,0.6563246856055209
mean_gt_cat,781b7e,web,0.21811826357794487,0.4274355505017381,1.017406937769813,0.40136220342373696,0.6364625865904694
mean_gt_cat,1fdbf2,desktop,0.32679505559813615,0.48166623010199894,0.8133176370561916,0.4841494069305562,0.6391117929861115
mean_gt_cat,72062c,web,0.45462080233524726,0.4331680943041657,0.9606755703002676,0.9590827500469976,0.7765797968425481
mean_gt_cat,3d6147,desktop,0.4536243805793642,0.4791026097213469,0.9009882397411489,0.9748105243134585,0.7456344931705415
mean_gt_cat,1bf5c6,desktop,0.35623996458564744,0.37840351770986025,1.1233485987037006,0.7056887911808892,0.6993273040254462
mean_gt_cat,1b436f,desktop,0.3306371771563147,0.486738908055111,0.9152775018301889,0.600227513282059,0.6633671731207865
mean_gt_cat,a7ac1b,desktop,0.4370189823166156,0.5187900633479934,0.7320321004399143,0.6886761634946995,0.7046710233237212
mean_gt_cat,29227b,web,0.25438955828838644,0.45164520180621687,1.0494175964742989,0.6331925489655401,0.6970420460884511
mean_gt_cat,e2aa7e,desktop,0.12017682915378805,0.38280340205934904,1.2720988054929077,0.4046745236456475,0.6178484231357372
mean_gt_cat,9b4285,desktop,0.384114261507719,0.3594913089854135,1.2759466876075953,0.9586468034823851,0.7581721906972492
mean_gt_cat,cccd2a,desktop,0.13633475057304822,0.4459562785912004,0.9480567841466453,0.21572822106538211,0.5773820332685965
mean_gt_cat,0529f2,desktop,0.3639942676345377,0.49836714163792906,0.7838844667573976,0.5822469756647765,0.6813310756799121
mean_gt_cat,cba28b,mobile,0.565712089605126,0.5466894801774952,0.5996242988125181,1.0074707845761355,0.7771677131264403
mean_gt_cat,8cf0d4,mobile,0.48793168297109923,0.6614298806761854,0.39492380756903095,0.4322313528413704,0.6221213100755361
mean_gt_cat,840bb8,mobile,0.5285056714226786,0.48438376784655424,0.7639218206060573,0.9279652510439719,0.7605333964764683
mean_gt_cat,3b078d,mobile,0.3036361126313939,0.6277750185020166,0.420228509205169,0.31838540461162984,0.6077310590794593
mean_gt_cat,a64332,mobile,0.4619556473955,0.6781880268997418,0.3734525130232683,0.5150934499851717,0.6498711190670388
mean_gt_cat,1e1131,poster,0.43060675385953734,0.481693185210327,0.8535477710296298,0.7915970592734776,0.7253486912969325
mean_gt_cat,f30633,mobile,0.611169415001813,0.6315377583946495,0.4356877516949169,0.8807858500297988,0.751724842941742
mean_gt_cat,3141d9,mobile,0.5032832883922677,0.631854164953266,0.4280601900169053,0.6281197194359166,0.6792118457720455
mean_gt_cat,3734cb,poster,0.49174774437652724,0.4354005475271749,0.9333319780330467,0.9912841930146337,0.7785259870372315
mean_gt_cat,58b56c,mobile,0.6064700156201231,0.5800229555397627,0.5444505895950129,0.9962031904529106,0.7775119145510858
mean_gt_cat,98474c,poster,0.30713520050913734,0.5307539269571331,0.7630334486286342,0.6105584325059205,0.681345344330569
mean_gt_cat,32fcbf,poster,0.312395851213342,0.5413512074530418,0.6513272401101973,0.44845868524006666,0.6366759174458043
mean_gt_cat,8da42b,poster,0.19097865967123134,0.4694058071993922,0.8513450077989321,0.30507274657673067,0.5976739761991234
mean_gt_cat,8770ed,mobile,0.6676043733381336,0.6923809552859223,0.32793143215422593,0.7709903520851094,0.714684040816025
mean_gt_cat,43a952,poster,0.1040423193758869,0.47909059320426384,0.884218987842727,0.24786926853272467,0.5834378694389515
mean_gt_cat,1b3eec,web,0.47420097295436237,0.5514896309011539,0.6384095537090875,0.7508547404592459,0.7227831320281242
mean_gt_cat,1ee232,web,0.25530923424475865,0.50518141600951,0.8302184847682932,0.40329771021052335,0.6117022773242393
mean_gt_cat,183534,web,0.6242855653847643,0.5938201826140599,0.552749981456985,1.0204312372275637,0.7909666144056402
mean_gt_cat,f04d2e,web,0.619392943814184,0.6609301383669082,0.3981353854729489,0.8474029010620764,0.740680762046936
mean_gt_cat,0ec997,poster,0.4036851656000442,0.40584058900588504,1.1056470058583592,0.986030924050541,0.775230078635038
mean_gt_cat,026dd2,web,0.2691870880378609,0.5188328505871358,0.7575525635710358,0.37917426294294765,0.6208672638123824
mean_gt_cat,3b1c3e,web,0.3320471084726248,0.5460698617820842,0.7055480916848353,0.49572717755200485,0.6427907045995493
mean_gt_cat,a077e7,poster,0.17218300350790147,0.420947211195976,1.0368533435370697,0.40649443454375594,0.6212229316633964
mean_gt_cat,caa82e,web,0.26288303896963156,0.5043690260693068,0.8367333393223635,0.3978447319285993,0.6201628551105474
mean_gt_cat,f7c681,poster,0.7283220758741241,0.6381149783680828,0.3967258736619291,1.0259276115836162,0.7874755251463209
mean_gt_cat,5ac518,web,0.17638254532187791,0.40688404449858595,1.1656373769893162,0.33978330089077863,0.6073062196494314
mean_gt_cat,a76ed6,web,0.5636241912671791,0.5366127971244112,0.690701036630363,0.9852276508228826,0.7800727586169932
mean_gt_cat,afdcf4,desktop,0.21509629338265168,0.39293028316085554,1.1702543323752457,0.4991908475450441,0.6597634579370607
mean_gt_cat,e7e220,poster,0.4730393178737263,0.6142008890196002,0.44691041576554924,0.5933313722258684,0.6784359323108338
mean_gt_cat,f7681d,desktop,0.3259919016093519,0.5037004174689041,0.777379488030043,0.4730907166109534,0.6271303947599096
mean_gt_cat,d98c2a,desktop,0.058558191097581404,0.4605076040029229,1.016221871457031,0.18580718452408246,0.5454794445242777
mean_gt_cat,e39798,desktop,0.42483032833428147,0.5368714597854639,0.6479711147774144,0.5785570456134104,0.6716443981725734
mean_gt_cat,3b203e,desktop,0.3216201609954854,0.4163940046453587,1.0529752446701717,0.6892847337267269,0.6996513783942786
mean_gt_cat,7f066d,desktop,0.41753016830971584,0.5129216523058585,0.7513169089290901,0.6822919252940027,0.70184716838295
mean_gt_cat,e78858,desktop,0.5824436505096522,0.5263729970895019,0.7110269538257907,1.0935729324285528,0.7986082733426737
mean_gt_cat,03474c,desktop,0.5608649360663611,0.6077152535361011,0.5089443890634966,0.7797660182897582,0.730376334777342
mean_gt_cat,c807dc,desktop,0.29762356044800536,0.4436025069891819,0.9970546719714288,0.5306564079932139,0.6583278751070066
mean_gt_cat,533099,mobile,0.41168199597960936,0.37579869756969225,1.2191206983491474,1.1286311404542875,0.7883730582582362
mean_gt_cat,722b8c,poster,0.022714868799316203,0.3949565876043495,1.2384936502109791,0.15539513074022637,0.546513082266116
mean_gt_cat,9aa231,mobile,0.5965789919185656,0.6243713053727848,0.4566184026655181,0.7107270974895027,0.6956742331074264
mean_gt_cat,c6b002,mobile,0.5763020282291103,0.6427968889412794,0.48818717383339433,0.6312540558979188,0.659948309729189
mean_gt_cat,7c5f7f,mobile,0.5941502861061967,0.6417795606438076,0.4381740314598644,0.7579821535190333,0.7078790888074863
mean_gt_cat,bae388,mobile,0.4701177453312049,0.5565784536893431,0.6526327375780048,0.7051521851767484,0.6769531374249108
mean_gt_cat,83d7ce,mobile,0.4128793500920934,0.4410275789339808,0.9919594888907572,1.001584634764565,0.7787206811628283
mean_gt_cat,2b0b4e,mobile,0.36959545632221846,0.4955779039575574,0.7566432689339992,0.606130062545537,0.6838869637285985
mean_gt_cat,3f9682,mobile,0.34071573303058955,0.5209458769058615,0.7155864508327342,0.5098423501561269,0.6380754217000171
mean_gt_cat,37cecc,mobile,0.7649666805509772,0.5896518750051705,0.529879299256574,1.335501210372174,0.8526290275558909
mean_gt_cat,093c65,poster,0.45197079344158547,0.5553493855787119,0.6906270396864072,0.8595174921073363,0.7444940278784454
mean_gt_cat,98b958,poster,0.4315426761230299,0.5655434235412572,0.594806892588967,0.6212216287237509,0.6837514417266206
mean_gt_cat,bccea2,web,0.013544779815841724,0.3593200804426949,1.5004716158735882,0.14910991412124344,0.543201558905148
mean_gt_cat,c143b6,poster,0.3244600512831083,0.510868617081049,0.7614391332661884,0.5192598582374126,0.6519666159505665
mean_gt_cat,5cfc08,poster,0.2818462545383006,0.43296739000031326,1.029441367000648,0.6101219418821694,0.6720781758882473
mean_gt_cat,e7163d,web,0.4018578958827582,0.6007598330196277,0.5189154604953083,0.5330370734761177,0.6620038880097783
mean_gt_cat,d07b98,web,0.37523705952905073,0.5826594945661456,0.5833216916244307,0.5884970123887304,0.6768949466771985
mean_gt_cat,4dae22,poster,0.1879807707122102,0.42099514436042085,1.105977074227226,0.40113218499291836,0.6197612624407007
mean_gt_cat,ead495,web,0.43215943752455377,0.5813022090479368,0.5474939584917167,0.5654218208977568,0.6656251987963635
mean_gt_cat,2b56f2,web,0.44209935664909916,0.42762625444291086,0.9423492312305936,0.9038307626099557,0.7550945235644854
mean_gt_cat,6b7c75,web,0.2181917216605818,0.43211280968322274,1.0819396898579927,0.4684609553640196,0.6358585861271987
mean_gt_cat,162809,poster,0.4186025784954991,0.4252482147291952,1.02769761290159,0.9652038677493112,0.768810271009443
mean_gt_cat,adbe00,poster,0.42861819446530186,0.47866331304877163,0.8432466767682141,0.7312957324480328,0.70644368154068
mean_gt_cat,dda275,web,0.5682421078108214,0.5923647848950119,0.5327877561350761,0.7957678143690905,0.7269625422937642
mean_gt_cat,39b696,desktop,0.3231286049854343,0.5418873672792807,0.7114297899846189,0.4728055767395811,0.6462723038015548
mean_gt_cat,271112,web,0.14794714042400492,0.3909186038639676,1.1743590761208293,0.36491990086694037,0.628029368808184
mean_gt_cat,e9b8fa,web,0.4473590435253213,0.5230170232347435,0.710622499287471,0.7604237992466214,0.7212034519896695
mean_gt_cat,ad9e6b,desktop,0.4158671636892918,0.47827160885895476,0.8495964382306995,0.8018595202489666,0.7123030207200884
mean_gt_cat,17e6bf,poster,0.18258042909854455,0.41974218442004896,1.112453965454764,0.49588503635446896,0.6447645195699901
mean_gt_cat,7caa99,desktop,0.4415286287076433,0.5311028992317772,0.7057040492042617,0.6903165763563369,0.7042732966615037
mean_gt_cat,72cfd2,desktop,0.38033037545693393,0.5526916721229382,0.6261260539052134,0.5105372691828338,0.6487174136050042
mean_gt_cat,306281,desktop,0.3934754906835931,0.4029193468058809,1.1562961257214783,0.8403765235682517,0.6843895864539933
mean_gt_cat,8e0c5b,desktop,0.4532895986910377,0.579269664220567,0.5865785399811845,0.7015998723113737,0.6991780656332021
mean_gt_cat,13bd83,desktop,0.5482094083496686,0.4281417399862767,0.9638296411615702,1.2037134212119673,0.8101860812584782
mean_gt_cat,4d3cc1,desktop,0.5090513769151945,0.4526344319924264,0.8551717757591019,1.0537064843122612,0.7871543313329291
mean_gt_cat,917a4f,mobile,0.6890017967034331,0.6647698588940598,0.38265304873098765,0.9833793227575336,0.7714142379899481
mean_gt_cat,1a9f12,desktop,0.18071119824830023,0.4809853099101781,0.8682923102562141,0.30102586965576006,0.5906664140077146
mean_gt_cat,8709e4,poster,0.40148068558990146,0.5299924777073886,0.69588610714665,0.6414215642715013,0.6906008689300983
mean_gt_cat,226f76,mobile,0.41985272944804997,0.6989238799059982,0.3223366595180237,0.46641597513965843,0.6395115354441835
mean_gt_cat,ff7d76,mobile,0.5728605621991906,0.5936135523205203,0.5023917691608861,0.8388822801680935,0.7334324361201251
mean_gt_cat,03340d,mobile,0.5632012919628163,0.5014176775849097,0.7417906018519148,1.0117361566338234,0.7623612653876995
mean_gt_cat,95d2d7,mobile,0.3005294968806479,0.6593330607188511,0.43857593405362494,0.2949117892100512,0.5878673542049921
mean_gt_cat,20e9c6,mobile,0.4038213049381928,0.573887792187386,0.5367653216791375,0.6346230347642161,0.6970337641864716
mean_gt_cat,8a770a,mobile,0.24068142799723613,0.4905157934233763,0.8141226718136476,0.40463660333339513,0.6327004196665851
mean_gt_cat,1ad1cc,poster,0.4043581869580389,0.5329427401250624,0.7484516255421567,0.7340891971923375,0.7125216442935376
mean_gt_cat,95fc3f,mobile,0.23393830234755786,0.5918845434502479,0.4873404108721144,0.2661516801891772,0.5954670374145552
mean_gt_cat,72156f,poster,0.4852109052205148,0.5804506252905289,0.5719364009718247,0.6646178745486558,0.6953533525303554
mean_gt_cat,f02589,mobile,0.6394895939100225,0.5289457456769172,0.6884718110473028,1.1494441280945666,0.8031927382697569
mean_gt_cat,ea01c0,poster,0.2929819577449656,0.43657985947609884,0.9923546713520803,0.5674322685202204,0.667373344973505
mean_gt_cat,0197c7,poster,0.029741948702075496,0.42188506825381056,1.0591498954750878,0.1057351537436115,0.5385396675400506
mean_gt_cat,1626dc,web,0.35796352407773613,0.5324152392142355,0.7512555239885197,0.5535704591132873,0.6616788190647316
mean_gt_cat,9b41e4,web,0.546267319366682,0.5928291903732688,0.5479610843206839,0.7927076803832407,0.725818881788501
mean_gt_cat,40ca07,web,0.5409889652198402,0.45199190751377094,0.9198100287753976,1.1498291436676027,0.8136000596055842
mean_gt_cat,452a6c,web,0.4238043184237552,0.4762304895613846,0.8552373489607847,0.7512302750139525,0.6995542382054292
mean_gt_cat,7e2e98,web,0.4185786945118016,0.4975245351386871,0.8441805572090746,0.780354482297352,0.7138782197656423
mean_gt_cat,11a99d,poster,0.6426142461986452,0.635471364449454,0.4568801393033626,0.8527231795767654,0.7363371157795613
mean_gt_cat,8fcaf4,poster,0.5874444842336944,0.6399279584179319,0.395612544666982,0.6938631956852519,0.7018448658424661
mean_gt_cat,4954fe,poster,0.07127557984779864,0.5363233185261118,0.7624304776323021,0.12386921977871385,0.5336816161849265
mean_gt_cat,450720,web,0.4872811957169779,0.6173114951878477,0.45400118617705676,0.6058796038386237,0.6771203551604407
mean_gt_cat,256121,desktop,0.43011949537867583,0.3855539569711416,1.1219073817153062,0.8749162683364262,0.7098230643429679
mean_gt_cat,9e3ef2,poster,0.42579056691208983,0.4123170332327464,1.0904634036597107,1.0184479650023146,0.783739456067407
mean_gt_cat,ecf129,web,0.16650824630765368,0.5447694757717473,0.7037951246955495,0.2690857597799484,0.5817014523101804
mean_gt_cat,35a756,web,0.42061243349462907,0.5373655888842575,0.6530242518802853,0.6987777437678923,0.7022328005979276
mean_gt_cat,3ea9d8,desktop,0.5880875837034191,0.4481804870425029,0.8941308586945708,1.20347939948089,0.8260175375779043
mean_gt_cat,b4f37d,desktop,0.525366841434088,0.48359627722118753,0.7682915941597227,0.9495715206694854,0.774373432937868
mean_gt_cat,026a98,web,0.5667400731435348,0.5964335824816827,0.5449892295750075,0.8830204662855876,0.7472824435803167
mean_gt_cat,f4b47d,desktop,0.2802781242386154,0.3775279918902146,1.1413355940091887,0.5971684696110261,0.6852953756171388
mean_gt_cat,6294a2,desktop,0.40262136726503683,0.5332632322620747,0.7459159694239536,0.661748147510725,0.6787328601256784
mean_gt_cat,9984d9,desktop,0.6665010330067223,0.5797130232077244,0.5707474783197711,1.0322946950973735,0.7888592559972166
mean_gt_cat,a85808,desktop,0.2613497223889958,0.4143005096001152,1.10168596967393,0.5328827825944362,0.6503520388891503
mean_gt_cat,2f6fcd,mobile,0.5531931073603675,0.5169114858550905,0.7755401462174528,0.9798533952326463,0.7637311982678479
mean_gt_cat,1f3437,desktop,0.4026389368932257,0.29612541384509156,1.5324391348427218,1.2526482427777348,0.8392247218512447
mean_gt_cat,3bb8f9,mobile,0.6389692679504899,0.6458716660036374,0.4467820839570917,0.9300185325132018,0.7584691923275391
mean_gt_cat,db12fc,desktop,0.3058743427194938,0.5038358746925777,0.7898343519615856,0.48530862129734115,0.644475804187562
mean_gt_cat,012baa,mobile,0.39857880518912925,0.6646244792630726,0.39280165045946813,0.353343472564196,0.6060253954709992
mean_gt_cat,d79d5c,mobile,0.559911059294677,0.5920080729424819,0.540455207190434,0.7599998384463243,0.7201819567575709
mean_gt_cat,17b8da,poster,0.5016881710219818,0.5668169992788714,0.6080401050057846,0.720614557839282,0.7116956733753715
mean_gt_cat,2586ee,poster,0.562607606370141,0.679121249002131,0.33273249337674615,0.657223017039401,0.6854915610485292
mean_gt_cat,c02580,mobile,0.39200057280332024,0.5079478273350336,0.7467042852377088,0.6749075692624491,0.6969673696333655
mean_gt_cat,fc70db,mobile,0.1457426653039306,0.4529814078161213,0.9612828638137813,0.4081386067971444,0.6091603965881291
mean_gt_cat,8d908a,poster,0.42892727126048946,0.6137037828431517,0.49106568280200735,0.5117640612746217,0.6461584418084881
mean_gt_cat,731c85,mobile,0.5724008473368004,0.6061197089963828,0.5014129001974369,0.8513768408967226,0.7365049767202361
mean_gt_cat,1f5664,poster,0.5322227852626131,0.6466551844389691,0.42162611725278604,0.684853381715256,0.6830074983437946
mean_gt_cat,bbc0fc,poster,0.5063108315139837,0.5369543914509604,0.6896908474606458,0.7861153214877141,0.7243474578960352
mean_gt_cat,de9b80,mobile,0.8062486198220624,0.7190564793294765,0.2634131629620078,1.005074501160869,0.7711756848530918
mean_gt_cat,a77bd5,mobile,0.33265529662257654,0.5922617434989077,0.5296557023090563,0.42554026754244095,0.6403607717878981
mean_gt_cat,092bd5,poster,0.7069448026939076,0.6277858831741855,0.44771531102486795,0.9880615794253625,0.7796676461739391
mean_gt_cat,e4afc4,web,0.5468692155294824,0.5247244185100345,0.678221907088997,0.8991416037272577,0.7555975930902545
mean_gt_cat,511db2,web,0.3131235356930383,0.5702406726537772,0.6380427243741531,0.3634249989891784,0.605549900935994
mean_gt_cat,330777,web,0.47889158168460644,0.4780388034447808,0.8234071870333747,0.8887925985550045,0.742483905792571
mean_gt_cat,c5fff6,poster,0.3417067104926724,0.36019837734842036,1.2293219191793852,0.8256989513085691,0.7413662146883228
mean_gt_cat,a7c147,web,0.44358293691789275,0.5162108330789266,0.7188181929261621,0.7627739824214481,0.7173453336250307
mean_gt_cat,d24c30,web,0.33023093075530185,0.5349959197285366,0.7357292652359044,0.5491591565534124,0.6595347183413136
mean_gt_cat,35bd1e,web,0.36318493068649493,0.5040772244681616,0.7734196659625913,0.6118206655324427,0.6911445055457692
mean_gt_cat,78cb76,poster,0.4066212222641723,0.3380527269677284,1.2576239550447015,1.032603037993521,0.7955121698593912
mean_gt_cat,c31d79,web,0.10553084754792608,0.325224553207371,1.5814931589165553,0.3668576446698133,0.6180410959778423
mean_gt_cat,5fc8c2,desktop,0.35699207235032737,0.4000749445184724,1.0391304055231665,0.7165753703827535,0.7084400386745424
mean_gt_cat,3a8a8b,desktop,0.3599591363122534,0.42891021731612045,1.0228732176796516,0.8100427764894099,0.7262839722229679
mean_gt_cat,f8d7fd,web,0.34702464682232714,0.4876354014549345,0.8523227743221417,0.5535990730616978,0.665589847439912
mean_gt_cat,d8d582,web,0.5867133448188278,0.5531555132394479,0.616277102163556,0.9262842441441955,0.7564112812953203
mean_gt_cat,33c037,desktop,0.4082442688796082,0.5193791954656568,0.7397237116500073,0.6294409718707761,0.6614539739434352
mean_gt_cat,33cc24,desktop,0.4039747778082723,0.44958264743090137,1.0137257143594842,0.946349063636455,0.7725706588068356
mean_gt_cat,0632d7,desktop,0.2212164445899372,0.5419738427316048,0.6917980052410782,0.2820091970488915,0.5923000294141935
mean_gt_cat,5b0cba,poster,0.652902022959565,0.7016851534965469,0.2899097342878259,0.7960038307039239,0.731706056885918
mean_gt_cat,763560,desktop,0.3560905800790828,0.5106902217242263,0.7385585011308822,0.5824432108433966,0.6827043450715332
mean_gt_cat,9d3bb4,mobile,0.7021814062144407,0.6795322897166833,0.3442091316422681,0.9147737981689955,0.7586066466364922
mean_gt_cat,7cc04a,desktop,0.49088186740131157,0.48430745977179407,0.7866964663266048,0.9191959418019344,0.763049943687887
mean_gt_cat,bf05c8,desktop,0.6529113205336958,0.5713428598117599,0.5883696936373523,1.0549623570303324,0.7865120094431065
mean_gt_cat,f69be0,desktop,0.4043035808015833,0.5284999682201611,0.7233561296582686,0.630012097249003,0.6763053729186175
mean_gt_cat,006450,mobile,0.6032926398834683,0.6728423806818112,0.34506468065762724,0.7435667639235319,0.702613765574414
mean_gt_cat,ab2461,poster,0.4208717707654292,0.5968070790486659,0.5141261384376703,0.581718715608721,0.6773095378691861
mean_gt_cat,2336ff,mobile,0.4754029343750168,0.561256648716578,0.5671160393241393,0.7364078008687531,0.715421569068917
mean_gt_cat,587857,mobile,0.4619152125610624,0.44914407472196394,0.9608165788732373,0.8368164153153173,0.6978183445983706
mean_gt_cat,e734ce,poster,0.5366722309901213,0.6044259523214313,0.4937320352761755,0.7300937391256037,0.7098380512470904
mean_gt_cat,b8a4ea,mobile,0.5650237650807663,0.6547948372238148,0.3824199205722588,0.7291521801519006,0.7150026406803318
mean_gt_cat,d4988b,mobile,0.42434783593233694,0.5139200244772401,0.7306768087109892,0.7395719815226106,0.7176367684765174
mean_gt_cat,93f7fb,mobile,0.5171994938778386,0.6670245499308047,0.3572056021105269,0.6259099286831507,0.6841078562819273
mean_gt_cat,d6789a,poster,0.42727081527206606,0.5497119211167961,0.7105618289539896,0.7656406804051764,0.7189276924508192
mean_gt_cat,cbd84a,mobile,0.6734907472345721,0.691358827968038,0.3356398894501027,0.7788986794965412,0.725134215717664
mean_gt_cat,bbffc1,poster,0.5185592622736668,0.5278198853654378,0.6615571282175888,0.9029055502930289,0.74532539116325
mean_gt_cat,757ade,mobile,0.15553319338266203,0.527322557717909,0.6443562023683738,0.17259592879453373,0.5717355401415085
mean_gt_cat,6aa903,poster,0.42415208741099686,0.5159070513739354,0.7457533911544131,0.7133884317253958,0.7084098712997882
mean_gt_cat,d56ac6,poster,0.6777460147643269,0.5717533109103143,0.5604002936828172,1.0592662243161817,0.7891073584679188
mean_gt_cat,cc5387,poster,0.4429874271748,0.47783980226141115,0.8847382797919061,0.8155900810136176,0.7307191063678338
mean_gt_cat,e9f7d6,web,0.30426761356299004,0.5524054946422383,0.6825727932917403,0.42395485183654236,0.625438408989416
mean_gt_cat,7b6601,web,0.3755583786493728,0.47599711123883504,0.836746746496086,0.6725886915108608,0.6980594159402704
mean_gt_cat,06256f,web,0.6087449972803292,0.6133843408098323,0.4851613308012261,0.7978731707631814,0.7285177253345494
mean_gt_cat,774bc4,web,0.2676120621671658,0.4766699490286042,0.87584832598554,0.3869390177041321,0.6173320010092469
mean_gt_cat,f431fa,web,0.3494343481931611,0.4534194122594349,1.0687762253430004,0.544534987841673,0.6527856382982146
mean_gt_cat,9efcf0,web,0.5781424221381565,0.48057349874570776,0.8049089661049174,1.0667758307239301,0.7909107067993049
mean_gt_cat,57bb95,web,0.4308878247409526,0.4566940202761527,0.9565593460923976,0.8374782156086359,0.7362189852041628
mean_gt_cat,6c678c,poster,0.4493378752526198,0.533793286824578,0.664594193951955,0.7510945847298526,0.7036481972833865
mean_gt_cat,1d5a20,web,0.5670265355519107,0.4286798579258952,0.944169300143894,1.1918987607004456,0.830846470727802
mean_gt_cat,b901be,poster,0.548332186966364,0.5547371388441541,0.6129879279494552,0.8387443573759397,0.7385442212894183
mean_gt_cat,3f6cd4,desktop,0.36725307777257243,0.5145810403347231,0.807868391498628,0.5362723243145907,0.63814421931892
mean_gt_cat,045f81,desktop,0.42355517339338944,0.5807897817937069,0.5852147083746854,0.5403574547763271,0.6630613601263785
mean_gt_cat,1bafe2,web,0.468350094780704,0.48069833860136185,0.8024045488356836,0.8572251822872621,0.7402019383630997
mean_gt_cat,13349c,desktop,0.5185347142993816,0.522329774961307,0.6888323249221348,0.9075669556066046,0.743346404036931
mean_gt_cat,2a4ccc,desktop,0.3791586439469574,0.430284024582453,0.9702082141824647,0.684014235146783,0.6872828915648723
mean_gt_cat,b5dab9,desktop,0.5421383336460095,0.5263158350344277,0.6872406051449029,0.9324397068330496,0.753192091523494
mean_gt_cat,d42246,desktop,0.5317096370728831,0.47670415551198875,0.8675925914650163,1.0558690681131906,0.7609935105361332
mean_gt_cat,f0f10a,mobile,0.4783869336533081,0.5872504180688795,0.5406945816855228,0.6653476912050702,0.7068396582345811
mean_gt_cat,6722bc,desktop,0.410199291311809,0.538837588998547,0.7062989973166099,0.6487296819748631,0.6900653742663931
mean_gt_cat,16d9d5,desktop,0.4642804443525531,0.4871271938692471,0.8606572202267013,0.8252533599933417,0.7157294981779511
mean_gt_cat,25e2f5,desktop,0.4034127118119738,0.48158579313059885,0.7979434304353608,0.6467109509189175,0.6964229303864115
mean_gt_cat,dafb86,mobile,0.286722764847419,0.5343521145522014,0.6159280932214928,0.32888578382489003,0.5943647450941945
mean_gt_cat,00fcd9,mobile,0.5426474888304402,0.5525904707527396,0.5922718376918232,0.8814782887896228,0.7440875392575086
mean_gt_cat,48a58b,poster,0.32838059242325673,0.5196162787159102,0.727942418420585,0.5270529741720716,0.6467066207084488
mean_gt_cat,09094b,poster,0.48365916672646797,0.5630350502200132,0.57190660266995,0.659864112159782,0.6935797131598408
mean_gt_cat,fd0d5c,mobile,0.4818206485497284,0.628623119500755,0.4890543441693107,0.6070187365480283,0.6605307081206933
mean_gt_cat,cff421,mobile,0.3860637355367124,0.5624395467730628,0.571156658170932,0.4541796813633982,0.6524064786531579
mean_gt_cat,ea6aef,mobile,0.44400318780442444,0.6160306884348783,0.5000213949220196,0.6193995489918488,0.6839886109927726
mean_gt_cat,5efd27,mobile,0.41450849638090514,0.6678074666879479,0.4145089830365519,0.5182927652803502,0.6568692824637953
mean_gt_cat,b8c70a,mobile,0.36020046999040045,0.5415157413647252,0.7141395712188899,0.6825552004716913,0.7120391451645671
mean_gt_cat,8ce365,mobile,0.45372781173700805,0.6614989059027468,0.3954275095419122,0.5929115743200057,0.672057891600646
mean_gt_cat,e2dea3,poster,0.2491982589738105,0.5305445902706536,0.7660899731430268,0.3924796712523487,0.6158893757299069
mean_gt_cat,865942,poster,0.4093410702437081,0.3943049572482872,1.1136218563024394,0.9563748294199313,0.7666448103021103
mean_gt_cat,eeb171,poster,0.6794137002698233,0.6228570095368099,0.43190291242723056,1.0539987716450163,0.7883161856117512
mean_gt_cat,110636,poster,0.5773902016283522,0.5925457766054738,0.5327916405496116,0.9078899702089079,0.7520048345019451
mean_gt_cat,c23e50,web,0.3626403948226938,0.5734894778425584,0.5923587007312345,0.4844110520716274,0.6410948909691478
mean_gt_cat,454f59,web,0.4441207074798755,0.43753921885241415,0.9630475491870163,0.9444230746498227,0.7682410828606194
mean_gt_cat,2917cc,web,0.3818113248562597,0.452330435206187,0.964357408659134,0.820738571548441,0.7458095157194844
mean_gt_cat,349e93,web,0.469983303941543,0.5575674978857004,0.6398577633707557,0.6765980965358686,0.6923425087553016
mean_gt_cat,d28ecf,poster,0.5019896790312008,0.5800005192002698,0.5555606226119498,0.6355592760955319,0.6787485831858506
mean_gt_cat,7d1335,web,0.4976846858055073,0.5970940205090911,0.5053309431800637,0.6931770621388851,0.7027385652594428
mean_gt_cat,4571a8,web,0.43041317315927163,0.5213517370310883,0.7812845237143662,0.6795642191192734,0.6877936785553197
mean_gt_cat,700dbf,web,0.4684996109032217,0.5814978576077159,0.5938365369219005,0.701473972104252,0.7004371811165883
mean_gt_cat,ffdc28,desktop,0.14307514410911715,0.3476178731031946,1.2996356705758556,0.3671811918513089,0.6164185147077558
mean_gt_cat,1bc531,poster,0.26559846566013867,0.4589279685482349,0.9611379634337212,0.5384844729845024,0.6578697037864301
mean_gt_cat,2e5cd6,desktop,0.5298016230802275,0.4561352294751283,0.9385406836132598,1.0997578742923118,0.7636895479865566
mean_gt_cat,bcdde6,web,0.6330245922370534,0.605043862395191,0.5023722903927412,0.902489465494986,0.751812079016833
mean_gt_cat,81e5e3,desktop,0.582362080315912,0.46367420928939,0.8724061372192047,1.2520032578541729,0.8337816613368734
mean_gt_cat,3f3349,web,0.42954645531637614,0.5889114366604946,0.573205606426956,0.6482837955130556,0.6950523751808904
mean_gt_cat,e8b226,desktop,0.11887297473852707,0.47611987654429466,0.9491969284065698,0.22827445060599263,0.5710010576916573
mean_gt_cat,3aecb7,desktop,0.3653462757686792,0.5365210488641875,0.6765809693514484,0.49659994758048864,0.6394476079562752
mean_gt_cat,67225a,desktop,0.5815236305626432,0.47136962758383266,0.844929615046887,1.1316111321033038,0.8174378098767676
mean_gt_cat,5062ba,desktop,0.10962657741918272,0.4284602968695068,1.0720365330602866,0.31476160560639793,0.6217674153770381
mean_gt_cat,529ce0,desktop,0.38803288079973286,0.4590683654289106,0.8756951915160589,0.7418547264450154,0.7163822704882957
mean_gt_cat,07950c,desktop,0.35576898650939853,0.3198169105068768,1.55481129922564,1.2948023881601847,0.8193769277194604
mean_gt_cat,700a42,mobile,0.28098224529485505,0.5820523198357017,0.5382133718310773,0.3463341055068109,0.6149437778714237
mean_gt_cat,a69a78,mobile,0.4819730480068183,0.6112478890768214,0.5312924793242376,0.7227346897189396,0.7093918742590662
mean_gt_cat,5bcc14,mobile,0.3984261918801193,0.5001142639733731,0.7111296225002086,0.6162552206043608,0.6855114946373392
mean_gt_cat,e93e5e,poster,0.3060711518877296,0.47384961255997815,0.9184008596934043,0.5161811019964824,0.652354979991772
mean_gt_cat,80e107,mobile,0.30306597655581713,0.44805877189087795,0.9188441906783631,0.4616707057294293,0.6590789896695547
mean_gt_cat,371069,mobile,0.36989685604574873,0.578253840865095,0.6084261242942464,0.5362177666105787,0.6503862308692016
mean_gt_cat,78666b,mobile,0.253305736548034,0.5016693854898711,0.7385571546061866,0.35717658185996365,0.5968041852340225
mean_gt_cat,2b80bb,mobile,0.5971534527279257,0.5525272225318472,0.6055122887765707,0.9915792629260837,0.7585343445135164
mean_gt_cat,39f80c,mobile,0.724095175233985,0.6636311606225396,0.3788508114293927,0.921343509098529,0.7540425313884959
mean_gt_cat,8d7422,poster,0.3851263907489214,0.5511594333786121,0.6374886387049506,0.58016076861605,0.672656780643698
mean_gt_cat,ab791d,poster,0.5893642557481537,0.748897107495555,0.20606821258723046,0.5986619323248319,0.6746247651002766
mean_gt_cat,6e6daf,poster,0.4587284884472542,0.631305171317053,0.4405138265302273,0.4769397503113115,0.6350043033664629
mean_gt_cat,cd91c5,mobile,0.6828265840097563,0.5362810288996802,0.6736927536537741,1.3067299381617994,0.8349112063059211
mean_gt_cat,c3c939,web,0.2803094720081379,0.5059050775047939,0.8197785927643582,0.4618678918117796,0.638407469793073
mean_gt_cat,009085,web,0.5679419530023295,0.507359407455676,0.7299351294051197,1.0482085460887762,0.7920965940107809
mean_gt_cat,09d1d9,poster,0.5384678787695957,0.4814689405694307,0.8416765994198289,1.1450939654092076,0.8182327157594798
mean_gt_cat,48582c,poster,0.2218090471821796,0.41932329567348436,1.0716789345156468,0.45603080307136024,0.6350832059701094
mean_gt_cat,a9793b,web,0.3397867011446013,0.48240336008307805,0.848075170565442,0.5745081025836463,0.6651711721301427
mean_gt_cat,b28a85,web,0.47001852753816864,0.5513594000928566,0.6516248620186635,0.7688069888466631,0.7148787369095838
mean_gt_cat,b8a1c2,poster,0.39218883083177203,0.429144641664761,1.0653041034414068,0.9087816163412964,0.7587107312579505
mean_gt_cat,4093f0,poster,0.39828692350096717,0.36089113083591984,1.2554968170274243,1.0391008382359852,0.7974671609289624
mean_gt_cat,48806f,web,0.2509206152823301,0.524790701410712,0.7436505802532554,0.38771545623605047,0.6196474685341333
mean_gt_cat,b93b7e,web,0.44164711500640486,0.6011291856905288,0.5288883807482967,0.5548937629482298,0.6575493205573352
mean_gt_cat,21d79e,web,0.20764818652049044,0.5492200539606107,0.6698936224091805,0.31632311473291314,0.6032354921889718
mean_gt_cat,5a64a8,web,0.32775337474657584,0.464259259920253,0.9553668124456586,0.6229353939291576,0.6831760721738666
mean_gt_cat,38dec1,poster,0.3613916617974166,0.5586676525246518,0.6339050541976579,0.49459515378962077,0.6407853415135569
mean_gt_cat,d165df,desktop,0.24677474197477894,0.4695325338278722,0.9894009637896062,0.5454129390160196,0.6687756183167115
mean_gt_cat,daaa3f,desktop,0.46575143687074383,0.469284670813957,0.8293940542803842,0.7469629235022988,0.7056088076326978
mean_gt_cat,cf477d,web,0.5075136002815963,0.5275443698358455,0.689999529869827,0.8556607679727933,0.7441808512702404
mean_gt_cat,46e6ec,desktop,0.41504366278946203,0.5385080741400499,0.7122628117711166,0.6253758081833648,0.6713663562699635
mean_gt_cat,5b5a0c,desktop,0.4304333420450579,0.5567441508581898,0.6491771020327323,0.61766337749511,0.6595954128619349
mean_gt_cat,c7e7cd,desktop,0.2082860419477002,0.5324865510324607,0.7184162875728239,0.35186961728412913,0.6148196763485747
mean_gt_cat,fcac91,desktop,0.17073636949652343,0.3568701973148097,1.250796252041155,0.4007600081576064,0.631442350051851
mean_gt_cat,d5f959,desktop,0.3848819521583301,0.48659997598595484,0.7983301909211074,0.6478276563471651,0.6820770805293517
mean_gt_cat,c9e860,desktop,0.3944799799651375,0.4881885912414332,0.8735792818706422,0.6853178715452272,0.6764788177572124
mean_gt_cat,9b2668,desktop,0.22761085490335117,0.4807135348413506,0.8302633999323232,0.2905230514041894,0.5851228522277746
mean_gt_cat,3b6541,mobile,0.003159547481321408,0.4840068189491962,0.8480208816199801,-0.0005266888067743742,0.5144229121299003
mean_gt_cat,6cb6d4,mobile,0.5546688601409038,0.6287357044617703,0.4348455806225998,0.7113581079778158,0.7110130583311683
mean_gt_cat,599a18,mobile,0.5262637503273715,0.6522062473949697,0.39869270742420515,0.6458668317801184,0.6987182808707858
mean_gt_cat,b33b46,mobile,0.37890993418846947,0.5028424645945255,0.7215292756705975,0.6944487872554063,0.7059291366034502
mean_gt_cat,7cf580,poster,0.40119752911289464,0.5849535886272363,0.5465177877695895,0.5656389764199532,0.6649413536270757
mean_gt_cat,b36130,mobile,0.4179466787459974,0.5286092085486046,0.6540778995554799,0.6033796519157308,0.6774237716466844
mean_gt_cat,4e14f5,mobile,0.4365649692135546,0.5743938266791413,0.6038881071906801,0.7498501733466867,0.7123698452715642
mean_gt_cat,4193f2,mobile,0.0827543688823685,0.4490718371266859,1.0993886069068428,0.15301216554306177,0.5610301876082513
mean_gt_cat,d31d43,poster,0.12325202380393044,0.4365365196973559,1.131493694899446,0.3458346609610993,0.6041024050045327
mean_gt_cat,3ea1d8,mobile,0.650012202591048,0.6879780220451615,0.3173121944379128,0.7772231270288653,0.7164423166676998
mean_gt_cat,dc2864,poster,0.1980385066684797,0.5249526246365739,0.8219169526635549,0.3672652234386109,0.6050648486603014
mean_gt_cat,a16835,poster,0.27986828278871867,0.46397726796159483,0.9084222837824034,0.5547900517725477,0.6646513441955345
mean_gt_cat,e948ad,poster,0.2959620750611106,0.5449817662999834,0.6430226143657402,0.4373556029370715,0.6343418184821378
mean_gt_cat,18230e,web,0.4157353352097136,0.4396963758293924,0.914431423373908,0.7954728087789216,0.7269968229215846
mean_gt_cat,d2c979,poster,0.5901131543126255,0.5964554879230437,0.5153497753082381,0.874520544486543,0.7395450445537309
mean_gt_cat,e946d8,mobile,0.3970795728826093,0.6366141262369791,0.489144321618572,0.3950822409088269,0.6191128679981207
mean_gt_cat,31b0f0,web,0.48073485408135314,0.5738308291429639,0.579879074050253,0.7430285734638218,0.7135098011276657
mean_gt_cat,ffd262,web,0.2996182971429713,0.54714462459116,0.6778363853259164,0.4359691551380094,0.635264019406808
mean_gt_cat,6e6737,web,0.7224127022646387,0.7124066754077403,0.2916835587073401,0.8458333368792276,0.7435977276451993
mean_gt_cat,e0f578,poster,0.4910751686899202,0.5193552581621051,0.7413498029074942,0.8578921775436119,0.7467218526997682
mean_gt_cat,a2d191,web,0.292917467280945,0.4635794110693484,0.8667392550138783,0.5241288253839198,0.6681657287592249
mean_gt_cat,4ab184,poster,0.3776840055443915,0.5441577344115247,0.6433012741824236,0.6060192812380588,0.6628710543771211
mean_gt_cat,71e30d,web,0.3676497875367828,0.5286771962752045,0.7571540577954415,0.5859956142968945,0.6680323927142365
mean_gt_cat,d9baa1,web,0.47506645740694675,0.5183098016043608,0.7273384446154791,0.7606872912364743,0.7138339415596376
mean_gt_cat,5eb5e5,desktop,0.5407280079806556,0.3997298999090687,1.0659809433536611,1.3174975606875317,0.8314461195477992
mean_gt_cat,5073f5,web,0.4690871142624007,0.5264653104194366,0.6887487237362508,0.73214661311308,0.7166685028859359
mean_gt_cat,96f6e0,web,0.17831162430587064,0.4858241477546341,0.8607551502488145,0.2988987357248438,0.6005885700684945
mean_gt_cat,5f562b,poster,0.6094935865118591,0.6576362874017753,0.39293003389102366,0.7022648338533881,0.7001361483995381
mean_gt_cat,42b098,desktop,0.3246547150352268,0.490124980478852,0.8508752857676339,0.5279085018133751,0.6478055065777582
mean_gt_cat,0eb2be,desktop,0.3861576181297176,0.4024996610460205,1.1796139581008687,0.7743001926019577,0.6781781239570008
mean_gt_cat,0720ce,desktop,0.3116249754469551,0.3426353714369445,1.3870846741911635,0.8859980610945303,0.7525329140965407
mean_gt_cat,512240,desktop,0.31693418439587084,0.44559874459019155,1.023911026808047,0.5535186112963412,0.6165747718955301
mean_gt_cat,2c663c,desktop,0.2999891875820704,0.4762810787243757,0.8804117231462834,0.4970180800794276,0.6516133313625415
mean_gt_cat,ab9e2a,desktop,0.37828027361154726,0.416922940606955,1.038568067626173,0.7334573743886532,0.7154268738192773
mean_gt_cat,d320e4,desktop,0.2832820678177298,0.48250613580728696,0.8413026869249765,0.4691976659780363,0.652398773291343
mean_gt_cat,0ff0be,desktop,0.20184009095494412,0.43912844589036504,1.0053388366650784,0.33357436923746464,0.6073400759243988
mean_gt_cat,f38ac2,mobile,0.21281200654397647,0.49580755966385553,0.763114769202745,0.36622544155791215,0.6113195462673565
mean_gt_cat,96d95b,mobile,0.4262897334737977,0.5016860142768503,0.7869671886977849,0.6532887358544525,0.6783410015856908
mean_gt_cat,f96a6e,mobile,0.5319089276703308,0.550448154194211,0.6395401422674557,1.0040114910899482,0.7745444866139959
mean_gt_cat,f05508,poster,0.0926527599218498,0.36617747475246976,1.3068496470207225,0.13979878320002714,0.5456495083268499
mean_gt_cat,2e9a8b,mobile,0.5630127386495453,0.45181771612425414,0.8356771620361721,1.1434768647795421,0.8079568172433831
mean_gt_cat,2b7751,mobile,0.5264981450483036,0.49099125018522494,0.7697384586169569,0.9549462333793646,0.774883608960166
mean_gt_cat,e69624,mobile,0.07804904101003425,0.5566498766895447,0.6247318869474445,0.1952176119317474,0.577148269745806
mean_gt_cat,39fa7c,mobile,0.23681394656503482,0.4768691434642998,0.8168115120591016,0.4413086563135924,0.6470971581787108
mean_gt_cat,6b51ee,mobile,0.5898439165991709,0.5717869150638997,0.5944909291263129,0.9318638787092021,0.7693161880542693
mean_gt_cat,1c2bc5,poster,0.5529279819491122,0.6008144183569454,0.5648293127148853,0.8717759417537679,0.7541233231600567
mean_gt_cat,020ba5,mobile,0.7280522843125373,0.6526284753349998,0.40780825456272624,0.9806379497634822,0.761386054272694
mean_gt_cat,c41f2f,poster,0.44194755045802203,0.6152897416748074,0.5345008029886258,0.557147724484417,0.657468315380412
mean_gt_cat,b5edbf,poster,0.5606045135582376,0.6151677725178235,0.46384353267936396,0.7543677919782589,0.708659115061692
mean_gt_cat,f68906,poster,0.723639528839714,0.706292143215175,0.28818789625758573,0.8419635491042224,0.739795522042321
mean_gt_cat,16a273,web,0.3386745387975669,0.48590006043609485,0.8613284500755846,0.5523054668550883,0.6579766656279814
mean_gt_cat,8b12a0,poster,0.374349436358428,0.5029723539784877,0.812138988787681,0.7378480188014581,0.7121806987904209
mean_gt_cat,856a72,web,0.3638608962881731,0.4763871088405295,0.8658459374641494,0.7021209054064576,0.7060320211646599
mean_gt_cat,7aad84,poster,0.5253221799232639,0.5025612411023901,0.778134440630406,1.0172006904398592,0.788283524415172
mean_gt_cat,b67326,web,0.4021889509101598,0.4911101182435206,0.8629485631607394,0.684505800884393,0.6913433777603272
mean_gt_cat,63aef5,poster,0.6759114279973437,0.6008361425352935,0.533636930764028,0.9870954549117912,0.7741391710546458
mean_gt_cat,2b48a6,web,0.6131094565399768,0.5539912568202887,0.656234172546464,1.0434345813104435,0.7926484529739692
mean_gt_cat,a3d37d,web,0.4209173945293838,0.42731314823351874,0.9949584166789089,0.940510921009428,0.7625528060178358
mean_gt_cat,5b04c4,web,0.49537832553484806,0.5593386873896675,0.6030828372911701,0.7561637956173233,0.7100030463092062
mean_gt_cat,45d01a,poster,0.24526206137795223,0.4498109883523846,1.013849891418172,0.46567155483271155,0.6307165485514176
mean_gt_cat,7f6c14,web,0.33912290185907257,0.5725715931114017,0.6351107011210617,0.5298335125139437,0.6581908503877226
mean_gt_cat,52fbfe,desktop,0.3981835457409717,0.47309217015141136,0.8593344444757818,0.6495489635913898,0.6943393385821426
mean_gt_cat,14a7b0,web,0.3149012830457867,0.4318901235924646,0.9847017534936443,0.5533232905539424,0.6624447529281883
mean_gt_cat,d8d91d,desktop,0.4890787424038823,0.4983913912109473,0.7803337570899644,0.8195113570894109,0.7127314556939804
mean_gt_cat,869868,web,0.4973913035754536,0.5035941004551328,0.7761324277386255,0.9339055351319009,0.7648520447345816
mean_gt_cat,c35930,desktop,0.03640165300512343,0.35319992468808964,1.3445113043420653,0.16368377131663872,0.5481494748446463
mean_gt_cat,c6a670,desktop,0.4435672064854069,0.5114299922878418,0.8243727787986648,0.814579863215566,0.6976608487092271
mean_gt_cat,1ce5f5,desktop,0.4293819963009636,0.3846497719558461,1.2182305710977066,1.1757754508704954,0.8090934913527255
mean_gt_cat,61ea3d,desktop,0.3030321191349712,0.3867346167815078,1.1197284189033525,0.5829045611633803,0.6719836156383138
mean_gt_cat,55079d,desktop,0.18415215014344527,0.46055481934382353,0.9229785249642175,0.2872402989141357,0.589307818845936
mean_gt_cat,fafbcc,desktop,0.38830473610946015,0.4897220345592717,0.8256164275306587,0.6871641476852075,0.6992252248704741
mean_gt_cat,949207,desktop,0.40579884334709665,0.49114563511546583,0.7905862520974671,0.593635607265308,0.683143539517262
mean_gt_cat,aff2b7,mobile,0.6315430754385615,0.582725973812304,0.5591376051174796,0.9755850918611723,0.7618287016855272
mean_gt_cat,10b93c,mobile,0.5376121224204933,0.553999320624892,0.6422037521791117,0.9558597749325032,0.7651801286130573
mean_gt_cat,f21770,mobile,0.6094456280118516,0.5095177143175512,0.7404529219575227,1.099820431552763,0.786330026358078
mean_gt_cat,5b5e85,mobile,0.5149890380107924,0.5526102512606271,0.6174810928459588,0.8358002665305715,0.7347366040492744
mean_gt_cat,064f44,mobile,0.4440686293208199,0.3235487315333321,1.2564682413190926,0.9650367627978318,0.7475287273492359
mean_gt_cat,b7690d,poster,0.35848261416494875,0.5164581316928347,0.7884209773376281,0.6775692436239145,0.6870107079614453
mean_gt_cat,00d37d,mobile,0.6581846861465788,0.6335927710666758,0.41852284556296193,0.9045149693005781,0.7540210025339559
mean_gt_cat,3c29dc,poster,0.5934155616742434,0.6892794197321044,0.34127204880955114,0.7564016549177438,0.7140663584577461
mean_gt_cat,a4f49f,mobile,0.5672050606642247,0.5458263107996755,0.6188913015396564,0.934684337014444,0.7430668193326995
mean_gt_cat,b46333,poster,0.3426715862864964,0.4509734069934147,0.8869765224867088,0.6254661419231837,0.6848112352505346
mean_gt_cat,25d5bc,poster,0.33108354255040306,0.6362150039381431,0.46866449710708846,0.4036519523750908,0.6264829500404674
mean_gt_cat,52b67f,mobile,0.6152926381493606,0.6848946122938881,0.3195840850414027,0.7405424881933217,0.7176071520701012
mean_gt_cat,9f2268,poster,0.4784058288438717,0.6282172716881536,0.44678878070343964,0.5715214469232995,0.6698686467237909
mean_gt_cat,7d61f6,poster,0.1869719344216226,0.5873001018042925,0.552941300425809,0.2629148366933532,0.5836746210418912
mean_gt_cat,39a8fb,poster,0.3191410787216774,0.6171354530384238,0.4739814916356946,0.36632296599520126,0.6112773098617889
mean_gt_cat,2ea01b,poster,0.47238477463586914,0.624367629807214,0.4822995437017424,0.5971855439457638,0.6686434482766745
mean_gt_cat,70d755,mobile,0.21490704573885455,0.42338763049574013,0.9643705520012995,0.5166194589500649,0.6533448692644266
mean_gt_cat,0f858f,web,0.5386399457766675,0.5205629891357841,0.7071237769734178,0.9126810729162805,0.7592372716812201
mean_gt_cat,bbc4d8,web,0.31341530724813366,0.5528754103855831,0.6782351145678269,0.4356004767426134,0.6326401023574353
mean_gt_cat,ddc145,web,0.6333793543770629,0.5195333389544309,0.7018288859361633,1.1493843610604493,0.8203892993615137
mean_gt_cat,e0966a,poster,0.38616198558061093,0.4390477847959406,0.9791886417636324,0.7659564193032953,0.7147447437959324
mean_gt_cat,1d1d01,web,0.6803247945797823,0.5820680218104223,0.5319658943927916,1.0609285262626615,0.7897616148478602
mean_gt_cat,042af0,web,0.49543221098439183,0.5035528401525606,0.7754149069721152,0.9712692616798727,0.7753956146014869
mean_gt_cat,3a7320,desktop,0.27142539130183885,0.3863723969390038,1.1683621518213183,0.5889132149705522,0.6571826157144081
mean_gt_cat,7881e5,web,0.37386590392660835,0.5633146733541612,0.675612126225923,0.5811732348490966,0.670719938325498
mean_gt_cat,a0e299,web,0.2751649980323245,0.44872870203782733,0.9021937447919884,0.4738589076631204,0.6481190559750063
mean_gt_cat,73386c,desktop,0.18092481843724134,0.44656944535094534,1.0632642532183607,0.41628156539769057,0.6280715923641815
mean_gt_cat,ecd2f0,web,0.411528767190092,0.4574239692327019,0.8757538655864624,0.7815959337811365,0.7259087614395441
mean_gt_cat,387531,desktop,0.3804006973173534,0.5865563153952909,0.5237631741021682,0.43141670107678204,0.6248228738744916
mean_gt_cat,538ccc,desktop,0.44507194088647617,0.5250958889462916,0.7516456575627517,0.7804503080516352,0.7244529709136163
mean_gt_cat,009d6b,desktop,0.3667296894491674,0.4738103547534317,0.8415177933965674,0.6688843964487196,0.674242850011543
mean_gt_cat,6581b4,desktop,0.5176786078900519,0.5117165373619534,0.7446074068017237,1.0463733347081006,0.7877156520160575
mean_gt_cat,e3d8f9,desktop,0.47358997110492784,0.48409189737308744,0.8038247834449409,0.8483304539726465,0.7495454413858537
mean_gt_cat,f01758,desktop,0.2313386141621925,0.4546562020967614,0.9522861953213225,0.47739652417147754,0.6476730599781712
mean_gt_cat,6a4f04,web,0.37364976044151704,0.3741935951492721,1.1988915791281047,0.8545401953660705,0.7427514667798027
mean_gt_cat,623ccb,mobile,0.4087431565583347,0.5568769760860992,0.5872590868143672,0.6024838220750008,0.680328712526763
mean_gt_cat,6e09d5,mobile,0.5056667534326829,0.6028870606759135,0.4981273879048531,0.6850724811858317,0.7080864482171068
mean_gt_cat,8bc82b,desktop,0.33998810153222525,0.427257679468279,0.9986188454283582,0.7450245333895514,0.7166876333883068
mean_gt_cat,cc787e,mobile,0.663524212214535,0.507061975912481,0.6912500039196194,1.1554213289195128,0.7981906006474527
mean_gt_cat,eb529b,mobile,0.05169209887434714,0.4907470469487873,0.8219127241374602,0.09662509602627403,0.5363453761302853
mean_gt_cat,22411d,poster,0.27251592006506786,0.47872883976455105,0.9455335591167238,0.5977392775250232,0.6820069397422558
mean_gt_cat,c9131a,poster,0.537042617915794,0.6327751296285239,0.45473409089010447,0.6331844162683486,0.6895859331473809
mean_gt_cat,b602c0,poster,0.27719386251540723,0.5441976328006862,0.6511589468768832,0.4014092722177246,0.6188042291800478
mean_gt_cat,e8d8ff,mobile,0.5917680142782781,0.5357760938513905,0.6717909874029858,1.1462272438034067,0.8010285129020597
mean_gt_cat,aa635a,mobile,0.5076387262760205,0.6015057945022382,0.5204103493187496,0.6824053971888879,0.6892902499081159
mean_gt_cat,661e84,mobile,0.5625901424665355,0.609053263348101,0.480132329079935,0.7728267374915273,0.7167558753875065
mean_gt_cat,93562f,mobile,0.3258156270136192,0.5893864875072929,0.4993920804166632,0.4737872175524344,0.6484921694449829
mean_gt_cat,935ba3,mobile,0.609839182003969,0.6463027062458029,0.4520246448883222,0.902176711623961,0.7409882850957854
mean_gt_cat,935066,poster,0.7628624129090655,0.7780677222278848,0.19009412871868464,0.7480066640870169,0.7157640453765033
mean_gt_cat,a26a7d,poster,0.5443309885690985,0.6818394294173872,0.34981859494517764,0.5341931783014979,0.6518989628816586
mean_gt_cat,0b81bd,poster,0.3886586816493063,0.4111830464887384,1.0985993861745929,0.9201582563927074,0.7610302890648184
mean_gt_cat,4afbad,web,0.588783076143018,0.546447055810017,0.6016023954273038,0.906941193460028,0.7561274160304269
mean_gt_cat,9e5e48,poster,0.5492543587988522,0.49021120582210653,0.7642706301775011,0.9602475985139161,0.7759383468530708
mean_gt_cat,a8f62a,poster,0.6249010333139932,0.6936722031293343,0.3120643768790299,0.729603880231073,0.7062498162060461
mean_gt_cat,8dcfba,web,0.4088775204909604,0.5242531955624009,0.7133405130631368,0.6778867848221072,0.6968178374757927
mean_gt_cat,b02b39,web,0.3955065081769652,0.5744480190213306,0.595512968972026,0.5783345047128823,0.6742773440154681
mean_gt_cat,e7e0d0,web,0.5387515264100048,0.5785152308291388,0.5425027955602532,0.7914838277599078,0.7283314190054695
mean_gt_cat,8bcc12,web,0.7059665182756086,0.6384006320992354,0.42581627852125836,1.074502165011254,0.8020622310290002
mean_gt_cat,e7022f,web,0.4322763584044935,0.3822181575392569,1.103108296091861,0.9633872152896774,0.7760760943634702
mean_gt_cat,82a8ca,web,0.5483173810696782,0.39394708813435936,1.0109208388816995,1.1869271717549548,0.8336596641737279
mean_gt_cat,3250cb,web,0.6017268689568053,0.5111260742099708,0.718139621121625,1.1451189197858453,0.8140512552424004
mean_gt_cat,285c1c,desktop,0.22862945618918773,0.42190897854338316,1.1507795532528422,0.5053569123575484,0.6233327310811909
mean_gt_cat,d924c7,web,0.22147032426851548,0.5113047422007249,0.7679815792461737,0.34264399129127243,0.6089449068501704
mean_gt_cat,555c68,desktop,0.4441345340890765,0.4455419727656108,0.9541454869966546,0.859324253759572,0.7551991877579938
mean_gt_cat,ea4596,desktop,0.5289331331342926,0.5157935784309899,0.7414925089816152,0.8827762674776533,0.7554232877732381
mean_gt_cat,6f11a2,desktop,0.47352430982093163,0.3716036610007176,1.1524373568459978,1.1414606855869867,0.8064499795163345
mean_gt_cat,ccf32c,desktop,0.38087969828909696,0.45408379151121103,0.9907199557084002,0.7118446679703635,0.7078418148834051
mean_gt_cat,f4d6e9,desktop,0.3429923023920267,0.4549177315132892,0.910578151195488,0.5849433341317662,0.6821389524076837
mean_gt_cat,2fe128,desktop,0.28036093818332847,0.4678054825761815,0.9620203988319023,0.4636953472961433,0.6212701378321454
mean_gt_cat,583824,desktop,0.28100461824752415,0.335438945822614,1.3449370357717083,0.5836127891476857,0.6593417951310125
mean_gt_cat,40f316,desktop,0.14406124750606358,0.351232378165624,1.373998928289743,0.28114357728432526,0.5754518327178515
mean_gt_cat,4867f6,mobile,0.4744013514237999,0.6153776241313209,0.4686486493883897,0.6102591160031603,0.6813224838902656
mean_gt_cat,7e3369,mobile,0.28820588505867634,0.5405647432752565,0.7650473931609635,0.5958958767344943,0.6718434823049033
mean_gt_cat,12a0ed,mobile,0.4843734625457442,0.516302793440061,0.7858135069535641,0.928954096599208,0.7723021974743385
mean_gt_cat,74e427,mobile,0.3061071224426486,0.5657069400655751,0.6303784692251353,0.39937857761319573,0.6283340386582306
mean_gt_cat,eed5f3,poster,0.5186577749152786,0.5343046489268727,0.6830566828961011,0.8245317113423835,0.7374438452414533
mean_gt_cat,5f07a6,mobile,0.4939001873460924,0.6327955315513294,0.4500936509518675,0.6005953955118197,0.6724241297172175
mean_gt_cat,51e73b,poster,-0.020839477249712118,0.2996777121148991,1.5141386483398867,0.006657831857372755,0.5118540255724446
mean_gt_cat,163518,mobile,0.47220641187688295,0.5897076449012588,0.5451937789708589,0.6318681220110018,0.6932717538955282
mean_gt_cat,943fdb,mobile,0.3530136353516332,0.40740665983939417,1.0476884505515809,0.8366490570517044,0.7399929443905638
mean_gt_cat,e8739a,poster,0.8012635690307177,0.7724790582349017,0.19093017101451426,0.7960787034606015,0.728040307516656
mean_gt_cat,c9b04c,poster,0.29642963765913505,0.4957219762563679,0.7761798566895619,0.47402124570345,0.6349252662730173
mean_gt_cat,f861f0,poster,0.509585923612013,0.3976998315039992,1.092900826729489,1.1722498451818661,0.8313145666771864
mean_gt_cat,605f70,mobile,0.031909239972307456,0.4497154054582695,0.9849987953027725,0.12981079548287064,0.5643725470354021
mean_gt_cat,0c21ef,mobile,0.650280354684723,0.48616094643775465,0.7164935211262072,1.1589418912315734,0.8012281169337359
mean_gt_cat,01d4b9,poster,0.21174687827367483,0.6929174775326483,0.3496394801474062,0.1984558835058279,0.5560423912475082
mean_gt_cat,fdc3d7,web,0.5687266717856015,0.6203247295008769,0.4951509122811977,0.8112227571260477,0.7364156703847394
mean_gt_cat,0f712c,web,0.40560318213595037,0.42159094760939386,1.0162694116242923,0.9220962313740264,0.7698012437985383
mean_gt_cat,2a97ca,web,0.3945994628527294,0.5319881070013247,0.7164489540154426,0.5830274639439575,0.6645083376064894
mean_gt_cat,47293c,web,0.25394359686456236,0.4748273124771921,1.1006770219963762,0.636308745341999,0.6744072945175581
mean_gt_cat,d48310,web,0.35871596852271803,0.3420101050090305,1.333840247318555,0.8982579566435456,0.74235680997874
mean_gt_cat,c10e6e,web,0.3624420035556846,0.42887316187641544,1.0124596356397564,0.8051138948155467,0.7362662661811048
mean_gt_cat,f4a513,web,0.15498060627310373,0.539040862487165,0.6909488337498516,0.2954547058796931,0.5908180198902278
mean_gt_cat,457f63,poster,0.23901262302723011,0.35596451454107764,1.377128030731345,0.6582485658956843,0.6981298869933809
mean_gt_cat,ac484e,poster,0.5500011107961766,0.49063060772260997,0.8087492914611942,0.9925977960892536,0.7813463180900482
mean_gt_cat,3364ed,web,0.33743796995952535,0.5119963942584225,0.8006884494259942,0.6066262412839494,0.6807890266073271
mean_gt_cat,d205d8,desktop,0.39515426271949244,0.45944229398062375,0.9297512590671069,0.7254453977662787,0.7031946252220695
mean_gt_cat,adf8ec,desktop,0.3288843027310414,0.3312825553172242,1.392952424484118,0.8628741056445395,0.7237922703537446
mean_gt_cat,e3d6fa,web,0.41120433865649664,0.5602959713545976,0.6758174126332193,0.7010002989070127,0.7015568667799053
mean_gt_cat,00b8f8,desktop,0.3701092504321285,0.46657527491305906,0.8657434155536384,0.6194822553457766,0.6837686721724335
mean_gt_cat,862f3a,desktop,0.26624916230353857,0.4940089463525693,0.7796069605307735,0.41428866089146393,0.6518917954976188
mean_gt_cat,432066,desktop,0.11634288221856823,0.43167794306793283,1.1072953676211197,0.26618252224067357,0.6027013023795083
mean_gt_cat,76b63f,desktop,0.013164483099615615,0.39243726746027435,1.2681513059754042,0.11476001605750838,0.5367520021845785
mean_gt_cat,90888b,desktop,0.3562771465144138,0.5359276790590164,0.6922928311253584,0.4784570762054172,0.6408752957217203
mean_gt_cat,f9e25e,desktop,0.4616590058696285,0.6097808275342687,0.48539019269466066,0.6042683777404325,0.6829217682409484
mean_gt_cat,f76fca,desktop,0.44884835688315494,0.39837351830805695,1.040867050352335,0.909562694017186,0.7332455538744046
mean_gt_cat,d70468,mobile,0.5361902807640528,0.5393782136810998,0.6281089454431676,0.8620267967525104,0.7456825724796099
mean_gt_cat,75361f,mobile,0.6329713247180204,0.687587567338312,0.3391751060650831,0.809155174743885,0.7309981566048604
mean_gt_cat,f08c55,mobile,0.5395085216490153,0.5878165785595195,0.5253227531287404,0.7607751039119489,0.7198966768784097
mean_gt_cat,e624e7,mobile,0.464803459171953,0.6091331643842408,0.46079691981829246,0.5367670110784645,0.6638919878862412
mean_gt_cat,07e9bb,mobile,0.34128173193010536,0.6749410043614888,0.39342325396445466,0.2756967324463509,0.5810730408277559
mean_gt_cat,741c3a,mobile,0.5837828808052048,0.536160565832016,0.6667478499640817,0.974736274589653,0.7670290403542366
mean_gt_cat,6eb290,mobile,0.3233031362300186,0.4780835009441533,0.8310956857566366,0.6310188949143009,0.6832851569151137
mean_gt_cat,d5493d,poster,0.751025050887985,0.681376809122117,0.3632807663617304,0.9282325380819386,0.7632766343971445
mean_gt_cat,b80cf5,poster,0.46090275542400116,0.560791831114956,0.6095087596322971,0.6885266194904288,0.6927069240463352
mean_gt_cat,e277d3,poster,0.3914803766576472,0.592680844371556,0.5390105417711901,0.4795350976857697,0.6400658161669046
mean_gt_cat,1a2169,mobile,0.518351558508219,0.4107754631244123,1.0096642601211925,1.1696462800026413,0.8104418747475972
mean_gt_cat,aabc06,poster,0.44979544206328304,0.5131005396223514,0.7752073975124285,0.8031462686819351,0.7258616023690102
mean_gt_cat,9e68c7,poster,0.03868175787367041,0.4435545158299436,1.0173795987677285,0.10792606396144218,0.5300583945076918
mean_gt_cat,dc537b,mobile,0.6228777552584752,0.5279818222466572,0.6281152644960734,1.0270144443769111,0.7857121822366352
mean_gt_cat,db81dc,web,0.40563456553978583,0.5689116084941914,0.5850043763869376,0.6118032793873833,0.6818175577332155
mean_gt_cat,bd7a8b,poster,0.49778135348863595,0.5088436091572932,0.7140482523439088,0.9253165916611058,0.7681064364567352
mean_gt_cat,074c75,web,0.5317174019227905,0.5610231188930472,0.5811996948752893,0.8045005736850039,0.7289987027965785
mean_gt_cat,3d5500,web,0.4320471503001923,0.522579807474479,0.7275406573090485,0.7855507645041299,0.7281837186051628
mean_gt_cat,5badb5,web,0.17388339262558494,0.5083807076213249,0.8316575930087096,0.2895010479953983,0.5844390263054952
mean_gt_cat,ea57c5,web,0.3852348218322013,0.5092068307937967,0.844137642915394,0.715128142864938,0.7031032910196207
mean_gt_cat,d2f771,poster,0.3129163086504032,0.49877477413435206,0.7484351812928911,0.5315924533305686,0.6445882639816246
mean_gt_cat,a069b7,web,0.6672328989420717,0.6121481678581187,0.47724145909569604,0.9725307679694297,0.7792610898542196
mean_gt_cat,2a1907,web,0.37313715592216395,0.4049121636722796,1.071839810177291,0.7031044712698042,0.7054530073860665
mean_gt_cat,fb6dd3,web,0.6568130943328853,0.6445773662144337,0.40002337463898224,0.9041551560839743,0.761542734088251
mean_gt_cat,db86c2,desktop,0.5471935785937265,0.6292250173340841,0.45038283310617727,0.7887874828881571,0.7255686737393526
mean_gt_cat,773f17,web,0.13770739483875516,0.4551252588887784,0.9958426379032937,0.24658785980008932,0.5816369648488449
mean_gt_cat,056cfb,desktop,0.44200281387691,0.4719163111001081,0.9047946014778318,0.9034722218099462,0.7555509116505621
mean_gt_cat,7d5fb2,desktop,0.32160952584460945,0.44726241598601557,0.9663178941997715,0.6482637853436177,0.6970305478219042
mean_gt_cat,48a71e,desktop,0.32994520915122494,0.46408171514506213,0.9223089367119945,0.6794103402619928,0.6764730074484386
mean_gt_cat,0ef9b2,desktop,0.5313870499682871,0.45177918366719755,0.9114983086642788,1.0528841474412325,0.776945296399404
mean_gt_cat,37c0ca,desktop,0.4373453414117384,0.48640422646420706,0.807135390926168,0.7444145425099808,0.7108214886492192
mean_gt_cat,370302,desktop,0.4566270599896465,0.4308945876942096,0.9373751677142839,0.8609853836437261,0.7531049589104717
mean_gt_cat,0f85bd,desktop,0.4027966765971588,0.48115631369897705,0.9273540740915789,0.6572290822512248,0.6843887439498197
mean_gt_cat,6d4031,desktop,0.335804126135705,0.4109096237189803,1.0468111028490168,0.6470131333883065,0.673403718433493
mean_gt_cat,61e6d0,mobile,0.5442091397228114,0.6686425758260088,0.3840769116301539,0.7025569118333737,0.7113474180789634
mean_gt_cat,3dbc95,poster,0.6440174784979783,0.6383629571886521,0.40068995069299157,0.8476280340907325,0.7391101613772796
mean_gt_cat,e228f3,mobile,0.5893967019443477,0.5690157138953174,0.6254892965803506,1.0106922403032463,0.7817775301020918
mean_gt_cat,71a0b1,mobile,0.15480433419102804,0.444554663963917,1.1943638286117602,0.32166964052155617,0.5784740998258424
mean_gt_cat,733bb9,mobile,0.23274368503569137,0.4939370582132575,0.8415385198548349,0.3207213502323143,0.6134676588843284
mean_gt_cat,6b1bcd,mobile,0.6133347798023722,0.4049276060779411,1.0126726746405907,1.4440082400878373,0.8639916879303694
mean_gt_cat,bc25a7,mobile,0.6220362416281009,0.48815482751125827,0.7923430750213368,1.2138448465433163,0.8163695858933658
mean_gt_cat,c40b98,mobile,0.41643078040933434,0.46313949913859703,0.8611550826878475,0.7163605577725138,0.7173202898825068
mean_gt_cat,71bc07,poster,0.3994454625822269,0.4796567871566496,0.8728534677251697,0.7377930290798315,0.7046283657282156
mean_gt_cat,65a2cf,poster,0.28164807209796416,0.3794575897621642,1.2668669501312009,0.7765385057154552,0.7227104015441607
mean_gt_cat,927918,mobile,0.3876372622740164,0.46769539306470576,0.9051903551653158,0.8244825035340945,0.7370492328216924
mean_gt_cat,f491f4,mobile,0.5336283463210354,0.6040158623899152,0.5900497037341962,0.7995661004160779,0.7174523593785075
mean_gt_cat,f1bad6,poster,0.37970929031498735,0.5212133355262674,0.7432398287783641,0.5801366774938144,0.6670226893468012
mean_gt_cat,f2cbaa,poster,0.295176044483337,0.46120123351817166,0.8736816898554379,0.44783896020453207,0.6278494667495287
mean_gt_cat,1a5c70,poster,0.18205811971315455,0.44990097334761436,0.9883783521500631,0.28498688575864667,0.5775050307825369
mean_gt_cat,25d2e6,poster,0.48593895540449417,0.6406065728952762,0.43081601124157365,0.5570163523365627,0.6616005496493597
mean_gt_cat,de4fee,poster,0.30907182448138437,0.32109369721708986,1.3679597224018156,0.7438898494343636,0.7193546916659973
mean_gt_cat,4e729d,web,0.22025634824355594,0.3619896687196239,1.3051671261988842,0.5545928124923954,0.6727196499060968
mean_gt_cat,d50a8b,poster,0.024332717552459995,0.5027059130323949,0.9030341081487873,0.2158673758621727,0.5666572703816566
mean_gt_cat,a33aac,web,0.0632548797606006,0.39521464501295367,1.215088777761769,0.19960036864031108,0.5675974221007934
mean_gt_cat,60fd02,poster,0.6403368606154618,0.6254553959852446,0.4567786401484625,0.8782666990968503,0.7522390569510818
mean_gt_cat,439c14,web,0.5080640450637448,0.5208528361644392,0.7157079364808285,0.8328153016678339,0.7340692846005847
mean_gt_cat,8087da,web,0.35175581770297,0.4155235657449994,1.0821959346776693,0.6898267312157109,0.6861629253470961
mean_gt_cat,1acfdd,web,0.45214629855652705,0.49077646003501685,0.8166525919077547,0.8653806589054029,0.7390040491767094
mean_gt_cat,53faa2,web,0.4491770359007962,0.4422831852674214,0.9876903562990279,0.9109047436955022,0.7583285084450082
mean_gt_cat,95ce3a,web,0.18220841247269692,0.41777256242921984,1.160352913187423,0.3957533611572524,0.6188813764668092
mean_gt_cat,6b2df3,web,0.48613323783357043,0.49654474296273654,0.7969715247308671,0.8746626172107156,0.7444857425179483
mean_gt_cat,edbb42,web,0.06848793725509339,0.36087205161025143,1.487689631512903,0.20955773634064565,0.5649341154464137
mean_gt_cat,34558c,desktop,0.2071117414437667,0.48544089593063633,0.8593638306973328,0.3696716562274741,0.6226995105445862
mean_gt_cat,fb8701,desktop,0.5187872719105014,0.4444264593869426,0.937692133194117,1.0310133773074128,0.7692751018705123
mean_gt_cat,7bed0d,desktop,0.34541059737503527,0.5404505207974436,0.6809561529784316,0.47678218317392534,0.6413300778330554
mean_gt_cat,592a12,desktop,0.14222205613750538,0.4339748552825434,1.0130747985110078,0.35793098364002474,0.5907050887497753
mean_gt_cat,a42ac8,desktop,0.18130772839422,0.5128255997394249,0.8378584288775572,0.31902748894677146,0.5931192120127704
mean_gt_cat,2bb7d4,desktop,0.3800123893687656,0.5307641260520201,0.6979036121504869,0.6276429748161024,0.6816151382252786
mean_gt_cat,c33956,desktop,0.1546867072436148,0.4793588511031209,0.9513259937962555,0.3490335721895819,0.6133947127257275
mean_gt_cat,f13c2f,desktop,0.5148895125446981,0.5448258534349251,0.678140787601432,0.934262431714127,0.76558531947159
mean_gt_cat,08a5d7,desktop,0.2877137349944788,0.39123353308886344,1.1326591043464829,0.6005043247660359,0.6847279689993062
mean_gt_cat,368917,mobile,0.39874703965767555,0.4907543774929942,0.7584438080973015,0.6797789987002253,0.6976576810262656
mean_gt_cat,c29a4e,mobile,0.5913057454083764,0.7307789541809107,0.2471336611227694,0.6002685541766438,0.6744343008601182
mean_gt_cat,ddca3f,mobile,0.530307479554853,0.5448880140975603,0.6512199040602276,0.9782126038520376,0.7705573879316517
mean_gt_cat,49e81b,mobile,0.5557464647419875,0.5832614013374633,0.5207751172519982,0.7329082651728578,0.6998386421275458
mean_gt_cat,a0f84b,mobile,0.5769259747472053,0.7318968713620776,0.25827515631395054,0.4726175106863821,0.6385264436005401
mean_gt_cat,b80952,mobile,0.7385576111197281,0.6145025610957485,0.48000967017381857,1.1857753970423166,0.8201527731673145
mean_gt_cat,7527bb,mobile,0.6270592940280276,0.582216055844426,0.5112593550572591,0.9773698995223399,0.7695219478077902
mean_gt_cat,a7f12f,poster,0.13483772433797203,0.4325392621632739,1.2866920575994496,0.4706065890873199,0.6293570151684158
mean_gt_cat,93749b,poster,0.4083761453784073,0.5497551406924848,0.6288452422559004,0.5901446814535829,0.6744629418537574
mean_gt_cat,a93c69,poster,0.6433527643329393,0.6195246700687476,0.4371239117053823,0.8812852643566547,0.7576214083226652
mean_gt_cat,f60132,mobile,0.7020090097235676,0.5775054644683486,0.5191993111464823,1.1277370401006583,0.800629725845614
mean_gt_cat,46e99f,poster,0.4048735326972039,0.5835273116949753,0.6062872265862749,0.5461260681021488,0.64979096507542
mean_gt_cat,f33d51,poster,0.276787947815492,0.48938876327466013,0.8579474273426209,0.4914524282904727,0.6534185881187343
mean_gt_cat,eec240,mobile,0.5574926265892602,0.6569220326777946,0.3925010190627656,0.656868349275045,0.6812475208585307
mean_gt_cat,c40a65,poster,0.46384403908303107,0.5664595088742321,0.6288706800684434,0.6940412020989326,0.6988562622115254
mean_gt_cat,e9f7f7,poster,0.5121968644370959,0.49972690257531394,0.7502277825106973,0.8512706695584011,0.7400389406522037
mean_gt_cat,557221,poster,0.5900528473188842,0.585612620202167,0.536169406288977,0.8544917899150324,0.7377187920027682
mean_gt_cat,029a48,web,0.5970428156071248,0.567206764311045,0.6140492239295712,0.9688692056929258,0.774263261416463
mean_gt_cat,24425e,web,0.4981763645756759,0.5087177681629365,0.8228460795670992,0.7806094579542937,0.7087679358833726
mean_gt_cat,a15dc1,web,0.45416896797713713,0.5951651000537936,0.5447694304038342,0.5581100188445611,0.6629539075669028
mean_gt_cat,27c37d,poster,0.31125040397471826,0.4473796464489397,0.9597807325685708,0.5973567632048485,0.6717247100467484
mean_gt_cat,3ae6bb,web,0.37778961173194825,0.3883495476963336,1.087164421807893,0.82331389101784,0.7353705389722804
mean_gt_cat,09d330,poster,-0.11752831416865112,0.3304267462501116,1.9048661383771353,-0.14414610704443467,0.45406330962699143
mean_gt_cat,d69abb,web,0.4845963583376588,0.4411737238379832,0.9046989364777279,0.9463980925584118,0.7659146324536584
mean_gt_cat,f7344c,web,0.6267712434750861,0.5483599178697203,0.6396679005745134,1.1150720975957462,0.8103446921611728
mean_gt_cat,3ae59a,web,0.3113222683031291,0.4731256195502598,0.8423872133775245,0.6152262935714473,0.6918942067713492
mean_gt_cat,fe670b,desktop,0.34044724815949035,0.3408030136111333,1.2122028304849009,0.7941909956322781,0.733811083265069
mean_gt_cat,ce9bfe,web,0.5845958353009002,0.4903982916132105,0.8083540036824082,1.1701826913128288,0.8191534811519626
mean_gt_cat,da1d78,desktop,0.5403143582760586,0.4741326636070483,0.8304426716924247,1.0995939684863891,0.7861597430527089
mean_gt_cat,2adbfe,web,0.4518557243575524,0.4820904367097194,0.852170430775822,0.8879459207554584,0.7513963509632828
mean_gt_cat,bf97aa,desktop,0.4783435150564994,0.44967539106656784,0.9096076306203955,0.9611839874465239,0.7758870349197979
mean_gt_cat,1f1fff,desktop,0.43252449628240675,0.48511239189414257,0.7706433995369255,0.7101736865631509,0.7061308037159717
mean_gt_cat,2cb6b4,desktop,0.4295650764150939,0.39152117036655154,1.1444940685109133,1.0310119292725666,0.7862773423668167
mean_gt_cat,a05750,desktop,0.3159182879166382,0.5035469860701164,0.776256138209513,0.5142300495592539,0.651040972072409
mean_gt_cat,e2af38,desktop,0.36214708880411467,0.37495953400025495,1.2114690950545786,0.8480632194093273,0.7191835988586075
mean_gt_cat,4587b5,desktop,0.31885069300250424,0.37709961415418386,1.2948407095081862,0.9623391147110899,0.771050821301396
mean_gt_cat,39fd3b,desktop,0.4659792707389905,0.4352178581921927,0.9244089934485766,0.8953513815904572,0.7560417245818266
mean_gt_cat,d93532,mobile,0.39235179190785796,0.6592217459090282,0.40591091803433194,0.4540897901845912,0.6267696467529884
mean_gt_cat,ab7961,mobile,0.3408025853726233,0.6841562561366028,0.3630557452046078,0.35368840409070046,0.6060247661995486
mean_gt_cat,c6c08a,mobile,0.5026229227309904,0.677931432857275,0.4333212309445617,0.6115010720863904,0.6755480378378702
mean_gt_cat,c9133b,mobile,0.4219174273226218,0.6398978048313249,0.4571993828685298,0.5796098597253994,0.6663171409471985
mean_gt_cat,7ee781,mobile,0.7319985771765519,0.7672492484233377,0.18516965225017473,0.7202710607952362,0.7015101644652028
mean_gt_cat,0f81ca,mobile,0.41564071588677565,0.6123673678233292,0.5665955324501308,0.4219700136883605,0.6022531049241038
mean_gt_cat,837df2,poster,0.2686002179786532,0.4985230319084884,0.8104957529903103,0.46343356522973433,0.6440664487313995
mean_gt_cat,55d981,poster,0.48889616790469603,0.7078158126341493,0.3469862333109842,0.5006954241912587,0.648545777800733
mean_gt_cat,26c4ef,mobile,0.3205651242613998,0.40445547564007467,1.0794439711531336,0.7970774337255832,0.7419739852981617
mean_gt_cat,fd7c30,mobile,0.11536524554955971,0.38880664694982475,1.1670471244828908,0.2471387249655308,0.5965399147497663
mean_gt_cat,88a176,mobile,0.6205646469699196,0.6350123947552819,0.4462924140607016,0.9799206212406643,0.7627402102086587
mean_gt_cat,9199de,poster,0.01955693088112255,0.5369792069417186,0.7029723007678786,0.0686653166006003,0.5295329771915339
mean_gt_cat,e9465f,poster,0.31686179897118166,0.6056077481440575,0.4939883088400763,0.4093522006382021,0.6316177432706531
mean_gt_cat,e70774,poster,0.5055549332817941,0.500104401585097,0.7698390992538683,0.8750048713051923,0.7529905405874782
mean_gt_cat,b434fb,poster,0.392482008953279,0.366305222964949,1.2069849623772586,1.0197618477236485,0.7931954213271333
mean_gt_cat,b901b1,web,0.6272502571632226,0.5733664346067064,0.5912855436720807,1.1136352795924052,0.8107954662821665
mean_gt_cat,8ff998,poster,0.48198382449704047,0.4066110032513846,1.0662263652810808,1.1359901747117143,0.8142755573713959
mean_gt_cat,88c9d1,poster,0.5585953180093834,0.46877645890696473,0.821004612111866,1.070721511530475,0.7999435412251821
mean_gt_cat,3478a7,web,0.6276188707429922,0.592869770399494,0.5516143924031082,0.9415986261701335,0.7637084982938811
mean_gt_cat,441395,web,0.4797203756582412,0.5331561815665415,0.6904837752995752,0.9168295990968393,0.7658435097219005
mean_gt_cat,3cf90e,web,0.6181908065728273,0.5766972433759444,0.5895070946588495,0.9929644911330925,0.7831831419659656
mean_gt_cat,7ce6d3,poster,0.24569425638461068,0.5494885150052831,0.6395653173950415,0.43060980170724533,0.6277244740948055
mean_gt_cat,24776f,web,0.2466657027597548,0.48750778509517856,0.8550388885410161,0.4267377315239484,0.6250938808151458
mean_gt_cat,95b733,web,0.5473231837728857,0.5871157319473561,0.5417329289128321,0.7180767214387467,0.7078906205880025
mean_gt_cat,c68139,web,0.1673029511690164,0.4995169908587173,1.074857595275731,0.33117143284153916,0.5928954431691917
mean_gt_cat,882e01,web,0.4465279609492694,0.5530079490757343,0.6017521627637978,0.6856823433836846,0.7031198942740289
mean_gt_cat,f3e3f8,desktop,0.3765205968628263,0.429106879483674,0.985340446828437,0.7611824980214349,0.7168888895525762
mean_gt_cat,b49400,desktop,0.30425023934632595,0.4054739660334019,1.0985687361192698,0.6107013297241581,0.6847626234673124
mean_gt_cat,d6cc23,desktop,0.21326497771490757,0.26236041854603875,1.60422279828926,0.641493403690294,0.6844871512402338
mean_gt_cat,2675a8,desktop,0.3774968877819272,0.4001992954075858,1.0740670715036282,0.8323438159721099,0.747877732401407
mean_gt_cat,a04c36,desktop,0.38787141079998433,0.4994026536265984,0.8166594177279163,0.6634086482200873,0.6816999274835631
mean_gt_cat,9e8ff1,web,0.37933017737235003,0.3836169327036935,1.1326535659171542,0.8768846739832549,0.7493948578991461
mean_gt_cat,86c651,desktop,0.3596739900142323,0.2573499544115878,1.6222664391716073,1.172811129609144,0.8061546170263875
mean_gt_cat,3aced2,desktop,0.4051401227114746,0.4656372030495707,0.8761959180947927,0.6965638531065804,0.7094149370268229
mean_gt_cat,14c026,desktop,0.20595951247006217,0.46004530245731534,0.9345928897724297,0.3574036540436833,0.6072712936536785
mean_gt_cat,4fbc40,desktop,0.3198091666108448,0.2693839360270128,1.5525175728146703,0.8651137101246645,0.7410102274212003
mean_gt_cat,af49df,mobile,0.3604114079626143,0.4932471307150652,0.8071597260653391,0.5239211553878466,0.6509274515954194
mean_gt_cat,01ca85,mobile,0.6925781232687898,0.6101684012130656,0.4781268435482756,1.03935018206046,0.7837525510453456
mean_gt_cat,00d34f,mobile,0.3751277442021188,0.3262972676327108,1.282479941479576,0.8395225418223162,0.7227223258959654
mean_gt_cat,b3ddb5,mobile,0.45938696560794157,0.41307935032934506,0.9620913873657198,0.9944254367507345,0.772536853059691
mean_gt_cat,9fad4b,mobile,0.26187904311524357,0.4125560042049182,1.0758415754912667,0.554631685014472,0.6681956733420146
mean_gt_cat,79672d,mobile,0.44955028429771404,0.6591704727670752,0.3822788092045099,0.5029997429177167,0.6529658839735597
mean_gt_cat,67522f,mobile,0.4525949490559641,0.5412267556111182,0.705041113893154,0.8374505894130323,0.7293932520799387
mean_gt_cat,d9a22e,poster,0.41722300239391874,0.5417466700773074,0.6433131423798808,0.589388359043611,0.6733715994194941
mean_gt_cat,6d15ce,mobile,0.29236089337195303,0.5063871023506624,0.7707745228279622,0.4327640783292736,0.6283353645586294
mean_gt_cat,f1e37f,poster,0.17801405131312636,0.44963445215963505,0.9929208704726837,0.3454345114251728,0.6039795020015227
mean_gt_cat,4d987b,poster,0.3008040612575893,0.45931871195097557,0.8927794257620882,0.54151606899275,0.6626217707386186
mean_gt_cat,42a9cb,poster,0.6411990348253421,0.7194606601271746,0.2534268468074775,0.7056503272406129,0.6972768072200737
mean_gt_cat,dd8251,mobile,0.5086527895517948,0.5601342876334678,0.5679283450542925,0.7813678505238738,0.7121253212577137
mean_gt_cat,5baa74,web,0.4415957312806534,0.4935197336705957,0.78478801979177,0.7337473330491548,0.7072390829024998
mean_gt_cat,8b6299,poster,0.2838038343810756,0.5356536236771181,0.7106857459110143,0.4944485453127831,0.6497495414654075
mean_gt_cat,c5ea52,poster,0.3102127176056401,0.38116184396221076,1.2176052371762323,0.6690043280706638,0.6822619239064744
mean_gt_cat,85e5ac,web,-0.1275498627799094,0.3764417767088084,1.3786172909842422,-0.10159783042207078,0.4734831841001545
mean_gt_cat,665c4e,poster,0.5848013296232035,0.5286464667627261,0.6683872894545236,1.0452689946884537,0.7948115509608498
mean_gt_cat,1c27b9,web,0.07710492131439078,0.3662268941751119,1.5683439422847925,0.30404865576477486,0.5882819635666326
mean_gt_cat,9204ba,poster,0.3072255543148116,0.43678408642123145,0.9757157312642872,0.5411536338670104,0.6593493148531472
mean_gt_cat,5e0dee,web,0.43050300385691714,0.5145600818472642,0.7644888813447386,0.667559371670676,0.6893015210045911
mean_gt_cat,bd57a3,web,0.4694670859658543,0.5210764096247968,0.7203797150303808,0.7330094868142745,0.7161929496082597
mean_gt_cat,eede0a,web,0.34821551212294655,0.49355407017824554,0.8180415099039033,0.4852530321806191,0.6434581144212124
mean_gt_cat,d23a34,web,0.35091354160577554,0.40759511513013613,1.0998603864238614,0.8217772962740589,0.7385334288417811
mean_gt_cat,4bb6dd,desktop,0.3018795714494275,0.5262458866383317,0.7000575846968846,0.36858617654799586,0.6108606617167196
mean_gt_cat,f23e97,poster,0.30922264727624915,0.4290815189786986,0.9680294449883782,0.5858735141205723,0.6748297745545951
mean_gt_cat,e20a6e,desktop,0.14286983259156122,0.4976138304489736,0.8171914689075739,0.26626900194532166,0.585803197704823
mean_gt_cat,eed0db,desktop,0.13263042518926757,0.4237143271853234,1.1398753128216386,0.29331998895011707,0.588760508241862
mean_gt_cat,0a87be,web,0.254721215050999,0.40738412886859343,1.122145628244393,0.4885940717765441,0.6418014303663043
mean_gt_cat,a9ccfc,desktop,0.3313080279574,0.48574211650884447,0.863476639716083,0.5674462384172335,0.6747605521074783
mean_gt_cat,05890e,web,0.19930175489147633,0.39673343595898486,1.1971308831493628,0.44381723800073986,0.6314868239746296
mean_gt_cat,147ff4,desktop,0.16482172548437712,0.4487939801901173,0.9598651649278311,0.2938548652055063,0.5774086092613733
mean_gt_cat,ed8647,desktop,0.32807862230587126,0.45993026839206363,0.9479450546468878,0.6154940209332068,0.6832210346316653
mean_gt_cat,bf66e8,desktop,0.3269011026558347,0.4764839445423826,0.8917584652991876,0.6203954536323305,0.6748469813571583
mean_gt_cat,de5446,desktop,0.5640822927023533,0.4756533682813815,0.8397733947951092,1.033540067006035,0.7764780711307724
mean_gt_cat,55251b,desktop,0.17196881405760805,0.3169980921504667,1.4104569280489612,0.34134653423584144,0.5851495269305882
mean_gt_cat,00ee0c,poster,0.23715751831465956,0.5060458631313078,0.7449437097751477,0.35007740983966285,0.6122942113527188
mean_gt_cat,74edd4,mobile,0.6946135614096257,0.6970302572465019,0.3019582147795538,0.8177284841711941,0.725511423280435
mean_gt_cat,9ba547,mobile,0.19273347187675388,0.4721946537888756,0.88146895238796,0.3498194125444674,0.6216547539792837
mean_gt_cat,3efe00,mobile,0.31471858174641276,0.5054529788933666,0.8231664833858884,0.5309133334012519,0.6469724747655418
mean_gt_cat,2b30aa,mobile,0.17130556421340998,0.4239032165253326,1.0220572311658018,0.451399629282457,0.6465816962074218
mean_gt_cat,548c01,mobile,0.6807987628975929,0.6277517511340962,0.4472269411686416,1.0801762915848088,0.7937656552607283
mean_gt_cat,f1be04,mobile,0.22351411023206375,0.5250165791686284,0.7121494767380585,0.3530649142294337,0.6162270289793474
mean_gt_cat,f735e9,mobile,0.4941415912667759,0.6000659312477211,0.49554796147871794,0.6222769730665653,0.6709537648793125
mean_gt_cat,4e2a75,mobile,0.4396232058276603,0.47242948042521926,0.8294392918179636,0.9049368636725099,0.7508195932384742
mean_gt_cat,62fedf,mobile,0.33855755300261575,0.6584395977386055,0.3936731700884787,0.39572416051422304,0.617917612158355
mean_gt_cat,8f669a,poster,0.5071980211885602,0.5550544967628304,0.6354078284080504,0.8050043456966722,0.7309632445440354
mean_gt_cat,a47405,poster,0.5607704549699197,0.49593248019157343,0.7580172689568376,0.9665317820985796,0.7748291280441123
mean_gt_cat,d1f254,poster,0.25904238408311353,0.45155837734431237,0.923739987152511,0.4646985421293129,0.6358972528135942
mean_gt_cat,91138f,poster,0.6102617594166587,0.7267078188952971,0.25583756000710167,0.6099359719420661,0.6759135604722877
mean_gt_cat,628c6e,poster,0.3238101373354991,0.5288069196250147,0.7216427168361909,0.45131400733671473,0.6350569853404802
mean_gt_cat,d7535a,poster,0.46166519886781987,0.47360240071759785,0.8514557705810714,0.8975093306140383,0.7499819876724841
mean_gt_cat,05a1ad,poster,0.3883865205383926,0.58281120000314,0.5742409675115133,0.4998434139885193,0.6485184617153894
mean_gt_cat,07a2c8,web,0.3896323335126682,0.5149854836353986,0.7428830414654086,0.7353327363011011,0.7206052083119527
mean_gt_cat,d20ff4,web,0.23305330152710066,0.4221784148331067,1.1002956951202532,0.42822990535510375,0.6314162240226463
mean_gt_cat,33d2a6,web,0.4818512405105612,0.5647130046888509,0.6352231283152607,0.6828217437266225,0.6902072223201652
mean_gt_cat,cad727,web,0.1412604781174731,0.4879432340690347,1.0087906532788238,0.341302493910755,0.6011009213322629
mean_gt_cat,714584,web,0.37422480829760574,0.49597407110572644,0.7928957787792448,0.656627863368334,0.6865287317472958
mean_gt_cat,b3bf42,web,0.3821777947981343,0.5442578588597015,0.6490598806201717,0.589561828759864,0.681678631933814
mean_gt_cat,268f27,web,0.39528596617858336,0.5549741748132677,0.6571699187824351,0.569425715909626,0.670137754437865
mean_gt_cat,609262,web,0.5746102987548753,0.5669422270594202,0.5956471369114867,0.8971533722899444,0.7569149249149227
mean_gt_cat,575851,poster,0.6115052395422289,0.6370096693293136,0.4300949406858578,0.7481693133163684,0.7124174520159523
mean_gt_cat,58e0a1,desktop,0.22152676017731088,0.4185221070628642,1.1018698978295118,0.4964507772633193,0.6454286838255462
mean_gt_cat,e99f26,desktop,0.4794111637109168,0.5305701107351306,0.684432349645589,0.7440460057733935,0.6988347021173033
mean_gt_cat,1e27b2,desktop,0.5348907377006388,0.4653366463083772,0.873380677599472,1.1703826350213413,0.8094874510132811
mean_gt_cat,f20200,desktop,0.20683674762008664,0.49568515492879295,0.8782318323576537,0.3741362086567549,0.597328967540154
mean_gt_cat,c0233f,desktop,0.31518334387886326,0.5538679603371268,0.6817507430119882,0.4659866236384171,0.6409874289856649
mean_gt_cat,0dbd98,desktop,0.5215719412140127,0.46250354654951786,0.8636441900686675,1.0254549441901073,0.7726799060560189
mean_gt_cat,27f3f7,desktop,0.4045149886469831,0.6088621063347719,0.504097103769007,0.4973010439252638,0.6528114691885807
mean_gt_cat,7b8443,web,0.4759111371253554,0.5543174609091678,0.6418181129424141,0.7251949527346735,0.7037540164467413
mean_gt_cat,bdf30a,desktop,0.3482732522596821,0.5591378415988354,0.6583687000169878,0.4540773357178985,0.6424408197255148
mean_gt_cat,235508,mobile,0.6691604272709297,0.6712479583875252,0.3648520052858001,0.8030334443755933,0.7373876374830562
mean_gt_cat,8cb7cc,desktop,0.6544004997940904,0.6345014896946302,0.42932326340658755,0.8472231682349649,0.7336972420132559
mean_gt_cat,6af818,mobile,0.39696665490632327,0.33248839442906536,1.2991371348860867,1.1156845268454103,0.8091773534308221
mean_gt_cat,759dc4,mobile,0.3913248193334503,0.600883728934959,0.569631215435835,0.6015034934810559,0.6909189516765066
mean_gt_cat,25bf7b,mobile,0.6696132910307182,0.609817870406691,0.520372072142885,0.9154921065235018,0.7403401512538554
mean_gt_cat,c84d32,mobile,0.438046013435619,0.5445533091104799,0.6197677131741464,0.5648166919798485,0.6673284674535842
mean_gt_cat,239f23,poster,0.13361255794560795,0.4265785686624917,1.0241121427783462,0.23773420655751673,0.5794913497770062
mean_gt_cat,51fd1b,mobile,0.19994867164441782,0.5178508114452685,0.7206078657962577,0.34122721627526825,0.6105381435331826
mean_gt_cat,257df7,poster,0.2946057255704497,0.43626225971286403,0.9685098115701807,0.5556032358424786,0.6670402671759248
mean_gt_cat,980144,mobile,0.6067884449111276,0.7618417700175059,0.20346775033628106,0.4370961724331419,0.6239194729945289
mean_gt_cat,b4a191,poster,0.2766381519981896,0.5511870339395297,0.6681501649765098,0.3679480902742367,0.606633245903659
mean_gt_cat,325d49,poster,0.24701667981509307,0.4529510577124743,1.0375477939277613,0.43556723290778093,0.6242992674572563
mean_gt_cat,f63992,poster,0.14235770588386193,0.41686045396927746,1.083521126498495,0.3545368392550706,0.6083851490387224
mean_gt_cat,f7b72e,poster,0.35508880645019214,0.4824437353131257,0.8110235846546403,0.5797098843125582,0.6688552577019965
mean_gt_cat,319181,mobile,0.5254903473899677,0.5198271971292541,0.6367306058231291,0.9108462719983998,0.7538593792649595
mean_gt_cat,df1857,poster,0.30725605576095294,0.5211121379047334,0.7157728261539147,0.4067222862239429,0.6146834570054142
mean_gt_cat,0616a4,mobile,0.43244276500991596,0.5669502535560509,0.5917213893904576,0.5165597469298714,0.6487707369304265
mean_gt_cat,813384,poster,0.7070409700716147,0.6787833359086815,0.34558732308347373,0.9446062527890803,0.7693575357156978
mean_gt_cat,486fbb,web,0.39775687204281407,0.5543004737729127,0.667928156412515,0.6200427962268066,0.6800396543343001
mean_gt_cat,c4b8a0,web,0.5244696803762843,0.526164398403603,0.6996848105261484,0.9034827355341596,0.7577925482813093
mean_gt_cat,f48d0e,poster,0.3254892068199349,0.5133257989601281,0.7493793261956492,0.5144624363648005,0.6542204634800595
mean_gt_cat,27b0cb,web,0.3330883888051832,0.36020547143416903,1.216300213536794,0.7814320897167835,0.7220196367144571
mean_gt_cat,d375a8,poster,0.3385101645741438,0.5758792774055339,0.5669822168318094,0.4718440242789624,0.6453173800250244
mean_gt_cat,3cc438,web,0.3804630158464725,0.5801851352222487,0.6082520486632458,0.5125907949358146,0.6492786988386636
mean_gt_cat,d59f99,web,0.22729621496727012,0.4906954480302595,0.7777532730208015,0.37382220153534357,0.6309653586107968
mean_gt_cat,bb4af5,web,0.5543877620440125,0.5266658040952042,0.7139433425104644,0.9994639188449937,0.7823716186299075
mean_gt_cat,42941c,web,0.19380554385788967,0.4717443618026401,0.9551742811379171,0.36079263482306784,0.6161730374912147
mean_gt_cat,55c555,desktop,0.56643958687542,0.5635649677828961,0.6191359899554858,0.8795341750556493,0.7428758063734631
mean_gt_cat,333ba8,desktop,0.2968911388789483,0.42269765849840796,1.0069441491172535,0.6922657192212629,0.7201032398862459
mean_gt_cat,ff561b,desktop,0.21558225424363875,0.5388447767381894,0.6827557276530931,0.3595113035227137,0.6142744853950916
mean_gt_cat,57879f,web,0.4262254918820787,0.45823751197674356,1.0158070529994085,0.9302877074554435,0.7461855950587555
mean_gt_cat,b2b7a2,desktop,0.4658602183356934,0.44133357205260504,0.9261255237507038,0.872847511159089,0.7480198418963991
mean_gt_cat,947b62,desktop,0.4619274359758401,0.46577041734771724,0.978603657879041,1.195258002489661,0.816001028296544
mean_gt_cat,6a8c97,desktop,0.26845473953186105,0.4445218376345938,1.0059608990935347,0.5172354636243593,0.6583197224339301
mean_gt_cat,003eb9,desktop,0.2619460497018857,0.3989136346745716,1.1828073282740537,0.6595117799612485,0.7029583550300695
mean_gt_cat,d7d901,web,0.587923301946654,0.5282301363950495,0.6708274557116662,1.026123344891743,0.7903517336826464
mean_gt_cat,78b10c,desktop,0.3182825839439953,0.49314294106669293,0.8231641010823949,0.596586007359996,0.6856513797886405
mean_gt_cat,df8ad2,desktop,0.3685823237833179,0.4100653250077388,0.9955643083748843,0.658711268489564,0.6952447087512492
mean_gt_cat,16e611,mobile,0.1397005074344586,0.40298814186024734,1.132058922516518,0.38552599916943087,0.6341327082559324
mean_gt_cat,510093,mobile,0.5950446244376618,0.6537731529248115,0.38005343557998167,0.7060567084633415,0.7102602138024572
mean_gt_cat,849f25,mobile,0.6442477525983135,0.5988554745947225,0.4983338446109613,0.9709765891590451,0.7654490945843379
mean_gt_cat,13f898,mobile,0.5973876548508337,0.464621100044697,0.8314766053809175,1.149001338909422,0.8121075190093692
mean_gt_cat,cbb7ad,mobile,0.39637667025464707,0.5611351589279474,0.7157716770504249,0.5972669703256909,0.6523479380224069
mean_gt_cat,05490b,mobile,0.6165956624721748,0.5871411603892214,0.5430066950648857,1.0735990499627779,0.7935116978025099
mean_gt_cat,544816,poster,0.057850838262093696,0.4817219659805067,0.883392957860966,0.1446394691577976,0.5463204294128589
mean_gt_cat,e1f7b0,mobile,0.3277563805471179,0.48471185323290084,0.784465604060039,0.5644961658382007,0.6686618851212693
mean_gt_cat,b516e1,poster,0.2806223219591558,0.5550258745711916,0.6390005300715466,0.42818867643555875,0.6313021530965834
mean_gt_cat,0fc384,poster,0.3688318391364308,0.507462346255379,0.8852191914249288,0.7458274901249026,0.7231160625539045
mean_gt_cat,f29bd9,poster,0.34755172281111835,0.4483831051906212,0.9464018581588881,0.6909356478640774,0.700700873762172
mean_gt_cat,76dc6b,poster,0.5703738556870461,0.4992675069415268,0.7365377453090081,1.0363490474251236,0.7915306393973495
mean_gt_cat,7e5b71,poster,0.27761975101325553,0.5629831881822174,0.6211260260892337,0.38575469657915784,0.6149379571317247
mean_gt_cat,eae3c4,mobile,0.3905469069332641,0.5144680839963355,0.8180866841362431,0.6840268803275068,0.6906836849288328
mean_gt_cat,ef8863,web,0.596051252726695,0.582409903771672,0.5680455002008495,0.87753863220647,0.7580049952479074
mean_gt_cat,7ba4bc,mobile,0.3983558102567005,0.5153242725571857,0.7301502513081075,0.6215218950814048,0.6688739588080389
mean_gt_cat,3839b1,web,0.6094143713914509,0.5130650047455159,0.7621802028458812,1.0571699909047567,0.7871812372788078
mean_gt_cat,2a5307,web,0.4621734408990231,0.5218718567584981,0.6880156707146072,0.7732345724529659,0.7268799483938917
mean_gt_cat,c642a8,web,0.30469000489991904,0.5077595316610055,0.816878694864981,0.6178171021659278,0.6928842058260744
mean_gt_cat,73d5d7,web,0.5546939034334478,0.5807312807455065,0.55450077010815,0.9045068707208201,0.759113528137597
mean_gt_cat,9cb812,web,0.5369433158221408,0.49793367620148393,0.7464767465152584,0.9535803661161825,0.7654572658135493
mean_gt_cat,5d7024,poster,0.5613683396143828,0.45736639977111565,0.8619279637339643,1.0890106732848155,0.8092081983744328
mean_gt_cat,9466ef,web,0.23344741733023625,0.4415629505272231,0.9789950162384784,0.4133541666190875,0.6343181407932155
mean_gt_cat,2ef49e,desktop,0.4122742076546295,0.3500819936147636,1.2045628040325629,0.9220277515419313,0.7553776737275193
mean_gt_cat,c05a14,web,0.47186291379784195,0.5697491483919872,0.5862736735668382,0.6600328005227333,0.6941289384145191
mean_gt_cat,69cd24,desktop,0.4513896385466384,0.5379535147062093,0.6722630969459088,0.697256923394041,0.6971612093597676
mean_gt_cat,e102af,desktop,0.29213531275920335,0.41238284011765425,1.0582754383265212,0.5639922258271027,0.6601076128698442
mean_gt_cat,998d69,desktop,0.3439699944696656,0.32798813306771385,1.4441944733194236,1.0798042719643604,0.7816676375241026
mean_gt_cat,8ea477,desktop,0.3390824002126308,0.4466138292192985,0.9684436208743119,0.627011697765465,0.6960903460224676
mean_gt_cat,c15cd3,web,0.2990454691505249,0.5102584738614606,0.7561741764489633,0.4936111688316315,0.6537900157032859
mean_gt_cat,0eef1f,desktop,0.1449369238690133,0.3716773526911204,1.2378997601263235,0.406564322977049,0.6245164611107751
mean_gt_cat,07b304,desktop,0.48783866524028174,0.4514493590969132,0.9314624370197886,0.9896032440001328,0.7672242728144206
mean_gt_cat,919716,desktop,0.29803840902015183,0.4714280842859378,0.972235729156994,0.5517648063916569,0.6513569854399026
mean_gt_cat,038d71,desktop,0.3815970804965948,0.36263411274400553,1.2078805187138004,0.9384625526278245,0.7594014119733165
mean_gt_cat,e254a8,mobile,0.668159128063657,0.68559829835854,0.31582769051654364,0.7569459231434418,0.7196746028923241
mean_gt_cat,a4d2a8,mobile,0.7008434932499816,0.6607028192645326,0.37839359397304506,0.9012936123109422,0.7599066259448819
mean_gt_cat,88fed8,mobile,0.42255421110875196,0.4527477760860047,0.9598137882593749,0.9964296352504023,0.7456107826629064
mean_gt_cat,e4f360,mobile,0.2967265747676789,0.3803515319459629,1.1718223752831847,0.7270167742639913,0.7196717091859571
mean_gt_cat,23f03c,mobile,0.2766172519325102,0.5230793050498155,0.6637297967649007,0.41803485388136147,0.6368370900944021
mean_gt_cat,591218,mobile,0.6402880079323365,0.5429676582513598,0.6291177309267464,1.1839652735102537,0.8199103373619715
mean_gt_cat,9073f0,mobile,0.6896974669281696,0.7147742136088099,0.2794016384707196,0.7809505502574406,0.719602681216168
mean_gt_cat,a6c640,mobile,0.48647295838227167,0.655515813636237,0.38660573208704563,0.5236504125432438,0.635865586326231
mean_gt_cat,c0ad6f,poster,-0.024393866836166178,0.48528048630081444,0.9300362145739036,0.00583764447305051,0.49886228176459846
mean_gt_cat,e86e77,poster,0.37382732756839476,0.5052621179026777,0.7537983444197802,0.6016128976029259,0.6833193358088839
mean_gt_cat,c53dc2,poster,0.2662608815236417,0.526622108557897,0.7336446022238613,0.4514400542582932,0.637136486048467
mean_gt_cat,af24f8,poster,0.10640987166917684,0.4903993210291132,0.9353714868774063,0.23162347752810483,0.5737960333501273
mean_gt_cat,f0773e,poster,0.6543676897679594,0.7377847712127504,0.23013465298224461,0.660054413144061,0.6952611972167692
mean_gt_cat,becb10,mobile,0.7095706140337725,0.5989773781212756,0.5198895499441312,1.2011983864138247,0.8216934240668248
mean_gt_cat,fd395b,poster,0.22783143152788105,0.5635533870610266,0.5700864899227747,0.2606411741916174,0.5824446239166836
mean_gt_cat,5a19e3,web,0.24001333834286254,0.45640925329997145,0.8931553814793055,0.38773607884431405,0.6155953614340104
mean_gt_cat,e856d3,poster,0.4493251177124361,0.5049692429104178,0.6890726488960952,0.7519529302353231,0.7070526229608595
mean_gt_cat,f29c75,web,0.17511327791862277,0.4223349335625474,1.0994291566403527,0.3015686466392986,0.5913939546509684
mean_gt_cat,3a6075,web,0.5227651890782774,0.4240776309833955,0.9967768843632483,1.1531073966084255,0.8201182803436003
mean_gt_cat,563395,web,0.4831581533003778,0.5404755101088412,0.6795757712118421,0.8168738454570912,0.7310090722507822
mean_gt_cat,6f5978,poster,0.543230128715523,0.6650395469278337,0.35904200413466947,0.5816688157469279,0.6683961208735751
mean_gt_cat,1d99c7,web,0.2393833901845897,0.47182308886223734,0.8857969270838917,0.3460051527672801,0.6025498818277889
mean_gt_cat,188089,web,0.6555810074297459,0.5613535756641332,0.6076781926777507,1.1083143479135626,0.8089081658991197
mean_gt_cat,3628ee,web,0.38151202263996575,0.4119137321180258,1.088793823484219,0.9070153883231254,0.7608594115164312
mean_gt_cat,c9898c,web,0.5445005167519832,0.4921829639442451,0.7798599556205208,1.0291594400289208,0.7890798071037428
mean_gt_cat,20beb4,desktop,0.0957675760307246,0.46306680841550535,0.9351655012821256,0.20378422752028336,0.5778243372115796
mean_gt_cat,7e305e,desktop,0.4205965296701568,0.44660953810068155,0.9330118373490462,0.7887729338296927,0.7400711838346802
mean_gt_cat,e6b882,web,0.49485066729031013,0.5551106506357903,0.6313644555678487,0.7713654775426064,0.7283781966935515
mean_gt_cat,f06889,desktop,0.3500546072147155,0.478392849506029,0.8439059505269892,0.5791057858272849,0.6712895069136944
mean_gt_cat,dbdbed,poster,0.2671203046686257,0.5532975443861106,0.5843042125469703,0.3602488744352784,0.6173794950047535
mean_gt_cat,5aa40c,desktop,0.11388320951746855,0.4357051920630167,1.0373253964911042,0.24515181600322097,0.584500264388753
mean_gt_cat,d667b6,desktop,0.3820581018532719,0.5214262510166625,0.7619373026170935,0.6331592937121286,0.6729178846875215
mean_gt_cat,9fb0eb,desktop,0.42923342247315166,0.5411056254545262,0.6714887049885909,0.5620153074995001,0.6689175648668851
mean_gt_cat,179165,desktop,0.38400477959656154,0.6052166275786044,0.49576407856988297,0.48205869348358293,0.6563436042177908
mean_gt_cat,890d33,desktop,0.24155803582917884,0.5294132148885515,0.7492515656192785,0.378906112540462,0.6354338397088437
mean_gt_cat,030bb3,desktop,0.5026166129575731,0.46591087844476253,0.8715763136382972,0.9663825378704801,0.7609993361572741
mean_gt_cat,2c29d4,mobile,0.5522215999332036,0.596138194198105,0.5320075635960356,0.7533550739165933,0.7151642217644184
mean_gt_cat,bfd9c4,mobile,0.2648277320477589,0.42804154338840006,0.9914085157189976,0.6195957343398701,0.6700056799853379
mean_gt_cat,509783,mobile,0.682090710807717,0.7651777789907538,0.1964070380733987,0.5622486568419957,0.6625228660080111
mean_gt_cat,56ea71,mobile,0.5914919220196602,0.6457716148628174,0.4066470441741298,0.8374288162074572,0.7329325331722567
mean_gt_cat,ad1260,mobile,0.5857577969572421,0.5518259901837634,0.588791050798031,0.9654451761842067,0.7736197218882691
mean_gt_cat,23981a,poster,0.09207469588440548,0.48888245066170255,0.828516535826865,0.21172103078751223,0.5693614237485588
mean_gt_cat,3a0d2b,mobile,0.7486558177054119,0.734327450738622,0.2444618670315608,0.8131812282976847,0.7340112718143127
mean_gt_cat,f4e7f3,poster,0.4764556694315257,0.5718185654839332,0.577989028707455,0.7151750646729599,0.7048928042971655
mean_gt_cat,468f66,poster,0.6314633178861421,0.5791545638365321,0.5508814921878826,0.9777971626266618,0.7790136283216417
mean_gt_cat,72aff7,mobile,0.6903340568778777,0.5682545115445349,0.5438797392737326,1.1104322834143494,0.7856074011039768
mean_gt_cat,7afd03,mobile,0.596632072340807,0.5672634254627591,0.5438448444884145,0.9343647988491571,0.7424745294922301
mean_gt_cat,381869,mobile,0.5047996701764061,0.6296808445789351,0.4150947574995285,0.6577253328876862,0.689635492044252
mean_gt_cat,0bce2b,poster,0.6876015271675643,0.6697506818908557,0.3422365233387856,0.8543843821470349,0.7462250966965245
mean_gt_cat,7f0091,poster,0.5064995702595592,0.6376678301635004,0.3668136049851189,0.6863163688725128,0.7020660199658797
mean_gt_cat,0186f0,poster,0.3943133289844647,0.5417071570645214,0.627542370347546,0.5512928868686713,0.649915108628192
mean_gt_cat,203a7b,poster,0.2446157578874784,0.4925799889959954,0.8278251967115516,0.41995919440739676,0.6215269649298545
mean_gt_cat,82dad4,web,0.35186355666422153,0.44564308280327347,0.9553027661321185,0.7186595319647296,0.710239769502403
mean_gt_cat,caf6d3,poster,0.5494192668509654,0.5286776898150423,0.679845170847787,1.037511910558005,0.7899250051958143
mean_gt_cat,a0c0ff,poster,0.3681449557039279,0.49678121729870667,0.7984890564816031,0.6420736333001064,0.6827045174028593
mean_gt_cat,82e138,poster,0.4575594487729546,0.4276359853535013,1.0010131172503005,1.001924631417775,0.7808366368639074
mean_gt_cat,d6ac76,poster,0.45214743702062027,0.5404124951681977,0.7086599590589274,0.7494592076682066,0.7149224034157189
mean_gt_cat,362dcc,web,0.25684374785631037,0.4726765295075312,0.8256964813611934,0.41128656597322055,0.6299077729349033
mean_gt_cat,96db53,web,0.3048040111149656,0.49201710435332047,0.8172582163466259,0.5342116477465446,0.6612782003665434
mean_gt_cat,e017a7,web,0.5962607377651664,0.5681657407479631,0.6095440576533928,1.0030287598718424,0.7827860850509494
mean_gt_cat,acfa9a,web,0.3700819240966253,0.5560367466862928,0.705254379803995,0.5780751207255067,0.6673320889659043
mean_gt_cat,822454,web,0.6554461356325624,0.5153330961108675,0.7463084844339724,1.319510075672312,0.8614038036458902
mean_gt_cat,fe193f,poster,0.005443317617569583,0.49430681085892314,0.9256042278347545,0.007992856528345834,0.4961291877880206
mean_gt_cat,ba46a0,web,0.5298899530341497,0.5763310686140675,0.5387276618655489,0.8624264776945971,0.7470091541151149
mean_gt_cat,4de4af,web,0.5850915422564329,0.5428009695376956,0.6905951542156336,1.094752133868409,0.8044185072815377
mean_gt_cat,be0882,desktop,0.3199001060635859,0.3976139382009327,1.1141486748214044,0.5722187523997919,0.6676722315020196
mean_gt_cat,8e3198,desktop,0.30466470787348576,0.5107205598985339,0.7883808403175752,0.5159181634037902,0.6598907898199696
mean_gt_cat,e6c62e,web,0.37375462827826644,0.5164811251265493,0.7439318811366348,0.5881558895620888,0.6681455959119253
mean_gt_cat,9780b8,desktop,0.3356029790782901,0.5259939226380288,0.7236324422176466,0.5429347677401606,0.6676603379447066
mean_gt_cat,c90ca1,desktop,0.3958006662995328,0.31820890538636637,1.3933258010354643,1.0578819671878419,0.7927840603319078
mean_gt_cat,ef9433,desktop,0.1074959522475486,0.47075635482952116,0.918616355491957,0.19465917739143648,0.5724498554456925
mean_gt_cat,6dc873,desktop,0.4402931879940302,0.5383647226883926,0.6664823195088848,0.5888663628359311,0.6736001664967807
mean_gt_cat,74db3f,mobile,0.28281409584332484,0.45110699361858375,1.0178795330115151,0.6009923762002009,0.6607419654989882
mean_gt_cat,bb1ef8,desktop,0.3530512893285408,0.2973598914843598,1.4221147936303762,0.8946276099740752,0.7620859869941242
mean_gt_cat,8a1565,desktop,0.25293472702966036,0.43813946999646625,0.9945075642678517,0.519439874767076,0.6392931800072509
mean_gt_cat,2c6579,desktop,-0.0498309552383009,0.32433703862942953,1.6588301869942916,0.00031900713981712,0.49992370284924276
mean_gt_cat,dd173b,mobile,0.41880551949879913,0.4565437584966057,0.8862736301304711,0.9002421563013118,0.7571340953095399
mean_gt_cat,18f09a,poster,0.40998854032390997,0.595867392299336,0.5390083341827125,0.5436558476015887,0.6586478669070879
mean_gt_cat,150e9a,poster,0.36706477371041196,0.515132073407331,0.7164968342270072,0.5813210436923009,0.6733864641697177
mean_gt_cat,92159f,mobile,0.35491836975688407,0.48063562866819154,0.8188936876469828,0.6481733540592608,0.6805609806290521
mean_gt_cat,e348b5,mobile,0.7243584321980032,0.5324333030304648,0.6316903628923469,1.2226624492992835,0.823401065001496
mean_gt_cat,7b3c72,mobile,0.3774211736606157,0.5532688012864532,0.6948227043850905,0.6370252737235632,0.6870890834269439
mean_gt_cat,aff6c9,mobile,0.4835418806462488,0.4301879079961266,0.9846978996497737,1.1127878147863226,0.7776816544247609
mean_gt_cat,94d9ed,mobile,0.35434507150134786,0.5370855711165846,0.6918866053199342,0.49732436251100776,0.6562946584181469
mean_gt_cat,22651b,mobile,0.41872523023375796,0.6169219097400905,0.4660914653979179,0.6207051372150366,0.6861776228621089
mean_gt_cat,287cec,poster,0.1593988177488927,0.44303005659348504,1.0451030465593412,0.36583037019378,0.618786035081317
mean_gt_cat,1f1736,mobile,0.4064643061646643,0.4721697877185198,0.8079406847230328,0.7155179895614338,0.7071050258791183
mean_gt_cat,7dec89,poster,0.2653968058853068,0.6056363998806782,0.5338750475579355,0.46626021412998353,0.631642863789453
mean_gt_cat,74cb9f,poster,0.16065443773534582,0.49446544370098966,0.7978513718360623,0.25265607285866143,0.5852183411964956
mean_gt_cat,e60745,web,0.36920208493064344,0.4008581920589771,1.1289469015047038,0.7832235902829443,0.7134567285367477
mean_gt_cat,2d86fb,web,0.3912068261334028,0.43855731006091625,0.9947566936518754,0.8692306861143789,0.740854117027598
mean_gt_cat,6dacc6,poster,0.2940911959318121,0.26996868554382125,1.7150400175141647,1.0375705864511209,0.7827718774406152
mean_gt_cat,ed1239,web,0.30076089920452853,0.44067565194388414,1.007365546976457,0.6087563656981585,0.6749755415320484
mean_gt_cat,e64d79,poster,0.6394528987391763,0.5501426558228734,0.6186978718061031,0.9890385277404231,0.7696229046218446
mean_gt_cat,091b5e,web,0.16234598707221456,0.46132881118129093,0.9874703399948971,0.3383555356912206,0.6115687557787534
mean_gt_cat,aef7af,web,0.29947878394917665,0.5061292498214721,0.806502935206326,0.4348812046810324,0.6288760282288448
mean_gt_cat,79dba2,poster,0.20581360525777184,0.503340584253386,0.9431384946941885,0.502455602437951,0.6509496552505831
mean_gt_cat,ffb688,web,0.1828919898966882,0.49513812607300756,0.9058969902567695,0.24648755988555732,0.5648648292287444
mean_gt_cat,61707e,web,0.3354679804153614,0.5232925608043411,0.7550505695356298,0.5669711176175443,0.6686796020606118
mean_gt_cat,9dd545,poster,0.4716237011718485,0.4434921199021131,0.9483118371592758,1.035017271363287,0.7831837241505312
mean_gt_cat,5fb771,web,0.31100676427458684,0.4892796776788126,0.817557713267687,0.5303419880774013,0.6659453000815502
mean_gt_cat,82361c,desktop,0.23861951023688438,0.3802817728492002,1.2253534803592614,0.5220565534702564,0.6534145378325771
mean_gt_cat,d4430e,desktop,0.4372411830847202,0.40164378578871224,1.0986560127511584,0.9836242252380802,0.7427176319456875
mean_gt_cat,9ea1e5,desktop,0.5104483583043858,0.3705405581775659,1.1533444344113166,1.3054530009970011,0.8479441028863808
mean_gt_cat,5d4c5e,desktop,0.30826581235454503,0.4548153297421428,0.9425655588651107,0.6011487127944029,0.6843669932634191
mean_gt_cat,d613ea,web,0.5255565421163791,0.5186689553964366,0.7386962965727513,0.9201328367907081,0.7633560193533546
mean_gt_cat,6cb077,desktop,0.47876878786324834,0.5015738687665846,0.8064437065598865,0.9036549850300631,0.7495970700126627
mean_gt_cat,312489,desktop,0.2811136328765208,0.47014304868271467,0.8748981956269248,0.5115571464908814,0.6687405763399935
mean_gt_cat,742a95,desktop,0.03371993831200652,0.3309756334321331,1.4627227771658913,0.10187908124721513,0.5232545698716538
mean_gt_cat,37ad54,desktop,0.2618425165170536,0.44808421142369015,1.0069932596222482,0.5323572430233825,0.6579758734190355
mean_gt_cat,2f8185,desktop,0.2786845846723125,0.43742273883930355,0.9878672636825778,0.5560708292184671,0.6755960167664292
mean_gt_cat,fc7118,mobile,0.3050198401671525,0.5153984285619733,0.8887002361176504,0.5540955624456781,0.6454546871203847
mean_gt_cat,1b307f,mobile,0.6525727574014999,0.5037205006493586,0.7302793086835732,1.226361795180434,0.8210988572611602
mean_gt_cat,0ce287,mobile,0.5987141644971956,0.5382825659103477,0.6587704772814449,1.2105305156940942,0.8221121121765027
mean_gt_cat,5cadcf,mobile,0.3686672075992411,0.5517823212082514,0.6445725641051735,0.602890540817467,0.681028359842971
mean_gt_cat,857721,mobile,0.6235101203675752,0.5442468070458403,0.6460150560284331,1.068534488550637,0.8007951222106661
mean_gt_cat,dc351a,mobile,0.5329846688271507,0.5834659918609371,0.5725809633178269,0.7425512996126694,0.7081868432340844
mean_gt_cat,d355a9,mobile,0.6200709024709203,0.5504794848799694,0.6013817698462552,1.0670115433589673,0.7901079333825104
mean_gt_cat,4288cb,mobile,0.6197363168476115,0.5897587177574646,0.5290359660135651,0.8450867889362031,0.7272092937430245
mean_gt_cat,f7d1cb,poster,0.3321014340218306,0.3403142327847299,1.3772977304985092,0.9489604221285175,0.7572098752457862
mean_gt_cat,51582e,poster,0.34686752455087166,0.6180007080718223,0.5307180954541998,0.4385457549904187,0.6264870170771943
mean_gt_cat,eadf4b,mobile,0.4666539157856271,0.6348838489663435,0.4443332892117956,0.5299443878779593,0.6510860034375723
mean_gt_cat,38d067,poster,0.1817269901123847,0.33555604913090353,1.2754794946265071,0.4301830039046526,0.6339319584597871
mean_gt_cat,d2d386,poster,0.2583974614293777,0.4241758853326069,1.0294014152250757,0.4936332232438045,0.6485991293565955
mean_gt_cat,83c9ba,poster,0.549465016759976,0.6072100689371872,0.5019703015945993,0.792513366974051,0.7264759482409067
mean_gt_cat,87b278,poster,0.2598576789996188,0.3883130728083999,1.2970346582354366,0.6397550773736853,0.6797263465828001
mean_gt_cat,8f7ad5,web,0.36360437102665333,0.5126187891726638,0.7196260056981086,0.5799277740903168,0.6755557557113271
mean_gt_cat,35aa58,poster,0.44773455194396766,0.5875111287014019,0.5469576492851798,0.602365537227623,0.6804420548545677
mean_gt_cat,5fe2ce,web,0.2751624795354508,0.5027028699298415,0.7948695673041176,0.43074091013788873,0.6310809126197839
mean_gt_cat,458458,web,0.5797089056466532,0.5474184489894554,0.6620855669516922,0.9359069528745966,0.7600890331425643
mean_gt_cat,5a5935,web,0.2740938743371793,0.47373409886991,0.9479014808753904,0.5068456972893287,0.6449378453102939
mean_gt_cat,5845fb,poster,0.6433997463245926,0.5812882013645116,0.5336950561635836,1.011634270115246,0.7872185652143566
mean_gt_cat,14f8a2,web,0.3597292186344679,0.4964364592445577,0.8833129294188604,0.6640279349258195,0.6877553326551233
mean_gt_cat,4cd863,web,0.4638171869313027,0.6153632520684422,0.4838365352936219,0.6601432981338168,0.6963538280659315
mean_gt_cat,f9fed0,poster,0.3392981053343013,0.5415550299318209,0.6566931195851088,0.5518615932959646,0.6656012402397619
mean_gt_cat,c74797,desktop,0.3720846703485889,0.47741336233899434,0.8713128609151918,0.6928130352794428,0.7222041066035172
mean_gt_cat,ab09c3,desktop,0.3093175347411619,0.38602050911383023,1.133746107068806,0.6102552713558533,0.6774120688081393
mean_gt_cat,e74016,web,0.5689833626800815,0.5475935199371731,0.6532852469115882,0.9151870241922717,0.7597257831748164
mean_gt_cat,9faf29,desktop,0.3372978786132609,0.4715186093096598,0.8856708773733751,0.5794465067135782,0.6661213569014744
mean_gt_cat,c98506,web,0.5302386690169378,0.5294877207582559,0.6810618770361538,0.8416044104098994,0.7304399975981883
mean_gt_cat,84dc61,desktop,0.1569812007622698,0.29768842344748775,1.5916345404259977,0.48830248407789917,0.6297634803123485
mean_gt_cat,8c2c62,desktop,0.39691367661344257,0.45645311203581634,0.9062894749859451,0.6618465002950926,0.6786152396764467
mean_gt_cat,1d0e96,desktop,0.2849232041360861,0.3795309014032806,1.0986561805426172,0.5296861709989606,0.6670639606697665
mean_gt_cat,9378c2,desktop,0.2459778112972362,0.4509533447067898,0.8989370243466713,0.47598379171557925,0.6641272079568594
mean_gt_cat,22dd48,desktop,0.2638973587972086,0.45209465113320657,0.9160518438038794,0.47685908724059034,0.6314681004308613
mean_gt_cat,25c458,mobile,0.618055169066114,0.6624852405819444,0.3753522616150761,0.8470084228128949,0.7475455909710552
mean_gt_cat,a7789f,web,0.31863700057774846,0.39918896551650634,1.165421439845137,0.7421248061322878,0.721734906498353
mean_gt_cat,91b127,mobile,0.6877696444162209,0.7068061784945723,0.2863402987299061,0.7870976914337358,0.7169565159833519
mean_gt_cat,4d17b7,mobile,0.6324765631272689,0.7187179452993195,0.273982590320195,0.6929434283085604,0.6991738840540161
mean_gt_cat,a80be1,mobile,0.47577958899857964,0.6740670788644832,0.4093186766103253,0.5829250495723767,0.6609985969964969
mean_gt_cat,8c6298,mobile,0.6275216082661823,0.5874233581555498,0.5277507962963692,0.9080212134402228,0.7563886344802765
mean_gt_cat,09942c,mobile,0.34194684814987497,0.48233846588720286,0.7899406628098362,0.6061224224018075,0.6826832815075836
mean_gt_cat,18f66d,mobile,0.4768909895198967,0.47853166565696814,0.8051708160053377,0.8008290529156228,0.7365428954256147
mean_gt_cat,c75d3f,mobile,0.6970704556460432,0.5167971239901148,0.6540596677134661,1.391384654591235,0.857204739010996
mean_gt_cat,417f2b,mobile,0.4620412704173118,0.5905002893182463,0.650720606750897,0.7680504641336601,0.7129575961566683
mean_gt_cat,69b497,poster,0.5030703041228861,0.569094858107129,0.6469072210898007,0.9065025007432579,0.7627363107935764
mean_gt_cat,b346f3,poster,0.46762746790510795,0.5177160096454215,0.7504478866371755,0.7933315244391627,0.725309306881437
mean_gt_cat,c65666,poster,0.35334563432648536,0.5354524986669537,0.7763311317881617,0.6703919060697928,0.6930358073762158
mean_gt_cat,027990,poster,0.43095420157124487,0.6228120185303483,0.4603320739194794,0.5648281190792467,0.6639050396077236
mean_gt_cat,71bf79,poster,0.3960093972217439,0.44763231754632066,0.9616509033677385,0.8238091447791741,0.7300132008049369
mean_gt_cat,5ae7ba,poster,0.4542020359282878,0.47274459229219823,0.8526374417085137,0.8826375160812935,0.7519271743091972
mean_gt_cat,e13179,poster,0.35158355170186006,0.6843899625415539,0.37185026156303014,0.41329901503596767,0.6210242413072966
mean_gt_cat,4014f1,web,0.5842745952620602,0.6653936716679645,0.34976664985030437,0.7337469342616766,0.7138325328927541
mean_gt_cat,94d7be,web,0.3367621431541868,0.4697356659419958,0.836840932968071,0.5681708422552425,0.6726462527338972
mean_gt_cat,d9508a,web,0.46822076251628586,0.5582757366264222,0.6075536747446667,0.694042569933103,0.7006706518806255
mean_gt_cat,b0a63b,web,0.5563382507585062,0.6048390065906771,0.502394493077727,0.8213594201911374,0.7365525171461061
mean_gt_cat,7c76a1,web,0.6231928226198552,0.6473596004595961,0.4152430659225537,0.8182900682507447,0.7371326432580181
mean_gt_cat,c3ce89,web,0.342590712119202,0.3565405746383893,1.2850910792441983,0.8949192216794174,0.7568016825896222
mean_gt_cat,11482d,desktop,0.35446135565657727,0.50294485804862,0.7766736516585008,0.6253131025543038,0.6784607267738982
mean_gt_cat,142b9c,web,0.2447701566379959,0.385247405922293,1.2682312023314113,0.6933129234441174,0.7208244361349511
mean_gt_cat,c86562,poster,0.5945333992058,0.4772435500244189,0.7524152508357174,1.0759641536305258,0.8006450136171515
mean_gt_cat,cb0bf5,web,0.35751413259403875,0.4945427980877459,0.8726929708841398,0.6893845035649965,0.7020047102507592
mean_gt_cat,d85242,desktop,0.5643448144295042,0.4459609706786952,0.9322340371261845,1.2201636477640136,0.8334026307033675
mean_gt_cat,8efd51,desktop,0.2685545026818992,0.374315421941244,1.3700826312752687,0.8003398219398193,0.7252810175100444
mean_gt_cat,c00ba0,desktop,0.15686009151294072,0.4817660069753873,0.8471781789304595,0.2810595921509534,0.5960090588631504
mean_gt_cat,de1ea9,web,0.34893134768073986,0.5215044454819979,0.7147348706841318,0.5854367830547605,0.682585517871531
mean_gt_cat,54d9cf,poster,0.2373548887121938,0.4452844050738146,1.0850883659077115,0.5075008563813883,0.6393552464787228
mean_gt_cat,08d1eb,desktop,0.46724754626183207,0.40277386988342667,1.0656677615316965,1.0151712568326634,0.7900152778205789
mean_gt_cat,1ed970,desktop,0.4724286465623294,0.5103631765820176,0.7748552505114694,0.8877350818698417,0.74804138871481
mean_gt_cat,325da3,desktop,0.5134086023233687,0.4709908198141517,0.8549195155249277,1.0188423720063924,0.7614827601513365
mean_gt_cat,7760b5,desktop,0.36929495850082217,0.3961889769850304,1.15280894173679,0.9196006396127843,0.7651460546921698
mean_gt_cat,e332da,mobile,0.5785538553248996,0.5489705347696995,0.6159792327770964,0.9919670608020305,0.7713246759627956
mean_gt_cat,c2a57a,desktop,0.43924540137533047,0.5228650288273785,0.7452084525643823,0.7751008604842584,0.7186372365905505
mean_gt_cat,15fd54,mobile,0.6892530192513745,0.6439062870032842,0.41568873420182256,0.9634433430006231,0.7669108180569195
mean_gt_cat,91c8f3,mobile,0.5970081606027817,0.4345377455993401,0.9042164897095899,1.2919806853039315,0.8186034525420844
mean_gt_cat,de271c,mobile,0.22228039056924775,0.49219203929231303,0.8106849675654526,0.3357495026478502,0.5969121155663039
mean_gt_cat,83440d,poster,0.43588179776093927,0.4997747798416059,0.8867524739674452,0.9203145775528488,0.7589082016628315
mean_gt_cat,e43ab5,mobile,0.5589789294068288,0.6003023564403993,0.49332934951940716,0.8423808721760017,0.7301936121320051
mean_gt_cat,7c4cae,mobile,0.6015674006422322,0.7141085254942556,0.33231659377352274,0.6360751050665541,0.6842119813517807
mean_gt_cat,22eaed,poster,0.6751204982921923,0.5209460319658583,0.6771230724218267,1.188049461024927,0.8259845460698511
mean_gt_cat,b3c403,mobile,0.46315728579232496,0.36656532161612265,1.1848228910464298,1.1852813089625232,0.8116709807687253
mean_gt_cat,5b9261,mobile,0.5304205228858985,0.49763342653290776,0.751796305779828,1.0808384684350945,0.7956807164758186
mean_gt_cat,cfa724,poster,0.5080704220207246,0.6080053323030135,0.4862752674410291,0.5964576059437308,0.6686522975025936
mean_gt_cat,317639,mobile,0.41785622856401927,0.5916070688437124,0.5182512469250637,0.592871947189061,0.676889171037565
mean_gt_cat,013aca,poster,0.1315017962046342,0.4029851342918781,1.152313664241096,0.2632969457489816,0.579143409245948
mean_gt_cat,a7f467,poster,0.5757899231255351,0.5716015896817016,0.5537263332310695,0.9638643543540271,0.7682537784391785
mean_gt_cat,b68951,web,0.3604349801699299,0.5412432993518671,0.7453856385550792,0.5686452733237426,0.6625843673797683
mean_gt_cat,230d6a,poster,0.42127376916540993,0.5637121500334383,0.6561239841173614,0.6279107821379318,0.681373967337251
mean_gt_cat,55d16d,web,0.4047506731610745,0.5083846463098262,0.8099991428640068,0.6966662864422538,0.6986247715253804
mean_gt_cat,343781,poster,0.36469422201898405,0.5431417139424828,0.6545065976771756,0.5436951523216119,0.6548699731761646
mean_gt_cat,1408dc,web,0.56251466153482,0.5453097027109863,0.6510221196138772,0.928147242625196,0.7618384807111263
mean_gt_cat,aed588,web,0.45195983457099254,0.46380045431625005,0.8771754432523098,0.8946378039405743,0.7502968762951463
mean_gt_cat,e2f692,web,0.4693666530817219,0.5066791238626369,0.7936320365809792,0.8841741846922321,0.742305518250794
mean_gt_cat,e471e8,web,0.4438575698159362,0.5102817602758781,0.7510244528659021,0.8811760156505112,0.7474789330695001
mean_gt_cat,cc25e1,web,0.2342920578957861,0.425585629012816,1.0191323249509685,0.4465461756883488,0.6437337795918618
mean_gt_cat,3a1d22,web,0.2531278651253376,0.3120172077368142,1.4736144709040282,0.6262088243315486,0.675866765280015
mean_gt_cat,83b5c8,desktop,0.5249710953872433,0.4751310745577227,0.8832510463722146,1.144938184267495,0.8157499390499524
mean_gt_cat,bdeb92,web,0.33704815188106474,0.3849525741713475,1.1249415256867046,0.7374080810981366,0.7216308073062971
mean_gt_cat,3304d5,desktop,0.21487797065971906,0.434623557732033,1.139275890357388,0.6492215424611439,0.6846982675111655
mean_gt_cat,93527f,desktop,0.10602299019498974,0.31204675940218496,1.6012892911539176,0.38468023368843646,0.6381472986608131
mean_gt_cat,38ad0c,desktop,0.28564901539195453,0.43854901251325484,1.0605758091970376,0.6498256267078435,0.6618612912049477
mean_gt_cat,832f18,desktop,0.2997099402998489,0.5401112169992084,0.7315027089655706,0.45847410741921973,0.6259022985762638
mean_gt_cat,286b3f,desktop,0.2163275294377347,0.3365791840238559,1.3675058964865325,0.5801839620714334,0.6729267269599544
mean_gt_cat,0136d8,desktop,0.09352959839354544,0.4125870088237417,1.1070724976205906,0.25390115280654346,0.5785288758994382
mean_gt_cat,2a4b2d,desktop,0.5485762393920797,0.5238695056646602,0.6885019432561492,0.8889916506784583,0.7363314409401652
mean_gt_cat,698985,desktop,0.38929321038403686,0.6246528626133208,0.49593770676080196,0.4446652275675597,0.6214581745413243
mean_gt_cat,dd0f11,mobile,0.3716347844192713,0.4958831918904418,0.7163565429914502,0.6419826197217566,0.6931287818988323
mean_gt_cat,3bdf30,mobile,0.4469132114266256,0.5564489432437782,0.6381638609591523,0.7512371274441535,0.7187384658158634
mean_gt_cat,fb692e,mobile,0.23191310408623078,0.6597191093362058,0.41326019617477694,0.24816306856939516,0.576844846744768
mean_gt_cat,489252,mobile,0.6333985063513012,0.6599667113721037,0.3902395443485489,0.7965632873208284,0.72211780575578
mean_gt_cat,2ab326,mobile,0.3886555159154331,0.6438544796448012,0.47470983877461714,0.38509088723480417,0.6083634282420314
mean_gt_cat,6fd016,poster,0.24422605668661107,0.4633425379573165,0.9243234808075038,0.5295898041267392,0.6661054298799399
mean_gt_cat,763161,mobile,0.556766965070391,0.5782189773106572,0.5642581861937584,0.8155841631709099,0.7186759824700125
mean_gt_cat,d95bad,poster,0.13711197101386025,0.4838350649727714,0.8523080265954942,0.23045661876389567,0.5725699738724792
mean_gt_cat,1de187,poster,0.4735394148189672,0.5669922137896,0.6082691569924079,0.8203426961244356,0.7355886146736945
mean_gt_cat,aac709,mobile,0.4068231156992815,0.6231799119765983,0.4716195905125634,0.521677742774426,0.6587714274235912
mean_gt_cat,356da5,mobile,0.41248827052066384,0.5514595493433219,0.6262265064086929,0.5857346439361629,0.6638405600243262
mean_gt_cat,5bdff0,mobile,0.3755077147420524,0.4143857464281068,1.0863073079666872,0.8281862998042402,0.7383205795563617
mean_gt_cat,5bf483,poster,0.4297181832905921,0.4802881164885933,0.8775360677892514,0.8289126436448934,0.7364936163524309
mean_gt_cat,e85138,poster,0.23914066801070144,0.4755671739289301,0.8764683119391905,0.40969512913898704,0.6270927716897258
mean_gt_cat,324a81,poster,0.6229846288470275,0.575668073721477,0.5687022355252084,0.8699683952721855,0.7534515644470661
mean_gt_cat,493d3c,poster,0.5352570515403391,0.5735963340673069,0.5960922952267119,0.8113537906149034,0.7288671118967258
mean_gt_cat,b908c7,web,0.36856461828001363,0.5085521405326097,0.7995479633510528,0.6831570845688922,0.6986002870215778
mean_gt_cat,c6c2cd,web,0.3668314886144465,0.41746054601125004,1.0010093462093537,0.6879679474809117,0.7006403891480296
mean_gt_cat,e73aab,poster,0.2566262061703486,0.42922950567239415,1.0201205089834167,0.48697978119975877,0.6345897700759573
mean_gt_cat,25265d,web,0.40895356908133385,0.5203448925476768,0.7380648928092766,0.7451544432823793,0.708583406557526
mean_gt_cat,0cee4a,poster,0.2659106291954396,0.4717670147971331,0.9524441517959907,0.5261403520904012,0.6508489749680934
mean_gt_cat,d4dac4,web,0.5163400337275355,0.5475576708728179,0.7279818453112045,1.0492566405138175,0.792345059369776
mean_gt_cat,28867f,web,0.48974390566525916,0.596319011653624,0.5721843739224278,0.7953119812111957,0.7276652792220553
mean_gt_cat,215977,web,0.3368392484259685,0.48935329023561636,0.8394971327851997,0.6198621716302061,0.6804198690068437
mean_gt_cat,761c36,web,0.10564615853026665,0.4219052337589293,1.2904488320879615,0.27404521034660845,0.5841656859173003
mean_gt_cat,685482,desktop,0.5293043898383902,0.5487019475759533,0.635434765436505,0.8312104236443429,0.7338165043935467
mean_gt_cat,d0bb76,desktop,0.5966800160464886,0.5609574822702768,0.6235117586808576,0.9363884714320924,0.7628404432210732
mean_gt_cat,538c08,web,0.46011197239813245,0.525558735274278,0.7276871448794782,0.7246590661794717,0.7039292274076473
mean_gt_cat,1f192b,web,0.11735137446913602,0.4478413972695031,0.9820215850778178,0.19640296448889072,0.5619608538257805
mean_gt_cat,3766a5,desktop,0.4635809409815709,0.5893969658113359,0.5577418198649854,0.6430078439411837,0.6883895627415223
mean_gt_cat,8daca7,desktop,0.19174403133932616,0.48679911142072185,0.8450763490670918,0.3286467891555618,0.6209323535753413
mean_gt_cat,51f8bb,desktop,0.1989657590508984,0.4877023456125151,0.9285487821819884,0.3901840975071343,0.6221443922396291
mean_gt_cat,4f2d13,desktop,0.41354176826793304,0.6233494434303635,0.4707230344246764,0.5297859245593856,0.6562553962680719
mean_gt_cat,b9bf42,desktop,0.46313212188686803,0.4282853452991936,0.939575596589205,0.8570793177153697,0.7309459245398564
mean_gt_cat,286cb0,desktop,0.1598707117566575,0.4902055114559206,0.8914254237756906,0.32990689889344327,0.6006899307199206
mean_gt_cat,9952f0,poster,0.17922203564113073,0.4891101037112197,0.8545381408344349,0.35520214242440323,0.6037919743705018
mean_gt_cat,02f37c,mobile,0.36744254124916564,0.5736694840747726,0.5422115425964207,0.4715356615281837,0.6504885473957129
mean_gt_cat,d1e7bf,desktop,0.31216630495120407,0.545777822470551,0.6385851626948881,0.4475490772646973,0.6393589863791945
mean_gt_cat,ea3c8c,poster,0.44628187657651963,0.5430786231195862,0.6814838320638656,0.6958004586897124,0.6979174850579077
mean_gt_cat,1fac04,poster,0.1883140504339233,0.36187619598187837,1.2226561212503442,0.446162342814084,0.6358039638326548
mean_gt_cat,862bf5,mobile,0.4640869561082942,0.5251034719563697,0.6613091021500894,0.8075419959209854,0.7365077571953365
mean_gt_cat,4b3eb7,mobile,0.5550451550562997,0.5916079794521256,0.5107725648916315,0.8466213416317827,0.7394873789489687
mean_gt_cat,ee0caf,mobile,0.40534676821710036,0.5474487034911302,0.6779077281468766,0.6967624132440844,0.7036411360741383
mean_gt_cat,fe5ed4,mobile,0.20451652908304957,0.5334916364645822,0.7045902200186296,0.30300584154387117,0.5916585388187521
mean_gt_cat,4e3225,mobile,0.47675892955227944,0.3808182164106116,1.0969058117240398,1.072612512064737,0.7823409111116418
mean_gt_cat,2ab8bb,mobile,0.7002797293047334,0.6011026647757204,0.5020771234619911,1.1347900405063553,0.7972895256646814
mean_gt_cat,1193c7,mobile,0.38320162419191817,0.5652790255479457,0.5807085390765769,0.5819846509734145,0.6684354550130928
mean_gt_cat,5ee443,poster,0.542781245752805,0.6801275174724077,0.3322003303816725,0.6174870921961252,0.6826640331932696
mean_gt_cat,9fce53,poster,0.6173981965187361,0.6896519671812495,0.3155931314039935,0.6893952725598138,0.7011548673125512
mean_gt_cat,dc705a,mobile,0.7734637611478425,0.6471613860862054,0.4085133270192027,1.1115680469130738,0.7969944652960637
mean_gt_cat,ba6d0c,poster,0.7531287839337013,0.8160580499440537,0.11960549673249524,0.6239887216538055,0.6819082552506623
mean_gt_cat,d738b4,poster,0.32417171755302265,0.530034373221264,0.7131985828432711,0.4904859770626299,0.6433550095230318
mean_gt_cat,d328b1,poster,0.45470302997565754,0.6877660345138774,0.3294056520306668,0.5130418366198624,0.6525727819383937
mean_gt_cat,fac314,poster,0.4158812811565764,0.496067895196997,0.7946611003946947,0.7320757066104252,0.719640189568036
mean_gt_cat,80126c,web,0.44261855226348723,0.5281230419473422,0.743508030090471,0.7717773556436155,0.7197511611949209
mean_gt_cat,a52e34,web,0.266374780013874,0.5083738395643286,0.8404803619547505,0.42280246076219674,0.6206633422608533
mean_gt_cat,5d7115,web,0.6711873311480229,0.5580813832712033,0.6458477762123151,1.1214374251122048,0.8074554488139193
mean_gt_cat,fc8a69,web,0.576647567740056,0.6129268056483966,0.5086072508353491,0.7821106981779791,0.7224082295172347
mean_gt_cat,170ea3,poster,0.5728762267096008,0.660331046338704,0.32091889091733494,0.6981831891500045,0.7061063051937959
mean_gt_cat,59cb6e,web,0.4724981496539792,0.5734018787546661,0.5890364797715268,0.6525559725688712,0.6853800216200078
mean_gt_cat,fe0708,web,0.4430569302900206,0.5207956155975373,0.7063662263875916,0.7975555762771399,0.7276601712877125
mean_gt_cat,6193f8,web,0.27624203597242347,0.5844429739511923,0.6435644789109662,0.38195428122547626,0.6150571556025396
mean_gt_cat,30bf75,desktop,0.5210644470454057,0.5074791336669422,0.7778279195413171,0.9679857028490548,0.7507301166091558
mean_gt_cat,0b2a15,web,0.18525546342214422,0.5575500354975377,0.692535603824602,0.23248133012104566,0.5716576448390724
mean_gt_cat,82dca6,desktop,0.46543483777193195,0.5689284202271929,0.5988683542607313,0.6447424322746936,0.6782732657329147
mean_gt_cat,0e1c44,desktop,0.3030314955200445,0.4887121755811566,1.021059035745182,0.6898268974529075,0.6695922617280556
mean_gt_cat,c46c50,desktop,0.5779502189124965,0.5707451628761196,0.6157517521737417,0.9317636238143338,0.7606291219298018
mean_gt_cat,a1379e,desktop,0.3230708944652269,0.4447342981481923,0.9966505193423641,0.636310049307798,0.6836058626225093
mean_gt_cat,f0acf8,web,0.5744564315527774,0.5752679913577391,0.5855843174368813,0.9246328085641422,0.7627685059245142
mean_gt_cat,163ce0,desktop,0.3098312918709378,0.42649338796370745,1.142743586496736,0.7592473481998288,0.7034677054949351
mean_gt_cat,c58003,desktop,0.39834139641165184,0.3981402394231578,1.0812678657113728,0.9805135864933415,0.7819895040647077
mean_gt_cat,8ef737,desktop,0.16680416681801713,0.3068832997107175,1.4509255669331709,0.33976466387170706,0.6177254666226994
mean_gt_cat,fd0093,desktop,0.2760343795789538,0.44382231918337484,0.961840569647017,0.46518920415676157,0.6399124523652645
mean_gt_cat,781596,poster,0.5699118971561028,0.7524956939490116,0.2155619537705757,0.47898286706278237,0.6398465374263852
mean_gt_cat,586b04,desktop,0.45452776123827,0.629041278552151,0.4334710973102524,0.5876425622581114,0.6740383955983938
mean_gt_cat,0a588b,mobile,0.38091976922374104,0.5971219431726738,0.5419622853241969,0.4735394252884063,0.6352157329195922
mean_gt_cat,755429,mobile,0.498936424042469,0.4765650965908874,0.7934512594606862,1.0172932589075276,0.7851870443738881
mean_gt_cat,2d170d,mobile,0.34806256172489103,0.5545531137419312,0.6153333596405295,0.43217735912184685,0.6447259985684266
mean_gt_cat,8f38c9,mobile,0.6887158543926271,0.683608454168267,0.32675654348115124,0.8653411407653564,0.7340951063775079
mean_gt_cat,fd7302,poster,0.2521813100649477,0.5136077985890907,0.8197354261190246,0.3833519115649509,0.6133501084353723
mean_gt_cat,c6e9bb,mobile,0.40266913233668544,0.5849447721396418,0.5508989428668503,0.536258543955313,0.6488286644923024
mean_gt_cat,fe430b,mobile,0.4155319512018907,0.6379268991950477,0.4322768172989888,0.532974872863403,0.6648688981768408
mean_gt_cat,fff715,poster,0.4036572816417399,0.5809518743451946,0.5699248199750433,0.49461109786300955,0.637221156237186
mean_gt_cat,576a9f,poster,0.3350614280486242,0.4472721014437999,1.010581514023734,0.7486592787182584,0.7105736131090872
mean_gt_cat,ec53c3,poster,0.21041171747991777,0.5562724453714591,0.604814609534533,0.25561195754617716,0.5755646501500142
mean_gt_cat,472a87,mobile,0.46390489967361903,0.640357484831097,0.447006429417856,0.5798563060083307,0.6739834860251777
mean_gt_cat,4f357d,poster,0.2225846480750327,0.4246571034641728,1.0067634000609895,0.39365402313541165,0.6232859491683876
mean_gt_cat,ea0f94,poster,0.48952019114155254,0.6952494208387286,0.3315190880817103,0.5746849402464963,0.6653660276935816
mean_gt_cat,ff6a33,web,0.42886144052312136,0.492298273403783,0.8203489665664453,0.761669167727676,0.716957501987272
mean_gt_cat,f8ecb9,mobile,0.4817511946832177,0.5124362156552663,0.7149886471415252,0.8876639613751995,0.7417429128803904
mean_gt_cat,949fd0,web,0.43028094283901347,0.4329037263655456,0.9910563898001794,0.8830513087072072,0.7444867448624879
mean_gt_cat,44efc4,mobile,0.4381306375064301,0.4762190174089052,0.8580258803970708,0.8951873768299233,0.7428943541309633
mean_gt_cat,719c30,poster,0.5322557834586689,0.4896658173189095,0.7934201513464185,1.020722993483926,0.7862155481283959
mean_gt_cat,5009b5,web,0.4673784937969348,0.5215399396461357,0.7246797733409753,0.7553465393756751,0.7211371335055567
mean_gt_cat,a0d2e5,poster,0.5307718569599852,0.5686795952499,0.567869391232973,0.8004240040003181,0.7262668056921452
mean_gt_cat,cfade5,poster,0.6052087724566537,0.6689103047229148,0.3494398545599335,0.724719720505587,0.7077433584701319
mean_gt_cat,eb1040,web,0.48071659845035924,0.5425734681320338,0.7064518125820324,0.8187384826666934,0.7400728023179249
mean_gt_cat,c83c32,web,0.4287874365766663,0.45906952490674147,0.9363377224913824,0.8618126504751018,0.7439451509841883
mean_gt_cat,366c6f,poster,0.4805254033124817,0.4492833763036774,0.9024477055185836,1.0166190548791911,0.785492537614864
mean_gt_cat,dde134,web,0.3081481042060174,0.4935354530815479,0.8215948648112268,0.5265574132027528,0.6589421872404597
mean_gt_cat,ab87f5,web,0.20266768972588028,0.33555118863899597,1.4083697584561912,0.49126266853853906,0.6458386094335606
mean_gt_cat,e711e6,desktop,0.49932848888333037,0.50772633463955,0.8016003628573573,1.0186523118050796,0.7893084639569702
mean_gt_cat,f50ab7,desktop,0.4277036605527682,0.39609300724899,1.0905273654821528,0.9811542882649391,0.7346199891720756
mean_gt_cat,18177f,desktop,0.4725519339905764,0.5621334942837821,0.6339304273417068,0.7035036620242141,0.6870950870150654
mean_gt_cat,0db596,desktop,0.42645980202944866,0.4494322533486178,0.9421877656473555,0.7880107779522598,0.7201843169781289
mean_gt_cat,e9ec93,desktop,0.39136167914434355,0.4328422854564741,1.0453036670371174,0.9308718218568665,0.7738848806493747
mean_gt_cat,574bac,web,0.433225615879564,0.5030641411486526,0.7892593993645323,0.7460380099430908,0.707917709308175
mean_gt_cat,36602c,desktop,0.24689279144990944,0.5628867044072935,0.6401427350211171,0.3256838550674576,0.5978479109363134
mean_gt_cat,d1da7d,mobile,0.49194724586691263,0.5783320188145206,0.5634857062040828,0.7450743746562069,0.7188538129030594
mean_gt_cat,02a592,web,0.32582880843807493,0.46760874675755015,0.8981403608285674,0.642710828053718,0.6960240974029835
mean_gt_cat,3bc419,desktop,0.32319938372946466,0.491289744612989,0.7748000722896597,0.5127918660423146,0.6465907329249123
mean_gt_cat,9dd93b,desktop,0.3336269198134545,0.3371225616233507,1.3188997058064988,0.7758213744910608,0.716002299114154
mean_gt_cat,92c389,desktop,0.4468634217374336,0.4975598295243518,0.7601854322353618,0.7962501843346064,0.7199790671677393
mean_gt_cat,217ab4,mobile,0.17819762655791085,0.5946785601239324,0.7332043637279158,0.30246524490232257,0.5863555371495583
mean_gt_cat,62f428,mobile,0.34066659551593526,0.3093268334777463,1.3548555764563812,0.7976885126620009,0.7133116402696168
mean_gt_cat,5dd542,poster,0.32547149412108434,0.50729284381682,0.8507961118955953,0.5995487152626486,0.655546926283922
mean_gt_cat,6628d7,mobile,0.042140632746021964,0.3662310857130018,1.2771479971208797,0.13134026964200016,0.5393109271500475
mean_gt_cat,423c3e,poster,0.46197795132927416,0.49551569658772476,0.8186411315413127,0.8984367787764249,0.7485559141582345
mean_gt_cat,37446a,mobile,0.4550520840881557,0.6073252809630819,0.4647116280244829,0.5949406540341844,0.6632600895449464
mean_gt_cat,804d56,mobile,0.5422213565297052,0.5880676018911579,0.5318163007363974,0.7958130015808825,0.7326499090501688
mean_gt_cat,55ce87,mobile,0.300629913185153,0.44492442690218914,0.9508560328867337,0.5867765152202967,0.6796866322297633
mean_gt_cat,ceea7c,poster,0.4587423829378787,0.5381932743066746,0.6546915420615618,0.7173267417999367,0.7085529717873305
mean_gt_cat,5300d8,mobile,0.5769631850554091,0.5701364386354812,0.5815339821636102,0.960007291769148,0.7586233471158392
mean_gt_cat,8b41ed,mobile,0.6833247496368536,0.5074865094979969,0.7264194909473343,1.3664423303196376,0.8597560831544341
mean_gt_cat,63508a,web,0.5852213379655473,0.5951299231440584,0.5094768239947018,0.7813731026992047,0.7299078224829563
mean_gt_cat,14e331,web,0.4776261883110004,0.5310962618228204,0.6997066633781006,0.6817000716497307,0.6889880567820064
mean_gt_cat,809460,poster,0.3765142110141889,0.48814610648165646,0.8262251967834544,0.6569071853617676,0.6866003712412385
mean_gt_cat,b66ff3,web,0.3714648945028326,0.5101642740333754,0.7570950472916393,0.5928537198846536,0.6660279091170285
mean_gt_cat,eabfe2,web,0.29957226680073296,0.5080773406959197,0.8088872345493219,0.4340338588351189,0.6352360619643843
mean_gt_cat,f2e048,web,0.4399664208655967,0.5077935722192675,0.7298559988479844,0.7635240627452954,0.7256311219548199
mean_gt_cat,e9a4e4,web,0.3546074713229337,0.5454933478044854,0.731862722752469,0.5112803989181233,0.6464784063697172
mean_gt_cat,edcc83,poster,0.33572884580588985,0.4374154070868411,0.9857220305673471,0.7161273914483061,0.702841534912827
mean_gt_cat,3fdde1,web,0.3210040518949951,0.5283714953742403,0.7284074535314582,0.5243658542608287,0.6577696198099091
mean_gt_cat,51f811,web,0.6778838893138643,0.6406829857811229,0.4145804516900041,0.8885691434161405,0.7484880633938538
mean_gt_cat,d4ab0e,web,0.3519757807429973,0.4619409049151211,0.9022691231448794,0.6737867328669586,0.6947806733644731
mean_gt_cat,4f9082,desktop,0.3962687560211168,0.3834190761981194,1.1664431832722333,0.9246334671404569,0.7768826190705396
mean_gt_cat,2a8ea5,desktop,0.021484125601404155,0.5297582700145391,0.7924166846519511,0.1181764438886491,0.537720597565333
mean_gt_cat,647100,poster,0.5623764130327215,0.6461575655675043,0.4225951460378276,0.6999989483373087,0.6968015744862042
mean_gt_cat,35c062,desktop,0.4159628617861217,0.4700309600091489,0.8606636336708805,0.7717103478156815,0.7131905419780793
mean_gt_cat,a25cde,desktop,-0.12543538646892827,0.38057036679273193,1.4174042089046335,-0.12985851368230128,0.4613809568224275
mean_gt_cat,299635,poster,0.5154309336265892,0.6429427794342157,0.39628060901743256,0.62858479329268,0.6812361194622688
mean_gt_cat,3f177a,desktop,0.2853898216606053,0.47625173969474593,0.9168423785743771,0.5701936091038284,0.6611259038369166
mean_gt_cat,229d89,desktop,0.1519707230639836,0.4732927100160344,1.003536351429669,0.30362494441544313,0.5957026402810195
mean_gt_cat,3664a3,mobile,0.3422614085220623,0.49271001176882895,0.746977653023386,0.5243535119556364,0.6691563477657921
mean_gt_cat,e7be99,desktop,0.556410274490636,0.5027397978726977,0.7473440651812582,0.9079346993141842,0.7578984548192684
mean_gt_cat,853933,desktop,-0.07342803761419615,0.4487976227366351,1.0600090984108954,-0.04269678109613531,0.5034635228294556
mean_gt_cat,d60e75,desktop,0.14873122232238994,0.4198079832462884,1.1282879260034717,0.25917785606031213,0.5856049012072028
mean_gt_cat,08d885,mobile,0.62195563778813,0.6523956873027853,0.4017649396080721,0.8859315178487763,0.7510538640314804
mean_gt_cat,3578cd,mobile,0.2526325784633222,0.48289826233642885,0.8299689297097866,0.41187469393868537,0.6422482434132867
mean_gt_cat,529401,mobile,0.4631885872828797,0.49608370762063286,0.7238223599656357,0.8000669293117216,0.7132322314310031
mean_gt_cat,1f0773,mobile,0.5174029827080273,0.6142938252540766,0.45690918863519236,0.6585817433466781,0.6929673531736875
mean_gt_cat,8a530f,mobile,0.6745077488231193,0.6719302216229316,0.3718451893508654,0.8884583446654248,0.7383238452495869
mean_gt_cat,9c07ef,mobile,0.7013418669858219,0.6340135158324862,0.4200988849359763,0.9800434481298219,0.7629637849420848
mean_gt_cat,5e2ff9,mobile,0.4136657883425257,0.4188726924720749,1.0270126578222947,1.0083962544075444,0.770279499065436
mean_gt_cat,33fdee,poster,0.415354553223967,0.6981112482041384,0.34031258091746164,0.47969602147847457,0.6359438066647694
mean_gt_cat,94b1bc,mobile,0.6313864669099974,0.654320009717981,0.3948867199763002,0.7796911675268693,0.7220944893201044
mean_gt_cat,848e55,poster,0.15101438058460614,0.5963090861261274,0.5533038474113188,0.165652563985827,0.5484981285412197
mean_gt_cat,c7cfb6,poster,0.35736299216063927,0.5710431904813722,0.5762635705142274,0.4675495013239542,0.6441280620448833
mean_gt_cat,f14f17,poster,0.004274210758392084,0.39520602057719056,1.2609316276752498,0.08963255493208623,0.5296548216870034
mean_gt_cat,dd0d82,poster,0.017177847500501338,0.38501153038857544,1.2723455375999468,0.0296547528142518,0.5129159945074955
mean_gt_cat,a18b8d,poster,0.36071391566180133,0.46818449032971193,0.8608440682525862,0.6548289147506972,0.6994973738711344
mean_gt_cat,cdbd16,poster,0.3467871913281642,0.5083360267888075,0.7339810814136334,0.5444459418574695,0.6586760271306239
mean_gt_cat,274fcc,poster,0.5159939745218345,0.6424155685632595,0.4061184511341184,0.6777644505881925,0.7021292549102524
mean_gt_cat,83575e,web,0.25776117368928586,0.4643723273383679,0.860297078316822,0.4532254030358788,0.6381539515761636
mean_gt_cat,8e8767,poster,0.5806925568486669,0.50850728800983,0.7148489437502754,1.065044423779441,0.7972282122421871
mean_gt_cat,2c9ce5,web,0.3249997934268813,0.4637710557894558,0.9351445685022582,0.5480021983150873,0.6575881862623757
mean_gt_cat,d8cbc3,web,0.4527852626197699,0.5708519725462063,0.6145766214946871,0.710602607525652,0.7050321569126179
mean_gt_cat,c0422a,web,0.4922260948246242,0.4909634986670935,0.7746159169357254,0.88748210977522,0.7446075762862352
mean_gt_cat,a2744a,poster,0.2644459492179183,0.5288680694207696,0.7073247627608753,0.35224440575947247,0.6110747326232543
mean_gt_cat,8fd96b,web,0.2268539105549199,0.45393930868084365,0.9252128443972394,0.4312918408404798,0.6378281659827053
mean_gt_cat,28a531,web,0.38820125831638563,0.426420778268472,1.026516143342743,0.8802941436292697,0.754904595560305
mean_gt_cat,ba9073,web,0.5122748022260519,0.5265007809316135,0.6753362272180903,0.8507999105758507,0.7446125263219914
mean_gt_cat,182715,desktop,0.2589660606460867,0.4601151909307386,0.8881335418640208,0.4329667858248388,0.626910531080475
mean_gt_cat,faa31c,desktop,0.32720242628685126,0.48240836051904223,0.8584788366915416,0.5981790800728735,0.6792329869499292
mean_gt_cat,52a3d2,web,0.3917659075814366,0.474528998122893,0.8608570367490157,0.6575945834118105,0.6804278411841631
mean_gt_cat,bef09c,desktop,0.16132640465638062,0.46803416945542076,0.8866859899471068,0.2675466606322915,0.5867163503269281
mean_gt_cat,aac976,desktop,0.31677593680277166,0.4330888304949748,1.0163824225796305,0.655311827245215,0.7026477207322588
mean_gt_cat,cd6b02,desktop,0.30888690204531677,0.4572609061207722,1.04929266060399,0.5849434797442759,0.6492650831992182
mean_gt_cat,1411d0,desktop,0.14894609523367264,0.45295459830594254,0.964417383710568,0.2852373494012879,0.5770709714864828
mean_gt_cat,ba648d,desktop,0.48130388611692443,0.5002753569991282,0.7710804094609096,0.8533723423287588,0.7441952216192016
mean_gt_cat,49046b,desktop,0.4938066907365948,0.4650388983432646,0.9176501510287313,1.0838968709010008,0.7669464216118602
mean_gt_cat,37123f,desktop,0.43987423114047464,0.5050450937612287,0.7773093600800617,0.8213892821926352,0.7218827772306596
mean_gt_cat,38a100,web,0.4408827999299476,0.4553095791536165,0.8875470976223064,0.8395297670079162,0.7405885809489181
mean_gt_cat,f4ff84,mobile,0.42980376762454575,0.5616459139227707,0.6336448104601328,0.7176708686894974,0.7027189875970364
mean_gt_cat,51f12a,mobile,0.2663154590802387,0.44089572334185956,1.0874203027550315,0.5168961776668675,0.6317234621236292
mean_gt_cat,9b3421,poster,0.23294142729113954,0.49651177678556024,0.7507431157667726,0.33218503029697277,0.6033601809967779
mean_gt_cat,0c5a84,mobile,-0.20561646955032448,0.37980035846579974,1.2370514099360208,-0.22258483220508482,0.44370663825443024
mean_gt_cat,756eac,mobile,0.31016321195978647,0.4870627391180981,0.909028690441442,0.7140159980032483,0.7142999854899708
mean_gt_cat,14a621,mobile,0.6040777993052011,0.528546220118882,0.6675728322070767,1.1037258823885319,0.8016437007246077
mean_gt_cat,34a3b6,mobile,0.47675261615818704,0.4680559639491601,0.8175309948480134,0.8864242483914879,0.7565269830024378
mean_gt_cat,fd4c35,mobile,0.49461557076644413,0.49046041727844636,0.7551067168950358,0.83312167260232,0.7399175879610829
mean_gt_cat,87b0c1,mobile,0.7025845875622806,0.5900314725162753,0.514395466416374,1.0790837725969966,0.7951198076928175
mean_gt_cat,bb3926,poster,0.08378513745064434,0.4891063573868013,0.8435289745148111,0.2108785452926205,0.5658184864634719
mean_gt_cat,13a206,mobile,0.4428692895748243,0.4419136170991599,0.874401572661749,0.8994431112767336,0.7635276448314745
mean_gt_cat,1356d2,poster,-0.09360263565827737,0.41126506209445346,1.1355758911036729,-0.0860108569827418,0.4690269885059759
mean_gt_cat,3ec6d5,poster,0.19756943183442627,0.49000762725666325,0.8722432562146523,0.426861800605115,0.6146274438173024
mean_gt_cat,b3b208,poster,0.583691394780786,0.6399081509276137,0.44197321092917147,0.8238283485896158,0.7282907970039179
mean_gt_cat,a19d22,web,0.5213444611248593,0.630742058386313,0.4414343956779823,0.6926269499942149,0.699371807553089
mean_gt_cat,ce5b5c,poster,0.451250967283801,0.6863990787783047,0.3246488388722183,0.4700076186421223,0.6464623040173751
mean_gt_cat,42c4ea,web,0.24069145105450604,0.4917109437381483,0.7541319348616148,0.3930398371819503,0.6343741060176618
mean_gt_cat,ca623d,poster,0.17681882219082312,0.4780308120141529,0.894215806628616,0.27832236025467394,0.5827511850737583
mean_gt_cat,92510f,web,0.6137021011158478,0.60397314462683,0.5114513899186502,0.9049148479481104,0.7573255210888731
mean_gt_cat,20eedb,web,0.5094581468265345,0.5433629936518669,0.625168913396996,0.8416379346578933,0.7476531399917709
mean_gt_cat,d34e08,web,0.5947502063999218,0.6053930059611732,0.4994487498664687,0.903710836935091,0.7567533754022817
mean_gt_cat,8d98e4,web,0.28507765544997155,0.5170758766843724,0.6942615867418276,0.3694804845429044,0.615801015625155
mean_gt_cat,0a22ef,web,0.3254480438475694,0.48423355019161723,0.8247192664837016,0.539858165689726,0.6650295161457459
mean_gt_cat,f3411a,web,0.5337241082654683,0.5499530667756123,0.64231055143316,0.8820841540417728,0.7476114987999298
mean_gt_cat,9e6898,desktop,0.27630825762271455,0.37322845245198777,1.3009300364409708,0.708221666102208,0.7010332556256968
mean_gt_cat,ab32c7,poster,0.42836590283073006,0.37285439723469294,1.1711446906908751,1.0563775522062486,0.800258667391603
mean_gt_cat,1a3e47,desktop,0.4275953289615242,0.44320373639477484,0.989056410773269,0.8752251476284436,0.7545591632130187
mean_gt_cat,6428b2,web,0.16002765743378594,0.4836801010773032,0.8522867206722046,0.25168029403948844,0.5807570184698224
mean_gt_cat,fcb925,desktop,0.49562897518177806,0.48248633710420363,0.8487507661113141,1.0794385293952016,0.7828515313133604
mean_gt_cat,669937,desktop,0.387998532946383,0.38116832581895976,1.1829456979023178,0.8615355291135492,0.7390012735701981
mean_gt_cat,037d19,desktop,0.3035887886086466,0.46588449731080794,0.9003433988181876,0.5250480510044091,0.6468177903822636
mean_gt_cat,f21c0c,desktop,0.5062311363763061,0.45385384326441663,0.8961963148122452,1.040114785872068,0.7875395006404494
mean_gt_cat,658f2d,mobile,0.6681222099494344,0.5329023098648249,0.666346154688185,1.2319324202162267,0.8202185913606651
mean_gt_cat,af0d52,mobile,0.4358284028842546,0.4858126213763021,0.8101397606737545,0.888062265716399,0.7546910245929952
mean_gt_cat,592d83,desktop,0.2328282450518781,0.5144614666511693,0.7983473159126688,0.3656814502596154,0.618639811430568
mean_gt_cat,111cd2,desktop,0.528639365711045,0.5356467229131181,0.6626283352211028,0.8355981800680428,0.7320629034831596
mean_gt_cat,834258,desktop,0.29643209678271887,0.46357428188444355,0.9618760988649924,0.6017300345708341,0.6778294954246965
mean_gt_cat,0939f7,poster,0.2612776013362069,0.49846259086025657,0.7822487381971351,0.4269886863754334,0.6321526554635585
mean_gt_cat,ebe076,mobile,0.6961567783000225,0.6245498075200016,0.447110049926268,0.9623396940886175,0.7707129472735283
mean_gt_cat,0be8eb,mobile,0.5872350645964304,0.5968780893876182,0.5108135339364929,0.8951969496934246,0.751256469516492
mean_gt_cat,16a5c4,mobile,0.3730983262803681,0.5986840762812295,0.5233148062239358,0.4648103959734143,0.6465366214276989
mean_gt_cat,28d46f,poster,0.3248656366134062,0.6614585131546651,0.40568630722480453,0.3102440613101564,0.5943295008170604
mean_gt_cat,c62001,poster,0.027720198822355668,0.39339827362807867,1.3468769700605374,0.20752429985095205,0.5388392149120471
mean_gt_cat,2ad4e3,poster,0.45856639513490743,0.5627868672957688,0.6409038898163896,0.646413986778277,0.6891918022732118
mean_gt_cat,520b4a,poster,0.5418003343716237,0.7220378527667836,0.270922427512117,0.4670131371670437,0.6385311725247562
mean_gt_cat,018c0a,poster,0.38775244257967956,0.46500323922667786,0.9050490072218149,0.7734231043329389,0.7157140949441732
mean_gt_cat,510db4,poster,0.30101404340933896,0.5784966347133773,0.5466799627216824,0.3514599224206416,0.6077028703134278
mean_gt_cat,b264ce,mobile,0.6331342274415819,0.5337427447456301,0.6573686077776326,1.0149871671566422,0.7770523096083279
mean_gt_cat,94e7b4,mobile,0.7155029753916424,0.6731727855347658,0.3530745222203576,0.8865832840006606,0.7345680576252439
mean_gt_cat,3a2d21,mobile,0.20930095845854357,0.4615929220459074,0.9834076912894663,0.4571827726970251,0.6154155880254892
mean_gt_cat,60b012,mobile,0.3332540181400167,0.5078369270387073,0.7458207540039631,0.5448994135135868,0.6709087977680298
mean_gt_cat,1102e9,poster,0.5519793576826564,0.6419932984119947,0.43209980177064455,0.624967011053274,0.6848762366890911
mean_gt_cat,348c74,web,0.12649009438170844,0.4954089353222363,0.8211931515043018,0.20248515956150237,0.5766320416484183
mean_gt_cat,2ad31e,poster,0.4973844099683179,0.5865413595311999,0.5564962981111428,0.6811172826641183,0.6991331075596299
mean_gt_cat,1ba5bc,web,0.45704762666248994,0.44724223715661,0.9337127799507966,0.868617803605878,0.7462081882695544
mean_gt_cat,af1e2d,web,-0.017388506403016125,0.4201880122414144,1.3367397177133578,0.13044234827194492,0.5403244747634299
mean_gt_cat,96c596,web,0.20147160481661847,0.3735587317535707,1.30640692838394,0.4646374236396918,0.6424632506139434
mean_gt_cat,60593d,web,0.6129345818015592,0.5450725825097472,0.625114350792473,1.0516722843455673,0.7925207561527527
mean_gt_cat,9da4ef,poster,0.45017763497805596,0.46893606867428705,0.8853376531149779,0.9778943549206008,0.775265044366957
mean_gt_cat,d88d22,web,0.47852341457985703,0.6034135344718934,0.6293921855018734,0.7081269084400249,0.7044500010652905
mean_gt_cat,ad5e9d,web,0.38788248947552245,0.5503907951125104,0.6691802245148479,0.6773296004319985,0.6983900798529346
mean_gt_cat,b0afe4,poster,0.54229934084289,0.5937570401372962,0.5678968483908693,0.7889648474272019,0.7199796121876878
mean_gt_cat,972cc2,desktop,0.473688009500819,0.48654911643854826,0.7933478574508832,0.7877455959579481,0.7314669528111635
mean_gt_cat,cb662e,web,0.47200427222911023,0.5598005184381729,0.6336697469934861,0.7358533907785283,0.708997762082414
mean_gt_cat,256ef1,desktop,0.5507574599231948,0.49433752212523885,0.794350057679434,1.0324312886648024,0.7875432938455187
mean_gt_cat,88927a,desktop,0.336436732969126,0.5041084250947986,0.8190688386394609,0.5333589302885713,0.6468012428618201
mean_gt_cat,3a8c09,desktop,0.34916771076943676,0.45951921774930693,0.9640386849417681,0.682043769934819,0.6923901524963924
mean_gt_cat,51e1ce,desktop,0.12421057229648827,0.45804412618584545,0.9271115116927977,0.1993451075637595,0.5641878404339409
mean_gt_cat,fd129e,web,0.3429031536287933,0.5100132064340612,0.7846522334523856,0.5762288156182902,0.6638442774166566
mean_gt_cat,210e46,desktop,0.2987104509758415,0.5315914002697222,0.6620697200949177,0.3972443853622931,0.6246298707548325
mean_gt_cat,4cdee3,desktop,0.40531165010922104,0.5138763512078297,0.6766824653208715,0.6447377666363958,0.6981703436138474
mean_gt_cat,8160e7,desktop,0.3615688714437779,0.5351329374812427,0.7341856222842632,0.565810655118603,0.6534458020659062
mean_gt_cat,da36d4,mobile,0.7607604564869552,0.5982913412821065,0.5013526823067425,1.231763882603562,0.818867700249954
mean_gt_cat,9ec0f6,mobile,0.5490861317221871,0.513012743281789,0.7041312203240866,0.9200079488122559,0.7617450199699567
mean_gt_cat,42962f,desktop,0.3655264541327946,0.45550321059231147,0.9208342390928435,0.7033661159507315,0.710737592731693
mean_gt_cat,69ba30,mobile,0.6998432773957286,0.6359643585369636,0.40358552313070833,0.9502090683409837,0.7501140272973597
mean_gt_cat,c08f50,poster,0.5795017189617055,0.639780501923773,0.4440465682061147,0.701362418095275,0.7078552681791482
mean_gt_cat,b32f2b,mobile,0.48616723272665463,0.5328238920610223,0.6374045538057461,0.8166529601969004,0.7388212892334284
mean_gt_cat,2d23e1,poster,0.14322154692213496,0.5140415652748987,0.9026445192151126,0.27334248714376475,0.5780065543398356
mean_gt_cat,7ee34f,mobile,0.7173008590204728,0.6331808647928224,0.3987906671874947,1.0446464667430446,0.791886486869735
mean_gt_cat,52658e,mobile,0.5007004839241319,0.5742925578837629,0.5567093490407482,0.7209665119987707,0.7049078990904443
mean_gt_cat,964429,mobile,0.7178335938229305,0.6731919450489334,0.36357635178664083,0.9804499373346393,0.7735870811020835
mean_gt_cat,906624,mobile,0.22533639406209002,0.5331077818851482,0.6738517693448776,0.3955773813011931,0.6281146598119349
mean_gt_cat,6c392e,mobile,0.5119898153600942,0.5791619636073333,0.529662701748233,0.7137923428248827,0.6996227776753596
mean_gt_cat,93016d,poster,0.1748127690049358,0.47495741882337084,0.8691786692415057,0.3251520199709253,0.6095561926332724
mean_gt_cat,2089d4,poster,0.2442589409954305,0.4360639465580671,1.1782465116282619,0.669970912766132,0.6843092120589727
mean_gt_cat,b11c7a,web,0.4499578515458974,0.5473137118483185,0.6608354247402868,0.715410343900529,0.7096003499153187
mean_gt_cat,a4eeef,web,0.23221651911542832,0.48878744973765004,0.8021929696791976,0.3777311116228102,0.626497271153726
mean_gt_cat,fec2d4,web,0.2612793210889428,0.47904770790553763,0.8024792648472383,0.45889684317867385,0.6433069954135513
mean_gt_cat,6a7b1c,poster,0.440355817363001,0.6329497924939906,0.45981702852873046,0.544306007629516,0.6610416624369239
mean_gt_cat,68d170,poster,0.33156780345536685,0.3801137467737483,1.1716602735888655,0.7588069100135972,0.7249229341077634
mean_gt_cat,98ae63,poster,0.6071081281652391,0.49789993270510174,0.7175185448804441,1.0746581650004727,0.7966199171038953
mean_gt_cat,689a18,web,0.4146502330349938,0.3881809130680247,1.0707556305097128,0.9080206322958975,0.7662982607242155
mean_gt_cat,8869c8,poster,0.7240958601349265,0.5786055119706767,0.5152093411916849,1.178886830842147,0.8261442933348379
mean_gt_cat,65b50e,web,0.07275725823144359,0.5066414824465975,1.1396017332263377,0.2755647680061185,0.5772926420404381
mean_gt_cat,567366,web,0.34044802910580474,0.5090830916706728,0.7493864250805125,0.568621076329021,0.674764424757042
mean_gt_cat,5c0bcf,desktop,0.47221828977614144,0.6435190633452564,0.43583770190685506,0.6397930325420327,0.689271178439631
mean_gt_cat,d0e249,web,0.4191077736877772,0.5479139652200252,0.6194261669288568,0.5981905191088596,0.6789459668811395
mean_gt_cat,9609c8,web,0.4363031271398704,0.5088626467848067,0.7863368982001342,0.6635002376168139,0.690642970368991
mean_gt_cat,f717f5,desktop,0.4758951589525967,0.462063027549472,0.811282740944304,0.8693099295938591,0.7393677151258896
mean_gt_cat,6e2c8e,desktop,0.2152452386029397,0.5118368763761996,0.7935331801399151,0.32760125789192485,0.6067089287857426
mean_gt_cat,ffad21,desktop,-0.00802842734579105,0.36110445694732207,1.4859328970157546,0.0711801452580683,0.5362271410552395
mean_gt_cat,fdda92,desktop,0.3326732523327269,0.46046352103596744,0.9221290884674544,0.6290735491236804,0.688764945922589
mean_gt_cat,4a784d,poster,0.4701279667422764,0.6548441639771007,0.35715704685816063,0.5807438261678755,0.6688916058926714
mean_gt_cat,7ac1c6,web,0.3530655578860302,0.577913869576406,0.6410873604708656,0.5561676699458503,0.66311322074949
mean_gt_cat,95b24c,desktop,0.39473498400401513,0.5364374442479917,0.7811460307855237,0.7085342954697471,0.6889424141547029
mean_gt_cat,709b8f,desktop,0.27907904214072715,0.411057178337497,1.1115342000381467,0.6301689428020687,0.685714451502886
mean_gt_cat,91d919,mobile,0.5143324326093099,0.37136535067898185,1.0947606390770437,1.2124449198829366,0.8245239425305105
mean_gt_cat,035da4,mobile,0.5597609422015228,0.5183054514145475,0.7075383913599379,1.0119173181037873,0.7802573396014185
mean_gt_cat,cdeba6,desktop,0.3694269962248992,0.5809403186120767,0.6246272028847071,0.5452317876774434,0.6583069821060834
mean_gt_cat,3c9088,desktop,0.5177450014730791,0.49783519655123654,0.7651511794863988,0.8201295266653127,0.7009145389693019
mean_gt_cat,2cf681,mobile,0.448874349808339,0.4362172545547258,0.9194758464435845,0.888205868602934,0.7608165740584992
mean_gt_cat,579621,mobile,0.42684332064537417,0.49924942882373713,0.7712784301085913,0.8321881824426501,0.7395781981356665
mean_gt_cat,a7aa57,poster,0.28611206867335504,0.47109485302626875,0.8667137485846703,0.5090055135303727,0.650211963051862
mean_gt_cat,b83a7a,mobile,0.49223533749808,0.4934629529776116,0.7260483614665674,0.9067905654993769,0.7493027293792699
mean_gt_cat,81f2f3,mobile,0.5908903220384432,0.585372714593915,0.5414980557555574,0.9038311316316345,0.7547003762672093
mean_gt_cat,75c4ec,poster,0.3793779979418091,0.49699429871619705,0.7861793236613792,0.680013203915132,0.6995145227519325
mean_gt_cat,59b238,mobile,0.03435404297742706,0.3445122786921677,1.2626173063066735,0.14661225489632687,0.5670959324035378
mean_gt_cat,6f401f,mobile,0.530261974492442,0.47363379657439947,0.787676835629659,1.0009469111183134,0.7787005557569309
mean_gt_cat,2a3bf3,mobile,0.33901771064964287,0.5832306314970942,0.572438273611516,0.44359993339325576,0.6278663718579984
mean_gt_cat,42826d,poster,0.536645456239897,0.47702125774820187,0.7991156017732218,1.0313803107203185,0.7860388089941533
mean_gt_cat,90271a,poster,0.44800282931132884,0.5254442210314303,0.6985643058001159,0.7276361957407923,0.7109878104472102
mean_gt_cat,d33aa2,web,0.3818620796513411,0.527369406498177,0.7426627151357417,0.6487354301654858,0.6933796958229024
mean_gt_cat,a7c035,poster,0.42711166734439965,0.5448799582392633,0.675817420879091,0.6486012307666685,0.6859797746142384
mean_gt_cat,6b173a,poster,0.48180231519591443,0.4025988603215142,1.0934810775919501,1.1785805838180343,0.8251102764331568
mean_gt_cat,c36099,web,0.11014195818776536,0.43780469326606275,1.1104314668968756,0.30017832775442554,0.5939676170601689
mean_gt_cat,070781,web,0.296334375593481,0.5343197764323313,0.7302240820745238,0.43341741582851384,0.6323452340220108
mean_gt_cat,3f1f0d,web,0.38784501254855674,0.5220172373214498,0.696691673921801,0.5829205137696457,0.6704167025592545
mean_gt_cat,7786e5,poster,0.600281077916552,0.5320141206637743,0.6477452419204264,1.0192639709126632,0.773758852658808
mean_gt_cat,b3acff,web,0.45662062098515666,0.5022286365341848,0.7516094481819882,0.7767851708645069,0.7222322033983903
mean_gt_cat,2298de,poster,0.28026252868491575,0.4744054716922892,0.949430631808377,0.6752260961810758,0.6961958551146435
mean_gt_cat,87475d,web,0.17799107774223658,0.4690428213624517,1.0667299970898303,0.40328686082753074,0.6271892335590719
mean_gt_cat,d09395,poster,0.41448912131004584,0.48205386720769483,0.8463256691869683,0.8364242757551502,0.7370879975250816
mean_gt_cat,97cc00,web,0.3636600965414708,0.4550407577499711,0.9313036308981653,0.7526343618334399,0.7160298746559307
mean_gt_cat,94dc20,desktop,0.548898213017542,0.4803608556092117,0.7974448941336177,1.0588504384927304,0.7962450060007624
mean_gt_cat,d7346d,web,0.28408481844570294,0.4266060935653561,1.045615974920675,0.5558311966891948,0.6768778210236531
mean_gt_cat,3ec21e,desktop,0.17366995753301173,0.4182340633632828,1.0607260128796752,0.39788796250124403,0.6401015417251514
mean_gt_cat,e9cc4c,desktop,0.37489123553916465,0.49783208355857655,0.8379547912265547,0.759794345549645,0.7086337632718841
mean_gt_cat,76822c,desktop,0.2563922531025139,0.3747541442960939,1.2108735844660097,0.6406465618925319,0.6994323376568052
mean_gt_cat,10579e,desktop,0.04844901613601562,0.41486998678976006,1.1160407896923594,0.1638896606587282,0.5605364847871528
mean_gt_cat,a44943,web,0.3877426180072581,0.4870355491987173,0.8226998400953658,0.6881130741000058,0.6998480007369665
mean_gt_cat,c7db2d,desktop,0.5966739341301206,0.5530779797087846,0.6431427704464768,0.9755044498530816,0.7506818576644521
mean_gt_cat,f8d172,mobile,0.38824868729269835,0.6177981752512316,0.47374103911240617,0.46574838397014495,0.63266846045584
mean_gt_cat,290bcd,desktop,0.42041350558343793,0.48305429509655734,0.7899256038445424,0.7194240433277731,0.6993258201350623
mean_gt_cat,7f6f8f,desktop,0.2821795160070625,0.36379067872703225,1.4382305206413375,0.7950396309006884,0.7126143320772451
mean_gt_cat,11412e,desktop,0.25768950444263206,0.5021338050082282,0.8415987139498519,0.45759915822239755,0.6334742856940291
mean_gt_cat,884333,mobile,0.24656065016896578,0.5521117828452932,0.5742850642856046,0.3671898572479928,0.6231306851201215
mean_gt_cat,fc4494,mobile,0.4551252842267235,0.6399052454822379,0.4206239052558135,0.5576564558993845,0.667004127439851
mean_gt_cat,305533,poster,0.0698377124173666,0.43609025154054937,1.0795375287939957,0.17344164595534287,0.5561562085797936
mean_gt_cat,a42b4e,mobile,0.3037114423230858,0.5311165904690104,0.6382705653756666,0.3879197833583818,0.6297047099992608
mean_gt_cat,56ed0e,poster,0.4825008647864715,0.6935506206024707,0.3450176453457624,0.48175128848568377,0.6438586350822242
mean_gt_cat,d594d5,poster,0.17572117975724855,0.6162104527298646,0.4786312612227229,0.19786413712537362,0.5616151307277216
mean_gt_cat,f147ec,mobile,0.6136294233556809,0.4210022065702715,0.9077506999049194,1.4024188007805614,0.8625499591413831
mean_gt_cat,a11833,mobile,0.45651348877000536,0.6467599091500247,0.4350890953937765,0.5386449945045971,0.651939768982727
mean_gt_cat,e451ee,poster,0.48433544040974,0.5940451946035605,0.5821124272778575,0.7762546775609508,0.7244872614491523
mean_gt_cat,196a1e,poster,0.09910638340268353,0.46433592742588137,0.960278512672457,0.25074050831708306,0.5768805467851444
mean_gt_cat,b87c56,mobile,0.5255092648897102,0.5429076973344258,0.6527768888965502,0.8863868369928254,0.7437965750723472
mean_gt_cat,23b246,mobile,0.5129365197020004,0.583434272475676,0.532051173255999,0.6832908242078864,0.6953483819277514
mean_gt_cat,bec3fa,poster,0.1643141354575895,0.46948278131174925,0.8540168332428576,0.24752179668113045,0.5859154532457913
mean_gt_cat,1680c9,mobile,0.7602766140078894,0.7853647428372733,0.16777407914459705,0.701508730903865,0.7030952557616331
mean_gt_cat,2511d9,web,0.16685866711744984,0.522743236429406,0.8235066841735207,0.24836456231815002,0.5743807949743274
mean_gt_cat,2dfd9c,poster,0.4639105557553209,0.6019026935949963,0.5405049997721327,0.685630493005103,0.6950975022983324
mean_gt_cat,3088d0,web,0.42318408227498644,0.47948469875107425,0.8749768611747477,0.8537630372660132,0.741769743241148
mean_gt_cat,8740d9,web,0.3727429422158073,0.5257329724208539,0.7114700835312664,0.60068348364463,0.6761862714974293
mean_gt_cat,787aa3,web,0.38687397204482754,0.47028459792770355,0.8577334769998154,0.6497076310348949,0.6986439898064128
mean_gt_cat,28cf69,web,0.3446846046328882,0.5305052372973992,0.723250524812755,0.6074580099075662,0.6826816134004488
mean_gt_cat,4ea758,poster,0.3997607726942002,0.42189064171066226,1.0038484947293325,0.8485858829153298,0.7350717508679581
mean_gt_cat,5c5b71,web,0.14035096914839507,0.440078514213974,0.9993301443569793,0.27973232992679725,0.5942970868915215
mean_gt_cat,0d8830,web,0.5329438297584275,0.539721518872656,0.6654240869550896,0.9727416823490445,0.7746689893353367
mean_gt_cat,54f52f,web,0.5473122119224504,0.536469354705269,0.656823861326018,0.9155017080093327,0.7560837762679052
mean_gt_cat,fba6ed,desktop,0.49426091379761417,0.5195671070445008,0.6979020969383309,0.855888245497894,0.7517897534258654
mean_gt_cat,faab85,desktop,0.29423134796647654,0.4830371108222081,0.8867989307669117,0.5546770221315895,0.6580658868307278
mean_gt_cat,63de16,web,0.3298223908866964,0.39336523646252575,1.0423130317607467,0.6281575882673597,0.692271406004427
mean_gt_cat,f0e574,desktop,0.24407501970466652,0.564425653949034,0.6382986390896024,0.33107780403915893,0.6015278738044084
mean_gt_cat,b45744,desktop,0.36754617945844154,0.4658169683203621,0.8613245674599459,0.6651114575019856,0.7074112550651502
mean_gt_cat,16830b,desktop,0.49057638124720143,0.4451964128131926,0.9248785312161599,1.0029582622510678,0.7752899518397144
mean_gt_cat,4a2527,poster,0.2493898580726382,0.4649556989131963,0.9370154033982698,0.49666701474095976,0.6401325626800873
mean_gt_cat,44c36b,desktop,0.4412641607795268,0.5392305965896615,0.7165692282822517,0.7784977072468106,0.7182580093704907
mean_gt_cat,bb23c6,mobile,0.4844206132008174,0.6871083514076431,0.2931612787520847,0.4717773846013218,0.6466727776325875
mean_gt_cat,b8b56d,mobile,0.5007493146850353,0.6642483127707646,0.36813967748330645,0.5643228117958388,0.682666589903114
mean_gt_cat,3351c6,desktop,0.4739625768841961,0.5305819858697496,0.6858033531015225,0.7918765365529563,0.7329386029183178
mean_gt_cat,6d8534,desktop,0.1820401520060893,0.42762815917230157,1.12255746568626,0.28346646031981265,0.5648458928212603
mean_gt_cat,49fc6a,desktop,0.3789519481881851,0.509332043407879,0.7884027504352356,0.5454413981675621,0.6493203944178068
mean_gt_cat,d079f1,mobile,0.6006844427335937,0.4996002651303643,0.73288246534771,1.1984392133877706,0.8257584005713664
mean_gt_cat,66935b,mobile,0.39447659182321326,0.5808804942979353,0.5751876893895145,0.5016327293941506,0.6678535877007674
mean_gt_cat,6763e2,poster,0.5241045876182928,0.7283417740602264,0.2502263485778602,0.5514864094497212,0.6659517083178277
mean_gt_cat,a3fb58,mobile,0.5314206239034762,0.625689881899485,0.420704071592881,0.7966522038658072,0.7319336033086689
mean_gt_cat,f757ac,mobile,0.3467150187351641,0.5811388504373414,0.5394956479005503,0.5196686450657672,0.667149732194536
mean_gt_cat,5ad367,poster,0.601585268929258,0.7257478333866177,0.2470304860815204,0.6536544379028703,0.6939120597442271
mean_gt_cat,591317,mobile,0.47015432292176673,0.4964307070494007,0.7708634015732607,0.7740017437178219,0.7022637263385387
mean_gt_cat,174696,mobile,0.7389646241333987,0.752366015114278,0.20656330606405285,0.6908140681036741,0.6977293237898081
mean_gt_cat,6afc6f,mobile,0.5240907491864291,0.6564901907177483,0.44233477394335907,0.6805581560405712,0.6996846423243172
mean_gt_cat,005f83,poster,0.24343060531174074,0.48192636145028855,0.8536158991393866,0.4753736770090035,0.6414267003804981
mean_gt_cat,9f6fc9,poster,0.027523867507875006,0.5348912032052516,0.6463725375975603,0.10289503464162854,0.5355421189828581
mean_gt_cat,56d63a,web,0.4170713044188935,0.5430408266554259,0.7141483483161588,0.5580238252558446,0.6642881331683125
mean_gt_cat,f27923,poster,0.19844795654072428,0.4823914280251618,0.8622225990261599,0.36305275835596135,0.6203246243389796
mean_gt_cat,88f13f,poster,0.5454139760017281,0.6316868872220103,0.43177687426688927,0.688771101206614,0.7001342559462783
mean_gt_cat,912a36,web,0.12885153317087983,0.5027110425349295,0.9034487227209391,0.20472572925133303,0.5622804836287625
mean_gt_cat,66058d,web,0.6418328190395806,0.5645500155078049,0.6138296933886305,1.0891014882628105,0.804359171389712
mean_gt_cat,cfca97,web,0.2596956917579809,0.5550083688545293,0.7239406696301712,0.427413721686714,0.626236868413108
mean_gt_cat,32c969,web,0.5956823547542099,0.48553184019866236,0.7953058174359464,1.1941576085332282,0.8306681292128586
mean_gt_cat,9aa968,web,0.3998572278984519,0.61386478224652,0.4988172815159936,0.5497764962991734,0.6689543114213418
mean_gt_cat,ddbec1,desktop,0.6693042331265311,0.5082755074010931,0.7350228456107765,1.2428399772705183,0.8255517910500608
mean_gt_cat,2481a3,web,0.3227926552275088,0.582656580648739,0.5826589405638791,0.41044366105042646,0.6263292168321638
mean_gt_cat,73bdee,web,0.6947569038063455,0.6273238129277106,0.44892469859914813,1.0865298607481055,0.806953418998475
mean_gt_cat,2c9c76,desktop,0.046678868604102156,0.2959608875274673,1.6733290170136543,0.1603436293023582,0.5798929035623562
mean_gt_cat,d8d2df,web,0.14277090843179668,0.5014453779792971,0.7533886577493272,0.23961176577862864,0.58541955548477
mean_gt_cat,985d8c,desktop,0.15861417598614697,0.40549669157724,1.1518768187536659,0.35363105473656414,0.6025341980373276
mean_gt_cat,d07437,desktop,0.48650486868275944,0.37138302380786525,1.187774397038852,1.2814819896145848,0.8346938926594738
mean_gt_cat,3e3ebf,desktop,0.23038487434100602,0.4128755635749036,1.086912512513376,0.46605676150324843,0.6625300296031973
mean_gt_cat,26fb2d,desktop,0.26234482473256004,0.175876562108971,2.1000426466053956,0.9984436889724327,0.7703240751096241
mean_gt_cat,af5f27,desktop,0.16937449406954022,0.36196815475119476,1.2927306967834347,0.44193678089573774,0.6355814862413214
mean_gt_cat,e129e6,mobile,0.5432339296381186,0.4098370441585785,0.9785261647637511,1.027604390418068,0.7745684366219547
mean_gt_cat,d66c89,desktop,0.32104489359896393,0.4087747684034728,1.088922605539838,0.68564399882119,0.694286507589434
mean_gt_cat,a0992a,desktop,0.30319945925104835,0.3531388964112974,1.2651297146258054,0.7725045055075551,0.7249437143443896
mean_gt_cat,dcf870,mobile,0.5839293433926583,0.5556846041135495,0.621974538201153,0.9867715241964706,0.7584171783362732
mean_gt_cat,f1d7fa,mobile,0.564164205002061,0.48059930303270154,0.7821576887392742,1.074119269918057,0.7987624346093154
mean_gt_cat,ea104d,poster,-0.0442997586029086,0.3709464211781125,1.1801910722833866,-0.007835340330298049,0.5029294414453445
mean_gt_cat,c40db1,poster,0.1436756703681214,0.35079902388811224,1.2592123934650585,0.37166967765740755,0.6242565447375025
mean_gt_cat,4cd989,mobile,0.6150429237228343,0.6070377295830426,0.51470427722641,0.840781955166981,0.7406435045865138
mean_gt_cat,1dd09f,mobile,0.6057051756357466,0.49013922290965284,0.7413938707369063,1.2000690510050287,0.8235933541669868
mean_gt_cat,13a393,mobile,0.2174015114106655,0.464236416895907,0.9227512549575069,0.3883562010985776,0.6277989986365692
mean_gt_cat,972486,poster,0.437436042770548,0.4267574831856909,0.970840178084159,0.7670105456235604,0.7117136450135481
mean_gt_cat,9e3970,poster,0.48884890637459455,0.6731671781129129,0.3617058367589307,0.5520041211522384,0.65889589298607
mean_gt_cat,a05670,mobile,0.5602570633139332,0.4045317835883707,1.0592457013592402,1.375885285439405,0.8545212996169493
mean_gt_cat,212589,poster,0.37432283615052664,0.5795444838710463,0.5828205395682711,0.5697357528348915,0.6747115179859731
mean_gt_cat,7b6c15,mobile,0.43582105672474264,0.43096819571036205,1.002509253718138,1.0071481549797139,0.7733160571230775
mean_gt_cat,868823,poster,0.29111522609511215,0.4963809643179176,0.8277937735434384,0.5072139489409055,0.6422530706138522
mean_gt_cat,540107,poster,0.0875604763212849,0.3902101440542917,1.2387576649128573,0.18130942616691403,0.5598385407809691
mean_gt_cat,2f57d8,mobile,0.3013967427676765,0.45632711369949386,1.0343766137567574,0.685159846879595,0.6896905332569767
mean_gt_cat,debbb2,web,0.3294767284883874,0.37103179560794036,1.349076085935628,0.7605505739003879,0.7052059223936612
mean_gt_cat,33214a,web,0.4165602478813294,0.3418755842561837,1.329404048740709,1.0974418998570077,0.7958700447315824
mean_gt_cat,7ec75a,poster,0.31178236964869127,0.4129457549042662,1.113568746123057,0.7846310187333623,0.723569596568051
mean_gt_cat,5be5fa,web,0.2529662973212313,0.30267090734707647,1.5783193581752328,0.7725982901819046,0.727639697645377
mean_gt_cat,a7a074,web,0.27918727192521897,0.3680711542259876,1.2598106070082307,0.4735900892899983,0.6252852050065805
mean_gt_cat,483fb9,web,0.4157222062199003,0.40052491489245556,1.1750689275445287,0.9408898334884127,0.7526816884552215
mean_gt_cat,e249a7,web,0.39781805514212243,0.39231350272226906,1.0975710139478791,0.8901475829801043,0.7509824497640952
mean_gt_cat,b5f7cc,poster,0.22123842514166675,0.300835617265222,1.498393228425796,0.6590325562192575,0.7011184946108158
mean_gt_cat,2f5041,web,0.36310077953418807,0.33833066991389515,1.3101648653046174,0.9127598154147136,0.7582884604703398
mean_gt_cat,9f7fe4,poster,0.30869422832897386,0.25854879211831316,1.665472587795907,1.0349771888210324,0.7935733099614246
mean_gt_cat,f93751,poster,0.26607933151759056,0.3433427651454567,1.3330027546502394,0.6657348373168872,0.6981542917622966
mean_gt_cat,f7435d,desktop,0.5169711142233462,0.4204432372602009,1.0036074020027692,1.1897151424955923,0.7914559944353837
mean_gt_cat,2b837f,web,0.2521480511103176,0.457664372410713,1.0166056181720529,0.5404817831334817,0.6546552554537829
mean_gt_cat,6ba20c,desktop,0.2299774265372445,0.49988699733020364,0.7829123486173628,0.3808388097633661,0.6156583769928531
mean_gt_cat,38c9d5,desktop,0.36511704439307935,0.397241660348316,1.1159617908404689,0.8598540231287981,0.7362290622922365
mean_gt_cat,10298c,desktop,0.5134929851187846,0.5505909446475361,0.616783509207201,0.7447417379595119,0.708590933729785
mean_gt_cat,dc06e3,desktop,0.5012550665550899,0.41490328633394674,0.955601277316019,1.057387010382849,0.8045267002321381
mean_gt_cat,4af601,desktop,0.3327205672156819,0.40046999110011483,1.1310842092014513,0.7340460449146237,0.7123651069675667
mean_gt_cat,8898cb,desktop,0.1507829705039571,0.3810083662308742,1.3933583836498526,0.457036954920973,0.6463329067370561
mean_gt_cat,d5caa3,mobile,0.5824067706100191,0.5379504078049966,0.6162035228176372,0.9545114904791167,0.7646332604726784
mean_gt_cat,36ca43,desktop,0.3508479643986886,0.38467710548176554,1.1564556933054968,0.8055142720814661,0.74644545722608
mean_gt_cat,016f77,mobile,0.31807128619734315,0.5425426555279538,0.6572144941537825,0.4784443391734873,0.6616700694635648
mean_gt_cat,e2f93a,web,0.48827466414092946,0.45059959231912705,0.9027389350491619,1.0142118711693195,0.7853616290216352
mean_gt_cat,b47f5a,desktop,0.41896523849393114,0.5810564036772127,0.5913118040739506,0.5057906130714486,0.643560409774323
mean_gt_cat,28422f,mobile,0.5208771089719801,0.5697015203653113,0.5761112679670708,0.7659075781061297,0.7216007633531701
mean_gt_cat,42c444,mobile,0.32488873890268843,0.4887045503540809,0.7993848845842848,0.5058011869179888,0.663486571973112
mean_gt_cat,9ab8bc,poster,0.31202709686251107,0.5922735994057176,0.5113295144922285,0.40734620765220103,0.6238183440948297
mean_gt_cat,4cc35a,poster,0.15384963614124825,0.47917009826751966,0.9156116404529511,0.30612579916360994,0.6025808687464215
mean_gt_cat,a965f4,poster,0.5722797198477378,0.7549063017747581,0.22392635709276798,0.452016787260904,0.634324726957846
mean_gt_cat,bb56be,poster,0.3762691023718351,0.463025115259322,0.8904252978075656,0.7425991381244769,0.7180085002610882
mean_gt_cat,128abc,mobile,-0.07860604217335156,0.4629077840313538,1.1348616627756085,0.019695209565617353,0.5205147362468003
mean_gt_cat,b5d9a8,mobile,0.5565359707684719,0.5302913785791309,0.6289065240790912,0.9303572730180206,0.7579018317216272
mean_gt_cat,d13f3e,mobile,0.3944377905274458,0.6286004937419286,0.4744215502086559,0.5528192150875808,0.6707828214806776
mean_gt_cat,6a889e,poster,0.25846308371910376,0.5070731230593537,0.8245496899524601,0.47022536303097273,0.645200791494676
mean_gt_cat,479245,mobile,0.6738291900228683,0.6809052570907757,0.34163185991860545,0.8412067116207738,0.736815948501529
mean_gt_cat,172c5d,poster,0.22485636129666953,0.4779828188114479,0.8376478081257597,0.49500411287858537,0.6518844911925028
mean_gt_cat,9bf988,mobile,0.22369961853269063,0.5061318700755629,0.7921570335428423,0.414393634008905,0.6322395191154945
mean_gt_cat,35ba73,web,0.5738154866493823,0.6032940085923207,0.4842359181298017,0.8344322803572052,0.7479275837599503
mean_gt_cat,dcc0de,web,0.38607376313394376,0.5188215952198348,0.7281411663229755,0.5779043179952992,0.6804628594376098
mean_gt_cat,4bcfc3,poster,0.3797449532462378,0.5708024531645022,0.6595145786592012,0.5819612725558762,0.669768177868601
mean_gt_cat,2fd907,poster,0.6550965836950482,0.5482690099259612,0.6220881019301381,1.0925373028842347,0.7999229020372967
mean_gt_cat,2103ee,web,0.26096567153361716,0.5460096430592498,0.7330661509178861,0.29560518531069074,0.5841396164276867
mean_gt_cat,60ab80,web,0.5332302206466285,0.5120862911264157,0.7084264106098478,0.9402601783414538,0.7664736315669994
mean_gt_cat,ce6863,poster,0.3717079115797783,0.49679754998405157,0.8446816797690619,0.7302856841069789,0.7104518717539146
mean_gt_cat,1d26b4,web,0.42538207230418623,0.46696510017848936,0.8554047278035313,0.7880293484771487,0.7178403085084887
mean_gt_cat,b87aea,web,0.6447737682759349,0.4973126815861056,0.7599293604950983,1.2797234509778306,0.8481362199731812
mean_gt_cat,47033b,web,0.36289345633082015,0.48578648534134516,0.8554031059997064,0.6051896036580307,0.6682436833135268
mean_gt_cat,b7c621,poster,0.5645272775202532,0.5937208490964627,0.5304504238181559,0.8980189442874784,0.7446190042888944
mean_gt_cat,cc9bc8,desktop,0.4112731738449899,0.5181356296883908,0.6780363533962952,0.7105500924496684,0.7031496952924355
mean_gt_cat,2019ad,web,0.4629993879321674,0.5843845339418932,0.585569518062299,0.658178963652543,0.6906181690674034
mean_gt_cat,bf2da8,desktop,0.16946401820972118,0.4562066878882175,0.9833992854027607,0.3153811744622254,0.618567821049475
mean_gt_cat,c905dc,desktop,0.5103954496916825,0.5275767819421052,0.796078831318421,0.9900746782446942,0.7601129823264403
mean_gt_cat,337990,web,0.37322057678179615,0.48329795467727654,0.849104208435866,0.7376363431588484,0.7106316528177052
mean_gt_cat,09bb5b,desktop,0.42779733820127036,0.5741333280376546,0.5788233114044798,0.5691089694983855,0.6736525326357249
mean_gt_cat,221587,desktop,0.5298617305117643,0.5878786950785605,0.5436478539345043,0.7216829314602786,0.6973356871305775
mean_gt_cat,511f7b,desktop,0.4370779085312001,0.5300445590218015,0.6808707623562672,0.65690710244615,0.7092365113974204
mean_gt_cat,86500d,desktop,0.5699390909785091,0.5716008818766367,0.5853507581823275,0.9330535979834819,0.7635256549177594
mean_gt_cat,99004f,desktop,0.4769587551069411,0.5271005004534767,0.6991795781197743,0.8134075845332146,0.7226768218029354
mean_gt_cat,fdba74,desktop,0.4814584256435169,0.3944140999301784,1.1189062862957173,1.0891153782719818,0.7752457368117388
mean_gt_cat,2d811c,mobile,0.5412841362568361,0.6063375482113189,0.4926631431096481,0.7526580604848608,0.7175049736382509
mean_gt_cat,0bdd56,mobile,0.7325918014968195,0.6865209674386648,0.3397158162740116,0.9433826692277153,0.7652330571789865
mean_gt_cat,992c50,mobile,0.45766561300879804,0.5633700454379851,0.6248028067152563,0.6518271276472665,0.6757967418690237
mean_gt_cat,469579,mobile,0.616646231157383,0.5866048580253937,0.508837985641867,0.9468021406593171,0.7668065578178944
mean_gt_cat,215727,mobile,0.23355649194234135,0.5255644344150199,0.6812989795795565,0.33469212616675964,0.6050014466561624
mean_gt_cat,46bc27,mobile,0.5380315925108985,0.5328342195014768,0.7114641639279162,0.9541072414262689,0.7643969620859729
mean_gt_cat,8ee0c9,poster,0.26821219833454957,0.48650350944969495,0.8363922019292386,0.4625113611585283,0.6431492035893551
mean_gt_cat,641719,poster,0.30849025937021946,0.5842401834184036,0.5554782708446346,0.4118106253292668,0.6252233556762529
mean_gt_cat,7dea7a,mobile,0.1371926425990741,0.45406714866892156,0.8903200285258703,0.31762011140476765,0.6127910470075214
mean_gt_cat,4a97e1,poster,0.3798489128362098,0.5229887596320463,0.6853133741660415,0.587240494638342,0.6717694809030554
mean_gt_cat,4f3f84,mobile,0.4593636512998329,0.4999261936609078,0.7669543876946044,0.8259980616572203,0.737517411552304
mean_gt_cat,7dd59a,poster,0.2624049149455545,0.583242728168186,0.5839469805727983,0.3669196672928577,0.5979352559904665
mean_gt_cat,7a9967,mobile,0.4769404087245058,0.5320193212069833,0.6655883559809744,0.6802990158933584,0.6857192372551351
mean_gt_cat,4376ed,web,0.41537151561547103,0.5964586529212684,0.5149492265647538,0.520964998544333,0.6607337034827017
mean_gt_cat,af4220,web,0.44186133185972865,0.5738203924231436,0.5760003808126273,0.6098732720217171,0.6770736600369537
mean_gt_cat,909a4f,web,0.6186701221841628,0.5901690453951975,0.5844029955498237,0.9742937964682405,0.7732488337949841
mean_gt_cat,1055b2,poster,0.40831569272032076,0.5487008666332258,0.6297352761515309,0.533336210829275,0.6555859263926613
mean_gt_cat,7e01b8,poster,0.3012324418969118,0.4973832276708261,0.7564930187249774,0.505549542403739,0.6408903446878181
mean_gt_cat,014b22,web,0.6070635343367943,0.6212598870996855,0.4201605431596558,0.8107251560205739,0.737078466726968
mean_gt_cat,bb34f1,poster,0.4836595956517832,0.49210185656128036,0.8249692646713938,1.0002410960181145,0.7797654105016705
mean_gt_cat,c4b437,web,0.3867929146426834,0.5679442969759674,0.6012294766456647,0.5650357191608404,0.6757124638134113
mean_gt_cat,4fa3d2,web,0.10298655853877847,0.455155917006674,0.985670620565362,0.2143587201715611,0.5766628641477072
mean_gt_cat,ae548c,poster,0.5025992162905029,0.5355724326521172,0.6542162719179604,0.8009751585768197,0.7292905002240903
mean_gt_cat,8675c8,desktop,0.44470484863657267,0.5369730265732723,0.6879986285350213,0.7292287555207791,0.7049027135253232
mean_gt_cat,fb0956,web,0.4927619502954207,0.5448288116247094,0.639838579440667,0.8221498782603543,0.7343808190021056
mean_gt_cat,c01022,web,0.4211872247782529,0.4837624279292859,0.8232673388771831,0.7201487337040581,0.7067226953724963
mean_gt_cat,721348,desktop,0.3255574696168758,0.37172854134412975,1.2450222456499547,0.8143719266981472,0.734372272528454
mean_gt_cat,4d78ff,desktop,0.360347545879679,0.3961519581874595,1.0898904414848978,0.7478839201979703,0.7092522179103962
mean_gt_cat,79e0cc,desktop,0.4305059429439439,0.3485404835049895,1.3260077302065492,1.217132263346746,0.8090255891726901
mean_gt_cat,a78deb,web,0.2924295184190986,0.41249835052770695,1.1621495712315624,0.7504822084644516,0.7060832170896443
mean_gt_cat,73ada1,desktop,0.4107706808444764,0.4248212812570634,1.037353304190277,0.8848934755673936,0.7343464214630528
mean_gt_cat,e5174e,mobile,0.32642916552875995,0.489381243616302,0.7836890074552256,0.5663663896232249,0.6688239968401195
mean_gt_cat,217749,desktop,0.4863951894017678,0.40072926857387325,1.1007862170478722,1.1365107177103715,0.8034030712586168
mean_gt_cat,72b54f,desktop,0.5514376533277406,0.42442121231381347,0.9927605025840774,1.220006104893829,0.8151998381511569
mean_gt_cat,075286,desktop,0.32743870917147244,0.4270195582892635,1.026652558247484,0.6600518802359983,0.6817624924198461
mean_gt_cat,8dfdc1,desktop,0.39525494189606436,0.4019212900390169,1.1069234184878909,0.9009477560972594,0.7526941899416617
mean_gt_cat,c75e3e,mobile,0.5813133617018535,0.6562221524291912,0.37177996777046285,0.7051713810639928,0.6980320637916984
mean_gt_cat,d0c24c,poster,0.19613895606809506,0.4879782100727531,0.8650611004976857,0.3489662291055914,0.609144105730103
mean_gt_cat,1eb64a,mobile,0.27991578534360134,0.43196427198545406,0.8884025284941037,0.47808126984078336,0.6512241733025609
mean_gt_cat,7f957a,mobile,0.590976600685549,0.5196605824048675,0.6746294730620641,1.0439259356887705,0.7816764332182526
mean_gt_cat,2fe3ac,mobile,-0.3185545137470698,0.3583402722161738,1.5101861776992656,-0.33087231322776034,0.4019578021824348
mean_gt_cat,51db8e,poster,0.43486076875651275,0.5474137778237912,0.6365232290213376,0.7042054839873985,0.7011572990014724
mean_gt_cat,55aa06,mobile,0.38611458324855363,0.5333080613693608,0.7130006569346732,0.5415146700581255,0.6586971137496407
mean_gt_cat,29d7dd,poster,0.5690168551681203,0.6831107039160409,0.3246504592564039,0.6818382532756891,0.7020710209767991
mean_gt_cat,ebd305,poster,0.32731485968715934,0.4902144129558004,0.8169667300530834,0.552474637080613,0.6707652292281698
mean_gt_cat,0fa6b9,poster,0.46359675017590235,0.5430848840200202,0.6337557015475271,0.6468228930719958,0.6830777068079348
mean_gt_cat,868efa,poster,0.35467881056442324,0.5077935449030219,0.7449533836844139,0.6061485006809056,0.6799259227849767
mean_gt_cat,039978,mobile,0.437745280577559,0.6147068796598618,0.4809304170673287,0.4792437694913621,0.6258659045348083
mean_gt_cat,abb05d,mobile,0.32025239795740856,0.44830884894243966,0.9030433806818063,0.5654787360000464,0.666195466690547
mean_gt_cat,f6bc62,poster,0.3032245484265444,0.4964971402962094,0.829792208132037,0.48790431879693186,0.6386301531861176
mean_gt_cat,fe8c5d,mobile,0.7270948294246582,0.6846208765034902,0.32977870762537587,0.9862698040359577,0.7744280712103225
mean_gt_cat,55b7b4,poster,0.5387827247630548,0.6565553837209204,0.3953910478983708,0.5713293619064239,0.6700222277956418
mean_gt_cat,46ced7,web,0.3862117393062119,0.5479878241978595,0.6584847674384802,0.6093422746017702,0.6773639884009948
mean_gt_cat,446969,web,0.526288222499674,0.6485017657398493,0.3963076945052694,0.6096628556496924,0.6820830627498726
mean_gt_cat,9b7610,web,0.4325736444833027,0.535260112480074,0.6496413199542683,0.6214331309512334,0.6816746473778197
mean_gt_cat,134669,web,0.16240141146686346,0.4407672340160091,1.0020367056037143,0.3347790851574114,0.6105766544035173
mean_gt_cat,98df26,web,0.06071685301544185,0.4634618369664418,0.9089462735070095,0.11666350705481805,0.5376547224881786
mean_gt_cat,406fb2,web,0.38975902244761085,0.3318080815287671,1.3090701350909573,1.041511624043081,0.7990814595089246
mean_gt_cat,ede16b,web,0.1364404314697123,0.4606173743695073,1.1789048919042329,0.26274031355102623,0.570830079491867
mean_gt_cat,edbf2d,web,0.31695404105761293,0.5053795520216265,0.8736970565196438,0.5734967598684714,0.6639510008234808
mean_gt_cat,7c98c6,web,0.30099390938702464,0.4421798307184158,0.9565581544049448,0.5842614787966761,0.6816769878927552
mean_gt_cat,cb4227,desktop,0.5952438626493862,0.6813038550478367,0.3367704444566113,0.7644687890872011,0.7175724872219289
mean_gt_cat,16a13e,desktop,0.3928161040316588,0.3517406010881345,1.3108003415212965,1.0261300940066935,0.7740337553256796
mean_gt_cat,5a6a69,desktop,0.3914734957745255,0.49089869931631114,0.8859757707780508,0.661131583063044,0.6782078887413041
mean_gt_cat,87f3a0,desktop,0.13132087068797615,0.41797513812220066,1.0950783091042244,0.21086448601076443,0.5592421693895913
mean_gt_cat,9251bb,desktop,0.39673709582057,0.4640311509129512,0.9011316308259796,0.6612155716475884,0.6856452722135638
mean_gt_cat,5f4902,poster,0.5360456615536217,0.4664097114688642,0.8380563954753775,0.98510879174889,0.7766461270904201
mean_gt_cat,762fc4,desktop,0.46408634942131655,0.4591178796368332,0.9069087100523927,0.9482131943707797,0.761219457657096
mean_gt_cat,94460d,desktop,0.48339922663286083,0.5403644616931701,0.6746975977676879,0.6849137600838379,0.6985743642375282
mean_gt_cat,ddce6f,desktop,0.02334360340519024,0.3775729445991917,1.3437509980485203,0.16842058967880266,0.5523613531023815
mean_gt_cat,f7ba1d,desktop,0.28258765982526257,0.3058813644759369,1.565338243910082,0.8676896817426442,0.7272646912222123
mean_gt_cat,9d1757,mobile,0.5302545911227645,0.5308252057478213,0.6581131888627767,0.911175237039583,0.7422784596234872
mean_gt_cat,8e4e71,mobile,0.5941762553774458,0.6313425479380798,0.4783740400855715,0.7263721022511549,0.7056095911421493
mean_gt_cat,80e896,poster,0.6450659487112818,0.581766194886036,0.542084785625729,0.9397848072688916,0.7677299188465342
mean_gt_cat,3c674f,mobile,0.2719430947711607,0.4962275843331886,0.824383331304662,0.5056140088725817,0.6538682563924685
mean_gt_cat,4ae90b,mobile,0.4786731736437296,0.6446132723506222,0.4638041165094432,0.6948569014578488,0.6993546691985879
mean_gt_cat,7542d4,poster,0.3837527590499966,0.37429937514520556,1.1785526969338502,0.8517561034063651,0.7343496073369561
mean_gt_cat,6d294c,mobile,0.31684173751427036,0.427893651126786,1.0223572810064754,0.5601815293930249,0.6676746031309992
mean_gt_cat,345b44,mobile,0.479895863871883,0.40358419478305246,1.111698195381248,1.128650991813711,0.8105111458623454
mean_gt_cat,69a953,mobile,0.5953351244168984,0.559813624232063,0.5710640729069756,1.0233619966360952,0.7825086869236602
mean_gt_cat,3bc098,poster,0.33038968757588144,0.4903915361449192,0.8327224533173958,0.515538952765131,0.6427767326845901
mean_gt_cat,a637f9,poster,0.10058692576435349,0.3541782346150945,1.471551169373006,0.28053462817284935,0.5897746427461562
mean_gt_cat,3962ab,mobile,0.5851858997990887,0.605118686915473,0.4807859352396444,0.9055779904692273,0.7514921969564015
mean_gt_cat,9e5962,mobile,0.14757142250627553,0.413885910013623,1.1202699438788013,0.3728588799185021,0.6254183875843276
mean_gt_cat,feec80,web,0.5148040727056391,0.578818452164287,0.5529956196888293,0.8050403580342672,0.7303888693283751
mean_gt_cat,ceb6b3,web,0.4114741971238481,0.49861885550289275,0.801649767057531,0.7165389574192927,0.7105579954903415
mean_gt_cat,426a6a,web,0.44049327001398186,0.4957606096837022,0.827117948506837,0.8583396209976657,0.7466994671110821
mean_gt_cat,3364c6,web,0.37883701319403673,0.5210134406193208,0.7949085763667195,0.7788884977001707,0.7205128591863916
mean_gt_cat,24ff3e,poster,0.252614970750925,0.3190945879566736,1.4214914440268713,0.6693385214922591,0.7031891136190662
mean_gt_cat,f84800,poster,0.43477863628285957,0.6018422480214076,0.4891219181093334,0.6212733976471883,0.6907738992583994
mean_gt_cat,259405,web,0.10646019213430497,0.4262237171020843,1.1325037157186575,0.2047478391529742,0.5647533618413736
mean_gt_cat,c53c23,web,0.15849227143015648,0.477262575067576,0.9273852714592674,0.29308370673986817,0.5908001473605538
mean_gt_cat,6c5780,poster,0.30345462637096965,0.4406073266851984,1.0102050987280702,0.6512133473181242,0.6824801986307579
mean_gt_cat,08b92b,poster,0.5214604402004173,0.5389018438540464,0.7178081032072463,0.8602152487698846,0.7351586405581572
mean_gt_cat,7c2883,web,-0.022816799139570236,0.3863212618656917,1.4280845966000806,-0.010740353210495168,0.4896190783692729
mean_gt_cat,237216,desktop,0.5418678094401508,0.5242991643536641,0.7121591857067409,0.909724339038818,0.7458227927570464
mean_gt_cat,bcc33b,poster,0.3529753288329784,0.45686377019428526,0.9802222505226251,0.6662259882075584,0.6898527737556843
mean_gt_cat,dc6989,desktop,0.31018852740953395,0.4815049540426962,0.8903938730953768,0.5575639662411985,0.6511652783237699
mean_gt_cat,fa1827,desktop,0.2484259139563052,0.4600253803838787,0.925152549429876,0.4095662154830399,0.6164147069335164
mean_gt_cat,be2ed1,web,0.4660982588300521,0.499351728188341,0.7684310590211618,0.8705790961234594,0.7451913119597278
mean_gt_cat,49e0ba,desktop,0.2752167970598617,0.4121382063436859,1.0283170830264172,0.5617327142528526,0.6774262107675294
mean_gt_cat,eb34f4,desktop,0.28489018411570094,0.37472152364318806,1.2175047402814683,0.6738465943750781,0.6791756396854615
mean_gt_cat,eb334e,desktop,0.24926902658028888,0.289907712525573,1.5695860719371995,0.7792771820597172,0.7196143003676116
mean_gt_cat,d6702e,desktop,0.40782298763009683,0.4021799876711527,1.0434567770268521,0.9198776942041721,0.7417471190392814
mean_gt_cat,fdafcb,desktop,0.43896168707214855,0.4626804171143932,0.9128178181113329,0.9152265377763629,0.7534704643492113
mean_gt_cat,4b2bd1,desktop,0.5173851120867937,0.5685827204435565,0.6097499100562758,0.7402399781562038,0.7126259680390274
mean_gt_cat,f39252,web,0.31096651451620494,0.4648859299928658,0.9266999612621982,0.54918418121813,0.6686715404062782
mean_gt_cat,9e02bf,poster,0.4479263172856165,0.615211881087123,0.4654009573779126,0.5230294564091187,0.6447567218196727
mean_gt_cat,cd2ed2,mobile,0.46474062229233887,0.5727654571837687,0.5575730934120235,0.6971753349919863,0.7057499940692478
mean_gt_cat,ad24c7,mobile,0.43988149029363616,0.6359505228852672,0.4597477382248374,0.5768399719879911,0.6704508670245056
mean_gt_cat,c25357,poster,0.41354291607518334,0.5529198993089297,0.6458286406125742,0.570561322657545,0.6759674689490374
mean_gt_cat,c9ab98,mobile,0.6101341657139716,0.6343883116368293,0.44476157276664663,0.8143192997892635,0.7271203650727706
mean_gt_cat,4a3f51,mobile,0.1637875717148692,0.45390383610799584,0.927450696204183,0.3443712079824163,0.6124470585149477
mean_gt_cat,8118a1,mobile,0.5238012990355404,0.6670069968299229,0.39041909845706074,0.6244283262596385,0.6765825982809981
mean_gt_cat,dd47fa,mobile,0.19203512565686642,0.508452621154645,0.8243250097908619,0.2242142297781907,0.5572448874958782
mean_gt_cat,0ef09e,mobile,0.6789326122272334,0.673689921069708,0.3727544860232803,0.8478103530409753,0.7458669518400403
mean_gt_cat,6915dc,mobile,0.5861747996829099,0.569107488737871,0.5472177962277452,0.9741365804697468,0.7557788655620461
mean_gt_cat,00f742,poster,0.014883654263849456,0.4768854403564985,0.9439286831103201,0.10637471262892195,0.5423651063479962
mean_gt_cat,af4f68,poster,0.1322302530572697,0.5179762550888585,0.7664564105236532,0.23505580481060717,0.5799158290674482
mean_gt_cat,2428cc,poster,0.3333424957646542,0.5552351372470198,0.6667533444913268,0.5269039100495321,0.6487606931815717
mean_gt_cat,251672,web,0.4608336914314543,0.5266281323996446,0.7290042836797136,0.7206788715603856,0.7050783349137602
mean_gt_cat,85b582,poster,0.6960281885969959,0.7577164844644798,0.1950864892711684,0.6894795728745637,0.6992955734288554
mean_gt_cat,c053d2,mobile,0.5197532116179115,0.6446106599075072,0.4113587084921365,0.6321565306125801,0.6773651740715233
mean_gt_cat,6f9e1b,web,0.48892327384201784,0.43251361733934024,0.976409637498322,1.123823560265299,0.8075847554144532
mean_gt_cat,a4d155,web,0.46968069960648884,0.4783078623821217,0.8103006347565106,0.864435017086714,0.7434336822938474
mean_gt_cat,045d43,poster,0.22552875629162156,0.4352771304106157,0.9804984887851868,0.45740717053049945,0.6382212248951749
mean_gt_cat,21c674,web,0.22556773219550796,0.49898720700582083,0.8621914086789538,0.41610170084884335,0.6300550435761917
mean_gt_cat,f9b020,poster,0.7110082834989484,0.623232481075687,0.45713268311904054,0.9859303405670635,0.7709386725985891
mean_gt_cat,20bf03,web,0.4108092757572522,0.48160952884035685,0.8197199470649672,0.8162180862916504,0.7370945292553666
mean_gt_cat,fefe30,web,0.6202698243774718,0.5920423930179406,0.5357411077789017,1.0394656356655207,0.7904058811018241
mean_gt_cat,173a17,poster,0.23178929803993623,0.413300108787395,1.0573611656568782,0.5101267042320742,0.641232192725901
mean_gt_cat,7d53b3,desktop,0.597285923300491,0.4861239603338055,0.7812902866819662,1.0491986863844653,0.7890735883046676
mean_gt_cat,d01e8a,web,0.4334720975967795,0.4769997430333816,0.8420358760287284,0.7837677920271965,0.7168518706698069
mean_gt_cat,9eb11f,web,0.6419210229296015,0.606274421283129,0.5008180364786211,0.9145935617437159,0.7529693886824569
mean_gt_cat,32cce0,web,0.21967570562554842,0.43998292935593386,1.1461064055973895,0.6387718510529301,0.6967696665574582
mean_gt_cat,5305a4,desktop,0.2901645410510582,0.33545705508078294,1.3120170313575672,0.7014601551205036,0.7181341124728415
mean_gt_cat,ea39db,desktop,0.03522613985066359,0.4249273570367466,1.0794484483322886,0.1173436561187234,0.5569145213493143
mean_gt_cat,f1f741,desktop,0.4122307149501158,0.4041651536066806,1.0764526448565945,0.9281909802798736,0.7276579675559638
mean_gt_cat,0c51af,desktop,0.3681203859829315,0.5083441668748252,0.7794900392156809,0.6465585823071728,0.6976325860367917
mean_gt_cat,91ce42,desktop,0.2701102899886644,0.4387714083272451,0.9970015128400271,0.48918840259565377,0.6365387143747707
mean_gt_cat,786754,desktop,0.43131948561398126,0.3589475513112591,1.2219155325813316,0.9743793744157313,0.7572856051989074
mean_gt_cat,b37071,desktop,0.08296232210222382,0.405258526079754,1.3020363631062764,0.20388807718319676,0.5680274390727584
mean_gt_cat,a4ac9c,mobile,0.669259369226478,0.5871334931270427,0.5517887441670006,1.1759584740967337,0.8201859830359756
mean_gt_cat,ffde86,mobile,0.23885413421404889,0.5422626813478159,0.7321730944886548,0.4021211701618445,0.612292460164645
mean_gt_cat,83b886,desktop,0.28275990538869533,0.42475984187905214,1.03505676324213,0.6050396081391163,0.688678454548612
mean_gt_cat,c3cd6a,poster,0.430591893074486,0.46113140624704496,0.8625540588309011,0.7588048529786121,0.7172653982251932
mean_gt_cat,5e22c9,poster,0.2565811215829295,0.4080009654144372,1.1211228156395048,0.5571133626606444,0.6601368495447487
mean_gt_cat,9951b0,mobile,0.5452302269427446,0.5509613034559504,0.6261794210664887,0.7618037715085262,0.7189512549859584
mean_gt_cat,2e122d,mobile,0.5412051930290103,0.447334213596582,0.8731810395685943,0.994769517793908,0.754407750067097
mean_gt_cat,249820,mobile,0.39469605155823395,0.6215437568946418,0.5606884511646485,0.5817699574510348,0.666751624284325
mean_gt_cat,af423a,mobile,0.4288845919093717,0.48953967503575313,0.8092253947993636,0.7375266668801813,0.7033525474130027
mean_gt_cat,0cf59b,poster,0.5109534595479073,0.4679636493306655,0.8608139506036815,0.9957663232719024,0.7881549966012601
mean_gt_cat,b32bc3,poster,0.4329235139528996,0.5088965283147195,0.7725605767774855,0.6876952611487369,0.6979805022640216
mean_gt_cat,5b51c9,mobile,0.48834364938334285,0.4226391242041725,0.9905165448813178,1.1165498041129769,0.7788230874853426
mean_gt_cat,1c375b,mobile,0.32659586278416297,0.5598864263247388,0.6411314741887566,0.46506000929305197,0.6353018491824379
mean_gt_cat,3a564f,mobile,0.5597595316421523,0.3790361645989178,1.085543259776788,1.3516226148648247,0.8364795764471116
mean_gt_cat,ed292f,web,0.33369300280666125,0.5257619072593775,0.7061381074585222,0.6174968945330391,0.682091474501936
mean_gt_cat,78ddbd,web,0.55408835770576,0.5413502446295428,0.6707161545190353,0.9185717170830862,0.7568054667181396
mean_gt_cat,4863ea,web,0.4189425932658904,0.5158886890905843,0.7645359429627576,0.7691876660059577,0.7236922382512821
mean_gt_cat,60caa9,web,0.24067005438298328,0.4387445870496761,1.0190971492066334,0.4545424410093524,0.6382377502838559
mean_gt_cat,08aaa5,poster,0.36089506633897783,0.38807457257700717,1.1464606726009574,0.7689986365732504,0.7057982913591108
mean_gt_cat,8e467d,poster,0.35251097236866097,0.5550644876033535,0.6998417338563996,0.5746526165419231,0.6588978362752378
mean_gt_cat,7e2533,poster,0.22113474227060984,0.42363534272086245,1.058510284310494,0.46448845175548625,0.6356246556372723
mean_gt_cat,5a6efa,web,0.5440885989028332,0.5342080250333615,0.66521228072712,0.8922951714039344,0.7539204500063075
mean_gt_cat,164cf7,web,0.35755873488888595,0.47734621155963186,0.9038905519997492,0.8151730500808456,0.7328406481118638
mean_gt_cat,e84796,poster,0.4033290728019221,0.3980274791361802,1.092595694885323,0.922359698133451,0.7580179253367909
mean_gt_cat,efddbf,web,0.3942852990127893,0.3860281206169217,1.1690595660056768,0.8205248115017756,0.7196658519895146
mean_gt_cat,5a97ec,web,0.23168102642549251,0.4472164614270314,1.0287868861613172,0.51491086842122,0.6439160644630818
mean_gt_cat,b0c3be,web,0.22704974470038597,0.4170518178470317,1.1705202846110578,0.5046147221997009,0.6502526561079928
mean_gt_cat,bbd445,desktop,0.4607261258863165,0.5773810520748722,0.6430727845047994,0.6934129097219899,0.6844089781422273
mean_gt_cat,afc676,desktop,0.19422183956697608,0.4980879877641248,0.8401820424430084,0.3961727821740989,0.6014028015301514
mean_gt_cat,363885,desktop,0.3028863354537781,0.4746696878114832,0.9100580774849054,0.5501739395752464,0.6580952235292485
mean_gt_cat,b5d3ae,desktop,0.46436473209816587,0.4985346342631173,0.8110388625095342,0.9393860163392264,0.7708256936374652
mean_gt_cat,0e1dea,desktop,0.3056659914164258,0.516028762951736,0.735435027478478,0.4592215342230522,0.6600067360583439
mean_gt_cat,00b3a0,desktop,0.17659673576369372,0.38224851352742256,1.275155835965259,0.476609370429784,0.6504361414316311
mean_gt_cat,072634,desktop,0.3556451221455279,0.4165661421639749,0.9988770321593985,0.6654310974905204,0.6915454066615779
mean_gt_cat,b96ba4,desktop,0.2160449222603714,0.5194737366293014,0.7783798741879514,0.3271339517880007,0.6121253154239374
mean_gt_cat,d3d0eb,desktop,0.5156925512667242,0.5479327068572417,0.6362768094548464,0.8248544544430811,0.7233286185156076
mean_gt_cat,e663f9,poster,0.5141088149222115,0.6965727705788368,0.28435871741643737,0.5198972462262587,0.6573585067523654
mean_gt_cat,69df54,mobile,0.5633280035855,0.6083769269535265,0.5028705380385141,0.847203656395233,0.7408199239189921
mean_gt_cat,38a251,mobile,0.6977515445696352,0.5122105123166245,0.6952680860497626,1.3159096242301735,0.8366877656907855
mean_gt_cat,97c1a1,mobile,0.19727549437351968,0.5106507644699045,0.7406696878629965,0.29042996433435553,0.6033188626898868
mean_gt_cat,624c91,mobile,0.7078853069627632,0.6224723591797235,0.4378437117234143,1.0013404571593096,0.7770019281367543
mean_gt_cat,fc9315,poster,0.09232962362294515,0.42504559866408165,1.3002984567638896,0.2076618708137421,0.549558268371668
mean_gt_cat,ed3849,poster,0.12487139322457812,0.4162616020658628,1.0638363837088853,0.2923148164508948,0.5941929392227779
mean_gt_cat,e64eb8,mobile,0.32033900946986116,0.553325796894193,0.6951752271789837,0.5291906222342867,0.6387428090450891
mean_gt_cat,699734,poster,0.5816982459417056,0.6290677718387216,0.46634931195297047,0.7133327191873603,0.7134133805944081
mean_gt_cat,0b86e9,mobile,0.5128163554920021,0.4332586727914218,0.9761330000255893,1.0415693177125322,0.7898171330636241
mean_gt_cat,e9f3a6,poster,0.28683572923338885,0.6259158748673253,0.5160790109993598,0.41369564411660625,0.616371204552832
mean_gt_cat,661898,mobile,0.4414446864712396,0.5934361088832695,0.501683412442226,0.5617264702840449,0.6682960547898588
mean_gt_cat,410cbd,poster,0.23173099114214693,0.3863527777964697,1.1629537682755975,0.4677509134042481,0.632585507990884
mean_gt_cat,90181f,mobile,0.5335358821939553,0.6354662316569705,0.4566078042816523,0.6870316441575975,0.6956814505741052
mean_gt_cat,90032b,poster,0.22526324575116802,0.4824997724216972,0.8446218599792588,0.3711925783441507,0.6111250340989982
mean_gt_cat,1b0094,poster,0.44331143710265236,0.6280785757727682,0.4343337629823853,0.5619362716698288,0.6628278690248832
mean_gt_cat,86d1d4,mobile,0.6413348809270536,0.6382867054246635,0.4063604739305653,0.8423005800517945,0.7419068210184304
mean_gt_cat,e643f8,web,0.5008607832344935,0.5596439360348675,0.608631782844506,0.7609789300751336,0.714410730929268
mean_gt_cat,78fccc,web,0.49261235476524456,0.46763872638729354,0.8598863324473847,0.9179513581535078,0.7519037151828564
mean_gt_cat,2f0568,web,0.589331932489148,0.5289675965944481,0.7114485985225134,1.123225137587181,0.8105790009379186
mean_gt_cat,d3a405,web,0.45740820619573574,0.5208832031817721,0.7210065555489842,0.8452365316993823,0.7503413430234483
mean_gt_cat,81627a,web,0.4595498057615438,0.5034573869399,0.7625480204189031,0.76432680649314,0.7145940850855637
mean_gt_cat,7c8c61,web,0.1091456193501599,0.37204175935023054,1.231097477174961,0.24590213024562166,0.587427202129333
mean_gt_cat,b81b5a,web,0.40192362951074434,0.4782183966392272,0.8669449040778638,0.7978562026946937,0.7405919117952118
mean_gt_cat,3b4d85,web,0.31066375115049627,0.5114810534556007,0.8114509249484121,0.5001199683731746,0.6480478712901951
mean_gt_cat,61a325,web,0.31558489782555244,0.5022079979420233,0.7820570212835658,0.512118359494321,0.654500320082339
mean_gt_cat,31eed9,poster,0.3961501653196752,0.3391262581273987,1.2731542162347038,0.9987322236780483,0.7825797382332546
mean_gt_cat,95044c,desktop,0.312130460349597,0.4832041135011158,0.8364512528670153,0.4514931248104312,0.623908142041987
mean_gt_cat,a752c9,desktop,0.3501768709869912,0.510926235244854,0.7805298791524329,0.6870547589433977,0.6835431663379917
mean_gt_cat,1655e9,desktop,0.18224331366080931,0.4410174097713337,1.101614560170976,0.3784276715038512,0.6031457416685467
mean_gt_cat,94bf23,desktop,0.371419773707601,0.5080986188171553,0.7503557084751473,0.6149427263213627,0.6750559495289349
mean_gt_cat,5fd00b,desktop,0.28037788989374246,0.4496150062827041,0.9663486067648579,0.5583569296962463,0.6792998110185823
mean_gt_cat,7142a6,desktop,0.2678794916681577,0.45363204312817806,0.9535764636171626,0.4506001972017328,0.6066966820312483
mean_gt_cat,24f619,desktop,0.27888812087777715,0.4558107738451236,0.9403396913176281,0.46999338714829536,0.6385163956164248
mean_gt_cat,6177fb,desktop,0.3420741622421473,0.5125851166128186,0.7372409984345789,0.5455112428527162,0.6643371104050197
mean_gt_cat,4238a0,desktop,0.510778192002077,0.5153002138823364,0.7338115085349397,0.8364162343777776,0.7172031008174932
mean_gt_cat,6bc1d8,mobile,0.4803425846579087,0.6068321669894927,0.4561798829000451,0.6496208398679107,0.6917841589469772
mean_gt_cat,a6f08e,mobile,0.631652623209505,0.6334569098162912,0.4220620821351231,0.8465563823602921,0.7361981224306444
mean_gt_cat,cf815f,mobile,0.21613147603277671,0.3851306880756955,1.2208411827860455,0.4485137432986888,0.6401216285657798
mean_gt_cat,04741e,mobile,0.33672989928056274,0.6736856786112795,0.42530649802157033,0.28266093907640627,0.5792332338915399
mean_gt_cat,13642b,mobile,0.363473427955256,0.5151366875312532,0.7775546826532482,0.6203903467122631,0.665057570930338
mean_gt_cat,bf7fae,mobile,0.2790194326158646,0.6162360793816897,0.557477594533528,0.35005304799197384,0.5970559056202024
mean_gt_cat,3a98e9,mobile,0.5867230342434734,0.6485130473487003,0.40457201302798784,0.6753657772723547,0.6886475461079153
mean_gt_cat,9a69c1,poster,0.19887387902363196,0.5910561988589261,0.5459643367436444,0.21066165199697995,0.5652888942492527
mean_gt_cat,e82dd7,poster,0.1228764909733263,0.42502523868325226,1.1360789725115639,0.3375421245164168,0.593750763169288
mean_gt_cat,b3b08a,mobile,0.3565660408637512,0.45490822205351344,0.9060008759283993,0.7860783134563385,0.7303171994911644
mean_gt_cat,cae3e9,poster,0.61157642895085,0.7450136790830084,0.20571447841125817,0.5313386834825798,0.6570353568344138
mean_gt_cat,297a9c,poster,0.4057407472012341,0.5559421043242249,0.6324547795517946,0.6260698218599418,0.679338306019193
mean_gt_cat,4f5fe8,poster,0.29717105080623046,0.4901705011716046,0.8321763421638058,0.47475604568866947,0.6385831947299523
mean_gt_cat,927a3c,web,0.45472820942827374,0.4629919359844424,0.9235177133911714,1.039301202221138,0.7869844896748586
mean_gt_cat,56669a,mobile,0.6906432802315501,0.5914885556651994,0.5105356078655404,1.042579740761415,0.7822233696624319
mean_gt_cat,9f1d52,poster,0.7247456101077275,0.6126417306027003,0.4593514399634346,1.1270161692645566,0.8104481147328777
mean_gt_cat,29b4ce,poster,0.5901452986783994,0.6868909191991036,0.3167154812712925,0.747442743746775,0.7182817485341642
mean_gt_cat,83f4bd,web,0.4453241472349564,0.480467059045251,0.8331020355074303,0.842906826765526,0.7389802637741869
mean_gt_cat,ae747f,poster,0.7681200968768791,0.6997784356720748,0.3053543417713117,0.954484317735226,0.7646299719501878
mean_gt_cat,05dac7,web,0.3949316324446131,0.3673496709199084,1.1747594526352256,0.8708943461152008,0.7487775842255361
mean_gt_cat,e5a7be,web,0.42718191661545313,0.37525354649128007,1.1413120196464965,1.0117142520699194,0.7757800137921478
mean_gt_cat,ed473c,web,0.5049054079289568,0.5340613717752016,0.7369014763407618,1.002181796866769,0.7853378844333921
mean_gt_cat,9d7510,web,0.4880749173825866,0.6321537738821754,0.4859282233067756,0.6227164097864104,0.6830135903139392
mean_gt_cat,12be73,web,0.37214258700182157,0.4828786213741435,0.8534131889746,0.7085129994397329,0.7118827056461607
mean_gt_cat,eb0400,web,0.2745126907330848,0.4976623370221,0.8192139169456254,0.46207626488145626,0.6428733314346712
mean_gt_cat,b5613a,web,0.2034202513818352,0.47303263437062537,0.9852543413846632,0.44805416728058617,0.6382257101981479
mean_gt_cat,0b777c,desktop,0.6165786230926495,0.5947902864053838,0.5269281500659797,0.7505031631159048,0.7064978185665264
mean_gt_cat,aefb83,desktop,0.25872894797946533,0.5018763651509013,0.8435026602265495,0.48077917011389604,0.6437791223893379
mean_gt_cat,e864da,desktop,0.111782092892278,0.3548305987838423,1.3393865975142871,0.31595379792308415,0.6111923206704816
mean_gt_cat,b889dd,desktop,0.16190941682615434,0.4561433432210442,1.042531089036093,0.42566166048354875,0.6145749725519352
mean_gt_cat,a46e4b,desktop,0.5117242640199472,0.4288381015442402,0.9495188914012803,1.0856397824943533,0.8044572912208029
mean_gt_cat,c78cef,desktop,0.3150446314199784,0.3200929562800464,1.4485881885559584,0.8560105880554155,0.6900191054258393
mean_gt_cat,6457e0,desktop,0.42087690209433803,0.475374501577593,0.8276126314487952,0.6506406952637529,0.684788902862944
mean_gt_cat,bf4440,desktop,0.3698860421371565,0.39205722629852424,1.1219659353425078,0.6561360563061999,0.693194512550795
mean_gt_cat,1dd3f0,desktop,0.39048839852699047,0.4497960574623665,0.9278508018865649,0.8128181549255509,0.7373178835388248
mean_gt_cat,298ce9,poster,0.393058156989643,0.5201364053317679,0.9208919327033723,0.7608317248404174,0.7005377404753225
mean_gt_cat,10c4f3,mobile,0.3000735489579258,0.5133246207255726,0.7406261541988828,0.4709732986942481,0.642274072262065
mean_gt_cat,501b73,poster,0.588505587300991,0.6536557042298117,0.3755583487188762,0.7832468588678143,0.7216639869903643
mean_gt_cat,7db957,mobile,0.6190398019002858,0.4719437819477775,0.7988504877715185,1.2479244406020196,0.8315029532167936
mean_gt_cat,49b3fd,mobile,0.054529519427128935,0.5815083314195532,0.6421336109252992,0.16722534744906764,0.560424158412749
mean_gt_cat,aa6f23,mobile,0.5179556988704809,0.40900812332665887,0.9746317846567611,1.0746835553679417,0.7799971203267395
mean_gt_cat,da1a17,mobile,0.6226636535613967,0.6674832128807638,0.37329369810697655,0.8099900822485426,0.7322117821199717
mean_gt_cat,5d47cf,mobile,0.47888741428662474,0.6833531382820637,0.3263684991698713,0.4759422130599216,0.6431670712354015
mean_gt_cat,88c36b,poster,0.1311668981208638,0.417085304142273,1.0873128162835701,0.3473278842324557,0.6059784855997422
mean_gt_cat,6975a8,poster,0.27938083430367044,0.4380672666128237,0.9579164171105516,0.48862743056721725,0.6443460996992718
mean_gt_cat,2711d3,poster,0.27036949937051524,0.45367919759303105,0.943124542796717,0.4500180877410907,0.6384226722103479
mean_gt_cat,a8e85c,mobile,0.2322329638637481,0.5408875978688662,0.7048211487893692,0.3855387312916544,0.6048972933582811
mean_gt_cat,8f0277,poster,0.30859611904554274,0.48180132694302236,0.896042660640203,0.5916772111990556,0.6645400512559183
mean_gt_cat,d7beb9,poster,0.5552354450008049,0.49493285946631366,0.7488012445600323,0.9826524535038882,0.7750661910301049
mean_gt_cat,a886c5,mobile,0.2623676574320756,0.4197818806938862,1.0431100964529354,0.5170643231677347,0.6736379927310772
mean_gt_cat,378c6a,poster,0.39012060373360935,0.6256055080738917,0.4995954467530653,0.4799495906446417,0.6418802242923373
mean_gt_cat,b6c589,mobile,0.4177092658114591,0.5876775225788127,0.5422258028435682,0.6208024124979179,0.680158904519859
mean_gt_cat,83df37,web,0.19360743860195667,0.4401481727349928,0.9410706055119334,0.40686326545394635,0.6313476274832335
mean_gt_cat,f51c26,web,0.36432854422947325,0.5117574050936069,0.7742489718753515,0.6407092345712024,0.6830135373092002
mean_gt_cat,385881,web,0.217004306842392,0.4677849603178851,0.8998475067366568,0.4407195010509814,0.6400009830225732
mean_gt_cat,8bb83b,web,0.34238089461947246,0.48327277588285733,0.9365776693010499,0.6029481919348156,0.6717980664697938
mean_gt_cat,0f5056,poster,0.4439247388047939,0.47147506606335554,0.8791704112230352,0.9408416876947723,0.7639473029429594
mean_gt_cat,d6f09c,web,0.4045616159278269,0.3545800185478464,1.2167416031395024,1.0330921022490418,0.7898245694704156
mean_gt_cat,baf38d,web,0.5191177694846458,0.5330263806559516,0.7209451977215194,0.8262717584205345,0.7331484453265918
mean_gt_cat,c7af8c,web,0.3728786179132673,0.5524711908742275,0.6876209893974474,0.5342474396076479,0.6529051655940419
mean_gt_cat,02622b,web,0.019651928605337106,0.3904235340231485,1.2138571801084066,0.12712818044203014,0.5432649058765199
mean_gt_cat,631570,desktop,0.3329141198352506,0.5414341658200107,0.6969249073283201,0.3902418232100919,0.6151670706744425
mean_gt_cat,dba9fe,poster,0.2820832652920788,0.3629385591560482,1.24006871776816,0.6786863265258484,0.7028077539883095
mean_gt_cat,7c5f79,poster,0.23177552915643193,0.33383342448134995,1.4020555969363042,0.6544806149672903,0.6987480069966153
mean_gt_cat,e84071,desktop,0.5166840619593627,0.5800048341922662,0.5337598810210769,0.7131946762216821,0.7097705964996405
mean_gt_cat,d7049d,web,0.5993884044187936,0.5060889992277406,0.7468286826436381,1.152287951330262,0.8158617448357135
mean_gt_cat,302489,desktop,0.4427061899932449,0.3911521743043697,1.1241326751096439,0.9827022943130301,0.7514606077592489
mean_gt_cat,f466b1,desktop,0.5116174916514137,0.5071544565621842,0.7875009541487177,0.8796416717740229,0.7244173565506364
mean_gt_cat,3a9ac6,desktop,0.35277520634968323,0.5834138606421169,0.5882476618312433,0.5139842104222737,0.6465028967305948
mean_gt_cat,8b14c2,desktop,0.03784858120037229,0.3559321147194904,1.3563593417761834,0.16664269061643833,0.5743258780015672
mean_gt_cat,b57c53,desktop,0.3964271833763101,0.3146547936177279,1.464901611509747,1.1145812840733447,0.7832321713939498
mean_gt_cat,cfa83c,desktop,0.40018824744053494,0.5028029505565696,0.8130300194322022,0.8205282115594623,0.7436261438862649
mean_gt_cat,425384,desktop,0.47564127551083046,0.5531852327413732,0.6232285278472378,0.6748357667233146,0.7040831624299769
mean_gt_cat,70e38d,mobile,0.5708247175303311,0.5272890940592989,0.674830958694733,1.186925707015745,0.7987650217444423
mean_gt_cat,f657ff,mobile,0.5555631599447469,0.5120400014660224,0.7023546525764923,1.0462198745415028,0.7933947951511732
mean_gt_cat,906fd8,mobile,0.6336080219381095,0.5469498792131295,0.6698564878483202,1.1899552728601026,0.8234077679701898
mean_gt_cat,01e2cd,mobile,0.6998845399336979,0.6233236289368754,0.4503069819760839,1.1016152944951487,0.8012353878613037
mean_gt_cat,8afe09,mobile,0.11391293727409262,0.45879848705214643,0.8187852240639863,0.17852992920032337,0.5690956880638942
mean_gt_cat,15723a,mobile,0.6839942047142265,0.650276515898202,0.41056402822283883,1.0664560639393772,0.793832896854886
mean_gt_cat,d73e0e,poster,0.27855891092854307,0.6047858265313335,0.5853250550956957,0.33970640868565843,0.5960536823437889
mean_gt_cat,4458ae,mobile,0.5820245125012204,0.5970814007460332,0.47478771791060215,0.7849111955584855,0.727194392153834
mean_gt_cat,f4641f,poster,0.4645216639899197,0.499714894303006,0.7950302833638959,0.825476324130838,0.7394115757432973
mean_gt_cat,233a4c,mobile,0.6740854760740469,0.6003555204635909,0.5041384502849923,1.0054065569849464,0.7710998177945616
mean_gt_cat,91b2d6,poster,0.35119050789899176,0.4454808745863181,0.9497919526844231,0.6916595371798941,0.6932642619494044
mean_gt_cat,8b4008,poster,0.3797882802971806,0.5442872046741396,0.6529224806536984,0.6460095663425092,0.6919166986126716
mean_gt_cat,949f72,poster,0.4739934169557284,0.601022665211353,0.5316395037540169,0.6446719014147694,0.6826367905446411
mean_gt_cat,c1ad1f,poster,0.17680537997484913,0.5114743670294832,0.7304932424855902,0.34332458884476647,0.6078211000698707
mean_gt_cat,8e5bd8,poster,0.11545345068447056,0.35812412841076313,1.2245665921444484,0.272344955264747,0.590739301543879
mean_gt_cat,d073b7,poster,0.5230839272574033,0.5742825789874186,0.5509194071509022,0.8385851425096696,0.7374485629029202
mean_gt_cat,cd1a8e,web,0.48995615926273284,0.5811846950159065,0.5292433916273757,0.7092913679750789,0.7073143073066623
mean_gt_cat,479d3c,web,0.4459012345478607,0.556863079251964,0.6595706046838746,0.753328486795214,0.7249062540934986
mean_gt_cat,314e90,web,0.6161135627509322,0.6324819426509024,0.44740684574532796,0.8881086993507622,0.7574651970595109
mean_gt_cat,83ba29,web,0.4426699437711821,0.46145082185334074,0.8739134828095991,0.9174386247154418,0.7654978267537709
mean_gt_cat,dd9efb,mobile,0.43729613197788453,0.5530687907042069,0.6239229967535367,0.6769414667554934,0.6972154285454103
mean_gt_cat,25acbb,web,0.2526585837621721,0.38936090608149887,1.095350028556136,0.4508500939353207,0.6455966284143297
mean_gt_cat,660b15,web,0.4084022810080249,0.5016975959774467,0.7851259621720839,0.6703585347015687,0.698986419118819
mean_gt_cat,2154a3,web,0.18889273005486878,0.45036775856595374,1.0172931860614902,0.33875583893465294,0.5916877549154609
mean_gt_cat,33eb5e,desktop,0.23991817140947946,0.4159186461734939,1.1557292120858156,0.49399756601436356,0.6570485378540197
mean_gt_cat,d499e7,web,0.274082530901256,0.3376907966437098,1.5024994079648486,0.7213539558914325,0.6970446784078641
mean_gt_cat,224be3,poster,0.481413604592754,0.5039765606589662,0.7252549067960193,0.8403538382634309,0.7275502766071632
mean_gt_cat,48a5a0,desktop,0.29731819529214365,0.21193478874158822,1.8012887467459042,0.8448438225715732,0.7207452646185739
mean_gt_cat,a03205,desktop,0.2932741023554257,0.31815347350329753,1.5558850602809104,0.773638665325659,0.6859517645106956
mean_gt_cat,a8a8fd,web,0.36900464097627517,0.4773670843657019,0.8772306317434255,0.7188665624774296,0.7165517860157105
mean_gt_cat,3930bc,poster,0.414212323810627,0.3516111350307376,1.2312830012562905,1.0300843098103543,0.7906473611870087
mean_gt_cat,61a9f0,desktop,0.5473575601882573,0.5051768304129747,0.7632722302983849,0.9176341458202475,0.7496021734460426
mean_gt_cat,5dbe49,desktop,0.4862039132717213,0.5108314389173079,0.7297696402240975,0.787906639011207,0.6987916973470852
mean_gt_cat,c05cd5,mobile,0.21612548653404895,0.5194632080401165,0.7378229185031057,0.3706860752347568,0.6153579946143553
mean_gt_cat,f4c1e4,desktop,0.4334291772406538,0.4807666602461673,0.8210720714094084,0.7908124399620379,0.7238371482659056
mean_gt_cat,c2db26,desktop,0.14287249603422403,0.4772170249562071,0.9103730258389136,0.3532736948540709,0.6012933716777444
mean_gt_cat,11f8c6,desktop,0.1690212859713737,0.4272188959377429,1.224563574161957,0.478116231151295,0.6053262497064594
mean_gt_cat,e07498,desktop,0.5090796496871812,0.5565520972323899,0.6440984239449403,0.8381906080157233,0.7270668998697059
mean_gt_cat,5fcb22,poster,0.13366523758362722,0.4802443055602122,1.1194766451471394,0.3319779375670106,0.5934759782174068
mean_gt_cat,35c59b,poster,0.43774079702898117,0.5320060625726253,0.6777868310513904,0.6870205904753574,0.6919275604534527
mean_gt_cat,ec6510,mobile,0.6493401345166729,0.6727272042059304,0.3767764256252261,0.7928797120769634,0.7284049452327286
mean_gt_cat,cdcaf8,mobile,0.47470687262562883,0.6600492817924668,0.39164998782658655,0.5380198884380729,0.6601889268443561
mean_gt_cat,00398c,poster,0.17758141287282986,0.5649333689919928,0.6561779941673085,0.32061241698030524,0.5973521329852941
mean_gt_cat,2fdaaf,mobile,0.31683851064399704,0.577600233188669,0.5753329576211162,0.3569071647029641,0.606257132248319
mean_gt_cat,2ad467,mobile,0.5054259373854078,0.4373407234815055,0.8853230462473594,1.0556389022396493,0.7939242950478916
mean_gt_cat,b65aeb,mobile,0.5572872549366628,0.5227273994680213,0.6741997265310561,0.8591370332014525,0.7275896364561653
mean_gt_cat,ca49ac,poster,0.38045353945491134,0.5179578207882498,0.6976210437905346,0.6264363019486865,0.6835805162146037
mean_gt_cat,955a79,poster,0.3935824628141241,0.5310311486222633,0.6755060350326316,0.5879579048547765,0.6802165982968177
mean_gt_cat,cb23a7,mobile,0.47134924456155647,0.38546912584843324,1.0677347381337243,1.0830020812523062,0.7970423177448585
mean_gt_cat,8c765a,mobile,0.563088211685111,0.6252499857306262,0.5034132424482628,0.8016539781015016,0.7337840414923418
mean_gt_cat,e5635e,mobile,0.7081064920044402,0.6348522844514655,0.45338999853656603,1.0754297039776575,0.8007671774547287
mean_gt_cat,7cd2e0,poster,0.16270668145084288,0.4907733438640053,0.823790518974398,0.3735791145761043,0.6031776370507766
mean_gt_cat,26781f,web,0.41385060881355185,0.556980392466661,0.6226286858851416,0.5748524082394153,0.6674263202617338
mean_gt_cat,ed727a,web,0.16695747263067293,0.48161583579565936,0.9009741364213637,0.30723123611830616,0.5958435740868585
mean_gt_cat,f50e6b,web,0.22957706702736774,0.4799741411807809,0.9357606335477271,0.28760759726932544,0.5853110370230225
mean_gt_cat,0c11b6,web,0.33277182645967973,0.4887396417850234,0.785377647373891,0.5454138416785603,0.6707209578759424
mean_gt_cat,3eb8f9,web,0.30373156847704835,0.5242500942507958,0.7800206337382236,0.48294788243405895,0.6436142752042624
mean_gt_cat,193df9,poster,0.530102498137984,0.5408365099781223,0.6794246293540853,0.9102970466994174,0.7507760390491127
mean_gt_cat,ecf627,poster,0.6580111790327013,0.5970006525761049,0.4894650758489958,1.0402230342531293,0.7886063698413384
mean_gt_cat,54bc51,web,0.3358063994711168,0.49485889200977873,0.8463441329364314,0.527047250556769,0.6562303760190931
mean_gt_cat,74afe3,web,0.24456944809551823,0.46153814509467245,0.9483904617552789,0.45452343150535546,0.6405492118946255
mean_gt_cat,5f1d69,web,0.3961534127114391,0.5162672587543188,0.8121127852733355,0.6113552315888415,0.673492417596107
mean_gt_cat,c9fe43,desktop,0.524738481218984,0.5641274083519344,0.5890106183474301,0.7956968344786224,0.7249057161166668
mean_gt_cat,50ebe2,desktop,0.5258214243415567,0.678723576794904,0.3642985867825302,0.570557562524553,0.6619202679585228
mean_gt_cat,719127,poster,0.5307310270321084,0.47195622733017156,0.8368720295310834,1.034396665442475,0.792244663372095
mean_gt_cat,901003,desktop,0.5581287512184017,0.711126713166619,0.286899527690484,0.5676411619213959,0.6601364100524585
mean_gt_cat,0f8ece,web,0.2693374569174406,0.45951486034135747,0.9618462848177649,0.5141070171259166,0.655064332556966
mean_gt_cat,cca312,desktop,0.2846948995338603,0.5865947650971064,0.5598431282305132,0.38785706395355485,0.6219907164382564
mean_gt_cat,c3709c,desktop,0.4700326227131346,0.5675140955694291,0.6178857394536243,0.6795272853470266,0.6925978374503967
mean_gt_cat,8ed8ac,desktop,0.4819521989164771,0.4808030997362779,0.8380094028526991,0.8856700714122315,0.7427673768272085
mean_gt_cat,7f9e3a,desktop,0.12426045045964665,0.4543254127315163,0.9743697978480008,0.277868229681947,0.5687984024006228
mean_gt_cat,15ac57,desktop,0.4025867556180898,0.45294851133985103,0.8959768236511227,0.7057683419124887,0.6984518481375446
mean_gt_cat,57f74a,desktop,0.34242789544022617,0.643541626638219,0.42301194519803254,0.32225640818342977,0.5898874498650295
mean_gt_cat,efb9d2,mobile,0.48870505445420975,0.5760871975075204,0.5743318177270694,0.780172315470107,0.7221045619469663
mean_gt_cat,4d0fc2,poster,0.2446348169583577,0.5676774297165359,0.6605723225522777,0.4099645922574256,0.623124233625552
mean_gt_cat,0ba80a,poster,-0.1118366071189954,0.3795798504428187,1.445655471368034,-0.025206230991437473,0.4894591117677529
mean_gt_cat,533daf,mobile,0.4831929030873986,0.5363645411294907,0.6621852124962314,0.8356515734510577,0.7378046344321467
mean_gt_cat,0a0c95,mobile,0.573730623948854,0.6292146114061163,0.3838828861010816,0.6578737549803748,0.682125108065783
mean_gt_cat,da75d3,poster,0.2864795280995031,0.5677801295284045,0.6736056695912405,0.4353560018641232,0.6271077437971911
mean_gt_cat,c3f5f9,mobile,0.48895413016656253,0.6386116158534085,0.3964968148953799,0.5004079897245405,0.6456712904221011
mean_gt_cat,af9990,mobile,0.5697250084047685,0.5537390754535505,0.5944620430523149,0.932386801153235,0.7622467265088871
mean_gt_cat,aefca8,mobile,0.6358917968785873,0.6998517974837979,0.2857799457466976,0.7439928675865102,0.71106682686248
mean_gt_cat,3d29ac,mobile,0.7010341138049309,0.7514390907982025,0.25588238735788704,0.7061269336868115,0.704906134098314
mean_gt_cat,50802a,mobile,0.38724366155991546,0.6393823041382491,0.4098626384558816,0.4659245203132467,0.6477772589162638
mean_gt_cat,58033d,mobile,0.41527775143141143,0.5581244783762411,0.5850201361367817,0.5888171730779723,0.671136374333554
mean_gt_cat,c4be71,poster,0.12834305941923133,0.5304126267231468,0.6924079870995336,0.26290201193557045,0.5866023145499736
mean_gt_cat,f3cfac,poster,0.27120317799168686,0.5409045649825138,0.6900108911542028,0.40217866203792724,0.6271970481099991
mean_gt_cat,7ace2f,poster,0.44174196789594594,0.6315808596991876,0.38849173247835345,0.48319977350129434,0.6455385107985067
mean_gt_cat,abc926,poster,0.6706019887227994,0.6860992193178581,0.3049831236323537,0.8189226797604878,0.7420493829437632
mean_gt_cat,8f64ff,web,0.5081086517174292,0.679630790218859,0.35017522033193343,0.6534564307600462,0.6979022133073884
mean_gt_cat,de022a,web,0.4122480158036808,0.5312514533892834,0.6938452207170877,0.5825851458956305,0.6705629207799121
mean_gt_cat,aa24d4,web,0.629987979981971,0.679842958322433,0.34405872260332065,0.7094263264026661,0.7027572933905435
mean_gt_cat,25426d,web,0.3979369861995818,0.552297772667691,0.5976425268172383,0.5857874526305838,0.6748992335903639
mean_gt_cat,0950e7,web,0.5370519440568062,0.6594343145132555,0.3738441366283217,0.6873143371108329,0.7054635564911652
mean_gt_cat,e9b913,web,0.5145921949672534,0.6146678208112324,0.4593117680562937,0.6837167158671299,0.7089391635269754
mean_gt_cat,f961b1,web,0.57546205805091,0.5028254461421411,0.7755428088816608,1.1308315332411853,0.8143176023007049
mean_gt_cat,457230,web,0.6058599042924868,0.49442938815640575,0.7645715451232991,1.1603305064754597,0.8271952287433023
mean_gt_cat,673d4f,poster,0.49691732987386894,0.5215728802958982,0.7001234729350716,0.849083945085558,0.7440636825365925
mean_gt_cat,72e45e,web,0.4590616923150767,0.43742096860824964,1.046439536617991,1.0854435880205382,0.808565849775937
mean_gt_cat,c71a6f,desktop,0.10165837923816641,0.47511455453636653,0.91497959231335,0.15646974769355915,0.5414876386633464
mean_gt_cat,c92f85,desktop,0.10890616086932742,0.40817883088859175,1.0911378677732704,0.255530137347377,0.5826247537414523
mean_gt_cat,d3a241,desktop,0.47874050596047585,0.48274677373917774,0.8016788220641153,0.8584489834150139,0.7183172400710072
mean_gt_cat,1b984b,desktop,0.3345755632883134,0.48672374917432887,0.8723400765151679,0.5877103782339617,0.6683661114309093
mean_gt_cat,244817,desktop,0.01031326453273706,0.4470530572299505,0.9606326735835367,0.09288157186474551,0.5343419949874991
mean_gt_cat,b2c74f,desktop,0.35541836005388494,0.3755747774014466,1.2085885235005138,0.842991239228577,0.7426870551872968
mean_gt_cat,f1e0ee,poster,0.37963256680530644,0.523653274612718,0.7559642017683583,0.6893828763218611,0.7026901603254321
mean_gt_cat,244dfc,desktop,0.11467546180886413,0.4225304610379307,1.1774649895008467,0.378326351905971,0.5782816624669507
mean_gt_cat,df67c6,desktop,0.4328978218706193,0.5671038132762505,0.5842418008283448,0.5950816691032503,0.668822668235671
mean_gt_cat,b2165e,desktop,0.37319335341304205,0.36834841318387934,1.1820356784765378,0.8524090623186786,0.7472363598586939
mean_gt_cat,3c465a,mobile,0.2574241843947239,0.5303937286796552,0.7257650662242394,0.4202612980615821,0.6267256990227965
mean_gt_cat,bd8797,poster,0.5733901305409809,0.6302431963068953,0.4334174659613501,0.663579632062845,0.6969970053744177
mean_gt_cat,b9d4f6,poster,0.41359963928791565,0.5379229647540615,0.6743661651067847,0.6286935253309018,0.6806887258436586
mean_gt_cat,9620b2,mobile,0.2892187788937109,0.4590953686823052,0.8516336681405421,0.5166410247706029,0.6574521275646864
mean_gt_cat,abf2a6,mobile,0.35335600384759447,0.5206438115497154,0.720526608688424,0.5830138105462287,0.6752188265896553
mean_gt_cat,151d2e,mobile,0.5454817730265443,0.5717797173523943,0.5333393231314809,0.7283931824243677,0.6932161739053991
mean_gt_cat,fb3c20,mobile,0.4885434315594551,0.6311640940384406,0.4532132428300427,0.6102962988075529,0.6745780737451368
mean_gt_cat,34c262,poster,0.45916471893136607,0.6889536075947882,0.4557928259192385,0.5408573292084494,0.6557822773354192
mean_gt_cat,614eae,mobile,0.30521481308318144,0.5358159725058835,0.6190047194971042,0.39296888787465417,0.630746438960989
mean_gt_cat,091ab0,mobile,0.4763135061290046,0.4760622497007073,0.7995131456027783,0.8035439377848765,0.7339282079185038
mean_gt_cat,bca872,mobile,0.5043686141277892,0.565069752796189,0.5740028569503909,0.593983141964978,0.6648082617020205
mean_gt_cat,76e1d9,mobile,0.6405430226334076,0.5993001549821424,0.4713711737844221,0.9339215208769217,0.7563812700457005
mean_gt_cat,964f81,poster,0.4234406168477504,0.5663934305103555,0.5999846094259543,0.5430510433977634,0.653230262392855
mean_gt_cat,9e069d,poster,0.1451624214990895,0.5054369469884488,0.8293481133737228,0.2667469458218487,0.5845914594911553
mean_gt_cat,ab56ac,poster,0.4656216104216875,0.5311319110929653,0.6287917605821028,0.7885736938459325,0.7284767678428394
mean_gt_cat,d1e801,web,0.4440774455126205,0.588769895290173,0.5469416074902895,0.6071562330638934,0.6801343155984251
mean_gt_cat,f4bfdd,poster,0.3986479972925856,0.5094331583678073,0.7271898716261823,0.6024220644623748,0.6744584613231146
mean_gt_cat,c2c5ec,web,0.41348397340276977,0.45081016163759274,0.8778730326787996,0.7540003159658313,0.7200715372736599
mean_gt_cat,1a27f3,web,0.1930878033252234,0.40972616278025986,1.0667710627038787,0.4109200650921335,0.6471397066298451
mean_gt_cat,aa063a,web,0.26221546410880936,0.4484576441784931,0.9893429545356218,0.4709325189670527,0.638199936361428
mean_gt_cat,bef1f3,web,0.6039389151332082,0.45453191355145406,0.905833672372781,1.2523267943628036,0.8376356787723763
mean_gt_cat,1e79f1,web,0.3272888840314658,0.43843873203170086,0.956914994411215,0.6069054755487466,0.6872001881365011
mean_gt_cat,824f2b,desktop,0.42967357178215354,0.42239977144721297,0.9810430809772765,0.8337394746673892,0.7174661694199486
mean_gt_cat,1b4c8d,poster,0.43362599178972827,0.4663992795744449,0.8576826558770678,0.7843373618710627,0.7208433943208263
mean_gt_cat,195990,web,0.48575670032972296,0.5759921101166543,0.5906071127882926,0.6660221308800819,0.6866643244191439
mean_gt_cat,b3e3d8,web,0.2455824326049665,0.4303913806008974,0.9924785030413148,0.46379383871233015,0.6459933842654507
mean_gt_cat,a128c8,poster,0.419868752997925,0.517812865218371,0.7654310696135147,0.7564112805063568,0.7224012828179905
mean_gt_cat,9b3896,desktop,0.11657839697617717,0.4063545841206272,1.2270011453476597,0.20738587971527836,0.5796036382851579
mean_gt_cat,1a03d5,desktop,0.20379226395034605,0.4839770876714836,0.9789200998150848,0.36913440949385834,0.6101635408079201
mean_gt_cat,2aff6a,web,0.3066504946278019,0.5192739920410914,0.768556694911393,0.5386651015121952,0.659566317288756
mean_gt_cat,ad1e05,desktop,0.3914907415612837,0.49615830854227794,0.7856332256941333,0.6208292501874217,0.6787731995057752
mean_gt_cat,c3ac4c,desktop,0.14183778839380207,0.4396794543767588,1.2049517527640758,0.46217284401359615,0.6276048553240888
mean_gt_cat,c8b126,desktop,0.63068654540879,0.5247207199901477,0.6968843295756264,1.0890550279444002,0.7976732022615507
mean_gt_cat,27e29a,desktop,0.5363885915132124,0.5291779728254875,0.6727027897300456,0.8948037693597732,0.7540308159443242
mean_gt_cat,40e990,mobile,0.6111870759008967,0.6125561629847529,0.5079115982156841,0.826639183767567,0.7256341271400852
mean_gt_cat,0f1984,desktop,0.0756309305294084,0.3999290352915782,1.1444605956572853,0.1508559981691636,0.5560760013117085
mean_gt_cat,991446,mobile,0.4484564151904408,0.5414132083121239,0.7392305724338123,0.6662375816516813,0.6687970270952078
mean_gt_cat,c0e167,desktop,0.3118920967981698,0.3721242224652723,1.2001710785444817,0.6816401200105339,0.7035973630978528
mean_gt_cat,c01b8e,mobile,0.6857112382532512,0.648907566943989,0.4025849391895396,0.8939773441244584,0.7533068252240647
mean_gt_cat,0e136e,poster,0.6883421482460581,0.5289776485751846,0.6354504578804755,1.1308902617665604,0.8199089775410959
mean_gt_cat,5d66d2,poster,0.32306959058955287,0.4278506951261946,1.000324483427173,0.653534662479674,0.6933135318982082
mean_gt_cat,b44e33,mobile,0.5357097021211936,0.6834990439724367,0.33308110395460067,0.5342961521545638,0.6549338188943076
mean_gt_cat,fb2cd4,mobile,0.3119614004377219,0.4747474771136826,0.9005816653264103,0.6470024244803598,0.6923642944861834
mean_gt_cat,46e638,mobile,0.42671036290683134,0.6342212665161273,0.4433111742639758,0.5774862291976672,0.6715828509221275
mean_gt_cat,4c739f,poster,0.5581398306748957,0.576696397802714,0.5398771837741075,0.7945722970101817,0.7140633239909732
mean_gt_cat,4b9fd2,mobile,0.10311778733556914,0.6062629189895661,0.5327540214829101,0.10531799221023855,0.5353880383056848
mean_gt_cat,83a338,poster,0.1574957577400639,0.4693108215124104,0.9275162510168167,0.2344528303814566,0.5699409554928359
mean_gt_cat,f9ae9f,mobile,0.7902013354513033,0.7145301365094554,0.27144344453741304,1.0193034341667224,0.783961332631014
mean_gt_cat,13ae19,poster,0.19607888445338403,0.47592598681702564,0.9559324005157883,0.3816210901250109,0.6117788809589977
mean_gt_cat,0feea2,mobile,0.2992341196827754,0.5684356024394637,0.6083451823285548,0.40101283511527314,0.6347719317213716
mean_gt_cat,abe796,web,0.4743726687866228,0.5867155862611193,0.58438452433777,0.5731531128092593,0.6710146903721165
mean_gt_cat,d889b1,poster,0.3275547226230263,0.44189297220185775,0.9740058218060501,0.6302039779296438,0.6805364519130419
mean_gt_cat,92b95d,web,0.49060729060177544,0.6254711373859667,0.5027491828019247,0.7463161762043042,0.7176711194752242
mean_gt_cat,8f9844,web,0.33047373511292166,0.5068347806269717,0.7760969814614596,0.5406022023901104,0.6640716935841356
mean_gt_cat,c05976,web,0.7075059098673527,0.5315291443122777,0.6598479859627382,1.3042807177785,0.8522339533336634
mean_gt_cat,5bfe3d,poster,0.6548300848395376,0.6154356134297094,0.4827163428820747,0.960473399708079,0.7774427166389473
mean_gt_cat,6047d3,web,0.28692562270996913,0.45618177417969774,0.9580356033741476,0.5150976822677172,0.6549153402376477
mean_gt_cat,a53761,poster,0.6419547256679003,0.6369275646837947,0.4298409696288103,0.8333610816801923,0.7426196138968183
mean_gt_cat,825f33,poster,0.6304834225033898,0.5574117211934415,0.5966177595412266,1.0729255732277825,0.7901859987471013
mean_gt_cat,5887a5,web,0.5662386562277462,0.49842462251201614,0.791871169289767,1.0256433514711807,0.7805672626899411
mean_gt_cat,628715,desktop,0.43766095058027676,0.5348529556853967,0.6900519587440409,0.6460360460088698,0.6877277410878736
mean_gt_cat,b86b7d,desktop,0.38831103202665673,0.3329109881189629,1.3971041472765866,1.203437861932329,0.7837488339630206
mean_gt_cat,a8f275,web,0.35906782039138374,0.44743163894774773,0.90970538965476,0.7165010419498445,0.7134474738927339
mean_gt_cat,c228a1,web,0.4206765099107097,0.47625566406036485,0.8669880409602848,0.8850033069896005,0.7544830063241301
mean_gt_cat,fe14d6,web,0.18312369597871309,0.4833481365796391,0.926798459189797,0.20304529508391284,0.5602477416540239
mean_gt_cat,a7a9da,desktop,0.30387974042339116,0.44828099954224215,1.0150214478020867,0.5779496977553041,0.6481356850575155
mean_gt_cat,3076c2,desktop,0.34024116054717524,0.43863954422751206,0.959616163565838,0.7040724520010179,0.7240758903596587
mean_gt_cat,6fbe76,desktop,0.44825867316246426,0.45181919296077855,0.9797673373369674,1.1012142458698546,0.7849230985589237
mean_gt_cat,9bbfdf,desktop,0.35289482306601655,0.4064873627782609,1.082453890502276,0.7083621689350301,0.6767587827754133
mean_gt_cat,c50a3d,desktop,0.16500760090078087,0.37065514465158567,1.2957735936534018,0.41890063666673466,0.6157661664142106
mean_gt_cat,598d81,mobile,0.38629529283508746,0.47231991279052954,0.8511068143217848,0.7779296406587083,0.7270206660280013
mean_gt_cat,815859,desktop,0.1484737281138277,0.4136348568213133,1.103152776603668,0.2796816411173118,0.6010499561844534
mean_gt_cat,1c381f,desktop,0.4881222661316333,0.4393218139646572,0.9661341523873916,0.9691000182607699,0.7552127654839761
mean_gt_cat,1a2fc7,mobile,0.5564098222217303,0.48274165409850267,0.779941491409961,1.0723195235074292,0.7887372051998851
mean_gt_cat,31bba3,mobile,0.5189718955062841,0.5590287562434668,0.6325530363150201,0.8408621870293282,0.7306204131066469
mean_gt_cat,eb06ec,mobile,0.502021915053221,0.5900376228090036,0.525365815478028,0.6427514068275885,0.6877671712199114
mean_gt_cat,3e8fe3,mobile,0.563436752570978,0.6062002344280915,0.510899983399314,0.828085027083275,0.7273930241129615
mean_gt_cat,7decae,mobile,0.5494618662745598,0.5442318085733153,0.6757459015959044,0.8485521416175122,0.7351044905859456
mean_gt_cat,66b3ff,mobile,0.5271842956835688,0.3369876820981431,1.302881216517627,1.6693729406532867,0.9140995154974905
mean_gt_cat,f285d7,mobile,0.6427959931746454,0.5154347749292704,0.6836784503289858,1.1458099681719185,0.8004050932829898
mean_gt_cat,b92f85,mobile,0.33660265224115166,0.38837916713629483,1.2153236847910407,0.7347611209652446,0.6728464921224184
mean_gt_cat,5ea384,poster,0.24002518902876968,0.39796270742288087,1.1586645728965603,0.5985566279049931,0.6720672312010942
mean_gt_cat,2ffa4a,poster,0.4261123321820761,0.5075037873767233,0.7452319728701272,0.6827250571037776,0.6906891517688237
mean_gt_cat,ab0c83,poster,0.7210853215867129,0.7228116217985519,0.26721446502933244,0.840001488563893,0.7395884367718636
mean_gt_cat,a6b429,poster,0.6358797162916661,0.7298613206492771,0.25128823652485394,0.7108523197010521,0.7043908314508003
mean_gt_cat,393327,web,0.37583863864959055,0.40565945995786235,1.0931503579746968,0.8303712334292952,0.7194999657390305
mean_gt_cat,a87d4f,poster,0.533902600132023,0.46652842853521087,0.8494714891747315,1.053736998882808,0.7862888654954562
mean_gt_cat,c6a6d9,web,0.44204585244173045,0.6195623050342536,0.5222640560687389,0.603256060443467,0.6715969636221957
mean_gt_cat,0af35a,web,0.37504247871655716,0.4584003882345704,0.9251369911716283,0.7404636240519825,0.7105778617948312
mean_gt_cat,bfa4f2,web,0.18261246034457587,0.3962238406020884,1.146129552263243,0.4172474123140343,0.6355003117092786
mean_gt_cat,b4a27a,web,0.44268189582220163,0.5235213342405907,0.7212879486647865,0.7995022806821152,0.7222166119845491
mean_gt_cat,168b3b,poster,0.5878847196703788,0.5590420587833896,0.6377538838904344,0.941665452667882,0.7521653928684512
mean_gt_cat,4f4f19,poster,0.24808347581752022,0.4084447878900611,1.1645822617821326,0.6241374054154409,0.6781786657950141
mean_gt_cat,e1217f,poster,0.6378149040221165,0.4570870553640951,0.856377593831189,1.337629908993196,0.8654384725365196
mean_gt_cat,9f5081,web,0.3442342781293978,0.4152281328656994,1.069761430464617,0.7916153554841291,0.7238509969284164
mean_gt_cat,4f7447,poster,0.3334554551242711,0.4429478772771885,1.0230931867787632,0.7241751846428136,0.7017839856703748
mean_gt_cat,fe6876,web,0.4952388236538457,0.45432536851613103,0.9027834031772908,0.9931173069781484,0.7736589341158288
mean_gt_cat,6d8af6,web,0.533865519669634,0.5206414559335998,0.715748390116175,0.9316902859763535,0.7634809607619718
mean_gt_cat,8d2ab9,desktop,0.4352531059566567,0.47799307070786345,0.8399245301335214,0.713745242735412,0.7003438306706163
mean_gt_cat,b02217,web,0.44814701038951765,0.5576264798327578,0.653894105022016,0.6337439120670407,0.6832062103429485
mean_gt_cat,8b2ea2,desktop,0.4242212266283074,0.5099452171169179,0.768942192286548,0.7201084573878637,0.7028630447549447
mean_gt_cat,a09cbe,desktop,0.3181654896375541,0.4300891078598922,1.062429340035591,0.636937598186056,0.6633591498525209
mean_gt_cat,7fc716,desktop,0.3114169714792266,0.4760958965016676,0.8731241231449459,0.5837600900489817,0.6694618054153492
mean_gt_cat,815511,desktop,0.3670259767929115,0.429901294703578,1.0034446450270278,0.8294667466890613,0.736134289615375
mean_gt_cat,592b58,desktop,0.3915293601033606,0.4698017386735668,0.9034887323276366,0.7055241797759556,0.6722499006378602
mean_gt_cat,2a8f6b,desktop,0.5058646851178965,0.4884581152765711,0.7778326716241907,0.9097564355855836,0.755168234968603
mean_gt_cat,6c8b71,mobile,0.6927979986752918,0.6834326150449657,0.3252640164444899,0.8372237527524232,0.7304850828491845
mean_gt_cat,49e72e,desktop,0.3485887099266061,0.42932205322551636,1.014057229853294,0.7203126997858459,0.6913366512001657
mean_gt_cat,aac5d7,desktop,0.529245503763718,0.47668045628585554,0.8447060682272189,1.0350514758784417,0.7776789718748882
mean_gt_cat,449b4f,mobile,0.6539383034072238,0.6865754392292468,0.31843758379810677,0.880931150636307,0.7525414860788551
mean_gt_cat,cd9e29,mobile,0.6732575471072084,0.6672917512226694,0.3507225822419444,0.8525447144911505,0.7423626568459329
mean_gt_cat,bc43bb,mobile,0.5466575935883045,0.5568858984821274,0.5935532265561708,0.800174690053618,0.7165613274822207
mean_gt_cat,d1ef30,mobile,0.5484230186427834,0.5843671471266718,0.533617553099049,0.8533023049751033,0.736384353175907
mean_gt_cat,59354f,mobile,0.2551843856581984,0.4928958370276346,0.8899259957358695,0.5748109180583196,0.6660024533185807
mean_gt_cat,ab4d1f,mobile,0.7614957098376343,0.6199986292371744,0.4259509220412566,1.1347709333998077,0.7927462961507931
mean_gt_cat,e18daf,poster,0.4676276245426202,0.5924905991561358,0.5004628701502735,0.5919671987928953,0.6630506279866064
mean_gt_cat,5620ab,mobile,0.5456728166393301,0.5199739728437782,0.6779129735573262,0.8968923889477057,0.7532584501147394
mean_gt_cat,0dc366,mobile,0.3568500872633197,0.3612944293460169,1.2029126239057764,0.9143279389214428,0.7652058477952378
mean_gt_cat,5db7bc,poster,0.22435226780975082,0.43883783871757853,0.9422647675611837,0.37757979446477175,0.6148235914139232
mean_gt_cat,7c352d,poster,0.6304207128498167,0.6574495240880834,0.40169385704538857,0.7362855213420127,0.7125895534469061
mean_gt_cat,d7cfda,poster,0.749415869333006,0.6965348019786024,0.3026604074107846,0.885581649787322,0.7535500169279742
mean_gt_cat,cb0c6c,poster,0.037043843654067564,0.3678815641503945,1.3836429270712145,0.14068660864253746,0.5426202059958433
mean_gt_cat,e7a5c0,poster,0.7504667062540529,0.6106608924773844,0.45017245281075335,1.1338413921751505,0.8112180795792132
mean_gt_cat,c79430,poster,0.7506663740903189,0.6672862549146873,0.3686865199963711,0.940106821020767,0.7685646944873772
mean_gt_cat,c84353,poster,0.5880312553365091,0.4587653149587342,0.8529853146136888,1.2550104122245616,0.8416703738244289
mean_gt_cat,2304c8,web,0.5363119269257673,0.4589941747747259,0.8749701309048936,1.1044816437056988,0.8067680497393903
mean_gt_cat,a91f25,web,0.4541301205792949,0.46063241243552666,0.87522705035303,0.8608119245748943,0.7433848213941181
mean_gt_cat,631068,web,0.5779888290716717,0.4907573384764121,0.7830218176563093,1.1222352134031728,0.8097652328732945
mean_gt_cat,853a11,web,0.6127637252331781,0.631480265638371,0.4268175744309526,0.7849941935320075,0.7178987569568303
mean_gt_cat,a44696,web,0.28189229279531414,0.5070757540321094,0.8377481760228478,0.40492950602597627,0.6121385541590225
mean_gt_cat,18db69,web,0.5037861258255061,0.37421571318640584,1.087547921101391,1.1401681288725452,0.8168311509363078
mean_gt_cat,9aabba,web,0.40232303885937937,0.5153986829879788,0.7404576022390985,0.6954676540984941,0.704386077325299
mean_gt_cat,cac69c,web,0.5940466910576537,0.49715496629747635,0.7586692874955832,1.2006404603822005,0.8238988000411023
mean_gt_cat,ab4eb4,web,0.22230888631482618,0.46726467571086827,0.864102985663405,0.35340392449270686,0.6115661238659813
mean_gt_cat,91795a,poster,0.5398735146444738,0.5837346762743818,0.5921873425076486,0.8818021822757232,0.7474058934791674
