model,run,image_id,category,n_points,CC,SIM,KL,NSS,AUC,CC_partial
qwen-3.5-flash,1,00398c,poster,34,0.2030027135505882,0.2981428135847616,1.534387324634249,0.5938424031258268,0.7426972439417036,0.1562593076246189
qwen-3.5-flash,2,00398c,poster,49,0.2648066485482668,0.3119909716895928,1.478054602039692,0.7450858750058007,0.7545443767535218,0.2437128567127108
qwen-3.5-flash,3,00398c,poster,30,0.2497329029328197,0.3035170660545923,1.5327273545097055,0.7282372573960707,0.7282569133558254,0.2138558913329999
qwen-3.5-flash,2,003eb9,desktop,50,0.0605928450217761,0.1826675195505788,2.605140867016707,0.266675580515255,0.719555369695564,-0.0690808968471236
qwen-3.5-flash,1,006450,mobile,30,-0.0439550268732353,0.2451964830671,2.265581320702302,0.0479704340746002,0.5311477866459391,-0.1472874239361866
qwen-3.5-flash,1,003eb9,desktop,11,0.2903428250417532,0.2398432876283189,3.324809097474324,0.8367650569035988,0.6158140709784976,0.1824705962037874
qwen-3.5-flash,3,003eb9,desktop,30,0.3017661921922384,0.2332445289739578,3.2992710861063452,0.8311103170662306,0.6162191433931994,0.2055095074904515
qwen-3.5-flash,2,006450,mobile,31,-0.0464447582063261,0.2482418193505331,2.236710467740064,0.087627958968612,0.5318470086581671,-0.1274216793461917
qwen-3.5-flash,3,006450,mobile,35,-0.0206138270075708,0.2295475264075236,2.478859717304022,0.05984520348414,0.5640707938963403,0.0046871866191299
qwen-3.5-flash,1,009085,web,46,0.1564021342632915,0.2355486418129075,1.9188672613774844,0.4832671264224369,0.7471731898431406,0.1292637178736823
qwen-3.5-flash,2,009085,web,48,0.0952937409953986,0.2011561134528326,2.0849410272243407,0.2829182725249902,0.7286543089071387,0.0997758247004544
qwen-3.5-flash,1,009d6b,desktop,53,0.3200568250166222,0.343802314815733,2.426512211408139,0.7432468657009013,0.6758410471953094,0.3299697554394966
qwen-3.5-flash,2,009d6b,desktop,54,0.5380947784435475,0.4882449443494113,1.8775321506161644,1.2462510137161986,0.7655804363313164,0.4948513430303838
qwen-3.5-flash,3,009085,web,50,0.1214186390148569,0.2156391415291903,2.02788921625971,0.3641557936276486,0.7265912276179791,0.1114260400748537
qwen-3.5-flash,3,009d6b,desktop,65,0.4685141344256632,0.4504144194418361,1.9548926276260792,1.1115950157133774,0.7584791648830527,0.4346546493972283
qwen-3.5-flash,1,00b3a0,desktop,49,0.3177206555902809,0.284879550475523,3.1490258039059995,1.0541959403563554,0.6532039528722927,0.1839937649917327
qwen-3.5-flash,1,00b8f8,desktop,165,0.024655503413758,0.1970299756072061,2.1023407858999827,0.1277543367018407,0.4993737234712185,0.0451052640733463
qwen-3.5-flash,1,005f83,poster,51,0.0378371362957744,0.1912110550144866,3.271743576658531,0.1473678346694615,0.6336248750643768,0.1105576718408742
qwen-3.5-flash,2,00b3a0,desktop,59,-0.0572342787457706,0.1330314168200388,4.358317986635104,-0.107058329323723,0.5038102735955861,-0.0294998389050252
qwen-3.5-flash,3,00b3a0,desktop,39,0.3434191096460701,0.2722362806614655,3.3343290346875776,1.0035962360408162,0.6276405343712691,0.250778206462222
qwen-3.5-flash,3,00b8f8,desktop,209,-0.0496257734056035,0.191309316828509,2.0920950824932705,-0.1275915704040203,0.4872997402507419,0.0853193247063675
qwen-3.5-flash,2,005f83,poster,45,0.0570716872425603,0.1950686136693533,3.219756995790622,0.2142669370914807,0.6364913874882042,0.1344775228068144
qwen-3.5-flash,2,00b8f8,desktop,209,-0.0496257734056035,0.191309316828509,2.0920950824932705,-0.1275915704040203,0.4872997402507419,0.0853193247063675
qwen-3.5-flash,3,005f83,poster,45,0.0341808776388234,0.1975149411424882,3.1479932623612257,0.1461210567967056,0.6429519188951791,0.1301833156481425
qwen-3.5-flash,1,00d34f,mobile,16,0.0200032650785194,0.1148937607026439,6.630941595086348,-0.3001479989301058,0.3771941493052263,-0.047523024235029
qwen-3.5-flash,1,00f742,poster,51,0.1414387753010532,0.3000293740374687,1.5156123405192294,0.2107216748554409,0.5645138608350652,0.1357701036982259
qwen-3.5-flash,2,00f742,poster,42,0.0596059469653993,0.2805956291784432,1.5561644637249683,0.0082379699478718,0.5187531245761048,0.0964155709445841
qwen-3.5-flash,3,00f742,poster,51,0.000377675544962,0.2774762970133193,1.553742433169131,-0.0518874108345134,0.4859576122071064,0.0570009773458166
qwen-3.5-flash,3,00d34f,mobile,30,0.0947250323450673,0.1903535497851398,5.295332230028819,0.0180465324143762,0.5526070652226437,-0.0243726914385956
qwen-3.5-flash,2,00d37d,mobile,30,0.1034094671959281,0.2441016672440323,4.523816473763814,0.6450946815662498,0.6315970344774646,0.055179938756394
qwen-3.5-flash,2,00d34f,mobile,30,0.159161278426969,0.2619057501972805,4.381154262664581,0.5580230558720729,0.5743640389828804,-0.0091981914292789
qwen-3.5-flash,3,00d37d,mobile,33,0.056241963616539,0.2518753094859404,4.299057968976614,0.5945289951537699,0.6041104049258671,0.032833482246418
qwen-3.5-flash,1,00d37d,mobile,31,0.1539831952599394,0.2939692759999968,3.079098804849828,0.8867509563477832,0.6943172349003272,0.1118973247192786
qwen-3.5-flash,1,00fcd9,mobile,49,-0.0174827050863951,0.2199841261986686,2.3920019438317377,-0.0539565760589366,0.5120219008074908,0.1393747410992534
qwen-3.5-flash,2,00fcd9,mobile,49,-0.0109505674190423,0.2219906242740923,2.3841680188999006,-0.0323469050315676,0.5195427960697014,0.1378950081704324
qwen-3.5-flash,3,00fcd9,mobile,49,-0.0174827050863951,0.2199841261986686,2.3920019438317377,-0.0539565760589366,0.5120219008074908,0.1393747410992534
qwen-3.5-flash,1,012baa,mobile,47,0.0638594183095915,0.2793985116003726,1.825354525191354,0.2464413906859846,0.6149436466559635,0.1545525744090456
qwen-3.5-flash,2,012baa,mobile,42,0.0781236236116664,0.287763642962459,1.8060145371168752,0.2968459267415145,0.5938438228702215,0.176422795278906
qwen-3.5-flash,3,012baa,mobile,41,0.0697723130896,0.2864900040961808,1.802863826860031,0.2671362579005047,0.5977418228626357,0.1554495335071271
qwen-3.5-flash,1,0136d8,desktop,43,-0.0866579151840797,0.1330177540998988,3.07954810309851,-0.2746455390355299,0.469473195360363,-0.0013025165764297
qwen-3.5-flash,3,013aca,poster,50,0.1515300006732639,0.2428785569312635,3.0925578359713923,0.609999710530098,0.6699194977918546,0.1900356323763698
qwen-3.5-flash,2,013aca,poster,53,-0.0393955215080041,0.1380851675803363,3.9360348318467326,-0.0636285103736801,0.5402113594893294,0.0962795453533761
qwen-3.5-flash,1,013aca,poster,35,0.0636171762754903,0.1978344928839468,3.27679813370357,0.2565246981610373,0.5992258004145741,0.1314471966894357
qwen-3.5-flash,3,0136d8,desktop,41,0.0149933686733885,0.1729091524074347,3.5100966883853486,0.0445437905783154,0.5336231233455117,0.0759398979284701
qwen-3.5-flash,2,0136d8,desktop,31,-0.0412725023286913,0.1359008219840778,3.4145041346096354,-0.1442937849650464,0.5637195920546553,0.0260460172318828
qwen-3.5-flash,1,016f77,mobile,52,0.0139380516312375,0.2536774668094366,2.091953446385404,0.3308788538921753,0.579936861915521,0.1099260171993074
qwen-3.5-flash,1,014b22,web,44,0.1891788555978814,0.3077869135842612,1.9494231534195965,0.3435028042109667,0.6097765132762282,0.0472725677870273
qwen-3.5-flash,2,014b22,web,37,0.1767989051783732,0.2873568845225637,2.1723488180136137,0.4110619252724653,0.6081142718291463,0.0956880315501627
qwen-3.5-flash,3,014b22,web,36,0.1917748102769069,0.2890179506999358,2.173813089749874,0.460957192672929,0.6077567877800072,0.1101345660882496
qwen-3.5-flash,2,016f77,mobile,31,0.2127268774049565,0.357903808374733,1.331226212482831,0.7422028600192714,0.6926571172058746,0.2557629093880623
qwen-3.5-flash,3,016f77,mobile,52,0.0872525282220726,0.2789141907014102,1.8511440886852817,0.5319462418553921,0.6721506525720833,0.1592038574129895
qwen-3.5-flash,1,018c0a,poster,30,0.5526723552824565,0.3719006943867837,1.4529757963407366,1.6412233490779942,0.8234562117400945,0.5421080280756003
qwen-3.5-flash,2,018c0a,poster,30,0.4546174654920386,0.3377288305145586,1.5596299456045268,1.3838360242274894,0.8007838800387489,0.5004139458498374
qwen-3.5-flash,3,018c0a,poster,56,0.4451293029049318,0.3105074596696112,1.8869671110980064,1.233956773728322,0.7304530057126947,0.4539741327156185
qwen-3.5-flash,1,0197c7,poster,30,0.1298715054515088,0.2515963983379765,5.735804465841838,0.3695109133881976,0.5073096720789557,0.11636664775998
qwen-3.5-flash,2,0197c7,poster,30,0.1068778687288601,0.2316074936166727,5.8218387493220245,0.3135459463689971,0.5062078161853861,0.0903320645071494
qwen-3.5-flash,3,0197c7,poster,49,0.0609880029738635,0.1864095189414376,6.171174104033257,0.1742046467409598,0.5010609528067358,0.0365369576320246
qwen-3.5-flash,2,01ca85,mobile,12,0.0777917815379483,0.2175369339570332,3.3290763509384984,0.3923884389994067,0.6335338517980191,-0.1332444125071974
qwen-3.5-flash,1,01ca85,mobile,12,0.0777917815379483,0.2175369339570332,3.3290763509384984,0.3923884389994067,0.6335338517980191,-0.1332444125071974
qwen-3.5-flash,3,01ca85,mobile,12,0.0778627191047522,0.2175559821624347,3.3287570674769165,0.3927201078986745,0.6336892183076226,-0.1314452964686409
qwen-3.5-flash,1,01d4b9,poster,55,0.3847953608667028,0.4379759576501187,0.983829237218038,0.6327282474754393,0.7194157403374042,0.034373556007947
qwen-3.5-flash,2,01d4b9,poster,55,0.3909248948575313,0.4453921436907249,1.0243602079320688,0.893855752738562,0.777176930905786,0.0998482223590977
qwen-3.5-flash,3,01d4b9,poster,50,-0.1784895611102741,0.2790588804752267,1.6023145969536692,-0.7045095749624859,0.2237219345089245,-0.1408598091348469
qwen-3.5-flash,1,0186f0,poster,52,0.2314133141522717,0.2198039198158791,5.7163056598913675,0.7165235589448783,0.4398476362173858,0.2274443228944803
qwen-3.5-flash,2,0186f0,poster,30,0.094798300606416,0.2152576455202648,5.4775402671839,0.2734921251638414,0.5181382212457888,0.1263258808210028
qwen-3.5-flash,3,0186f0,poster,52,0.1163319689266637,0.2538403389741046,3.5003768262051973,0.2815805746842322,0.6107142783760084,0.131064297755398
qwen-3.5-flash,1,01e2cd,mobile,52,-0.0089090592753735,0.1587843515863559,4.7316013299933015,-0.2870585722702569,0.4358256580939885,-0.0294191066707185
qwen-3.5-flash,2,01e2cd,mobile,35,-0.002992754425073,0.1498078914206685,4.844141057162719,-0.2523717650146801,0.384169925803963,-0.0354841476549229
qwen-3.5-flash,1,020ba5,mobile,30,0.1144479155334902,0.2572133253941729,4.904477173287644,0.3378854676968578,0.4809028707350778,-0.0386401710045692
qwen-3.5-flash,3,01e2cd,mobile,48,-0.031849496617185,0.1355261510450074,5.138545375615452,-0.4123304205069568,0.3068092213443055,-0.0837134437582623
qwen-3.5-flash,2,020ba5,mobile,21,0.1261052556954204,0.2631292663128412,4.937823656354919,0.3492156715928804,0.4856274923334996,-0.0089283429928141
qwen-3.5-flash,3,020ba5,mobile,30,0.1489365140569393,0.2973356120236597,3.474458086389183,0.4916204039212077,0.5496971193308411,0.0200973011986703
qwen-3.5-flash,1,02622b,web,30,0.0225715516203285,0.111144731800914,3.3329349637710086,-0.0228909209413061,0.5681920691412609,0.0581827947101761
qwen-3.5-flash,3,02622b,web,30,0.0092806144066662,0.107123138231341,4.075112658069953,0.0020001363105983,0.4591264525013361,0.0447290639662151
qwen-3.5-flash,2,02622b,web,31,0.0138036067919113,0.1053539701233779,3.419582959884094,-0.0989476446095374,0.5114297441382258,0.0678988061122735
qwen-3.5-flash,2,026a98,web,13,0.0444192197729815,0.1691829883444771,4.4296179124757185,0.1752221345882187,0.6593622202794813,-0.1514901003664651
qwen-3.5-flash,1,026a98,web,13,0.0557092333225335,0.1829368987641444,3.992810630404649,0.2758259615128116,0.6762872420314402,-0.156469233713234
qwen-3.5-flash,3,026a98,web,13,0.0529985449135542,0.1832378454899572,3.9475231525207417,0.2646526083287718,0.6788273583975697,-0.1401766332809489
qwen-3.5-flash,1,026dd2,web,46,0.3988672509213711,0.3786133010366964,1.694626755072999,0.9923539292641956,0.7235038277588853,0.2587991056552934
qwen-3.5-flash,3,026dd2,web,50,0.0648484825290462,0.2214922236583378,2.549914681348318,0.1800686156967467,0.5978382838534362,0.1112524140858292
qwen-3.5-flash,2,026dd2,web,34,0.2321967478538489,0.2919995221374082,2.127744874926532,0.5786755370809623,0.6538860090120359,0.2083356309530009
qwen-3.5-flash,2,027990,poster,33,-0.0557555333193775,0.1723399369239966,2.970406022567927,-0.2074430436457016,0.4713819178141081,0.0909536748660244
qwen-3.5-flash,1,027990,poster,38,-0.071170247294397,0.1590071979367294,3.0734143040176596,-0.225771785882645,0.4881206854799216,0.0950278420235373
qwen-3.5-flash,3,027990,poster,50,0.0197207814135857,0.2492604113813799,2.249298257580977,0.0519473603571279,0.5827663558355731,0.0342821355708978
qwen-3.5-flash,1,029a48,web,42,0.4097990455133217,0.3387327634939732,1.6955116364609886,1.2336816268214024,0.7945860809448889,0.1876141390686764
qwen-3.5-flash,2,029a48,web,38,0.4215193550140254,0.3501961487228228,1.6730284092318437,1.2592543635300033,0.7982360255279346,0.1738753035318282
qwen-3.5-flash,3,029a48,web,35,0.4234124177805786,0.3422863879686046,1.6808664774547122,1.2997279401965538,0.8026051226669446,0.1968227137541868
qwen-3.5-flash,1,02f37c,mobile,51,0.3652298611710793,0.3698042579690029,1.3578985737587244,0.8333349751494175,0.7196605859308023,0.3576253403297674
qwen-3.5-flash,2,02f37c,mobile,30,0.2280935747244236,0.3353891241767555,1.603705219698746,0.4806572253145361,0.683256166739138,0.2321320128242866
qwen-3.5-flash,3,02f37c,mobile,30,0.2538842546616984,0.3260100302227753,1.8020719163863483,0.5401482396937001,0.6765752492011599,0.2506538834509585
qwen-3.5-flash,1,030bb3,desktop,41,0.3573903273667404,0.2761776676601905,1.7105976262610376,1.0705445609308355,0.768850537374327,0.342836846417232
qwen-3.5-flash,2,030bb3,desktop,43,0.3843318334512037,0.2868169851528619,1.6008277697601023,1.144637977440835,0.7889467260136453,0.3650943896748593
qwen-3.5-flash,3,030bb3,desktop,30,0.3665935595067203,0.2608475042597409,1.7720058998943176,1.148723622083934,0.7863473549481965,0.3505843122000527
qwen-3.5-flash,1,02a592,web,35,0.088278915129065,0.1481620766985885,4.1788344560338695,0.1622383031111433,0.6303367398815669,0.1106415856102321
qwen-3.5-flash,2,02a592,web,37,0.096334841052131,0.1548165893280429,3.953163509737791,0.1651115739724843,0.6586319228071407,0.1095451645299771
qwen-3.5-flash,3,02a592,web,50,0.1163699708838341,0.2163102397166022,2.769017802761161,0.2636777765171981,0.6237334470115582,0.1105666816387907
qwen-3.5-flash,1,03474c,desktop,55,-0.0766753651281969,0.1807591735495513,2.929646057043258,-0.250398328668206,0.4705727573599361,-0.0632331747122588
qwen-3.5-flash,2,03474c,desktop,55,0.0765999609795216,0.2375259712949901,2.515703273699196,0.0797753708144867,0.5482502341127236,-0.1003434805999968
qwen-3.5-flash,3,03474c,desktop,52,0.0610242149185213,0.2232295422865127,2.8303839679621308,0.0560352035882935,0.5333190030346677,-0.0945570620832049
qwen-3.5-flash,1,035da4,mobile,52,0.2370958928374149,0.2966194531279728,1.5943046098231837,0.5309259030418723,0.6826882012233013,0.2891818740859269
qwen-3.5-flash,3,035da4,mobile,34,0.3878284611578126,0.3527764630995098,1.4917893197509138,0.9644591719981,0.7234998737083453,0.3664507489401652
qwen-3.5-flash,2,035da4,mobile,55,0.0949522819006087,0.2455894950758604,2.037535952505053,0.2696872277664056,0.5721366183703451,0.1283460284696392
qwen-3.5-flash,1,03340d,mobile,52,0.1143739581858155,0.2446302368453821,4.23545914503093,0.1149787299181851,0.6478769260899533,-0.0822524092087159
qwen-3.5-flash,2,03340d,mobile,10,0.1460618305139887,0.2468800369916221,4.206427137191265,0.1936519133297017,0.6524328862813992,-0.055181356922961
qwen-3.5-flash,1,037d19,desktop,47,0.0569902606743543,0.2149006292392026,5.903137655078316,0.2644673083227724,0.4984199213372107,-0.015447547376505
qwen-3.5-flash,3,03340d,mobile,10,0.1334491912137239,0.2374318688003618,4.351250435857435,0.1657671355103606,0.6416742294139819,-0.0601090658858144
qwen-3.5-flash,2,037d19,desktop,56,-0.0226375691833779,0.1792543206268627,6.480267313163797,0.0496180033391834,0.3831144505740692,0.027931843570711
qwen-3.5-flash,3,037d19,desktop,80,-0.0018305640993788,0.1939688325769126,5.882882151957299,0.0785160373612436,0.3985347190480983,-0.0380680867829331
qwen-3.5-flash,1,038d71,desktop,50,0.6633683925529021,0.5408521839485647,0.776301713493794,1.9364798970369963,0.8803906141029876,0.6263906047283252
qwen-3.5-flash,2,038d71,desktop,40,0.6692177810880544,0.5535484388669472,0.7420220807498846,1.9830652513294753,0.8825860446587142,0.6335650705888007
qwen-3.5-flash,3,038d71,desktop,49,0.7375334305750201,0.5920338643448905,0.7339465056812811,2.283880249093606,0.8902561478047365,0.7270354681656297
qwen-3.5-flash,1,042af0,web,63,-0.0454195581733792,0.1041551009460966,3.559753207443505,-0.1884603263826335,0.5256346472618196,-0.0672811381007715
qwen-3.5-flash,2,042af0,web,49,-0.0070622034820761,0.1244960767451267,3.1947428624186194,-0.0880112025736278,0.5662956157324499,-0.0369534587136978
qwen-3.5-flash,3,042af0,web,60,-0.0741203083269587,0.095315312280633,3.5786397536403394,-0.3166917812691736,0.5298155873364749,-0.1220526057640878
qwen-3.5-flash,1,039978,mobile,19,0.0601771983155843,0.1598186258624543,4.411873442904893,0.0814996756307014,0.6080119176942096,0.0529342336236989
qwen-3.5-flash,2,039978,mobile,40,0.0080215209003119,0.1626158154094724,4.114270884443024,0.0933213724245718,0.6533822032701142,0.0059553666345916
qwen-3.5-flash,3,039978,mobile,30,0.0113384038664977,0.1536806897396742,4.187536732316328,-0.0386022311191501,0.5515771295230782,0.0142486905449323
qwen-3.5-flash,1,045f81,desktop,53,-0.068956222003704,0.117568954506388,4.047577995735487,-0.3762331610826939,0.484386955689391,-0.142988704173955
qwen-3.5-flash,2,045f81,desktop,36,-0.0799889353173084,0.1399983685893938,3.194125960174114,-0.3238984637421741,0.4588408613727381,-0.1378862247521575
qwen-3.5-flash,3,045f81,desktop,31,-0.059032183940879,0.1532504712908787,2.904079408644752,-0.2805875144354407,0.4529074582669464,-0.1184290192661516
qwen-3.5-flash,1,045d43,poster,36,0.1524945270654393,0.2664988912595701,3.161574489468529,0.7419078055078212,0.7099959983215527,0.1661379962724119
qwen-3.5-flash,2,045d43,poster,33,0.1243548442234407,0.2402300329508572,3.781185794224735,0.6215151226595512,0.6394211593280902,0.1473638927041638
qwen-3.5-flash,3,045d43,poster,33,0.1562327585710553,0.270457674770577,3.723770350966517,0.7659709858384437,0.6499336432299402,0.1638297321101674
qwen-3.5-flash,1,0529f2,desktop,35,0.1958794223412516,0.2461278099912541,2.859948021312287,0.5685863337589818,0.6710645764859541,0.1138603322275546
qwen-3.5-flash,1,04741e,mobile,38,0.0708382336440227,0.2662125029083392,3.3008634599407665,0.4680483277088595,0.6105369511552601,0.0733003985877512
qwen-3.5-flash,2,04741e,mobile,39,0.1379010608624441,0.2909294163750603,2.9858973738146073,0.5782205270069262,0.659533185111075,0.1457939478670111
qwen-3.5-flash,3,0529f2,desktop,31,0.1472984497898663,0.21319957414281,2.9284821755574972,0.3690389678163662,0.5828978696553793,0.1108279239523858
qwen-3.5-flash,2,0529f2,desktop,29,0.3778117960693113,0.3185768235558188,2.5074952831580557,1.1056919953978717,0.7003852640092401,0.254372506954206
qwen-3.5-flash,3,04741e,mobile,38,0.0831731822029406,0.2736178020286986,3.2270503058599744,0.501795330775513,0.6287518026403566,0.0917189356330024
qwen-3.5-flash,2,056cfb,desktop,36,0.0892779453014946,0.202043776701461,2.3986614696832067,0.3716929265769043,0.6526858972879359,-0.0051480523514683
qwen-3.5-flash,1,056cfb,desktop,30,-0.0490931565170234,0.1395417307092423,2.8679106068859075,-0.1007238947680069,0.5707738854613712,-0.0554819644678064
qwen-3.5-flash,3,056cfb,desktop,30,-0.0189076920150212,0.1571101993648199,2.6910845074670258,9.082232215656842e-06,0.5922534523304699,-0.0570455556556141
qwen-3.5-flash,1,05890e,web,50,0.0183670120009186,0.1518400362632625,4.293231687761795,0.063946486723421,0.5520471664086528,0.0289327769564277
qwen-3.5-flash,2,05890e,web,30,-0.042047547316476,0.1119150617603473,4.584777489844718,-0.1832746412562551,0.4995832279081166,-0.0352975798376233
qwen-3.5-flash,1,05490b,mobile,33,0.0211565594209428,0.2502563472674465,4.155861773904464,0.0297914189327234,0.553227874789268,0.0926088729239204
qwen-3.5-flash,2,05490b,mobile,31,0.0038296873928922,0.1981026560751312,4.886009856428483,0.0033585189587202,0.5207811459435866,-0.0668447299304813
qwen-3.5-flash,3,05490b,mobile,33,-0.0148507995759451,0.2122237584679311,5.486307008333336,-0.0209757652577626,0.4246560834296132,-0.0621426840869061
qwen-3.5-flash,3,05890e,web,30,0.151090931291925,0.2099058175567411,2.510082873220614,0.4098330860215639,0.6648629803741273,0.1318387667210601
qwen-3.5-flash,1,05a1ad,poster,45,0.0242599110771276,0.2157467363034596,3.368327406386901,0.0687619499075993,0.5444433967814646,0.004250950725347
qwen-3.5-flash,3,05dac7,web,32,0.1559611111388053,0.2446724326448364,2.7298280607116783,0.5403316548016501,0.74649894769099,0.1418548791313713
qwen-3.5-flash,2,05dac7,web,48,0.2515283262711301,0.285154377702612,2.058242122230695,0.8315760328636764,0.7789488951170273,0.2069913020765794
qwen-3.5-flash,2,05a1ad,poster,36,0.0082079508242223,0.194626635739962,3.739608585359515,0.079888588939831,0.5535102556536964,-0.0118621545756302
qwen-3.5-flash,1,05e980,poster,49,-0.1249079826080965,0.1284652970947747,3.5851767837592687,-0.324375969383995,0.3887859616534787,0.0161945415631882
qwen-3.5-flash,1,05dac7,web,30,0.3587726055755735,0.3355253473976203,1.638140323718816,1.1316634704406066,0.7910166531449319,0.3203509043474462
qwen-3.5-flash,3,05a1ad,poster,30,-0.0216894482427013,0.187448022456617,4.797419857764592,-0.1335329692046198,0.4129513248445665,-0.0395330715068847
qwen-3.5-flash,3,05e980,poster,30,-0.0749419288967036,0.1384595563046387,3.1535030766677723,-0.2425275627409789,0.4247828735590094,0.0158810331853346
qwen-3.5-flash,1,06256f,web,44,0.214526770701972,0.2332417636111928,2.891405569112181,0.4011670014137053,0.578609582094564,0.1374123901807577
qwen-3.5-flash,2,05e980,poster,32,-0.0110642805078914,0.160229761663168,3.034160711551856,-0.0545618514135099,0.4865048926268554,0.0332363011973423
qwen-3.5-flash,3,06256f,web,46,0.1590648796527056,0.2138688876661156,3.040367543996823,0.2765269292565462,0.5574133590675785,0.1013042242069871
qwen-3.5-flash,2,06256f,web,48,0.1402624023545851,0.2132034993536306,3.0002803619663627,0.2338428070586462,0.5668255432600579,0.1044586010840441
qwen-3.5-flash,2,0616a4,mobile,34,0.0474275537639457,0.1848474641124017,4.048260577446851,-0.0658102963442378,0.6218107534541686,0.0160990315585102
qwen-3.5-flash,1,0616a4,mobile,50,0.0585780410333552,0.2498463045143616,3.2298276464013953,-0.0235786502936557,0.6092609002618565,-0.0436121917898712
qwen-3.5-flash,1,0632d7,desktop,30,0.0753063073622692,0.2066744806194516,2.809308945969135,0.2612049724789476,0.6092740764309574,0.1747085083320541
qwen-3.5-flash,3,0616a4,mobile,34,0.0324125297971457,0.2142507329650062,3.9118405299184977,-0.099414859182661,0.5997736578209478,-0.0388109342292836
qwen-3.5-flash,2,0632d7,desktop,31,0.0786686827542873,0.2045221236026878,2.835194686874671,0.3442087678078061,0.6191807416035721,0.1608577294047588
qwen-3.5-flash,3,0632d7,desktop,29,0.1239174640084675,0.2217847890825369,2.7261532792968413,0.4764637953142709,0.6359501080394558,0.2051212102719463
qwen-3.5-flash,2,070781,web,33,0.0706712553467033,0.1884929455065817,3.250894363047462,0.4085559590782912,0.5899318678442462,-0.0128511351419408
qwen-3.5-flash,1,0720ce,desktop,30,0.0592854780989381,0.174301024014662,4.652240915813871,0.2592757766066055,0.7599120891308848,-0.0369900903422791
qwen-3.5-flash,3,070781,web,30,0.0349187026397881,0.1703753301563126,3.0740120349903615,0.1026756254934272,0.5523271132151794,-0.0174550242429729
qwen-3.5-flash,2,0720ce,desktop,53,0.1499467046321772,0.23638503995811,3.83174093661124,0.6535253298765481,0.769745178838048,0.0753469007590662
qwen-3.5-flash,3,0720ce,desktop,51,0.0779386017087285,0.1890655543540622,5.124318760269233,0.4370381723694573,0.7894132894787882,-0.0053104701469189
qwen-3.5-flash,1,064f44,mobile,51,0.2684391691003286,0.3464620429174518,2.756426558228924,0.8200299426793818,0.672060528953154,0.1893565704285741
qwen-3.5-flash,1,070781,web,31,0.0463378335997005,0.1749015236121883,2.94551643871562,0.2016038220838007,0.5803366284798461,-0.002252116043031
qwen-3.5-flash,2,064f44,mobile,30,0.1207546123828188,0.2331971107566991,4.8514972354069466,0.3915877437596194,0.5740868743827947,0.0466711125077841
qwen-3.5-flash,2,072634,desktop,61,0.1236177233975502,0.1912384097367034,3.8477414196034734,0.2421190506927826,0.6522792327947563,0.0765954044966618
qwen-3.5-flash,1,074c75,web,44,0.1459438371431727,0.2316712142274765,2.104596437197843,0.5320104210060682,0.7139352126958535,0.0312468189591617
qwen-3.5-flash,3,064f44,mobile,51,0.2489850607539024,0.3352865804837449,2.6470392526820983,0.735872425391539,0.7074281123709283,0.1812126114675711
qwen-3.5-flash,3,074c75,web,50,0.0896664136592371,0.2024007637819064,2.245534869185958,0.2977143256374344,0.6692008237830301,0.0206092665584831
qwen-3.5-flash,2,074c75,web,39,0.1465394112276337,0.2207377196819622,2.039605704476066,0.5146678706379456,0.7215122398931496,0.0463804863923771
qwen-3.5-flash,3,072634,desktop,32,0.1521353092156071,0.1964239637122927,3.6952213592391208,0.3460953578475946,0.6476467618754569,0.1207699443103663
qwen-3.5-flash,1,075286,desktop,24,0.2392497397309534,0.272305557533429,3.449915536869327,0.6458802883012922,0.6389914106103081,0.2352861242143012
qwen-3.5-flash,2,075286,desktop,42,0.184682844112929,0.2573995644774832,3.4565693307482555,0.4803260679833421,0.634835009420347,0.1260744678138922
qwen-3.5-flash,3,075286,desktop,36,0.2038191801477057,0.2621137955836731,3.4285622598992154,0.5335785511328592,0.6374845709652459,0.1590618506233483
qwen-3.5-flash,1,072634,desktop,30,0.1433082366445457,0.2089634570451574,3.0576046085428494,0.2994982549588146,0.6751542046383763,0.0610587069808284
qwen-3.5-flash,2,07950c,desktop,54,0.683327712627775,0.4343799605515943,2.1195068102699945,2.426153278863368,0.796475783144362,0.6667012847994354
qwen-3.5-flash,3,07950c,desktop,42,0.7701493791682106,0.483505019747203,2.039067108540947,2.6424672893647463,0.8001357075173434,0.7587205565333714
qwen-3.5-flash,1,07950c,desktop,50,0.7233958939483469,0.4764087702057258,2.0593553017969772,2.553528001137164,0.7984004966317196,0.7090562671730246
qwen-3.5-flash,1,07b304,desktop,51,0.602186209145121,0.5268334296184761,1.1335529771606403,1.5947213990382292,0.8128976577212063,0.5008414644048705
qwen-3.5-flash,1,07a2c8,web,42,0.1350342733608353,0.1953999028602139,2.742402080262483,0.4166795293308378,0.6668941240370125,0.0920103732263851
qwen-3.5-flash,2,07a2c8,web,44,0.1151039886813355,0.1881408855588609,2.7924045900357974,0.3674768184297808,0.6642167347662736,0.0820626817586102
qwen-3.5-flash,2,07b304,desktop,52,0.4644870320038115,0.4278557728518866,1.3316565609405338,1.3205855207332962,0.8141789840058745,0.3901363282009648
qwen-3.5-flash,3,07b304,desktop,51,0.5625086084014672,0.4585384655547472,1.311352556710172,1.5570468228734495,0.816953969445746,0.520632092601931
qwen-3.5-flash,1,085001,poster,42,0.1445903845187862,0.2449695886156219,1.8286582907805768,0.4138907628526153,0.6375163783458129,0.1947700115549914
qwen-3.5-flash,3,07a2c8,web,41,0.1305242372854859,0.1950262808494679,2.745421855092057,0.3892790329405726,0.6671336087103618,0.0758651777762298
qwen-3.5-flash,2,085001,poster,51,0.2467439921068476,0.265319671525362,1.7293739398043575,0.6671613151622575,0.6931177140889921,0.2978114726318658
qwen-3.5-flash,3,085001,poster,51,0.1151786764517462,0.2334647943267045,1.92367502869865,0.2981927366026745,0.5943922058696962,0.0965005481440951
qwen-3.5-flash,2,08a5d7,desktop,31,0.3856917855606403,0.3032598323276809,2.7373534283672436,1.0327458549696416,0.6468411811182202,0.3365462220253993
qwen-3.5-flash,3,08a5d7,desktop,30,0.5102778837002231,0.3600567167509628,2.549382281455186,1.3947677123129565,0.6551709617979377,0.4347120696688442
qwen-3.5-flash,1,08a5d7,desktop,51,0.3821059810483345,0.283303571083947,2.608272538174136,1.0076174327485885,0.5961081537394717,0.3383655024942495
qwen-3.5-flash,2,07e9bb,mobile,31,-0.0124466399919779,0.2568676642431156,3.2495196394925814,-0.1725756995338183,0.4690359757486834,-0.0168985961852073
qwen-3.5-flash,1,07e9bb,mobile,30,0.0749660497893998,0.2857900784439461,3.1267750818456217,0.0548047824587764,0.4992725631089778,0.0765193232063119
qwen-3.5-flash,1,08aaa5,poster,49,-0.0108350605975241,0.0950269273105874,6.0742936146994895,-0.0254942922559812,0.6406564572297742,-0.098906284362832
qwen-3.5-flash,2,08aaa5,poster,55,-0.0275700598464212,0.0859283557808287,6.2197399878924555,-0.0912860881942208,0.5181428520179314,-0.0573658920968027
qwen-3.5-flash,3,08aaa5,poster,55,-0.0275700598464212,0.0859283557808287,6.2197399878924555,-0.0912860881942208,0.5181428520179314,-0.0573658920968027
qwen-3.5-flash,3,07e9bb,mobile,30,0.0217149897052197,0.265648910643191,3.52432253793286,-0.0029503982402384,0.4711583665280438,0.0327928132465301
qwen-3.5-flash,1,08d1eb,desktop,51,0.1015208839041673,0.2000358698569216,4.820080229777999,0.2406113077354384,0.5738384078184877,0.0186551586600985
qwen-3.5-flash,3,08d1eb,desktop,51,0.1037436364098285,0.2015938550199602,4.793501894616395,0.2482111462390277,0.5740064730867065,0.0204068811254547
qwen-3.5-flash,2,08d1eb,desktop,51,0.1081068998071822,0.1972459519104214,4.784694490679022,0.2406038221065062,0.5772434366466784,0.0163652857441746
qwen-3.5-flash,1,08d885,mobile,33,0.0229861375645397,0.2456045752688779,2.2504019481899977,0.1672594005189566,0.6198276210116207,-0.149202061223332
qwen-3.5-flash,2,08d885,mobile,30,0.0156834746517318,0.2278880991496517,2.415120919918246,0.1391090684964063,0.5993329716608136,-0.1633823193202509
qwen-3.5-flash,3,08d885,mobile,40,-0.1387706233032691,0.1661643269911471,3.2329286608775143,-0.2752201264742401,0.4681895986521251,-0.2423277366224646
qwen-3.5-flash,1,08b92b,poster,30,0.2978749152649639,0.3479310033214897,2.952755748494978,0.6276739155138107,0.6958747191039609,0.1135960240001766
qwen-3.5-flash,2,08b92b,poster,30,0.2977869402000148,0.3479503521716127,2.9545894350576525,0.6373835488605083,0.6964046648391979,0.1144855005196972
qwen-3.5-flash,3,08b92b,poster,47,0.5958666986557417,0.5378864081687406,2.1251256395836085,1.4176420868488069,0.7522699556076158,0.4567944346802379
qwen-3.5-flash,1,09094b,poster,75,-0.0644744594335996,0.2315568578912739,3.013441222700439,-0.2763250198799813,0.4058556326665676,-0.1236352138901901
qwen-3.5-flash,2,09094b,poster,75,-0.0824117070011829,0.2280805170055254,3.057522885206366,-0.3135867220790657,0.406166069993774,-0.120021224344138
qwen-3.5-flash,3,09094b,poster,75,-0.0624717178403529,0.2316019977379353,3.009325832507169,-0.2697338634907167,0.4067166215313171,-0.1195418464908934
qwen-3.5-flash,1,091b5e,web,31,0.1673515628686287,0.2159662869418981,2.1054622036025847,0.6409865068631894,0.7119569315989748,0.1310787059763479
qwen-3.5-flash,2,091b5e,web,29,0.1549363128069565,0.2087786936416344,2.1875971576477804,0.6014809061322546,0.7011268772128495,0.1272205324753834
qwen-3.5-flash,3,091b5e,web,33,0.1272454879622027,0.2010986380086964,2.1956168467137775,0.4967240131662487,0.6912519434373015,0.0927059478924537
qwen-3.5-flash,2,092bd5,poster,46,0.0422451864091965,0.2740583672871964,3.5346969785572164,0.1739559033822308,0.452974008598583,-0.0429256832272797
qwen-3.5-flash,1,092bd5,poster,33,0.0055806533415877,0.2679713835738271,2.4806944145690424,0.0471513812338221,0.4502910707665833,-0.0727457734286023
qwen-3.5-flash,3,092bd5,poster,19,0.0110315550062907,0.251855802671074,3.393916514365678,0.086387247364483,0.4829397510679164,-0.0284034069882307
qwen-3.5-flash,1,091ab0,mobile,55,0.3521613240417383,0.4188788246169405,2.663220581013507,0.595492517869735,0.737757375712312,0.3029719467936305
qwen-3.5-flash,3,091ab0,mobile,30,0.2147729260095173,0.3143987589491482,3.613090454801866,0.4554856050864991,0.6734241675368623,0.2193484479419687
qwen-3.5-flash,2,091ab0,mobile,30,0.1949089211148875,0.332823199500017,2.7807530444258397,0.4333367085680291,0.7085830947595234,0.1243988548272255
qwen-3.5-flash,1,093c65,poster,31,0.3251324810053833,0.3464943644296237,2.612862732989893,0.9617247449584236,0.7331701209665947,0.2944566444011106
qwen-3.5-flash,2,093c65,poster,30,0.2472722007319544,0.2860581007379215,3.457211812222794,0.8041662351350766,0.5910419241645279,0.237492213270955
qwen-3.5-flash,1,0939f7,poster,36,0.0413202374810138,0.1530408330607081,5.223947980236228,0.1095791848218283,0.4424309620545888,0.0033417540070858
qwen-3.5-flash,2,0939f7,poster,33,0.0435017084484393,0.159729861828146,4.705908074885945,0.1183267440370086,0.5361979362695672,0.016490124851363
qwen-3.5-flash,3,093c65,poster,30,0.31122096627994,0.323713660148558,2.9295591100215987,0.9816311804416404,0.6703436889053791,0.2919279688813551
qwen-3.5-flash,1,00ee0c,poster,42,-0.0073067057225379,0.0419855208124297,6.98003494470724,,,0.0125579228418004
qwen-3.5-flash,3,0939f7,poster,57,0.0592273579176943,0.1678352935010133,4.935449580953835,0.2146327214339295,0.5165150855880558,0.0761094231402912
qwen-3.5-flash,3,0950e7,web,82,0.033152239386897,0.1983042929240799,2.134354232860935,0.1428753481591381,0.6520252711181743,-0.0024908339954168
qwen-3.5-flash,1,09bb5b,desktop,52,0.0945329575075922,0.2694556939318109,2.220839841695165,0.2018159626462166,0.5973590537167428,-0.0132939785794704
qwen-3.5-flash,1,0950e7,web,53,0.1510930654466089,0.2385587881954941,2.014845075637849,0.4249279711265022,0.7281797239209641,0.0934645948086738
qwen-3.5-flash,2,09bb5b,desktop,63,-0.0544359669640518,0.2214606298981241,2.598891987483279,-0.1754297951472378,0.4497347590822067,-0.0745548685183184
qwen-3.5-flash,3,09bb5b,desktop,55,-0.0413169964894764,0.2163733982828875,2.6741322239835057,-0.1711519147937671,0.460408156251292,-0.0947743152468231
qwen-3.5-flash,2,0950e7,web,42,0.2408544218481361,0.2823292959116997,1.9691565374604505,0.6430148853904047,0.7006815874432496,0.1824942098190483
qwen-3.5-flash,3,09942c,mobile,49,0.1964047980357552,0.275045297699953,3.724639933167692,0.3079937107028964,0.6465852654683755,0.1268508896841556
qwen-3.5-flash,2,09942c,mobile,50,0.1676074039434429,0.2539540610627252,3.7699564815284927,0.399943499735335,0.656326709411985,0.1027287242938467
qwen-3.5-flash,1,09942c,mobile,66,0.1496567190416145,0.2358018078717176,4.528231670268285,0.3705547481566366,0.5878340394483347,0.08599206818076
qwen-3.5-flash,1,09d1d9,poster,30,0.0659525784012771,0.1675721842076434,5.37750640113966,0.2727387939233143,0.6523178862722082,-0.0261018304168342
qwen-3.5-flash,3,09d1d9,poster,30,-0.0191944062716372,0.1103094056307028,7.165592510068884,0.0191067985068265,0.5278338756986034,-0.0166346061024464
qwen-3.5-flash,1,0a0c95,mobile,30,0.2508188623579534,0.2852992742881141,2.6473707669915574,0.8109043316639962,0.6979961822561264,0.2327246168712283
qwen-3.5-flash,2,09d1d9,poster,30,0.0597421814673828,0.2119693050417702,4.558737863348548,0.3741826152741304,0.7248360217806804,-0.0020178732130069
qwen-3.5-flash,1,0a22ef,web,47,0.1357152371692064,0.2704850185340807,2.4159173107672913,0.2855563222282566,0.5607270064717788,0.1308700920801381
qwen-3.5-flash,3,00ee0c,poster,33,0.0057580070143036,0.0440159871232916,6.96216192694458,,,0.0167778118431601
qwen-3.5-flash,2,0a22ef,web,46,0.0789162787221651,0.2433371119405982,2.444161859569255,0.1367904436997107,0.5409492698530773,0.1036751878734805
qwen-3.5-flash,2,0a0c95,mobile,30,0.2588884738986132,0.2895893669593806,2.6237418852624663,0.8346286377037583,0.7005420457229691,0.2340961117025458
qwen-3.5-flash,3,0a22ef,web,32,0.1764161870483091,0.2882075042323507,3.616562962759168,0.4038068128262718,0.5819767862427848,0.1654439020897933
qwen-3.5-flash,3,0a0c95,mobile,30,0.2573166129678138,0.3004350938078957,2.5396482054477327,0.8048092436237535,0.7042367949142239,0.2213746614082327
qwen-3.5-flash,2,00ee0c,poster,36,-0.002282693858348,0.0431664789549679,6.969575059069831,,,0.004048865707235
qwen-3.5-flash,1,0a87be,web,16,0.0614729949796038,0.113939034704135,4.947520721698234,0.1620326309386585,0.5599092921350425,0.1009952890529419
qwen-3.5-flash,2,0a588b,mobile,31,0.0984377940384085,0.2821053709563198,3.0601918859031163,0.2710035172252548,0.6292624077676937,0.0598823526602742
qwen-3.5-flash,2,0a87be,web,30,0.1594248235088946,0.1730678259530326,3.3252495274296057,0.4989244582338281,0.6499699572399232,0.1398924979211488
qwen-3.5-flash,3,0a588b,mobile,31,0.100896072993845,0.2836755952442237,3.307345320614967,0.127102206468222,0.5996346095572539,0.0408553035048302
qwen-3.5-flash,1,0af35a,web,31,-0.0409198542663276,0.0871022299846402,4.256691737110875,-0.3774355865775813,0.5280213338872626,-0.0894903790731693
qwen-3.5-flash,3,0af35a,web,31,-0.0408602757581464,0.0876295884776744,4.256969306609699,-0.3815834560371727,0.5288252936512469,-0.095492866777632
qwen-3.5-flash,1,09d330,poster,52,-0.0897992259553674,0.0325947003424642,8.64465386261244,-0.3083051759466393,0.1519127995598921,-0.0357512857930535
qwen-3.5-flash,3,09d330,poster,49,-0.0365243890036389,0.0728622000336783,7.484693031939747,-0.2363256280686563,0.2558939851758229,0.0263914082266264
qwen-3.5-flash,1,0b2a15,web,35,-0.0373017102458716,0.2003123090744958,4.174065963955311,-0.158200723878048,0.488626936963358,-0.1141849357431727
qwen-3.5-flash,2,0af35a,web,31,-0.0411893826613314,0.0873287060700297,4.253366206543158,-0.3796521333662495,0.5275704799191184,-0.0912619269185101
qwen-3.5-flash,2,0b777c,desktop,50,0.2749244217753703,0.3332633305924313,1.3260435661355998,0.5651297609606284,0.6618791824962644,0.1720585210257246
qwen-3.5-flash,2,0b2a15,web,34,-0.0558456785001726,0.1947259978934453,4.005144950963189,-0.2093765253042159,0.4879567015454344,-0.1450078810269865
qwen-3.5-flash,3,0b2a15,web,35,-0.0401593578766033,0.1992204925937643,4.076828923599617,-0.1607059051864747,0.488664995430737,-0.1267913164774576
qwen-3.5-flash,1,0b777c,desktop,70,0.1093770717502681,0.295047221192495,1.5499429336411676,0.254802336887459,0.5751502824802335,0.1028523671858643
qwen-3.5-flash,3,0b777c,desktop,52,0.244939371396209,0.3317178515339961,2.0346431389492463,0.6057928442929982,0.6498711151100579,0.20056808448413
qwen-3.5-flash,3,0a87be,web,39,0.0799377868100534,0.1456783283703267,3.421210193527954,0.2407935626337643,0.6172986819229737,0.1194670247978367
qwen-3.5-flash,1,0ba80a,poster,31,0.3064893435613318,0.3305731403779072,2.193734161743465,0.8900826308208002,0.7523263283911897,0.2617406710876744
qwen-3.5-flash,2,0ba80a,poster,45,0.4633458775531981,0.3903193207150935,1.1768179389176654,1.29097097438513,0.7781738778195384,0.4459887172178592
qwen-3.5-flash,3,0ba80a,poster,31,0.3064893435613318,0.3305731403779072,2.193734161743465,0.8900826308208002,0.7523263283911897,0.2617406710876744
qwen-3.5-flash,1,0b81bd,poster,149,0.2737974177713085,0.2826518885966464,3.8405830025661887,0.5584898077881808,0.5732207319294708,0.1694956076253814
qwen-3.5-flash,1,0b86e9,mobile,9,0.124704625742251,0.2121981830128562,5.797610616145479,0.1385210864150104,0.4185886216387214,0.0707292701292455
qwen-3.5-flash,2,0b81bd,poster,58,-0.0497660622787788,0.1031294032495483,7.138285421276323,-0.1969228398839143,0.3161355369283798,-0.0897469714188645
qwen-3.5-flash,1,0a588b,mobile,30,0.1361743253642414,0.30258086283025,2.7726104427877165,0.3263256381014628,0.6762046510219674,0.0566801368630091
qwen-3.5-flash,1,0bce2b,poster,36,0.1203722653267115,0.2870164949435859,2.50738338722022,0.1524783689042173,0.544554516503161,-0.0114574894843716
qwen-3.5-flash,3,0b81bd,poster,53,-0.0773520797518583,0.0719598535976953,8.028970999677489,-0.2445279850973226,0.2416946558263496,-0.093062183470076
qwen-3.5-flash,2,0b86e9,mobile,9,0.1223925380191456,0.2113903580805125,5.804856635730794,0.1333500292789647,0.4183399149496865,0.0692750953772943
qwen-3.5-flash,2,0bce2b,poster,33,0.1102255133244479,0.2956764942665508,2.590092975148481,0.1605026901178947,0.5844814202718887,-0.0411470549658494
qwen-3.5-flash,3,0b86e9,mobile,9,0.12416115712514,0.2119535142484885,5.797596170353119,0.1343135889347064,0.418494559665666,0.0703580875644198
qwen-3.5-flash,3,0bce2b,poster,42,0.1787373951897496,0.3382367150813335,1.8177481983522952,0.3586490066600627,0.6152450406269567,0.0205415042003966
qwen-3.5-flash,3,0be8eb,mobile,21,0.4651542168927131,0.4017156955314046,1.3781633983883483,1.1219171429454562,0.7347721588092064,0.3467602839056654
qwen-3.5-flash,1,0be8eb,mobile,21,0.4623207509955088,0.4019361617503182,1.377224723781999,1.1147517410380123,0.7345431467390495,0.3439237493188361
qwen-3.5-flash,2,0be8eb,mobile,21,0.5249459491547983,0.4482668821103848,1.2434216128745144,1.28494827480324,0.7638651899649564,0.4081901006282643
qwen-3.5-flash,1,0c11b6,web,47,0.1412836640908662,0.2016514353049464,2.3447155852541437,0.6223914917802523,0.6839014047211227,0.141696057912124
qwen-3.5-flash,2,09d330,poster,105,0.0053850997305937,0.1414059049477012,4.48143363422966,-0.2366870579272645,0.5215305820023695,0.0619025074708484
qwen-3.5-flash,2,0c11b6,web,46,0.067768660588876,0.1841088063262323,2.467818383249158,0.2289306813815435,0.6308131520331292,0.0574039506552275
qwen-3.5-flash,3,0c11b6,web,45,0.2253592494722329,0.2255313076677045,2.142212935106554,0.9562950570038484,0.7272526907083217,0.2199692362365029
qwen-3.5-flash,2,0bdd56,mobile,307,0.022476560503571,0.2000164193749268,4.612273314850519,-0.1573302474404163,0.5218276926030222,-0.1248151067281696
qwen-3.5-flash,1,0bdd56,mobile,30,0.0189866553076957,0.2338446917427172,4.158876087849326,-0.1884392814147202,0.4376685874331339,-0.1601082466625457
qwen-3.5-flash,1,0c51af,desktop,48,-0.0862150744826298,0.1081047888439616,3.332508580820705,-0.292824162701238,0.5170022477607019,-0.0530829697123671
qwen-3.5-flash,3,0bdd56,mobile,30,0.0316264460500181,0.2442457038082639,4.0571959078710425,-0.1317562582624999,0.4676847958829371,-0.1909946592010794
qwen-3.5-flash,2,0c51af,desktop,45,-0.0126844379445622,0.1387838982985546,3.261235031075643,-0.074107033619298,0.5186574523947047,-0.0035799138894667
qwen-3.5-flash,3,0c51af,desktop,42,-0.0300018649907598,0.1371044979420743,2.965823633393626,-0.1245479023288907,0.55827308713235,-0.0545961407198881
qwen-3.5-flash,2,0c21ef,mobile,30,0.2378321263936876,0.1399078159424125,7.486931507035989,1.0330263705457958,0.3552221047346074,0.1436128287358496
qwen-3.5-flash,3,0c21ef,mobile,40,0.0457431980663866,0.1460561156611821,7.184647053204387,-0.0320071828516555,0.3223584533005104,-0.2812284125925016
qwen-3.5-flash,1,0c21ef,mobile,51,0.0191665250341147,0.1850243628867309,5.449030958502196,-0.1605819437475504,0.4874466679663537,-0.1797906816375574
qwen-3.5-flash,1,0ce287,mobile,30,0.1922698182498735,0.2633500141802836,2.9492619324607348,0.4214500890258172,0.6656532704731984,0.0860563299045871
qwen-3.5-flash,2,0c5a84,mobile,62,0.0773519623457122,0.1941293924254082,5.556726838340127,0.249830940986659,0.3409783255697692,0.094078779154664
qwen-3.5-flash,1,0c5a84,mobile,31,-0.0159253960967451,0.2005658226231977,5.692442313498816,0.0065164726868121,0.4266753581338978,-0.0083808923782723
qwen-3.5-flash,3,0c5a84,mobile,62,0.0773519623457122,0.1941293924254082,5.556726838340127,0.249830940986659,0.3409783255697692,0.094078779154664
qwen-3.5-flash,1,0cf59b,poster,30,0.0701389601449264,0.2168108182565538,2.7289586572986364,0.3876899457304415,0.6229213159346989,-0.1865794647231006
qwen-3.5-flash,2,0cf59b,poster,51,0.0247374393984738,0.1980237621382226,3.6158588075290714,0.3098097903552956,0.5546819202858836,-0.1505286951490399
qwen-3.5-flash,3,0cf59b,poster,54,-0.0231588558293076,0.17200568422142,3.3441629736583973,0.0791293441567941,0.5434529241928311,-0.1804417552692986
qwen-3.5-flash,2,0ce287,mobile,30,0.2225880551854286,0.288808659176398,2.703144560855087,0.544386997259548,0.6855038711927464,0.1373438981161396
qwen-3.5-flash,3,0ce287,mobile,30,0.2436091375180284,0.3024171142875601,2.3428105952558735,0.5563402851094623,0.7066205866187503,0.12494116131313
qwen-3.5-flash,1,0cee4a,poster,52,0.075999677052927,0.2203186545608034,2.9251300165324303,0.3511761491503816,0.5449725900421843,0.045374739016794
qwen-3.5-flash,1,0d8830,web,30,0.042753009844263,0.2360654491977304,2.6590163403355955,0.1198030096304831,0.6458818682615995,-0.0513295530012929
qwen-3.5-flash,2,0cee4a,poster,50,0.1245983215595691,0.2530649225814235,2.7791769029062023,0.5567269656441244,0.6237515902342315,0.0815198568891192
qwen-3.5-flash,2,0d8830,web,33,0.0775701969121971,0.2586466073581537,2.383021107424039,0.1546599725481667,0.6306218443537754,-0.0205080176720686
qwen-3.5-flash,1,0db596,desktop,46,0.0418337780152069,0.1520039311598953,3.925757639660022,0.2402182149847007,0.7585961852804424,0.0694268694144754
qwen-3.5-flash,3,0cee4a,poster,43,0.0861822241443044,0.2196385737122699,3.077678997898964,0.3684327719526665,0.571271805836467,0.0522772116439796
qwen-3.5-flash,2,0db596,desktop,47,0.0381928586550349,0.152312618147289,3.527863174388944,0.1978135661430394,0.7175728020110268,0.0647867335695328
qwen-3.5-flash,2,0dbd98,desktop,51,0.4579795490169061,0.3365743296408262,1.5439104126985244,1.556621390769961,0.8358544554114706,0.3717460308082234
qwen-3.5-flash,1,0dbd98,desktop,55,0.2475440175457777,0.2218338753655923,2.0907750713029385,0.8638079587272586,0.6726603267633335,0.2526891023140364
qwen-3.5-flash,3,0d8830,web,36,-0.0194649407702696,0.1906134465825676,2.8055032449408563,-0.111985335805306,0.5982520085919975,-0.0800255553139607
qwen-3.5-flash,3,0dbd98,desktop,51,0.3007803832161643,0.2744721233753162,1.6168865810882815,0.9254139937655484,0.7675321302578165,0.2811628079904427
qwen-3.5-flash,3,0db596,desktop,50,0.0321830321112777,0.1468359451423429,3.965264247131688,0.1762487302632464,0.6799686810639072,0.0748676846553685
qwen-3.5-flash,1,0e136e,poster,20,0.0596193561442716,0.2575805662998249,2.268323280680757,0.0650260513500841,0.567341534080432,-0.0471043073787707
qwen-3.5-flash,2,0e136e,poster,37,0.0465374492266367,0.2444882402942207,2.2781299376459883,0.0715868177664526,0.5521219684911564,-0.0133293704378791
qwen-3.5-flash,3,0e136e,poster,30,-0.0222451269904651,0.2175410886341851,2.4640026614738004,-0.1412841992772005,0.4998252319765001,-0.0376812253442445
qwen-3.5-flash,1,0e1c44,desktop,50,0.2176282428167073,0.2145827536226636,2.0089173727733747,0.6563056611490528,0.6751940099866088,0.1203077742436187
qwen-3.5-flash,2,0e1dea,desktop,33,-0.0396746242758044,0.1772926157214577,4.2058441029231295,-0.0967200927454179,0.4665293285563934,0.0140513345072781
qwen-3.5-flash,1,0e1dea,desktop,30,-0.0668604390004841,0.1782815544874065,3.934238507008301,-0.1758173106660428,0.4668634609149192,2.1230480627517215e-05
qwen-3.5-flash,2,0e1c44,desktop,51,0.0295117147644356,0.0930700087785652,6.2306836352728725,0.1202871655979041,0.5095798689329505,0.1004845181777398
qwen-3.5-flash,3,0e1c44,desktop,253,0.2081085268597254,0.2062947239644146,2.1011693356156247,0.7040051882828313,0.680176811360674,0.1515371432998818
qwen-3.5-flash,3,0e1dea,desktop,54,-0.0467070917702887,0.1630391182781225,4.573210693730673,-0.0523865115906904,0.4639829211104478,0.0463221651891268
qwen-3.5-flash,1,0dc366,mobile,48,0.3685550959973236,0.3314349201516369,3.0153757887195662,1.4000233922496026,0.6787650123519867,0.3087657840931122
qwen-3.5-flash,1,0eb2be,desktop,30,0.2365131396655235,0.2258487706800154,4.956069838666287,0.7455920983877617,0.5590183973434929,0.1663944324484843
qwen-3.5-flash,3,0dc366,mobile,35,0.2081792421959152,0.247614237588411,4.488614062216947,0.8605213975271423,0.5648502020261787,0.1884967196308064
qwen-3.5-flash,2,0eb2be,desktop,51,0.2919777953461385,0.2547706481774603,5.545355540834578,0.8727005505647447,0.5759671727614516,0.238662099296492
qwen-3.5-flash,3,0eb2be,desktop,52,0.1396046217419499,0.1799880417848474,5.067946177747106,0.3613194712026976,0.5549835594755226,0.1057044155371086
qwen-3.5-flash,2,0dc366,mobile,50,0.4899954573313281,0.4208113326698975,2.2386651747580477,1.8384660149694512,0.7359914573748472,0.4351096858293235
qwen-3.5-flash,1,0eef1f,desktop,46,0.1380924043116238,0.2053428237015965,2.8882923985333258,0.3366572549344865,0.6384571830334891,0.1681778269646846
qwen-3.5-flash,2,0eef1f,desktop,58,0.0065451809876261,0.1148718136045148,4.444652147058801,-0.0139470598671027,0.5591062804069425,0.0857061207942978
qwen-3.5-flash,3,0eef1f,desktop,32,0.1592567496460098,0.1846445507016506,3.0029064320503895,0.3637332559265457,0.5956351912606382,0.2239304366570135
qwen-3.5-flash,1,0ef9b2,desktop,52,0.317227030553366,0.2529688999008399,2.2472720056741964,1.0711836673933377,0.6886782885925515,0.3102660840190326
qwen-3.5-flash,2,0ef9b2,desktop,52,0.4082413761781484,0.2784374620100842,2.26508186179567,1.3976489919042097,0.668489470051133,0.4013503587236213
qwen-3.5-flash,3,0ef9b2,desktop,49,0.4320377589592636,0.281781942355888,2.4239718421704164,1.564571956856952,0.6902784260273983,0.4349934752330769
qwen-3.5-flash,1,0f1984,desktop,33,0.0343014254982825,0.1452543744942143,2.8478456322131724,0.1250656684054577,0.6035814085260994,0.0768353531285788
qwen-3.5-flash,2,0ec997,poster,30,0.0759220417268016,0.0829373852151849,8.94092524609212,0.0716914898741192,0.1759995929926022,-0.0361670728498339
qwen-3.5-flash,3,0f1984,desktop,52,0.0094425378913377,0.1545620411905854,2.9533180775728196,0.1274153256727274,0.5537024590011425,0.033635165694987
qwen-3.5-flash,2,0ef09e,mobile,32,0.0843572488827532,0.2994211743243462,3.861682705698838,0.3392149844167474,0.5547966118291334,0.0010161215280408
qwen-3.5-flash,2,0f1984,desktop,53,-0.0204565753078952,0.1261436814893374,2.7816761542598076,-0.1369045371430994,0.5209001153943386,0.0663774745990983
qwen-3.5-flash,3,0ef09e,mobile,30,0.1038640950586538,0.2999106086488223,3.9340379171078137,0.3983374032135158,0.5184387207364652,-0.0067339260415922
qwen-3.5-flash,1,0ef09e,mobile,31,0.0838150020737625,0.2953589042550109,3.930823993946169,0.3602048257782698,0.5113412713613442,-0.0132940623648757
qwen-3.5-flash,3,0ec997,poster,52,0.4909952929312702,0.4006666397992269,3.15544014134146,1.677359723712513,0.674992556831902,0.3753849149138812
qwen-3.5-flash,1,0ec997,poster,34,0.0777125943976121,0.1761506037065344,3.915777202142456,0.2129549535597235,0.6430487606752181,0.1053116213492417
qwen-3.5-flash,2,0f712c,web,42,0.1917542624235393,0.2574477557765462,2.616097497450192,0.5901666087926679,0.7017495565217661,0.1632686980955326
qwen-3.5-flash,1,0f712c,web,33,0.3032074841419439,0.336336219821043,1.7071221571489896,0.798141059995568,0.8058956008296243,0.1926087968831166
qwen-3.5-flash,1,0f5056,poster,37,-0.0695979252402361,0.1207348789316448,6.745816359008975,-0.2952719847723203,0.4872085773318456,-0.2577994295440605
qwen-3.5-flash,3,0f712c,web,33,0.2637100936869175,0.2861176567138864,2.1224602522432225,0.6673835646563002,0.7401709047662872,0.2145939274027497
qwen-3.5-flash,2,0f5056,poster,27,-0.0360714664081138,0.1876717276892491,4.499430726725418,-0.2446629326291617,0.5062276529117566,-0.1900225882722069
qwen-3.5-flash,3,0f5056,poster,36,-0.0090107167530596,0.208819575870377,4.247039270032579,-0.2328848795510343,0.4964684792970193,-0.2164891306461815
qwen-3.5-flash,1,0f858f,web,30,-0.059613980463099,0.206267916940731,2.7759019837761367,0.1042528391494013,0.5384554942766479,-0.1638973869993105
qwen-3.5-flash,2,0f858f,web,30,-0.1116479709227822,0.1693525594519314,3.0380007553680457,-0.1260226951385883,0.47039779659164,-0.2851847889448007
qwen-3.5-flash,3,0f858f,web,30,-0.0839676632124685,0.1680734126401985,2.648330599565118,-0.1002768214580495,0.5133482130834557,-0.1513525972025904
qwen-3.5-flash,1,0f85bd,desktop,50,0.0217863509369744,0.139260108903423,2.9097752319852064,-0.0305262153248909,0.5221563600121427,0.0794061706595438
qwen-3.5-flash,2,0f85bd,desktop,50,0.1811775299963971,0.2213651362338545,1.955916939227268,0.4277653205042581,0.6876281075840956,0.1348401763287952
qwen-3.5-flash,3,0f85bd,desktop,50,0.0690359531686317,0.1667633000574278,2.7636956999286935,0.1623619179199027,0.6420624160544885,0.1009247999108396
qwen-3.5-flash,1,0f81ca,mobile,30,0.0744721618082261,0.2731890348213942,3.6166088608381792,-0.0221645603968278,0.591554485162052,0.0199940393145683
qwen-3.5-flash,2,0f81ca,mobile,30,0.0967365749003237,0.2855374313960615,3.5457449463128095,0.078331622273854,0.5868066592330164,0.0190128831918246
qwen-3.5-flash,1,0fc384,poster,49,-0.0668173537178868,0.2167721399340986,2.820866382318249,-0.0978057588042053,0.4781713474486356,-0.0279766529162158
qwen-3.5-flash,1,0fa6b9,poster,52,-0.0290624708682893,0.2855472215200512,2.807762753571013,-0.0009957146812405,0.5476869540059806,0.020183052315897
qwen-3.5-flash,2,0fa6b9,poster,33,0.0320989750044161,0.3016198235967035,2.801135324767063,0.0877918636169583,0.589242471927245,0.0461243118201796
qwen-3.5-flash,3,0fa6b9,poster,53,0.0951033965143547,0.3307411580036222,2.975392650330863,0.3286563432932219,0.5889198584257571,0.101904656181449
qwen-3.5-flash,3,0f81ca,mobile,30,0.1025980046233938,0.2819811007520671,3.510260127518921,0.1142740531771339,0.5810102228761534,0.1349722258555373
qwen-3.5-flash,2,0fc384,poster,60,0.2750916351814576,0.3414600342482739,1.3182642722994828,0.5811041568841999,0.6755092385166125,0.1223771802334752
qwen-3.5-flash,3,0fc384,poster,38,0.0057676846051392,0.2420770207712547,2.6386467005173926,0.0233535322858467,0.5323191010806982,-0.0154615868615458
qwen-3.5-flash,1,0f8ece,web,36,0.092515736288125,0.1827525664249386,4.1532516251092435,0.3012318495440088,0.7249601240682634,0.0989252285435195
qwen-3.5-flash,3,0f8ece,web,33,0.1164545320653673,0.1855560084743057,4.4040404278781295,0.299290954557763,0.6415083072994762,0.0922675180640603
qwen-3.5-flash,2,0ff0be,desktop,51,-0.0490191835093273,0.0165864829229961,10.244239869877134,-0.2142670535430926,0.2859580094214232,-0.14099477141635
qwen-3.5-flash,1,0ff0be,desktop,38,-0.0488337734190783,0.0153521904745835,10.520773407664016,-0.2136237766028956,0.2346547655752168,-0.1407411136758951
qwen-3.5-flash,3,0ff0be,desktop,38,-0.0488337734190783,0.0153521904745835,10.520773407664016,-0.2136237766028956,0.2346547655752168,-0.1407411136758951
qwen-3.5-flash,2,0f8ece,web,33,0.1168946220984887,0.1983911478763831,4.5440641660562395,0.4211392207762288,0.7170262283589524,0.0915432138296646
qwen-3.5-flash,3,10298c,desktop,34,0.316205377070437,0.2741066870793514,1.6016282807916182,1.190996431672008,0.7949577700737719,0.2878301529371841
qwen-3.5-flash,1,10298c,desktop,35,0.2752369982024686,0.2765278493224142,1.571752642556562,1.007901633958665,0.7939762425755382,0.2669411384029702
qwen-3.5-flash,2,10298c,desktop,33,0.2579982181554765,0.2579187761194846,2.133752475655447,0.9829710698621554,0.7573786433716927,0.1972532256921531
qwen-3.5-flash,3,0feea2,mobile,30,0.0234851615191967,0.2106528073227733,4.703229408938356,0.2006860074263827,0.5207577551643563,-0.0122751914515902
qwen-3.5-flash,2,0feea2,mobile,64,0.0506772964111973,0.2108391148670408,4.951952451331672,0.2218444541564388,0.5116928963893582,-0.0423540584287895
qwen-3.5-flash,3,10579e,desktop,51,0.3648182725477269,0.354264328846262,1.6389898708319095,0.9716786027380806,0.7536116646957667,0.234656714370234
qwen-3.5-flash,1,10579e,desktop,57,0.0261341441423076,0.1872395759033077,2.8118773805084967,0.2114105643881396,0.6224390525905942,0.0910661809843207
qwen-3.5-flash,1,0feea2,mobile,34,-0.0034677809030024,0.1902259971653884,4.857886921971338,0.1064434238453729,0.5185773682956565,-0.0572584805502107
qwen-3.5-flash,2,10579e,desktop,49,0.032426565348431,0.2189109612571022,2.6159115359439067,0.2303843768523568,0.5861010612236585,0.014011444488247
qwen-3.5-flash,1,10b93c,mobile,31,0.1141478714054429,0.2426449858080179,2.957663721818748,0.2550448325221339,0.6461175190260263,-0.1155904688817652
qwen-3.5-flash,2,10b93c,mobile,31,0.1319515661035219,0.2508622761855686,2.9091922871354856,0.3180134408561345,0.6488111725575183,-0.102261976814811
qwen-3.5-flash,2,1055b2,poster,56,-0.0346643451735434,0.1516320247288804,3.8649449372163738,-0.1313257125024166,0.5698979923243745,-0.0207373278631442
qwen-3.5-flash,3,10b93c,mobile,31,0.1183464595417265,0.2447485087930129,2.9336100120759347,0.2659302790645,0.6468506305521754,-0.1140680791374377
qwen-3.5-flash,1,1055b2,poster,68,-0.0538452402028621,0.1617914639527073,3.4912367681126373,-0.1784387217014429,0.5255581577222933,-0.0104795169324818
qwen-3.5-flash,2,10c4f3,mobile,50,0.0393869597483039,0.2156865552555853,2.106056360765604,0.3726844439530679,0.6372793643462962,-0.1410639294402074
qwen-3.5-flash,3,10c4f3,mobile,52,0.1058619313721715,0.2435392969840414,1.9121724471623245,0.5931879678469401,0.7343944639298867,0.0829511213293702
qwen-3.5-flash,1,10c4f3,mobile,30,0.1974904327033124,0.2855788110297916,1.7100017218049106,0.694334670701834,0.7406665771876022,0.1570317037788148
qwen-3.5-flash,3,1055b2,poster,53,0.0538400249604931,0.1994105287317459,4.283102161088204,0.1829486484493915,0.5382105718312847,0.0051849589767776
qwen-3.5-flash,1,111cd2,desktop,19,0.2430739333998157,0.2557050116057449,2.2378882749371902,1.0197019956267468,0.7687260978704005,0.2401361952882943
qwen-3.5-flash,2,111cd2,desktop,30,0.2186972046858999,0.2556807068104836,1.7814585689063045,0.8525094871051445,0.7442134067125996,0.162383989793663
qwen-3.5-flash,3,111cd2,desktop,53,0.2588423044914104,0.263331674683823,2.005203729303599,1.0884882830503095,0.7778594806214896,0.2421068086016538
qwen-3.5-flash,1,11412e,desktop,51,0.2234723839332107,0.296355745890733,2.8339937221857996,0.5686693651797916,0.6288446292032169,0.2148431962656931
qwen-3.5-flash,1,1102e9,poster,50,-0.0619166457347668,0.2002240769915891,3.778845341329485,-0.314359736329959,0.4460408355778194,-0.0420993000714447
qwen-3.5-flash,2,11412e,desktop,36,0.0996626797803753,0.2537412934721648,3.7974117169426744,0.2792940764953324,0.5807449980767083,0.0792236556879066
qwen-3.5-flash,2,1102e9,poster,32,0.0268390469282887,0.1822577352374131,4.36524175681047,-0.0510935150373236,0.5265280871640377,0.0125016987108072
qwen-3.5-flash,3,11412e,desktop,53,0.0644024195746039,0.2348644553093652,3.875584196752767,0.1749007376936692,0.5502086616029442,0.0914231493934541
qwen-3.5-flash,3,1102e9,poster,29,0.0193103247374952,0.1989043081689637,3.9528162031281777,-0.3519472042683058,0.4552759573941095,0.0095167753379752
qwen-3.5-flash,3,110636,poster,30,0.1598136913005771,0.2567518345692836,4.334087954680372,0.2277529793575366,0.5647145472614863,0.1729319287265117
qwen-3.5-flash,2,110636,poster,52,0.1484667113484152,0.2761137967665703,2.8524170661559936,0.2185749892670634,0.6381102734680008,0.1906614111620912
qwen-3.5-flash,1,110636,poster,45,0.222917141756033,0.2801704001310216,4.187736799502712,0.2037948965898162,0.5746860448657862,0.1945239768572704
qwen-3.5-flash,1,11a99d,poster,30,0.1665444272779945,0.2681773537183183,2.843905140693487,0.4999209091136508,0.630325892701167,0.1072690606303251
qwen-3.5-flash,2,11a99d,poster,30,0.0693215213662917,0.231665224552486,3.3880990967601696,0.1104350321414771,0.5579245731579089,0.0217815856439358
qwen-3.5-flash,3,11a99d,poster,49,0.0321700872498832,0.2312798980242266,3.49563845114183,0.0620341285348458,0.5041858496160938,-0.0113878793677531
qwen-3.5-flash,1,1193c7,mobile,38,0.2138745501669693,0.2700158314127631,3.105141803880996,0.691713617473166,0.6187982604128857,0.2099634073634156
qwen-3.5-flash,2,1193c7,mobile,51,0.0026738947777533,0.1817877603435033,4.7483968366611355,0.0013469209509301,0.5012756694445687,0.0320019965274719
qwen-3.5-flash,3,1193c7,mobile,38,0.1358148112319743,0.2316215623599556,3.9125572321100366,0.4733722087832444,0.5635982030104865,0.1339150573315511
qwen-3.5-flash,1,11f8c6,desktop,51,0.0626694159807033,0.1505746375587316,4.088364563608315,0.2934810211807646,0.5884112314020311,0.1295141123288973
qwen-3.5-flash,2,11f8c6,desktop,56,0.0534966090668614,0.1557706453291865,4.756463917122877,0.2853490229910907,0.7620791907321915,0.0191966958729291
qwen-3.5-flash,3,11f8c6,desktop,32,0.1075256589760901,0.1883864261004267,4.563699175117806,0.5137442975542453,0.6672302821543168,0.1432351260385454
qwen-3.5-flash,1,12a0ed,mobile,35,0.3399456989705255,0.3669896934711156,1.196470035124675,0.8156335316292909,0.7680930353416424,0.1602977391609364
qwen-3.5-flash,2,12a0ed,mobile,50,0.3406467411134057,0.3698698865868146,1.1432105363971972,0.7361640879504329,0.7554410884343231,-0.0166608770714555
qwen-3.5-flash,3,12a0ed,mobile,31,0.3327490171084971,0.4054179046629376,2.0931092582254345,0.6675859092471202,0.697295185561266,0.0306750776362958
qwen-3.5-flash,2,128abc,mobile,32,0.1679614105972746,0.2289851861232643,4.3438729970072805,0.3147737495194464,0.6121657829642835,0.1965454306407612
qwen-3.5-flash,1,128abc,mobile,31,0.1489830984140256,0.215373290926341,4.3669835976161195,0.2582019981290573,0.6061157018777744,0.1770867579876137
qwen-3.5-flash,1,12be73,web,46,0.0855649954136574,0.2191401452482854,2.660565619005854,0.3825426087172853,0.6062434120632749,0.0549507331777325
qwen-3.5-flash,3,12be73,web,46,0.0633222354248578,0.1981182833378239,2.505861180638585,0.1639270305621357,0.5955406560406284,0.0128810161425405
qwen-3.5-flash,3,128abc,mobile,35,0.1492835203357359,0.2175839363432045,4.415244069283916,0.2695678651087896,0.5875155308858286,0.1811381663462874
qwen-3.5-flash,2,12be73,web,53,0.2114677087206663,0.2666353031173035,2.2375762303735742,0.6031348867682155,0.6350009026929758,0.144278889589959
qwen-3.5-flash,2,11482d,desktop,50,0.1700224648514276,0.2167049850025243,4.502106119294289,0.752350993169369,0.6039686449748628,0.1572723810882478
qwen-3.5-flash,1,13349c,desktop,54,0.2252497665443256,0.2417175060626415,3.3248805462515016,0.6989995140015285,0.6461775502669559,0.1923869410938457
qwen-3.5-flash,2,13349c,desktop,32,0.2129283995506302,0.2336650988929469,3.3691328650503953,0.6383860665702505,0.6393418762530327,0.1594578904671954
qwen-3.5-flash,3,13349c,desktop,52,0.1762647932645691,0.2330345168679948,3.2101152445840766,0.5498612364706568,0.7018897252716514,0.1320279696817792
qwen-3.5-flash,1,11482d,desktop,51,0.1871647614367411,0.2265925997425542,4.702926516805273,0.3455995441885665,0.4571910160710843,0.1687299374395309
qwen-3.5-flash,1,134669,web,48,0.0245271833238445,0.1965734657895794,2.629952698856743,0.1322458200100817,0.5525250249809581,-0.0353250452621953
qwen-3.5-flash,1,1356d2,poster,30,0.1501854884817636,0.2165790760172347,2.0534915038865087,0.3368307818811955,0.565826111952518,0.2011605237864863
qwen-3.5-flash,3,134669,web,50,0.00650101676883,0.1868306303808166,2.6894195604817837,0.0840237677943561,0.536943907141289,-0.0467555619653212
qwen-3.5-flash,2,1356d2,poster,51,-0.0948612974398582,0.1832405241640725,2.401582275784603,-0.2607910599078323,0.4558305616701013,0.0863023566317967
qwen-3.5-flash,2,134669,web,51,0.0120913295410767,0.183000412058998,3.010359469421168,0.0545677273289873,0.5101346629405163,-0.0289036267583957
qwen-3.5-flash,3,1356d2,poster,50,-0.0183960137207388,0.1763058816316789,2.317277837462307,-0.0936941285791616,0.5384897698337919,0.1159318437636854
qwen-3.5-flash,3,11482d,desktop,192,0.0401893390524746,0.1939245033766483,2.9178151394958443,0.2532458623451228,0.5705630187628412,0.126686543306293
qwen-3.5-flash,1,13642b,mobile,30,0.0342591079603283,0.2016187933883048,4.269246692169768,0.1554549735908998,0.5193464601434783,-0.0011893505330695
qwen-3.5-flash,2,13a206,mobile,53,0.0354560542632958,0.1488349178247218,4.6282816057157765,-5.176271342071418e-05,0.6099762197922578,-0.0010082704196739
qwen-3.5-flash,2,13642b,mobile,52,-0.0229979520161025,0.2314475175453924,2.82547595460095,-0.0432731658254781,0.5175876456248591,-0.052244669204776
qwen-3.5-flash,3,13a206,mobile,51,0.112357321832253,0.2052335007464466,4.103847045366828,0.1695624442811083,0.6414132517386598,0.0829897629160757
qwen-3.5-flash,1,13a393,mobile,52,-0.0660187577881291,0.0893484715559029,6.597497346402956,0.035804221140325,0.3729287129994043,-0.0143522274008541
qwen-3.5-flash,1,13a206,mobile,51,0.0210556449937164,0.1262983742885189,5.178189978563813,-0.0990057604470135,0.6127179223744517,-0.0142105894839427
qwen-3.5-flash,3,13642b,mobile,30,0.0070173309243212,0.1949553203306522,4.085145655183519,-0.0513536742730346,0.6406723469791769,0.0060144270354276
qwen-3.5-flash,2,13a393,mobile,29,0.1683993719792788,0.2373397193128538,3.3110075795282055,0.4776075127415785,0.6693839686386862,0.1666078157332789
qwen-3.5-flash,1,13ae19,poster,48,0.4506049868827034,0.4145306700453735,1.2733217362650526,1.0706108105319596,0.7775572989708001,0.3479896494082162
qwen-3.5-flash,2,13ae19,poster,30,0.388970431927685,0.3811457587843582,1.336974400882725,0.9971966609479638,0.7731029441730126,0.342677022775831
qwen-3.5-flash,3,13a393,mobile,54,0.0316156510492088,0.1582882703011131,4.1943347036812355,0.1631653762930504,0.5585794456190614,0.0509292130636418
qwen-3.5-flash,3,13ae19,poster,51,0.3753361893595419,0.3679659890699843,1.2248908711554154,0.9292244935592144,0.7629734211391551,0.3075570433610749
qwen-3.5-flash,1,13bd83,desktop,30,0.0762207479656554,0.2062045195122313,2.5970902764471018,0.1673512535064379,0.7209530632055556,0.0044247545592204
qwen-3.5-flash,2,13bd83,desktop,49,0.0730206770170284,0.2103089635605529,2.6384566527538618,0.0935507639915965,0.6893819724076964,0.052988041431388
qwen-3.5-flash,3,13bd83,desktop,51,0.0627536259774561,0.1952072044261628,3.1137300471018374,0.1002032447317567,0.7418636444553017,0.022092332061451
qwen-3.5-flash,1,1408dc,web,31,0.2851926965527743,0.2991072717765724,1.626147516642809,1.0158748992486386,0.7762861092242943,0.1082166543233514
qwen-3.5-flash,3,1408dc,web,31,0.3164798418153117,0.3095057500599757,1.6509515312024323,1.1259126157984924,0.7715656705473235,0.1302639644858878
qwen-3.5-flash,2,1408dc,web,31,0.3624356796526489,0.3283767692924113,1.3848381981375657,1.24231185462904,0.8195205809146596,0.1593902128869154
qwen-3.5-flash,2,13af7a,mobile,12,0.1206981365387608,0.2315526993634226,5.548394583277409,0.3939730386246969,0.4766734324830393,0.018136300804967
qwen-3.5-flash,1,1411d0,desktop,52,0.3185627284709055,0.2487636667735019,1.9762096209939093,1.135108383240225,0.7823818893822815,0.3138303478592025
qwen-3.5-flash,1,13af7a,mobile,12,0.1224626506935964,0.2322144676139461,5.544288657457315,0.3989519385640923,0.4765684058845743,0.0187385389908438
qwen-3.5-flash,3,13af7a,mobile,12,-0.0492490095502607,0.1166057329465375,7.280639797143078,-0.0155930027865673,0.3108350162823236,-0.191327887395729
qwen-3.5-flash,3,1411d0,desktop,50,0.336921351980803,0.2464423391030673,1.8238036770772104,1.129490293183534,0.7636802066301699,0.323976899095013
qwen-3.5-flash,2,1411d0,desktop,33,0.3914526258394536,0.2874024722773353,1.8937228113644424,1.4018445676178992,0.7799850385061765,0.3659740729852156
qwen-3.5-flash,1,13f898,mobile,72,0.1451207111687141,0.1907704301361135,3.634589021053527,0.5700711114689776,0.6660883527564211,0.0137622772955078
qwen-3.5-flash,2,13f898,mobile,36,0.2249682719674005,0.2776485498067873,2.8974829631774863,0.5919024465841062,0.6819863607762899,0.1150318781728337
qwen-3.5-flash,1,147ff4,desktop,45,0.1859548922648724,0.2164047012476418,2.090014065568245,0.526404584924589,0.6009020564882916,0.2392201210083967
qwen-3.5-flash,3,13f898,mobile,50,0.0770874706081812,0.1900919002537598,3.817209583477069,0.2348458612588379,0.637194462686525,-0.0602013779252688
qwen-3.5-flash,2,147ff4,desktop,30,0.1499843288506482,0.2196856369074967,2.53811674690136,0.5363054687278576,0.6363876180817014,0.2536529124387167
qwen-3.5-flash,3,147ff4,desktop,34,0.018780981959686,0.1505643906721167,2.883986662121469,0.1174809932156072,0.554111492581283,0.1825609024360062
qwen-3.5-flash,2,142b9c,web,56,0.1288634383029536,0.2505755810893822,1.9327195432330424,0.2917106445331903,0.67276277882273,0.1204915877635132
qwen-3.5-flash,1,142b9c,web,50,0.0927653641588447,0.2517966738480798,2.158988289291039,0.1579851844670425,0.6426057764067923,0.0730192590137946
qwen-3.5-flash,3,142b9c,web,51,0.0258737637765719,0.2090650747026449,2.5915922314410667,0.163920311185761,0.6032667668372376,0.038475453210483
qwen-3.5-flash,1,14c026,desktop,37,0.1772750260899242,0.1764322896687648,2.7123818673891384,0.7271136899676897,0.6949110333903115,0.1888733392287995
qwen-3.5-flash,2,14c026,desktop,49,0.1020403219739147,0.1438928445809926,3.1592938174143432,0.4414440916628902,0.6278924101709851,0.1075521703089856
qwen-3.5-flash,3,14c026,desktop,35,0.1807768886437737,0.1791542962440341,2.727062569925567,0.7529587611457242,0.6920994289346508,0.1900151376000678
qwen-3.5-flash,1,14e331,web,45,0.1930698660891367,0.2825150664982703,1.6076651442233685,0.5372372916336664,0.6945677668723251,0.1444295375053827
qwen-3.5-flash,2,14e331,web,49,0.1975359321707311,0.2882907394363568,1.5857360825509237,0.534124030954867,0.7095436306626071,0.1511036846035518
qwen-3.5-flash,3,14a621,mobile,31,0.2685041694931194,0.3168681435098611,2.284218648062997,0.8197512738491018,0.7382031034338756,0.1069543360610709
qwen-3.5-flash,1,14a7b0,web,52,0.1352287578020317,0.1895348930710207,4.685333759017275,0.6460158426242913,0.6617872397071856,0.1568979390896946
qwen-3.5-flash,2,14a621,mobile,41,0.1458139151955915,0.2478260622150733,2.922702798690532,0.2797731507408043,0.66423754035374,0.0241781586683114
qwen-3.5-flash,1,14a621,mobile,48,0.2836447903811423,0.3090394694110768,2.5940277609014584,0.9595924815677692,0.6916302544668045,0.071809809343189
qwen-3.5-flash,3,14e331,web,55,0.2242502821825233,0.3045819429295325,1.4723365503954433,0.6186522795314292,0.7449932436842364,0.1551965993741676
qwen-3.5-flash,3,14a7b0,web,30,0.0940373211208937,0.177539756372321,7.0740629707357465,0.3740250520036898,0.3442004640683996,0.1176251473478597
qwen-3.5-flash,2,14a7b0,web,30,0.060520976256878,0.1429978847947469,4.7120969672518696,0.4432624625814772,0.6638267908974604,0.0965640959638278
qwen-3.5-flash,1,14f8a2,web,51,0.0279725870723515,0.1856749791378631,2.2348480951125667,0.020576746076011,0.6026605333984337,0.0178225125130269
qwen-3.5-flash,2,14f8a2,web,45,0.0357971374289504,0.1808146218831582,2.24980553405934,0.0222259944606854,0.5826997434930066,0.0161645513468824
qwen-3.5-flash,3,14f8a2,web,52,0.0075092253075443,0.1744234189771333,2.281593749245721,-0.0304550586166113,0.6159539935363364,0.0132613474029847
qwen-3.5-flash,2,150e9a,poster,49,0.1778593511243751,0.2392441026435278,2.7108883796079652,0.4819314515031422,0.618864841958802,0.2139256106495182
qwen-3.5-flash,3,150e9a,poster,37,0.0973165058594474,0.2119546684310992,2.793998929064726,0.310669648766389,0.621709685359719,0.1751084008617476
qwen-3.5-flash,1,150e9a,poster,51,0.216459327301323,0.2522652757863658,2.7523010156613843,0.6288797501130267,0.6196591756392633,0.2646990605578645
qwen-3.5-flash,1,15ac57,desktop,30,0.7053170572098313,0.5778471531705976,0.8490078362034723,2.155448671663179,0.8485717296462297,0.7006815028236385
qwen-3.5-flash,2,15ac57,desktop,30,0.6205288551859923,0.5528936567103974,0.8796203145785637,2.0271238171193864,0.862613376429892,0.608472825541629
qwen-3.5-flash,3,15ac57,desktop,52,0.8146292990009352,0.6225198061059586,1.2450327020412522,2.236427274681957,0.8398452570838776,0.811617706518213
qwen-3.5-flash,3,151d2e,mobile,31,0.0520143944036864,0.2128681506830475,4.492570072316185,0.3109516629693248,0.5060578116337491,0.0286569746952448
qwen-3.5-flash,2,151d2e,mobile,30,0.027211604693562,0.1744671854576428,5.043082816757927,-0.0398813323572706,0.478592474724964,-0.0727616743672178
qwen-3.5-flash,1,151d2e,mobile,30,0.0078069450650794,0.1636214326782595,5.111874846256424,-0.0556967799562895,0.4816644132448143,-0.0850390042494792
qwen-3.5-flash,1,15fd54,mobile,32,-0.0330198802440192,0.2271417480835384,3.410958712580905,-0.1503989688816195,0.4918252774545446,-0.2936538846565481
qwen-3.5-flash,2,15fd54,mobile,30,0.1260742044523027,0.317453529483824,2.2553298420297803,0.2894735318560568,0.5955982550074173,-0.1238704439959498
qwen-3.5-flash,3,15fd54,mobile,36,0.108366247480233,0.3074713354104277,1.5979879363998042,0.2121519620827063,0.5851246991235025,-0.0771607867662915
qwen-3.5-flash,2,15723a,mobile,35,-0.0895661804492185,0.1605634260382898,6.140396271626944,0.0568457109844073,0.3425536413924738,-0.0401233717324379
qwen-3.5-flash,1,15723a,mobile,32,-0.0674982316947161,0.1615407865689873,6.1364582952202005,0.1539725198648099,0.3426188843589822,-0.0500692724362622
qwen-3.5-flash,3,15723a,mobile,31,-0.0525883699606795,0.1702413716350794,6.046307008885307,0.2273694758414329,0.359213373946681,-0.0391152670793189
qwen-3.5-flash,2,1626dc,web,35,0.0942269243920097,0.2520176026290764,2.5671782442448112,0.2629809860228743,0.6222830742200932,0.0538994795473218
qwen-3.5-flash,1,1626dc,web,34,0.1560599535631037,0.2751895790008732,2.272801277688131,0.3474159978060491,0.6406690669425696,0.0716521099185303
qwen-3.5-flash,3,1626dc,web,30,0.1650630048581058,0.2851589123650634,2.149955557119565,0.4869824273312055,0.6790324814296502,0.0612661436745331
qwen-3.5-flash,1,163ce0,desktop,51,0.3281884354175107,0.289342061767606,2.452168186138453,1.2469643139696047,0.8032720876603305,0.2825228624056315
qwen-3.5-flash,2,163ce0,desktop,49,0.2906146638198364,0.2908335477522331,2.51415044288301,1.119130766309476,0.7998351408893362,0.247747060260493
qwen-3.5-flash,3,163ce0,desktop,50,0.4422843706576662,0.3321120187352993,2.439461695566349,1.7841925120623696,0.8423612799509441,0.4074718002832221
qwen-3.5-flash,1,164cf7,web,38,0.1294606820812282,0.2304865477409521,1.9021719716318244,0.4444049229604278,0.7192999447021479,0.0164830227012964
qwen-3.5-flash,1,163518,mobile,30,0.0452868863709036,0.1692174088434138,4.93336026049077,0.0640307736376324,0.5452084382284033,0.0547844700117864
qwen-3.5-flash,1,162809,poster,31,-0.0106415646839368,0.0535315732559734,8.516777796370146,-0.0325502765919187,0.2131170672001446,0.0050611933594445
qwen-3.5-flash,2,164cf7,web,44,0.179772812398422,0.242120308417222,1.8281392341219296,0.5789656761187866,0.7070652321533768,0.053861356175954
qwen-3.5-flash,2,162809,poster,52,-0.0125591900196357,0.1653065134113013,4.872765057634931,-0.0886039884817307,0.5083911092071071,0.0315009148791426
qwen-3.5-flash,3,163518,mobile,18,0.1507218976113266,0.214423792302329,4.6896489684466545,0.3047494142276766,0.6014052211530978,0.1076098876966796
qwen-3.5-flash,3,164cf7,web,38,0.0836039736753615,0.2027258973646479,2.0983196735163254,0.3328619456395148,0.6777519494405952,-0.0041340551185803
qwen-3.5-flash,3,162809,poster,52,0.2652321384978208,0.2579848847805365,5.166066982747886,0.4974609331692312,0.4602552590012929,0.0684285069514522
qwen-3.5-flash,2,163518,mobile,53,0.0620646207414393,0.1845466075021817,4.53734798621823,0.1425923529651073,0.5043276500054679,0.0370381236329835
qwen-3.5-flash,2,1655e9,desktop,52,0.1634776523503679,0.2149079295317582,3.051531184310059,0.4392115769317605,0.6334983898635391,0.1887870674594954
qwen-3.5-flash,1,1655e9,desktop,48,0.1925173162188834,0.2334756020487972,2.9015292095704086,0.5233798578273502,0.6516849570511566,0.1856168605143042
qwen-3.5-flash,3,1655e9,desktop,49,0.2888087128065119,0.2710948389848895,2.0276020445415344,0.7260906400627188,0.7089940075182728,0.1810664925442832
qwen-3.5-flash,1,166bc9,web,51,-0.0176518791450926,0.1359611208439892,5.01518259333023,-0.1456548321443576,0.5623277248093366,-0.15069251517394
qwen-3.5-flash,2,166bc9,web,53,-0.0183871609160033,0.1556731387001276,4.502309408189712,-0.1346519957297178,0.5730002854364071,-0.0931961226398236
qwen-3.5-flash,3,166bc9,web,30,-0.0611150112899891,0.150352473462948,4.369864978278257,-0.2343348994312156,0.4542265430071513,-0.0867925412308419
qwen-3.5-flash,1,16830b,desktop,60,0.2720380402887112,0.3176941219930523,2.516541581564874,0.7758074166054633,0.6737912597110293,0.2760430330224495
qwen-3.5-flash,2,16830b,desktop,50,0.138433978173174,0.2102654900494202,2.0578119611438437,0.3569764563540143,0.6639063863805165,0.2300161458029214
qwen-3.5-flash,3,16830b,desktop,31,0.3797232258197698,0.2809871767226909,1.641958184908753,1.0992815236308722,0.7204578142869352,0.3696476355141622
qwen-3.5-flash,2,16a13e,desktop,32,0.2710536522652192,0.239454232607098,1.7563498553468704,1.0465404647994303,0.8007944010742009,0.1692114921320733
qwen-3.5-flash,1,16a13e,desktop,47,0.1884354772613488,0.2151945741690774,1.929563592727529,0.748773408092466,0.7605498197531555,0.1099856689496251
qwen-3.5-flash,3,16a13e,desktop,32,0.2723233180567634,0.2379234766299622,1.7573234268118485,1.0347166248718092,0.7985727351587408,0.1726675564454561
qwen-3.5-flash,1,1680c9,mobile,43,0.0921848297508907,0.2743184777423825,3.2130274364834315,0.0950938952373757,0.5718446778372789,0.0763683930305068
qwen-3.5-flash,2,1680c9,mobile,31,0.1577160038767573,0.3049719768710756,2.994154078201581,0.267246485838357,0.6148636841018089,0.0900569099009908
qwen-3.5-flash,3,1680c9,mobile,31,0.1479056780504694,0.3030833794893875,3.0152975331860215,0.2748164917030493,0.6124441942999704,0.0946188744943714
qwen-3.5-flash,1,16a273,web,39,0.0871780302851161,0.2136226960444084,2.301603661434614,0.2153574346958053,0.6198934091433281,-0.0551762107623161
qwen-3.5-flash,2,16a273,web,45,0.0568355452616308,0.2024368009080562,2.3936725794067355,0.1509210388711729,0.5927160859152375,-0.0440820715744874
qwen-3.5-flash,3,16a273,web,52,0.0752250535129409,0.220129792102528,2.645017970482775,0.2046105696150554,0.5931612173705306,0.0310579935552536
qwen-3.5-flash,2,16a5c4,mobile,34,-0.0582672782671939,0.2917809123937827,1.826020471403654,-0.0111797378512965,0.4628019370014475,-0.0895984706509448
qwen-3.5-flash,1,16a5c4,mobile,30,0.0337782973859812,0.3050423253369235,2.123181344887784,0.0980782645599487,0.5063786319804346,-0.079319971682506
qwen-3.5-flash,1,168b3b,poster,46,0.4447576702791925,0.4641163564307394,2.634143059117462,1.1101830631248506,0.6644964671480429,0.2074335495678776
qwen-3.5-flash,2,168b3b,poster,47,0.3548167810681438,0.4227107184696129,2.8001808526432317,0.745716700694564,0.6521699444516692,0.2123019853681821
qwen-3.5-flash,3,16a5c4,mobile,30,0.2038981848433946,0.3645657751342691,1.5712088161809603,0.4337325265124532,0.5604903181237032,0.0957972282232923
qwen-3.5-flash,3,168b3b,poster,32,0.3790880044899134,0.4022302230067108,2.944427081234714,0.855980516558268,0.6898043012074226,0.2143741824015239
qwen-3.5-flash,1,16e611,mobile,49,0.5701387963302503,0.5474293104688782,0.8289133029450348,0.9488019730941268,0.7734136867005714,0.5294575090037423
qwen-3.5-flash,2,16e611,mobile,50,0.4980566623985069,0.5192410289259758,0.9722193167699922,0.8216684659337494,0.7742585698213518,0.4872012099369225
qwen-3.5-flash,1,16d9d5,desktop,46,0.0058321223485661,0.1580533210188013,4.0763589157309426,-0.0385976649388283,0.5549117282985665,-0.1601124474331972
qwen-3.5-flash,3,16e611,mobile,30,0.3450570498598896,0.4517699854769545,1.2667007990228751,0.5336044691752505,0.7510220293873539,0.3424504190444108
qwen-3.5-flash,3,16d9d5,desktop,56,-0.0432595889032776,0.1333093474168601,4.224089884331928,-0.1689902378871231,0.5422957897780546,-0.1639382681047531
qwen-3.5-flash,2,16d9d5,desktop,48,0.0320424697711844,0.1727386616700972,3.9313284360339384,0.0294813478922368,0.581494582174963,-0.1580969323723753
qwen-3.5-flash,1,172c5d,poster,30,0.4053991891223656,0.4273020291933388,1.6855317996126795,0.7036575424025374,0.6611467783201789,0.3653429069274992
qwen-3.5-flash,2,172c5d,poster,52,0.4702709990627248,0.4408256977452989,1.5290826853847794,0.747929444340148,0.6778276305977036,0.4644617225678547
qwen-3.5-flash,3,172c5d,poster,51,0.3785388193650303,0.419293179130769,1.1825030413573026,0.6923751242831969,0.6988771873253539,0.3560534834662458
qwen-3.5-flash,1,170ea3,poster,69,-0.0108119667384866,0.1909010355305695,5.607187542210726,0.109810868229343,0.3672544587122068,-0.0928172459095855
qwen-3.5-flash,2,170ea3,poster,19,0.0451857757587086,0.2124767391457807,5.4674992174670045,0.1679318876858686,0.3967259774431961,-0.0311341861673463
qwen-3.5-flash,3,170ea3,poster,20,0.0435539670046935,0.2175239356470585,5.357225274062799,0.2539025160688451,0.3638339398869097,-0.0667240271565662
qwen-3.5-flash,1,173a17,poster,50,0.0178230921918699,0.1762660565320544,6.003648524875803,-0.0498887426647069,0.3982330446167572,0.0577176477950987
qwen-3.5-flash,1,179165,desktop,41,0.1355250125679283,0.25708091515671,1.8493631977277327,0.4481369082376681,0.656535331021565,0.088896382534328
qwen-3.5-flash,1,174696,mobile,34,-0.05354452991987,0.1915736715204883,4.99138779912235,-0.0026754190708248,0.4791156632257785,-0.1178791069099373
qwen-3.5-flash,2,174696,mobile,36,-0.0846054493335032,0.1820326355225824,5.818717624717885,-0.129910326152387,0.3585464015831737,-0.2209022985517868
qwen-3.5-flash,3,174696,mobile,32,0.0047261087130901,0.2267430632302745,4.005484916349599,0.0652006105449615,0.5163469704551276,0.0018000828851035
qwen-3.5-flash,2,179165,desktop,53,0.175880517527284,0.2675362011231085,1.97922334545477,0.3955910660387126,0.6199678761101655,0.1297756350964766
qwen-3.5-flash,3,173a17,poster,45,-0.0067572654159937,0.1424714715258751,7.085531678246493,-0.0279752331430304,0.3216904051696905,0.0527834541345165
qwen-3.5-flash,2,173a17,poster,44,-0.0278678974521907,0.1183686579502729,7.177782515271313,-0.1069616263567228,0.3229070995223065,0.0170423454606806
qwen-3.5-flash,1,17b8da,poster,58,0.0221035162950402,0.2392798830899766,2.14178439655782,0.11038270788643,0.5929901329017093,0.0360384717854859
qwen-3.5-flash,3,179165,desktop,58,0.0223073183168405,0.2052172035013029,3.5311780561425663,0.1914049756542098,0.596646241206378,0.0061973273301606
qwen-3.5-flash,2,17b8da,poster,30,0.1417320034562812,0.2816895656628236,1.6345270274184611,0.4148378654593499,0.6604176958045562,0.119081745107609
qwen-3.5-flash,3,17b8da,poster,52,0.1166017450421025,0.2749776903789586,1.8129500544876804,0.3371623751318554,0.6501147826849456,0.0963861105447493
qwen-3.5-flash,1,18177f,desktop,40,0.4998313544692558,0.4130611553757397,3.6011845515576413,1.4070581610459134,0.6092700116533316,0.451060948971426
qwen-3.5-flash,3,18177f,desktop,82,0.4927075470795382,0.4051055121349618,3.614557740270845,1.4019263974860368,0.6084637426313364,0.4463590376774793
qwen-3.5-flash,2,18177f,desktop,64,0.5648354236895008,0.4366303428007506,3.5385561770398812,1.6146485855136423,0.6094794209332127,0.5049781812488171
qwen-3.5-flash,1,18230e,web,32,0.3468734900335201,0.2927147067227481,1.6441515549446002,1.1480686266173306,0.8383551074425879,0.3087952533795974
qwen-3.5-flash,1,17a8d1,mobile,52,0.0145717460525969,0.2131992427431665,4.172705229362762,-0.1994853790469981,0.5272291630388073,-0.1427805172129272
qwen-3.5-flash,2,18230e,web,30,0.3635720544363245,0.2897663735390132,1.6965643485934605,1.3277170178098496,0.8317834864846808,0.3435440750580793
qwen-3.5-flash,2,17a8d1,mobile,52,0.0189372031496003,0.2158191533869941,4.167739338916476,-0.218891933336442,0.5331916479339194,-0.1570244054874829
qwen-3.5-flash,3,18230e,web,16,0.2312363706483888,0.2350048606207612,2.3653116142619988,0.8537243319901467,0.7959345566162009,0.268506143365137
qwen-3.5-flash,3,17a8d1,mobile,52,0.0319609753364787,0.2285069770375025,3.9313344177393055,-0.2067804422605454,0.531437320359224,-0.1537081825352129
qwen-3.5-flash,1,17e6bf,poster,49,0.2032896407823898,0.2457826134878488,3.764838291616681,0.7084976851929375,0.6891449120585328,0.2007240114654447
qwen-3.5-flash,1,182715,desktop,50,0.5537899347322008,0.4527417051705697,3.81635474667744,1.9294647506614615,0.7165896444613056,0.5387666348472591
qwen-3.5-flash,2,182715,desktop,51,0.5520934787810239,0.4551914977283403,3.878461869193523,1.891257839865339,0.7149489105074663,0.5385777777795095
qwen-3.5-flash,2,17e6bf,poster,30,0.1336827981683868,0.203914982833671,3.868062105652121,0.4413978184229677,0.6634050648406713,0.2409270831866969
qwen-3.5-flash,3,17e6bf,poster,45,0.0609826040900598,0.1671814910958018,3.9767703568106376,0.1954668848952797,0.6382835416818451,0.1971859267646672
qwen-3.5-flash,3,182715,desktop,54,0.5062652578355219,0.3270347107568104,1.832987340975711,1.6938169371359846,0.7420691248466061,0.486834691398922
qwen-3.5-flash,1,183534,web,49,-0.0020054803695054,0.2104557700172115,2.487210879957473,-0.1011411603261319,0.6120966027462941,-0.068491394726341
qwen-3.5-flash,2,183534,web,54,-0.0753618306655676,0.1323206485050875,5.156820796393693,-0.208297485431788,0.4888675821124006,-0.0279180558246722
qwen-3.5-flash,3,183534,web,42,0.1757250008925899,0.2946790070975515,1.6808468106201753,0.2902537544846761,0.6767742929174758,0.0067576447329152
qwen-3.5-flash,2,18f09a,poster,41,-0.0424814020838753,0.2891443067242503,1.594437767440026,-0.0382581617196568,0.4479166538838445,-0.0220462536763701
qwen-3.5-flash,1,18f09a,poster,34,-0.0017077425769186,0.3086666525147198,1.5034694058952376,-0.0721183926158149,0.4683825574836165,0.0660437636921777
qwen-3.5-flash,3,18f09a,poster,32,-0.0859393249400798,0.298201521155692,1.5960155151871953,-0.3350582415989127,0.4107332309061957,-0.2142988368317357
qwen-3.5-flash,2,188089,web,46,0.0625620109540261,0.2195171592996871,2.0597052715659125,0.0550623923163494,0.5726891426881993,-0.0053261333119137
qwen-3.5-flash,1,188089,web,53,0.0275535008071872,0.2084500776094325,2.1869748564846674,0.0232028618283967,0.5670274314842166,0.0031543573149556
qwen-3.5-flash,3,188089,web,52,-0.0034834925831286,0.1988244449514979,2.4848215077991767,-0.0740194697009629,0.5370694120234163,-0.0316775157825192
qwen-3.5-flash,1,18db69,web,33,0.0920755383100534,0.1820438557489582,3.5734576748186857,0.2313811655332107,0.6329674156739227,0.0553103506154449
qwen-3.5-flash,3,18db69,web,30,0.0997556510991076,0.1841427854642247,3.548283584219999,0.2600359890180982,0.6377044522331881,0.0268046389937743
qwen-3.5-flash,2,18db69,web,31,0.1008260671124133,0.1914704802615706,3.490943327866734,0.248809387913046,0.6522035522035379,0.0554317075045571
qwen-3.5-flash,1,195990,web,49,-0.0150175677288633,0.1643062592751456,3.69754524471404,-0.027582070739517,0.5098070098505104,-0.003604774328949
qwen-3.5-flash,2,195990,web,40,0.0285920742230695,0.1862693086902584,3.4786362943364155,0.0792757967523451,0.5530225287442856,0.0460229743571383
qwen-3.5-flash,3,195990,web,35,0.0662933461750769,0.2025830565310917,3.4563536017106293,0.1092841801683197,0.5314735189108962,0.0272084932419771
qwen-3.5-flash,1,18f66d,mobile,16,0.4924618645561947,0.4587657538167555,2.4085863554950837,1.2048055397956898,0.7265048833592694,0.4790985884266205
qwen-3.5-flash,2,18f66d,mobile,16,0.4938434736134475,0.457244533804984,2.4250883704769843,1.2138764202727672,0.7255044912454897,0.4797810984610937
qwen-3.5-flash,1,1a03d5,desktop,56,0.2676010894975201,0.3008033626913339,3.395723834111683,0.5445461345861194,0.6371073357038373,0.1782255717322081
qwen-3.5-flash,3,18f66d,mobile,16,0.484437091313976,0.4531462407976568,2.447034354380053,1.2128218068130778,0.726349799662052,0.4703916841008014
qwen-3.5-flash,2,1a03d5,desktop,56,0.2676010894975201,0.3008033626913339,3.395723834111683,0.5445461345861194,0.6371073357038373,0.1782255717322081
qwen-3.5-flash,2,193df9,poster,33,-0.0685162162112299,0.0585497125560027,7.992291398781781,-0.3149540156044157,0.4295946909540413,-0.0950463128806792
qwen-3.5-flash,3,193df9,poster,49,-0.0669734673013918,0.0874573555403404,5.11226342319389,-0.3510297891020541,0.4465484955994998,-0.0972557628001174
qwen-3.5-flash,1,196a1e,poster,30,-0.0722084601230373,0.1188918048443168,5.101838723426984,-0.150462847734965,0.4427221068091582,-0.0359305542546972
qwen-3.5-flash,3,1a03d5,desktop,53,0.2790358471463399,0.3369179497367653,1.8835323124655128,0.5978419888358811,0.7156508830997163,0.1574659929977463
qwen-3.5-flash,1,193df9,poster,51,0.0579038667007278,0.1487261995988851,4.45107878819584,-0.2171828976940074,0.5185242187914831,-0.0176934038172808
qwen-3.5-flash,2,196a1e,poster,30,0.0202415831765929,0.2174409472724827,3.619188907059301,0.3407898390841828,0.62509490934936,0.0533158940839218
qwen-3.5-flash,3,196a1e,poster,33,-0.0018771973598028,0.1627146589325044,4.907209748736884,0.0917542146881993,0.4703478209046022,0.0537535430292727
qwen-3.5-flash,1,1a27f3,web,51,0.2946769855864191,0.3105680321870286,1.5584497634997323,0.8620925420724725,0.7223880112839253,0.2846910138956058
qwen-3.5-flash,3,1a27f3,web,30,0.0666644025164663,0.2224358576959738,3.2916414223033392,0.0648822051482772,0.5316401271627803,0.0553327549309404
qwen-3.5-flash,2,1a27f3,web,30,0.0969211749669529,0.2434646184837418,2.1159710154341496,0.1638142963553737,0.6222928150709617,0.0787688654916309
qwen-3.5-flash,1,1a3e47,desktop,53,0.5956842101553805,0.3726990355882503,1.1924320293366093,2.1703554222210566,0.8670456945594474,0.6007269244455802
qwen-3.5-flash,3,1a3e47,desktop,50,0.5148136683319469,0.4451384304921283,1.8057196048239368,1.768852483409727,0.8488695386052595,0.4930079069364393
qwen-3.5-flash,2,1a3e47,desktop,30,0.7425735826152537,0.553887867399651,2.292255500697324,2.761581681869633,0.7977472300368937,0.7341235394735172
qwen-3.5-flash,1,1a5c70,poster,30,0.1178244141297863,0.2354694944235596,1.8350096312099948,0.3493106538158023,0.6431595786306992,0.0970634755436565
qwen-3.5-flash,1,1a2169,mobile,30,0.0431380789242515,0.0938862776150941,8.122843255220507,-0.0497005767998945,0.3266945273901188,-0.0752597489263494
qwen-3.5-flash,3,1a2169,mobile,32,0.1954297325038803,0.2528234499988573,3.446812317875142,0.63379590238837,0.6550146238390322,0.0397015931425176
qwen-3.5-flash,2,1a5c70,poster,34,0.0333668621986038,0.2137063937834354,1.952754947307075,0.1427439418106693,0.6416210818046707,0.0343278899243458
qwen-3.5-flash,3,1a5c70,poster,50,0.1088421006458938,0.2220439138621393,1.835176221528525,0.2914466106139793,0.6378357870554594,0.0597247906145749
qwen-3.5-flash,1,1a2fc7,mobile,51,0.4728051924595842,0.4113556421715891,1.2830100096656587,1.5096299006099558,0.8087226161132313,0.4272580509362472
qwen-3.5-flash,2,1a2169,mobile,30,0.2109717106349414,0.2683795639548674,3.022948679602893,0.4724739351748359,0.668162146590741,0.0826232777539293
qwen-3.5-flash,2,1a2fc7,mobile,21,0.0696298472601428,0.2535543192905689,3.2668251788887552,0.2927224977210028,0.743089572638891,0.0821532274197666
qwen-3.5-flash,3,1a2fc7,mobile,33,0.3917885191481174,0.3396683144121772,2.191269296144863,1.2833927825452118,0.7385161487760056,0.3488945400293421
qwen-3.5-flash,2,1ad1cc,poster,56,0.0715916944685627,0.2379369570232848,1.8111381307038137,0.1847856735095578,0.5519218902845491,0.0484833456938461
qwen-3.5-flash,1,1ad1cc,poster,47,0.1571445291210924,0.256638448683548,1.6867578378230903,0.3837852135663324,0.6330051099698647,0.1209566383992186
qwen-3.5-flash,3,1ad1cc,poster,51,-0.0343395217955769,0.2063039986349737,2.0533233533748723,-0.1434450266683149,0.4793143002076069,-0.037010584806216
qwen-3.5-flash,1,1a9f12,desktop,55,0.4414395991746562,0.3799822554483348,1.3224371170574702,1.5231165357154113,0.8341144876517688,0.4473386033923712
qwen-3.5-flash,2,1a9f12,desktop,31,0.1818076684283837,0.2538033117584061,2.7154205333821055,0.6993483673922826,0.6606321152809411,0.1465481404826483
qwen-3.5-flash,1,1acfdd,web,30,-0.0298136748982423,0.0998250790814655,3.98510457203491,-0.0806534860421942,0.5282423565156801,0.0145728420504361
qwen-3.5-flash,3,1a9f12,desktop,53,0.2287295263604566,0.2667871751621847,2.945724341598422,0.7643955717185733,0.6955162914360922,0.2482012794231703
qwen-3.5-flash,2,1acfdd,web,32,-0.0336233080307411,0.09705498318545,4.080696224108285,-0.0950359762735877,0.5498041198544001,0.0040978048780529
qwen-3.5-flash,3,1acfdd,web,30,-0.0032426858214417,0.1207049259037043,3.8964711586868352,0.0445044327469719,0.5592058481049099,0.0038719976553754
qwen-3.5-flash,1,1b0094,poster,30,0.112788429689779,0.3136918439908222,2.279643800556189,0.2646319853328361,0.5742863729970084,0.07354107164286
qwen-3.5-flash,2,1b0094,poster,30,0.1925237946363656,0.3448182925222859,2.041645073311692,0.5061678978366013,0.6194382172970903,0.1311747149590602
qwen-3.5-flash,3,1b0094,poster,42,0.12000189944563,0.3286763589056402,2.148520516487552,0.398447391099058,0.6181132752919287,0.0880041263667029
qwen-3.5-flash,1,1b3eec,web,52,0.0183071667376936,0.2021005570169576,2.8682963902065195,0.0108800860292044,0.6441294263539352,-0.0316729218132602
qwen-3.5-flash,2,1b3eec,web,53,-0.0372278733134241,0.1494689442211096,4.209602988495456,-0.1144597484392178,0.5787371749714127,-0.017782724306932
qwen-3.5-flash,3,1b3eec,web,35,-0.017578008721737,0.1676201917638182,4.8794166373340815,-0.0312907743949687,0.5701538735376073,-0.0129163981238359
qwen-3.5-flash,1,1b436f,desktop,30,0.4896924225302976,0.3555610792313188,4.268745095928364,1.1403499220520996,0.6218779503418586,0.4326532204040618
qwen-3.5-flash,2,1b436f,desktop,51,0.577120080837437,0.499736867284465,1.0501067725718185,1.3827238614831394,0.820041048611234,0.5332205905140159
qwen-3.5-flash,3,1b436f,desktop,54,0.3340947820457328,0.3253603339385689,1.449913116334406,0.9583366539061876,0.7501441241122839,0.3344748232516458
qwen-3.5-flash,1,1b307f,mobile,30,0.1188476342679158,0.2791710049070462,3.0442056056025897,0.3392275970093185,0.6361467156469123,-0.0382985152065543
qwen-3.5-flash,3,1b307f,mobile,15,0.0935837914451315,0.2538986713806442,4.133324975515549,0.1694066269931248,0.4852340333408249,-0.0816116009410053
qwen-3.5-flash,2,1b307f,mobile,52,0.1213726450527546,0.2722190817216482,4.0055358141025454,0.2501271634852252,0.4802378183467287,-0.0202292201600205
qwen-3.5-flash,1,1b984b,desktop,88,0.0352184535971842,0.1790135625249046,2.780164930370023,0.0717059125530492,0.5289856494032188,-0.0230263086569961
qwen-3.5-flash,2,1b984b,desktop,87,-0.1335223294489804,0.1056759499881048,3.7362104585361897,-0.4955460430729902,0.3844541125892546,-0.0524231491323016
qwen-3.5-flash,3,1b984b,desktop,279,0.1792327526384078,0.2396178554185951,2.3346325303668243,0.4688303104352127,0.6076086060525462,0.0200722299380997
qwen-3.5-flash,1,1ba5bc,web,37,0.1083702658430193,0.2575972584328817,2.1140148677820596,0.2608859528266556,0.6765474607591226,0.0130339000692097
qwen-3.5-flash,2,1ba5bc,web,41,0.0373470529843357,0.2386528008522801,2.4105868345999535,0.242938230856688,0.621764750573301,-0.0403804053930254
qwen-3.5-flash,3,1ba5bc,web,51,0.0471027374402786,0.2318002641479047,2.4970168505324817,0.1104474257137317,0.6413158586476346,0.0270328144371541
qwen-3.5-flash,1,1bafe2,web,44,0.1026497571555795,0.180439735050037,2.573915626729746,0.2709920011196033,0.6058692703637175,-0.0089052293432387
qwen-3.5-flash,2,1bafe2,web,46,0.1503868523848529,0.200883787174962,7.117735756035302,0.4781854158941143,0.3817694002050314,0.0983488044050317
qwen-3.5-flash,1,1b4c8d,poster,45,-0.0061567328919509,0.0956712119164772,7.5498096830533825,-0.0022275776055335,0.3621370678116971,-0.0049847578900626
qwen-3.5-flash,3,1bafe2,web,46,0.1573514059507398,0.2042399725527501,7.101734475269005,0.498960885734332,0.3820554846024298,0.1062642846687244
qwen-3.5-flash,2,1b4c8d,poster,50,-0.0590344288991461,0.0766764007913183,7.620639343573339,-0.2009792725864281,0.3602513779975194,-0.0421701988980383
qwen-3.5-flash,3,1b4c8d,poster,57,-0.0267216219822803,0.0814435798514316,7.6128354759182,-0.0958876665952781,0.3769106884527552,-0.0087088239136784
qwen-3.5-flash,1,1bf5c6,desktop,50,0.3645408881838508,0.3579089694905633,1.726495735248493,1.028320542000466,0.7527729152844392,0.2978307777040231
qwen-3.5-flash,1,1c2bc5,poster,33,0.1023266475511886,0.2192395697787669,2.3203671066158624,0.416578371911622,0.617305969095889,0.0272946725565254
qwen-3.5-flash,2,1bf5c6,desktop,51,0.4287414182305218,0.3353674566274258,1.312607498180964,1.2266299056289751,0.8151244245800628,0.3083976536860728
qwen-3.5-flash,3,1bf5c6,desktop,34,0.3737650838045293,0.3442491041528472,1.3906652419476055,1.0419093142487224,0.8047347557541962,0.3182168165388033
qwen-3.5-flash,2,1c2bc5,poster,50,0.1061438449792879,0.2272923934700456,2.177103865336997,0.468927381085737,0.6453668271807269,0.0571703212715381
qwen-3.5-flash,3,1c2bc5,poster,51,0.0511434844370169,0.2168490125788081,2.262718506312053,0.2598906396232725,0.5965423479286794,-0.0122933783427333
qwen-3.5-flash,1,1c27b9,web,55,0.114792687802141,0.1879137831921317,3.336245394366891,0.3101235091161141,0.6658865734281415,0.0702677010817351
qwen-3.5-flash,2,1c27b9,web,51,0.0568519632767672,0.1614716083688284,3.4859751863823174,0.1041848969920475,0.6928714539549671,0.0045013724636784
qwen-3.5-flash,3,1c27b9,web,52,0.1440201246943455,0.1939216267167733,3.7725062464880343,0.4625377380470689,0.6783340806728262,0.0280187652139934
qwen-3.5-flash,1,1bc531,poster,34,0.1281337308354793,0.2056083959540565,3.2197962013045176,0.4579679246971589,0.6707826782282204,0.1741228473336387
qwen-3.5-flash,2,1bc531,poster,52,0.2881426759823666,0.2683775136789539,2.7437215139320883,0.8833031407096953,0.6935894778378586,0.3122654713696222
qwen-3.5-flash,3,1bc531,poster,50,0.155697129702883,0.2282308280120923,3.1814759198056533,0.4767855385308175,0.6889714338433521,0.1851593153663411
qwen-3.5-flash,1,1c381f,desktop,49,-0.0677911420085696,0.0615384557771984,4.961786261350239,-0.0516303526891501,0.5363664282421508,-0.0620046850479009
qwen-3.5-flash,3,1c381f,desktop,44,0.0050856670102922,0.1049065664415327,4.240395378863669,-0.0010448316592541,0.5919490225250207,-0.0170247759933072
qwen-3.5-flash,2,1c381f,desktop,47,0.0242088453951385,0.1124784163052267,4.321682986907903,0.0656620167229896,0.5921246684705446,-0.0244371753229822
qwen-3.5-flash,1,1ce5f5,desktop,30,0.159612936567367,0.23576552174463,7.418146428494865,0.8066516770252141,0.3976459338148613,0.1023135283144042
qwen-3.5-flash,2,1ce5f5,desktop,30,0.3149581261601801,0.3001215370876274,7.1799167206333285,1.6147021235061183,0.4067823638501762,0.2234356341789971
qwen-3.5-flash,1,1d0e96,desktop,36,0.2030150364823449,0.3009666120781685,1.9032701758957915,0.5509713169505857,0.7697287099646092,0.1566793676791478
qwen-3.5-flash,3,1ce5f5,desktop,60,0.3898958821059194,0.2671903390362856,1.6176322516971966,1.8413195256821904,0.8986377541895951,0.2893966518294152
qwen-3.5-flash,2,1d0e96,desktop,35,0.1733559931796614,0.279879175758301,1.959250097782283,0.4695721674021946,0.7694828254289092,0.1356144017818948
qwen-3.5-flash,1,1d1d01,web,51,0.4430160804911173,0.3411046299269372,1.2779198572500363,1.3387898005018966,0.861273709390053,0.0166215765984031
qwen-3.5-flash,3,1d0e96,desktop,35,0.1716899930363364,0.2799010648543306,1.9586417988978089,0.4653458783995756,0.7707950553206007,0.1337995743129537
qwen-3.5-flash,2,1d1d01,web,40,-0.0254387234091211,0.1462325949528718,2.4544502702104887,0.029612721155796,0.5696316899824906,0.0168724504356353
qwen-3.5-flash,1,1c375b,mobile,51,0.1748895020123023,0.27096316982644,3.1585921272559925,0.7355138210643437,0.6982055690375256,0.112802265744389
qwen-3.5-flash,2,1c375b,mobile,48,0.1131265271972099,0.2446844262042906,3.1461180166463008,0.786756701665036,0.6287880594846078,0.1110546781967839
qwen-3.5-flash,3,1c375b,mobile,29,0.2008209860889119,0.2791084896209918,2.9558775348660373,1.093527458055982,0.6753144818958743,0.1727680741336094
qwen-3.5-flash,3,1d1d01,web,36,0.0135415135785705,0.1595969329045604,2.3513879559632977,0.1818751438429273,0.5876657914930022,-0.0195736765341246
qwen-3.5-flash,1,1d26b4,web,31,0.0936556567970565,0.2162961890779718,2.5735398156566376,0.2760432111286179,0.6837200610866373,0.0460558467804127
qwen-3.5-flash,1,1d5a20,web,51,0.3902454225575981,0.3859385127226219,2.5332227081662912,1.2661174313716936,0.7233895385490907,0.2352714161532586
qwen-3.5-flash,2,1d5a20,web,18,0.2768068764604549,0.3266863756335292,2.663861061780148,0.8276185070242571,0.7235853179026884,0.1127684147936834
qwen-3.5-flash,2,1d26b4,web,35,0.1463051023424574,0.2298159186075881,2.267725524275417,0.4688583683530329,0.7083446410181107,0.0958856062261326
qwen-3.5-flash,3,1d5a20,web,17,0.3256591602392129,0.3457177557328045,2.618677579542143,1.008086578938107,0.7099716646454295,0.149632762932995
qwen-3.5-flash,3,1d26b4,web,36,0.145239354733999,0.2278245829690594,2.2881309633270654,0.4787154333881419,0.7047426457170827,0.1082735048406015
qwen-3.5-flash,2,1d99c7,web,31,0.0161414829552908,0.167395322130495,4.201713092731834,0.0615435589312911,0.5073122900299983,0.0664140710776601
qwen-3.5-flash,3,1d99c7,web,45,-0.0456669107833859,0.139367678042185,4.48467086091189,-0.1425260285003149,0.4626355171181825,0.0248177986661958
qwen-3.5-flash,1,1d99c7,web,36,-0.0058640649207911,0.1567631890786237,4.355879887179051,-0.020607778101948,0.487583203224492,0.0459700128653208
qwen-3.5-flash,2,1dd3f0,desktop,49,-0.0355615615820111,0.1784932708040558,2.7619444594419145,-0.0089349673857205,0.4783412985985371,0.0007162560792312
qwen-3.5-flash,3,1dd3f0,desktop,51,0.0546247934494158,0.2135741415428085,2.757313922906173,0.1348393286011469,0.6013981214287916,-0.0047295836671034
qwen-3.5-flash,1,1dd3f0,desktop,50,-0.0445883242373234,0.1751209832747276,2.7161629281504336,-0.0735851707196446,0.4918980888727243,-0.023097698774731
qwen-3.5-flash,1,1de187,poster,31,0.1499710306503048,0.2526680392075418,2.871567966038287,0.4667993491153573,0.5984263456893316,0.1140899576038567
qwen-3.5-flash,2,1de187,poster,51,0.193349362215549,0.2960943136554617,2.22000915352964,0.4102240493761582,0.6962079751697264,0.063194900554407
qwen-3.5-flash,3,1de187,poster,31,0.2375882193348502,0.3028963275522229,2.582349267046262,0.7695900526640457,0.6784824378662666,0.1726195597488093
qwen-3.5-flash,1,1e1131,poster,54,0.1092405937243687,0.1913908470466517,2.3474361569456463,0.4076237097572888,0.6825069271197418,0.1435899555946581
qwen-3.5-flash,2,1e1131,poster,45,0.1816303738383625,0.2198339745989845,2.3716250269569814,0.6213073535431056,0.6749199643954985,0.1813474041833479
qwen-3.5-flash,3,1e1131,poster,48,0.1044508005685529,0.2034757506864609,2.504081928038566,0.3924151204379293,0.7107648315899938,0.1368634316340739
qwen-3.5-flash,1,1dd09f,mobile,51,0.1579605602092672,0.1930393362099797,4.787356416289014,0.2908257427414308,0.594785801031065,0.0997290110068033
qwen-3.5-flash,3,1dd09f,mobile,14,0.1350983635990231,0.1802907204481434,5.023209473545267,0.2410469452963229,0.6000856991975406,0.1021144216203272
qwen-3.5-flash,2,1dd09f,mobile,30,0.1081285326843016,0.1917455202140738,4.572327438317941,0.321856781497123,0.5729527246317487,0.0589954643604293
qwen-3.5-flash,2,1e27b2,desktop,30,0.3450595637394699,0.3213738177672741,4.889724113778328,1.129213792993493,0.5695410238220674,0.1828104305293122
qwen-3.5-flash,1,1e27b2,desktop,50,0.2432551591558253,0.2684548777792681,5.777771346326247,0.7614103010622832,0.4991648289189019,0.1375309869793502
qwen-3.5-flash,3,1e27b2,desktop,278,0.0643504759271801,0.2252926309192027,1.8619699215996628,0.1054400450786528,0.5391821652226397,0.039376798488489
qwen-3.5-flash,1,1e79f1,web,31,0.1300658710055179,0.1960766201989281,3.7466835165531016,0.3927153995150134,0.5835906303070825,0.0868281868985074
qwen-3.5-flash,2,1e79f1,web,34,0.1082133545674582,0.1839852252649941,3.827844773965353,0.3033174782702075,0.5718750877362435,0.080092727698172
qwen-3.5-flash,3,1e79f1,web,34,0.0991406936285254,0.1794408510944883,3.8644650409816546,0.27274364358089,0.5685071800961585,0.0787814790378202
qwen-3.5-flash,3,1eb64a,mobile,49,-0.0464678701121943,0.1272062469252119,4.1836967699242535,-0.1322381603134945,0.5684147327517455,-0.0043171361347075
qwen-3.5-flash,2,1eb64a,mobile,49,-0.0464678701121943,0.1272062469252119,4.1836967699242535,-0.1322381603134945,0.5684147327517455,-0.0043171361347075
qwen-3.5-flash,1,1eb64a,mobile,30,0.3604241243338962,0.3672069176401845,1.8030922715613844,0.7976858889847002,0.6690601514657891,0.3565059302385058
qwen-3.5-flash,1,1ed970,desktop,30,0.0925592258360815,0.205332134076408,2.49745612373876,-0.0947311805165281,0.4766156873219049,0.0750280637234628
qwen-3.5-flash,2,1ed970,desktop,30,0.136399385869681,0.2289475041733639,2.321297234157909,0.1851494563358925,0.583190241200801,0.1004308296235006
qwen-3.5-flash,3,1ed970,desktop,46,0.0878630281182473,0.2118934106238096,2.1309618318808083,0.0504850819706131,0.5465908925516678,0.0628585308757564
qwen-3.5-flash,2,1ee232,web,34,-0.0173112168514442,0.1611035813827856,4.155582745602505,-0.0001038926498121,0.5346808063544923,0.0335409287586704
qwen-3.5-flash,3,1ee232,web,26,-0.0215127835794878,0.1440645825741938,4.09934721152723,-0.113269052455103,0.5174849346550615,0.0394459059770232
qwen-3.5-flash,1,1ee232,web,27,0.0746806087786384,0.2094084109828316,3.377799466355465,0.3053122733556822,0.5931115828607731,0.0730997312153067
qwen-3.5-flash,1,1f192b,web,32,0.0089353118708891,0.1560589828192975,4.639416378699691,0.0117750235639721,0.4724800889184574,-0.0183848920017642
qwen-3.5-flash,2,1f0773,mobile,34,0.0005265738595105,0.1438108835899471,6.18329629730221,-0.100828698581765,0.4474370537061258,0.0088463795993806
qwen-3.5-flash,2,1f192b,web,32,-0.0599827228079893,0.1447799040171402,5.0186292066153495,-0.1186128013222376,0.4495888224656414,-0.0984150878389182
qwen-3.5-flash,1,1f0773,mobile,32,-0.020448770992331,0.1472679404952269,5.606745009207259,-0.1247731917518973,0.5028367132413195,-0.0125257506934419
qwen-3.5-flash,3,1f192b,web,30,-0.0816883457468732,0.1236338348266443,5.981335453949175,-0.2571889328653052,0.3904566039466227,-0.1192284354245504
qwen-3.5-flash,3,1f0773,mobile,32,0.0367914775278744,0.1818030518524898,5.718578143356015,-0.0750631959152752,0.4693685753335794,0.0116159631615254
qwen-3.5-flash,1,1f1fff,desktop,30,0.291087940333268,0.3038477361009142,3.454645484910188,1.1313846933956333,0.6799014133643397,0.2854521068346825
qwen-3.5-flash,1,1f1736,mobile,39,0.1473416582569271,0.2885787887383942,2.543308430838365,0.6835850023841465,0.7256135449667209,0.1113877055248089
qwen-3.5-flash,2,1f1fff,desktop,30,0.2040611175616538,0.2574626455425222,2.637633199712428,0.8127540402621843,0.7241661458087151,0.1799449556705164
qwen-3.5-flash,2,1f1736,mobile,50,0.0201707947170062,0.2103328356359854,3.2353703518778243,-0.1728313812597381,0.4860272273081888,0.0255711514511354
qwen-3.5-flash,3,1f1736,mobile,45,0.0424757406998308,0.2120887076659299,2.7713386889625475,0.1331740247907992,0.5588892316860722,0.0080494510316715
qwen-3.5-flash,3,1f1fff,desktop,162,0.2875411858806627,0.3012837931111766,1.683439651458019,1.1708643953270246,0.8115575052494202,-0.1082604974159053
qwen-3.5-flash,1,1f3437,desktop,36,0.1259891986529703,0.2338771050490979,2.596085631261425,0.5629342911471982,0.7992584289889432,0.0286171459491768
qwen-3.5-flash,3,1f3437,desktop,30,0.071606448379461,0.181081583263938,4.22532845077787,0.2683405424906473,0.7718783235971174,0.0001188974269445
qwen-3.5-flash,2,1f3437,desktop,42,0.0868550559657423,0.2008010638190645,4.970081234210851,0.3555904336879383,0.7027550302401917,-0.0095083023041534
qwen-3.5-flash,1,1fdbf2,desktop,30,0.2251995563619431,0.3030919314722402,1.7363218425176628,0.5901599450612529,0.6756966400122213,0.1306362898835295
qwen-3.5-flash,2,1fdbf2,desktop,30,0.2211411669852873,0.3021721909774094,1.7637906976059432,0.5636526933224456,0.6798419513904466,0.1486901973401075
qwen-3.5-flash,3,1fdbf2,desktop,30,0.1173342580604221,0.2710843659327141,2.077667208607016,0.3502476066068884,0.6297839973920583,-0.02342109641732
qwen-3.5-flash,1,1f5664,poster,33,-0.0779171999182702,0.1586784372435925,4.404170415433954,-0.1845987391914206,0.4826213908692257,0.0210712628434155
qwen-3.5-flash,3,1f5664,poster,32,0.0108868851854505,0.2229088302065265,2.814673477964608,-0.1753995369458279,0.4651292129990784,-0.0635472443215958
qwen-3.5-flash,2,1f5664,poster,30,0.0949359423269802,0.2926900883756725,2.6975031959183298,0.0446349695198129,0.5416836714738348,-0.0154966995995133
qwen-3.5-flash,1,2019ad,web,34,-0.1021906045205095,0.1320397036338844,4.494706591906674,-0.1929567022407084,0.5004353878360137,-0.10983962992433
qwen-3.5-flash,1,2021b7,desktop,52,0.336146636679816,0.3423609291724132,1.3645778323527036,0.8362981534522769,0.7713849346279201,0.3073280072370297
qwen-3.5-flash,3,2019ad,web,31,-0.0295328441263298,0.1730816317741735,3.477715872478369,0.0847509107430952,0.5863004876892486,-0.073462924844798
qwen-3.5-flash,3,2021b7,desktop,52,0.3932771969039108,0.3279007538504376,1.3284164639235714,1.0767167408171952,0.7850006536650374,0.3459161761700843
qwen-3.5-flash,2,2021b7,desktop,51,0.4387300850091866,0.3424915863213289,1.310362112440957,1.319429871888283,0.8215199632767943,0.3745598371674645
qwen-3.5-flash,2,2019ad,web,30,-0.0443802330823302,0.1682468658798532,4.0511973444650815,-0.0549192325544253,0.5343282032130088,-0.0797714801350943
qwen-3.5-flash,2,207fd4,mobile,30,0.275446124969233,0.3167143929815879,2.764569893458676,1.024472794724245,0.7491303432036529,0.2504725176675284
qwen-3.5-flash,1,207fd4,mobile,30,0.141700946880975,0.2190666506138451,3.61707287300824,0.5217806943919135,0.6468844181883777,0.1047919176693215
qwen-3.5-flash,3,207fd4,mobile,30,0.2068021905801884,0.2801689286240699,2.681033820191737,0.7569238050862304,0.7318542031549699,0.1903109060899469
qwen-3.5-flash,1,2089d4,poster,40,0.5545319513348012,0.3957039900916476,1.724475192199648,1.8259941850916113,0.7649256236831147,0.4775636900801209
qwen-3.5-flash,2,2089d4,poster,33,0.6158305771600019,0.430872918684564,1.7769027557899677,2.0520337056883093,0.770786377886524,0.536192662712924
qwen-3.5-flash,3,2089d4,poster,53,0.4354055415458012,0.3105135524404026,2.0922776424126406,1.428742837401468,0.7213699403450192,0.3782807272952994
qwen-3.5-flash,1,20beb4,desktop,33,-0.0694147063456003,0.172156063197957,3.193218580812822,-0.2266549248929458,0.4655657726966546,-0.06860525707574
qwen-3.5-flash,2,20beb4,desktop,52,-0.096133906302815,0.1600203907112148,3.497651125453138,-0.2620538802247115,0.4341739603213365,0.0080184062498979
qwen-3.5-flash,3,20beb4,desktop,52,0.1721762254143939,0.2852779070620939,1.7675575986463237,0.4041458243626288,0.6335958654655244,0.1378394839065906
qwen-3.5-flash,1,20bf03,web,44,0.0641562246520131,0.1598097723289278,3.142168100169083,0.3941287326167139,0.6283136840079752,-0.0066532168316116
qwen-3.5-flash,2,20bf03,web,47,0.0722764231294576,0.1616808452481432,2.8497131646086795,0.4099423643149902,0.6364344459669404,0.0282912812951932
qwen-3.5-flash,3,20bf03,web,45,0.034126881811288,0.1432747726351237,3.6284489721536266,0.2975962557941004,0.5963506870810912,-0.0269792058202649
qwen-3.5-flash,2,20e9c6,mobile,30,0.0315729218641803,0.2386981917552654,4.700755305149187,0.0374956815315475,0.4183484309274342,0.0298620951082363
qwen-3.5-flash,1,20e9c6,mobile,30,0.0210641867944773,0.2368505083342018,4.613595273319233,0.0059932769222176,0.4442883124808903,0.0282252366104077
qwen-3.5-flash,1,20eedb,web,33,-0.0066513284245258,0.1934910725385428,3.4126188503494195,-0.0359733569799766,0.4715075102478963,0.0072655006854946
qwen-3.5-flash,3,20e9c6,mobile,29,0.0193220778397107,0.2344212688436611,4.652507036558248,-0.0258001564780589,0.4357155669376756,0.0460587724266838
qwen-3.5-flash,2,1fac04,poster,31,0.1100378343663939,0.1324666734188082,6.228783049381422,-0.0600224690629008,0.3708794083221383,0.0937451691524889
qwen-3.5-flash,1,1fac04,poster,36,0.2152671919248432,0.1987271702496557,5.719335187129552,0.7430961881706313,0.3821711031132456,0.1806036635880482
qwen-3.5-flash,2,20eedb,web,30,0.1064811806103762,0.2330954686217784,3.066132388938286,0.2908125579276454,0.5021345693874799,0.0569016484734403
qwen-3.5-flash,3,20eedb,web,30,-0.0616364888086954,0.156422729305364,3.514582328359389,-0.2003361509827361,0.514997998990023,0.0179630822035662
qwen-3.5-flash,1,210e46,desktop,45,0.2329279316842889,0.2025577862344007,2.1937115321857794,0.6428194476134235,0.6361957077809159,0.2936055639588782
qwen-3.5-flash,2,210e46,desktop,54,0.2059980452268786,0.2074779579707022,2.170153448425408,0.5387813564532583,0.6257436177700697,0.2810679987050652
qwen-3.5-flash,3,1fac04,poster,286,0.0067973780573217,0.1742438248311722,4.149749931988257,0.1903421805009156,0.5125834578951042,0.061963599240582
qwen-3.5-flash,1,2103ee,web,49,-0.0506785406758993,0.1613695463525576,3.253491555961716,-0.1141720654432838,0.4992748558117498,-0.0275691867275041
qwen-3.5-flash,3,2103ee,web,46,-0.0153257007201107,0.1824007273410784,3.096269395545419,-0.0337150095048329,0.5206893517360341,-0.0241523199881375
qwen-3.5-flash,2,2103ee,web,49,-0.0409376545842079,0.1679874745851563,3.2128992414057675,-0.0816278222018976,0.5089765943446938,-0.0388535144796775
qwen-3.5-flash,1,212589,poster,51,0.0512038327579563,0.2325919948550147,1.825120241535122,0.1120169018768336,0.615855546301207,-0.0651821906428529
qwen-3.5-flash,2,212589,poster,45,0.0365675546827475,0.219866482637833,1.8514944924600496,0.0105381771813343,0.4910887548729612,0.0709969573248099
qwen-3.5-flash,3,212589,poster,49,0.1534565854704647,0.2556481706322458,1.6946357079077077,0.4444723828218941,0.6448266146155123,0.0396184255755911
qwen-3.5-flash,3,210e46,desktop,35,0.1148451501368124,0.1772115222672418,3.013527009876772,0.2784902997815993,0.5765740595471791,0.1886307524515934
qwen-3.5-flash,1,203a7b,poster,52,0.2426899370856491,0.2392441566345927,4.871585895757836,0.9247179780466708,0.4320028063800112,0.2731883156077177
qwen-3.5-flash,1,2154a3,web,40,0.1994764980478511,0.2291414668215908,2.4045950673861527,0.6029610400462129,0.627112097504622,0.1820163825387002
qwen-3.5-flash,2,2154a3,web,48,0.1295105716575402,0.2141583915276128,2.3730295123386416,0.363915856125455,0.6420482520330617,0.0961504410957077
qwen-3.5-flash,2,203a7b,poster,36,0.1698832072673644,0.194545548408008,5.586951524958312,0.7346877928265513,0.3799661167704333,0.1607345936841524
qwen-3.5-flash,3,2154a3,web,45,0.1252203917659817,0.212054485389531,2.357869601230585,0.3282268316678953,0.6328463180665572,0.0777492088371542
qwen-3.5-flash,3,203a7b,poster,53,0.169783097544665,0.2304415527731797,4.701089065071175,0.6002062112465075,0.4552512779534505,0.1594375724750079
qwen-3.5-flash,2,217749,desktop,36,0.1414156326478108,0.2588472845924565,3.3329773447870497,0.4320642836750559,0.7414164457218676,0.0087950842607657
qwen-3.5-flash,2,215977,web,34,0.0162341167279253,0.1381858353662609,3.3682761729252997,-0.1244281952607292,0.5136212118592688,-0.0288519860152418
qwen-3.5-flash,3,215977,web,40,0.0224444534700455,0.1461455718477352,3.149161752552212,-0.1111182490405871,0.5082291515147337,-0.0107809033837142
qwen-3.5-flash,1,217749,desktop,50,0.1845484009593911,0.2814947956564425,3.0676388294168673,0.5437864879986077,0.7504269613588195,0.0405745517432762
qwen-3.5-flash,1,215977,web,33,0.0200158393393139,0.1378794637408921,3.3156645601010246,-0.1436449322890868,0.4992456098402897,-0.0051241280445515
qwen-3.5-flash,2,217ab4,mobile,30,0.0521732692261998,0.339344598695525,1.4699436037786755,0.1809482140228821,0.6101795823891202,0.1420920239135555
qwen-3.5-flash,1,217ab4,mobile,47,-0.0250439156620324,0.3025258054444306,1.6430061865438246,0.0801320074417345,0.565212928690771,-0.0184052667299698
qwen-3.5-flash,3,217ab4,mobile,30,-0.0108020688039748,0.3003525402915141,1.7119957952803986,0.0615101123749517,0.5503067783960713,0.0395097632835697
qwen-3.5-flash,3,217749,desktop,35,0.0757227926644457,0.2190107900726236,3.749316267249526,0.2060477105756468,0.7285942230160914,-0.0109109941702295
qwen-3.5-flash,1,215727,mobile,54,0.3491506446327456,0.2953933100465145,4.761983076211252,1.1190241360787412,0.5782132123378366,0.2977326227483216
qwen-3.5-flash,2,215727,mobile,52,0.165929525270967,0.2313058026819179,4.759020295864103,0.5293994170637525,0.5647153676496472,0.1786589152710153
qwen-3.5-flash,3,215727,mobile,55,0.4058910378596919,0.2837395819728024,4.483084619577839,1.3512245472483078,0.612577625500888,0.387283760980296
qwen-3.5-flash,1,21c674,web,32,0.1890582794797577,0.2684742233149812,3.984445158958294,0.4975659899089062,0.5935982672803339,0.1476412392856114
qwen-3.5-flash,2,21c674,web,44,0.1440454921257388,0.2474706394771952,3.466601433727043,0.3550067289630312,0.591588290266369,0.096511432626689
qwen-3.5-flash,2,22411d,poster,52,0.3726403246544644,0.3103463352503062,1.569494533050844,1.013100073673984,0.7328866746185609,0.3685523739307729
qwen-3.5-flash,1,22411d,poster,30,0.2787195550938986,0.285243351472155,1.6631507000898849,0.7874555110367567,0.6991918130753958,0.2659364372826492
qwen-3.5-flash,1,21d79e,web,34,0.1235003451042771,0.256838372571394,2.1329090461572062,0.3164350333975904,0.649593415365195,-0.062150726144232
qwen-3.5-flash,1,221587,desktop,33,0.1071711115918271,0.2263298996569684,2.7025354373652646,0.333305519068186,0.6503914264663383,0.169707369677968
qwen-3.5-flash,3,22411d,poster,50,0.323091256555536,0.296904112504848,1.6032492163226977,0.9030549209465512,0.7214403498016951,0.3090435919704192
qwen-3.5-flash,3,21c674,web,46,0.1161611046067473,0.2609291190212594,2.9245940098007503,0.2809167752665935,0.5924789951638754,0.039794908560432
qwen-3.5-flash,2,21d79e,web,34,0.128189077750764,0.2596493647033372,2.09319862726198,0.3491176015793626,0.6547436487761521,-0.0508761043436536
qwen-3.5-flash,3,21d79e,web,35,0.1013383382523203,0.2465898064646464,2.411692965109199,0.2477312081106434,0.6261143138758779,-0.0671335944429646
qwen-3.5-flash,2,221587,desktop,32,0.0811466826056222,0.2064885467638066,2.913541706755781,0.2845690427631409,0.6355436660040041,0.1362305262647287
qwen-3.5-flash,3,221587,desktop,39,0.0557382976069692,0.1887129316947099,2.9439208495854547,0.1753422305192385,0.6173517282835758,0.1374505853393238
qwen-3.5-flash,3,224be3,poster,30,0.1693474654120519,0.3005961084565545,3.588520730373745,0.1362105813200667,0.6046420414929485,0.1500506061836776
qwen-3.5-flash,1,224be3,poster,30,0.0190289393678023,0.1894146732426857,6.161667787786982,-0.1610897430092265,0.3062229495990084,0.002775584345923
qwen-3.5-flash,2,224be3,poster,51,0.1140164623946305,0.238990805546519,4.801630759083442,0.1206160888539358,0.4798450586671972,0.0999539753789807
qwen-3.5-flash,2,226f76,mobile,23,-0.0193690669828999,0.1870277341189998,5.248485289550993,0.1892817050784367,0.5057339363777936,-0.0247579402654352
qwen-3.5-flash,1,226f76,mobile,30,-0.0631326306051044,0.1834588070251572,4.93567180589733,0.0628548399367483,0.485760825264693,-0.0329100042108299
qwen-3.5-flash,3,22651b,mobile,34,0.2435954197079585,0.2845793685186421,3.6014894265805917,0.6129128512605483,0.6355784328650104,0.235434106609589
qwen-3.5-flash,3,226f76,mobile,23,-0.0158875289037913,0.1894379059827132,5.24152324421515,0.1769523770648506,0.5032241650151241,-0.0120618033815644
qwen-3.5-flash,2,22651b,mobile,31,0.2562539154947448,0.2879180823173294,3.447398976065301,0.7368282925360069,0.6406732196104512,0.2438857087761077
qwen-3.5-flash,1,22651b,mobile,32,0.2089969111765927,0.2760098843757328,2.7741747363336584,0.4632712537960788,0.736473304273918,0.2104418309833853
qwen-3.5-flash,2,229d89,desktop,34,0.1434490125424413,0.2318901461844313,2.2925072704724165,0.5514520429568898,0.7020893658845024,0.1463792461875217
qwen-3.5-flash,1,229d89,desktop,30,0.137571995313434,0.2396668405200345,2.209393601790125,0.4785841687191889,0.7169375679633654,0.1393965911709916
qwen-3.5-flash,2,22dd48,desktop,30,0.3339281842750092,0.2840864007186532,1.992230352293592,0.9014436684113696,0.7204799547063049,0.4350997750424108
qwen-3.5-flash,3,229d89,desktop,51,0.1617211173507022,0.1960410427715322,2.186970235777121,0.6708524094413654,0.6857845990049842,0.1719749890204717
qwen-3.5-flash,1,22dd48,desktop,14,0.3023044451949471,0.2701099727162498,2.677273912202944,0.8975343941597508,0.6966145723101757,0.3602517976499241
qwen-3.5-flash,3,22dd48,desktop,54,0.1961643524254409,0.2223478856732771,2.1935414001636815,0.4663185558931195,0.6420183515259891,0.3175964275415365
qwen-3.5-flash,1,22eaed,poster,30,0.0738363476806642,0.2028010613616702,2.469495596536996,0.3477080247067237,0.6319250604549209,0.0213215987576906
qwen-3.5-flash,2,22eaed,poster,30,0.0856846012504642,0.2101193746748267,2.4641858152889693,0.4164841047749846,0.6444122172375675,0.0240841311673459
qwen-3.5-flash,3,22eaed,poster,30,0.0586540417739326,0.196831302325575,2.5520124129102655,0.3005258075795396,0.609375999275885,0.0052803330913592
qwen-3.5-flash,1,2304c8,web,39,0.2534427833625614,0.2526641854257195,1.880339674552479,0.8793503514973497,0.7881176018968422,0.1374387201944292
qwen-3.5-flash,2,2304c8,web,37,0.2770238829751674,0.2546502652751597,1.7848722837281177,0.9371996183082952,0.8056411436457915,0.1462591533586607
qwen-3.5-flash,1,2298de,poster,51,0.3789138660617971,0.4086802726939145,1.9396800232816211,0.8465186639617636,0.799496859806343,0.3481087485875063
qwen-3.5-flash,2,2298de,poster,30,0.274831557350189,0.3494576820982806,2.1480811001287714,0.665609263105032,0.7299727575019179,0.2630604806416696
qwen-3.5-flash,3,2304c8,web,41,0.2453408832136262,0.2492541960869745,1.9071591891611923,0.8436451191964295,0.7824467068441971,0.1387945820622593
qwen-3.5-flash,3,2298de,poster,52,0.4034316333013204,0.4021079191662058,2.805848663955868,1.2042396491040313,0.7369885503071333,0.3739826356198531
qwen-3.5-flash,1,230d6a,poster,39,0.0556532547836124,0.1968582512815548,3.5687812903428253,0.309796768932144,0.5655308635869709,0.0195178204113866
qwen-3.5-flash,3,230d6a,poster,41,0.0585194869487807,0.1969471920494962,3.479093146801537,0.3568951351224827,0.5885840897685828,0.0134847081633358
qwen-3.5-flash,2,230d6a,poster,54,0.0426130046540702,0.1950318492136959,3.407785449248392,0.2612601539166216,0.5679500074457591,0.0269352702066049
qwen-3.5-flash,1,235508,mobile,53,0.2702391954922244,0.3200763119471136,3.053408362868111,0.637607059966111,0.5565750473856982,0.1634433019249083
qwen-3.5-flash,2,235508,mobile,50,0.1564514366287161,0.2862435475038714,3.0210805641497136,0.3350465468274562,0.5421013025572556,0.0296099963096483
qwen-3.5-flash,3,235508,mobile,50,0.0049503289229275,0.2405806445816368,2.4908441765645692,0.0109324122397242,0.538104084372008,-0.0937207849468317
qwen-3.5-flash,1,237216,desktop,172,0.3510063180430189,0.3474574452517899,1.332337220614007,0.7418966396063351,0.7343674404248683,0.2030057690800825
qwen-3.5-flash,2,2336ff,mobile,37,0.034137634660336,0.192378739235244,4.6433389734365225,0.0589366923582773,0.5881233431222679,0.0021942002129088
qwen-3.5-flash,1,2336ff,mobile,18,0.077824384504149,0.2202943562202882,4.350954350904406,0.2323342195393004,0.6121687530789176,0.007496496645631
qwen-3.5-flash,2,233a4c,mobile,30,0.1959917448958968,0.2809410996102693,2.8995196942083252,0.1280477097805367,0.6262251316711279,0.0732734481466524
qwen-3.5-flash,1,23981a,poster,46,-0.0157333611830755,0.2380032157279104,1.781406586653859,0.078936432514997,0.6388218303680812,0.0793689200112523
qwen-3.5-flash,1,233a4c,mobile,33,0.1766297083561892,0.2821945133386178,2.7360356099698895,0.2504187524393797,0.6513360705427591,0.0790475216124031
qwen-3.5-flash,2,23981a,poster,48,-0.0269952259977429,0.2228994383806568,1.872411490775052,0.0390694451458164,0.6318078105610926,0.0964156443708144
qwen-3.5-flash,3,23981a,poster,50,-0.0421413723138639,0.2467749753302802,1.829687610387398,-0.0878338804544652,0.5429324649662901,-0.0947096514065645
qwen-3.5-flash,3,2336ff,mobile,18,0.0861024692003262,0.2240865697852376,4.3222288165362235,0.2582065977943743,0.6132566126779281,0.0091114784217628
qwen-3.5-flash,3,233a4c,mobile,30,0.1989503887881169,0.2883886364124791,2.812988733041663,0.376929844520443,0.6488709564757634,0.0930125135271414
qwen-3.5-flash,3,237216,desktop,189,0.3412006550113829,0.3352780225135225,1.3802396433585726,0.712403684824724,0.7176836979473493,0.2083774416755625
qwen-3.5-flash,2,237216,desktop,172,0.442494540693027,0.3657914523009926,1.2732968689360886,1.000401194498146,0.7398391826724202,0.2099355910288992
qwen-3.5-flash,1,239f23,poster,54,0.0243144038149585,0.1643509858963338,2.652130322085862,0.205473078819849,0.5903891121198107,0.066300828854427
qwen-3.5-flash,2,239f23,poster,54,0.0604706848051796,0.1722071989848464,2.521107338610456,0.3404428138570272,0.6273641629031733,0.1037675947330795
qwen-3.5-flash,3,239f23,poster,40,0.1852818259854592,0.183760198193129,2.2670061473756093,0.6841208072797371,0.6791901278430564,0.236157548302657
qwen-3.5-flash,1,2428cc,poster,37,-0.1133044264692831,0.1945412129954439,2.299160969350482,-0.3943655065299475,0.4120130574543496,-0.1028670659001078
qwen-3.5-flash,2,2428cc,poster,35,-0.0848930455359101,0.2024541913459118,2.158614018154763,-0.3011764849728069,0.4412202838472137,-0.0708518834205551
qwen-3.5-flash,3,2428cc,poster,38,-0.0932990204129451,0.207773785687406,2.1475118780488485,-0.3713666942788743,0.4134161987422763,-0.0792743072456569
qwen-3.5-flash,2,24425e,web,32,-0.0111489836191787,0.1408646624380041,5.467125370115008,0.0368118689998935,0.4400021868979714,-0.0646649551741051
qwen-3.5-flash,1,24425e,web,32,0.0213309866835257,0.1456685992672625,5.697509976524044,0.1070710343499662,0.4392535337539116,-0.0443847568947213
qwen-3.5-flash,3,24425e,web,32,0.0213309866835257,0.1456685992672625,5.697509976524044,0.1070710343499662,0.4392535337539116,-0.0443847568947213
qwen-3.5-flash,1,23f03c,mobile,30,0.006444630563026,0.11483424458485,6.869224992645743,-0.1470616237664559,0.4259412988686741,-0.1001307857829939
qwen-3.5-flash,3,23b246,mobile,30,0.1012925425479908,0.252541467083388,4.448456736161026,0.1126715604653449,0.6088455481651015,0.0421401276700363
qwen-3.5-flash,2,23b246,mobile,30,0.1334081149778931,0.2833932464936868,3.561129208481962,0.0774526131407946,0.6891902601002775,0.0580282740871996
qwen-3.5-flash,1,23b246,mobile,53,0.2655431734048593,0.2998440561982456,4.258399792590738,0.500923492956893,0.597474993040102,0.1057340132897031
qwen-3.5-flash,2,23f03c,mobile,30,0.1551469739781195,0.2820508371196155,3.5183685799368067,0.4799071471727663,0.6366144544411924,0.0974930196170179
qwen-3.5-flash,3,23f03c,mobile,50,0.0937228989298156,0.2355181187611028,3.973031853908721,0.2926998396355388,0.5685301996610457,0.0592044095299475
qwen-3.5-flash,1,244817,desktop,53,0.0425415871297432,0.2135901404096306,3.2688550980895066,0.0955840699002882,0.5690431910673992,0.0486714342480268
qwen-3.5-flash,2,244817,desktop,53,-0.0767884182179455,0.114404509173882,4.181473565859252,-0.2471431547865297,0.5547193812225852,-0.0908588825942065
qwen-3.5-flash,1,244dfc,desktop,38,0.2302344191646268,0.2356411918980163,2.359436597244251,0.7867175153613639,0.6958966438605131,0.2805313320338953
qwen-3.5-flash,3,244817,desktop,53,-0.080098971718429,0.1128392082639104,4.204562685245693,-0.2468824085987195,0.554252896613265,-0.0931334343648711
qwen-3.5-flash,2,244dfc,desktop,31,0.1114520511550772,0.1794347918844368,3.103554645293648,0.3769190330762865,0.6640998077013274,0.1447062316836675
qwen-3.5-flash,3,244dfc,desktop,34,0.2264568795584758,0.2145485367048219,2.8351649101705583,0.7750533120067856,0.6769743958421275,0.2620937565362538
qwen-3.5-flash,1,24776f,web,50,0.0299235103256406,0.1878447938111855,3.0261055318519268,0.0482686174951728,0.6272503635718909,0.0599703062047777
qwen-3.5-flash,2,24776f,web,45,0.0265301283483696,0.1960644005970836,2.97544771224843,0.0386905581828498,0.5921238364566489,-0.012945652320407
qwen-3.5-flash,3,24776f,web,45,0.0820387740599493,0.2122666474112775,2.189335143876289,0.1206743748168902,0.5738844955219721,0.0999564899199738
qwen-3.5-flash,1,2481a3,web,72,-0.026501601804688,0.1204026602250547,6.855955040303163,0.0227164758228579,0.4324892870016192,-0.0566796328235466
qwen-3.5-flash,2,2481a3,web,35,0.1710909804957376,0.2951682171922307,2.402268380463637,0.3812616104477297,0.6387369324737681,0.0193608340231546
qwen-3.5-flash,2,24f619,desktop,53,0.1250109295437276,0.1732995162540834,2.5513680126284455,0.3690970534316747,0.6257499250195795,0.1741059725562671
qwen-3.5-flash,3,2481a3,web,43,0.1142188448469056,0.267032025338669,2.5645070154224476,0.2394879360989188,0.6016503827264427,-0.0099641320775068
qwen-3.5-flash,1,24f619,desktop,55,0.0935946569166639,0.1547284825495134,2.5482976119763596,0.2284589864541327,0.6138080722181324,0.1931048758441937
qwen-3.5-flash,3,24f619,desktop,52,0.1989230633496871,0.1852712417991106,2.237574928404838,0.6344751013470825,0.6744144160788107,0.2452696348552945
qwen-3.5-flash,1,2511d9,web,51,0.2719986690904424,0.3203212018884674,2.809913090540506,0.6820191470788318,0.6627786995664732,0.2110728286236546
qwen-3.5-flash,2,2511d9,web,31,0.1580440399231185,0.2435693449557854,5.106328293865941,0.4111511852297793,0.5584138568929049,0.109612844238022
qwen-3.5-flash,3,2511d9,web,45,0.2376303100640383,0.2738488907473299,3.6346093988639567,0.5792529987804609,0.6015502691296895,0.2201436187195087
qwen-3.5-flash,2,249820,mobile,30,0.1451441348771621,0.2770506420477135,3.5228127044524697,0.5522874679165096,0.6911462587837999,0.141897142415444
qwen-3.5-flash,1,249820,mobile,29,0.1393670847277755,0.2729313704177819,3.5500387157062043,0.5378920346883646,0.6810362246415199,0.1313036148917578
qwen-3.5-flash,3,249820,mobile,30,0.1450573547287387,0.2737359313830148,3.552740872063862,0.5127147803854937,0.6810329618653872,0.1396961287606698
qwen-3.5-flash,1,251672,web,33,0.0828413014589951,0.2370016171446506,2.9960601406868435,0.1150105793276108,0.5953973936692989,0.0525783270682883
qwen-3.5-flash,2,251672,web,33,0.1104700628731225,0.2470281913719171,2.950437669591111,0.2437055859367764,0.6150265151321974,0.0737092143242493
qwen-3.5-flash,3,251672,web,32,0.1342607027733299,0.2625857213156461,2.8877043295190603,0.3303137999681406,0.6233870854737656,0.0734619635706443
qwen-3.5-flash,1,25265d,web,29,0.0089261775604611,0.1829107400364066,3.268622053350957,-0.059457724987388,0.5306501124420683,-0.0665784054426754
qwen-3.5-flash,2,24ff3e,poster,52,0.1041382227312695,0.1550028899845835,5.375398085464339,0.1645126222470404,0.5662012080249753,0.0810328289082317
qwen-3.5-flash,1,24ff3e,poster,30,0.0314844743926672,0.09147536483558,7.096271022237641,-0.041701777605795,0.5722700884383594,0.0488417349368435
qwen-3.5-flash,1,25426d,web,34,0.1953344542041273,0.2883677769355124,1.867869770528663,0.4253687899142884,0.6509410271849261,0.1786976820601725
qwen-3.5-flash,2,25265d,web,31,0.0105131007331989,0.1841140849326162,3.274348815757914,-0.0160174820681253,0.5339074464118637,-0.0331503892489504
qwen-3.5-flash,2,25426d,web,34,0.1269456638719113,0.2726043710787327,1.910743182021469,0.2804114658718983,0.6400147244382877,0.1023827428581845
qwen-3.5-flash,3,25265d,web,34,0.0038121745398373,0.1811582657607124,3.2976008046944374,-0.0352590057950988,0.5242456770082137,-0.0319591162688156
qwen-3.5-flash,3,24ff3e,poster,52,0.1891516097457824,0.173200578828619,6.338045621417694,0.3814733902567609,0.5481658301594117,0.1512739452906013
qwen-3.5-flash,3,25426d,web,51,-0.0511671534062606,0.1735981929017377,2.600108314162994,-0.1104206234515866,0.5645204593642538,0.0467047174562598
qwen-3.5-flash,1,256ef1,desktop,45,0.3220703914019952,0.3151014804531592,2.0053346725563537,0.8431369343799103,0.7486599024012095,0.2997793053495498
qwen-3.5-flash,1,256121,desktop,30,0.082731523950152,0.1223577837107971,3.7575653879773023,0.1579598169265547,0.612152113282714,0.1430656750122106
qwen-3.5-flash,2,256ef1,desktop,33,0.3465712913269534,0.3194057595076685,1.8064782742843175,0.8928430230163225,0.7174649610343397,0.3105992636761561
qwen-3.5-flash,2,256121,desktop,30,0.1227050902926709,0.1762172235131554,2.660404346482072,0.3628635858657615,0.6987053842662762,0.1419752290019789
qwen-3.5-flash,3,256ef1,desktop,54,0.3572550674209983,0.3541331692116805,3.652986388807504,0.9251459538195184,0.5836947264286143,0.3087845633701767
qwen-3.5-flash,3,256121,desktop,37,0.1537046517709534,0.1866187009535677,2.423265319631997,0.4821525003685118,0.7011090490323244,0.1733684222621031
qwen-3.5-flash,1,2586ee,poster,41,0.4923061585996656,0.4051982257546748,1.4104154891448646,1.054724942622373,0.7112250937100204,0.4184884066480483
qwen-3.5-flash,3,2586ee,poster,31,0.281009637717992,0.3283682973520213,1.739293883338677,0.5460732431980397,0.6330780850896388,0.2522289473112851
qwen-3.5-flash,2,2586ee,poster,55,0.3506598738057912,0.3564288595255067,1.863479750696408,0.8524700956446518,0.6373570014984962,0.321449060861069
qwen-3.5-flash,1,259405,web,37,-0.1325501420062744,0.0976877607841144,5.007856929577215,-0.4366862027292055,0.3253208248018395,-0.1526519617032415
qwen-3.5-flash,2,259405,web,36,-0.1237388839689647,0.107082613125957,4.677824591885863,-0.4008463286748283,0.3457998111858164,-0.1454329674373216
qwen-3.5-flash,3,259405,web,37,-0.1297699826562541,0.1001067793744456,4.969781868539671,-0.4241694738855653,0.3263117229149524,-0.1516338920961951
qwen-3.5-flash,2,25acbb,web,61,0.0237983810698346,0.1395512392225087,5.308989368098548,0.0985001548239253,0.5675511888159571,0.084696350020378
qwen-3.5-flash,1,25acbb,web,50,0.0822320710660414,0.1831908054192978,3.798888010503533,0.2759001239603281,0.6357314366719649,0.136101078703492
qwen-3.5-flash,3,25acbb,web,31,0.1664272324683962,0.247576662869243,3.830297534684126,0.4948950991351816,0.6252395409836331,0.204441210235965
qwen-3.5-flash,1,25c458,mobile,28,0.0570546319997449,0.2853536711480172,1.6924441295724997,0.0958258237088788,0.5788270815843135,-0.0509449088618564
qwen-3.5-flash,2,25c458,mobile,30,0.2752051773407541,0.3441435020325322,1.3859611450848488,0.4576956217318961,0.6499124651881345,-0.0398181633393052
qwen-3.5-flash,3,25c458,mobile,30,0.1118897528262165,0.3129508310829039,1.7925586457522231,0.1295136710133406,0.5773179346587575,-0.1473401970149929
qwen-3.5-flash,1,25d2e6,poster,42,-0.0824153928387508,0.1375562330011367,3.222085647488607,-0.4293114998025587,0.3809185745371687,-0.1429193436403539
qwen-3.5-flash,3,25d2e6,poster,52,-0.1412738081011703,0.1169030335516142,3.5365166020936214,-0.5724983599105193,0.3449534461950109,-0.1321118888597943
qwen-3.5-flash,2,25d2e6,poster,52,-0.1054017571275126,0.1315133248029172,3.301829701477856,-0.4507895645692658,0.3602630494429436,-0.1283269644778288
qwen-3.5-flash,1,25bf7b,mobile,17,0.0488166112046415,0.1745178003454276,5.253723796302611,-0.116545468966823,0.543099552075609,-0.0395344805508348
qwen-3.5-flash,2,25bf7b,mobile,17,0.0474328015470102,0.1736882728140167,5.259911987442088,-0.1157543400134291,0.5431705282734529,-0.0382167391577636
qwen-3.5-flash,1,25d5bc,poster,34,-0.14796179499542,0.2051645305064762,2.260668998503304,-0.5495200516985743,0.3396463991837013,-0.1777243484257945
qwen-3.5-flash,3,25bf7b,mobile,31,0.064746090577677,0.2391175544972025,2.9691288374232467,-0.1081925961779426,0.6418069123481875,-0.0938901610355439
qwen-3.5-flash,2,25d5bc,poster,49,-0.2049609478517893,0.1601520449158296,2.896590821737,-0.5863654130421587,0.3463448566258957,-0.2017392245458818
qwen-3.5-flash,3,25d5bc,poster,36,0.0135482477115242,0.24319871243709,1.914204506777428,-0.0625368157754644,0.4957499078878893,0.0187607575882744
qwen-3.5-flash,1,25e2f5,desktop,49,0.0814559798594945,0.2227344222907264,4.32618489054559,0.2701013297838646,0.5517082676852423,0.1350581474122062
qwen-3.5-flash,2,25e2f5,desktop,190,0.034731590112503,0.2464579191614166,1.6901370107468812,0.1043495481584641,0.4572116298404423,-0.0116532379884308
qwen-3.5-flash,1,2675a8,desktop,45,0.0972233979036225,0.0976628439610841,3.3024749565089295,0.6190852958005381,0.6905937192754787,0.0366190349906848
qwen-3.5-flash,2,2675a8,desktop,71,0.0244891327406917,0.1047957050797776,3.373691283757965,0.2747192476720013,0.6786411614219958,-0.0465897990015044
qwen-3.5-flash,3,25e2f5,desktop,190,0.034731590112503,0.2464579191614166,1.6901370107468812,0.1043495481584641,0.4572116298404423,-0.0116532379884308
qwen-3.5-flash,3,2675a8,desktop,51,0.1406133528332794,0.1276004120236799,2.878612078760036,0.9581939153209916,0.7609248070580917,0.0094783497447851
qwen-3.5-flash,1,26781f,web,33,0.0589630576905254,0.2112440754939017,2.097213329071392,0.1666583365541479,0.6569343242907919,-0.0029907518833689
qwen-3.5-flash,2,26781f,web,33,0.0665127770175316,0.2128585328842875,2.0906046323666296,0.2064989371259835,0.6575877226597641,0.0028858001539896
qwen-3.5-flash,3,26781f,web,35,0.0430909418802247,0.2030665694648925,2.1452663021584346,0.1188831207059492,0.6460967406245745,-0.0034710880155755
qwen-3.5-flash,1,268f27,web,39,-0.0331040535719342,0.1708739360364728,4.019933659039795,0.1720108308224593,0.5259570799817044,-0.0360934540840219
qwen-3.5-flash,2,268f27,web,36,-0.0441702365243575,0.1629144727858617,3.986802788480422,0.0741029194251012,0.5243749642704146,-0.0595918159183666
qwen-3.5-flash,3,268f27,web,38,-0.0441602826664142,0.1654539033901333,3.9732886101809743,0.1397738895815887,0.5251860298325726,-0.0376879973711909
qwen-3.5-flash,3,26fb2d,desktop,15,0.3227410605266489,0.2830269539708132,3.406661039881578,1.828009807440325,0.7883284309267999,0.2949803866947851
qwen-3.5-flash,2,26fb2d,desktop,12,0.3614633189205414,0.3242689829316036,3.290322142856213,2.079133890088039,0.7966008989317329,0.3491935911767409
qwen-3.5-flash,1,26fb2d,desktop,12,0.3437980886664765,0.3153174351306588,3.3210822608619175,1.9784158921294308,0.7953870569080557,0.3331665249081139
qwen-3.5-flash,1,26c4ef,mobile,30,0.354897091682826,0.3916338543902607,2.669423877806816,0.6090206262855501,0.7569936224672285,0.3381373468389601
qwen-3.5-flash,3,26c4ef,mobile,50,0.3423141123993643,0.3363725407036481,3.0497118307836173,0.5994263767531705,0.7424165869723911,0.3229890753664683
qwen-3.5-flash,2,26c4ef,mobile,51,0.4060024597475803,0.3972259126488476,2.3137711415084707,0.8020121360573653,0.7098634826167923,0.3705268477788278
qwen-3.5-flash,1,2711d3,poster,58,-0.0464460458952138,0.133498208212914,3.211622441660287,-0.1203788005859022,0.4728300160235792,0.0245375497469461
qwen-3.5-flash,1,271112,web,70,-0.0399804590035432,0.1008525503640961,3.977221285678042,-0.1663772624070623,0.6634755371252439,-0.0138540012197325
qwen-3.5-flash,2,271112,web,48,-0.0173483095534566,0.112324218311376,3.8682134035786424,-0.0806219649695296,0.6864620709418273,0.0041889887847529
qwen-3.5-flash,3,271112,web,55,-0.0272721289150775,0.1243525702280597,3.685207934750941,-0.1428165700602307,0.572809030468282,-0.0028796632517558
qwen-3.5-flash,2,2711d3,poster,53,0.0772827864911776,0.1833110039414201,2.5596758386526326,0.4245449000182387,0.6193261289153853,0.0158307690338492
qwen-3.5-flash,3,2711d3,poster,52,-0.0160422683773901,0.1464357711746227,2.6430908127757458,-0.0863750889683914,0.5117629397836309,-0.0029513885162428
qwen-3.5-flash,1,27b0cb,web,52,0.5317636468986897,0.3657890910320635,1.348025733459371,1.6085035858073218,0.8097652120800739,0.480663757352448
qwen-3.5-flash,2,27b0cb,web,49,0.3019738716901341,0.2149112120015857,2.7951792055854026,0.7750170643081645,0.7344293518456638,0.3128278964128707
qwen-3.5-flash,3,27b0cb,web,48,0.1951237392940296,0.1671922198884329,2.3505284783555176,0.5889672756821005,0.7629756433704297,0.250375486832534
qwen-3.5-flash,2,257df7,poster,52,0.0814000073733655,0.1267747561404918,6.946504494195002,0.6356712743277166,0.2905950439612311,0.1184216770765605
qwen-3.5-flash,3,274fcc,poster,36,0.0066286421448928,0.2625931488998371,5.0012555917403105,-0.076802617352308,0.3998174651987204,-0.0421664153852273
qwen-3.5-flash,2,274fcc,poster,35,0.000342339554845,0.2666241160463801,3.6129444086656255,0.0926142629776282,0.4928464720225161,-0.032615245083519
qwen-3.5-flash,1,274fcc,poster,42,-0.0058784504679597,0.2702024008623703,3.529970348772197,-0.0510575557959182,0.4679304031707332,-0.0555029830958448
qwen-3.5-flash,1,257df7,poster,31,0.0829125966563869,0.1381142804283511,6.425913763199812,0.6382246155725952,0.3555379087195404,0.0976745093427632
qwen-3.5-flash,3,257df7,poster,51,0.0829913622343659,0.1479982405415659,6.426985691251811,0.3340123898700188,0.3499607007255517,0.1354877644298796
qwen-3.5-flash,1,27e29a,desktop,30,0.3221570708706429,0.2932651932139096,2.4587788211260837,1.005472047896181,0.7445296206376544,0.1895832780259861
qwen-3.5-flash,1,27d67e,web,38,0.0837291279079378,0.2325517771309715,2.7288105247447083,0.1752681207940583,0.5814777410259331,0.0179461979196327
qwen-3.5-flash,2,27d67e,web,40,0.0750027354925617,0.2275043029543497,2.7378426159204396,0.1409138287103175,0.5738638313477242,0.0298375455453409
qwen-3.5-flash,3,27d67e,web,37,-0.0577731706606648,0.1833023041396561,3.5365989778004763,-0.1428586963573805,0.5103205838848132,-0.0819789534259257
qwen-3.5-flash,1,27c37d,poster,51,0.0740737408771447,0.2058657780401703,4.916015396855364,0.1856443649695504,0.571736282662515,-0.0913505612900935
qwen-3.5-flash,1,28422f,mobile,30,0.3783575745167197,0.4332535289406914,1.2257263830131544,0.7771217680008248,0.7158947931067203,0.1531200523323552
qwen-3.5-flash,2,27e29a,desktop,19,0.2183786621684495,0.2503129911504304,2.985156985271349,0.600103919308401,0.7004773620139552,0.1560097223675486
qwen-3.5-flash,2,27c37d,poster,30,0.1238375347972601,0.2240079636042931,4.6431816304964215,0.3068725173020272,0.5324022062714712,-0.0073530006708962
qwen-3.5-flash,2,28422f,mobile,30,0.3677696968462985,0.4269860114954048,1.2574184126380543,0.7652552091433827,0.7070436438252119,0.113352142821635
qwen-3.5-flash,2,27f3f7,desktop,50,0.2982488220878593,0.370799905088167,1.405362617828944,1.071748686711276,0.7690195840349294,0.2026146420914098
qwen-3.5-flash,1,27f3f7,desktop,56,0.2889587934293317,0.3670598238750808,1.4354241955172895,1.052969251431353,0.7661425632665401,0.2267973048626371
qwen-3.5-flash,3,27f3f7,desktop,56,0.3040783999609856,0.3722603656775214,1.3936906568452914,1.12938694525128,0.779182536528725,0.2414394204760971
qwen-3.5-flash,3,27e29a,desktop,53,0.0748709768591818,0.1853251689559561,2.8677432039378195,0.2775434324163794,0.6088671501708566,0.0503501254001466
qwen-3.5-flash,3,28422f,mobile,32,0.4809725595970117,0.4523591201648678,1.0836167461280564,1.0143695393371033,0.7310902189877125,0.2031707733308584
qwen-3.5-flash,3,27c37d,poster,52,0.0068909907736428,0.1468292020237534,5.173027235082565,-0.0429382903988339,0.5320855137253275,-0.0211549207093683
qwen-3.5-flash,1,285c1c,desktop,30,0.2348940405380639,0.262114301597236,2.530412800829658,1.2940640536334185,0.7640510248118911,0.1722658618644394
qwen-3.5-flash,1,286cb0,desktop,49,0.1437256099660736,0.257432639794771,2.9481565122544673,0.3941445108178944,0.576850314958039,0.1775543443722902
qwen-3.5-flash,2,286cb0,desktop,30,0.0904623429936377,0.2338435868781115,3.63213411063802,0.2305410001070235,0.6294005398406873,0.1373661045650444
qwen-3.5-flash,2,286b3f,desktop,51,0.0130232033396968,0.1583531908393541,3.163705152416488,-0.0660375469634601,0.5808835451144646,0.019761622819182
qwen-3.5-flash,3,285c1c,desktop,48,0.2230974332447177,0.2879199705927912,2.7925166151148417,1.192294699141385,0.779192659074448,0.1705451742577987
qwen-3.5-flash,1,286b3f,desktop,53,0.2575874999434479,0.2123323072106456,5.323764465985557,1.0043206411537855,0.5475827630452121,0.2555131373695227
qwen-3.5-flash,3,286cb0,desktop,19,-0.0231474659172513,0.1412627125425031,5.445691937702931,-0.0698835510270004,0.5129774599731718,0.0298198528313017
qwen-3.5-flash,2,285c1c,desktop,30,0.34163505014929,0.2763456377209846,1.8743039387087583,1.7432732349660205,0.8615294555134142,0.2497213094050017
qwen-3.5-flash,3,286b3f,desktop,51,0.0022230422534263,0.1515920804057385,3.192141308741496,-0.1097368632268153,0.5501743764702042,0.0197927564188252
qwen-3.5-flash,1,287cec,poster,31,0.2097021346287437,0.2042705925909963,2.0106154246255645,0.8357498335542161,0.7305005648468068,0.2551941096740857
qwen-3.5-flash,3,28867f,web,32,0.2070609431646601,0.2088538868271203,1.9516883177520044,0.555201097998234,0.680604233412917,0.0151515769896748
qwen-3.5-flash,1,28867f,web,33,0.2333241683911485,0.2153648807162608,1.848058911776702,0.6387032578045907,0.6881728218531056,0.0593577663834924
qwen-3.5-flash,3,287cec,poster,52,0.316930873664312,0.2609378344594826,1.861057864238276,1.3238107442418876,0.7971030954993951,0.3182449249887278
qwen-3.5-flash,2,287cec,poster,52,0.2833998240251564,0.2405039447820784,2.0262246249418205,1.1890657352066747,0.7848929436033224,0.2968016679686732
qwen-3.5-flash,2,28867f,web,35,0.1826326292439782,0.2021165226021249,1.9223210057117324,0.4892776569930201,0.668822083472918,0.0178106101579952
qwen-3.5-flash,2,28d46f,poster,34,0.0412033223223864,0.2641421566502488,1.650513681625572,0.1391291415515763,0.5556410461191884,0.0241849102712567
qwen-3.5-flash,1,28d46f,poster,52,0.1549165684048941,0.2916743101885561,1.5805646933612212,0.2808287449472771,0.5960938631630542,0.0152086872501436
qwen-3.5-flash,3,28d46f,poster,51,0.1523311143314762,0.2783872548947965,1.5808857002487993,0.3019730990615991,0.6060635462445246,0.0407749376946312
qwen-3.5-flash,1,28a531,web,31,0.275768208381564,0.2724582691812171,2.2045001368156667,0.9051354659924444,0.7435909909458492,0.2189897777077924
qwen-3.5-flash,1,28cf69,web,32,0.1857337686045671,0.3398421062036856,1.8276430420374103,0.3525746957492767,0.63102551110119,0.036375846711062
qwen-3.5-flash,2,28cf69,web,51,0.2721126964533948,0.3840482600710955,2.022658669713434,0.52658770309214,0.6538472699283497,0.0434538777107479
qwen-3.5-flash,2,28a531,web,30,0.1500516101972471,0.226305851329868,2.3127208126109053,0.4751644082883563,0.7292534956082077,0.1057035939346235
qwen-3.5-flash,3,28cf69,web,38,0.1610991342393116,0.3150486735173294,2.243999964592848,0.2813837483152334,0.5831543426953391,0.0622998325605546
qwen-3.5-flash,3,28a531,web,49,0.1313878928674783,0.2162432138904995,3.0626023170448793,0.5227219295716643,0.7356967674459399,0.0261178965570119
qwen-3.5-flash,1,290bcd,desktop,77,0.0959017698312499,0.1881044351849558,2.83490016979165,0.19248061541114,0.6147788393317941,0.1502846893245419
qwen-3.5-flash,2,290bcd,desktop,199,0.1705039166482035,0.2314258592104789,1.8434735151742505,0.4553934941186,0.6892196941920284,0.2192421869260823
qwen-3.5-flash,3,290bcd,desktop,50,0.3368948016915482,0.3093889710201093,1.69113326883341,0.8633457283205264,0.7421222221114909,0.2799378919390094
qwen-3.5-flash,3,2917cc,web,35,0.0585785396983678,0.1804260980096815,3.2485833791555594,0.3083988022473956,0.7025043560418043,0.0220109693219954
qwen-3.5-flash,1,2917cc,web,30,0.0770446160935151,0.1773439560895058,3.2554186696692473,0.4241086378751594,0.7255539250144613,0.0183422479784922
qwen-3.5-flash,2,2917cc,web,35,0.0378214740017172,0.1727780949823467,3.4675572304930937,0.202504121628874,0.679031133781445,0.0057676167938716
qwen-3.5-flash,1,297a9c,poster,30,0.0509062553610362,0.1764612722803561,4.780739902525277,0.2199590602320822,0.5065703482154845,0.0950732626799165
qwen-3.5-flash,2,297a9c,poster,29,0.0483830132399201,0.1653190110694157,4.885926682966166,0.3156903424254019,0.5057325144532406,0.0894562114502886
qwen-3.5-flash,3,297a9c,poster,29,0.0511567010551698,0.1620243015105334,5.181154469991722,0.3992850010548685,0.4870594603034059,0.0920438225812928
qwen-3.5-flash,3,29227b,web,82,0.2825334087747069,0.2830019046699474,4.618489164802756,0.6270239131300646,0.5658786896340482,0.2495753149130155
qwen-3.5-flash,1,29227b,web,34,0.2144565218300074,0.278308774168451,3.0868495728842538,0.4822200853878858,0.6142848213003647,0.2001401638286309
qwen-3.5-flash,2,29227b,web,30,0.069992060819513,0.2009448034022917,4.959121671701614,0.1683197610926391,0.4852982506476611,0.0379555037001735
qwen-3.5-flash,1,29b4ce,poster,31,0.1707960114673694,0.3181977882534525,3.233827468277319,0.1542549561834452,0.590968344169557,0.1039633137281957
qwen-3.5-flash,3,29b4ce,poster,31,0.1460631500473555,0.2990833826597696,3.7102141563438207,0.2398111871116219,0.5843117831346774,0.1010864408806777
qwen-3.5-flash,1,29d7dd,poster,30,0.0375856916347871,0.2448018605539168,4.287234361869577,0.2234096382000498,0.5112991126051659,-0.2866489895214916
qwen-3.5-flash,1,299635,poster,37,0.1867578544963171,0.2876725530869526,3.9004216755497705,0.2343712879031118,0.5905962218485903,0.1766099976137261
qwen-3.5-flash,2,29b4ce,poster,30,0.1414311925343048,0.2924034337519275,3.574572387275909,0.136709935062755,0.5630687277199931,0.0956340034657475
qwen-3.5-flash,3,299635,poster,48,0.1069970968614719,0.2533482681129013,4.289545340816776,0.3086047853150326,0.5721271161997896,0.0981214175641525
qwen-3.5-flash,1,298ce9,poster,52,0.2640384765928474,0.3126994095300994,2.823604924541262,0.8341709165807593,0.685985952252975,0.2497623074296248
qwen-3.5-flash,2,299635,poster,47,0.1148543526416137,0.2680635621410343,4.3141043258009635,0.3044739057681148,0.5369598409211138,0.0599959206172797
qwen-3.5-flash,2,29d7dd,poster,51,0.0881694679261785,0.2511041823938065,2.516482548223435,0.4341434936784133,0.6164727485387561,-0.127304462381013
qwen-3.5-flash,2,298ce9,poster,49,0.280767706476633,0.2948429121156264,3.605217531977019,0.8306669862554102,0.5898172120000926,0.2840143096773008
qwen-3.5-flash,3,29d7dd,poster,33,-0.0138293247851245,0.2064457732361908,2.596303134728447,0.0404416860214456,0.5788938001729382,-0.0652850088941753
qwen-3.5-flash,3,298ce9,poster,50,0.2168730627383696,0.2933767469519154,3.056018214120947,0.6639371007027202,0.6672393707759308,0.1888294967691348
qwen-3.5-flash,1,2a1907,web,50,0.1602438982202148,0.3078498867313667,2.9419568142133183,0.518577982264945,0.7727888070446427,0.1125399603810618
qwen-3.5-flash,2,2a1907,web,31,0.1798905723388847,0.3382690288815181,1.8433349394556684,0.5838248695875369,0.810134295806728,0.1092657457528267
qwen-3.5-flash,3,2a1907,web,20,0.1985841948649524,0.3265981982325078,3.064632610690902,0.6561841052039074,0.7783697171403205,0.1269143579079451
qwen-3.5-flash,1,2a4b2d,desktop,33,0.1549181385541342,0.2798406268179714,2.2348159122480338,0.4372031020675503,0.6996914081925965,-0.0994681454566142
qwen-3.5-flash,2,2a4b2d,desktop,32,0.1500787535900318,0.2751892833567143,2.20779715142307,0.4273898137226532,0.6935195304110299,-0.0807225398774229
qwen-3.5-flash,1,2a4ccc,desktop,35,0.4375626342718384,0.4251554301535111,1.541168906985904,1.21388399222777,0.8174762770941131,0.1806614393214488
qwen-3.5-flash,3,2a4b2d,desktop,65,0.153304105580396,0.1778505150573412,7.510335655475837,0.5300258505563975,0.3980767570737767,-0.0278845657303556
qwen-3.5-flash,2,2a4ccc,desktop,73,0.0536892128375049,0.1652480958579537,2.6505027021163117,0.1372965620541663,0.6081204821261634,0.1500417010259081
qwen-3.5-flash,3,2a4ccc,desktop,30,0.2154674532382217,0.2576420439230326,2.0372789710371673,0.6218771791103287,0.7286640730580511,0.1303759281915613
qwen-3.5-flash,1,2a5307,web,43,0.1673355334689313,0.2362032187732882,1.9355910986093967,0.531981484843309,0.7090239597446392,0.118564368295509
qwen-3.5-flash,1,2a8ea5,desktop,49,0.0043703126413695,0.2522123078326802,1.8014452413824753,0.0876404220802206,0.5158470646567893,0.1057847606702815
qwen-3.5-flash,2,2a5307,web,39,0.1468153708563938,0.2253215265189441,2.513359233176067,0.4679205638087758,0.6666504756710278,0.1222641261774055
qwen-3.5-flash,3,2a5307,web,43,0.113902838762825,0.2187385787132359,2.051074967122651,0.3429720875415201,0.6695376785380913,0.0588774171784292
qwen-3.5-flash,1,2a3bf3,mobile,30,0.1279015586580975,0.2725387066377229,3.11879642670527,0.4614139723919893,0.5685225533971063,0.1406642225269322
qwen-3.5-flash,2,2a8ea5,desktop,52,0.0836819815395409,0.2802370451108138,1.8045617296313423,0.2369600577338218,0.5552881348318783,0.1821000973036517
qwen-3.5-flash,3,2a8ea5,desktop,51,0.1962862634563426,0.3290274153372685,1.4670046556971987,0.4871957513207083,0.6590037647171346,0.1679515026725892
qwen-3.5-flash,2,2a3bf3,mobile,31,-0.0064943883929849,0.2385049866392397,3.8929875389741326,0.4130373516724322,0.6071892349225807,0.0107056729982238
qwen-3.5-flash,3,2a3bf3,mobile,32,-0.0143838559497418,0.2120752440204072,4.4279472966418485,0.3123576639711926,0.5650359435486887,-0.0016911721970871
qwen-3.5-flash,1,2a8f6b,desktop,48,0.3010394405261926,0.2768248507695687,1.8536596331885729,0.8731770707558728,0.7263413500306789,0.2596481566870815
qwen-3.5-flash,3,2a8f6b,desktop,50,0.2301846993368679,0.2679076886066315,1.9856824702556295,0.6450492968471616,0.7183214635661755,0.1698696606739361
qwen-3.5-flash,3,2a97ca,web,52,-0.0148179782797501,0.1725899741979938,3.026586256608665,0.0379079547345459,0.5839866185704982,0.0748394641339538
qwen-3.5-flash,2,2a8f6b,desktop,91,-0.0154118042560418,0.1944447026465773,2.100718427868979,-0.0307812442137592,0.4936605421456948,-0.0052441504520208
qwen-3.5-flash,2,2a97ca,web,54,-0.0230378283675718,0.1660109184707763,3.060588741624643,0.0281986784408822,0.581961369434188,0.0699363266471199
qwen-3.5-flash,1,2a97ca,web,42,0.0388394086189572,0.197465252546506,2.8267838715291576,-0.0076854508829512,0.5751064159301784,0.1130595941378472
qwen-3.5-flash,1,2ab326,mobile,35,0.0384093840769585,0.2756978409152853,4.3876543884480395,0.0325594339083011,0.4563973352937539,0.0379779627756037
qwen-3.5-flash,3,2ad31e,poster,41,0.033938830523626,0.1913235687602205,3.962363647079261,0.1361831502299449,0.5043268915500039,0.0519881142697108
qwen-3.5-flash,1,2ad31e,poster,48,0.01597838610635,0.2010703932705379,2.7753976705216754,0.0446305691012554,0.5283817949594003,-7.383949801070092e-05
qwen-3.5-flash,2,2ad31e,poster,52,0.0689281096978482,0.2028044327617727,3.236962416804083,0.1283317626742199,0.5100875698759653,0.0697495014231879
qwen-3.5-flash,2,2ab326,mobile,49,0.1653099529184959,0.2898417610201119,4.37853868419025,0.2623728832992192,0.557126900485154,0.1141576792673155
qwen-3.5-flash,3,2ab326,mobile,30,0.1009471539433922,0.3224516388490011,2.7813827131855837,0.3043883645549762,0.625508409144309,0.0808159022698704
qwen-3.5-flash,1,2ab8bb,mobile,30,0.0142604469406736,0.171678112986495,5.9462357901541605,-0.0856373387263848,0.403168691963954,-0.1710684816379015
qwen-3.5-flash,1,2ad4e3,poster,30,0.0861549712970518,0.3331648704840608,2.051750688728897,0.3480058233583465,0.6420875038209592,0.0114499876531866
qwen-3.5-flash,3,2ab8bb,mobile,45,0.0227614527132818,0.203244344351414,4.529578487095077,0.0599614443937824,0.5471862482337126,-0.2319573863411967
qwen-3.5-flash,2,2ab8bb,mobile,47,-0.0092199894177648,0.1862010052954342,5.968972549404638,-0.0452560513120888,0.4146763155921216,-0.2442615579745255
qwen-3.5-flash,2,2ad4e3,poster,30,0.0014007234085308,0.2651647257402821,2.939291487955257,0.0422837787373236,0.556424648994594,-0.0507097294450107
qwen-3.5-flash,3,2ad4e3,poster,30,-0.0067922250345368,0.2631366668248223,2.9332839376567015,-0.0074368742894996,0.5320598144096479,-0.0338326111595259
qwen-3.5-flash,2,2adbfe,web,29,0.223048447836872,0.3004394839949293,1.897970004391896,0.7306736136804116,0.7504702752089227,0.1877944001991101
qwen-3.5-flash,1,2adbfe,web,30,0.1650333455912691,0.2789305490326332,1.9600798660322607,0.5233678679466516,0.74834500964856,0.1445986857853055
qwen-3.5-flash,1,2ad467,mobile,30,0.3412894644144578,0.3321224807601433,1.9229203518044793,1.3540963494642382,0.8164798177369939,0.2548714070871081
qwen-3.5-flash,3,2adbfe,web,30,0.1884651883468318,0.2897072600816536,1.9694985619574368,0.6107329442074213,0.7445452621508912,0.1539253562471585
qwen-3.5-flash,3,2ad467,mobile,31,0.3161193169327009,0.3103100308540299,2.4684298344194833,1.3636556202294672,0.7403099412767676,0.3098332790067263
qwen-3.5-flash,2,2ad467,mobile,75,0.1525114079654632,0.2550383920072109,3.444956910330411,0.8121769494466851,0.7013149257449683,0.1609591812311289
qwen-3.5-flash,1,2b30aa,mobile,35,0.4480026739472439,0.4346982007995507,1.376230792084867,0.8899288811456122,0.7840651339968555,0.4585520138732435
qwen-3.5-flash,2,2b30aa,mobile,41,0.4557445074987822,0.4306477088701385,1.4702117269738728,0.8700625820074033,0.7761811823024598,0.4797141026786336
qwen-3.5-flash,1,2aff6a,web,35,0.0444154315628184,0.2006977454422701,3.898525661136584,0.1240838269317865,0.616679431789679,0.0032624124723054
qwen-3.5-flash,1,2b48a6,web,49,-0.093433459816464,0.1014337878251176,2.87475977378529,-0.2977202921267729,0.5210661202824436,0.0268742084207695
qwen-3.5-flash,3,2b30aa,mobile,38,0.4416053987913905,0.4235847885859474,1.4537678132308225,0.8445868535519526,0.7707053303714899,0.4570974978242638
qwen-3.5-flash,3,2aff6a,web,41,0.0149336341969682,0.1788197218816049,4.628533655503176,0.0460440382532718,0.5004951864412367,-0.0170736273243879
qwen-3.5-flash,2,2aff6a,web,42,0.0767923803565855,0.1861299586961838,3.840005261852644,0.242139290918611,0.5961388786034797,0.0474279532236453
qwen-3.5-flash,2,2b48a6,web,91,0.5471587368600024,0.4643086573961397,1.6859729902004703,1.6103386913048452,0.9011176384755044,0.3370996751702249
qwen-3.5-flash,3,2b48a6,web,51,-0.0524873472823497,0.1548230213117656,2.8433528545536673,-0.0862875728740164,0.4803589169951741,-0.155752256504749
qwen-3.5-flash,1,2b56f2,web,53,-0.045965648489219,0.1476806483802586,4.001379015792244,-0.016999675046138,0.5029994829732215,0.0132607239674724
qwen-3.5-flash,1,2b0b4e,mobile,33,0.1970298728715302,0.3142808420867994,2.9852204238727302,0.4636794898309175,0.6764349447611278,0.1785398214160289
qwen-3.5-flash,2,2b56f2,web,50,-0.0021464410299195,0.1690003946459717,3.830734790626127,0.1413970937304635,0.5094328997786581,0.0493206599760837
qwen-3.5-flash,3,2b56f2,web,57,-0.0023813368168852,0.1694488201154306,3.8336507219002094,0.0962421465214988,0.5417284151406666,0.0599034572360418
qwen-3.5-flash,2,2b0b4e,mobile,35,0.0601324852918358,0.2161551628708757,4.671279072510694,0.1870999204875669,0.5913444402061248,0.0626537167367918
qwen-3.5-flash,3,2b0b4e,mobile,37,0.1254817778692791,0.3020264342258009,2.613556106983468,0.0335526897693832,0.6170270813296581,0.1188284792807968
qwen-3.5-flash,1,2b837f,web,36,0.0345145419466887,0.173273667872628,2.9999950688684316,0.2159388781752251,0.5723716071424249,-0.0762231100117505
qwen-3.5-flash,2,2b837f,web,50,0.0295891962025595,0.1586987336185363,3.2951147189485708,0.1772383112198391,0.6121805322617381,-0.0160739571107646
qwen-3.5-flash,3,2b837f,web,52,-0.0261398159759834,0.0797064113175971,4.137842235070873,-0.1031835182766837,0.6009840722651815,0.0016046519021844
qwen-3.5-flash,2,2b7751,mobile,34,0.3064239913680691,0.3457180984144228,2.075014739045613,0.9583766093553826,0.785100737976782,0.2827233647487595
qwen-3.5-flash,1,2b7751,mobile,15,0.0532675757059614,0.2005916902597322,5.9388347003671065,0.006934584400831,0.4330410416982344,-0.0852890156953307
qwen-3.5-flash,1,2bb7d4,desktop,33,0.0893269776475188,0.2326543619255728,2.4411120694030104,0.2664851400205796,0.6011075114932976,0.0935079877842354
qwen-3.5-flash,3,2b7751,mobile,15,0.4417427853061849,0.4521761633528857,1.7111124412873169,1.5283592334267395,0.8826685766105444,0.3569917440349734
qwen-3.5-flash,2,2bb7d4,desktop,33,0.0923976526492723,0.2292124738850039,2.646476550306662,0.2854939792161663,0.6048397223262724,0.1133252057131845
qwen-3.5-flash,1,2b80bb,mobile,9,0.0588828977489279,0.1466529450870113,6.2578993845080255,-0.1770975346590996,0.4969354312162292,-0.1271809502390186
qwen-3.5-flash,3,2bb7d4,desktop,33,0.0547547309887515,0.2114992522287326,2.6742473567438427,0.2231546072202536,0.5841566518279623,0.1211850863086234
qwen-3.5-flash,2,2b80bb,mobile,35,0.0939240534913471,0.2458771358825732,3.8899368316692704,-0.2255355394614152,0.4903007196411024,-0.0637295467945418
qwen-3.5-flash,3,2b80bb,mobile,63,-0.0013068693883602,0.1964245520517219,4.676151433088551,-0.0903988314397867,0.5351379085625234,-0.155665809610254
qwen-3.5-flash,1,2c6579,desktop,30,0.1572810152018396,0.1591100139122196,6.993650719291262,0.5371020733856632,0.4966196546163101,0.14962452425789
qwen-3.5-flash,2,2c6579,desktop,49,0.1618076291935317,0.1641473444685445,6.889636649921655,0.5542943280082177,0.4965675096597585,0.1529142696519258
qwen-3.5-flash,3,2c6579,desktop,49,0.1635652695924269,0.1853700945611714,3.5471316134727866,0.5706229738854707,0.6838192889418947,0.1957695627609248
qwen-3.5-flash,1,2c663c,desktop,49,0.1609965284172162,0.1857141349385982,2.750494941159272,0.5824952649841383,0.6687226213578171,0.0242213035288138
qwen-3.5-flash,2,2c663c,desktop,34,0.2085273427382016,0.2157667799007131,2.2615143961162216,0.6531739124798868,0.7022516546247212,0.006884862436152
qwen-3.5-flash,3,2c663c,desktop,33,0.1765069310313788,0.2043449039952338,2.320576220636657,0.6877090203800582,0.7172498549152475,0.0677553394887888
qwen-3.5-flash,1,2c9c76,desktop,49,-0.0743698728269221,0.0592078792715789,9.109889347537354,0.2621428051977185,0.3480987702392947,-0.1415832779153087
qwen-3.5-flash,2,2c9c76,desktop,30,-0.0740303850455416,0.0246673580681202,11.115366872694358,-0.1980600066601462,0.1828304346233299,-0.0510033313761506
qwen-3.5-flash,3,2c9c76,desktop,30,-0.0901795498071093,0.0879953101357196,6.267210490445903,-0.2292041981034948,0.4107843926825032,-0.0450458522199596
qwen-3.5-flash,1,2c9ce5,web,29,0.0773379534766982,0.1663005770781404,2.910903662249156,0.4032977446598615,0.6128010174952996,0.1125369113740668
qwen-3.5-flash,1,2c29d4,mobile,30,0.0393653669019402,0.258183260537292,3.454829627839282,-0.1205741262902228,0.5369195297274422,-0.0960122360950944
qwen-3.5-flash,2,2c9ce5,web,30,0.1232311656902021,0.2099628350292388,2.3443636450371765,0.6116152387630308,0.7184425498916406,0.1326999167628766
qwen-3.5-flash,3,2c9ce5,web,31,0.1351506285134402,0.2066775101637905,2.4771085976457483,0.6157079438482362,0.7118408166523369,0.1290654305050389
qwen-3.5-flash,2,2c29d4,mobile,30,0.1184526572488513,0.3056042129256758,2.968652545535475,0.0755321104751554,0.6137791935113277,-0.1014589557403013
qwen-3.5-flash,1,2cb6b4,desktop,34,0.3852492748981169,0.3066848629206221,2.093525368828536,1.4785482374438346,0.7940854694251571,0.3532942954068527
qwen-3.5-flash,2,2cb6b4,desktop,51,0.3149427978600906,0.2553531660471862,2.380268363512614,1.0779682273669189,0.7679186359354625,0.2392682634771589
qwen-3.5-flash,3,2c29d4,mobile,34,0.0412849964886325,0.2716375995437841,2.7896638913319376,-0.0612986225767793,0.5203614141396352,-0.0874962305510194
qwen-3.5-flash,1,2cf681,mobile,30,0.4300882470476157,0.4062806368678136,1.5946534079075645,0.9689719035129304,0.7135074539728713,0.3105654208554511
qwen-3.5-flash,3,2cf681,mobile,50,0.4317353463616731,0.409581852249646,1.665613264855313,0.9793044034376954,0.6614061894325833,0.3084860911391974
qwen-3.5-flash,3,2cb6b4,desktop,34,0.4832197131665124,0.3233637730421878,2.0251445638499517,1.8934762931131377,0.8250934098674584,0.3941343799096818
qwen-3.5-flash,2,2cf681,mobile,32,0.2392575481398315,0.320663986896243,1.878414430822432,0.654174736111086,0.65588884243008,0.1658249092530853
qwen-3.5-flash,1,2d23e1,poster,51,0.2240434688700507,0.3373540237068556,1.660290713247098,0.3347338863259277,0.6072759872941306,0.2295173242187123
qwen-3.5-flash,2,2d23e1,poster,278,-0.2592718415056125,0.1510619350686264,2.8284177046846004,-0.5546423961116406,0.3154763667937017,-0.2054121308467596
qwen-3.5-flash,3,2d23e1,poster,52,0.346794424175368,0.3862094740969551,1.182820604755724,0.6361306437290067,0.7012797814543286,0.3155054801530799
qwen-3.5-flash,1,2d170d,mobile,48,0.1177006838302146,0.2614667413295977,4.025267712525895,0.4641309026597714,0.5052438711502861,0.0896214555238091
qwen-3.5-flash,3,2d170d,mobile,33,0.1644982863370935,0.2709008698048435,4.067318628389594,0.6898922535522101,0.5674912034094668,0.1169254453511871
qwen-3.5-flash,2,2d170d,mobile,50,0.1348281280476129,0.2618342946192139,3.798213631133174,0.5936063255990761,0.5344998750160463,0.0631781752227491
qwen-3.5-flash,2,2d86fb,web,43,0.0456157915482565,0.1667032544496363,3.058712018471977,0.1553581822478277,0.5883727741996083,-0.0144102154602128
qwen-3.5-flash,1,2d86fb,web,44,0.0395210992593043,0.1583721547987119,3.5465479806820417,0.1524769770071366,0.5890422705847485,-0.0063644379025973
qwen-3.5-flash,3,2d811c,mobile,25,0.2339831197906187,0.3700221466118679,2.836815123125766,0.4853511382015029,0.6067221519874952,0.1943061431783636
qwen-3.5-flash,3,2d86fb,web,43,0.0456294844611085,0.1630502215797822,3.5807428695771892,0.2260860763094236,0.5890201138205731,-0.0013753205506703
qwen-3.5-flash,2,2d811c,mobile,33,0.2038195582807905,0.3526963853556875,2.8875356616139127,0.4327182682850763,0.6079292078576392,0.1797636497164898
qwen-3.5-flash,1,2d811c,mobile,32,0.2107369705823892,0.3555909093660793,2.8744244073802427,0.4471433363748291,0.6088742664901049,0.1830781361202426
qwen-3.5-flash,1,2dfd9c,poster,30,0.0168549102910664,0.2047181282481106,4.108181648114408,-0.020570748604808,0.4658962404808388,0.0949543707968781
qwen-3.5-flash,1,2e5cd6,desktop,49,0.3039203877650384,0.2960036230386128,2.875882416502537,0.8545576967877109,0.7215447203889002,0.2678163544425
qwen-3.5-flash,2,2dfd9c,poster,40,0.1281298274571489,0.2683820476964176,3.7511072138397608,0.3287163248975359,0.5460695527674181,0.1026846438692837
qwen-3.5-flash,3,2dfd9c,poster,30,0.082324578893821,0.2449134900429834,3.851335150967531,0.1775777811916969,0.5239215117817367,0.0613119846039412
qwen-3.5-flash,2,2e5cd6,desktop,42,0.3262508267436305,0.3075264428402547,3.0727009729428048,0.905518793612019,0.6965088374202972,0.287675970189501
qwen-3.5-flash,3,2e5cd6,desktop,52,0.3784423938244615,0.3326693333756282,3.6548340737219673,1.0728218083892451,0.6378848332796767,0.3151041094373831
qwen-3.5-flash,1,2e93e6,desktop,50,0.3327528496572964,0.3905431774604785,2.5099504186860955,0.845689620256317,0.7497238551821954,0.1596823678923394
qwen-3.5-flash,2,2e93e6,desktop,51,0.3001590093164342,0.3213402366939005,2.6234936016037835,0.8137488816451044,0.7010909336412047,0.2050734362774213
qwen-3.5-flash,3,2e93e6,desktop,52,0.5222866570723588,0.4707500050956126,1.4250396246254344,1.2302914035703996,0.794665882315211,0.4123033725205327
qwen-3.5-flash,2,2e122d,mobile,33,0.1691828659529062,0.2839056006100533,3.782404079036243,0.2945097667060734,0.5802377035937548,0.0992344024142383
qwen-3.5-flash,1,2ea01b,poster,32,-0.0923681678978948,0.182679008357536,3.3365672613026844,-0.3432922248466646,0.3864213666146059,-0.116940068134908
qwen-3.5-flash,1,2e122d,mobile,34,0.2663371751710137,0.3109789793586074,3.7646187104115136,0.218595042380709,0.4362398880594441,0.1806093895925644
qwen-3.5-flash,3,2e122d,mobile,30,0.2659999375233765,0.3445185807120404,2.555308689117242,0.2935792287698141,0.6258624309823805,0.1530828488740504
qwen-3.5-flash,1,2ef49e,desktop,53,0.3030306443148964,0.2953389290716297,2.4848082828288147,1.1549279285356369,0.7462190618445916,0.2592447537292943
qwen-3.5-flash,3,2ef49e,desktop,32,0.4236439806145228,0.3237881166192766,1.456904756380264,1.5746030790370464,0.806152895319663,0.3436144110905773
qwen-3.5-flash,2,2ea01b,poster,34,0.1584002911616865,0.2578946978366101,3.2050277113170083,0.5421550493211407,0.5003648140430424,0.1290253996379544
qwen-3.5-flash,2,2ef49e,desktop,51,0.3190015574644636,0.2653189726420205,1.9758531085597009,1.2357015365196724,0.7788116347205605,0.2865854701756127
qwen-3.5-flash,3,2ea01b,poster,17,0.1272637087005014,0.2539688636455819,3.3716936071101236,0.3553181603999035,0.5419311380535407,0.0707977397356632
qwen-3.5-flash,1,2e9a8b,mobile,50,-0.0310696847887797,0.1411032025500168,5.587339689728943,-0.2506371028339632,0.3423928231850633,-0.2488048697685319
qwen-3.5-flash,1,2f0568,web,52,0.1572260763621885,0.3085047249196533,2.4615682480402636,0.5108714948688934,0.682128174116502,0.1345177376472558
qwen-3.5-flash,3,2e9a8b,mobile,30,0.258084306658469,0.3003243773749854,3.380488359364131,0.4628138310333108,0.6548450407797601,0.0151389510789128
qwen-3.5-flash,2,2f0568,web,42,0.1663578389274236,0.3186909259352644,2.5691684287779974,0.4329966260905774,0.6843490679800229,0.1284212373600429
qwen-3.5-flash,2,2e9a8b,mobile,51,0.2784274098157988,0.2928381905937434,2.0445650016136243,0.4446657853345067,0.6348350076753643,0.1404659466891866
qwen-3.5-flash,3,2f0568,web,49,0.1907044992497536,0.3347227116074756,2.0064525938707902,0.6521726485437064,0.7226491901589619,0.1406351851719428
qwen-3.5-flash,1,2f5041,web,52,0.1307856449047815,0.1622150186861134,2.467591794952492,0.5439767523006168,0.7543565572071732,0.1533714436146375
qwen-3.5-flash,2,2f5041,web,50,0.0509854873629152,0.1226939205233207,4.052757854134675,0.1966481614108854,0.5296309594885895,0.1224545293911881
qwen-3.5-flash,1,2f6fcd,mobile,30,0.2598798469178052,0.311442650272027,1.5520578334199222,0.7444665012388986,0.7231405455775707,0.0647382391329902
qwen-3.5-flash,3,2f5041,web,35,0.1685045755643625,0.1944087501448136,3.0428631646545523,0.6642679045011867,0.7330928551404652,0.1468860524778874
qwen-3.5-flash,2,2f6fcd,mobile,30,0.3154852953247229,0.3300413689716655,1.5487178652156168,0.9508902349011964,0.7367402248122752,0.1665941525134897
qwen-3.5-flash,3,2f6fcd,mobile,30,0.350451008774523,0.343984676506414,1.4862795082560507,0.8378976770903677,0.7119788680173329,0.2183499974339522
qwen-3.5-flash,2,2f8185,desktop,43,0.0356242204624592,0.1554177997325803,2.74831210943454,0.0839963851927121,0.6339942872385904,0.0430970374805832
qwen-3.5-flash,1,2f8185,desktop,90,-0.0731532315685517,0.1045324957737141,3.3754852367896975,-0.3429077086798662,0.4418923856839166,-0.0647018456848077
qwen-3.5-flash,3,2f8185,desktop,44,0.0034533602051108,0.1295038642650326,3.887441059451037,-0.0036843539681849,0.5846349899893548,0.0227982066270506
qwen-3.5-flash,3,2f57d8,mobile,30,0.2699642666272783,0.1766743954087296,6.93154455043998,0.5086683637608129,0.4924068554109389,0.2633530866157021
qwen-3.5-flash,2,2f57d8,mobile,49,0.0502132555115535,0.0848619219460026,7.858826469869575,-0.092526347733757,0.4559341381727517,0.0512467434325632
qwen-3.5-flash,1,2f57d8,mobile,30,0.1007660641517013,0.1070943518502243,7.61647910916637,0.002934298708913,0.4705513239121287,0.0891467650762534
qwen-3.5-flash,1,2fe128,desktop,181,0.0793659168543585,0.1711270111714654,2.235172795867321,0.3768932386760966,0.6021871135019251,0.0986467322387581
qwen-3.5-flash,2,2fe128,desktop,190,0.1126873067165898,0.17355654318277,2.2144611079226357,0.3963384231294644,0.6002732125397972,0.0795140451343931
qwen-3.5-flash,2,2fd907,poster,30,0.1349692832474434,0.2453047018704999,4.301115714580609,0.3501819904901562,0.5286851290946546,0.0836002148610748
qwen-3.5-flash,1,2fd907,poster,49,-0.0359322686598574,0.1441944253722217,5.838640321899585,-0.1114673663417804,0.4140077147607451,-0.0546315064078308
qwen-3.5-flash,3,2fe128,desktop,160,0.2578057070519965,0.2087378197746716,1.9624583419498112,0.7354613599926239,0.7575371565712675,0.1623747092662902
qwen-3.5-flash,3,2fd907,poster,52,-0.0251613046370141,0.1782278247452874,5.330379656866841,-0.0399282598378418,0.4402019009327421,0.0114011096166029
qwen-3.5-flash,1,2ffa4a,poster,55,-0.0106171988034868,0.1566858994064812,2.5020290430403365,0.0461057102540369,0.5204784711823105,0.0353398951064566
qwen-3.5-flash,2,2ffa4a,poster,30,0.0486878721586161,0.1661028627089242,2.8063931952475087,0.2712788172849085,0.5634045669684516,0.0368865284729236
qwen-3.5-flash,2,2fdaaf,mobile,32,0.0835976522270491,0.2138039745706769,5.025397485307562,0.4977829903504501,0.5381796059402277,0.0821055758060988
qwen-3.5-flash,3,2fdaaf,mobile,38,0.065236975103364,0.2033463271569251,5.111825515984692,0.3470655054112092,0.4881212425656185,0.0745595822498118
qwen-3.5-flash,1,2fdaaf,mobile,31,0.1072340127155205,0.2210204401441497,4.966808328788051,0.5192335694382388,0.5482307638468815,0.0814418953205283
qwen-3.5-flash,3,2ffa4a,poster,51,-0.0476802090886605,0.1347960757126177,4.071469767452488,-0.0136043369350467,0.5157538558095713,-0.0265237665228851
qwen-3.5-flash,1,305533,poster,52,0.2763777363746804,0.3438721928379823,1.248920041601461,0.6173969841649478,0.6874770754241912,0.2766178500783219
qwen-3.5-flash,2,305533,poster,51,0.3762742815458136,0.3468356664994086,1.2547827598363637,0.8429644196309025,0.7289549110641379,0.3752269190912041
qwen-3.5-flash,3,305533,poster,44,0.3255617007337374,0.3624282268199495,1.3091756381743558,0.7247486683064492,0.7069875705226591,0.3241210547468545
qwen-3.5-flash,1,302489,desktop,57,0.3958795596752221,0.2553112123544024,3.244101269558343,1.4927113212780188,0.6877724480616819,0.4060614944931938
qwen-3.5-flash,2,302489,desktop,47,0.3723198106760469,0.3031456290998629,2.349486488715812,1.3451612408422875,0.7821733650676218,0.3119950720472417
qwen-3.5-flash,3,302489,desktop,48,0.4532643345717375,0.3174196456524814,2.1899704693116195,1.6791455465283511,0.7784930207404713,0.4045434547934677
qwen-3.5-flash,3,2fe3ac,mobile,53,0.1990670855458405,0.2949080234173906,3.83676136811764,0.325515526584428,0.7344268384835991,0.1576273934504277
qwen-3.5-flash,2,2fe3ac,mobile,33,0.3054510824186608,0.3209216319585872,3.678560873571748,0.6081941868130465,0.7388067646261528,0.2647903331940436
qwen-3.5-flash,1,306281,desktop,46,0.018232659517459,0.0629292250290747,10.524809844742258,0.0613340668332536,0.1125516311566997,-0.1828548687075952
qwen-3.5-flash,1,2fe3ac,mobile,53,0.1641219095386419,0.2241193091924017,5.664832709164283,0.002156004475337,0.5375121768702368,0.0877724605017216
qwen-3.5-flash,2,306281,desktop,45,0.0198315062435378,0.0634055821937987,10.526737541504488,0.0646988220359043,0.1148514835705901,-0.1845621858724996
qwen-3.5-flash,3,306281,desktop,46,0.018232659517459,0.0629292250290747,10.524809844742258,0.0613340668332536,0.1125516311566997,-0.1828548687075952
qwen-3.5-flash,1,3076c2,desktop,31,-0.0859911689074466,0.0137726174843972,8.569751182360658,-0.5090272993010839,0.2583211530238333,-0.0617803615467597
qwen-3.5-flash,2,3076c2,desktop,49,-0.128829054177391,0.0052072165225319,11.154469937151338,-0.7135893545575142,0.0968129855504452,-0.08820071007723
qwen-3.5-flash,3,3076c2,desktop,30,-0.0865157103570407,0.0249202246407031,7.596327439589581,-0.5735255128744781,0.2716715834337747,-0.0816035633875146
qwen-3.5-flash,2,30bf75,desktop,30,0.4938802179528809,0.4049096929358946,3.5252032774877473,1.9051652520428757,0.6631545503003572,0.4570431491363233
qwen-3.5-flash,2,3088d0,web,33,0.1844198810604114,0.2613825866892189,2.4133867677605507,0.5273889346558294,0.6808457675702291,0.157153943574513
qwen-3.5-flash,1,30bf75,desktop,52,0.3272832469165342,0.2844464943112045,1.6307989832328509,1.1482323760865063,0.7776518555197095,0.2357845752796025
qwen-3.5-flash,1,3088d0,web,32,0.2005449633438764,0.2647821908992513,2.3324558464036116,0.5515114473063963,0.6773396335373022,0.1666352512526834
qwen-3.5-flash,3,30bf75,desktop,33,0.3513183783883551,0.3221032633311848,1.457845059238605,1.3028351222655916,0.8299688756868825,0.2379082513573777
qwen-3.5-flash,3,3088d0,web,32,0.1931747516496964,0.2624172146296485,2.3391395497870517,0.5184006358913197,0.6743052408487831,0.1628817764965019
qwen-3.5-flash,1,312489,desktop,55,0.1349590115089717,0.2225626775119223,2.6392940115547434,0.3546760474040704,0.6706213044840018,0.0661535359911644
qwen-3.5-flash,2,312489,desktop,52,0.0349813796204172,0.204843002087597,3.0474810498949885,0.1323532619312588,0.5930670194290135,-0.0600527898715068
qwen-3.5-flash,3,312489,desktop,52,0.1048233826578199,0.2147890874513465,2.427444467650312,0.2046223698707545,0.635576216024108,0.0121291700586539
qwen-3.5-flash,1,314e90,web,35,0.0752861153128387,0.2851688424380821,2.010742707642789,0.281245955959103,0.608990061596579,-0.0331882154135742
qwen-3.5-flash,2,314e90,web,43,0.2557190355946674,0.3347861908697352,1.423480881034302,0.5809730470971172,0.7173391140169767,0.0507610321613226
qwen-3.5-flash,3,314e90,web,35,0.0934913817646068,0.2914213054325912,2.0108515882610263,0.3382820652853622,0.6234057809243073,-0.0219280932282729
qwen-3.5-flash,2,3141d9,mobile,36,0.3504477634470407,0.3331217130885938,3.6447500806645015,0.6282049255842143,0.587874697254559,0.3449680086963634
qwen-3.5-flash,1,3141d9,mobile,39,0.3303839901476041,0.3322360540469204,3.6367851715291506,0.5809726379329907,0.5859481465173513,0.3292435135030385
qwen-3.5-flash,3,3141d9,mobile,49,0.21227377432067,0.4156904512026552,1.8861465737072207,0.3242039508360033,0.5969483035373062,0.218863796711262
qwen-3.5-flash,1,317639,mobile,53,0.0250448860067268,0.1777899099262146,6.139857091500372,-0.0527039059271765,0.4121450538886632,0.0306211708774338
qwen-3.5-flash,2,317639,mobile,30,0.0315106755586983,0.2175622918465246,5.373261877072239,-0.024506485096914,0.4523948253483142,0.0539117792271274
qwen-3.5-flash,1,319181,mobile,32,0.3539027912102523,0.3470278667366651,3.9421083283664697,1.2693803407167312,0.6393203785686568,0.3495533784536048
qwen-3.5-flash,3,317639,mobile,51,-0.169307203618165,0.1375747221992208,6.123174275703083,-0.4351028299544371,0.3045299399471037,-0.1221507352214548
qwen-3.5-flash,3,319181,mobile,31,0.2831963059009587,0.3137018686439798,3.875826166598657,0.8512952843341173,0.6216572606064333,0.3583899968241054
qwen-3.5-flash,2,319181,mobile,31,0.2737496067853081,0.3080783697215631,3.783631653650338,1.0665056533533726,0.6289467699854043,0.3402521783971972
qwen-3.5-flash,1,31b0f0,web,39,-0.0547753862723513,0.1831771937186047,2.7373543120077,-0.1956268899590644,0.4731052721748164,-0.0829668180679438
qwen-3.5-flash,2,31b0f0,web,37,-0.061277183140238,0.1835911436543455,2.7156398932774044,-0.2238781582642097,0.4711846073492799,-0.1026425655049206
qwen-3.5-flash,3,31b0f0,web,36,-0.0536746324455071,0.1820220763322039,2.7197214426340275,-0.2041258422970938,0.4742046310776542,-0.1041111295123407
qwen-3.5-flash,1,324a81,poster,30,-0.0476393182165645,0.1417778548540976,3.940072770238842,-0.2078298234408623,0.5290539480675064,-0.1163523781355534
qwen-3.5-flash,3,324a81,poster,30,0.0424453138212956,0.1702495249214962,3.448386112591799,-0.0139669284567355,0.5774338521140702,-0.0479551052881157
qwen-3.5-flash,2,324a81,poster,37,-0.0008205985699242,0.1504896325794652,3.611849154431399,-0.1327991798408335,0.5648820050900601,-0.0816771434823242
qwen-3.5-flash,1,3250cb,web,28,-0.0046628293918258,0.134256264834383,4.71253530070482,-0.1003889309677964,0.4892615641146025,0.0139041020746905
qwen-3.5-flash,1,31bba3,mobile,34,0.0164288271158969,0.1959164115355961,5.100630850851233,0.6176895912450429,0.5585457610239157,-0.0026608380931553
qwen-3.5-flash,3,3250cb,web,30,0.0236153765286853,0.1592389653293602,3.765952677288011,-0.0572412262778472,0.5490205430586096,0.0300130626011453
qwen-3.5-flash,2,3250cb,web,30,0.0267289476187895,0.1622949569536888,3.799121989419283,-0.0338537384455331,0.5479258769324967,0.0258197995332481
qwen-3.5-flash,2,31bba3,mobile,30,0.1219624060254808,0.1961026755588339,4.289673973025095,0.3603069627372102,0.622476224130838,0.1127646638014895
qwen-3.5-flash,1,325d49,poster,52,0.0423314636166018,0.2625930730899559,2.195583903384861,0.0286413128455942,0.5868105749767943,0.0514496269141946
qwen-3.5-flash,2,325d49,poster,53,-0.084285058756646,0.2299676835244336,2.110815680791626,-0.2165082015752689,0.4601169143266179,-0.0270917164038439
qwen-3.5-flash,3,325d49,poster,50,-0.1052616715505655,0.2355243131500744,2.1064055498686827,-0.2790363661181305,0.4096054246153074,-0.0783667691518803
qwen-3.5-flash,3,31bba3,mobile,31,0.1106682720191199,0.1924592889430506,3.864526744309882,0.3424331648213807,0.6438978783036908,0.1116247815624074
qwen-3.5-flash,1,31eed9,poster,48,0.2063760937610429,0.2924243633680959,2.701422356568167,0.8031650259823135,0.7606712565046382,0.1666121331967333
qwen-3.5-flash,2,31eed9,poster,53,0.1278288683326487,0.217529782954007,6.143981166587709,0.4101287014710777,0.4023557070682031,0.1210057627325104
qwen-3.5-flash,3,31eed9,poster,51,0.111763734340655,0.2228308425711407,4.311772553969593,0.1900758154858293,0.672452389220689,0.1011237742502097
qwen-3.5-flash,2,325da3,desktop,34,0.1022466756721859,0.2047238720242948,2.9909987810446,0.2314828820137936,0.6651193555972672,0.0451299281230267
qwen-3.5-flash,1,325da3,desktop,46,0.0876470258212082,0.2012877214543214,3.0810347064865065,0.2031062734257247,0.6462777873342662,0.0363364204649246
qwen-3.5-flash,3,325da3,desktop,48,0.0861981386262552,0.2011031218055168,3.081865361286142,0.2001883419955329,0.6570350385462316,0.0361401506744914
qwen-3.5-flash,2,32c969,web,31,0.3463061202138476,0.3432780521852566,2.3789023305042165,1.2275838443207705,0.770759194130291,0.1979315918716428
qwen-3.5-flash,1,32c969,web,30,0.3462639628883689,0.3554429747752095,2.377533309531215,1.2291806595596406,0.7690950324856562,0.2051058997846372
qwen-3.5-flash,3,32c969,web,32,0.370527054043878,0.361176046309586,2.250909159403198,1.3404244175845794,0.7910662566676636,0.2426405208172507
qwen-3.5-flash,1,32cce0,web,30,0.1047949916475937,0.2269426413622076,2.5157255618718777,0.2510620229004504,0.6579219508175107,0.0399944199782879
qwen-3.5-flash,2,32cce0,web,29,0.1038697519471386,0.2293837089320345,2.5383384732676375,0.2510104845642336,0.6638854908401616,0.0397451480686879
qwen-3.5-flash,2,32fcbf,poster,50,0.0209120616622874,0.1790011368244094,3.5061779777786137,0.0685981464186779,0.593030534856237,-0.0054012838640622
qwen-3.5-flash,1,3304d5,desktop,42,0.0850773070576814,0.2377202707183185,2.19273130175996,0.3084962810120529,0.6698960740493293,0.0435692730535841
qwen-3.5-flash,2,3304d5,desktop,37,0.1323211639517205,0.2585300814155183,1.9848074100945103,0.4321568276953905,0.7029237302974954,0.0700397002326474
qwen-3.5-flash,3,32fcbf,poster,30,0.2427084285150767,0.2343229534606433,3.401621389973143,0.6336602229415915,0.6297788628131364,0.2308036079869365
qwen-3.5-flash,3,3304d5,desktop,37,0.0586300184636162,0.2202977569236096,2.229286037384239,0.177343020093771,0.6550312674244618,0.0277213668407813
qwen-3.5-flash,3,32cce0,web,30,0.098093567207435,0.2259231020206097,2.5149938557337626,0.2391912964382418,0.6793436832542137,0.0400764009943768
qwen-3.5-flash,1,32fcbf,poster,30,0.0996206758521915,0.228326424710842,2.739381013917353,0.2158354613580888,0.5934884412509992,0.0636540051426469
qwen-3.5-flash,1,33214a,web,54,0.0846157105681635,0.185105013020273,2.80020763828447,0.2617715291612897,0.682995162505001,-0.0529550064212279
qwen-3.5-flash,2,33214a,web,43,0.0562348458272357,0.1738611251753077,2.6053916914736783,0.213832286973418,0.686922713613415,-0.0985877469669387
qwen-3.5-flash,2,330777,web,45,0.035775363753935,0.1134103555785067,3.157881377536116,0.2513027502358516,0.6390655656054147,-0.0200006878751088
qwen-3.5-flash,1,330777,web,43,0.0428157448120822,0.1190547589811786,3.122416896751329,0.2613808534004856,0.6744923671348437,-0.0193082266445681
qwen-3.5-flash,3,33214a,web,48,0.066846986688337,0.1821321542830891,2.708463908705909,0.1547807256006664,0.6691020738019289,-0.1051857965776564
qwen-3.5-flash,3,330777,web,44,0.1822465296712139,0.1804583880692649,3.4103477717854966,0.9373813297783756,0.693185728155155,0.1434858083173285
qwen-3.5-flash,2,333ba8,desktop,53,0.0183686115104479,0.2110368484442344,3.334566470716545,0.2670821178914435,0.6066398726846395,-0.0098479586049945
qwen-3.5-flash,3,333ba8,desktop,49,0.1655034676092657,0.2730596975507455,2.9332483579113275,0.7788316383491767,0.6842561508513707,0.0758985141624286
qwen-3.5-flash,1,333ba8,desktop,34,0.0416078551922884,0.2083634736219351,3.6108849855591343,0.3860323819462774,0.6460516474717855,-0.0032218902949052
qwen-3.5-flash,1,3351c6,desktop,60,0.3672384751063198,0.2847162063882618,1.5165938898765527,1.1271081415497974,0.714858491323491,0.3426540282075211
qwen-3.5-flash,3,3364c6,web,37,0.1624235729427007,0.2488884888968062,1.817665239612869,0.3510077226343788,0.613618684878021,-0.0019086687581684
qwen-3.5-flash,2,3364c6,web,47,0.2270461484336055,0.2578946478467697,1.9671146703148736,0.5094604216451042,0.6451738257942479,0.1466957942906443
qwen-3.5-flash,2,3351c6,desktop,128,-0.050328727191992,0.1951089798187187,2.190888384472781,-0.0672925955255544,0.492725308056147,0.0342232239156856
qwen-3.5-flash,1,3364c6,web,45,0.1067251891879869,0.2144097846961789,2.120144440805299,0.2130481550448995,0.5933654405439727,0.0363586960211143
qwen-3.5-flash,3,3351c6,desktop,192,0.2566151325716804,0.2890646970987963,1.5357627388331263,0.7773947630641115,0.7194017613408307,0.1848176270216866
qwen-3.5-flash,1,3364ed,web,31,0.1410086955960223,0.2009640220508539,3.0889922880647003,0.2011630955678045,0.6050911353579334,0.0033049726730909
qwen-3.5-flash,2,3364ed,web,30,0.1412246844938001,0.2113557347630421,2.4850010491815326,0.2580789006444619,0.6711632299087041,0.0736146328030411
qwen-3.5-flash,3,3364ed,web,32,0.1977050711554808,0.2421916418937181,2.2690558873241606,0.4513816064524001,0.6983894843861049,0.0557176931329679
qwen-3.5-flash,1,33c037,desktop,53,0.3883399151017664,0.278117820851043,1.816484267021539,1.4023456897679387,0.7749146705045892,0.336435322876454
qwen-3.5-flash,2,33c037,desktop,30,0.3853138461088445,0.3097048837747917,1.6723407552889185,1.3827161380793245,0.8240457177199717,0.3138799000850148
qwen-3.5-flash,1,337990,web,39,0.0188738037422603,0.176076768329355,4.101057736993161,0.0687286064095363,0.5438292766469595,0.0513952344755795
qwen-3.5-flash,3,33c037,desktop,30,0.5192917039021903,0.4420324769610478,3.3815351482096445,2.1312791575052636,0.68365254481661,0.4346202061507406
qwen-3.5-flash,2,337990,web,36,0.0604023746731143,0.2024456618131916,3.778494596236752,0.2447599502387678,0.581802688541682,0.0888856250012056
qwen-3.5-flash,1,33cc24,desktop,43,0.3006499359665563,0.2727602384938238,2.812159691432478,1.1349801406148332,0.8173873442895871,0.2611725624092411
qwen-3.5-flash,2,33cc24,desktop,55,0.3165846036080433,0.2959026901166273,2.454964719368524,1.1022996010271535,0.8191209430635931,0.2204507316985053
qwen-3.5-flash,3,337990,web,37,0.060186030177558,0.1998272956237088,3.8650607535182626,0.2734984225277923,0.5837046829435254,0.0879549846197477
qwen-3.5-flash,3,33cc24,desktop,51,0.1813581875078665,0.2078550878402558,3.026436953184532,0.6694551238342347,0.7446480116176311,0.1650634980158936
qwen-3.5-flash,1,33fdee,poster,36,0.0888788873353891,0.3905173394615381,1.4021508229848405,0.0959281468057715,0.5454864076497979,0.0469645414476374
qwen-3.5-flash,2,33fdee,poster,31,0.0661853289772831,0.3989211342401885,1.2974369900582607,0.1113798162490763,0.5534459318218697,-0.0233494672816058
qwen-3.5-flash,1,33d2a6,web,60,-0.0904594752674455,0.1407577654627156,4.3858914476070225,-0.2549347429186137,0.4648790554890149,-0.039813160266874
qwen-3.5-flash,2,33d2a6,web,49,-0.1198623853710707,0.1300675748323633,3.958128520447338,-0.3686377477170187,0.4200641818711558,-0.0694169209242925
qwen-3.5-flash,3,33d2a6,web,33,0.0276033588781846,0.1762654217125608,2.585411226073107,0.1681586347676942,0.5745910189698088,0.0354611916465915
qwen-3.5-flash,1,33eb5e,desktop,30,0.2955612349027172,0.2892147765823395,2.715133665948061,1.0246264796541904,0.7405327950832592,0.2626439628508096
qwen-3.5-flash,3,33fdee,poster,33,0.1360020358323309,0.3977486913306752,1.2171431080172592,0.3138446431461172,0.5934401789669002,0.1638560573758415
qwen-3.5-flash,2,33eb5e,desktop,45,0.1843813113644911,0.2583923632556348,2.815208360417701,0.7103953026063519,0.7491534079476123,0.1643511420369701
qwen-3.5-flash,3,33eb5e,desktop,52,0.2214389696496235,0.2508385142064689,3.0706315765380223,0.7905097880977365,0.6991795639253364,0.2187761287230271
qwen-3.5-flash,1,34558c,desktop,30,0.606734089458546,0.504614334750685,2.727280725466116,1.3064495182265423,0.6837462688344731,0.5473119040301432
qwen-3.5-flash,2,34558c,desktop,52,0.3082572974121986,0.3551194854281497,3.0998268444776187,0.6601692078010449,0.6452121851156144,0.331084132856473
qwen-3.5-flash,3,34558c,desktop,88,0.2797082978455024,0.3458045447805281,1.7801559666042237,0.5665791901187586,0.641179761468449,0.2963219352956597
qwen-3.5-flash,1,3478a7,web,30,0.1863244835528396,0.3207091066116291,2.424076765492489,0.5343737667958294,0.681279731062003,0.0383829941661181
qwen-3.5-flash,2,3478a7,web,53,0.1586333924589326,0.2919405887233254,2.425878836262825,0.4348719611295052,0.670605061685654,0.0616308900568049
qwen-3.5-flash,3,3478a7,web,33,0.2910847922391135,0.3759115666786767,2.302286902635921,0.7217020795576001,0.7066123431684851,0.0072236497185316
qwen-3.5-flash,1,348c74,web,40,0.0420598216139036,0.2149987269828983,2.9732560706613063,0.1633213067167218,0.5219623474046711,-0.0408148162052973
qwen-3.5-flash,1,343781,poster,58,0.0184114099958652,0.1534319685559467,4.365809784171066,0.0586283368169087,0.6277331046961014,0.0535212030396292
qwen-3.5-flash,1,345b44,mobile,8,0.634279613890869,0.544054612814874,1.5813371088623676,2.465165534631361,0.7519822604721771,0.5868611796597434
qwen-3.5-flash,2,343781,poster,45,0.1183119092601809,0.2270919122246819,3.140468721935873,0.3502938546351903,0.666058080063812,0.1527544405572418
qwen-3.5-flash,3,345b44,mobile,8,0.6464707238880283,0.5539886905389894,1.5567589144310707,2.491005925466759,0.7528226837136204,0.6009630036369175
qwen-3.5-flash,3,348c74,web,41,0.0304252629143311,0.2111120446636861,2.9930815219872837,0.135819841147495,0.51561875650035,-0.0458848879234956
qwen-3.5-flash,2,345b44,mobile,8,0.641438304084886,0.5490371444646402,1.5678672002291116,2.4598191380418237,0.751936579450816,0.5951578445685076
qwen-3.5-flash,2,348c74,web,44,0.0086242232676869,0.2025102123574448,3.0602013974079725,0.0689785528996524,0.4999568375876879,-0.054729539664608
qwen-3.5-flash,3,343781,poster,49,0.0687139449712646,0.1939414208478563,3.0901532453740383,-0.0625364741874532,0.6352371785474261,0.0891829034374536
qwen-3.5-flash,2,34c262,poster,30,0.0827627904255653,0.2926069828692267,1.670626158506953,0.2455171023341069,0.5771241753177916,0.0697014413747501
qwen-3.5-flash,3,34c262,poster,34,0.2178210599441801,0.338251301028555,1.5823235820837311,0.4564606485391538,0.6214908925045861,0.1807376963574519
qwen-3.5-flash,1,34c262,poster,30,-0.0501074258762116,0.2523469242206398,1.910810830746601,-0.2062697375250735,0.4741705222636914,-0.0658824910831652
qwen-3.5-flash,1,349e93,web,43,0.050830078649311,0.2301235956683102,3.2062005495637567,0.2292011272055692,0.5767163831473059,0.0391066266738053
qwen-3.5-flash,2,349e93,web,36,0.0447397507636739,0.2119890018445789,3.719511584481107,0.2099209975311592,0.5421213283436359,-0.0014486190329956
qwen-3.5-flash,3,349e93,web,34,0.0689292642901535,0.2311345614834929,2.908511372568918,0.304021387078968,0.6085879878323445,-0.0033607679852692
qwen-3.5-flash,1,34a3b6,mobile,54,0.2084384285038958,0.2906174460846783,3.353323082664378,0.6780898752354473,0.6724721973425407,0.1773536871330333
qwen-3.5-flash,2,34a3b6,mobile,33,0.2422185859254848,0.32390829712182,2.530629446202031,0.7517253188534374,0.7187776903251543,0.2272597471863625
qwen-3.5-flash,3,34a3b6,mobile,30,0.3359952957831248,0.3539694012732465,2.0457047277375904,1.0666923551011942,0.7690134855004431,0.2997411301873597
qwen-3.5-flash,1,35a756,web,48,0.0692955190086836,0.1303457573136764,2.986413549953964,0.2628609783008394,0.6240731175970619,0.0377582705443729
qwen-3.5-flash,1,3578cd,mobile,40,0.268058138365875,0.2512876045204128,2.390988577616404,0.5449159258158867,0.7472038658884896,0.3021306658858607
qwen-3.5-flash,2,356da5,mobile,50,0.1884405955735261,0.2978620897970115,3.734695660756996,0.308845071767197,0.5477770603926251,0.1214319594203494
qwen-3.5-flash,2,35a756,web,48,0.072053452869194,0.1417365285146269,3.73286012703778,0.29208861577251,0.61058425600271,-0.0613619903463565
qwen-3.5-flash,3,3578cd,mobile,30,0.1668060400324387,0.2345903308506373,3.699364986594416,0.1046600752582326,0.6246535456353738,0.1666876410327595
qwen-3.5-flash,3,356da5,mobile,31,0.1412490763136823,0.2727061724930721,4.283157961966282,0.1399691018552285,0.5236670677600639,0.0906863628319642
qwen-3.5-flash,1,356da5,mobile,31,0.1349769259208557,0.2436532966202525,4.793965884496846,0.1480372061202039,0.4943445873293164,0.0621849763159355
qwen-3.5-flash,3,35a756,web,51,0.0689561438712517,0.1459578193234921,2.888992477111916,0.2859492269743061,0.6489532896699342,-0.0135485369691512
qwen-3.5-flash,2,3578cd,mobile,62,0.0981697137721318,0.1819865761463484,3.8452635868375102,0.055887621927707,0.5705571546651271,0.1094033429258533
qwen-3.5-flash,3,35ba73,web,51,0.0430512302253495,0.2678216300098782,1.8466948305910371,0.0901604362325673,0.5819529278656572,0.0860030588842232
qwen-3.5-flash,1,35ba73,web,48,0.0699371988757719,0.2799260241538194,1.796946105137616,0.1543650779297677,0.6009535014356868,0.0976804116110377
qwen-3.5-flash,2,35ba73,web,42,0.1464010303543882,0.3111598970923265,1.6361281090103643,0.3271978594255145,0.6258338680992737,0.1330792786260136
qwen-3.5-flash,1,35bd1e,web,51,0.1870443613272914,0.2162356705103693,4.938859910368696,0.7476501077562618,0.5458222270027275,0.0980274742731056
qwen-3.5-flash,2,35bd1e,web,50,0.1091115395877128,0.1770581914005552,4.374024663401885,0.4797200428491439,0.4921012718918753,0.0695907433680472
qwen-3.5-flash,1,35aa58,poster,34,0.0037589603947722,0.1297676439610612,6.5796164265940025,-0.1336210923279125,0.4420044747302371,-0.0774770425827488
qwen-3.5-flash,3,35bd1e,web,31,0.1822357088311508,0.2171006463653748,4.2615263865864135,0.8588558580008251,0.5888929001821966,0.1777852051154488
qwen-3.5-flash,1,35c59b,poster,33,0.0295997397302411,0.1912768720773133,2.3422373310523756,0.0054686327310937,0.4592572026045192,-0.0986516156750293
qwen-3.5-flash,3,35aa58,poster,38,0.0247848988966668,0.1958591571123609,3.3796627490310236,0.095055840248804,0.5367551297936122,-0.0429768972287154
qwen-3.5-flash,2,35c59b,poster,30,1.30846048689126e-05,0.1002819019791566,6.377032474171571,-0.0841353508409647,0.4175297252020523,-0.1502484092780168
qwen-3.5-flash,2,35c062,desktop,51,0.3320796884155094,0.3046382308754329,3.2429178224537827,1.300472870862499,0.7008542605421729,0.2978859463075176
qwen-3.5-flash,2,35aa58,poster,53,-0.0605702813519112,0.1408854171875658,5.321298494983043,-0.2972697501829136,0.4023171816862786,-0.1510115842442989
qwen-3.5-flash,3,35c59b,poster,52,-0.0325874598750918,0.2019208560517248,2.342586810127644,-0.0826150482522556,0.4958188844998646,-0.0366299197034885
qwen-3.5-flash,1,35c062,desktop,33,0.2852641287186612,0.2873895349269437,3.332972591193582,1.0998691671766971,0.6964268804100703,0.2516983525740971
qwen-3.5-flash,3,35c062,desktop,50,0.2013148540425828,0.2684578801268975,2.5701509975289776,0.7041722203161478,0.7040168482707752,0.1996816371061827
qwen-3.5-flash,1,363885,desktop,49,0.1646125257978556,0.2364058014983521,1.8571134828494875,0.5540361475968147,0.6835449520394214,0.1065184903505479
qwen-3.5-flash,2,3628ee,web,23,-0.0408124907565869,0.1532870672638403,4.753304748960287,-0.1698464589137547,0.5259891711720562,-0.0775511740198409
qwen-3.5-flash,1,3628ee,web,23,-0.0368987535846399,0.1528114067173619,4.812969674081379,-0.1715582020318939,0.5262094787586619,-0.0747335421025693
qwen-3.5-flash,2,363885,desktop,164,-0.0927008778316675,0.1153491492363421,3.4916733723189872,-0.3533574186622297,0.4671892542108418,-0.0150300330119515
qwen-3.5-flash,3,363885,desktop,50,0.1079023434041453,0.2479469425157658,1.9901092592434408,0.2933439495328062,0.6439612514801711,0.0146136314276255
qwen-3.5-flash,2,362dcc,web,30,0.1556951753569266,0.236850140404755,3.0602463276353316,0.5308101594908146,0.6372154834080603,0.1424889703163172
qwen-3.5-flash,1,362dcc,web,32,0.0893581227219523,0.2166066397321595,3.3026725271792556,0.2905911570071139,0.6113884700846176,0.0781965667833762
qwen-3.5-flash,3,3628ee,web,30,-0.0464219225294754,0.1639145685296782,4.108461007690572,-0.206255699450314,0.5033066989866973,-0.0734101352028111
qwen-3.5-flash,3,362dcc,web,31,0.1580177994053525,0.242391911705343,2.7904138433927717,0.5454160516710194,0.6592138320282241,0.1319304820855315
qwen-3.5-flash,1,3664a3,mobile,29,0.310141446147206,0.3275744159199942,1.4769665673154304,0.8884304586730961,0.7458140507178868,0.3376251930417976
qwen-3.5-flash,3,3664a3,mobile,31,0.181462137877451,0.2911083581445843,1.7418584051048374,0.5526176759610449,0.6718902813724925,0.243375224615672
qwen-3.5-flash,2,3664a3,mobile,32,0.2575876848881265,0.3016428658489261,1.6051491754755844,0.73747559413157,0.710402340616197,0.3119457682372965
qwen-3.5-flash,1,36602c,desktop,46,0.0796333332562961,0.2047636580352818,2.171315896284442,0.3728083227675288,0.6340824679861005,0.0509937262254834
qwen-3.5-flash,2,36602c,desktop,38,0.078429682882951,0.1991309934811175,2.236328467479158,0.3193794260126916,0.6134888675451532,0.0620951847459559
qwen-3.5-flash,3,36602c,desktop,31,0.135009288313671,0.2175887383668211,2.0544750805994165,0.5912718178181536,0.7146498065015818,0.1062308091722288
qwen-3.5-flash,2,36ca43,desktop,34,0.3718801435030478,0.4128881481227872,1.5966985539534284,0.8423449713593187,0.7794884334144836,0.2466339357035678
qwen-3.5-flash,1,36ca43,desktop,45,0.3421661660669396,0.3830210336705151,1.6565322160686076,0.8380326320701759,0.7801015221994646,0.2898613644459395
qwen-3.5-flash,3,36ca43,desktop,59,0.3473612859634688,0.3943415820975093,1.578581307285345,0.9099944777764852,0.7895247582737661,0.2979920803419722
qwen-3.5-flash,1,366c6f,poster,48,-0.0582285260407572,0.0577480907798268,8.557368232044695,-0.08399909109648,0.3456925976962332,-0.0206712678952431
qwen-3.5-flash,1,370302,desktop,51,0.4170565626168111,0.2521415371805759,1.6625564868019111,1.749069910076862,0.8796233909705502,0.381069561719312
qwen-3.5-flash,2,370302,desktop,44,0.2711113131043856,0.2066785092758942,2.0670545584962103,1.139479381094703,0.8083655996749336,0.1754701813538516
qwen-3.5-flash,3,370302,desktop,49,0.2002685100801511,0.1807651349019148,2.225234816034762,0.8453284560067171,0.7722821504717243,0.0741494792451955
qwen-3.5-flash,2,366c6f,poster,52,-0.0147354521220705,0.1221436204126101,7.393256726436102,-0.063964311321169,0.3953410658072219,-0.0668480738100025
qwen-3.5-flash,3,366c6f,poster,33,0.0517872853471116,0.148928706599254,4.312181519891211,0.0024452681604943,0.5870546830366408,0.1010102621699492
qwen-3.5-flash,1,368917,mobile,50,0.0859167836237019,0.1787338772649305,5.640111067566155,0.3177228643248361,0.5277159206483307,0.0516344000433224
qwen-3.5-flash,2,368917,mobile,30,0.2661510069558892,0.2504654748959088,4.665503078393147,0.8461618935450729,0.5624278077812854,0.1962290280136056
qwen-3.5-flash,3,368917,mobile,30,0.2151496610213974,0.2332245718504671,4.370573368169507,0.6323997264436824,0.6116134807842614,0.1323306580065046
qwen-3.5-flash,1,37123f,desktop,40,0.2020208201002411,0.1951613818624583,2.812544928862041,0.8356516465998947,0.711266997317247,0.0851745150190895
qwen-3.5-flash,2,37123f,desktop,48,0.3622517843312841,0.2602009435109033,2.387583266179992,1.5227657856178134,0.7362820365245091,0.1990735001669468
qwen-3.5-flash,3,37123f,desktop,54,0.1639770922769479,0.1841035777797036,2.873203985354499,0.624183663595066,0.7026157106158862,0.0516862927447119
qwen-3.5-flash,1,3734cb,poster,52,0.2425856811459121,0.2595186971421015,2.216247816704731,0.6563836355038157,0.6644680599869502,0.1526725931343225
qwen-3.5-flash,2,3734cb,poster,55,-0.0237824758701046,0.1290761045041493,3.619742548551714,-0.0890632954667464,0.5850002205019091,0.0476656463169877
qwen-3.5-flash,3,3734cb,poster,57,0.0756033240243991,0.1920546512486376,3.0145105487436687,0.1586010247521309,0.5512493825721739,0.1242731405567361
qwen-3.5-flash,1,3766a5,desktop,40,0.1375720413838341,0.2837006876563811,1.6320059158465094,0.1808694457017095,0.5612173950115941,-0.1079701233357111
qwen-3.5-flash,2,371069,mobile,34,0.1362403361927332,0.2768359173900369,2.701198468159346,0.2032772156124374,0.6426555232176208,0.1557400034243634
qwen-3.5-flash,2,3766a5,desktop,40,0.1225105102207639,0.2786112352291004,1.6589328978681803,0.1473765009869853,0.5516447331125431,-0.1044455955690419
qwen-3.5-flash,1,371069,mobile,30,0.2236660144074813,0.323712899260327,2.339151284735744,0.388770738623674,0.6885143932380942,0.1161560625299776
qwen-3.5-flash,3,3766a5,desktop,40,0.1388469580766808,0.2832690637969998,1.6335243204531211,0.1870030244138967,0.5642328965495526,-0.1075140160489628
qwen-3.5-flash,3,371069,mobile,31,0.1354639930269072,0.2860880666117803,2.616704229632319,0.2283402985864848,0.6668353100679946,0.1026774147069851
qwen-3.5-flash,1,37ad54,desktop,51,0.1530135631795665,0.1243144100359317,9.687411738064364,1.0495232306748816,0.2377844457370447,0.1113253618121745
qwen-3.5-flash,2,37ad54,desktop,58,0.0920492500936673,0.1955680043770498,4.277642371463082,0.5241623171809751,0.6221673198475948,0.0699812414794212
qwen-3.5-flash,3,37ad54,desktop,30,0.1358299716907963,0.1252116541464235,9.551298986787904,0.9417526360328788,0.2985691242789586,0.0919177068889958
qwen-3.5-flash,1,37446a,mobile,47,0.0908831586988759,0.2538562537409533,3.9965774817659128,0.3528105626333554,0.5392627114312514,0.0681344863481699
qwen-3.5-flash,1,378c6a,poster,30,-0.1191061419367327,0.1321716754223481,6.883934544540042,-0.1616274345622084,0.3441277448460446,-0.0440129641945473
qwen-3.5-flash,3,37446a,mobile,30,0.0267602049183156,0.2273430805432724,4.661424416751394,0.0934283320873382,0.4426545625931732,0.0143147050249482
qwen-3.5-flash,2,37446a,mobile,31,0.0395800923159788,0.2535942888264327,3.609228414854986,0.0813572003930482,0.5190088587967119,0.0420353775349606
qwen-3.5-flash,2,378c6a,poster,30,-0.1037559042500315,0.1347345983002276,6.895803592756401,-0.1686929960828412,0.3582746455153258,-0.0735185065959069
qwen-3.5-flash,3,378c6a,poster,30,-0.126259092590604,0.0937959258499483,8.131703381078882,-0.2244716485008048,0.2426831707138109,-0.092422741919872
qwen-3.5-flash,2,37c0ca,desktop,13,0.1347248133709388,0.1633426435089791,5.50816463461267,0.2804063025032292,0.6746503430088844,0.0965842590175323
qwen-3.5-flash,1,37c0ca,desktop,101,0.3285485628698426,0.3037746562562582,3.250007828583706,1.316441250587307,0.7529076105413217,0.2933767450445866
qwen-3.5-flash,3,37c0ca,desktop,13,0.1347248133709388,0.1633426435089791,5.50816463461267,0.2804063025032292,0.6746503430088844,0.0965842590175323
qwen-3.5-flash,1,3839b1,web,62,0.2768803430046863,0.3865775089827442,2.242560150983711,0.6227677788800404,0.6812994795740486,0.0745309149851009
qwen-3.5-flash,2,3839b1,web,52,0.1004389150218273,0.2853426866378929,2.3233079121509457,0.2173216896381102,0.5957400452197337,-0.0258707227037096
qwen-3.5-flash,3,37cecc,mobile,34,0.1839358654662205,0.298641878499969,3.3060912580175077,0.5211471705206474,0.6483248344253968,-0.1717294948998203
qwen-3.5-flash,1,37cecc,mobile,30,-0.0505507429707037,0.169956417379578,5.170341009043004,-0.2963053431218301,0.4352963301671159,-0.2564451015369385
qwen-3.5-flash,3,3839b1,web,53,0.0501091064600534,0.2499737469533514,3.078454427796176,0.0994850668270147,0.5675388652025504,-0.0125878186188642
qwen-3.5-flash,2,37cecc,mobile,46,0.0007286113446355,0.2205260100855104,4.506038706669827,-0.0667198114616348,0.4864023468190463,-0.3019384091904076
qwen-3.5-flash,3,381869,mobile,45,0.2905673212309848,0.3340676908534235,2.2094336314554273,0.8115381402072813,0.7101992187849587,0.3291225945055716
qwen-3.5-flash,1,381869,mobile,66,0.0995004161110564,0.2610197725949372,2.1534194328470844,0.2858681290104884,0.6779984623473104,0.1466003440136269
qwen-3.5-flash,2,381869,mobile,63,0.1624015478421095,0.2868418490690671,2.0552789584780267,0.3787053280072924,0.6849453308841021,0.1948733060045803
qwen-3.5-flash,1,387531,desktop,34,0.0824238772854157,0.2354550608849239,2.0166569639361045,0.2182870890466836,0.5660746132561456,0.1873466337524074
qwen-3.5-flash,2,385881,web,28,0.0493440703153254,0.1706563080871107,3.317025069347471,0.2376129290607876,0.6119928293608379,0.0421201903758349
qwen-3.5-flash,2,387531,desktop,34,0.0642670105763527,0.230101225282076,2.146024186162209,0.1612035242514202,0.5507875228113989,0.1765896474381816
qwen-3.5-flash,3,387531,desktop,34,0.1005259385622699,0.242184497934156,1.9970765846734229,0.2870470575245,0.573956512791518,0.2016917643227052
qwen-3.5-flash,1,385881,web,30,0.0231858425153116,0.145122645061912,3.5282095045511888,0.0895222744955648,0.5619687505520408,0.0248017463128691
qwen-3.5-flash,3,385881,web,30,0.0143561349366324,0.137022340885538,3.704397479436808,0.058799284922317,0.546472304527553,0.0211407104059685
qwen-3.5-flash,1,38ad0c,desktop,36,0.2529627187043913,0.2701064371445142,2.082629624335512,0.8256237596481102,0.7565093388899632,0.2583160484170051
qwen-3.5-flash,2,38ad0c,desktop,59,0.0879391102172439,0.2189268729685163,2.233456915586153,0.2323134117978506,0.7702008879148882,0.1131009355929275
qwen-3.5-flash,3,38ad0c,desktop,53,0.356046381457332,0.3069744334984687,1.4796702752354354,1.1720726383088105,0.8188766030058671,0.3365394655751232
qwen-3.5-flash,2,38a100,web,30,0.2842220380629865,0.3441976903252455,2.4683117923379783,0.8075683156494569,0.7234412130485562,0.2363393077031838
qwen-3.5-flash,1,38a100,web,30,0.2801664253972541,0.3491327749096778,2.6582610243420706,0.6591404504918481,0.6996085297572966,0.2280744123063386
qwen-3.5-flash,3,38a100,web,30,0.2686037533383595,0.3432809343662626,2.5050888860593417,0.7773921170293053,0.7159675761639857,0.2082497877992015
qwen-3.5-flash,1,38c9d5,desktop,30,0.3210690518900929,0.2663696277984464,2.284965248927895,0.9048174628121473,0.7238083890488596,0.2679541032830294
qwen-3.5-flash,3,38c9d5,desktop,36,0.1400787471169256,0.2383854030689843,3.2991137538893183,0.4685183966820304,0.630677727378964,0.1164617636528219
qwen-3.5-flash,2,38d067,poster,51,0.2643486613369959,0.2818501801701688,1.7816853812876596,0.8785957093899519,0.7422702801704483,0.2582618969934436
qwen-3.5-flash,1,38d067,poster,51,0.2647989006077955,0.2610548334089535,1.816867668999293,0.7225615904253656,0.7024629231153441,0.2638104921631531
qwen-3.5-flash,2,38c9d5,desktop,35,0.2830634420388815,0.2631695091435674,2.149663724384983,0.8318582150887299,0.7225405839512467,0.2527957498103875
qwen-3.5-flash,1,38a251,mobile,30,0.182483141470628,0.2013221665256331,5.443144484885414,0.2085493355527085,0.5758384036538116,-0.0101818834700398
qwen-3.5-flash,3,38d067,poster,51,0.2331872204207484,0.2639466402683189,2.977650506773888,0.7570433863937742,0.6933290249412383,0.2281083395464661
qwen-3.5-flash,2,38a251,mobile,32,0.1943574682462819,0.2022513620085079,5.524164942239008,0.2384629355938322,0.5480097226828351,0.002461707397798
qwen-3.5-flash,3,38a251,mobile,50,0.1911830347759651,0.2067944377806258,5.421220215898053,0.2936484699639199,0.5775826210608923,0.0019414644513655
qwen-3.5-flash,1,393327,web,40,0.0342216162457642,0.1060700967995772,7.1804765032954405,0.6528764131132643,0.5337092732157779,-0.033737263499675
qwen-3.5-flash,2,393327,web,80,0.020201963118883,0.0990745974797537,7.397318848622941,0.4781185934182837,0.5866681240832762,-0.0138903620729646
qwen-3.5-flash,3,393327,web,57,-0.0601922304843343,0.0559129159451838,6.375030414685087,-0.1900329351388624,0.3988960777676751,-0.0546140527232037
qwen-3.5-flash,3,3930bc,poster,52,0.1287308661140496,0.2558811230735068,6.108548898907033,0.6150431511423317,0.5005691306035016,0.1149402288434562
qwen-3.5-flash,2,3930bc,poster,48,0.3403248246860187,0.3407596471565595,1.7959136423339792,1.3859945833171414,0.8600555651523066,0.317572110414885
qwen-3.5-flash,1,3930bc,poster,34,0.1551872921835727,0.2557151069898833,5.8123555044351445,0.66233493465693,0.5525819749240432,0.141635569384642
qwen-3.5-flash,1,38dec1,poster,34,0.0618631214051667,0.2318684984407718,4.695119261748233,0.2846604892062818,0.593708175216741,0.0454319723064915
qwen-3.5-flash,3,38dec1,poster,34,0.0919602709039997,0.2490026925779977,4.4563032452924105,0.5304854820893441,0.6588002844560481,0.0694340725339951
qwen-3.5-flash,1,39b696,desktop,50,-0.1855937484845966,0.2068844023620218,2.4963916898874468,-0.435295891801391,0.3883158149599238,-0.138111268018645
qwen-3.5-flash,1,3962ab,mobile,31,0.1888055225461112,0.2908595346017911,2.957397434064114,0.5327476178014203,0.6268807901422029,0.2143755991269733
qwen-3.5-flash,2,39b696,desktop,51,-0.0168048884054011,0.2459934633538671,2.374076842036336,-0.0952640560944484,0.4885591622806245,-0.1769556503847961
qwen-3.5-flash,3,3962ab,mobile,30,0.2073667347384837,0.3128690169802124,2.7182196024179968,0.5700489963487051,0.6499583187307448,0.1910226503478925
qwen-3.5-flash,2,3962ab,mobile,30,0.2171624854659275,0.3173292036981635,2.682281425361753,0.5951114132726217,0.6538308746926219,0.1979827480625678
qwen-3.5-flash,3,39b696,desktop,32,0.1976296193359149,0.3295783731722775,1.7359046232076285,0.4233711780641831,0.6071162102464803,0.1395259749020131
qwen-3.5-flash,2,39a8fb,poster,30,0.1680724292990405,0.3248490466957003,2.0373704645135846,0.1189963292425606,0.5763836191778162,0.1433438329835509
qwen-3.5-flash,2,38dec1,poster,36,0.135716241569788,0.2683312399685451,4.260832532713959,0.3135646014415146,0.6402326341695884,0.1239261544692644
qwen-3.5-flash,1,39a8fb,poster,34,0.0167152731925021,0.2490375069095284,2.58633470079259,-0.2342999367088875,0.5003080571048465,0.0056904113281911
qwen-3.5-flash,3,39a8fb,poster,53,0.0714374235067102,0.2607895395441367,3.5092748375826828,-0.0474695388806936,0.512077278184646,0.0568459395854783
qwen-3.5-flash,2,39fd3b,desktop,51,0.2847098486514356,0.3075681946030726,2.9807611848117452,1.102654300566205,0.7688976079062877,0.2338142001543861
qwen-3.5-flash,1,39fd3b,desktop,30,0.1896408293624486,0.2499670017771724,3.1061066811062923,0.7582671164486,0.7291107149179376,0.159145277359874
qwen-3.5-flash,3,39fd3b,desktop,30,0.2217332994872521,0.2778456030902565,3.3840356434344376,0.8450415894694864,0.7343408880009407,0.1736523858944389
qwen-3.5-flash,1,3a0d2b,mobile,30,0.1253292490683177,0.3540684781256369,2.0049932623240467,0.2157451056997448,0.5890857204059715,-0.0633914042791562
qwen-3.5-flash,2,3a0d2b,mobile,50,0.1258940882811937,0.3459122391473991,1.8526506112233985,0.2035078727920079,0.5901930167539348,-0.0392489982595063
qwen-3.5-flash,3,3a0d2b,mobile,31,0.116400145200552,0.3453321100869169,1.7216650216610263,0.1421204816386382,0.5645839392935529,-0.025653546250493
qwen-3.5-flash,1,39fa7c,mobile,52,0.0075889729132585,0.1757295681681722,5.998747244899136,-0.2088358367411958,0.3560815948358189,-0.0409678474088322
qwen-3.5-flash,1,39f80c,mobile,42,0.1624682292870096,0.3400604171035814,3.0035844759804164,0.4730347066072967,0.6366440864625286,0.1298035432449549
qwen-3.5-flash,2,39f80c,mobile,30,0.1756839569960463,0.3320050580333856,3.0799677683001727,0.3316805310483076,0.6209231914489404,0.136089732241923
qwen-3.5-flash,1,3a1d22,web,51,0.0580438675972255,0.1273163541088322,3.338979940680059,0.3337934898821352,0.7412128077644151,0.0751140876842545
qwen-3.5-flash,2,39fa7c,mobile,53,0.1508587872134287,0.1832251651158653,6.901161845590865,0.3936355970649238,0.2822422773226297,0.0601975259524611
qwen-3.5-flash,3,39fa7c,mobile,30,-0.0402559873060078,0.1627911669014304,5.676902807637457,-0.1980084309403867,0.3820895473046072,-0.0563243135704275
qwen-3.5-flash,2,3a1d22,web,29,0.2064448334207394,0.2089563154745762,2.7733808059518714,1.0479234344920547,0.7899101791351102,0.1592549277701143
qwen-3.5-flash,3,3a1d22,web,46,0.3852738325332114,0.2634197237646293,2.183563019266994,1.8321004651101056,0.8116127738620768,0.3172881644591234
qwen-3.5-flash,3,39f80c,mobile,32,0.2232696652912662,0.343557498986445,2.4351864751447927,0.4781390585723454,0.6784210827069026,0.1911638641180728
qwen-3.5-flash,1,3a6075,web,36,0.1029969897394315,0.2101345156117539,2.2252521003496675,0.4032901985154864,0.7375296709326324,-0.0294877054830296
qwen-3.5-flash,2,3a6075,web,37,0.0929427988326679,0.1917704307327185,2.3007284604716585,0.4278510785487348,0.760048556225279,-0.0537191088300105
qwen-3.5-flash,3,3a6075,web,39,0.105260163367791,0.2109727292470043,2.2160837187799594,0.4452654600074611,0.7638958041317443,-0.0399948484626433
qwen-3.5-flash,1,3a2d21,mobile,30,0.088466971688617,0.1831304023691989,5.336008600928351,0.5813475786418492,0.4636602299403554,0.0923746187885911
qwen-3.5-flash,1,3a7320,desktop,50,0.4949200640228763,0.3466516139842616,1.3889945225268971,1.4776815764163918,0.8261246349211474,0.4685496848286639
qwen-3.5-flash,2,3a2d21,mobile,30,0.1246759882234359,0.2107227272894298,4.642072309841211,0.6523364997490632,0.5162022493772845,0.1271668790195363
qwen-3.5-flash,2,3a7320,desktop,36,0.5227835891332364,0.3942337369662499,1.35420360238064,1.5669639040223362,0.8314701025139588,0.4980550195972887
qwen-3.5-flash,3,3a564f,mobile,8,0.3417662360055414,0.3143922038293659,3.856281194827175,0.3595069399210298,0.5974870122011237,0.2775164852733796
qwen-3.5-flash,2,3a564f,mobile,30,0.2595966528859921,0.3236908286776305,2.4333787290529565,0.687871162210439,0.7868198336823055,0.1322816787289335
qwen-3.5-flash,3,3a2d21,mobile,30,0.0803327638330875,0.2054360205210704,4.19009984698603,0.4124713366432656,0.4688105546537238,0.069751449332179
qwen-3.5-flash,3,3a7320,desktop,49,0.5734443900540269,0.3802091304077359,1.3091474475543243,1.8319177441605543,0.8312564020298862,0.5712992818570729
qwen-3.5-flash,1,3a564f,mobile,35,0.0515716050882727,0.2149290157666316,4.517951305661672,0.1538749297150811,0.6625157820943168,-0.0843204440792404
qwen-3.5-flash,3,3a8a8b,desktop,49,0.4632268387463974,0.3010114707545807,2.9301358355254306,1.514200385433017,0.6898975171724596,0.4145254259395561
qwen-3.5-flash,2,3a8a8b,desktop,50,0.47275734139877,0.3147771681519845,2.498326333111099,1.5386393385127362,0.739819308090706,0.4312688549889422
qwen-3.5-flash,1,3a8a8b,desktop,60,0.0145436746237069,0.1567111752395519,4.597242357330007,0.0881269743125476,0.5168588762946758,0.0565701026535288
qwen-3.5-flash,1,3a8c09,desktop,52,0.3381168212354802,0.2651375383465265,1.6307270060648178,0.9969193690896704,0.7473208061886335,0.3239510082796659
qwen-3.5-flash,2,3a8c09,desktop,53,0.2815168414793391,0.2436312458493671,1.7377443901529706,0.8914705648497709,0.7292162194206848,0.2811999457089593
qwen-3.5-flash,3,3a8c09,desktop,53,0.3984499859443438,0.2929108447495673,1.526316233826003,1.13536765485375,0.7543504946721191,0.411852162147137
qwen-3.5-flash,2,3a9ac6,desktop,51,-0.0273151380998945,0.1552963604898413,2.7459587542139277,-0.1598238047406794,0.5109223375635811,0.0964235917683075
qwen-3.5-flash,1,3a9ac6,desktop,44,0.0227467972583771,0.1813523021551735,2.4782825930918007,-0.0744082026833126,0.5291567055740773,0.1190255294075861
qwen-3.5-flash,3,3a9ac6,desktop,42,0.0865434352704102,0.2127490254465053,2.332724753086992,0.0788290174495219,0.5773833265935617,0.1260865406477392
qwen-3.5-flash,1,3aced2,desktop,54,0.0956927562065831,0.1931389335367868,3.74436198165723,0.2110507453165609,0.5531340633267178,0.0617608050169922
qwen-3.5-flash,2,3aced2,desktop,81,0.1910758954865583,0.2360297177242349,5.107597616435576,0.8675345751070515,0.6512630246313614,0.1173264094250695
qwen-3.5-flash,3,3aced2,desktop,85,0.1478709469685514,0.2215086262913529,2.734893784836714,0.5260910925209866,0.673156400854939,0.1296257811487478
qwen-3.5-flash,1,3ae59a,web,34,0.0519920179399703,0.207008212505124,3.00166374748838,0.2525072908548317,0.6213878303843066,0.0746765811438584
qwen-3.5-flash,2,3ae59a,web,34,0.0006102017026526,0.192338589504917,3.1504019238380776,0.1277507004893223,0.5912089618474006,0.0218515592266588
qwen-3.5-flash,3,3ae59a,web,32,-0.0036294284824201,0.1841276085265923,3.3753926219159367,0.1081064531199442,0.5838237502295671,0.0209172914036519
qwen-3.5-flash,1,3a98e9,mobile,55,-0.1304561399602357,0.1909696677058475,5.379476640422102,-0.1455705452192198,0.3970641000808143,-0.282998044878438
qwen-3.5-flash,1,3ae6bb,web,31,0.1128094783272345,0.2335563553873101,3.374742950383889,0.1362751914599259,0.570530157488657,0.0863087050188099
qwen-3.5-flash,2,3a98e9,mobile,39,-0.1066978779221143,0.1667251633829357,4.952208572105694,-0.4447091399673301,0.3529025679430895,-0.2243374934309896
qwen-3.5-flash,3,3a98e9,mobile,56,-0.1322125803003059,0.1897146842395633,5.386083422790814,-0.1568274947235531,0.3956647000165852,-0.2818954082695699
qwen-3.5-flash,2,3ae6bb,web,60,-0.0159060472702893,0.1608503087129938,3.824976456869677,-0.13987138678033,0.5280972007748107,0.0495216051267224
qwen-3.5-flash,2,3aecb7,desktop,52,0.5121915648844046,0.3611850400890136,1.6526815769494636,1.2342904414787348,0.7179429427484236,0.4984157426476071
qwen-3.5-flash,1,3aecb7,desktop,40,0.4050526093867705,0.3455647973431939,1.5365803304358614,1.119703954978661,0.7492657148828771,0.3099289898198321
qwen-3.5-flash,3,3aecb7,desktop,77,0.4909608283070481,0.4133949375470535,3.683641006334635,1.2172147320329316,0.6558950402485351,0.4140820245987586
qwen-3.5-flash,3,3ae6bb,web,34,0.1214107658555342,0.2424818643862434,3.405426032879903,0.1647268572853917,0.5915946483803113,0.0931065300523365
qwen-3.5-flash,1,3b1c3e,web,44,0.0092499772808002,0.1320633322937574,3.7090688638406544,-0.1093551086722801,0.5090409450992286,-0.0171351739229583
qwen-3.5-flash,2,3b203e,desktop,96,0.1783060421020812,0.194914946393106,5.703913235079906,0.2348140863818062,0.498886377312475,0.0811264084314026
qwen-3.5-flash,1,3b203e,desktop,31,0.0646773413119018,0.1751984974751062,4.751213202735618,-0.09453696706912,0.4458892609986555,-0.0015397794286556
qwen-3.5-flash,3,3b203e,desktop,48,0.1129143641546501,0.1886825073265002,5.326340118376413,0.0465527103551935,0.5024860424876113,0.0359076056667554
qwen-3.5-flash,2,3b1c3e,web,43,0.0823618798419899,0.1665669532219913,2.822550938643947,0.1551451765215341,0.6062609868663382,0.053910248132873
qwen-3.5-flash,3,3b1c3e,web,46,0.1022824339310015,0.172148883619436,2.763505785063813,0.2203941045260924,0.6147568804465288,0.0785758919896846
qwen-3.5-flash,1,3b078d,mobile,49,0.0841006362676072,0.25473134771266,3.5288252252668646,0.2119211893315636,0.5910520513614704,0.0687991208609066
qwen-3.5-flash,3,3b078d,mobile,42,0.0965834856299154,0.3095728507189427,2.3977207696949705,0.1396989461097323,0.5385711311802215,0.0998232374731041
qwen-3.5-flash,1,3b4d85,web,31,0.1631516787981907,0.2739111707664237,2.6395391877037566,0.3219522391544033,0.5724865450539733,0.1067469669076563
qwen-3.5-flash,3,3b4d85,web,31,0.1401872849871876,0.2653751357332714,2.679805400368795,0.2541401724867062,0.5566393140047484,0.0731117493833236
qwen-3.5-flash,2,3b078d,mobile,32,0.0442172483907408,0.2438380845642863,3.1415525198007757,-0.0281221988868744,0.5135268636759435,0.022264029593058
qwen-3.5-flash,2,3b4d85,web,31,0.1191098715319143,0.2557704550547286,2.743751669792166,0.2195462637349583,0.5502712339140505,0.0550375228956746
qwen-3.5-flash,1,3bb8f9,mobile,20,0.5345975643038355,0.4955157554065019,0.9411139769212696,1.1975211365374343,0.8034183379021341,0.2753273290343202
qwen-3.5-flash,2,3bb8f9,mobile,20,0.4788259119940771,0.4718310469174349,0.9848680487049716,1.0361713855037162,0.7814830938219546,0.2290901111944509
qwen-3.5-flash,1,3bc098,poster,51,0.1775637149389015,0.2312617457909411,1.8937134067260488,0.5030833766168876,0.6372007869276818,0.1202637401264572
qwen-3.5-flash,2,3bc098,poster,32,0.036369039782851,0.1965769090544032,2.093165778764818,0.0723720778353499,0.5365083314919706,0.0025549309568434
qwen-3.5-flash,3,3bc098,poster,51,0.1035591834215107,0.2222622703990387,2.0630439401623697,0.3059401654669928,0.6502684220333502,0.051572221713275
qwen-3.5-flash,3,3bb8f9,mobile,20,0.4668721431312523,0.468472544052432,0.9995106293689336,1.0122159076468094,0.7764772073138055,0.2191847587477671
qwen-3.5-flash,1,3bc419,desktop,62,0.2242044202889395,0.2368539787073911,3.4572407258239553,0.7263065322512652,0.6990167918996122,0.2042506464100304
qwen-3.5-flash,2,3b6541,mobile,30,-0.1771589909075319,0.1437855792685675,6.127492483335109,-0.3283299330969327,0.303645199662001,-0.1766946354955574
qwen-3.5-flash,2,3bc419,desktop,39,0.058924302816104,0.1979716289332669,3.068531588723424,0.179797119936887,0.7030390494005127,0.0507910562358357
qwen-3.5-flash,3,3bc419,desktop,50,-0.0324321599488829,0.127186364789569,3.997141516873838,-0.0838477885789136,0.6646631726166493,-0.018670821733374
qwen-3.5-flash,3,3b6541,mobile,30,-0.1771589909075319,0.1437855792685675,6.127492483335109,-0.3283299330969327,0.303645199662001,-0.1766946354955574
qwen-3.5-flash,1,3b6541,mobile,30,-0.1771589909075319,0.1437855792685675,6.127492483335109,-0.3283299330969327,0.303645199662001,-0.1766946354955574
qwen-3.5-flash,2,3c465a,mobile,34,0.0262111818880294,0.230031164152463,1.8602796154461176,0.1467706763341246,0.6410642551810604,0.0217399191350315
qwen-3.5-flash,1,3c465a,mobile,30,0.2251966662520257,0.3194890906211392,1.9263960797947757,0.6148442311697623,0.6693283939678243,0.1310276653369813
qwen-3.5-flash,3,3c465a,mobile,50,-0.0279235426190047,0.1940742130774013,2.105838202357574,-0.0061338631844498,0.6556619807568007,0.0270244484333147
qwen-3.5-flash,1,3bdf30,mobile,50,0.4754547950883384,0.4356414320696982,2.011936546674638,1.2806573861547113,0.7565658741234971,0.4644523887313025
qwen-3.5-flash,3,3bdf30,mobile,30,0.4046338889488203,0.3025356125347317,5.117715849156433,1.3658312372047403,0.5140640270416602,0.3831702400559811
qwen-3.5-flash,1,3c29dc,poster,31,0.1320120403175037,0.2926355683803187,3.3091597897174183,0.2098271642195055,0.6096375559085428,0.0991215856979237
qwen-3.5-flash,2,3c29dc,poster,32,0.096382785262222,0.2799066313100976,3.3817278807140885,0.1331380679725367,0.6083458446990008,0.0653928910526578
qwen-3.5-flash,2,3bdf30,mobile,30,0.4053896154250949,0.3825659561718798,2.8613834565950147,1.3034481304342729,0.7862670307632775,0.4088833525543843
qwen-3.5-flash,3,3c29dc,poster,31,0.1125623941044847,0.2787109397855964,3.4122126409529354,0.1205626007080524,0.5837096417413474,0.080579111159495
qwen-3.5-flash,3,3c9088,desktop,49,0.2097035516877676,0.2440735751429199,2.987972353422497,0.6191298762907586,0.6438093611990017,0.2536132740701891
qwen-3.5-flash,1,3c9088,desktop,45,0.108185329854981,0.1977346978704652,2.9998874945854164,0.2956680585081396,0.6298276478366605,0.1417424601633055
qwen-3.5-flash,2,3c9088,desktop,53,0.2193468542799659,0.2429064641252599,2.852027859231102,0.6305783957863096,0.6482893347059877,0.2450517176562739
qwen-3.5-flash,2,3cc438,web,32,-0.0085096602033675,0.1382813999522108,3.535418854489466,-0.1904815298561152,0.4562022864740612,0.0471045206620365
qwen-3.5-flash,1,3cc438,web,31,-0.0201671343842572,0.1408653778881372,3.705853009620085,-0.2152117997344146,0.4727343064627579,-0.0057257997969249
qwen-3.5-flash,1,3c674f,mobile,32,-0.023788591583811,0.1685692494652692,5.9230795950134905,-0.0395799403101647,0.378329447806526,-0.0569657960180876
qwen-3.5-flash,3,3cc438,web,31,-0.0009940691805907,0.1673141459371845,3.509576680054716,-0.0907624666011849,0.5109981567597734,-0.0248303498279914
qwen-3.5-flash,2,3c674f,mobile,30,0.042526829705997,0.2158317543595874,4.974974940065421,0.190107817381353,0.5221173808889925,0.0002158998900161
qwen-3.5-flash,3,3c674f,mobile,51,-0.0164496976009509,0.2000304491001679,4.945967471886682,0.1220133378714234,0.4441249271411817,-0.0513212692959685
qwen-3.5-flash,1,3cf90e,web,46,-0.0538164508811052,0.152889494776254,2.7818129817268495,-0.1551960142872564,0.572981086288949,-0.0443316269896723
qwen-3.5-flash,2,3cf90e,web,46,-0.0442804406939134,0.1586175272022729,2.720083837116602,-0.1447762421602443,0.5821230586571526,-0.0417646398015464
qwen-3.5-flash,3,3cf90e,web,46,-0.0396311254031318,0.1615683988724373,2.696125435119201,-0.1327072031364937,0.5832686169035839,-0.0368713860928195
qwen-3.5-flash,1,3d5500,web,35,0.3385762703552513,0.2993067029516421,1.8441976808088545,0.9152118812861044,0.7490561841907465,0.2251077368300868
qwen-3.5-flash,2,3d5500,web,49,0.0192437031276756,0.1488470397582506,2.6783789101117006,0.0518248809762426,0.6466399176422002,0.0247292537760601
qwen-3.5-flash,3,3d5500,web,48,0.4058859425311242,0.3903727049930627,1.1417986792769104,1.269681821034782,0.8450267440068918,0.3336993528215863
qwen-3.5-flash,1,3d6147,desktop,56,0.430409660700556,0.3146557505241001,1.643157078959712,1.3250359384897528,0.7662702108652484,0.468090208739207
qwen-3.5-flash,2,3d6147,desktop,51,0.4487505576693672,0.295082462647529,1.646444920234012,1.3993091556340151,0.774947752354317,0.3733245139198936
qwen-3.5-flash,3,3d6147,desktop,52,0.3223956980347316,0.3303510533436464,3.205733842192884,0.9977839551160052,0.6786972328906182,0.3781559467166328
qwen-3.5-flash,1,3e3ebf,desktop,30,0.1279856218441352,0.1837935469243396,3.501704139886259,0.4547222178710901,0.5905941417992082,0.1476567425016994
qwen-3.5-flash,2,3e3ebf,desktop,51,0.1125603663034031,0.1697880076323025,3.584064354270778,0.4090890480762862,0.5829863000246954,0.1203130870217136
qwen-3.5-flash,1,3d29ac,mobile,30,0.1259594136714741,0.2749812950347847,4.399881066741933,0.3768696191111524,0.5127056880381673,0.0964736802460645
qwen-3.5-flash,3,3d29ac,mobile,30,0.0991593972272742,0.2587583147783577,4.536828137970076,0.2995797091367891,0.4931878426634112,0.0684114651728335
qwen-3.5-flash,2,3d29ac,mobile,41,0.1198041405752093,0.3320028624564398,3.0627041563662014,0.4421486616714979,0.5643690261425348,0.1150406372558738
qwen-3.5-flash,3,3e3ebf,desktop,31,0.10480804601295,0.172999033324904,2.998505014817422,0.3665153309698312,0.5875277218048317,0.1194383392042636
qwen-3.5-flash,1,3e8fe3,mobile,17,0.2498207900694347,0.245406751477299,4.506915380558535,1.2436862264668718,0.616443690933754,0.2107120613473944
qwen-3.5-flash,2,3e8fe3,mobile,16,0.2302791066928911,0.2405107069383625,4.549177163122223,1.1499390510180132,0.6223296118739964,0.2041592743599002
qwen-3.5-flash,3,3e8fe3,mobile,18,0.2617797121838192,0.2749518280016733,3.81276653543489,1.4165651662635834,0.6983277784426695,0.241364557869995
qwen-3.5-flash,1,3ea1d8,mobile,32,0.067779542843083,0.2142656655768738,4.032685753709977,-0.0778714375764543,0.5363264044650367,-0.0526711259719955
qwen-3.5-flash,3,3ea1d8,mobile,42,0.1817102705090525,0.23704524553774,4.886876811799757,0.259578622570677,0.5048882419601474,0.1277803950578509
qwen-3.5-flash,2,3ea1d8,mobile,30,0.1245563272285383,0.2509891140612364,3.69412832956209,0.1196666624824706,0.5652692748193464,0.0161670796623251
qwen-3.5-flash,1,3ea9d8,desktop,30,0.1691088871449328,0.2019090411858889,2.426879587685662,0.5371037912765149,0.6954729739489016,0.1588408747314142
qwen-3.5-flash,2,3ea9d8,desktop,52,0.20949956460658,0.2185579047872578,2.2154736882425956,0.6764714597337743,0.689553712803167,0.167047237747717
qwen-3.5-flash,3,3ea9d8,desktop,44,0.2406335471309288,0.2280453804812373,2.302053517501617,0.7628750612530089,0.7168580980786984,0.2268552470991551
qwen-3.5-flash,1,3ec21e,desktop,51,0.3779673094223631,0.3732025138927167,1.6952603956729344,1.0499098247971337,0.7846403123445368,0.4014846006676661
qwen-3.5-flash,2,3ec21e,desktop,50,0.4718561512213786,0.4249078073233777,1.4003586612590655,1.2684014060531137,0.7938222625547968,0.4705824666901701
qwen-3.5-flash,3,3ec21e,desktop,49,0.3653092229622022,0.3477044615048427,1.7487550023890843,1.0111482025236018,0.7597745654553324,0.3939627360357687
qwen-3.5-flash,2,3eb8f9,web,51,0.1029248333612123,0.2199952906332056,2.1569040259870835,0.3561466867644674,0.647359095578222,0.0046334206924059
qwen-3.5-flash,3,3eb8f9,web,50,0.0624192598955789,0.2039178926404937,2.283058423555908,0.2392594503307787,0.6418901462874713,-0.0476330269244158
qwen-3.5-flash,1,3eb8f9,web,51,0.0917889334972809,0.2157959950247561,2.192405267303102,0.3426955744053751,0.6420212404505534,0.0011298862613205
qwen-3.5-flash,1,3ec6d5,poster,30,0.3069800698986458,0.2752887183189309,1.6622027695825234,1.0367054646390177,0.7617589452990662,0.1503946254373491
qwen-3.5-flash,2,3ec6d5,poster,30,0.3640763175574784,0.264778383564218,1.6569283582326308,1.1846582874182758,0.7970289456093802,0.2909883344688354
qwen-3.5-flash,3,3ec6d5,poster,48,0.2946161100248485,0.270864708290584,1.6838998196594446,1.0116418184495874,0.7785833679010543,0.1456672585469965
qwen-3.5-flash,1,3f177a,desktop,54,0.2526975826269302,0.2521239907194655,2.212886427285163,0.725010087767311,0.6689047057207533,0.256132632060671
qwen-3.5-flash,2,3f177a,desktop,57,0.2085357527876987,0.2214472344425281,2.419461953604493,0.5699060566912445,0.6224747357274785,0.220431487668319
qwen-3.5-flash,3,3f177a,desktop,48,0.2981388681381235,0.2651828611504767,2.2006997547684493,0.8431866546111715,0.6694817924736137,0.2759670009219131
qwen-3.5-flash,1,3f1f0d,web,47,0.0522007616316649,0.2103663259471464,3.279305422962191,0.2871163968881721,0.6169168222264885,0.0110382128204347
qwen-3.5-flash,1,3dbc95,poster,48,-0.0310766757561452,0.1175594583340324,6.339140156934602,-0.1471557987150487,0.3532843487360955,-0.0129616628766205
qwen-3.5-flash,2,3f1f0d,web,49,0.1478929630248872,0.2514705617119854,1.907139741147823,0.5672961153863955,0.6901437257904386,0.1232234484902183
qwen-3.5-flash,2,3dbc95,poster,46,-0.0248522731453207,0.11942541080732,6.350217735098644,-0.1269063216581998,0.3699844332121773,-0.0115466687046159
qwen-3.5-flash,3,3f1f0d,web,50,-0.0227096709698532,0.1744706508439032,2.2886325917243155,0.0357851148370093,0.5905102364542697,-0.0849482293515954
qwen-3.5-flash,2,3efe00,mobile,33,0.0636036301502488,0.1830542797777304,4.689323555628708,0.2018693687631205,0.5334925358100252,0.0997572470221019
qwen-3.5-flash,1,3efe00,mobile,30,0.0428805157117092,0.1679424433245168,4.746916120336492,0.1291907786890861,0.5037164151377126,0.0713268335596004
qwen-3.5-flash,3,3efe00,mobile,33,0.0440697545227759,0.1677933619797473,4.652215205210952,0.1357779038045241,0.5564955707065621,0.090187593353176
qwen-3.5-flash,3,3dbc95,poster,42,-0.0351506383983307,0.1033326530039683,6.664373888114039,-0.271183980859034,0.26449578781768,-0.0081055072437284
qwen-3.5-flash,2,3f6cd4,desktop,50,0.2310953814852203,0.2014914223417217,5.207004185191272,0.8783602399789139,0.5598061789469302,0.2388248736220046
qwen-3.5-flash,1,3f6cd4,desktop,41,0.3604181744561766,0.2828409815966783,2.8075427839647675,1.4433019188945302,0.7163224743911697,0.3704198637065761
qwen-3.5-flash,3,3f6cd4,desktop,52,0.3447086359774043,0.2715681001280113,2.4117892558603757,1.334838980670054,0.7398991795121461,0.3579255511538412
qwen-3.5-flash,1,3f3349,web,57,0.0604389689166786,0.1950101508906297,4.544877571247459,0.0382689590990689,0.5262301312311334,0.0275861673319168
qwen-3.5-flash,1,3fdde1,web,30,0.1752980012545258,0.2309392222909955,2.611880448518547,0.4193296807380182,0.6410701840555835,0.2011549475470667
qwen-3.5-flash,1,4014f1,web,107,0.274267330532931,0.2980603727618628,4.317085910276957,0.7905593026257761,0.6173834981482422,0.1780863263151935
qwen-3.5-flash,2,3fdde1,web,30,0.1950230061776268,0.2389501131572401,2.390418438012413,0.4751874099494024,0.6634455521134619,0.2135427527190578
qwen-3.5-flash,3,3fdde1,web,32,0.2268412792618083,0.254392609633612,2.2420060701676725,0.5047558269500849,0.6682862748573567,0.2236748499959484
qwen-3.5-flash,2,3f3349,web,48,-0.0620340533355854,0.1505838739860705,4.820322536932864,-0.25333363549677,0.4340224108360034,0.0105327693182879
qwen-3.5-flash,3,3f3349,web,53,0.0716523830894359,0.2339308592007741,3.722691045793808,0.1877345563799279,0.5681728542135976,0.0457802527101367
qwen-3.5-flash,1,3f9682,mobile,30,0.111667977601841,0.2218257421585121,4.450493954091818,0.4159112240960301,0.6119648664889937,-0.0261121355578211
qwen-3.5-flash,2,4014f1,web,54,0.355590958657117,0.3531035109616814,1.246688644409157,0.913802288021582,0.7642316174077047,-0.0200177295817501
qwen-3.5-flash,3,3f9682,mobile,34,-0.0081138213744266,0.1442998386828881,6.122448167263997,-0.074037045405069,0.4439802758144381,-0.0356843342772603
qwen-3.5-flash,2,3f9682,mobile,64,-0.0445019895550449,0.1298745901135617,6.204261112700017,-0.1136496480251463,0.4083311988084017,-0.0442254183375954
qwen-3.5-flash,3,4014f1,web,37,0.0458187188389924,0.2394873476201261,2.3043538897811895,0.182790222457579,0.5652569323981003,0.051078995428886
qwen-3.5-flash,1,406fb2,web,51,0.3195080339689168,0.3268423678964156,2.005725022677168,1.127769666170625,0.7982835629579377,0.1334198947035224
qwen-3.5-flash,2,406fb2,web,55,0.399159921699211,0.3986352736469645,1.9196026321902295,1.420699348548866,0.7901636267155183,0.2296126348388153
qwen-3.5-flash,3,406fb2,web,51,0.3171955725675025,0.3254240870946631,1.688643282214702,1.2227345042086424,0.8271524541778249,0.199014828469819
qwen-3.5-flash,1,40e990,mobile,30,0.0927813172423571,0.2606070082751889,1.9265317747332829,0.3669608217325892,0.645546850231831,0.0282007372534885
qwen-3.5-flash,1,40ca07,web,79,0.2441021421985772,0.3089757317355774,1.870612882771887,0.7538280607637508,0.7238953437601647,0.2083140855348427
qwen-3.5-flash,2,40e990,mobile,41,0.0058689692323526,0.2234656962385248,2.5118540324061205,0.0946017427304799,0.594491082664362,-0.1889508693801543
qwen-3.5-flash,3,40e990,mobile,32,0.0986615156947956,0.2542096379090439,2.1827185721909244,0.3294671410942169,0.6056749590676962,0.0828982161833519
qwen-3.5-flash,3,40ca07,web,43,0.0958679694275762,0.2331725420170785,2.695026801156968,0.3487794598541483,0.6354701103784925,0.0354264663969397
qwen-3.5-flash,2,40ca07,web,40,-0.0771099191766465,0.1155572179507929,5.395264080989633,-0.2425562894988688,0.4057262560162001,-0.1901746945173861
qwen-3.5-flash,1,410cbd,poster,48,0.3736132282639642,0.3714968501422415,1.5733768416901266,1.229635906157817,0.8106965906817307,0.3674655824231427
qwen-3.5-flash,2,410cbd,poster,51,0.2897241321714683,0.3367176791882047,1.8556035975080245,0.9681334143711424,0.78628290289931,0.3256711090030207
qwen-3.5-flash,3,410cbd,poster,51,0.2862343366203392,0.3325561908278835,2.151926129912873,1.0165912891378632,0.765388199402498,0.2919004960086637
qwen-3.5-flash,1,40f316,desktop,46,0.0197291144116528,0.1108643674740099,5.9181510482091575,0.0456167772044464,0.4240479288086977,0.1256194237760019
qwen-3.5-flash,2,40f316,desktop,48,0.0364387920714923,0.1235914352608592,4.406242134082281,0.1471843303495731,0.5696167428852593,0.1396567135145552
qwen-3.5-flash,3,40f316,desktop,47,0.1134435369508206,0.1483423642607039,5.831953980775034,0.3805469200873188,0.4334058038699704,0.1861563645725523
qwen-3.5-flash,2,4093f0,poster,54,0.0912577805379651,0.1902312512219108,4.412116641111383,0.1600420952423357,0.7140592390398995,0.0696577368638251
qwen-3.5-flash,1,4093f0,poster,111,0.125091178151347,0.2127746463565988,4.259696313865947,0.2281509351243804,0.720682203510872,0.1037930485640816
qwen-3.5-flash,3,4093f0,poster,30,0.1721341168199367,0.2308284207616936,4.236606639717323,0.422076216314058,0.7307793892013598,0.149895946014978
qwen-3.5-flash,1,4238a0,desktop,30,0.5139858317350032,0.4126522703437069,4.2377910208766565,0.9678925117587814,0.5652814649622749,0.4754703456819672
qwen-3.5-flash,3,4238a0,desktop,46,0.4920732730796328,0.4012633813751254,3.357314233406999,0.9574672503735396,0.6107422308802312,0.4483754983753419
qwen-3.5-flash,2,4238a0,desktop,50,0.4382108026830439,0.3672136448127302,2.295556998687743,0.9146513707046154,0.6159701800809353,0.4113928305068369
qwen-3.5-flash,3,417f2b,mobile,33,0.2664233298678786,0.3861103485929119,2.732930597998262,0.6181201326330154,0.6454080663332163,0.2146756677236785
qwen-3.5-flash,1,417f2b,mobile,36,0.0886020970865289,0.3013387704184926,2.7060789620826777,0.1572605481457461,0.6041644835009219,0.0567147210150029
qwen-3.5-flash,2,417f2b,mobile,35,0.0980811224542927,0.3094898742795182,2.822172841209686,0.1973026439802135,0.5766803640714117,0.0429500565264392
qwen-3.5-flash,2,4193f2,mobile,51,0.2181405648826281,0.2279912299423891,4.709294894232496,0.3101363120084571,0.4666254261973788,0.2264926212243393
qwen-3.5-flash,1,4193f2,mobile,30,0.2177877840406515,0.2669954443433582,3.755747733136362,0.3393813665717654,0.5574738340810899,0.2257474770172092
qwen-3.5-flash,1,425384,desktop,30,-0.0465568906215389,0.1144799888269672,3.974195337328593,0.103098735528423,0.5912636020048049,0.0294312901992083
qwen-3.5-flash,3,4193f2,mobile,31,0.0490080323655828,0.2591630242701493,4.070542352715974,0.1632257529633229,0.5140269332374648,0.0554391073714724
qwen-3.5-flash,1,426a6a,web,62,0.0491604499491554,0.1740908238806769,2.5024107915496923,0.1512529604353726,0.5741680569646356,0.121105221979341
qwen-3.5-flash,1,423c3e,poster,30,-0.0391294240926361,0.098358836829866,6.619461019015888,-0.2142571338664614,0.5791342646374316,-0.0677926615831676
qwen-3.5-flash,2,425384,desktop,36,0.0936375275438572,0.1790394642027949,2.944905760218351,0.3000863502551361,0.6055848304417975,0.1514798734350065
qwen-3.5-flash,3,425384,desktop,32,0.2193802786330903,0.2627379292689968,2.697213002178384,0.78078177725511,0.7511625736832868,0.1483093348071951
qwen-3.5-flash,2,426a6a,web,40,-0.0066649636392201,0.1511403907681262,2.5678945601434076,0.0129476210086803,0.5615443517065222,0.0108913547590084
qwen-3.5-flash,3,426a6a,web,34,0.0725020326749382,0.178890671442736,2.275431406752209,0.1808555526721358,0.5781973344108259,0.016029564097797
qwen-3.5-flash,3,423c3e,poster,56,0.1460521383123185,0.2190441223280069,4.223642059844212,0.2767192890964602,0.6479343831589377,0.0706049716670539
qwen-3.5-flash,2,423c3e,poster,30,-0.0040724792813301,0.1279838570573506,6.285026135007238,-0.1966879010060185,0.4995664848604209,-0.0200696257719487
qwen-3.5-flash,1,42941c,web,49,-0.0101688469090667,0.1641608721158831,4.1010827409853405,-0.0532875035187398,0.4593163207368731,-0.0151275846961151
qwen-3.5-flash,2,42941c,web,50,-0.0128263459571121,0.1689162738655004,4.304930638037593,0.0369309915731116,0.4756134924731191,-0.0007331939496636
qwen-3.5-flash,3,42941c,web,44,0.006889478680336,0.166476427683093,4.1922553391606465,-0.001672733130246,0.4738161166342635,0.0142094307643851
qwen-3.5-flash,1,42826d,poster,34,0.2535731047320927,0.2927727340894839,4.5577534877449555,0.4591983124067176,0.6312598803790003,0.2397200046926406
qwen-3.5-flash,2,42826d,poster,30,0.1524560580570527,0.225114395925122,5.224847026144112,0.4531571291409522,0.585983251485148,0.1682793510152945
qwen-3.5-flash,3,42826d,poster,30,0.2700993513853036,0.2966945991975856,4.523089297191938,0.4247841535070261,0.6180917887867499,0.2555279380199359
qwen-3.5-flash,1,4288cb,mobile,49,-0.0400600901877504,0.1615932255161253,6.756986098895354,-0.0544338037829909,0.3235422914001761,0.0091359271745775
qwen-3.5-flash,3,4288cb,mobile,52,-0.0362427571342803,0.1493383647730311,7.257618836876391,0.1168919547472016,0.2868056924635653,-0.0294642452612412
qwen-3.5-flash,2,4288cb,mobile,46,-0.0488530967750639,0.1493365701756459,7.294995583822109,-0.0603793957569363,0.2655265380685946,-0.009990595927402
qwen-3.5-flash,2,42a9cb,poster,31,-0.0607245972421033,0.1505547196591,4.360241359043214,-0.1433196733700086,0.5532289439214083,0.0077797528532379
qwen-3.5-flash,1,42a9cb,poster,29,-0.0634465515790089,0.1472006052782578,4.376442421144222,-0.1586962551595468,0.5524542283829481,-0.011306211590557
qwen-3.5-flash,1,42b098,desktop,49,0.1066999264046944,0.1770826037989681,2.467051362889216,0.1737973511860881,0.5605318593415789,0.0871973279577798
qwen-3.5-flash,3,42a9cb,poster,30,-0.0526286291820011,0.1596311650816613,4.279343190264934,-0.1447179699923726,0.5499134391352535,-0.0265509243302986
qwen-3.5-flash,3,42b098,desktop,39,0.1221782780956024,0.1869410945247646,3.2720887796684175,0.3617702996497312,0.5777672117123553,0.1081438974256904
qwen-3.5-flash,2,42b098,desktop,50,0.2034532359633766,0.2082424532225155,2.0948631902087964,0.5814740116222671,0.6400948701605929,0.1851244091466933
qwen-3.5-flash,1,42c444,mobile,50,0.2732697314096308,0.3203965580674541,2.551336734425668,0.626622893035316,0.706255381178736,0.2137379929414544
qwen-3.5-flash,3,42962f,desktop,50,0.1473728441860533,0.2603817467934913,2.7781043383970276,0.381877040681079,0.6172816936500571,-0.042336644876321
qwen-3.5-flash,2,42c444,mobile,52,0.4906736073501819,0.4469142901675773,1.963083956008408,1.1427424377498303,0.811022082967951,0.3418824551382335
qwen-3.5-flash,1,42962f,desktop,50,0.1473728441860533,0.2603817467934913,2.7781043383970276,0.381877040681079,0.6172816936500571,-0.042336644876321
qwen-3.5-flash,3,42c444,mobile,102,0.4538983782345667,0.4330281701744754,1.5915265495314506,1.0466478008918805,0.8020400995850165,0.2869187375486714
qwen-3.5-flash,2,42962f,desktop,50,0.1506044292806354,0.2520836399944371,3.0348264108252705,0.4103476807724829,0.616528750136328,-0.0361945721447354
qwen-3.5-flash,1,42c4ea,web,33,0.2831241033919144,0.2682566918019565,3.7175117348550306,0.6676980601020344,0.5540672748100014,0.2777558267423039
qwen-3.5-flash,2,42c4ea,web,41,0.2750534302447859,0.2600512479146919,3.750765973568224,0.6531288821795356,0.5515659186311515,0.2815729631684298
qwen-3.5-flash,3,42c4ea,web,38,0.2660146700129258,0.2611425607053256,3.725118245923089,0.631371167600347,0.5539362905351152,0.2684142453556088
qwen-3.5-flash,1,432066,desktop,32,-0.014451867439471,0.1504368751358686,3.879589989922141,-0.0575150806424003,0.5417827609158854,0.0029759132099784
qwen-3.5-flash,3,432066,desktop,48,-0.0534033217829153,0.113196447439894,5.1209234205498415,-0.1518121067929439,0.5280114215392921,-0.0017305322590388
qwen-3.5-flash,2,432066,desktop,34,0.0795101524269694,0.2206364330910113,2.7941557824027594,0.2446068736876972,0.6520560560398512,0.0707614183622615
qwen-3.5-flash,1,4376ed,web,39,0.2225118985565267,0.3169716438977007,1.8608960210254877,0.5781107366641367,0.6514773755075287,0.2071382104126189
qwen-3.5-flash,2,4376ed,web,41,0.1753122533793458,0.2999206203966202,2.3044462420148584,0.4347740071278411,0.60851330463329,0.1808721986091137
qwen-3.5-flash,3,4376ed,web,34,0.1216852707340934,0.2797794320251268,2.6412119393943687,0.3161802068125896,0.598630175748336,0.084847507672431
qwen-3.5-flash,1,439c14,web,30,0.0997944446074592,0.1803239803318936,2.5705083173123144,0.3861180682569241,0.6740621261975324,0.0168237813221764
qwen-3.5-flash,3,439c14,web,33,0.1150036307888064,0.1923530190067605,2.348445986052315,0.4666149187243237,0.7082661057793438,0.1017312868833708
qwen-3.5-flash,2,439c14,web,31,0.092706025452112,0.1803181175751315,2.5487480080282583,0.3579687256720511,0.667395411849779,0.011582697590584
qwen-3.5-flash,1,441395,web,63,-0.0557039871759674,0.176444699023224,3.0430330295081434,-0.1475180890837482,0.5079909283831587,0.0125907675447335
qwen-3.5-flash,1,43a952,poster,50,0.0853114698366524,0.1801438715281264,2.5791241420188715,0.2233676097689859,0.6237289310058672,0.0426123897124144
qwen-3.5-flash,2,441395,web,55,0.2331341173850545,0.3395536565115132,1.337033471590321,0.5606792396138099,0.7107937251602044,-0.1371557461176875
qwen-3.5-flash,3,43a952,poster,54,0.2068828322307134,0.245683470761326,2.9828121609102114,0.6050637151800243,0.6210832114615658,0.1272219419833173
qwen-3.5-flash,2,43a952,poster,54,0.2068828322307134,0.245683470761326,2.9828121609102114,0.6050637151800243,0.6210832114615658,0.1272219419833173
qwen-3.5-flash,3,441395,web,53,-0.0119128297017069,0.2067030576951329,2.3114072659043297,-0.1138573284844421,0.552983238218288,-0.0482048988176899
qwen-3.5-flash,1,446969,web,42,0.1714843251178475,0.2575176553130818,1.7647678875882336,0.3061601206345185,0.6177309703628477,0.1202477193836927
qwen-3.5-flash,3,446969,web,41,0.1735948741280067,0.2544825348802237,1.840928438874984,0.3764658107950329,0.6205495140761228,0.1264719186190982
qwen-3.5-flash,2,449b4f,mobile,31,0.1401680736950072,0.3166329633784425,1.543614709563568,0.4157451324436968,0.6210137889345321,-0.0199634960612605
qwen-3.5-flash,2,446969,web,52,0.1621883798389966,0.2632701745364996,1.7383954371425991,0.2844722359106745,0.6528603538394719,0.0897173237646336
qwen-3.5-flash,1,449b4f,mobile,19,0.3801145017693124,0.3930381228602478,1.1706634787966097,0.9422734938076044,0.75718283108957,0.2863407593929946
qwen-3.5-flash,3,449b4f,mobile,19,0.3904853684950015,0.3959962898601429,1.166017984878588,0.981614234457114,0.7601179916714903,0.2883114721925163
qwen-3.5-flash,1,44c36b,desktop,50,0.155287065125896,0.2159467991737205,2.817499610166557,0.6932472006730876,0.6736920548853236,0.020358503404253
qwen-3.5-flash,2,44c36b,desktop,68,0.1197573552253125,0.2356542432328636,2.274526562985329,0.5132913239437203,0.6809604996761481,0.0836692692688573
qwen-3.5-flash,3,44c36b,desktop,49,0.1196135925567553,0.2177266461663573,2.110283360754297,0.4511909782715971,0.6899536364631408,0.0684000253259745
qwen-3.5-flash,1,4458ae,mobile,33,0.0491048918029888,0.2227289593494371,3.7052750082220514,-0.0269058831398891,0.6731466801032997,0.0140353686678987
qwen-3.5-flash,3,4458ae,mobile,19,0.153661394448061,0.2751405463446902,3.474870611557828,0.3174439258873188,0.7115268845342955,0.1052648280248035
qwen-3.5-flash,2,4458ae,mobile,30,0.158117593731225,0.2976699124821679,2.7823243211437645,0.2930008090585137,0.6943581324488985,0.108701854897985
qwen-3.5-flash,2,450720,web,31,-0.1326618639857641,0.2287501671025183,2.4596101318319885,-0.2991651866519401,0.424088286346804,-0.1341849753968994
qwen-3.5-flash,1,450720,web,30,-0.0849748429742192,0.2470496764342278,2.3700568697762945,-0.2306762920155744,0.4333534553094266,-0.1049293861603113
qwen-3.5-flash,3,450720,web,30,-0.132260170038157,0.2242667899947468,2.488024716996692,-0.2695880101092362,0.429758807959996,-0.1359382942394927
qwen-3.5-flash,2,454f59,web,39,0.1183111455059925,0.2211910429065395,4.3280228327560675,0.4186068879444414,0.6294322683023066,0.0734824046392519
qwen-3.5-flash,1,454f59,web,45,0.1077873373928588,0.247787077393649,2.938828312851427,0.1504018194123985,0.6363517704743902,0.0605188303122641
qwen-3.5-flash,1,452a6c,web,30,0.2388802866061992,0.2207799491169197,2.2356234612704147,0.7081813778441154,0.7216691780415491,0.1321304705508553
qwen-3.5-flash,2,44efc4,mobile,30,0.1303564877693706,0.2248060393615094,3.357908258075484,0.5712912687021285,0.643104020091609,0.0721244332270607
qwen-3.5-flash,3,454f59,web,47,0.0234504966178493,0.1825961458950775,4.664497305606235,0.1815981342452081,0.6043906530553501,0.0363384873676584
qwen-3.5-flash,3,452a6c,web,40,0.2949458107642273,0.1996875949642427,2.1831369274698273,0.7717148404348428,0.654631798512826,0.2276418297758594
qwen-3.5-flash,1,44efc4,mobile,34,0.0880439997958072,0.2054314211393716,3.805925682389829,0.6621264381947132,0.6386475739560551,0.0447479237773079
qwen-3.5-flash,2,452a6c,web,33,0.3756878771124393,0.2468638881327118,2.112706792992613,1.1636576366607423,0.7564929567420419,0.2411076818333856
qwen-3.5-flash,3,44efc4,mobile,30,0.1139640829554494,0.2164584037092702,3.767424818113601,0.6407007125333236,0.6685690784759849,0.0731709275481312
qwen-3.5-flash,1,4571a8,web,35,-0.0159576933842982,0.1789699842266791,3.926413717100881,0.0172414057807837,0.566366185952134,-0.0141553490699396
qwen-3.5-flash,2,4571a8,web,42,-0.0440561634237608,0.1660640158500084,4.070895087753345,-0.0538473279247291,0.5393538614784151,-0.0091952620398619
qwen-3.5-flash,2,457230,web,34,0.2399451645311758,0.2957442771293817,1.96729333189136,0.7956079749960956,0.7679216444867465,0.1074206191435427
qwen-3.5-flash,1,457230,web,42,0.2268118253395351,0.3056351776523561,1.8126402456326145,0.7675348347610366,0.7606911388676232,0.0736290972571606
qwen-3.5-flash,3,457230,web,32,0.255822399894899,0.3033722273519658,1.927378047785763,0.8403514972593601,0.7701297056546202,0.1253059773182215
qwen-3.5-flash,3,4571a8,web,41,-0.0411680581928707,0.1661934573494352,4.0143201813401745,-0.0685345062149542,0.5413610729315477,-0.0184184257172127
qwen-3.5-flash,1,458458,web,49,-0.069192798089039,0.1008131073607579,4.508237490598686,-0.2564010099489399,0.4844825181684059,-0.0196922893406403
qwen-3.5-flash,2,458458,web,51,-0.0568079044509597,0.1008855045242276,4.493865116738802,-0.2088171553307622,0.5106003397705637,0.0035659457633598
qwen-3.5-flash,3,458458,web,42,-0.0058600363407417,0.1393799166554301,3.9377772208166464,0.0291666454932086,0.5563695285843366,-0.124147208494425
qwen-3.5-flash,2,4587b5,desktop,58,0.179201421720663,0.3129168913015414,2.338852361215409,0.4711064138148583,0.7211103668071519,0.1150496361074323
qwen-3.5-flash,1,4587b5,desktop,29,0.1977329560833708,0.2890426317185365,2.7541377970347307,0.5275094174176637,0.760050025757808,0.0763605164387858
qwen-3.5-flash,3,4587b5,desktop,30,0.3337474087371962,0.3665687942626058,2.242438271164194,0.8826052137357936,0.7294031493193949,0.2961820896847169
qwen-3.5-flash,1,457f63,poster,30,0.0304576629811401,0.087232586977486,8.312501631005778,-0.0187377226882919,0.2558958926888796,0.0437007661058434
qwen-3.5-flash,2,457f63,poster,30,0.0186960522150747,0.0829119343671908,8.346535917211655,-0.0428523414453869,0.2552250772552616,0.034051167328309
qwen-3.5-flash,3,457f63,poster,33,0.023329416808655,0.084422942704385,8.334436076028402,-0.0361320933287361,0.2551100106292505,0.039596631565308
qwen-3.5-flash,1,460bf9,desktop,60,0.3387504577599582,0.3502470459153636,1.947088872787344,1.068571547911451,0.8048520064046198,0.0845756002391739
qwen-3.5-flash,3,460bf9,desktop,40,0.2685740202506124,0.2965498894670825,2.3152612622804107,1.0170764671237749,0.7656550302073937,0.2406626912536922
qwen-3.5-flash,2,460bf9,desktop,40,0.2593369688368121,0.2983124889171142,2.355650759474332,0.9968309098938568,0.7602020931902786,0.2564435208125259
qwen-3.5-flash,1,468f66,poster,41,0.0009359878336551,0.2701060818301268,4.140623447163851,0.1519155284688987,0.4786525983346223,-0.1080183978623961
qwen-3.5-flash,1,45d01a,poster,55,-0.0378675475689714,0.0970453912771258,5.6657954896164915,-0.1422097693162093,0.451596133519082,0.0907613621044948
qwen-3.5-flash,2,468f66,poster,41,0.0038749314571306,0.2724721087314605,4.030155181211836,0.1524022550721316,0.4806481503228729,-0.1008177759873097
qwen-3.5-flash,3,468f66,poster,43,0.0051962195110682,0.2616555432931932,4.0498983905031745,0.2134940314442512,0.4687907585016229,-0.1018839423485325
qwen-3.5-flash,2,45d01a,poster,62,0.1206833997944503,0.1639951500469213,3.9874892312435297,0.4266022539136933,0.5865604894278367,0.1652871190018277
qwen-3.5-flash,3,45d01a,poster,35,-0.0668374400778634,0.0607084325743146,8.666957919205553,-0.2862758595164295,0.2121619270853316,0.0248360569657809
qwen-3.5-flash,1,46ced7,web,31,-0.0005159058743264,0.2035405715883979,2.521307979871725,-0.0204657176433505,0.5952966687436255,-0.0611496966664615
qwen-3.5-flash,2,46ced7,web,32,-0.0049758078851374,0.1971659046355127,2.55716196670467,-0.0286894189207302,0.5812810954324539,-0.0750508984041227
qwen-3.5-flash,3,469579,mobile,53,0.2740479395057831,0.274729406863915,3.1456045260967236,0.6657683415290282,0.6557123743643798,0.0669010571383951
qwen-3.5-flash,2,469579,mobile,30,0.0688859125742337,0.1464069898545517,4.7099021504705645,0.2016105467506738,0.5550509285515811,-0.0236293291534218
qwen-3.5-flash,1,469579,mobile,47,-0.0384053257102105,0.1145436248623369,7.796726753919818,0.1589658083331825,0.2672576761779578,-0.1939090900709688
qwen-3.5-flash,3,46ced7,web,30,0.1309147846924385,0.2477209035485706,2.4826181076667733,0.3440102627576923,0.6131150451228582,0.0870045613983693
qwen-3.5-flash,1,46e6ec,desktop,49,0.1123373915402042,0.2544499182114886,2.6080448327663337,0.4056852667956847,0.613519303185837,0.0700334118667379
qwen-3.5-flash,2,46e6ec,desktop,30,0.2027022083907871,0.2565767115213374,4.346028211332082,0.3797930246088244,0.6373336835913673,0.1515869460447464
qwen-3.5-flash,1,46bc27,mobile,30,0.1039464832837953,0.1880967045466101,4.554710208144389,0.4261256422601354,0.556225627748714,-0.0426412503776381
qwen-3.5-flash,3,46e6ec,desktop,52,0.1426732080016087,0.267899933932536,2.91955347688137,0.4712636338652802,0.5894559229851146,0.0825573771502384
qwen-3.5-flash,3,46bc27,mobile,30,0.1785485032814709,0.2610189241488978,3.2892933268304603,0.5479143938282546,0.6402447881870666,0.1113222509461073
qwen-3.5-flash,2,46bc27,mobile,31,0.0709326011218453,0.1726601059095883,4.653764019440418,0.3151495045740312,0.5639228606674438,-0.0518847278515486
qwen-3.5-flash,1,46e99f,poster,53,0.0814077300904574,0.2595913126118997,2.1288976404467803,0.1438268531917084,0.6111626467988666,0.0537964865030927
qwen-3.5-flash,3,46e99f,poster,30,0.1777047497416095,0.2718394635651848,2.669496954329603,0.3508628041144774,0.6898766102249199,0.0661168045479096
qwen-3.5-flash,2,46e99f,poster,53,0.298526736159596,0.3420576356503503,1.5653560083964722,0.6128864944223109,0.6815048141242438,0.1843386156472705
qwen-3.5-flash,1,47033b,web,68,0.0099478438112428,0.1880776097130479,2.8810221245912357,-0.055514830492339,0.6118217783456512,-0.0245527524084345
qwen-3.5-flash,2,47033b,web,83,-0.0600361072277818,0.1454860727767222,5.281030285911482,-0.1881780184520517,0.4121312052198965,-0.1701794469220987
qwen-3.5-flash,1,46e638,mobile,51,0.0344613105889749,0.1451939966717556,6.1595590265724915,0.0621946885189998,0.3699352740281637,0.0554704801363453
qwen-3.5-flash,3,47033b,web,61,-0.0682438740865296,0.1323772044542948,5.244774173692135,-0.2440336972383509,0.4255798870716723,-0.0916806615355856
qwen-3.5-flash,2,46e638,mobile,51,0.0788899861922556,0.2184855153553156,3.489210783284536,0.0711782663861788,0.5760243439723118,0.1061028588910504
qwen-3.5-flash,3,46e638,mobile,31,-0.062579935046563,0.1397771218441658,5.976081759967384,-0.0938342517919761,0.3824903098106331,0.0373203385499958
qwen-3.5-flash,1,47293c,web,38,0.286410048920805,0.2560449124322089,1.857250578789056,0.9576678942374808,0.7525122373927842,0.1982757932831887
qwen-3.5-flash,2,47293c,web,33,0.1121889670808091,0.1738388738976578,2.6192264837464405,0.2140282053882062,0.6025421302077965,0.0392972389629255
qwen-3.5-flash,3,47293c,web,33,0.3096290102966755,0.2555033130328907,1.8533514864772649,1.1564121546724042,0.7710310140730522,0.2197466303675709
qwen-3.5-flash,1,479d3c,web,51,-0.0502109365452293,0.1403418500114653,3.8260398153951143,-0.2174317134713155,0.4822272726809081,-0.1493856981941604
qwen-3.5-flash,2,479d3c,web,51,0.1416539077615324,0.2431689598526519,2.0616939125142766,0.5376747383686337,0.6988762040174951,0.1287838071185301
qwen-3.5-flash,3,479d3c,web,49,0.0014879442340973,0.160288924696888,3.532350662858539,-0.0229526564729908,0.5345734537825547,-0.0874337944049991
qwen-3.5-flash,2,483fb9,web,49,0.1323848149291508,0.1665216510333589,3.4071671398457646,0.315680032157315,0.6232477791682796,0.0448161770282281
qwen-3.5-flash,1,483fb9,web,110,0.0554632225332994,0.1137249516287572,3.985975319699985,0.092781056989471,0.4752830579435543,0.0220000528698869
qwen-3.5-flash,1,472a87,mobile,30,0.1943286767311561,0.2345862502479494,2.5056751251582425,1.2874616698494088,0.7936386735023897,0.155662144848423
qwen-3.5-flash,2,472a87,mobile,30,0.2182064418136375,0.1993744226433401,3.470157001396979,1.4162128799854157,0.7160109862481562,0.2070976196572258
qwen-3.5-flash,3,472a87,mobile,30,0.1151424674879409,0.1537165877770957,3.7291817329831902,0.8752397999106899,0.6930036973147841,0.1259754493874691
qwen-3.5-flash,3,483fb9,web,51,0.1509019533669393,0.1643530719991998,3.498633450934194,0.4282426056553086,0.6097831425798694,0.013656008966679
qwen-3.5-flash,3,479245,mobile,13,0.1594313100382071,0.2459949744914059,4.5666655490226695,0.5719897833532822,0.6152263773423593,0.0807135624759147
qwen-3.5-flash,1,479245,mobile,13,0.1674464024784646,0.2498630794495846,4.5195181870272485,0.5955680105191954,0.6182194288764895,0.0839813701449077
qwen-3.5-flash,2,479245,mobile,43,0.1496566617382797,0.3263127322273794,2.6793945977464957,0.4491616453187883,0.6581345782604431,0.0768278728000521
qwen-3.5-flash,1,4863ea,web,48,0.146486825826922,0.181968606278418,2.091979858280045,0.4372667258451252,0.6585620814367497,0.0765417114343272
qwen-3.5-flash,2,4867f6,mobile,25,0.1824044152858977,0.3471184376901135,1.5974594118198726,0.3770336464706652,0.6325674504780131,0.1560251624685916
qwen-3.5-flash,1,4867f6,mobile,29,0.1222580987362212,0.3190036465393827,1.7016032231121834,0.2572249365410216,0.5918258722070343,0.1302758764417719
qwen-3.5-flash,3,4867f6,mobile,26,0.1503482127277627,0.3334049242475482,1.6346284696690652,0.3229841823173262,0.630360838645485,0.1482921573081615
qwen-3.5-flash,2,4863ea,web,46,0.1654621395613458,0.1885555794031879,2.1107714833986115,0.5638898008784383,0.6805383860346554,0.1196886424361085
qwen-3.5-flash,3,4863ea,web,46,0.1681756026236556,0.1940981188510832,2.03885671161419,0.4796974393565835,0.660078477552292,0.0876394305712324
qwen-3.5-flash,1,486fbb,web,38,0.1138337145612307,0.2655161951382952,2.365746616869451,0.5662730109281501,0.6370156119780516,0.0945765084500666
qwen-3.5-flash,2,486fbb,web,37,0.1231815226939392,0.2678558628946282,2.3048562010904834,0.5544411197756948,0.6230140677572475,0.0881749080160728
qwen-3.5-flash,3,486fbb,web,30,0.1432361354576187,0.2788639379676653,2.3552146261639,0.6134015158544625,0.6589426195270646,0.0902301581722335
qwen-3.5-flash,2,48806f,web,28,0.1214185943024888,0.2057307569147098,2.9907839502058495,0.3268290336334474,0.5910844176640879,0.1083425197352773
qwen-3.5-flash,3,48806f,web,28,0.1500671346557872,0.2153670472241843,2.952671054079277,0.396304803329756,0.5956851045085533,0.1430644132870615
qwen-3.5-flash,1,48806f,web,28,0.1421069182647903,0.2131624336236499,2.9767869677345544,0.3869323146390749,0.5910033546125966,0.1358357141268857
qwen-3.5-flash,1,48a58b,poster,50,0.0789822618751178,0.2730396268905968,2.060613638756819,0.3228071508688946,0.6335733079358892,0.0765411585416614
qwen-3.5-flash,2,48a58b,poster,50,0.0806230547848922,0.2268186196326189,2.8043502574686325,0.2768540838754033,0.6277543848464155,0.1320892562522676
qwen-3.5-flash,3,48a58b,poster,33,-0.024068634214258,0.1488653248109152,7.789758125018115,0.0382324761101262,0.3059562864313456,-0.055353404214787
qwen-3.5-flash,1,48a5a0,desktop,190,-0.1415549076338186,0.1162749873464115,2.81581201022244,-0.4284214700261765,0.4387918536490138,-0.1606320232522035
qwen-3.5-flash,2,48a5a0,desktop,62,0.3987052181889262,0.2412662912597057,2.465100014798828,1.3729856604679276,0.7736410433865681,0.3390229145352953
qwen-3.5-flash,3,48a5a0,desktop,57,0.4488807710006437,0.3237051367572658,2.026824736352439,1.7978261664847237,0.8205399752456781,0.3403172678441512
qwen-3.5-flash,1,489252,mobile,32,0.0183614680262226,0.2378930485611524,4.203153609295576,0.0072665439928951,0.4863039292434874,-0.073038759430268
qwen-3.5-flash,1,48a71e,desktop,30,0.2059825929962032,0.1738203785492756,2.324794049593401,0.883224027363236,0.7659959929518046,0.1401822937638639
qwen-3.5-flash,2,48a71e,desktop,53,0.2969312150146417,0.1869791574912021,2.1970240709077755,1.1601406358437405,0.7877218492182275,0.269336226316794
qwen-3.5-flash,3,48a71e,desktop,30,0.1811833695940182,0.1544375675871954,2.436109825116203,0.6954694948226886,0.7206345385725511,0.145787084374359
qwen-3.5-flash,2,489252,mobile,45,0.0648813777466108,0.2465805949346179,3.9187848151309574,0.3255026859384219,0.4967787629655052,-0.0107097345668503
qwen-3.5-flash,3,489252,mobile,29,0.0872100166958139,0.2589719981399507,3.8179061737826663,0.2821563951370562,0.4885667756604027,0.0258539359062491
qwen-3.5-flash,1,49046b,desktop,46,0.7581659881158987,0.559118983365209,1.643175599037176,2.8456392558270496,0.828653261784118,0.7284460518842009
qwen-3.5-flash,2,49046b,desktop,53,0.1330107294673806,0.1674290636144649,3.243215893723077,0.4462378029881816,0.6983964931439125,0.1849964134310965
qwen-3.5-flash,3,49046b,desktop,30,0.8646618905369143,0.6305804870393906,2.7419681541235894,3.374945233928328,0.7346159011216542,0.8482109349824543
qwen-3.5-flash,1,493d3c,poster,49,0.0284764788150514,0.1806603713633631,4.263911505068358,0.0933001594370555,0.5265298409612356,0.0346629412572759
qwen-3.5-flash,2,493d3c,poster,53,-0.0951744772859121,0.1060410272913424,7.043606990923527,-0.260015624161085,0.3392702126217872,-0.0059338900244741
qwen-3.5-flash,3,493d3c,poster,54,0.0310696617811811,0.1739751726292445,3.59095648023614,0.1935837258112613,0.5566172066371897,0.0995848122949199
qwen-3.5-flash,3,4954fe,poster,33,0.1118940548127532,0.190940739145233,5.958418889375697,0.3528564000517414,0.4664863648866751,-0.0443865657398495
qwen-3.5-flash,2,4954fe,poster,53,0.0757283639854999,0.1862222584661883,4.580789328254255,0.1835319288473453,0.536694604177441,-0.089170139279592
qwen-3.5-flash,1,4954fe,poster,52,-0.0189412913842827,0.1396413483333303,4.977184203024273,0.0793837489267665,0.5218056164473592,0.0182172860153254
qwen-3.5-flash,2,48582c,poster,52,0.0024167631713297,0.0894747740494363,7.065114190326257,-0.1048561841613038,0.2636488580890491,-0.0487083684397467
qwen-3.5-flash,3,48582c,poster,56,-0.0495497440461666,0.0796243721072002,7.076641850549159,-0.2034503487777824,0.2845091746922401,-0.0083095982191589
qwen-3.5-flash,1,48582c,poster,30,-0.0040061384793888,0.0765796645987351,7.478689899929188,-0.0209986967903061,0.2252321514456086,0.0012224401848938
qwen-3.5-flash,3,49e0ba,desktop,38,0.2149101143991122,0.2661755602099177,1.8691221426695408,0.5939533454421689,0.7323393454126486,0.1753972374293933
qwen-3.5-flash,1,49e0ba,desktop,55,0.2630289333877453,0.2698286087364147,2.576634461910795,0.7123369860264679,0.6918711842474551,0.2383056908306735
qwen-3.5-flash,2,49e0ba,desktop,58,0.2549912913007732,0.3044877762404575,2.7522192533001544,0.7311371087698065,0.7232989086381856,0.2070909995122716
qwen-3.5-flash,1,49e72e,desktop,30,0.2041911400790535,0.2703944048402845,2.8413395685295604,0.7619905073639242,0.6894158657870338,0.1266166365663072
qwen-3.5-flash,2,49e72e,desktop,46,0.2532514469495188,0.2951020471682057,2.46240625790399,0.8913666445421792,0.7095177437794615,0.1820949942644218
qwen-3.5-flash,3,49e72e,desktop,52,0.3406076941802574,0.3333928415575019,2.572268605356327,1.128361831424691,0.7065584768886056,0.2348267297775951
qwen-3.5-flash,1,49fc6a,desktop,39,0.2195145419934156,0.2984271740285465,2.1561453642341317,0.3434883018787046,0.6423179828396592,0.1329479756332415
qwen-3.5-flash,2,49b3fd,mobile,33,-0.0002991289137253,0.2042863063604129,4.710418535160537,0.1342821647067245,0.5115951381529391,0.0334804344162638
qwen-3.5-flash,1,49b3fd,mobile,43,0.0601814264399939,0.2750856448112084,2.3482563372926237,0.0292363848578715,0.6266286235502591,0.0885479176773119
qwen-3.5-flash,3,49b3fd,mobile,48,-0.0057855218866062,0.2061795033124955,5.246191261816182,-0.0723248637251994,0.4029788385748958,0.0264149775050937
qwen-3.5-flash,3,49fc6a,desktop,50,0.2731099571513996,0.3131400822275617,2.351565283384729,0.4497300937429932,0.6694223268626023,0.1520976307731536
qwen-3.5-flash,2,49fc6a,desktop,34,0.1728473662839646,0.2629772142769849,2.2738987308433583,0.1983648168607275,0.5791329641234083,0.0863473888667101
qwen-3.5-flash,1,49e81b,mobile,42,-0.043252423112556,0.1230419721008874,4.926615915844406,-0.0570577049625235,0.5720588417706955,-0.1417531521189939
qwen-3.5-flash,2,49e81b,mobile,50,0.458530091884019,0.4755594105506516,1.608605875209219,0.9961362190785948,0.6835333615699279,0.317170109711575
qwen-3.5-flash,3,49e81b,mobile,51,0.0398436606313884,0.2178508081778151,3.3451238380263626,0.1793116174562679,0.6412632225393033,0.026650216778669
qwen-3.5-flash,1,4a3f51,mobile,12,0.1325640849567377,0.2359067567208268,4.6312537281941095,0.0151688815881722,0.6158643669433274,0.06265531679441
qwen-3.5-flash,2,4a2527,poster,52,-0.0440156747462868,0.1124388816846948,7.532013945711623,-0.1811538148633722,0.3798423782844535,0.0806374976711528
qwen-3.5-flash,1,4a2527,poster,49,0.0137403457118721,0.1137694386259503,7.645488430907232,0.0039948999555022,0.4021406351665821,0.0149043573721846
qwen-3.5-flash,3,4a2527,poster,43,-0.0256755113216449,0.1502436488060331,6.3193795351645505,-0.1947600049644703,0.4322895752723983,0.036708817004697
qwen-3.5-flash,1,4a97e1,poster,51,0.0122132599083578,0.2234279293936637,2.4908525535013526,0.0654900077577355,0.5984877775229763,0.1113507657944168
qwen-3.5-flash,2,4a3f51,mobile,34,0.2228056886096756,0.3322545746704013,2.4675988189591247,0.2346163680930927,0.7113994104139278,0.1514320204853989
qwen-3.5-flash,3,4a3f51,mobile,31,0.0970517733954421,0.2629079128002535,2.9419594340743243,0.0248193910110006,0.6688030571724415,0.0437082798632204
qwen-3.5-flash,2,4a97e1,poster,50,0.124688987652704,0.2684049603862508,1.945518356060975,0.3245415929982682,0.6335000185223877,0.0710589356601677
qwen-3.5-flash,3,4a97e1,poster,51,-0.0082882874416875,0.2082945640518926,2.521402237293908,0.0493588594959866,0.5504240372515307,0.0209593464233596
qwen-3.5-flash,1,4adea3,mobile,34,0.1875958328999308,0.4029992899785191,1.372712969350771,0.254371442428811,0.6328567937940125,0.1323141003722799
qwen-3.5-flash,2,4adea3,mobile,16,0.248854077730007,0.3882436083519356,1.6944856950202165,0.3684505290406658,0.651876071347715,0.1179287094772677
qwen-3.5-flash,3,4adea3,mobile,29,0.2846883390222945,0.4063209978645987,1.2413768741979818,0.4271116990360189,0.6393672175684854,0.1599107125904722
qwen-3.5-flash,1,4a784d,poster,34,0.1534146677900324,0.2928605017302481,3.3959559869295375,0.5193165910446964,0.631489777038144,0.1303476781649847
qwen-3.5-flash,2,4a784d,poster,29,0.2239221752083655,0.3178512323991024,3.2223347984105324,0.8121044425073052,0.6668621881177786,0.1997474054959171
qwen-3.5-flash,3,4a784d,poster,30,0.1551913032518138,0.3030505140601437,3.261997712253332,0.6253188032528446,0.6600954369277418,0.1304709597360691
qwen-3.5-flash,1,4ab184,poster,51,-0.076023744474941,0.1080323963593941,6.881916191245863,0.1317015319297324,0.3743587433796529,-0.0595225623354887
qwen-3.5-flash,1,4af601,desktop,48,0.2810160110935587,0.2816292473148072,2.0182431799898346,0.7123285511797063,0.69341668426112,0.2488900437507577
qwen-3.5-flash,3,4ab184,poster,50,-0.0327340954694701,0.1618661596298219,5.65829924657418,0.3720340828386923,0.4949655058988828,-0.0729058863261094
qwen-3.5-flash,2,4ab184,poster,50,-0.0568796668698026,0.2076167539137325,4.932630758986485,0.1694688919581756,0.4659889044483019,-0.0477654941446698
qwen-3.5-flash,3,4af601,desktop,92,0.1518910565730541,0.2457096011085366,2.0389703812202,0.4099202073328616,0.6290758584571273,0.1892738254977977
qwen-3.5-flash,2,4af601,desktop,44,0.2564607150626807,0.2529724248696303,2.842712394689949,0.6039426186643662,0.6341878484381144,0.2457363849571535
qwen-3.5-flash,2,4afbad,web,37,0.1101646471206188,0.2117250388171899,2.787234027037282,0.2907960507778717,0.675285253650725,0.004327416829149
qwen-3.5-flash,1,4afbad,web,37,0.0992279685376604,0.2122014208487732,2.858461370466851,0.2654679372158098,0.6710154286219441,-0.0392640368455284
qwen-3.5-flash,3,4b2bd1,desktop,39,-0.0180852543192193,0.1660510489861437,3.6576692561627606,-0.1214760211112656,0.4790016758380604,-0.0060468208090378
qwen-3.5-flash,3,4afbad,web,35,0.1404315908106686,0.2193035086448036,2.7315790452427753,0.3841374947646843,0.6794496782030128,0.0146152957780651
qwen-3.5-flash,2,4b2bd1,desktop,36,-0.0124382914459998,0.1620010071279859,3.7098120918202473,-0.1347460856720375,0.4523350464213878,-0.0763245578422199
qwen-3.5-flash,1,4ae90b,mobile,35,-0.0571418098692781,0.1308785439979295,6.475316088570435,-0.1346531825816536,0.3303158351435461,-0.1415379476155078
qwen-3.5-flash,1,4b2bd1,desktop,32,0.0257270322499504,0.1866660644990649,3.57641790294626,-0.0186784453176129,0.4849548475963509,-0.0407309462675292
qwen-3.5-flash,2,4ae90b,mobile,30,-0.078446124888175,0.1271166294536251,6.446050786648534,-0.2663012937756711,0.3043691591300455,-0.1650894202142424
qwen-3.5-flash,1,4bb6dd,desktop,49,-0.121157454584179,0.1528003625045395,2.3598359684255805,-0.2509215998503772,0.4200743736805066,0.0928529626777467
qwen-3.5-flash,3,4ae90b,mobile,33,0.0173412528428029,0.1912336083573846,5.536023687304658,0.2401248029520107,0.4289297413144345,-0.1178872882175475
qwen-3.5-flash,2,4bb6dd,desktop,52,-0.0851899756475462,0.1539874916106123,2.5015715581188713,-0.000788828983336,0.4443056333567909,-0.0290205959749825
qwen-3.5-flash,3,4bb6dd,desktop,51,-0.0339749646165125,0.1710240722608788,2.195346943048811,0.006003792579497,0.5244474771287826,0.107706211796571
qwen-3.5-flash,1,4b3eb7,mobile,48,0.0335760550687798,0.2240096678448165,3.301191627982976,-0.0767238951432393,0.593740461193162,-0.0287336044563242
qwen-3.5-flash,3,4b9fd2,mobile,37,-0.0105181252862544,0.2117248099064973,4.243301307843452,-0.1798678587349985,0.4840856097401504,-0.0326242024136751
qwen-3.5-flash,1,4bcfc3,poster,30,-0.0104765731778541,0.0977547543938566,7.6471601401764,-0.0058075437519576,0.2830361428834104,-0.1451745273880712
qwen-3.5-flash,1,4b9fd2,mobile,30,0.0546097051294127,0.216408547937589,3.607373138676876,0.121562384233827,0.5932235398865788,0.0306114562218103
qwen-3.5-flash,2,4b3eb7,mobile,34,-0.0499764666533287,0.1548778204714386,6.023831319733507,-0.2220339278921899,0.3395898225906505,-0.1338865602143939
qwen-3.5-flash,3,4b3eb7,mobile,30,0.153624440172428,0.252373839132063,3.2222937869729935,0.3661377284249266,0.6237463381626781,0.030291764993436
qwen-3.5-flash,2,4c739f,poster,50,0.3091537063457276,0.3510853081257296,1.445231196594142,0.6958452890870047,0.6342983544467008,0.1800356698180336
qwen-3.5-flash,2,4b9fd2,mobile,51,-0.0029920580424262,0.200440278524339,3.3021333888359843,-0.1181984893477761,0.5581788966705062,-0.0375506842399106
qwen-3.5-flash,1,4c739f,poster,55,-0.1662961587749538,0.1839546019747514,2.9578579979469044,-0.3759331470255805,0.4145049318247751,0.0182630996870179
qwen-3.5-flash,2,4bcfc3,poster,30,-0.0488351764157608,0.1744195935969007,4.614575603024808,-0.1115302990428285,0.4633664031459209,-0.0615853198170914
qwen-3.5-flash,3,4c739f,poster,56,-0.1689764555336501,0.1895986055856395,2.9205786598218713,-0.3820987380030454,0.4140025464977597,0.0232914219696853
qwen-3.5-flash,3,4bcfc3,poster,52,-0.090230932907303,0.1621686104873558,6.426399487691891,-0.1912803540799906,0.3479365773563182,-0.1823842727887617
qwen-3.5-flash,1,4cd863,web,40,0.0436559275227794,0.1924624161640479,2.3927223226252217,0.0555532341676293,0.5558791269166834,-0.0199091481069025
qwen-3.5-flash,2,4cd863,web,46,0.038735061518944,0.1962211758021179,2.204211287832063,0.0612762636848971,0.5668983597932196,0.0024484707507918
qwen-3.5-flash,3,4cd863,web,34,0.1196398473388194,0.2246685078106372,2.070282668176065,0.253771020048244,0.6139862554151786,0.0238954357062835
qwen-3.5-flash,1,4cc35a,poster,51,0.1866581543201817,0.2668441759513618,2.0050359264377664,0.4663690682198566,0.666851542290569,0.1364856364860994
qwen-3.5-flash,2,4cc35a,poster,56,0.152099792410979,0.257859834099709,2.0856147233932307,0.3002490213961404,0.6415666482067782,0.1549262661689043
qwen-3.5-flash,3,4cc35a,poster,33,0.2618602911303641,0.2947501052837551,2.6198495097790433,0.6585221503680196,0.6730921057894513,0.3143096150866108
qwen-3.5-flash,2,4d0fc2,poster,46,0.0425661549702697,0.2489130253648019,1.7355717406673656,0.1242608296249805,0.5351474942916027,0.1231933194844738
qwen-3.5-flash,1,4d0fc2,poster,31,-0.0385706591745137,0.2262239769978312,2.6332801218777813,-0.0449275240372047,0.5093924674643903,-0.0388391572688518
qwen-3.5-flash,3,4d0fc2,poster,35,-0.090312870081511,0.2089214719958527,2.7567783021789007,-0.1634196074196222,0.4643551443807923,-0.0262347924248328
qwen-3.5-flash,3,4cdee3,desktop,31,0.248110630718838,0.2555464784777222,1.8111218010890813,0.6333172581232336,0.6874936388633287,0.2080450385882541
qwen-3.5-flash,1,4cdee3,desktop,30,0.1230471276366545,0.222086532962501,2.079341981605692,0.3211567676085877,0.6526849726318986,0.1388388365490515
qwen-3.5-flash,2,4cdee3,desktop,33,0.2561205093263839,0.2537179391599915,1.7962834578946405,0.6576716741454354,0.6835166157740209,0.2536387358622665
qwen-3.5-flash,1,4d3cc1,desktop,40,0.2580699255522657,0.2702009114223768,2.790665790374305,0.7818366226990491,0.7176864783717414,0.2554012004187136
qwen-3.5-flash,2,4d3cc1,desktop,48,0.1900114121286994,0.2447704608750994,2.181631979487405,0.5918968324128183,0.7397092292564962,0.1982088161594042
qwen-3.5-flash,3,4d3cc1,desktop,31,0.2373262584150056,0.2737151922930547,2.7960714510447264,0.7908292426116101,0.7356184494707342,0.1935584691493128
qwen-3.5-flash,1,4cd989,mobile,46,0.1297441061847542,0.1786024375216529,2.9615771377653943,0.2464875286286761,0.7412163325628879,0.0345576912913787
qwen-3.5-flash,2,4cd989,mobile,31,0.0860481433023845,0.1585806425542421,3.5305310144468836,0.3373640982658749,0.679904839743025,-0.062415275512054
qwen-3.5-flash,1,4d78ff,desktop,46,0.120739776676539,0.2016229826365327,2.3137935887818477,0.4061735820852834,0.6564213973619363,0.1322419529257087
qwen-3.5-flash,3,4cd989,mobile,30,0.1666044190120777,0.1978733356321048,3.365235197165685,0.6221677009959871,0.7620285351892856,0.0211196079761693
qwen-3.5-flash,2,4d78ff,desktop,46,0.0992247222350303,0.2077340252511206,2.194875620762239,0.3147040863648586,0.6276383395886282,-0.0150277724507011
qwen-3.5-flash,3,4d78ff,desktop,57,0.1819092498293991,0.217458546265291,1.992555149235784,0.5170446613192234,0.6445328715146766,0.0372200706990182
qwen-3.5-flash,1,4d987b,poster,31,-0.046882835223237,0.1031649665627519,3.8777057297720434,-0.2061157643132319,0.5680025692282062,-0.0006509036335165
qwen-3.5-flash,3,4d987b,poster,57,-0.1404214507071318,0.1170212255364295,3.6990479843163167,-0.5383030102380986,0.3361867595130771,-0.0709472380005844
qwen-3.5-flash,2,4d987b,poster,49,-0.1465783655560777,0.1065450284887627,5.780088662258663,-0.4835438054827137,0.3159124998644661,-0.1093346971901774
qwen-3.5-flash,2,4d17b7,mobile,30,0.2289863437679373,0.2668327414560503,3.453715378793867,0.5343775473951498,0.6223301143746531,0.1209106500384769
qwen-3.5-flash,1,4d17b7,mobile,30,0.1990791893065212,0.258091959546627,3.2973909450905228,0.4482504550580717,0.6720594744317518,0.0379047123396457
qwen-3.5-flash,3,4d17b7,mobile,30,0.1007113338795881,0.2290657688402823,3.688799787594072,0.3401053866012655,0.5881051426326929,-0.0337296616765209
qwen-3.5-flash,1,4de4af,web,49,0.2263031541803069,0.2854824185487268,1.6705255114531157,0.7061921031497564,0.7473779622468897,0.1707511126695791
qwen-3.5-flash,2,4de4af,web,53,0.1853588445276073,0.2736396759684484,1.762139103225134,0.5804256158152316,0.7343693737644506,0.1333108649788374
qwen-3.5-flash,3,4de4af,web,49,0.1675539174205635,0.2630407204909562,1.7811359840378898,0.5044014862292353,0.7312890281546549,0.1324521963508162
qwen-3.5-flash,1,4dae22,poster,56,0.0703817378992406,0.1500833387928834,3.8905531121171655,0.0881446179706979,0.5338786040451796,0.1058664050415887
qwen-3.5-flash,2,4dae22,poster,50,0.0568567106952695,0.1487137373005547,5.027089082701976,0.1016798203052273,0.5771131850685711,0.0400140598453642
qwen-3.5-flash,1,4e14f5,mobile,43,0.0276242486033504,0.2376367952622682,3.4055214849781468,-0.2385206975510527,0.4773258484208148,-0.0080296444773802
qwen-3.5-flash,3,4dae22,poster,277,0.1322335583332828,0.1845482807215192,2.193674477068754,0.2619665084544898,0.5838921146589524,0.1489419528127736
qwen-3.5-flash,3,4e14f5,mobile,62,0.1475261180295072,0.2625892796720117,3.2390224033431787,0.0854695008098157,0.5800859249954949,0.0871842558585322
qwen-3.5-flash,2,4e14f5,mobile,51,0.1367355871997042,0.3268885387027175,2.1007582656796213,0.2175916291153491,0.6261814587514918,0.1225941034625628
qwen-3.5-flash,1,4e2a75,mobile,30,0.2724476759765699,0.1378794306514887,7.536236241536047,0.7953519768110732,0.3080397251735895,0.222779801110747
qwen-3.5-flash,3,4e2a75,mobile,30,0.2724476759765699,0.1378794306514887,7.536236241536047,0.7953519768110732,0.3080397251735895,0.222779801110747
qwen-3.5-flash,2,4e2a75,mobile,30,0.2724476759765699,0.1378794306514887,7.536236241536047,0.7953519768110732,0.3080397830499158,0.2227798011107468
qwen-3.5-flash,1,4e729d,web,41,0.011088020563503,0.1680803372385401,3.259287066060624,0.2029500871606647,0.548049517736418,-0.0210576595049684
qwen-3.5-flash,2,4e729d,web,42,-0.0025007194173026,0.1628974718761388,3.366253624192611,0.2058753420657724,0.5562858376792743,-0.0191525495049934
qwen-3.5-flash,1,4e81ec,web,46,0.0740923923872521,0.224148004346276,1.9486262701691013,0.1947836894591097,0.6165961965023619,0.0816231028767738
qwen-3.5-flash,3,4e729d,web,48,0.027648798708279,0.1724945851145455,2.9833068127216027,0.1646917044328336,0.6064540056794809,0.0028919281923405
qwen-3.5-flash,2,4e81ec,web,46,0.0785585301786255,0.2258443827263103,1.97537863339353,0.2268000610001532,0.6229260976004323,0.0916315945577205
qwen-3.5-flash,1,4e3225,mobile,30,0.7029520441166925,0.4037420804321485,3.5881615957839323,3.1535345678689506,0.6843355155190874,0.705567939574831
qwen-3.5-flash,3,4e81ec,web,40,0.1319111545486418,0.2495704182769887,1.8237609538121335,0.3729355234099274,0.6520843756613011,0.0950532785172245
qwen-3.5-flash,2,4e3225,mobile,83,0.1609530644911017,0.2020084543968959,4.486459274736189,0.8467134988315732,0.6623620769845483,-0.0444016286026897
qwen-3.5-flash,3,4e3225,mobile,52,0.4637639854553564,0.4080949966293767,1.4939107605119208,1.7792941158340596,0.8176157774646782,0.3045291538589622
qwen-3.5-flash,1,4f357d,poster,110,0.0779046907923981,0.2046659101868819,2.433146075997577,0.2465727453764017,0.568922506060016,0.1036563238118783
qwen-3.5-flash,1,4f2d13,desktop,33,0.1421975315906085,0.2604576247043763,2.1659505576606235,0.3541092536001729,0.6114038000799511,0.0433998350089529
qwen-3.5-flash,2,4f357d,poster,55,0.0827778045790363,0.1976117140112792,2.8499422374596257,0.2960117665609805,0.661402781396837,0.1666857739065525
qwen-3.5-flash,2,4f2d13,desktop,30,0.1481194610913451,0.2646852445243455,2.1273379582470526,0.3980487706836701,0.6259099528988873,0.0418963231681011
qwen-3.5-flash,3,4f2d13,desktop,52,0.0860135260338074,0.2489848963240528,2.24820638577402,0.2262373171830061,0.5892117630662189,0.0238601764658984
qwen-3.5-flash,3,4ea758,poster,55,-0.0414903074456013,0.1011680775002147,5.560566477448375,-0.0925388199920318,0.5565919708946366,0.0671565360295022
qwen-3.5-flash,1,4ea758,poster,37,0.029709187290545,0.1457083206516241,5.1009714349302655,0.0398898445803851,0.6483771492311816,0.0353175814630093
qwen-3.5-flash,2,4ea758,poster,52,0.0372445084687569,0.1474837432137961,5.075957951681288,0.0616641215695691,0.641434523709676,0.0415653442364521
qwen-3.5-flash,3,4f357d,poster,100,0.0277487316406595,0.1785614566034189,2.917921287801507,0.1067592218451581,0.6168812351138073,0.1342839026422747
qwen-3.5-flash,1,4f5fe8,poster,50,0.2623298078022303,0.2774160033174668,1.5556875084045518,0.722099574107302,0.7195915459465374,0.173955521109917
qwen-3.5-flash,3,4f5fe8,poster,30,0.0140464066080936,0.2245686369149486,1.9037071224168416,-0.0116172231387531,0.5034574473956909,-0.0317461193758743
qwen-3.5-flash,2,4f5fe8,poster,35,0.0866804079712918,0.2424432919194113,1.789053064399516,0.2260382220911357,0.5949894181083392,-0.0575820372498627
qwen-3.5-flash,1,4f3f84,mobile,30,0.1433883633902773,0.2685763033862152,3.5833478660738023,0.0933149851746312,0.5719724887863042,0.1012216647940966
qwen-3.5-flash,3,4f3f84,mobile,30,0.1031849767632877,0.2368637271486368,4.274796186612227,0.0777359682716623,0.5743471178666699,0.0652961912689332
qwen-3.5-flash,2,4f3f84,mobile,30,0.0647448153719908,0.2035697030557357,5.368727189582042,0.0049147218925485,0.4077507523310364,0.0166140622831734
qwen-3.5-flash,3,4f4f19,poster,32,0.0635016366603205,0.0985397040988084,9.415131317782109,0.2269330245086787,0.0899356757979955,0.0129097000000003
qwen-3.5-flash,2,4f4f19,poster,51,-0.0722199892144332,0.0008986490419419,10.651118342909353,-0.2629740664510254,0.0003050640634533,-0.0725484453418825
qwen-3.5-flash,1,4f9082,desktop,54,0.2327581103783675,0.2183339380154796,2.187198084164758,1.0754099334308196,0.7702483504660644,0.0985883564593138
qwen-3.5-flash,1,4f4f19,poster,51,0.0015244268631469,0.1335980080104583,4.954122921874989,-0.0703842337811992,0.5910191895115151,0.0351201130426472
qwen-3.5-flash,2,4f9082,desktop,47,0.1229255809837552,0.2042695090072694,2.917876638965791,0.710170144797927,0.6926136385279957,0.0105991662096812
qwen-3.5-flash,3,4f9082,desktop,51,0.0583758236588099,0.192575916064224,3.449306813741554,0.4680146693010824,0.7072745930586172,-0.0498420013677643
qwen-3.5-flash,2,4f7447,poster,51,-0.0033288016523469,0.1061565078541855,5.081283979797156,-0.1348158404961009,0.511318971610801,0.0043474256631121
qwen-3.5-flash,1,4fbc40,desktop,51,0.2414649279171259,0.211587492281012,2.404708658286348,0.947002050615574,0.7382892999951859,0.2136322999880524
qwen-3.5-flash,1,4f7447,poster,53,0.0134744052793007,0.1291939580629771,6.212234143937995,-0.017150623834601,0.3674718723058406,-0.0159098933824467
qwen-3.5-flash,3,4f7447,poster,50,-0.0763269648958187,0.0870435294922056,5.501613598886601,-0.4295868876401305,0.4034232490091983,-0.0935099818398701
qwen-3.5-flash,3,4fbc40,desktop,52,0.2403743859024553,0.199651909910048,2.570190297530783,0.9171541704531824,0.7511156429346574,0.2224573178165814
qwen-3.5-flash,2,4fbc40,desktop,55,0.1726183088131186,0.1595187137061383,2.5410354797377357,0.7011117162490623,0.6664980070743027,0.0673318912363501
qwen-3.5-flash,2,4fa3d2,web,49,-0.03146657518238,0.156714135612811,3.350048683614438,-0.0217187540389311,0.5091832538372071,0.0772010142273561
qwen-3.5-flash,3,4fa3d2,web,52,0.2626595564195338,0.3109981849377513,1.6525857937697486,0.7151251673232787,0.7159671772266245,0.1675385809617299
qwen-3.5-flash,1,4fa3d2,web,51,0.2366132357314994,0.3026593453998957,1.8737014513662795,0.7088656704834148,0.6923402933857534,0.1458538942889387
qwen-3.5-flash,2,5009b5,web,33,-0.059204959007387,0.0739769127482819,5.887151431421001,-0.3609148796448779,0.4250062278831532,-0.1522296709982551
qwen-3.5-flash,2,5062ba,desktop,43,0.128275132954821,0.28510187165326,2.475642221977306,0.2761456198450439,0.6272207456808365,0.1284954911541172
qwen-3.5-flash,1,5009b5,web,35,-0.0437534742348131,0.094008970673274,7.031486704489942,-0.2895146487101425,0.3796517074573022,-0.1297401034704773
qwen-3.5-flash,3,5009b5,web,34,-0.0313107816769601,0.1010351029257512,6.140835125441164,-0.2440675432727504,0.4297149587551324,-0.1329076801430092
qwen-3.5-flash,1,5062ba,desktop,50,0.0633000948203637,0.2455296822159791,2.6890425665783986,0.1013993020086798,0.5576652238355626,0.1174174965158702
qwen-3.5-flash,3,5062ba,desktop,51,0.0781241061716582,0.2483493311156293,2.695120509754372,0.1378003075286924,0.5626214374461381,0.1458345989852212
qwen-3.5-flash,1,5073f5,web,23,-0.0624923954777316,0.1239804934427729,5.311279597064509,-0.2063140640800309,0.4869486070279328,-0.0774691148775456
qwen-3.5-flash,3,5073f5,web,23,-0.0693445603508132,0.1153327236769095,5.5942511963119435,-0.2151233303703482,0.4574532493603478,-0.0829491817210434
qwen-3.5-flash,2,5073f5,web,37,-0.0714024715300511,0.1071396533397971,6.541644092055746,-0.2520086922582262,0.4181987495034789,-0.1736915602548467
qwen-3.5-flash,1,50802a,mobile,32,-0.1230151342028667,0.13644478194212,6.134869896227049,-0.3235723151277747,0.3856788327735292,-0.1328621545139358
qwen-3.5-flash,3,50802a,mobile,32,-0.0826057371328027,0.1570678677013474,4.987912555579583,-0.298314871799175,0.4590059153371167,-0.0948781559579114
qwen-3.5-flash,2,50802a,mobile,30,-0.0561590143571361,0.1828349311742293,4.22947669923769,-0.2228878304260322,0.5086426985999197,-0.1314609813938379
qwen-3.5-flash,1,50ebe2,desktop,53,0.0841585987758602,0.3147044125760118,1.9005748192620289,0.1459806947037378,0.5809304783641707,-0.0171760726648724
qwen-3.5-flash,2,509783,mobile,32,-0.0193103680585794,0.2126034369175626,4.861934375622576,-0.1487433424895801,0.416232715722669,-0.0492386469550572
qwen-3.5-flash,1,509783,mobile,37,-0.0160384905882168,0.2359401723844748,4.598479348740216,-0.020833851645244,0.4759847573934488,-0.1025722000922804
qwen-3.5-flash,2,50ebe2,desktop,49,-0.0273419383522653,0.2450600078647024,3.023364343762641,-0.0299465656375896,0.5141366776022631,0.0056245951120105
qwen-3.5-flash,3,50ebe2,desktop,49,-0.0014548436768983,0.2760227392102091,2.036458667897026,-0.0516328913594461,0.5496090511005515,-0.0314586589377428
qwen-3.5-flash,3,509783,mobile,32,-0.0188704360884583,0.2127331079257398,4.861617518604145,-0.1475297877840343,0.4172957145744459,-0.0497564622547325
qwen-3.5-flash,1,510093,mobile,29,0.1917676640755945,0.2823599303530859,1.6411913288234057,0.4043694396862235,0.6609022174918684,0.1115476070337385
qwen-3.5-flash,2,510093,mobile,84,0.1614563785453924,0.2814492104760183,2.9032475918818723,0.3926005609662543,0.6738776842884424,0.0873070178685808
qwen-3.5-flash,3,510093,mobile,29,0.1976020903481724,0.2782644242595545,1.708521658152284,0.5239635752969681,0.6390487962844528,0.1359468977029401
qwen-3.5-flash,1,510db4,poster,44,0.0844461956723405,0.2364398412182442,2.3122536131636893,0.3851931047888827,0.6253357200662746,-0.0778724389059379
qwen-3.5-flash,2,510db4,poster,38,0.0024566579585174,0.199988472146724,2.835233212190369,0.2257576773521255,0.5559219197019225,-0.0238244656046949
qwen-3.5-flash,3,510db4,poster,39,0.0349434857542096,0.2209282867022121,2.7786045992315738,0.3461213419522205,0.5879755052121971,-0.0142994201009172
qwen-3.5-flash,1,511db2,web,34,0.011676891156593,0.1493417189808117,3.131625848934026,-0.0506943171764844,0.5335006567230731,-0.0044468034130308
qwen-3.5-flash,3,511db2,web,41,-0.0126370985464123,0.1387790588239578,3.6756114660007335,-0.1082122006763316,0.5011348627809661,-0.0482045714349879
qwen-3.5-flash,2,511db2,web,46,0.0138956438353173,0.1601472079501048,3.635559313918763,0.0556931092972971,0.5732718691413694,0.0629391833529246
qwen-3.5-flash,1,511f7b,desktop,34,0.1593602651312126,0.2005549653839432,3.36124837860001,0.3411297172955596,0.5799327221195636,0.2304718127080026
qwen-3.5-flash,2,511f7b,desktop,30,0.1727804503165265,0.233458691001087,2.291923353129168,0.3672223853336772,0.6719992315881901,0.1863858452355217
qwen-3.5-flash,3,511f7b,desktop,37,0.0624703299663508,0.2008321388674336,2.9191003168267624,0.0980242589065063,0.572208136989922,0.0601207226909859
qwen-3.5-flash,1,512240,desktop,30,0.2569210039425229,0.2502257395980672,4.555764018771209,1.0030971508977458,0.701747624918957,0.2386423726322265
qwen-3.5-flash,1,51582e,poster,32,0.2616812827674374,0.2446357834619388,1.780566682495547,0.8386424862319274,0.6828865716922595,0.2115345024410077
qwen-3.5-flash,2,512240,desktop,54,0.0036487508256658,0.1182460791956165,4.421769838710912,0.1209284137016585,0.537094125261811,0.1272916331195297
qwen-3.5-flash,2,51582e,poster,51,0.06375250729447,0.1985970250548389,2.3174811939223647,0.1888130931419173,0.5692036248514254,0.0847423533355834
qwen-3.5-flash,3,51582e,poster,32,0.2475627260267874,0.2477161721513144,1.981952141020617,0.7533987335581992,0.6926852844220537,0.1963612440489678
qwen-3.5-flash,3,512240,desktop,31,0.1946475817040512,0.1846502242490074,2.2246433575621523,0.8783783571159745,0.7452261129072921,0.2506948317611652
qwen-3.5-flash,1,51e1ce,desktop,37,0.0460136824147894,0.1904557171002183,2.9612329302424873,0.1638747920035856,0.5579943832616009,0.052637088987071
qwen-3.5-flash,2,51e1ce,desktop,48,0.1196143403616438,0.2327470821824029,3.1954606094132862,0.3631310451878413,0.6120021597660839,0.1592051423236645
qwen-3.5-flash,1,51e73b,poster,50,0.3834664609606299,0.2609612703153406,1.6101346288005909,1.1888919539825795,0.820997024957727,0.3925214181807104
qwen-3.5-flash,3,51e1ce,desktop,43,0.1179518765471013,0.2315321071627669,2.922248924059814,0.3106449123058103,0.5646521785371719,0.0974791062115363
qwen-3.5-flash,2,51e73b,poster,49,0.2847537166744323,0.2359643679428782,1.7773955652474367,0.9438218423042538,0.7659409022729271,0.2819815574853344
qwen-3.5-flash,3,51e73b,poster,50,0.3968133960884769,0.2765238987101375,1.5604258331002097,1.3003828534162454,0.8497260948746626,0.3892681013097884
qwen-3.5-flash,1,51f12a,mobile,14,0.2610009504196832,0.2928402288715591,2.494972192537563,0.3555471417103014,0.6101544988914093,0.2896609390109856
qwen-3.5-flash,2,51f12a,mobile,30,0.2892599116919541,0.2902688253464425,1.787548904389514,0.3831794078554503,0.6058957087544458,0.277289012706828
qwen-3.5-flash,3,51f12a,mobile,30,0.2585736163599148,0.3016998603964465,1.8236055702095664,0.3637993410104425,0.6339791124924147,0.2719464962962941
qwen-3.5-flash,1,51f811,web,47,0.3432990963160557,0.3665004814326743,1.376542575884154,0.8022914154735108,0.6989970922784673,0.2054670964554549
qwen-3.5-flash,2,51f811,web,43,0.2630241323009635,0.335683733776994,1.4314449369105633,0.577369305797722,0.6784973790154685,0.1553582839752342
qwen-3.5-flash,3,51f811,web,50,0.1740118890754195,0.3190109449093054,1.5381476652552952,0.2839802321391368,0.6322975589369351,0.1103910389316466
qwen-3.5-flash,1,51f8bb,desktop,182,0.0952630132062942,0.2734827619467968,1.6556533510374734,0.2389061860819017,0.5098160196107396,0.0963048979116064
qwen-3.5-flash,2,51f8bb,desktop,182,0.0952630132062942,0.2734827619467968,1.6556533510374734,0.2389061860819017,0.5098160196107396,0.0963048979116064
qwen-3.5-flash,3,51f8bb,desktop,221,0.27447452537262,0.3153456474882244,1.9829777420239163,0.5693648942830125,0.6381081684693319,0.286611822486523
qwen-3.5-flash,2,51db8e,poster,48,0.0529376000367712,0.1936840973246704,5.716217029656834,0.1499307447007136,0.4399789696382912,0.0489291377176793
qwen-3.5-flash,1,51db8e,poster,114,0.0721667454332117,0.2174615425742111,4.698696163293066,0.2929331113137238,0.5568277818055961,0.1025278851218039
qwen-3.5-flash,3,51db8e,poster,31,0.0576949564027628,0.1129262511656144,7.4615928121433805,0.0764444915997978,0.1784183810163422,-0.0442650803192703
qwen-3.5-flash,1,51fd1b,mobile,50,0.2823149695022124,0.3409657795721487,3.011807257771161,0.6210856201652598,0.6689734862554084,0.1651716142992907
qwen-3.5-flash,3,51fd1b,mobile,33,0.1728435572651767,0.2494120006595388,4.047155668543533,0.2373851241547185,0.6250295902954763,0.114516030248896
qwen-3.5-flash,2,51fd1b,mobile,51,0.3326586591171485,0.3603450921355356,2.252956209574311,0.8914006932118257,0.6954290259414427,0.2702291157578515
qwen-3.5-flash,1,52658e,mobile,32,0.2339712915773011,0.2281448621526725,5.00214603326452,0.5554024906307782,0.497540878749952,0.2474483375262446
qwen-3.5-flash,2,52658e,mobile,10,0.1817971514234488,0.2063134245796718,5.371644382275483,0.4495693160931325,0.4617853181065572,0.1800158274416229
qwen-3.5-flash,3,52658e,mobile,33,0.2781822998921172,0.2787891635148826,3.349823464842597,0.422150398972732,0.6576086090320332,0.2658390218395757
qwen-3.5-flash,1,520b4a,poster,62,0.0767011940793312,0.2482670955745049,2.9167679524997623,0.1464492084323261,0.586813778520686,0.0323476206048996
qwen-3.5-flash,3,520b4a,poster,54,0.1188908475088585,0.280272079794493,2.716970382682896,0.0630885206509615,0.605700119034327,0.0253779092951556
qwen-3.5-flash,2,520b4a,poster,54,0.109789347669959,0.2713022975679169,2.8901678142119556,0.0773318105378033,0.5770236398160075,0.0056692440756894
qwen-3.5-flash,1,529ce0,desktop,46,0.1204375727979752,0.1757288065327444,6.12292599925286,0.2971989940568463,0.4212500893483852,0.0231565252746009
qwen-3.5-flash,1,529401,mobile,22,0.1209336978365019,0.2142054133913269,4.573750904443333,0.2564048576467976,0.5649237187046872,0.0993408916833834
qwen-3.5-flash,2,529401,mobile,33,0.1197493970266627,0.2502573991728647,3.551805588746384,0.2186369553729997,0.5797429002838203,0.1102090455399289
qwen-3.5-flash,2,529ce0,desktop,30,0.0937527749459518,0.2161914072166021,5.850403126413249,0.2912338037829667,0.490421697827945,0.0349584859995825
qwen-3.5-flash,3,529401,mobile,30,0.1237302115589367,0.2450266994969237,3.8182373672930625,0.2232953672315714,0.5391162481880125,0.1606348849619804
qwen-3.5-flash,2,501b73,poster,76,0.0612575109159015,0.1021309383941643,6.6672297140680445,0.79568752795574,0.4199719342751412,0.051852162172096
qwen-3.5-flash,3,529ce0,desktop,30,0.0937527749459518,0.2161914072166021,5.850403126413249,0.2912338037829667,0.490421697827945,0.0349584859995825
qwen-3.5-flash,3,501b73,poster,31,0.063682669146323,0.092341796410706,6.85963404182883,0.5727597014468444,0.3098224564170594,0.0700885589212425
qwen-3.5-flash,1,501b73,poster,30,0.048602282577887,0.100041712500518,6.718714987851687,0.4711538489569573,0.3126755516501239,0.0477949116983465
qwen-3.5-flash,1,52fbfe,desktop,51,0.0754192405203301,0.1651192669626844,2.674049065251072,0.2419186174974042,0.6281235823538341,0.0348255201031494
qwen-3.5-flash,2,52fbfe,desktop,53,0.0759283842594994,0.1651372656374927,2.764146093102326,0.2787160418591269,0.5945946397716856,0.0542976180325119
qwen-3.5-flash,1,52a3d2,web,53,0.2186588051279966,0.2754406651266305,2.687117370584573,0.5652783637504748,0.6716900895951086,0.1251982264892891
qwen-3.5-flash,3,52fbfe,desktop,52,0.1552057028687788,0.1787981984773954,2.6115287383823,0.4546906340337236,0.5915783563985538,0.1028718757671921
qwen-3.5-flash,2,52a3d2,web,30,0.1351414775138894,0.2270290458840219,3.398143877699109,0.2708577634135597,0.6719217596308892,0.0725982712342384
qwen-3.5-flash,2,52b67f,mobile,31,0.1083978243006538,0.2075592427818706,3.04708113662354,0.2631634471701679,0.7289195966577727,-0.0476899763047232
qwen-3.5-flash,3,52a3d2,web,51,0.2239371304174844,0.281167126950291,3.266500661569087,0.5467898789346994,0.6732748778243177,0.1442222933134078
qwen-3.5-flash,1,52b67f,mobile,42,0.0180985930803897,0.1368870159739408,4.538371050305037,-0.0010662303680377,0.5584401501325458,-0.1207396392668463
qwen-3.5-flash,1,533099,mobile,30,0.5000410883565837,0.41917605599171,1.5434758437308211,1.258965371874691,0.7056356339106271,0.4170429703207514
qwen-3.5-flash,1,5305a4,desktop,111,0.3439122977281251,0.3013453012494051,2.010215728527214,1.1138539787702628,0.8145516420462691,0.266392149344229
qwen-3.5-flash,3,52b67f,mobile,46,-0.0158437415291687,0.1217665808601042,4.6726646968157075,-0.1026459114922832,0.5131590884707182,-0.1250775915501528
qwen-3.5-flash,3,5305a4,desktop,55,0.2251007847498573,0.2462705147978523,2.664333700245984,0.7755204329488644,0.7590039475351308,0.2225354628720642
qwen-3.5-flash,2,5305a4,desktop,52,0.1651595091419821,0.2135350965840343,2.8765043640515495,0.5445189461024803,0.7707354743565242,0.1803967542453212
qwen-3.5-flash,2,533099,mobile,51,0.4343760943745629,0.3997634233962902,1.3781062946856606,1.0305039689678694,0.6921295459695711,0.3216562798274099
qwen-3.5-flash,3,533099,mobile,30,0.3718192758597062,0.360717434574792,1.8103195302746828,0.9309840310161864,0.7130998213308839,0.2704305387448352
qwen-3.5-flash,1,536e7f,mobile,46,0.3856533149947289,0.3916211455015941,1.5421084282173971,1.046278155132164,0.7953872251428729,0.3329547212307351
qwen-3.5-flash,2,536e7f,mobile,50,0.3975742837354292,0.4063022525944311,1.3171401754376433,1.094997121977883,0.8189123233263914,0.3457387679772243
qwen-3.5-flash,1,5300d8,mobile,50,-0.0213656898361781,0.1182126786951699,5.236059114202657,-0.0642765328340041,0.5863799654437243,0.0007963941904006
qwen-3.5-flash,3,536e7f,mobile,52,0.4439479134498375,0.3976960954430235,2.051833331525313,1.1910850473002514,0.7850381541005246,0.3624837953533083
qwen-3.5-flash,3,5300d8,mobile,50,-0.023185250976948,0.1137592889461304,5.324861833306549,-0.0573598660508052,0.5905500434476502,0.007030811211298
qwen-3.5-flash,2,5300d8,mobile,31,-0.0056412341072818,0.0819256154529333,5.83620423409179,-0.0985716661281272,0.4200138124691631,-0.0448212304691323
qwen-3.5-flash,1,538ccc,desktop,51,-0.0282088216901742,0.1752290828983079,6.95850383748898,0.0031443333846247,0.4099618230095511,-0.0709557957329729
qwen-3.5-flash,2,538ccc,desktop,54,-0.0432147961148966,0.1575748742061348,7.114298446747394,-0.0408388171579657,0.4366609523091865,-0.0714023752596136
qwen-3.5-flash,3,538ccc,desktop,46,0.0432243172742635,0.2016136155425565,3.4163168406204076,0.2048202352294374,0.6016325173955612,-0.0277283278005477
qwen-3.5-flash,1,538c08,web,26,0.2080734692833276,0.218853345754925,2.0746848906795696,0.5524834199584666,0.7031578661628245,0.1160050776854523
qwen-3.5-flash,2,533daf,mobile,8,0.253680862316294,0.2413265753272336,5.129350724033196,0.3779650373317407,0.5179878017951476,0.1762886225549089
qwen-3.5-flash,3,538c08,web,26,0.2004334951596725,0.214836402446374,2.095107628167274,0.5258594684554045,0.6995647437322092,0.1111570820303868
qwen-3.5-flash,2,538c08,web,32,0.19192034202548,0.2049771165655212,2.1683905874526253,0.5148900153820851,0.687594224989309,0.1374038003829952
qwen-3.5-flash,1,540107,poster,51,-0.0204998872141363,0.0822132443872892,4.386746324493711,-0.1654523200852555,0.5263475023152786,-0.0973143611033281
qwen-3.5-flash,1,533daf,mobile,8,0.253680862316294,0.2413265753272336,5.129350724033196,0.3779650373317407,0.5179878017951476,0.1762886225549089
qwen-3.5-flash,2,540107,poster,48,0.1020542596087371,0.1479953430425901,3.881268764626323,0.5815004458395501,0.6995790499349047,0.1456598805161628
qwen-3.5-flash,3,540107,poster,52,0.022406816487694,0.1039784382767844,5.96336876396484,0.1860602772542416,0.5408025648070899,0.0862756995909697
qwen-3.5-flash,1,544816,poster,50,0.0873021174395084,0.2275251385384643,2.1538851387149625,0.3471431123703478,0.5821289170731081,0.1479793177142631
qwen-3.5-flash,3,533daf,mobile,49,0.2830534259034595,0.3748410884178756,3.3091557182510103,0.5270857049034522,0.6008962154051062,0.3008670170784802
qwen-3.5-flash,2,544816,poster,40,0.1251690177805769,0.2330860749214377,2.8173422362726583,0.472207847712216,0.6753693661703472,0.1907277745140616
qwen-3.5-flash,1,53faa2,web,30,0.0346013940687707,0.1302167005035387,3.78410094112185,0.0482405252717024,0.6141275695240194,0.0655890278988083
qwen-3.5-flash,3,544816,poster,40,0.1377287992810407,0.2389143904776378,2.810857812798881,0.5052144061908789,0.6851240785144529,0.2040859291969359
qwen-3.5-flash,3,53faa2,web,32,0.0474118782671505,0.1406852195500934,3.89212785685517,0.0898103818803492,0.6070175926334236,0.0658227217072647
qwen-3.5-flash,2,53faa2,web,30,0.0456895104093067,0.1388485560070082,3.807268169130639,0.1770639193491301,0.6573079896136467,0.0746858699317755
qwen-3.5-flash,1,54bc51,web,32,-0.02835497312784,0.1318070722812676,4.897858850130193,-0.2250616593424582,0.436768408133225,0.013986695744057
qwen-3.5-flash,2,54bc51,web,34,0.1150965729657201,0.2121011211806307,4.766659726883307,0.1488305441500693,0.4414142722448215,0.1309639822035465
qwen-3.5-flash,3,54bc51,web,32,0.0656509685656767,0.1884407643729033,4.899942919751577,0.0338684969506661,0.4322988150447056,0.0960495893298405
qwen-3.5-flash,1,54f52f,web,38,-0.0022262703619379,0.1927634301588469,2.7729166581138154,-0.0084766306205674,0.6450289117786143,0.0387112980577705
qwen-3.5-flash,3,54f52f,web,32,0.2399225665858592,0.322769006110491,1.7720369586190272,0.5710456463413978,0.7020835258571831,0.1890152610218509
qwen-3.5-flash,2,54f52f,web,30,0.1468797558007048,0.2846938030982813,2.1093120230412494,0.3790865646925029,0.6624208978199527,0.109462809703574
qwen-3.5-flash,1,548c01,mobile,33,0.1559803968368596,0.3044699482726025,3.1109400436416297,0.2535267458072219,0.6166442451780924,0.0807132356235943
qwen-3.5-flash,2,548c01,mobile,30,0.1598321111594567,0.30655343814331,3.0649813572272273,0.2189637489777509,0.6899218576480982,0.1084894584470394
qwen-3.5-flash,1,55079d,desktop,33,0.0412164148419092,0.1198640398960272,3.2852594616965503,0.1700361387337584,0.593107120468989,0.0901708630882136
qwen-3.5-flash,3,548c01,mobile,36,0.1384794879454013,0.2856610152725209,3.274710310044191,0.1940943079405712,0.6820760549219315,0.1380453530444026
qwen-3.5-flash,3,55079d,desktop,43,0.0169391783553629,0.1140795749694092,3.18891928706982,0.0943698731967295,0.5534894822673818,0.0347454315545349
qwen-3.5-flash,2,55079d,desktop,44,0.0201784957130008,0.1156563933676475,3.1546112205856893,0.107554000535833,0.5572402892724712,0.0374510879945249
qwen-3.5-flash,1,55251b,desktop,36,0.3251599757447166,0.2539316801293071,4.685952249930983,1.158686268536285,0.6104586727494253,0.3263702417184909
qwen-3.5-flash,2,55251b,desktop,30,0.4117832378455366,0.294912356448473,4.5879002587449635,1.4329324667708836,0.6247355046820187,0.429260272882299
qwen-3.5-flash,3,55251b,desktop,30,0.3970939595848718,0.2863029567552334,4.579271415136385,1.4033695719829706,0.6265835875020892,0.4152636734745205
qwen-3.5-flash,1,555c68,desktop,70,0.2156918216991505,0.2576774128958268,4.808042900644626,0.5689320402348205,0.5364703280260776,0.143321446586349
qwen-3.5-flash,3,555c68,desktop,106,0.0790687487466247,0.1902166141259142,3.603917399223195,0.2337800707883066,0.7142311217655173,0.0134783014092834
qwen-3.5-flash,2,555c68,desktop,34,0.1181739277138551,0.2359474596740071,3.2322931092558083,0.4481739700194549,0.6757208093440521,-0.0187675908949244
qwen-3.5-flash,1,54d9cf,poster,79,-0.0914400435734856,0.0428082436674152,9.263890716288708,-0.2469407740135951,0.0897930235969522,-0.0833647859609482
qwen-3.5-flash,2,54d9cf,poster,30,0.0942701526126391,0.1742072505351489,5.046425183099578,0.403730139780681,0.5663487022621506,0.1190510070145626
qwen-3.5-flash,3,54d9cf,poster,33,0.0429887411846677,0.1359268139210941,5.5248516691854554,0.2557865629548282,0.5207113367818028,0.0717517361533603
qwen-3.5-flash,1,557221,poster,30,0.3762102759239075,0.3962948125736487,2.474130968302667,0.7336862490156761,0.6850385825545854,0.1997449695512464
qwen-3.5-flash,2,557221,poster,30,0.3327128575846659,0.4012859373050504,2.23074535058573,0.5968237995640489,0.7478138969901539,0.1383551467045589
qwen-3.5-flash,1,55aa06,mobile,48,0.0639508964322695,0.2092163776312053,5.096770231198043,0.1436327677916546,0.5548916848809833,0.1344496492987004
qwen-3.5-flash,3,557221,poster,30,0.3433738959776092,0.397342538677858,2.3936991074255203,0.6608683223474278,0.7360473003210235,0.14211720276591
qwen-3.5-flash,1,55c555,desktop,246,-0.0919405135793732,0.1361470544794737,3.2156270168047083,-0.1443151947160995,0.4554480779133487,-0.0431091015560739
qwen-3.5-flash,1,55b7b4,poster,29,-0.0421596505582576,0.2153183775940304,4.112965408844108,-0.0456754555407954,0.4061669478515184,-0.0962464908082462
qwen-3.5-flash,3,55c555,desktop,86,0.012802045007296,0.1644589282962925,3.2232462155700965,0.2242316725618273,0.6058956365547257,-0.0097784688714059
qwen-3.5-flash,2,55c555,desktop,86,0.012802045007296,0.1644589282962925,3.2232462155700965,0.2242316725618273,0.6058956365547257,-0.0097784688714059
qwen-3.5-flash,2,55aa06,mobile,30,-0.0686658186363258,0.2040953259654228,5.16455098814284,-0.2412741312308869,0.4578388325367579,-0.0387448990149571
qwen-3.5-flash,3,55aa06,mobile,32,0.0571713745092813,0.2757896747173382,4.366345139951694,0.2301806444718996,0.5952818963042834,0.0250301031911379
qwen-3.5-flash,2,55b7b4,poster,30,0.0499616348538374,0.2560500150281286,3.447380293284924,0.0521295273438455,0.4938013961014851,-0.0135866809548758
qwen-3.5-flash,3,55b7b4,poster,30,-0.0744365154743269,0.1920783300933775,4.622200137600982,-0.2643531612156798,0.4082298991781321,-0.1650122394246566
qwen-3.5-flash,1,55d16d,web,53,0.2526833121024313,0.2652748920635189,1.685590210604505,0.7443625085385334,0.7419432953866208,0.1463202593262947
qwen-3.5-flash,2,55d16d,web,30,0.1507919939844931,0.241694877882591,2.1991055788344616,0.34499338717411,0.671854716647259,0.0660155535037818
qwen-3.5-flash,1,55d981,poster,30,0.0094497731914608,0.3072394542814769,2.464441216813505,0.0315077183199126,0.501000265342184,-0.0758179466739907
qwen-3.5-flash,3,55d16d,web,35,0.1870065693558291,0.2626380200027925,1.8305798770302673,0.5901555111155775,0.7190902016227537,0.0941878615100862
qwen-3.5-flash,1,55ce87,mobile,51,0.2169730423958099,0.2625805358980905,4.630477429126024,0.610626239953997,0.549786804367449,0.2535241568243831
qwen-3.5-flash,2,55d981,poster,50,0.1025562208153917,0.2998225422205935,2.057615452857528,0.3133887475295573,0.6190645486455009,-0.0503944235693221
qwen-3.5-flash,3,55d981,poster,51,0.0382437476477831,0.3071498726965044,2.033060141566842,0.1402917764583091,0.5481561306184997,-0.0860791805917093
qwen-3.5-flash,2,55ce87,mobile,54,0.0680695484378573,0.2298348609355738,4.687106206140546,0.1335395907599423,0.5480220682206555,0.0871730671800841
qwen-3.5-flash,3,55ce87,mobile,52,-0.0372714055188897,0.1430054225378854,6.301496769389068,-0.2726481702364145,0.3841053237166725,0.0015456707729707
qwen-3.5-flash,1,563395,web,30,-0.0238738747738466,0.1316317191043423,4.0954908576000735,-0.1353724362314294,0.5842946434979897,0.0027659495363315
qwen-3.5-flash,2,563395,web,34,0.0347379183197322,0.1681623178890645,3.3979447158173457,0.0649223224128811,0.5861191172411808,0.0316765434804283
qwen-3.5-flash,3,563395,web,34,0.0513878797187757,0.1763393323382665,3.3285160270915166,0.1326709603716437,0.5926457035595978,0.0340511963497469
qwen-3.5-flash,1,5620ab,mobile,47,0.2631705180819972,0.2962151219251642,1.989184984408361,0.6409339982486102,0.7180762970748008,0.226782658348488
qwen-3.5-flash,3,5620ab,mobile,38,0.2320384230640519,0.286832050920045,2.4229478850765664,0.5687145535939275,0.6697985176175812,0.1482450517617215
qwen-3.5-flash,2,5620ab,mobile,57,0.1367019735439256,0.2289303767664667,2.282107085680535,0.4833390839148819,0.6472845974145363,0.0310207621077232
qwen-3.5-flash,1,56669a,mobile,30,0.2748963969727784,0.4011798061486585,2.6566232001840175,0.5164634331352308,0.6524432564281084,-0.1061988327070483
qwen-3.5-flash,1,56d63a,web,30,0.3218481263411322,0.3715386378668024,3.470449939269922,0.5936788979111023,0.6630145584310451,0.2508141810344883
qwen-3.5-flash,3,56669a,mobile,42,0.263325331634305,0.4168170582761913,2.135481316293777,0.4748932644668905,0.6753003441133018,-0.1166329072337655
qwen-3.5-flash,2,56669a,mobile,29,0.0074514734269164,0.1640017497521916,6.886692743273771,-0.0296022877103949,0.2452176256549091,-0.194161978527827
qwen-3.5-flash,2,56d63a,web,30,0.2466993669139485,0.3336670596943796,1.8899682876756168,0.449047463642777,0.632269240339274,0.1788347443035323
qwen-3.5-flash,3,56d63a,web,53,0.2072406562834673,0.3028705536081793,1.907820893334624,0.3218766529731408,0.6122219402531199,0.174259336818659
qwen-3.5-flash,2,567366,web,48,0.0225032025668744,0.1392395556948901,5.412911365874944,-0.0025367823424892,0.5853816430385324,0.0280869821359105
qwen-3.5-flash,3,567366,web,42,0.1234331276985332,0.2093835979141489,5.038714127546311,0.4262605091302852,0.6087651027517991,0.1130699192806545
qwen-3.5-flash,1,56ed0e,poster,30,0.1907586141345469,0.3571662257896993,2.3158754423634877,0.5346987918614677,0.6295379150084138,0.0979659664804774
qwen-3.5-flash,1,567366,web,31,0.1517373874806234,0.2289369677243432,4.79815080493894,0.41716287871865,0.6221222200821831,0.1714957483968002
qwen-3.5-flash,2,56ed0e,poster,31,0.2423265328225733,0.3832577191980033,2.209001785119261,0.5844529718895367,0.6382654823430813,0.0947769061415415
qwen-3.5-flash,3,56ed0e,poster,33,0.1665613180183492,0.346681734190315,2.3552919978795384,0.4917615840363204,0.6217536296200288,0.0837905919447411
qwen-3.5-flash,1,56ea71,mobile,30,-0.0980239265697501,0.1591406164536498,5.497283646536656,-0.3088735834869323,0.4083556902805272,-0.0884012059817169
qwen-3.5-flash,2,56ea71,mobile,35,0.0444642055401974,0.2586152230491345,2.473757879035289,-0.0544821257450568,0.591165955544761,-0.0450992343314548
qwen-3.5-flash,1,574bac,web,53,-0.0196360098667038,0.1426833519703113,3.1810937606984875,-0.0485931228999353,0.5351345161908975,0.0140641459441542
qwen-3.5-flash,2,574bac,web,32,0.1475359150920971,0.2176531184307969,2.5309341027844527,0.5067195970870504,0.6948957406672357,0.0995074745641745
qwen-3.5-flash,1,576a9f,poster,34,0.2499451213005921,0.2190799145805277,1.818399079247186,0.7349130638916446,0.7063181264196834,0.1939707943769063
qwen-3.5-flash,2,576a9f,poster,53,0.2885100591582655,0.2452486897427526,1.720876419365614,0.8559009873534765,0.7413861051641834,0.1441605770364675
qwen-3.5-flash,3,56ea71,mobile,19,-0.1001939864102357,0.0949274681797788,6.982502472654766,-0.3964434619511796,0.3295412549675285,-0.1959846923015814
qwen-3.5-flash,3,576a9f,poster,50,0.1725096536873497,0.2103337890045749,1.858614778903221,0.5241772621435576,0.6944182378026408,0.108296477664145
qwen-3.5-flash,3,574bac,web,35,0.1047348077643976,0.1991496698256593,2.9751389306970637,0.3716172062466149,0.6789700273943612,0.0752631746620942
qwen-3.5-flash,3,57879f,web,68,-0.0910547911665676,0.070609092621663,5.873138168162555,-0.3190404250132559,0.4788367170826815,-0.1101688699087247
qwen-3.5-flash,1,57879f,web,67,-0.1130521060332523,0.0584716450109895,6.193584093387891,-0.3959770929734997,0.4659071441854315,-0.1348290413973269
qwen-3.5-flash,2,57879f,web,51,-0.0988678259901263,0.0625178643553529,5.872031784816895,-0.3425069844411464,0.4779779069167174,-0.1068927816033887
qwen-3.5-flash,1,57bb95,web,30,0.0669915125572885,0.169918051605051,4.130190908289036,0.1452374815649909,0.5831697319606743,-0.0174729199669127
qwen-3.5-flash,2,57bb95,web,32,0.0823881360752717,0.1761333944949875,4.13996747337889,0.2106789576985778,0.5845471425016111,0.0128912037623967
qwen-3.5-flash,3,57bb95,web,30,0.0953459119988487,0.1817962418877657,4.089914837187128,0.2452062226250393,0.5865129084595875,0.0102981169468072
qwen-3.5-flash,2,57f74a,desktop,34,0.0895519545424471,0.306918182475522,1.8071624863281672,0.1913663759383575,0.6048833113983565,0.0429254762656706
qwen-3.5-flash,1,579621,mobile,31,0.1554851768124941,0.2126826199395196,3.7485806040644905,0.0942026890008188,0.6683355503452267,0.1141910423784247
qwen-3.5-flash,3,579621,mobile,30,0.1959424335518181,0.225531122588161,4.415707069116025,0.1815138124507245,0.6772039737680892,0.1548704939498709
qwen-3.5-flash,1,57f74a,desktop,35,0.1112055754208438,0.3181066822239713,1.7104696273592543,0.2580439513279204,0.6092184261305846,0.0664071217954144
qwen-3.5-flash,2,579621,mobile,32,0.3690213171087192,0.34939356483762,2.6450793553081393,0.6270025313752717,0.7267285281782967,0.2905836639229848
qwen-3.5-flash,3,57f74a,desktop,34,0.1270829860862941,0.3242600594128452,1.6897783059071234,0.295465309793335,0.6186977989111793,0.061677484622528
qwen-3.5-flash,1,583824,desktop,41,0.0602511742958245,0.1696513157873273,4.780114505226523,0.4130120418401228,0.6282529868078913,0.0745917521529475
qwen-3.5-flash,2,583824,desktop,30,0.0285145163309811,0.1416897390865805,4.204169393906104,0.1471879285374343,0.5897945860905175,0.0462222726190702
qwen-3.5-flash,3,583824,desktop,52,0.0988546864268911,0.1691636182331944,4.292886493068871,0.4893145976121373,0.6274267474473239,0.0959298852225797
qwen-3.5-flash,2,58033d,mobile,50,0.1190279973211998,0.1994034753416046,5.567608272038683,0.394494318363016,0.4482162100403157,0.1309449910671501
qwen-3.5-flash,3,58033d,mobile,30,0.1673785856039235,0.2286596836302517,5.050684541083603,0.5181238768989289,0.52003373184772,0.1211543629292264
qwen-3.5-flash,1,58033d,mobile,30,0.3725011380251796,0.3174472047147588,4.063280853963025,1.0276450766128948,0.5595841848533016,0.2675433523694623
qwen-3.5-flash,2,5845fb,poster,51,-0.0145506335995194,0.1972706097063636,5.823983315069512,-0.1792205366160052,0.4094919913441437,-0.1312098794295695
qwen-3.5-flash,1,5845fb,poster,30,0.0651218429274012,0.2445818087115426,5.434325652846495,0.065819213803467,0.4653826499953354,-0.0620887566049149
qwen-3.5-flash,3,5845fb,poster,51,0.103101494339548,0.2404657551608016,5.158612568436538,-0.0291912235555578,0.4650980252528683,-0.0320388424230832
qwen-3.5-flash,1,587857,mobile,47,0.0358420949406294,0.1906652309008956,5.3303190492571835,0.1246224280399852,0.4356431422914592,-0.1281087410966117
qwen-3.5-flash,2,587857,mobile,66,0.0166087545637548,0.1661395408537915,6.0442104496691895,0.0212273912942788,0.3963273339528873,-0.1067767142794824
qwen-3.5-flash,3,587857,mobile,30,0.0912714813022254,0.2382285509539363,5.347969859584383,0.2418777166923623,0.4849666909969058,-0.0932776213551738
qwen-3.5-flash,1,5887a5,web,30,-0.0153630260757681,0.1207018253229346,4.991764744937699,-0.2134827807437476,0.5835139482850931,-0.0895875524025604
qwen-3.5-flash,1,58a60d,mobile,12,0.5242742662577172,0.4527121425765654,2.3301978584116796,1.0853312783016549,0.6899789314389703,0.3246236082788854
qwen-3.5-flash,2,5887a5,web,31,0.2312989411746101,0.247362562444664,2.221688270167862,0.5247870583993047,0.7406869949294156,0.1100745393023642
qwen-3.5-flash,3,5887a5,web,48,-0.0792656630406806,0.105426956704084,5.114159367236811,-0.3078525897451258,0.4544033913621391,-0.0904605175491922
qwen-3.5-flash,2,58a60d,mobile,12,0.536428243822054,0.4483373252717684,2.327465484279393,1.118440594631461,0.6884197838838786,0.3648260143335746
qwen-3.5-flash,3,58a60d,mobile,51,0.479333756723183,0.4306640017879574,1.668505157425141,0.978641596899076,0.6918039642892471,0.3213190012565626
qwen-3.5-flash,1,58b56c,mobile,52,-0.0456673170998167,0.2222713689751339,4.52930696352587,-0.4498907958732836,0.3751267592391538,-0.2502029789156231
qwen-3.5-flash,2,58b56c,mobile,15,0.0113721920647717,0.1506561777770471,6.9009226601325455,-0.1877473173589096,0.2827701239381638,-0.1297040326840398
qwen-3.5-flash,3,58b56c,mobile,50,-0.0183075179104611,0.2322547790129808,4.4145423522676115,-0.3268202612499407,0.4251155665637658,-0.1744770871947826
qwen-3.5-flash,1,58e0a1,desktop,33,0.3397940614210036,0.3331747240612953,1.7657340183672936,1.0746551709501546,0.765369933273615,0.3531881750132739
qwen-3.5-flash,2,58e0a1,desktop,30,-0.0283258071952891,0.0,11.60494423279212,-0.1003791430417762,0.0002930832356389,-0.0290753718201318
qwen-3.5-flash,3,58e0a1,desktop,35,0.3607003291423013,0.3219875045470882,1.6324701648785551,1.1581635549298008,0.774827851907214,0.3706153723133749
qwen-3.5-flash,1,591218,mobile,30,0.0061306525072799,0.1877696741070297,2.360082937736706,-0.069821708428863,0.6668937088963375,-0.1075431511519415
qwen-3.5-flash,2,591218,mobile,32,0.3104098352677282,0.3306039115128334,1.5106560095740944,0.7366825236973427,0.7227066749547795,-0.1161045428829807
qwen-3.5-flash,3,591218,mobile,32,0.0340831584177752,0.2766526701434256,2.1246683481748003,0.0162680427511684,0.626678811236914,-0.2409412650854999
qwen-3.5-flash,1,591317,mobile,32,-0.0110715651845879,0.1480838356132476,5.848958029114715,-0.2256547008976526,0.4422755056578156,-0.0705124395391273
qwen-3.5-flash,2,591317,mobile,34,0.2308777930235656,0.2922595444389507,3.781792755239116,0.4325797000920303,0.5940294070010173,0.1012834393031013
qwen-3.5-flash,1,592a12,desktop,51,0.1768463473616036,0.2311196382859304,2.4323574644412487,0.4210973323122196,0.6288395653819927,0.2303727607025447
qwen-3.5-flash,3,591317,mobile,49,0.1876681437426369,0.288042997052329,3.178987117580978,0.2974723448481762,0.6313485871251729,0.1038367727875805
qwen-3.5-flash,2,592a12,desktop,52,0.1363252411035205,0.2187425483847435,2.4210474320676436,0.3435731090578318,0.604910839418199,0.1828331531869781
qwen-3.5-flash,3,592a12,desktop,50,0.089557730882245,0.2005326966859627,2.6615279019114686,0.1924827803126176,0.6067826059707048,0.1559296938369727
qwen-3.5-flash,3,592b58,desktop,33,0.1665034964986004,0.1866154351676067,5.914324449223489,0.3613908756010068,0.5012680864670691,0.223310106041208
qwen-3.5-flash,2,592b58,desktop,33,0.1665034964986004,0.1866154351676067,5.914324449223489,0.3613908756010068,0.5012680864670691,0.223310106041208
qwen-3.5-flash,1,592b58,desktop,50,0.0927616356436588,0.1408228539153835,6.135113587432079,0.1407296542471668,0.4514468103474374,0.209092396475452
qwen-3.5-flash,3,592d83,desktop,52,0.5444665286366182,0.3878327509632543,1.9544203155928188,1.8045953563945487,0.7423935298931535,0.5458473773683559
qwen-3.5-flash,1,592d83,desktop,58,0.6363927445520717,0.3872447228393761,1.5674694136299043,2.1195901761588885,0.7764517240057607,0.6126264448661368
qwen-3.5-flash,2,592d83,desktop,30,0.5530365177471417,0.384144335528277,4.00859802479945,1.88465514629056,0.6610985760442065,0.564977915887653
qwen-3.5-flash,1,59354f,mobile,39,0.2358988353206836,0.2052906156122157,5.549177321701636,0.9864428715532358,0.5634705536098089,0.2276644478397928
qwen-3.5-flash,2,59354f,mobile,51,-0.0130743090453399,0.1419861660782349,5.70056200472224,-0.0243563874345708,0.4813206318773503,0.0039356236861664
qwen-3.5-flash,3,59354f,mobile,30,0.0623128044227457,0.1393288878835553,5.699579663896291,0.2011136042680377,0.4390890374326736,0.0536474733453223
qwen-3.5-flash,1,598d81,mobile,17,0.2898481009867443,0.2031992751100046,1.915882766996822,1.0592925680536842,0.7451563568161741,0.3313058366019656
qwen-3.5-flash,2,598d81,mobile,30,0.3291734593064167,0.1957042960523463,1.8785676242079148,1.2504549671126353,0.8152039807753343,0.3380600332871918
qwen-3.5-flash,3,598d81,mobile,33,0.1709712842041434,0.1624824021554813,2.164551279390642,0.7652511793268323,0.7490255548019272,0.2300241242660351
qwen-3.5-flash,2,599a18,mobile,30,0.094752123807607,0.2498573156968334,3.6157813984655394,0.3077127876560007,0.6644744023288566,-0.0683255036305011
qwen-3.5-flash,1,599a18,mobile,30,0.0572593862053707,0.2422868274975654,3.7467208467273583,0.3491298182266177,0.5743362520474352,-0.0522592094154842
qwen-3.5-flash,3,599a18,mobile,54,0.0626500130983236,0.2895798790633626,3.970533903992998,0.2025823274644186,0.5320871249196699,-0.0676175232766359
qwen-3.5-flash,1,59b238,mobile,58,0.1202065932720642,0.2347600010384197,4.664649370884107,0.0868873526065162,0.5266508423945712,0.0697067524141439
qwen-3.5-flash,2,59b238,mobile,30,0.2369539061714345,0.3010936957136098,3.548416373040368,0.3534058786590222,0.6444298675534629,0.1834283016244658
qwen-3.5-flash,3,59b238,mobile,49,0.1092328972689674,0.2864812208296196,2.912876689007214,0.2298212422320366,0.6408809545138828,0.0810839502104498
qwen-3.5-flash,1,59cb6e,web,30,0.0761157011310685,0.2410953255547119,3.0173378173148837,0.2625999996704919,0.6037466664506885,0.051326132794708
qwen-3.5-flash,2,59cb6e,web,51,-0.0236411472495944,0.2023319909077455,4.053582078323927,-0.0003058875693911,0.5395674620321138,-0.0254212249333292
qwen-3.5-flash,3,59cb6e,web,76,-0.0548164489416289,0.1413469698569757,4.619710650124889,0.0085021208408299,0.5608289884456275,0.014211947057132
qwen-3.5-flash,1,5a19e3,web,71,-0.0726653892756667,0.1396547131053763,5.254878220928994,-0.2424835643540111,0.4528345054711196,-0.130166840378036
qwen-3.5-flash,2,5a19e3,web,70,-0.088677528792028,0.1317202618427146,4.401711555391451,-0.3366779175299972,0.4241540875226073,-0.1160395888885918
qwen-3.5-flash,3,5a19e3,web,71,-0.0726653892756667,0.1396547131053763,5.254878220928994,-0.2424835643540111,0.4528345054711196,-0.130166840378036
qwen-3.5-flash,1,5a5935,web,41,-0.1096672695989103,0.0930464106482082,4.727702569597085,-0.4401257819007076,0.3824580807483613,-0.1560216972542842
qwen-3.5-flash,1,586b04,desktop,35,0.0759784190044864,0.1268455466072476,6.253381330208329,-0.1375959924030463,0.3582603992929269,0.0557347839974728
qwen-3.5-flash,2,5a5935,web,34,-0.1012629534515267,0.0947198933098376,4.628012429825611,-0.3951922688537421,0.3985316942736896,-0.1300973079195621
qwen-3.5-flash,2,586b04,desktop,43,-0.0433527471647089,0.0361359709328856,7.828333553612865,-0.2342705194517356,0.0652193583998196,-0.0213752434570641
qwen-3.5-flash,3,5a5935,web,43,-0.1183232200053735,0.0903522744859405,4.722311006283009,-0.4823608611374378,0.3648521969686079,-0.1487733398136318
qwen-3.5-flash,3,586b04,desktop,41,0.0200630395038925,0.0933844530302555,6.809626883597009,0.0056705296291331,0.3458551882999126,0.0327085138113867
qwen-3.5-flash,1,5a64a8,web,27,0.321254291092113,0.2783291363943962,2.6706397425369603,0.7951037451219203,0.6748895571432242,0.2699355827111806
qwen-3.5-flash,3,5a64a8,web,27,0.3354945163601286,0.2883785100644682,2.6689396045104523,0.8552152566721174,0.6777897198669591,0.2789463540941963
qwen-3.5-flash,2,5a6a69,desktop,32,0.0606224506996517,0.1902817137646112,2.47915210904181,0.1362064969976066,0.6033390952969104,0.0648426698709378
qwen-3.5-flash,1,5a6a69,desktop,30,0.100242349527725,0.2098148797179194,2.702941352182346,0.2281770474666495,0.5891871061945505,0.0027313170733307
qwen-3.5-flash,2,5a64a8,web,27,0.3126468403858717,0.2781185420988617,2.705730567565232,0.7824617253836926,0.6731261100957069,0.2609515142970061
qwen-3.5-flash,1,5a6efa,web,30,-0.0185021507586318,0.1446969627844194,3.555218913475825,-0.1268349372911542,0.4826946937470093,-0.0292124559438813
qwen-3.5-flash,3,5a6a69,desktop,30,0.2183096514275128,0.2481451016617341,2.5100081162532595,0.6741837396425098,0.6988851277468578,0.218709257744729
qwen-3.5-flash,2,5a6efa,web,30,-0.0038107810056393,0.1563650616117743,2.7817938754987,-0.1400484564551099,0.5388452445548401,-0.0604667180660661
qwen-3.5-flash,3,5a6efa,web,30,-0.0111179172614107,0.1474735077355557,3.39628623835645,-0.1455427745591761,0.5229879029966705,-0.0655192927483911
qwen-3.5-flash,1,5aa40c,desktop,47,-0.0376288028111254,0.1289475896973429,7.0557447644845075,0.1380707695513196,0.4467224614608889,-0.0844663650941862
qwen-3.5-flash,2,5aa40c,desktop,30,-0.0008796436791995,0.1576800433531815,4.199160464704892,-0.0239102317933351,0.5165630970845516,0.0623518016442338
qwen-3.5-flash,1,5a97ec,web,51,-0.020951757180574,0.1209857829789936,3.308572201840086,-0.0957044731284054,0.5635145476004144,-0.098968725598278
qwen-3.5-flash,2,5a97ec,web,43,-0.0739869478249096,0.087002232474671,4.634952651905429,-0.205840139637276,0.4947949272362865,-0.0873167441207154
qwen-3.5-flash,3,5aa40c,desktop,51,0.0460954068264874,0.181070529306304,3.114545833488707,0.0975313882424621,0.6071890720398676,0.1320481484995427
qwen-3.5-flash,3,5a97ec,web,42,-0.0639344091755506,0.0898526125838824,4.497817858452477,-0.1629948641318554,0.5113240824356293,-0.0692707063683177
qwen-3.5-flash,3,575851,poster,36,0.1099549270053587,0.1345071978378557,5.785547148801526,-0.1674716098058373,0.3408671996892039,0.0785464292102338
qwen-3.5-flash,1,5ac518,web,17,0.021432975797681,0.1751332270091785,3.674744534629972,0.0447716354463346,0.6101609440763873,-0.0043680244363679
qwen-3.5-flash,2,575851,poster,36,0.0646739501376992,0.1052809091264618,6.232869655899027,-0.1899488162671522,0.1869197217044171,0.0521696355765912
qwen-3.5-flash,2,5ac518,web,44,-0.1566099955081161,0.0985576711350161,4.539922424511033,-0.4135675095604721,0.4317549259426958,-0.0078792359904085
qwen-3.5-flash,3,5ac518,web,56,-0.0920352357598352,0.1544351718717812,3.234051085357417,-0.2114168315211151,0.4997670393278201,0.0293565109749848
qwen-3.5-flash,1,575851,poster,56,0.0686027799228907,0.1264605063494925,6.035136829946926,-0.177864367852001,0.2789426334707933,0.0644348579794218
qwen-3.5-flash,2,5b04c4,web,48,0.3976113192128819,0.3129347659763689,1.5812576176595814,1.3899830726853717,0.7785452599188007,0.2129451950271451
qwen-3.5-flash,3,5ad367,poster,30,-0.0239843997884594,0.2230132314746875,4.842084187816453,-0.0455280398124719,0.3974448550212062,-0.0417291180192754
qwen-3.5-flash,1,5b04c4,web,37,0.2990435591590144,0.2649078838676327,1.7929570668267274,1.1811362850782594,0.7460384050981212,0.1842560285566908
qwen-3.5-flash,1,5ad367,poster,30,0.0279951863886099,0.2481760273720029,4.591996095408427,0.0574223771940973,0.4471218390164645,0.0114412175953437
qwen-3.5-flash,2,5ad367,poster,32,0.1105302106834274,0.2839413785621461,3.7135721213013113,0.2228794967011348,0.5171870239662553,0.090605718253953
qwen-3.5-flash,3,5b04c4,web,40,0.2127232276007111,0.2362171728920379,1.8194522877429755,0.8137426388295054,0.738752979942713,0.1144054286517797
qwen-3.5-flash,1,5ae7ba,poster,50,-0.0114366758668001,0.1322539852376999,7.006624343531374,0.095361365609137,0.410673088419475,-0.0139461461498793
qwen-3.5-flash,2,5ae7ba,poster,51,-0.029163506920329,0.1558432233012009,6.054728881056465,-0.0784422328026628,0.4217621341953189,-0.0312752612736946
qwen-3.5-flash,3,5ae7ba,poster,30,-0.0103040630929362,0.1505450595503499,6.8316004329516895,0.0047215731230051,0.4192020723754311,-0.0306682932409329
qwen-3.5-flash,1,5b51c9,mobile,44,-0.0063635018968851,0.1137553496726954,6.249332222649469,-0.2625866817281133,0.555060960370034,-0.2213903749180377
qwen-3.5-flash,2,5b51c9,mobile,50,0.0337396829428653,0.1502159864145243,5.1745739376826805,0.0447531976507144,0.6404597757922249,-0.1918923822779989
qwen-3.5-flash,1,5b5a0c,desktop,31,0.2061085764105325,0.2477476394914363,3.8740164337991474,0.5803964718048484,0.5779588374163831,0.2109591030904307
qwen-3.5-flash,2,5b5a0c,desktop,84,0.2979588746022933,0.3240554944900458,2.7435048106168116,0.8232790117337602,0.6846867116543789,0.2693740472940013
qwen-3.5-flash,1,5b0cba,poster,31,0.0367686930527247,0.2284843211386938,4.235760892380722,0.077710515172948,0.51646834740209,0.004737078567343
qwen-3.5-flash,3,5b0cba,poster,35,0.056185006885808,0.2744212541487014,3.1372027010827077,-0.0883855859351444,0.575779964768022,0.0123891554616382
qwen-3.5-flash,3,5b5a0c,desktop,51,0.1846619076120794,0.2743533087188949,2.501162340575206,0.4314749964742869,0.6633461815538236,0.1526967262052406
qwen-3.5-flash,2,5b0cba,poster,34,0.0327674260426102,0.2496027778269044,3.907811998100528,-0.0696046356830753,0.5071897311679783,0.0034788622624134
qwen-3.5-flash,3,5b51c9,mobile,81,-0.0973665227057451,0.0146361454759412,10.186110550791248,-0.3510032139440999,0.1188509945629392,-0.1952190601068076
qwen-3.5-flash,1,5baa74,web,30,0.5590185666591924,0.4126643591916391,5.381653681921222,2.461290667215396,0.6515362674391061,0.5142258597527085
qwen-3.5-flash,3,5baa74,web,34,0.1699201024160606,0.1523162990664139,2.729032665312089,0.75681660524,0.6928319963832043,0.1460195272865293
qwen-3.5-flash,2,5baa74,web,30,0.2367657540828295,0.2303221353981183,4.566475518526474,1.0030473949281986,0.6823204876960285,0.1506957855235099
qwen-3.5-flash,1,5b5e85,mobile,51,0.3050079728159486,0.3376857209070287,3.0447595934736493,0.9998783993884616,0.7669437719037454,0.2319071194696065
qwen-3.5-flash,1,5badb5,web,53,0.0187575966942795,0.2223302724680446,3.2298429666260593,0.1483949901174424,0.5761315804999031,-0.0263163835387883
qwen-3.5-flash,2,5badb5,web,60,-0.0354224334030064,0.1839899625492799,4.762312565158112,-0.0042049978613848,0.4763210306996576,-0.0733761100391842
qwen-3.5-flash,3,5badb5,web,30,0.0664380129491691,0.1448502712747617,7.8812474613744365,0.1177991797168895,0.3295549466561221,0.0092185106047544
qwen-3.5-flash,3,5b5e85,mobile,57,0.4963358026033866,0.4294314299514988,1.9968193844758344,1.737043004759126,0.7965280941177594,0.3718232704748819
qwen-3.5-flash,2,5b5e85,mobile,59,0.5743494122778295,0.4733192071976909,1.7302144915164444,1.852366088074028,0.8302055844565476,0.4629164721131136
qwen-3.5-flash,3,5b9261,mobile,31,0.126801846359143,0.2255100765070168,3.4550056685632455,0.4760768352969349,0.6694017674729917,0.0903886157075709
qwen-3.5-flash,2,5b9261,mobile,31,0.137908131203203,0.2297629667476032,3.4126080260750173,0.4714563394760547,0.6721281254507876,0.0961259994712176
qwen-3.5-flash,1,5b9261,mobile,31,0.126726725980116,0.2255100765070168,3.455007664999696,0.4757947962466747,0.6697713828025604,0.0903843211141136
qwen-3.5-flash,2,5be5fa,web,42,0.0692317006101705,0.1149563385204874,3.4413251595215675,0.3924853650985878,0.7994050711708541,0.0694294889038961
qwen-3.5-flash,3,5be5fa,web,43,0.0591774229910008,0.1090309626460811,3.4955738800934517,0.3453518897759468,0.7946627743755679,0.0605757330257577
qwen-3.5-flash,1,5be5fa,web,61,0.0243401674344178,0.0846740313623145,3.833102668784226,0.1342038315717279,0.7736585508438664,0.0287655374734377
qwen-3.5-flash,1,5bcc14,mobile,31,0.2141475836390315,0.2945208581760541,3.9236163296740543,0.5926046676999492,0.6579887112012557,0.1571106386912931
qwen-3.5-flash,3,5bcc14,mobile,30,0.1806183635584413,0.2362666689481932,4.793143124199176,0.3809147979497757,0.559044088319544,0.1272176162747837
qwen-3.5-flash,2,5bcc14,mobile,30,0.1624937754912872,0.2094971942409367,4.8211941881671825,0.304463874294385,0.5480354181123728,0.1139331840316465
qwen-3.5-flash,2,5bdff0,mobile,47,0.1563902837231263,0.2540303532857098,3.775062305637201,-0.0184381617693817,0.5573419174540661,0.1083044124989641
qwen-3.5-flash,1,5bf483,poster,52,0.2752040251665736,0.2744209831990543,1.8006105239707135,0.9161843966432937,0.7582035792041993,0.143287374442088
qwen-3.5-flash,3,5bdff0,mobile,53,0.3347885589369133,0.3959990398767379,2.5284183061152445,0.4465637098782122,0.7526551215973794,0.2889863962964501
qwen-3.5-flash,2,5c0bcf,desktop,35,-0.1496775416518478,0.2666796897477502,1.6912367422474963,-0.2246294973530762,0.4181795152530001,0.0994319869060171
qwen-3.5-flash,1,5bdff0,mobile,29,0.1247679684393741,0.2502981636319498,3.685111909942695,-0.0688690275365174,0.5886007429282698,0.0616679687993395
qwen-3.5-flash,3,5bf483,poster,53,0.2030341761170845,0.2397370451149939,1.908793197971513,0.5571712600929275,0.6987844051582923,0.1008839142208272
qwen-3.5-flash,2,5bf483,poster,50,0.2708620591107433,0.257540350446778,1.8154036590760247,0.7684915645974195,0.7088145191522093,0.1531862394393914
qwen-3.5-flash,1,5c0bcf,desktop,53,-0.1906954631822849,0.2571305177338162,1.7774736603636283,-0.3052802380503925,0.4132381476105312,0.0306359924473131
qwen-3.5-flash,3,5c0bcf,desktop,43,-0.1140144050997008,0.2817532139577187,1.5634842610850517,-0.1854266356596279,0.4047398108285595,0.1019206692606151
qwen-3.5-flash,1,5c5b71,web,42,0.1587768211471709,0.2513425487685652,1.9682817587888384,0.449287211474725,0.6628844446223249,0.1111283617162802
qwen-3.5-flash,3,5c5b71,web,42,0.1732196907681568,0.2587954289274148,2.074803535793856,0.4747160396122913,0.640115208017427,0.1487042179522558
qwen-3.5-flash,1,5c88b8,web,52,0.1160984721054477,0.2129879752658866,2.3566412382740825,0.3191441802475815,0.7073463025596352,0.1398152537817781
qwen-3.5-flash,1,5bfe3d,poster,38,0.0220309624690792,0.1951450383323699,4.408230878207082,-0.0982018294328465,0.4650391354952845,-0.0405948703607992
qwen-3.5-flash,2,5c5b71,web,42,0.1895582242972254,0.2632947942600053,1.9484911904551023,0.5352583789769378,0.659663294176585,0.150306911996037
qwen-3.5-flash,2,5c88b8,web,22,0.1729047057480358,0.2406610307353767,2.2015991040237424,0.5043086121384553,0.7391879604587908,0.1725077786177273
qwen-3.5-flash,3,5c88b8,web,32,0.28252424620512,0.2973864730225385,1.9542505245005557,0.7608025586941732,0.7562250714879968,0.2455657486850668
qwen-3.5-flash,3,5bfe3d,poster,19,0.0017086401884523,0.1602819774996146,5.509728578189567,-0.1066260003265981,0.4386905660746576,-0.0100860695008893
qwen-3.5-flash,2,5bfe3d,poster,32,0.0639118449199134,0.2212726426058111,3.805621445999555,-0.0483209210251728,0.5317273752380478,-0.0663524076233792
qwen-3.5-flash,1,5cadcf,mobile,33,0.1453115199194206,0.2183104970728268,4.70214199551584,0.8190729779006921,0.5991314992320642,0.0691168532871386
qwen-3.5-flash,3,5cadcf,mobile,30,0.1497388173841763,0.2221399913897883,3.764312914465093,0.9715812942163936,0.6339097547581529,0.1142327031504291
qwen-3.5-flash,1,5d47cf,mobile,19,0.0310751548970488,0.2128083099065683,5.223829139376317,0.7591015018047854,0.5079144200831471,-0.0385154953559798
qwen-3.5-flash,2,5cadcf,mobile,30,0.0388159526969937,0.1650219885880152,4.417217865013693,0.2140508916377013,0.6083852197276554,-0.0294563984534305
qwen-3.5-flash,2,5d47cf,mobile,30,0.0951860081339219,0.2534941050183045,4.444725960780322,0.782964418314115,0.5479380295681701,0.0385191703120796
qwen-3.5-flash,1,5cfc08,poster,299,0.1867372935043799,0.2119221615785814,4.216680235151432,0.6778362530806562,0.6937497362333964,0.1035412861186039
qwen-3.5-flash,3,5d47cf,mobile,16,0.0224822141341509,0.1962265447940054,5.515501438164149,0.6439856990603625,0.4875935213922718,-0.0403912940086888
qwen-3.5-flash,2,5cfc08,poster,79,0.0040774280121093,0.1190919605895108,4.2935803406304105,0.0122898245582029,0.5144757329004868,-0.0158800234253605
qwen-3.5-flash,1,5d4c5e,desktop,30,-0.1098398991517047,0.0471190659111519,9.09068447471109,-0.2835795172915547,0.2696324254571084,-0.1235933518920536
qwen-3.5-flash,3,5cfc08,poster,51,0.1188635423106556,0.1676041834900393,5.530556347449968,0.3845787167933746,0.594086454788035,0.0610201830909842
qwen-3.5-flash,2,5d4c5e,desktop,33,-0.0757312326844457,0.0681335663404456,8.643894055151875,-0.2370350063935258,0.2968890257563174,-0.1247723879140113
qwen-3.5-flash,3,5d4c5e,desktop,56,0.0395752545483531,0.2100489165374592,2.356684317458249,0.0410798100711218,0.5125189836310726,-0.0802200484888101
qwen-3.5-flash,1,5d66d2,poster,30,-0.031086547599273,0.011257845167842,11.511136250606514,-0.1416135390665893,0.046111210057682,-0.0453594863874196
qwen-3.5-flash,2,5d66d2,poster,30,-0.031086547599273,0.011257845167842,11.511136250606514,-0.1416135390665893,0.046111210057682,-0.0453594863874196
qwen-3.5-flash,3,5d66d2,poster,30,-0.031086547599273,0.011257845167842,11.511136250606514,-0.1416135390665893,0.046111210057682,-0.0453594863874196
qwen-3.5-flash,1,5db7bc,poster,51,0.1217825045930942,0.2226769908980332,1.9628445418574136,0.3706521392861227,0.6099826990858813,0.1468575305324554
qwen-3.5-flash,2,5db7bc,poster,54,0.2148519216812336,0.2352395405531422,2.099009026451113,0.559898548227967,0.6539125497893802,0.2870734736465214
qwen-3.5-flash,1,5d7115,web,53,-0.0005455062782009,0.1183930075376844,3.253507408841237,-0.1475328226856193,0.5101158292389911,0.0658359305122414
qwen-3.5-flash,2,5d7115,web,65,-0.0729940801633953,0.10963635426664,3.396755239090123,-0.3211786435566654,0.4398888022773985,0.0077200945513981
qwen-3.5-flash,3,5d7115,web,52,0.0365682160649267,0.1479305514765887,2.975887409152656,0.0211315176091025,0.5993053383963421,0.0822419813313386
qwen-3.5-flash,3,5db7bc,poster,53,0.2056682863947855,0.2314999570903955,2.153400082265328,0.5597111340168545,0.6479379002851248,0.2848189909634886
qwen-3.5-flash,1,5dbe49,desktop,34,0.1272241970070051,0.2684647391351533,1.9366526815467544,0.3714423757236649,0.6397192513321203,0.1397075192028431
qwen-3.5-flash,1,5dd542,poster,95,0.0694678935526569,0.2161385029130058,2.5405707366259516,0.0775997831078518,0.6133516276840837,-0.2165249821402028
qwen-3.5-flash,3,5dd542,poster,29,0.2491830833688501,0.2888602733665543,2.261502469749103,0.5927576118866626,0.6984378433628025,-0.3938787339078294
qwen-3.5-flash,2,5dd542,poster,52,-0.036144527785532,0.1323499088039941,2.589097049879425,0.170816132953617,0.6586697556894584,0.0601217857351949
qwen-3.5-flash,3,5dbe49,desktop,30,0.2481108908847444,0.3072310698898972,2.898943394536408,0.6480268162062678,0.6655520137184535,0.193169090877073
qwen-3.5-flash,2,5dbe49,desktop,31,0.060837115605109,0.2439950247831013,2.0313885219836747,0.182562162590917,0.6086429867515278,0.1038490330988377
qwen-3.5-flash,2,5e22c9,poster,53,0.2670198285736313,0.2138305545232192,1.8926402577824817,0.7495752416814048,0.7119009098534591,0.3204390101341566
qwen-3.5-flash,1,5e22c9,poster,51,0.2398242789001897,0.1970995412447166,1.9887465260918584,0.7652230017502986,0.7414738823510478,0.1334263774450366
qwen-3.5-flash,3,5e22c9,poster,52,0.2056670510952214,0.1956840091893787,2.025670712166169,0.5613594806842401,0.6554631880825897,0.2663151706832331
qwen-3.5-flash,1,5e0dee,web,45,0.1087249018932871,0.2091676520260894,2.8881687869143025,0.3268246279510764,0.6024648215742914,0.2159845243830139
qwen-3.5-flash,3,5e0dee,web,49,0.2299996616823348,0.2742125592286233,2.2938989547891806,0.7371139835047955,0.7093110118267554,0.2707574272752006
qwen-3.5-flash,2,5e0dee,web,49,0.1873678586077327,0.2349934612337011,2.4351029973562315,0.6281411050383003,0.6735087344097055,0.2911043059101735
qwen-3.5-flash,1,5d7024,poster,30,0.007334297862792,0.1591607771947917,7.61036065393666,0.1004857724251496,0.3535578250612313,-0.0321927570703429
qwen-3.5-flash,2,5d7024,poster,30,0.0060078641267479,0.1486761806475075,6.79075186932141,0.1196885147046041,0.4622333504975143,-0.018959254501299
qwen-3.5-flash,3,5d7024,poster,49,0.0025252152541725,0.1713861411275295,5.8954657544103695,0.0455742966594364,0.4772637185576116,-0.0217676562081918
qwen-3.5-flash,1,5eb5e5,desktop,10,0.2874463719783646,0.2913564686092351,2.5321664384553246,0.9143962646574734,0.7526724090743805,0.2033252193865473
qwen-3.5-flash,3,5eb5e5,desktop,30,0.2909008901239631,0.2641900981629791,1.880563796634132,0.938665124646628,0.8152623258577452,0.2295975659538695
qwen-3.5-flash,3,5e2ff9,mobile,8,0.2989241508680745,0.3143269871728573,3.673342830754714,0.7028352409319054,0.6427575831006168,0.2339375495622461
qwen-3.5-flash,2,5eb5e5,desktop,30,0.3728634147039766,0.2953977566565701,1.6922129429366612,1.2434415811351074,0.8349033053392375,0.2886739970004245
qwen-3.5-flash,1,5ee443,poster,38,0.1740720421733507,0.3879798420061695,1.7775416487258482,0.4208619267808518,0.6488682465425532,0.0476906738839031
qwen-3.5-flash,2,5e2ff9,mobile,76,0.2560058946453382,0.3143485995445654,2.165031248301945,0.7174398800345446,0.7151538373401561,0.0855905061087284
qwen-3.5-flash,1,5e2ff9,mobile,30,0.2063802891409314,0.2571006048796602,2.6584881307831383,0.1751701696218968,0.7035237532913052,0.1420249652221021
qwen-3.5-flash,3,5ee443,poster,49,0.0034269920616135,0.3453453226189495,2.2858028830240587,0.1164557436541126,0.5770099376607175,-0.1340726008828885
qwen-3.5-flash,2,5ee443,poster,51,0.0409854931430757,0.3615542913287503,2.0051403065530455,0.1522053003810898,0.5585796069737115,-0.120831854476008
qwen-3.5-flash,3,5ea384,poster,47,0.1233999685199294,0.2058511158481428,2.990260806472091,0.7768440881312586,0.7209790329397037,0.1404851559183921
qwen-3.5-flash,1,5ea384,poster,30,0.0718990173502412,0.1815361249300937,4.756583940554281,0.1731562770283747,0.6044576695536934,0.0669791551857526
qwen-3.5-flash,2,5ea384,poster,49,0.088468669342629,0.1793271317706172,5.071944001783651,0.7622332627436095,0.6293485257675578,0.0930264108109047
qwen-3.5-flash,1,5f1d69,web,61,0.1788729823693221,0.2309080941112842,2.2166013761089376,0.3940706357618467,0.6446531530184642,0.0605986601712878
qwen-3.5-flash,1,5efd27,mobile,31,0.0748347417050748,0.2710816655447436,4.084413806957309,0.1510900390990115,0.5435423066864036,-0.0395596539380021
qwen-3.5-flash,2,5f1d69,web,58,0.2244981636855288,0.2440007392121451,2.1264440179466364,0.5073274967087995,0.6511244419044182,0.0862198381496218
qwen-3.5-flash,3,5f1d69,web,58,0.2103197026017377,0.2386752771726455,2.1545162219365417,0.4673513732728068,0.6490874501887808,0.0808065694474753
qwen-3.5-flash,3,5efd27,mobile,34,0.0229797458530301,0.2641744993478205,3.74522343363525,0.0168389215723228,0.5218331815278143,-0.0845923059281938
qwen-3.5-flash,1,5f07a6,mobile,31,0.0284322815372002,0.2193824874959429,3.8215895110054254,0.0718237740296823,0.4754249682772106,-0.0176477966759809
qwen-3.5-flash,2,5efd27,mobile,35,0.0313980750447641,0.2747026870582032,3.6845967519153993,0.0262491825428154,0.5399946145107977,-0.070639228029094
qwen-3.5-flash,2,5f07a6,mobile,32,-0.0455196819687085,0.1815991236126043,4.781031019711448,-0.3835284039756605,0.423388431380747,-0.099998233800678
qwen-3.5-flash,3,5f07a6,mobile,34,-0.0588320394913154,0.1747828252463805,4.817582498527046,-0.3415368944641095,0.3955953307992116,-0.0987539612110417
qwen-3.5-flash,2,5fb771,web,46,0.0230374651527983,0.1411605497081607,4.1485581293837726,0.0047221659595419,0.5232228833222833,-0.0669873361942429
qwen-3.5-flash,1,5fb771,web,42,0.1725770516485123,0.1956436888393307,2.775167958644607,0.3718716678575104,0.6152311140816786,0.0960231478497982
qwen-3.5-flash,3,5fb771,web,45,0.1282975560241069,0.1746086574510692,2.787689313601538,0.2897433205618884,0.6180629189224884,0.0416243395889688
qwen-3.5-flash,1,5f4902,poster,30,0.0766655146663872,0.2164690682410244,6.00464623879539,0.535956099299552,0.5303958283323534,0.0654075653037835
qwen-3.5-flash,3,5f4902,poster,51,0.1095955406297768,0.2372457137883091,6.019075622425032,0.6333874133658772,0.5298603579644208,0.1141233164665398
qwen-3.5-flash,1,5fc8c2,desktop,36,0.2377000097598351,0.2926093462242421,1.5551752109606922,0.5216713758793373,0.6785626622960889,0.1384120098502232
qwen-3.5-flash,2,5fc8c2,desktop,34,0.3418816358559018,0.3520866814194455,1.3904537328424995,0.7595572279392325,0.7373028589974051,0.2121257706819456
qwen-3.5-flash,3,5fc8c2,desktop,54,0.3037894672718285,0.3491367444568268,1.4574658633920976,0.6523371150769252,0.730876654073348,0.1526002172749567
qwen-3.5-flash,2,5f4902,poster,53,0.1834544652392201,0.2711727146476983,3.142657935284652,0.9566272852832274,0.7862894710709278,0.1496466147405874
qwen-3.5-flash,1,5fd00b,desktop,50,0.0108260716425582,0.1803994390644555,2.493695446414203,0.1645840567721725,0.6086593515102493,0.0593517192748546
qwen-3.5-flash,1,5fcb22,poster,49,-0.1086046438116232,0.1201951499288521,4.16196453189127,-0.451287470977305,0.3770274361757688,-0.0889708303742994
qwen-3.5-flash,1,5f562b,poster,30,0.0447824352994028,0.2231010718353671,4.564374282517452,-0.0350165157833689,0.4296964417561985,0.0316934970716922
qwen-3.5-flash,2,5fcb22,poster,54,0.0030967625250741,0.1783332111043019,2.577109759077249,0.0415540403461481,0.521532898701548,-0.0137923984258708
qwen-3.5-flash,3,5fcb22,poster,50,-0.0095761006680948,0.1741536111170266,3.861487391951544,0.0414788475607685,0.5037899548811687,-0.0570896829892847
qwen-3.5-flash,2,5fd00b,desktop,38,0.0037703527722792,0.1803406362946663,2.229454924737949,0.1024772070306169,0.65171497979276,0.0295574720506238
qwen-3.5-flash,2,5f562b,poster,30,0.1084258775478184,0.2733663791746157,3.905282741793808,0.4487986136218475,0.5293628210305139,0.1076177827026134
qwen-3.5-flash,3,5f562b,poster,34,0.0466065686403541,0.2257446792350529,4.936809539243421,0.4118682466223574,0.4257738013447779,0.0429698674235298
qwen-3.5-flash,3,5fd00b,desktop,48,0.0554211345276694,0.2060167239995267,2.185075389792241,0.3615287977705272,0.6477864656995734,0.0552177158674183
qwen-3.5-flash,2,5fe2ce,web,36,-0.0267487127960022,0.1948283523099016,3.0009779253817963,-0.0332075772114022,0.500988794888873,-0.0473091189592556
qwen-3.5-flash,1,60593d,web,30,0.1966535939270896,0.3295908056177822,1.49619106043696,0.3599799655346517,0.6710338188525719,0.1695202356578526
qwen-3.5-flash,1,5fe2ce,web,47,-0.0452013382855831,0.1904776805795055,3.425335395980259,-0.0556127152121572,0.5011910679926024,-0.0714897477004714
qwen-3.5-flash,3,60593d,web,30,0.113267973887279,0.3003629270305805,1.6264367844417458,0.2025943523153813,0.6457846490720949,0.1058537341217225
qwen-3.5-flash,2,60593d,web,30,0.1627260349612889,0.3207023570916122,1.5042456757805964,0.4053062439121933,0.686207314475807,0.1260788244888992
qwen-3.5-flash,3,5fe2ce,web,55,-0.0723035922379599,0.1654630077921592,3.3299457112540116,-0.1614749565710833,0.4804598976188343,-0.0732592670117694
qwen-3.5-flash,3,6047d3,web,18,0.1122989210322089,0.2160283256421451,3.4947427272049216,0.510751585680224,0.6085878071082017,0.0638944750545321
qwen-3.5-flash,2,6047d3,web,20,0.1811730682601155,0.2570718788902093,2.2676958822656874,0.748866534521939,0.6935320416781474,0.1044118677106396
qwen-3.5-flash,1,6047d3,web,52,0.1344384980891316,0.2446686413195153,2.981837779843937,0.469539147258932,0.6430981421553034,0.0989221509617049
qwen-3.5-flash,1,609262,web,36,0.2878340312157448,0.2841581314683693,1.7226693619358902,0.9420656793201008,0.7816557832683769,0.1988640123076395
qwen-3.5-flash,1,60ab80,web,36,0.1832175327787235,0.253302199458724,1.9991512560087736,0.570708690396183,0.7042658806261387,0.1140722790998681
qwen-3.5-flash,3,609262,web,35,0.2607326368383286,0.2841021593974018,1.8483898575122848,0.8595454183662097,0.7649529756978325,0.1555968667554086
qwen-3.5-flash,2,60ab80,web,35,0.1943166131057796,0.253220049737864,2.3171498200203784,0.5368253046062006,0.680338987333901,0.0856238984985976
qwen-3.5-flash,3,60ab80,web,36,0.1762163082585927,0.2692408754036878,2.038745019267449,0.4750153852661545,0.6838087434752644,0.0321641381638829
qwen-3.5-flash,2,609262,web,43,0.2474472687464144,0.2599627106146365,1.8364170108389688,0.7600398141756121,0.7530460369941221,0.1971211440236523
qwen-3.5-flash,1,60caa9,web,30,0.1403608949371436,0.221105073756786,2.5869510335110006,0.2718973299357798,0.5968136757778155,0.1489253770542009
qwen-3.5-flash,2,60caa9,web,28,0.1673928164081096,0.2308032915847678,2.5090555772264973,0.4040263395872082,0.6288538504010304,0.182330135882943
qwen-3.5-flash,1,605f70,mobile,54,-0.0127623666515941,0.2014075875605722,3.5345024795320548,0.1023234295494677,0.5426010537869435,-0.0196431852415429
qwen-3.5-flash,3,60caa9,web,29,0.1399649425094722,0.220567320695351,2.5142492232810674,0.3333680238841287,0.6158092213722378,0.1634715095381338
qwen-3.5-flash,2,605f70,mobile,51,0.0372621030669354,0.2457477106928428,2.787654235039936,0.060754508670023,0.5906990466548929,0.020373233731662
qwen-3.5-flash,3,605f70,mobile,51,0.1187888055041519,0.2673606861238244,2.5593347603858083,0.5674553461791013,0.6861378389163312,0.1030483906682318
qwen-3.5-flash,3,60b012,mobile,51,0.1342690194498697,0.3044081595326091,2.777448221228672,0.2422104331569679,0.5859980872548167,0.1819449621392527
qwen-3.5-flash,2,60b012,mobile,51,0.1858622747670483,0.2712568689938111,2.904630953382231,0.3808120529465338,0.5881382426255737,0.1729557093262717
qwen-3.5-flash,3,60fd02,poster,31,0.043238824750392,0.1886688595459358,4.537205523098683,-0.019255587505075,0.5064054107297759,-0.0201841578150056
qwen-3.5-flash,1,60b012,mobile,30,0.1742321281800058,0.2877623064352669,2.956962158962278,0.2503806519744018,0.5951716994739802,0.1401899235634688
qwen-3.5-flash,1,60fd02,poster,50,0.0085261228091441,0.1852122766066174,4.135480832888873,-0.1791901598207405,0.416160773321232,-0.0969321814061854
qwen-3.5-flash,2,60fd02,poster,30,0.0171762279382378,0.1782800160740633,4.70431781250567,0.1045978870549083,0.5450387937371945,-0.0257896819137895
qwen-3.5-flash,1,61707e,web,39,-0.1321918968117583,0.1555541508453226,3.8014976153456272,-0.4145497023517942,0.4082247007631848,-0.1307979845240657
qwen-3.5-flash,2,61707e,web,39,-0.0588335858858113,0.2050521546245095,3.0420348961803185,-0.0989811696482974,0.4889320633833655,-0.0583391759843201
qwen-3.5-flash,2,6177fb,desktop,46,0.1190375940629681,0.1858576850776899,3.2256194246635213,0.2223023346825506,0.5496617315694188,0.0903642138543373
qwen-3.5-flash,2,614eae,mobile,54,-0.0562368848837524,0.0698987629865651,8.127421765817312,-0.086852624368895,0.2274711889540214,-0.0174830391541191
qwen-3.5-flash,1,6177fb,desktop,157,-0.1350458935261366,0.1426455734218246,3.4130035446283817,-0.3880569286738765,0.4191749715661861,-0.0855114439353394
qwen-3.5-flash,3,61707e,web,37,-0.12120605604418,0.1651717414692106,3.664676301803326,-0.3734107758834266,0.4155765891349975,-0.1221084613696352
qwen-3.5-flash,3,6177fb,desktop,48,0.1808576682087579,0.2387236943280146,2.3884654397215184,0.5294867078368244,0.6542344734574255,0.1313398737147088
qwen-3.5-flash,3,614eae,mobile,52,0.0120011024318753,0.2051007435288994,6.376168111352999,0.2219924768464737,0.420330918094996,0.0025767392964452
qwen-3.5-flash,1,614eae,mobile,53,0.0813283426261271,0.236879213439647,4.848533567974403,0.3202950487134226,0.4480557681346573,0.0362554945706183
qwen-3.5-flash,1,6193f8,web,54,0.0578733892990532,0.2613092203648657,1.973407870325188,0.278810887484605,0.5846717489196016,-0.0074123760397935
qwen-3.5-flash,1,61a9f0,desktop,49,0.1389497623936559,0.1859475787416622,4.609514701469675,0.5421877265812068,0.6269838450660267,0.0954251128585183
qwen-3.5-flash,2,61a9f0,desktop,65,0.1007693058482874,0.180852870177317,4.313532622565931,0.3274998570591353,0.629112533001501,0.105391712916735
qwen-3.5-flash,2,6193f8,web,52,-0.0088563729512867,0.2353001015957885,2.2313422819253117,0.1060125369973125,0.5745185814152132,-0.0777612858850996
qwen-3.5-flash,3,6193f8,web,49,0.2562596622370724,0.3548579411297121,1.6319300700495794,0.6575546432085672,0.6894685734864446,0.0744904829232013
qwen-3.5-flash,3,61a9f0,desktop,224,0.0639635625428852,0.1462685900584126,2.459158870411057,0.1326942658933186,0.4381538622608015,0.2679473756413289
qwen-3.5-flash,1,61a325,web,35,0.0701531821162315,0.2272641201495263,2.394264261152754,0.0811044005748106,0.59178401858541,0.018302783652139
qwen-3.5-flash,2,61a325,web,35,0.0721455227703596,0.2240823540293979,2.4179597633635854,0.0856300168187981,0.61249515074171,0.0435242137483305
qwen-3.5-flash,3,61a325,web,35,0.1733790292979267,0.2640593919617805,2.206767857660937,0.4351194177292756,0.6554752132559813,0.1052298218736707
qwen-3.5-flash,1,623ccb,mobile,30,0.0121119477762353,0.3327941769509633,1.922224307463277,0.0538665706815481,0.5320240987115059,-0.0709235510137228
qwen-3.5-flash,2,623ccb,mobile,32,0.0636268851421354,0.3410996256772569,2.0259876826369747,0.1603633850799143,0.5734278888271692,0.0614507989327936
qwen-3.5-flash,1,61ea3d,desktop,104,0.3054461018070183,0.2722543623143128,2.9264404084437947,1.1120240304511273,0.7434992359338337,0.2620395928602179
qwen-3.5-flash,3,623ccb,mobile,51,-0.0112055226185236,0.3051328997202012,2.38816347547844,0.0642166504940038,0.52026845040533,0.0187959563119385
qwen-3.5-flash,3,61ea3d,desktop,52,0.5055999565175338,0.4082085981146399,2.570120144399559,1.6575401852519824,0.7912674370501932,0.46974527788729
qwen-3.5-flash,2,61ea3d,desktop,50,0.1326470243149686,0.1923740126944746,2.4407841506215666,0.6329642928021435,0.7210344490790568,0.1204732652987751
qwen-3.5-flash,1,628715,desktop,49,0.4894616309422052,0.293767067842559,1.5638282271405222,1.4697178849986687,0.7534324691080796,0.3625926672037617
qwen-3.5-flash,2,628715,desktop,50,0.4371947460524282,0.2760197673503035,1.7235201127277744,1.3009882768555536,0.7166966164953394,0.2721811478204832
qwen-3.5-flash,3,628715,desktop,50,0.401760550553983,0.2848852903021051,1.5326942497016498,1.1271386243517785,0.78629342948267,0.2298053241600637
qwen-3.5-flash,1,61e6d0,mobile,34,-0.0394034332702132,0.1553098147205041,4.832029655828865,-0.3693698298063688,0.4461537852578542,-0.0729166883680491
qwen-3.5-flash,2,61e6d0,mobile,32,-0.0261497004083342,0.1642589416261251,4.6471791103392235,-0.3603465237063618,0.4432398474269892,-0.0735661762021951
qwen-3.5-flash,3,61e6d0,mobile,20,-0.0417741523314198,0.1417688363600736,5.252839050907146,-0.3265414317473301,0.4176056343571531,-0.0618869076482015
qwen-3.5-flash,1,6294a2,desktop,12,0.205109057117374,0.25662063915689,2.0982653689407424,0.6795528839718212,0.7368178490501915,0.1090331367145019
qwen-3.5-flash,1,624c91,mobile,51,0.08434919530349,0.3493905679117489,2.633798139311849,0.0624308752581058,0.5528539073074784,0.0466852249190705
qwen-3.5-flash,3,6294a2,desktop,12,0.179811891365628,0.251350212178874,2.1362629965262236,0.5844096526456624,0.7279088693495218,0.0766893400850993
qwen-3.5-flash,3,624c91,mobile,30,0.0522857239846687,0.2738771338981863,3.764826046384611,0.2143391805058881,0.546174603095805,0.0414182726235673
qwen-3.5-flash,2,624c91,mobile,51,0.0720969287950612,0.3335690710621161,2.9271043730768493,0.1739173316121083,0.5782136743063389,0.0390547147622359
qwen-3.5-flash,1,62f428,mobile,50,0.3929659488800268,0.3903181839366555,2.6471693608788063,0.6150287308223636,0.5991752642202545,0.1437852479676586
qwen-3.5-flash,2,6294a2,desktop,12,0.179811891365628,0.251350212178874,2.1362629965262236,0.5844096526456624,0.7279088693495218,0.0766893400850993
qwen-3.5-flash,1,628c6e,poster,52,-0.0172708960344278,0.1840762262693022,2.935278291222924,-0.0134685237097038,0.5177998642742947,-0.0176763852182161
qwen-3.5-flash,2,62f428,mobile,50,0.3917546901632946,0.3901025489285351,2.6486481140370963,0.6158491891590531,0.5981717355995747,0.1421370350783685
qwen-3.5-flash,2,628c6e,poster,45,0.082033026064239,0.2133082267474109,3.690354859245394,0.1550374358044242,0.5283637446840354,0.0846559154228709
qwen-3.5-flash,3,62f428,mobile,56,0.4270729781801627,0.4010031043846218,1.7764916871488126,0.6612346381168507,0.6249790300938469,0.1719091788330698
qwen-3.5-flash,3,628c6e,poster,44,0.0354536494526941,0.1932244893893291,3.1708735456520745,0.2499904945416093,0.5577893403716502,0.0350103828076936
qwen-3.5-flash,1,631068,web,30,-0.0007158340452556,0.1772701663967396,3.85176182222576,-0.0203277405229171,0.6360483549224147,-0.0878430469233962
qwen-3.5-flash,2,631068,web,30,0.0019806691388741,0.1940374789818045,3.0740236000137076,0.0030712110212057,0.6428523674516837,-0.0420197179026624
qwen-3.5-flash,3,631068,web,44,0.1088465793592642,0.2245021286407841,2.702818817987799,0.4465975013658813,0.7196348668419039,0.0791438799400472
qwen-3.5-flash,1,631570,desktop,30,0.1528670551979461,0.2220420927658787,2.697195109358576,0.3892287162076291,0.6028678599964169,0.0641337561557919
qwen-3.5-flash,2,631570,desktop,40,0.0788836963086615,0.1749701196497644,4.5848784204059765,0.3230395551375575,0.5709925353986867,-0.0135535539543896
qwen-3.5-flash,3,631570,desktop,31,0.1917174904760633,0.2243513302753748,2.6495789279069513,0.5192586189112806,0.5925347718940944,0.1153798928320441
qwen-3.5-flash,1,63508a,web,40,0.0914061611162634,0.2563012527885434,2.2503974892723835,0.126607288787039,0.5797634909733272,0.0812747273152557
qwen-3.5-flash,3,63508a,web,42,0.1104665822939813,0.2685219837795417,2.1201953421997763,0.1521096179622723,0.583183145194278,0.0836719817653348
qwen-3.5-flash,2,63508a,web,40,0.1256978453835517,0.2729927990495049,2.118885424140567,0.1845244037240628,0.5872218684032594,0.0894076187013562
qwen-3.5-flash,1,62fedf,mobile,30,0.0557174974836262,0.2850063039489464,3.9852471912925784,0.4929748003759494,0.5025911572892567,0.0181506214223988
qwen-3.5-flash,3,62fedf,mobile,30,0.0089487305935863,0.2741918899564824,3.9841028748357177,0.3217287498809922,0.4903736105567419,-0.0536212055345067
qwen-3.5-flash,2,62fedf,mobile,30,0.0070008782952233,0.2684253365531983,4.052525878355434,0.3338084044243744,0.491570343551626,-0.0464007804850137
qwen-3.5-flash,1,641719,poster,124,-0.0517758578029046,0.2213632939222444,2.987043437954058,-0.0465476050207308,0.4737870980285982,-0.2605425198088089
qwen-3.5-flash,3,641719,poster,53,-0.1984415368761575,0.162114574136453,3.1467065623852046,-0.4898046910106383,0.3652831999369196,-0.0687529868492871
qwen-3.5-flash,2,641719,poster,34,-0.1214629655157216,0.1757949029969801,2.8965743133931507,-0.3156790896364186,0.4328843652492522,-0.1503508430780893
qwen-3.5-flash,1,63de16,web,38,0.2267116659804495,0.2640584221073865,2.2304189956339675,0.6732599594100765,0.740654912615925,0.2345226081102873
qwen-3.5-flash,3,63de16,web,36,0.2296013220307516,0.2633398426866667,2.5686090486946584,0.6854855728955662,0.7150560717781671,0.258600822499935
qwen-3.5-flash,2,63de16,web,42,0.1629002258301507,0.2269838317632782,2.46939870205309,0.4843614968688158,0.713968264019252,0.2048043674679229
qwen-3.5-flash,1,63aef5,poster,30,0.388393047307617,0.3884845827687074,2.8355940844740117,1.4628048956934223,0.7475517544780721,0.2259933935148106
qwen-3.5-flash,2,63aef5,poster,35,0.2782859831661913,0.3227954368339557,3.328654939716003,0.9088582680686356,0.7007408851347214,0.1100425034178121
qwen-3.5-flash,3,63aef5,poster,52,0.2705605052990069,0.3505447226109967,3.2759888389433556,0.6318546422662854,0.72971491335211,-0.0417423278227151
qwen-3.5-flash,1,6428b2,web,83,0.1216132203149583,0.1843940613432052,2.10803605230879,0.2892530312111619,0.563678029205855,0.0078879777324431
qwen-3.5-flash,3,6428b2,web,47,0.1631451009535946,0.2018680909284106,2.1509734617944676,0.5130919666203883,0.6262408470961962,0.017078661808065
qwen-3.5-flash,2,6428b2,web,83,0.1147171776287098,0.1825414548286984,2.1200030971054606,0.2625749303186695,0.5587645918425065,0.0143705112673127
qwen-3.5-flash,1,6457e0,desktop,54,-0.0106457497606407,0.1998044595584229,4.740345291643056,-0.0041114079532754,0.4756696106638858,0.0103985287468855
qwen-3.5-flash,2,6457e0,desktop,54,-0.1052590113948636,0.1544310606785909,6.6708072997989705,-0.1951068045434947,0.3991966080544521,0.0082052572931896
qwen-3.5-flash,1,65576e,poster,55,0.027798361063527,0.1615291283807511,2.406080729949542,0.0658266207836824,0.5425721390638848,0.0015760458795748
qwen-3.5-flash,3,6457e0,desktop,46,-0.0375928233271586,0.1830832889014888,6.540073983418121,0.0141010048118495,0.4277336727833831,0.0282617314095009
qwen-3.5-flash,3,65576e,poster,50,-0.0944677474134593,0.138327451964349,3.1852694421472414,-0.3156646164094418,0.4132688238793205,-0.0839246681278209
qwen-3.5-flash,2,65576e,poster,56,0.099176235564511,0.1905348810564315,2.437669580408466,0.3040919848007229,0.6735000822057389,0.0637099042597484
qwen-3.5-flash,1,6581b4,desktop,62,0.0850775927518154,0.190825111851515,3.0506071365749223,0.1272067187858852,0.5824791349528743,0.0737456108400334
qwen-3.5-flash,1,658f2d,mobile,31,0.3246363603782551,0.35223991571231,1.3421410248961871,0.9781304137356523,0.7953257227467576,-0.1311899814006996
qwen-3.5-flash,2,6581b4,desktop,49,-0.0287030581353794,0.1315537143627969,3.338139763981858,-0.182303491885245,0.5580772463571042,-0.0111668563118134
qwen-3.5-flash,2,658f2d,mobile,12,0.3494319676016953,0.357588596578978,1.6232015589684734,1.0395407777808483,0.7748100963227106,0.0084123489280408
qwen-3.5-flash,3,658f2d,mobile,50,0.4222310186391441,0.3750209275018546,1.177688820400546,1.2260318210030523,0.8261911208662646,-0.0169054837420573
qwen-3.5-flash,3,6581b4,desktop,38,-0.0505260816612653,0.1024934182832044,3.8503413735266743,-0.2303746283727911,0.5548351347426445,-0.0251830944716716
qwen-3.5-flash,1,65a2cf,poster,60,0.078437481366036,0.1352177493533918,2.7527293721047403,0.0984881726764909,0.4663545785047756,-0.0682932119958375
qwen-3.5-flash,2,65a2cf,poster,52,0.3602567650074339,0.2882278005548205,5.984621225650894,1.077740000542354,0.4204228738437582,0.2116942086547744
qwen-3.5-flash,3,65a2cf,poster,68,-0.1275333349846323,0.061309766548365,4.468047881163038,-0.5748580272950999,0.3266087645010338,-0.1983758684250531
qwen-3.5-flash,1,65b50e,web,35,0.1120900074459364,0.2756070110144913,2.1818471825193524,0.1872732563491481,0.579225530521778,0.1068345267337432
qwen-3.5-flash,3,65b50e,web,35,0.1120900074459364,0.2756070110144913,2.1818471825193524,0.1872732563491481,0.579225530521778,0.1068345267337432
qwen-3.5-flash,2,65b50e,web,44,0.0551484735635644,0.2516939635100978,2.7892848153460297,0.0035287460178761,0.5159105824319838,0.0901889865974933
qwen-3.5-flash,2,66058d,web,57,0.0932184863350136,0.222961793917217,4.739191895334804,0.1376860680197198,0.5261943540061099,-0.0795205810640952
qwen-3.5-flash,1,66058d,web,108,-0.0490635026364458,0.1611944247092182,4.740696413067349,-0.2247116249984958,0.4347236874976835,-0.0128034567117976
qwen-3.5-flash,3,66058d,web,74,-0.0689447222875468,0.1503298988916376,2.92124975336075,-0.2167676511904343,0.538000236465779,-0.1059872985855128
qwen-3.5-flash,1,660b15,web,38,0.1313819512987308,0.2337842778965611,2.518940004436548,0.6008265997959006,0.7173298970692789,0.1243099561110832
qwen-3.5-flash,3,660b15,web,53,0.1403236212375741,0.2473636852658718,2.3446933459599313,0.6209528059997255,0.6867750670491268,0.099581186047304
qwen-3.5-flash,2,660b15,web,53,0.1678692743679993,0.2610322887523738,2.3523781187247135,0.747731085750424,0.7346509280853398,0.121845649639141
qwen-3.5-flash,2,647100,poster,34,0.0666293709302078,0.1567262311629848,5.123089293858626,0.3570236403300615,0.5525565626515482,-0.0024667384451249
qwen-3.5-flash,1,647100,poster,32,0.0630156206952448,0.1570917588722782,5.140127129921804,0.3297212787474433,0.5401287035439629,-0.0113676747641056
qwen-3.5-flash,3,647100,poster,43,0.132653718206905,0.1901923259033021,4.870645884603056,0.5978014499519358,0.5779675153121641,0.0482615649798341
qwen-3.5-flash,1,661898,mobile,50,0.406293971706595,0.3361186306587826,2.5465977452599486,1.1907018615423235,0.7391126618991934,0.3306059619801675
qwen-3.5-flash,3,661898,mobile,30,0.3329464567212653,0.2830957911993621,2.729927070984785,1.0254588235085609,0.6943247106663997,0.3030186165163219
qwen-3.5-flash,2,661898,mobile,30,0.3437333000442167,0.2853810546938699,2.757332604191589,1.092607876987968,0.6946099704644288,0.3265904192200511
qwen-3.5-flash,1,661e84,mobile,30,-0.0150793677355304,0.1510801503231555,4.887618030662124,-0.0799840326142165,0.4944262155668215,-0.0582216700498255
qwen-3.5-flash,2,661e84,mobile,30,-0.0620021868210237,0.1073408268021791,5.860687655574797,-0.2284144324670064,0.438278948556172,-0.0922089552281389
qwen-3.5-flash,3,661e84,mobile,28,-0.0328883257150375,0.124988313851065,5.295321427282181,-0.1739513871212734,0.463369398487635,-0.0001038125420558
qwen-3.5-flash,2,6628d7,mobile,18,0.1334648176896565,0.2120262272954698,5.226829280200252,0.0640376894072122,0.4299020494024747,0.1838751254727281
qwen-3.5-flash,1,6628d7,mobile,29,0.063575090651664,0.2085123729667157,4.721907831360809,-0.206526928057422,0.4490732485782809,0.1161161442592424
qwen-3.5-flash,3,6628d7,mobile,30,0.1223526484629182,0.2190536678292947,4.6659200569843815,0.0180286820559047,0.4761972354038343,0.1596612820424626
qwen-3.5-flash,1,665c4e,poster,39,0.100038529658313,0.2183248127468401,5.8376377001539215,0.4556007961874005,0.4893395630841269,0.0128139738218679
qwen-3.5-flash,1,669937,desktop,52,0.2548483910384624,0.2677141131174764,3.1435054966691833,0.6414141522792588,0.7576404443113096,0.2311287037506898
qwen-3.5-flash,2,665c4e,poster,30,0.2122193391466447,0.2766771548887097,5.319871625202942,0.5672544258172602,0.5310193722997419,0.0927565856093431
qwen-3.5-flash,2,669937,desktop,32,0.2907129362010652,0.2950358683268322,2.76057639322455,0.7697307734471196,0.7388492345927828,0.2674164305584832
qwen-3.5-flash,3,665c4e,poster,31,0.0582510974553267,0.2012001039443243,5.823966543869436,0.3333419282568177,0.5092779633479562,-0.0014183443327135
qwen-3.5-flash,3,669937,desktop,50,0.2221720650835501,0.2358895296533404,3.603180076162816,0.6173735580215118,0.7509020197978499,0.2457700730526217
qwen-3.5-flash,1,66935b,mobile,33,0.4014021570229925,0.4094095555156439,2.4893113862011784,0.6727010420441141,0.6514775257185482,0.3777455983991365
qwen-3.5-flash,2,66935b,mobile,31,0.376220842445369,0.3939825723494395,2.952899615871267,0.7152604961308938,0.6262228907608356,0.3487465450027971
qwen-3.5-flash,1,67225a,desktop,47,0.0801475891616,0.2587475535201212,1.8310008909705944,0.2549033398314591,0.6142572828434498,-0.0923123543788529
qwen-3.5-flash,3,67225a,desktop,50,0.3701801630460981,0.4249489861339921,1.2388780541075115,0.811246001855605,0.7995261068335914,0.2018001634458643
qwen-3.5-flash,2,67225a,desktop,44,0.2816150748631957,0.3446071305597776,1.397814274459556,0.730747142182371,0.7295806143774229,-0.0068923665104633
qwen-3.5-flash,3,66935b,mobile,31,0.3631644892846107,0.386045601947629,2.976760727680369,0.7356586555052596,0.6282649914241857,0.3340859895478644
qwen-3.5-flash,1,6722bc,desktop,30,0.0892689593797805,0.1999904264188226,5.529886839124437,0.2101883346335227,0.5167014678054891,0.1038049455246542
qwen-3.5-flash,2,6722bc,desktop,48,0.0649340109645457,0.2325998913582005,3.0194288904998605,0.2665968995498772,0.6523194815140095,0.1262021180830073
qwen-3.5-flash,3,6722bc,desktop,97,0.2419117600995092,0.2955557463241862,1.569142684251222,0.648568480020441,0.6729180262249652,0.0641514687048423
qwen-3.5-flash,1,66b3ff,mobile,13,0.4334320575355569,0.3762665244659655,2.8598275918309684,2.4785245142363364,0.9086299080371472,0.3543924984241257
qwen-3.5-flash,2,66b3ff,mobile,31,0.383187116768569,0.3571520335784875,2.721952514621516,1.9829587444585488,0.8216353506825613,0.2607209786619067
qwen-3.5-flash,3,66b3ff,mobile,197,-0.0228743878852565,0.1120826181706202,2.8403822443676296,0.1494628910180452,0.5509536486039721,-0.0333475385380034
qwen-3.5-flash,2,673d4f,poster,56,-0.0588342325130014,0.0993213159460004,7.295469441591645,-0.0813512228185098,0.2940323081652759,-0.0092682128991535
qwen-3.5-flash,1,6763e2,poster,47,0.0861631819755566,0.2926422205336944,2.59309588350624,0.1187418082337293,0.5884283064861768,0.0871511509647252
qwen-3.5-flash,1,673d4f,poster,56,-0.0063646705642433,0.1068753112797867,7.397296678503264,0.017451630928115,0.2830338059068198,0.0249508486637396
qwen-3.5-flash,1,67522f,mobile,30,0.2140200949067064,0.2290914124097367,2.644532557989196,0.7019188597845059,0.7495048567020574,0.1759501002192773
qwen-3.5-flash,3,673d4f,poster,31,0.0392842408638308,0.1332541889029954,7.011789157544174,0.0477596651142221,0.3110226132808339,0.0624682176877878
qwen-3.5-flash,3,67522f,mobile,50,0.2587716946221659,0.2638192059900857,3.0771131661685893,0.7617118773017941,0.7717788663014808,0.2040651408381024
qwen-3.5-flash,2,67522f,mobile,35,0.1735295028192671,0.1894546996776139,3.5806862949299303,0.564085952369473,0.626577372206702,0.1486182115533746
qwen-3.5-flash,2,6763e2,poster,35,0.0476371867122615,0.2719905159059794,3.0669058778574003,0.0429353798235761,0.5974775679188489,0.0586203128444713
qwen-3.5-flash,3,6763e2,poster,53,-0.0052291493561324,0.242379130077523,3.016319710780571,0.1061644512419113,0.6089657570794023,0.0435729902518326
qwen-3.5-flash,1,685482,desktop,122,-0.0348551707359962,0.1501547933509304,3.6171237939293217,-0.006881825659559,0.551531993135863,0.0053934324350414
qwen-3.5-flash,2,685482,desktop,106,-0.0274521275355149,0.1748924421746676,4.019190900343674,0.0924713202933573,0.525083008811662,-0.0003238802514427
qwen-3.5-flash,1,689a18,web,32,0.0189419076472619,0.136426987034961,4.538092105430854,0.1050516981684933,0.5969152504547743,-0.0031586336819959
qwen-3.5-flash,3,685482,desktop,62,-0.0165124591143894,0.1684184836538663,4.632527438614033,0.1343096797428869,0.5130494987394416,-0.010395410886673
qwen-3.5-flash,3,689a18,web,43,0.0434573454889828,0.1417881503501088,4.884976923171847,0.1719372075512734,0.5748988877763779,-0.0532525833891072
qwen-3.5-flash,2,689a18,web,43,0.0434573454889828,0.1417881503501088,4.884976923171847,0.1719372075512734,0.5748988877763779,-0.0532525833891072
qwen-3.5-flash,1,6975a8,poster,35,0.1853784006725222,0.2311175909627392,2.0552910712497976,0.7731977092994681,0.7486761401825839,0.1277518971469008
qwen-3.5-flash,2,6975a8,poster,30,0.2091862761862465,0.2243661982590872,2.012291913500272,0.8505178621413548,0.7609818856459727,0.1805974273748613
qwen-3.5-flash,3,6975a8,poster,30,0.0994839531563442,0.2007240328386849,2.2552335851451364,0.4379339494157573,0.7310500722089015,0.0501692900657436
qwen-3.5-flash,1,698985,desktop,57,-0.2115672800918595,0.1480459148386639,3.814008752715032,-0.5908204798340473,0.3410026683654521,-0.1496643430038496
qwen-3.5-flash,2,698985,desktop,48,-0.1796676721308685,0.1666863574261124,3.6688065764358178,-0.4302709547905255,0.4050806407377922,-0.0887929270462101
qwen-3.5-flash,1,699734,poster,30,0.0113161311305116,0.1714368035769017,3.643237345261296,0.0074382637896659,0.5613714112777486,0.0407654166187291
qwen-3.5-flash,3,698985,desktop,57,-0.2119106389710219,0.1473297795938872,3.828922646992029,-0.5949088341092724,0.3399728744444334,-0.1447777673001568
qwen-3.5-flash,1,6915dc,mobile,51,0.1510299612253872,0.2709394830463034,3.0775754031315303,0.702207338500391,0.7289202086107137,0.2060145575085359
qwen-3.5-flash,2,699734,poster,52,-0.0205079952595647,0.1751580777873401,2.969472641533988,-0.0389189620785449,0.4797240781288616,0.0174807901688294
qwen-3.5-flash,3,699734,poster,30,0.0119103063934306,0.1789173925398107,3.288853598442305,0.0103699580203905,0.5625051162470583,0.0473598316076468
qwen-3.5-flash,2,68d170,poster,52,0.1047756790636224,0.1274741353343916,6.874024689917441,0.1171836270782897,0.4114427598416807,0.0701278663216862
qwen-3.5-flash,1,68d170,poster,30,0.0051367513398586,0.083597104335979,7.663143488313997,-0.0964152263269868,0.3126080787419033,0.032647281051603
qwen-3.5-flash,3,6915dc,mobile,30,0.2886375676780909,0.2929127059294106,2.994116950706338,1.29001297934323,0.7186397521045252,0.3458885684462807
qwen-3.5-flash,3,68d170,poster,30,0.0098960918777649,0.0835013118825085,7.648987364380778,-0.0918722215787171,0.3125962758563691,0.0354369198737943
qwen-3.5-flash,2,6915dc,mobile,50,0.35543177561206,0.3335088122296918,2.845881096888819,1.5020037772288926,0.7391060686075985,0.3650089636027316
qwen-3.5-flash,2,69b497,poster,33,0.1333035748959028,0.2115703467773609,6.553967697346523,0.3071662555065118,0.4337104015728134,-0.2547948937330827
qwen-3.5-flash,1,69b497,poster,33,0.1346766611558418,0.2115511668269468,6.554771004193145,0.3100060598497718,0.4337818304575326,-0.2523771934581637
qwen-3.5-flash,3,69b497,poster,33,0.1285711198351952,0.2113748097552446,6.554431483965896,0.2928166087508315,0.4332138210436503,-0.2608924705516855
qwen-3.5-flash,1,69a8c4,web,53,0.0624651243038032,0.2266999074047084,3.0118240604712363,0.3397965615912754,0.6153820875437185,-0.0817900299545698
qwen-3.5-flash,2,69a8c4,web,45,0.046503514777826,0.2246910993358345,3.133663977953047,0.2658603507505036,0.6094309481190734,-0.0970524914551899
qwen-3.5-flash,3,69a8c4,web,54,0.0346701732431432,0.2179288246849794,3.271110801060729,0.2850916555209117,0.5950889971544343,-0.0943190841524039
qwen-3.5-flash,2,69ba30,mobile,33,-0.0304498181956264,0.3170190787411863,2.027752998341647,-0.0049453138001467,0.5063615201844178,-0.224510034708059
qwen-3.5-flash,3,69ba30,mobile,30,-0.0126987427537796,0.31040506583474,2.0558441514194636,-0.0456025488573081,0.5245181624165899,-0.2382841449666805
qwen-3.5-flash,1,69ba30,mobile,51,0.1144587213164863,0.3233186272848235,1.5023696490748255,0.2575342399756384,0.5975334679942046,-0.1281166569668545
qwen-3.5-flash,2,69cd24,desktop,30,0.2885319656281371,0.3029827505872263,1.7543899729337924,0.8087028383721112,0.7130789252325611,0.2140731787101124
qwen-3.5-flash,1,69cd24,desktop,30,0.2768002516662194,0.2974269344102045,1.7697680248575682,0.7737486236549648,0.7082790876828251,0.209260765009716
qwen-3.5-flash,3,69cd24,desktop,30,0.2869533307250899,0.3027762312568632,1.7523687149968572,0.8033314236312036,0.7122209298408855,0.2141946636389581
qwen-3.5-flash,1,69a953,mobile,48,0.2555812679510968,0.3528580513415788,2.7260776654700205,0.4520891614433621,0.7488366336164144,-0.0055379201947949
qwen-3.5-flash,3,69a953,mobile,53,0.2901513971786308,0.3635517858516487,2.6638771584625314,0.5422254860061606,0.770932520427602,0.0940796161536938
qwen-3.5-flash,2,69a953,mobile,48,0.2783583218509283,0.3691342319079254,2.6209551835060623,0.4953465400441735,0.7567897156863639,0.0153580212214186
qwen-3.5-flash,1,69df54,mobile,50,0.3256968837024587,0.3797264211782207,2.960011726965317,0.6706540821044742,0.6577470913561706,0.331256319602801
qwen-3.5-flash,2,69df54,mobile,64,0.4525137017526173,0.4617148046403491,2.143005043729905,0.92482814261392,0.669710553625205,0.452604437148237
qwen-3.5-flash,1,6a889e,poster,34,-0.0720133697477078,0.205635057178713,2.377809332285451,-0.1785328900732616,0.4787964724759294,0.1033279034058005
qwen-3.5-flash,3,69df54,mobile,30,0.2387363207099788,0.3601566172705067,3.0252185848500552,0.5012566567554317,0.6571344134962511,0.2395631040980896
qwen-3.5-flash,2,6a889e,poster,34,-0.1629502838417602,0.2074843239911228,2.334181562705068,-0.4050568679626039,0.395905353902196,0.0375377318035619
qwen-3.5-flash,3,6a889e,poster,32,-0.125135705746204,0.2095276852874992,2.162851878450191,-0.2992896931678124,0.4022326916104853,-0.0011416455599898
qwen-3.5-flash,1,6a4f04,web,30,0.238078843028979,0.2463249162872237,3.56492986027855,1.1087238092794316,0.7517466913154118,0.2075187386066672
qwen-3.5-flash,2,6a4f04,web,50,0.3783132362838529,0.3504255638823795,2.6173313313019846,1.4628479501886442,0.8343276653670614,0.2921667701280721
qwen-3.5-flash,1,6a7b1c,poster,32,-0.0827284007117249,0.1366367498892553,6.416068045391126,-0.2034758825602999,0.361642645076083,-0.028452011241009
qwen-3.5-flash,2,6a8c97,desktop,52,0.1242192061124031,0.2112664389814667,2.221506050625175,0.3166880947728682,0.6130665977468777,0.1334479281053223
qwen-3.5-flash,1,6a8c97,desktop,37,0.2544180351295191,0.2652661417152282,2.4634901883796383,0.7148714758087518,0.6643354224363447,0.2409817036758796
qwen-3.5-flash,3,6a7b1c,poster,30,0.0497776681891328,0.2224442519053068,4.28120525782809,-0.0252244805279587,0.5179713468969696,0.0454127367595166
qwen-3.5-flash,3,6a4f04,web,30,0.4406937222552006,0.3288238935777534,2.647746964191121,1.6363364496587869,0.8048839120325751,0.3767710384822585
qwen-3.5-flash,2,6a7b1c,poster,30,0.0309794375569436,0.221059158876188,4.258987196205476,0.0031550581971138,0.5353690968032283,0.0485261923960262
qwen-3.5-flash,3,6a8c97,desktop,50,0.1156378624256312,0.2115184916260228,2.476528651039284,0.3572042413755389,0.6290420326878576,0.1324548466688293
qwen-3.5-flash,1,6aa903,poster,49,0.1528978560904361,0.1826371593138165,2.2596162660222587,0.3202175427298742,0.6487723937794028,0.0723627336511273
qwen-3.5-flash,2,6aa903,poster,31,0.3552299725170061,0.2340540788572676,1.7786633978926718,1.1923058967029874,0.7726759556666715,0.2627960290155422
qwen-3.5-flash,3,6aa903,poster,35,0.307868890023633,0.2160299032060963,1.8453941563585132,0.9778992937362788,0.7367940628683276,0.2623157149405913
qwen-3.5-flash,2,6af818,mobile,30,0.1729636615289995,0.2278458120362123,4.993734172127331,0.1971602891557472,0.6812996136420214,0.0409650377112227
qwen-3.5-flash,1,6af818,mobile,49,0.2014231431011993,0.3091387492214091,2.471207995317472,0.0179729158016552,0.615609658869536,0.0531919869854681
qwen-3.5-flash,3,6af818,mobile,35,0.209547695588016,0.2969682080672515,2.60318157799224,-0.0029813126212627,0.6038309462771445,0.0844559275990782
qwen-3.5-flash,2,6afc6f,mobile,74,0.3563066606358205,0.3298642915625162,3.6853563080995384,0.5076315617013393,0.602889568028415,0.3113897310121393
qwen-3.5-flash,1,6b173a,poster,31,-0.015012522445298,0.0640894301798949,8.935455446275517,-0.0585682368082205,0.2230147902613283,-0.0020863290709404
qwen-3.5-flash,1,6afc6f,mobile,30,0.3704606227048239,0.2993918500461709,4.06389620808718,0.56163121487993,0.5802501366602058,0.3192130137692117
qwen-3.5-flash,3,6afc6f,mobile,41,-0.014773057840585,0.2429659781402312,3.9189623073614586,-0.2428379860580957,0.4533281261175397,0.0159067764801013
qwen-3.5-flash,2,6b173a,poster,52,0.0327642407253307,0.1284818005105156,7.108394043188443,0.2456762392270122,0.4305925354608569,-0.0009892154803357
qwen-3.5-flash,3,6b173a,poster,52,0.0987395024012386,0.126402624247612,8.208924872101944,0.294476093789186,0.2757838387353906,-0.0180226987691087
qwen-3.5-flash,1,6b1bcd,mobile,8,0.2074254387964314,0.2419542643293439,5.565290201513786,0.3514693681523371,0.4439308407808124,0.0314655886004123
qwen-3.5-flash,2,6b2df3,web,32,0.0960639562653904,0.1710822769541989,2.5085055005673844,0.4592341213864395,0.6600814440890048,-0.0499797077437943
qwen-3.5-flash,2,6b1bcd,mobile,8,0.2094768493514198,0.2435989100811521,5.544370411227116,0.3551384038388399,0.4447757845126491,0.0233819126733634
qwen-3.5-flash,3,6b2df3,web,35,0.0422840225868525,0.1571222953896089,2.779788236669629,0.293422215338576,0.6485701385753138,-0.1097604581412378
qwen-3.5-flash,1,6b2df3,web,33,0.0673385336835969,0.1653243322233363,2.589942397946654,0.4704870781930972,0.6950824052839712,-0.0745523102235783
qwen-3.5-flash,3,6b1bcd,mobile,8,0.2090504615332507,0.2425750879779143,5.5805344937198305,0.3660041921957038,0.443999615509474,0.0385096648018837
qwen-3.5-flash,1,6ba20c,desktop,52,0.2343843923028774,0.2816277614032463,2.000023623808292,0.4915822075340645,0.5931424296402672,0.2715759920691701
qwen-3.5-flash,1,6b7c75,web,32,0.1198341499233741,0.2266517420515389,2.5460677312328053,0.5391594481845204,0.6482454058318847,0.1144511293251559
qwen-3.5-flash,2,6ba20c,desktop,51,0.2310590646643583,0.2909519567896449,1.9122410508242793,0.5403529786168807,0.6200708279066944,0.2463276957605121
qwen-3.5-flash,3,6ba20c,desktop,16,0.2034330109453141,0.2687583471885888,2.442376057242223,0.4686825031985967,0.6171770700800122,0.2391853986987375
qwen-3.5-flash,2,6b7c75,web,30,0.1652322843336516,0.2392732253439115,3.3552006233418856,0.7298250685390466,0.6367123200344725,0.1545111495739305
qwen-3.5-flash,1,6b51ee,mobile,52,0.1748706433949473,0.2534794625151683,4.315807630620348,0.02653092743686,0.5394169138154804,0.0790472294281244
qwen-3.5-flash,3,6b7c75,web,35,0.1142634683593006,0.2152246742090647,3.2467159918394577,0.5705587386434778,0.6358000022090015,0.1317310831350008
qwen-3.5-flash,2,6b51ee,mobile,51,0.1166262798619381,0.2241386607157263,4.426968090855556,-0.1231489300228785,0.533506000998392,0.0084809273462665
qwen-3.5-flash,2,6bc1d8,mobile,30,0.1702727501409305,0.3122965905371889,1.5470610256101098,0.4103590720488578,0.6149810324824527,0.0696238524050812
qwen-3.5-flash,1,6bc1d8,mobile,48,0.3240283664237635,0.3561019821491926,1.3554618579977995,0.7626799717848061,0.6884271134578784,0.2426268971739936
qwen-3.5-flash,3,6b51ee,mobile,50,0.1176993708182902,0.2246999721344836,4.410991424757153,-0.1184763730977079,0.5336421490084302,-0.0038229220441148
qwen-3.5-flash,3,6bc1d8,mobile,30,0.2059552091916165,0.3234242828205288,1.4611158514960625,0.4834399093472202,0.6442085533427698,0.1496072153222486
qwen-3.5-flash,1,6c392e,mobile,34,0.1742596908657991,0.3112414611110315,3.368103948592338,0.3473731807831425,0.619433135311496,0.1305992978227785
qwen-3.5-flash,2,6c392e,mobile,34,0.2053569181248267,0.3295235823833404,3.322148576001901,0.4474389005436114,0.6021847889796272,0.1662280224615828
qwen-3.5-flash,3,6c392e,mobile,30,0.2338285843653599,0.3364727709043895,3.2719504949583524,0.52455789977034,0.6450895658642439,0.1650562624527306
qwen-3.5-flash,1,6c8b71,mobile,33,0.0481074735954297,0.2420491404930529,2.680505750497888,0.1102723692652145,0.5223506524199243,-0.1127357271205837
qwen-3.5-flash,2,6c678c,poster,30,-0.0311578678342486,0.1838141317552852,5.242984348813235,-0.0948866932702163,0.5878512277464364,0.0044593063657684
qwen-3.5-flash,3,6c678c,poster,30,-0.0777236940373001,0.0660128913669163,8.234858520150253,-0.2599755595381533,0.2391500297140141,-0.0178518968959616
qwen-3.5-flash,1,6c678c,poster,61,0.0187678983836117,0.2288335684523384,3.737241241398277,-0.1040450832203372,0.6242143010675311,0.0274018380771806
qwen-3.5-flash,1,6c5780,poster,30,0.2833340928757473,0.2596863743051386,4.037707660727758,1.0157611274753624,0.6249589763217358,0.1968237187763231
qwen-3.5-flash,2,6c8b71,mobile,33,0.2012800939472447,0.2959941174641051,2.424265306139559,0.5102478583889599,0.5842086726833222,0.0028877380910459
qwen-3.5-flash,3,6c8b71,mobile,33,0.1250039385102289,0.246838186654486,2.306326251812935,0.3604750352573925,0.5803496486181758,0.0541214217671841
qwen-3.5-flash,3,6c5780,poster,32,0.304610296145775,0.2729525019688914,4.492291533341847,0.9241611760823396,0.5910289124628787,0.2443090625939342
qwen-3.5-flash,2,6c5780,poster,51,0.3268178776953097,0.283304512826383,4.285979614561196,1.1410078158207104,0.5967427607429991,0.2857764689478034
qwen-3.5-flash,1,6cb077,desktop,49,0.2352517973014876,0.2250705784119826,4.526627005726309,0.9585236587406843,0.589063571248624,0.1338173528856202
qwen-3.5-flash,2,6cb077,desktop,51,0.0273145360180701,0.1184183029391649,5.2737300109916,0.1077750023251802,0.5624557145207661,0.0085105913632282
qwen-3.5-flash,3,6cb077,desktop,39,0.2813144647519047,0.2241346941978015,5.268375289552545,1.078192151685272,0.598844760568804,0.1680075068873053
qwen-3.5-flash,2,6cb6d4,mobile,85,0.0532908091974184,0.1736437978868933,7.1827560472582475,0.2995900047049954,0.2475413944453074,-0.0206403492012253
qwen-3.5-flash,1,6cb6d4,mobile,30,0.174264102256702,0.1159973074881534,7.829622778451496,0.2386036454382649,0.1929419722279172,0.0806556941057965
qwen-3.5-flash,3,6cb6d4,mobile,30,0.174264102256702,0.1159973074881534,7.829622778451496,0.2386036454382649,0.1929419722279172,0.0806556941057965
qwen-3.5-flash,1,6d15ce,mobile,18,0.1641609185259965,0.2101256214413344,3.837942874670561,0.2794094916983083,0.7517140715599263,0.1241293004178176
qwen-3.5-flash,2,6d15ce,mobile,18,0.1706311415311505,0.2149716638491742,3.95594939292702,0.4586368216298677,0.7534230305589507,0.1288671444236205
qwen-3.5-flash,3,6d15ce,mobile,60,0.0755022482870481,0.1752869821273957,4.430265597234206,0.1976473940463303,0.7431141676223616,0.0427495312797678
qwen-3.5-flash,3,6d294c,mobile,31,0.2437168317107337,0.3337014339064378,3.3175296873309437,0.2293701494114414,0.6352023768421765,0.2515762351730345
qwen-3.5-flash,1,6d294c,mobile,31,0.1548099531431457,0.2869268297452234,3.3708467169803553,0.2794278504746939,0.6484953996641672,0.1023989259116038
qwen-3.5-flash,1,6d4031,desktop,51,0.2635794166451779,0.1974258512886972,2.2572854089898575,0.7185412132875805,0.642747786584908,0.3060924418733064
qwen-3.5-flash,2,6d294c,mobile,34,0.1862664655682316,0.305956026460317,2.6437813768254723,0.342808315104622,0.6987997363695673,0.1494588751152037
qwen-3.5-flash,2,6d4031,desktop,30,0.122413752971561,0.156892667069499,3.247964515407349,0.3261159385988543,0.5970962595795812,0.1318455832345022
qwen-3.5-flash,3,6d4031,desktop,41,0.1900126444741728,0.1830056093853266,3.261931997019321,0.5031079692984899,0.6478775010298692,0.1790212815671573
qwen-3.5-flash,1,6d8534,desktop,30,0.4280413501074493,0.3265097219169819,2.085296135947261,1.198335248199084,0.6940423064748131,0.439020450404155
qwen-3.5-flash,2,6d8534,desktop,30,0.4485496222972765,0.3227484279934737,3.588665462095264,1.194916059583291,0.5981093407070825,0.4873412038575039
qwen-3.5-flash,3,6d8534,desktop,48,0.4829326812661797,0.3478389239350455,3.7424690098604465,1.321187549357277,0.6169807529017675,0.5150030269228558
qwen-3.5-flash,1,6d8af6,web,54,0.0215374031802216,0.1089102843303557,3.7383085825442945,-0.021315627060575,0.5317566414069593,-0.017318542628793
qwen-3.5-flash,3,6d8af6,web,48,0.0887373900289257,0.1256643783095456,3.457070992542616,0.3013912255540417,0.6065102562190613,0.0383104102677753
qwen-3.5-flash,2,6d8af6,web,49,0.0479565145487097,0.1238193891699322,3.5266560605223938,0.0921799930661103,0.5910275226997668,0.0012971932800922
qwen-3.5-flash,1,6dc873,desktop,50,0.0170363517874613,0.1811626852669775,3.2072498279759785,0.0139358337194028,0.5231345509719328,-0.0087941654829228
qwen-3.5-flash,2,6dc873,desktop,34,0.0812169533500228,0.2120214098557507,2.590052371473238,0.1485351300691054,0.5810698975594116,0.0469401435503491
qwen-3.5-flash,1,6e09d5,mobile,51,-0.0341132352231941,0.3583761545825284,1.9331398225646517,0.0129318438189525,0.5499216721964023,-0.0505164135085578
qwen-3.5-flash,3,6dc873,desktop,34,0.093771084151859,0.2165152498760031,2.579212107805481,0.2005547493893157,0.5917005724454599,0.0587680088332106
qwen-3.5-flash,3,6e09d5,mobile,55,0.0531674818945633,0.3277752838850389,4.791989325395933,0.1447207947834228,0.4941781649170429,-0.0593521982615863
qwen-3.5-flash,2,6e09d5,mobile,54,0.0486025804825507,0.3108239015183094,4.847364752560971,0.0972258158430031,0.4962602205302063,-0.0489450420175474
qwen-3.5-flash,1,6dacc6,poster,51,0.3646656231418181,0.2756627553028992,4.89690804115605,1.6592184955607836,0.5551533887387681,0.3748700695975231
qwen-3.5-flash,2,6dacc6,poster,51,0.6297103611261232,0.4080983122884591,4.095874420905228,2.8857809325869956,0.6198321193574805,0.6152766876550876
qwen-3.5-flash,1,6e2c8e,desktop,31,0.1648020102358725,0.2253342104464054,2.4366844917149133,0.5316914799400748,0.649134263362537,0.2381493841721924
qwen-3.5-flash,3,6dacc6,poster,51,0.4320274301860921,0.2487587663264106,4.736949241459319,2.028499654540651,0.641175222598311,0.4427122551972665
qwen-3.5-flash,2,6e6737,web,25,-0.060644414582444,0.1912286171651492,4.449307712364188,-0.135050011469034,0.4902850964219063,-0.0435983390642846
qwen-3.5-flash,1,6e6737,web,30,-0.0854242717575294,0.1877216116321197,4.169719732318585,-0.2107597922965432,0.4871298688951566,-0.1218804860027311
qwen-3.5-flash,2,6e2c8e,desktop,32,0.1607716995909303,0.2260176163180168,2.5541735289460705,0.6252436254610596,0.6673390672168732,0.2284396442777681
qwen-3.5-flash,3,6e6737,web,34,-0.0950297046025532,0.1836866524330688,4.217441906087019,-0.2366471604385215,0.4863567890089757,-0.1139231529591965
qwen-3.5-flash,3,6e2c8e,desktop,36,-0.0348457432620952,0.1677004269854002,3.1766586327400197,-0.1041805621458591,0.5460963654992316,-0.0443134675211647
qwen-3.5-flash,1,6e6daf,poster,30,0.1930665347994612,0.2878342710461559,1.6688571831779386,0.3519934971555712,0.6180751428408063,0.2474902117720271
qwen-3.5-flash,2,6e6daf,poster,32,0.1915909133344968,0.3083575457369591,1.5440020476657137,0.3785307896846917,0.6631428653347841,0.1989464222689005
qwen-3.5-flash,3,6e6daf,poster,30,0.0945902720722995,0.2631203260836091,2.1730291754312483,0.1076207690963776,0.5649542884559768,0.155790663416023
qwen-3.5-flash,1,6f11a2,desktop,30,0.460619696581838,0.4201477433927413,1.86038699902781,1.4533163095613826,0.8478342728185516,0.3504582817082753
qwen-3.5-flash,2,6f11a2,desktop,53,0.219303863618427,0.2603169056839167,1.7917728836330749,0.552532828702305,0.7526678850177522,0.1887016876645048
qwen-3.5-flash,3,6f11a2,desktop,55,0.201845765725739,0.2437659688657808,2.1379645279612944,0.6655296963429981,0.7298581979799571,0.152847318278634
qwen-3.5-flash,3,6eb290,mobile,51,0.4651543765230134,0.3418288118078732,4.571442996898199,0.982916206505162,0.5421156827145306,0.4514179980816263
qwen-3.5-flash,2,6eb290,mobile,53,0.3952686448095908,0.2898456657115515,4.83356409025955,0.7968906888185303,0.5353258569458107,0.3802832626887827
qwen-3.5-flash,1,6eb290,mobile,51,0.578645971177301,0.4812355868739544,2.2721255274661747,1.4253405527795633,0.6756893971203419,0.5745579563417553
qwen-3.5-flash,1,6eb097,poster,50,0.2706578286642589,0.2297192727816245,3.7345631368114622,1.2103788571080178,0.7176231031269472,0.2013557675744514
qwen-3.5-flash,2,6eb097,poster,50,0.2706578286642589,0.2297192727816245,3.7345631368114622,1.2103788571080178,0.7176231031269472,0.2013557675744514
qwen-3.5-flash,3,6eb097,poster,50,0.2706578286642589,0.2297192727816245,3.7345631368114622,1.2103788571080178,0.7176231031269472,0.2013557675744514
qwen-3.5-flash,1,6f401f,mobile,30,0.1594026131090889,0.190392862644893,4.756897452404023,1.0339320400391945,0.6183242421864767,0.0476157506693673
qwen-3.5-flash,2,6f401f,mobile,30,0.1256443652348594,0.2303368386823507,3.668397906496985,0.5887418459810724,0.6908886163643972,0.0607376147157565
qwen-3.5-flash,3,6f401f,mobile,30,0.2218901218603704,0.262230324314036,2.6138582025314765,0.979879289410087,0.7335108154346957,0.1587645130595432
qwen-3.5-flash,1,6f9e1b,web,30,0.1501580358885473,0.2476897296550967,2.0693241058772776,0.4986867768860658,0.7336027422752927,0.0345929115884659
qwen-3.5-flash,2,6f9e1b,web,53,0.2058721036066724,0.2798609474478473,2.444355752872141,0.5796427808744826,0.7233970416790387,0.1287778335423151
qwen-3.5-flash,3,6f9e1b,web,32,0.2267643623758425,0.2736928273871244,1.8850513320419175,0.7891180564946731,0.7673957661251678,0.0934356800500562
qwen-3.5-flash,1,6fd016,poster,29,-0.0990554551965778,0.2427182220138958,2.8232658658029934,-0.3036015039968235,0.3917304114666598,-0.0002236767019742
qwen-3.5-flash,1,6fbe76,desktop,59,0.0419886884598731,0.1500284982426424,2.9969465853793458,0.1493939454063136,0.5968336131386073,0.0045498091943846
qwen-3.5-flash,2,6fd016,poster,30,0.0226300274785289,0.1426104830780703,5.436849101576492,0.0456848960924525,0.6908492145488946,-0.2784744992182675
qwen-3.5-flash,3,6fd016,poster,30,-0.0436244391308576,0.2617147224693935,2.5295155200384203,-0.157847130494253,0.4470010583925889,0.0475276614475918
qwen-3.5-flash,2,6fbe76,desktop,66,0.3208477117663108,0.2756355595973269,2.2122710608883156,1.2438006679170042,0.7562170592559442,0.2203676670283168
qwen-3.5-flash,3,6fbe76,desktop,169,-0.0716876800071374,0.1186593876561937,2.8231346554762955,-0.2613068488975654,0.4679838863048218,-0.0468895703705384
qwen-3.5-flash,1,700dbf,web,39,0.2153145600770981,0.2734061890526671,2.0745751115684334,0.6083346882122823,0.6865731186527768,0.1311150131286751
qwen-3.5-flash,2,700dbf,web,32,0.1238330484489702,0.2055667302929442,6.066200525938939,0.2934475835823259,0.4866085804345912,0.0460293299687922
qwen-3.5-flash,3,700dbf,web,41,0.2354466084880245,0.2832721365091862,2.0747498354218865,0.6642138800460623,0.7015770822517384,0.1838432731312682
qwen-3.5-flash,1,708a08,poster,30,0.181911422504357,0.2565761274223753,2.158862569361822,0.2025295958557035,0.5180443568790651,0.1101199937314322
qwen-3.5-flash,3,6f5978,poster,48,0.0275993268596545,0.234754807751851,4.211151863387444,0.1834845143489582,0.5635645514040251,-0.0201863726237029
qwen-3.5-flash,1,6f5978,poster,22,0.0120631328132853,0.169144723010048,5.481066032177745,0.0487320363816926,0.5507506258069449,0.0141837133498021
qwen-3.5-flash,2,700a42,mobile,33,0.0161144624630652,0.2144913347873991,4.278095411026355,0.0366705964017917,0.537103024499609,-0.0859969942317981
qwen-3.5-flash,3,700a42,mobile,30,0.0190851142734181,0.1959284517602056,4.649713276900136,-0.0994411081766258,0.5391555236064903,-0.099745227354714
qwen-3.5-flash,2,708a08,poster,31,0.1335617940223017,0.2610033521332117,1.8864422568373196,0.0368714524055582,0.5401314413742667,0.0436397198693666
qwen-3.5-flash,2,6f5978,poster,36,0.0799518704250762,0.2516548369486381,4.177636257715074,0.4597386139419878,0.6039037243270552,0.0409153399035095
qwen-3.5-flash,1,700a42,mobile,35,0.1480901887769791,0.2516286793144187,3.7689873190540046,0.3421017235659309,0.6345858037798608,0.0462214841031158
qwen-3.5-flash,3,708a08,poster,30,0.127035454245515,0.263126918145692,1.8673593602701009,0.049791538899494,0.5477336417464478,0.0276780020024619
qwen-3.5-flash,1,709b8f,desktop,30,0.205151975944766,0.2632196067613224,2.5522207902138616,0.9076139765462988,0.7385262090105691,0.1185100253163017
qwen-3.5-flash,2,709b8f,desktop,30,0.0544654444695612,0.1624064172569586,3.7637600529805217,0.4136125604364871,0.6933699250968262,0.0523906332191035
qwen-3.5-flash,3,709b8f,desktop,43,0.1101582554058342,0.2136148899322866,2.3301482902737516,0.5451889954414246,0.6852770487730544,0.0626622874060379
qwen-3.5-flash,1,7142a6,desktop,34,0.3551868688345362,0.21502359561987,2.1591295505551455,1.828882926023958,0.7839796701489936,0.3863759863019471
qwen-3.5-flash,2,7142a6,desktop,52,0.3738482891720388,0.3077410784110419,1.6866824971992318,1.9292972735065743,0.845795883079463,0.3461995723483697
qwen-3.5-flash,3,7142a6,desktop,50,0.3408025319795522,0.2315199600768844,1.9395884949766824,1.6509383209780577,0.818796825253325,0.307029775890367
qwen-3.5-flash,1,714584,web,46,0.1126893984545642,0.1980938913537246,2.7649728265865754,0.2192209204632565,0.5999953120200225,0.028403220170768
qwen-3.5-flash,2,70e38d,mobile,35,0.2346566797358903,0.2856490900287955,2.6499214689429,0.5666565458533729,0.7012534969379492,0.1501845642544242
qwen-3.5-flash,2,714584,web,47,0.097275776516322,0.1915693575141502,2.8089997049087785,0.1839800005909516,0.5864924636162466,0.0195146210263394
qwen-3.5-flash,1,70e38d,mobile,35,0.2501972790099926,0.2850018909763371,2.5343820210427417,0.6411138521353472,0.7197900912795201,0.1746895126792677
qwen-3.5-flash,3,714584,web,46,0.1163362960219014,0.2004140078226188,2.744556231587308,0.2286153489761604,0.6036792638832209,0.0285237061387813
qwen-3.5-flash,2,70d755,mobile,30,0.0659012932612158,0.1798216310978095,4.8669100265516665,-0.1510816012951802,0.545389979921802,0.0675555927290996
qwen-3.5-flash,3,70e38d,mobile,36,0.2445235407511178,0.2804871362366202,2.4880349956318657,0.6211152235509648,0.7054291642459761,0.1571472260627072
qwen-3.5-flash,3,70d755,mobile,51,0.072440964620193,0.1800037739032257,4.8144190969876535,-0.1507153321609256,0.5301433319037043,0.0788062401345292
qwen-3.5-flash,1,70d755,mobile,31,0.1458643597835693,0.2321487117127033,4.450458600809685,0.2331439349207237,0.5502333076875627,0.1462093733501041
qwen-3.5-flash,2,719127,poster,49,-0.0571197378748056,0.1441834781277539,4.4487681065014,-0.1289383905597754,0.4383975884508557,0.00327726173669
qwen-3.5-flash,1,719c30,poster,30,0.0844791324862213,0.2114056335236874,4.3827157119627005,0.0392261030213161,0.558779515820008,0.0245901797366851
qwen-3.5-flash,2,719c30,poster,51,0.0625283324957329,0.2043814334036046,4.790518729375786,0.0494584984240516,0.5238735225570114,-0.0140399327969879
qwen-3.5-flash,1,719127,poster,50,-0.0589644743644328,0.1434873149288194,4.454184325530852,-0.1333919503350011,0.4373587251889909,0.003268855088083
qwen-3.5-flash,3,719127,poster,55,-0.076424552462849,0.1409979570591252,5.036465106666746,-0.0766613406214624,0.4256499993572551,0.0203300071091719
qwen-3.5-flash,3,719c30,poster,52,0.1480588531320148,0.2590006619141122,3.824690190343626,0.2620952841126049,0.5973703578544459,0.0418114351344866
qwen-3.5-flash,1,71a0b1,mobile,30,0.024374367349056,0.1653609826680058,5.430293310225942,0.2923725763367898,0.5802709028422443,0.0216383731010549
qwen-3.5-flash,2,71a0b1,mobile,52,0.00671141486008,0.1459428375267537,5.519503375587574,-0.1904789501536433,0.4404255878685623,-0.0174805267184462
qwen-3.5-flash,3,71a0b1,mobile,30,0.0684971955552312,0.150411341560622,5.27081644042226,0.6576225781127158,0.5234983418230525,0.0361197587022191
qwen-3.5-flash,1,71e30d,web,35,0.1376448751432796,0.2200985001262653,2.1673403500709063,0.3537836926885148,0.6191662487705963,0.0392371514924195
qwen-3.5-flash,3,71e30d,web,49,0.104402908091603,0.2478119726795013,2.2523530958776936,0.3233559807822466,0.6046840023454843,0.0519736676481771
qwen-3.5-flash,2,71e30d,web,200,0.2060104773772222,0.235880681862046,1.8036380918275552,0.5997416838886275,0.6871852696365469,0.0223261248803767
qwen-3.5-flash,3,71bf79,poster,69,0.1266294257492361,0.1573848955231138,5.5697059935587125,0.1506102082264181,0.5618008993643371,0.1183401126535697
qwen-3.5-flash,1,71bf79,poster,30,0.1578416780646492,0.1757094378411408,5.566192957867127,0.2312151312586902,0.6288751800088435,0.1501474850267929
qwen-3.5-flash,2,71bf79,poster,30,0.1055310743467128,0.11067700119421,7.504307659012092,0.2194690255808666,0.37008813074843,0.1181357886398235
qwen-3.5-flash,1,721348,desktop,30,0.1588472225747971,0.250141788796387,2.996803994212014,0.6922258000570369,0.6979973766008546,0.0610985950731652
qwen-3.5-flash,2,721348,desktop,34,0.2340916906302697,0.2884111379446037,2.7592042035178133,0.8106053453780631,0.7183402915016696,0.1453466780167296
qwen-3.5-flash,3,721348,desktop,58,0.0860912358642584,0.2213848418725399,3.1966956971677165,0.4482574528834721,0.6865000206338749,0.0190351261443125
qwen-3.5-flash,2,72156f,poster,50,-0.2623668455007213,0.2175782648917966,2.9121299324098,-0.7046754919331788,0.2854110511323352,-0.2100890832922668
qwen-3.5-flash,1,72156f,poster,51,-0.1438133160222607,0.234128658014997,2.7857983977688585,-0.4019619332300129,0.4310301854072783,-0.2465591052260923
qwen-3.5-flash,3,72156f,poster,34,-0.0721516473610407,0.2677065517862966,2.6220933872760677,-0.2337622135664114,0.4972276914459136,-0.057447096446502
qwen-3.5-flash,1,72062c,web,34,0.0244031464119492,0.1485345422689161,6.870593048539707,0.3159268162759536,0.4076047628426297,0.0802788552094991
qwen-3.5-flash,1,722b8c,poster,43,0.1155025313553577,0.1860587607520729,2.2231865244484696,0.2898716931654183,0.6281168053932397,0.0980473715606571
qwen-3.5-flash,2,722b8c,poster,50,-0.0361228655918915,0.1165694735972726,3.813325285797987,-0.1565195233465429,0.532463240681855,0.039861701814144
qwen-3.5-flash,2,72062c,web,53,-0.0412527364956705,0.0979692944082777,7.101375587955186,-0.0609283890754935,0.4097079960398622,0.0308416864376309
qwen-3.5-flash,3,72062c,web,12,0.1145470013054586,0.1836865793297976,6.355488279943794,0.6050507663579094,0.4651875255443024,0.0629848234904479
qwen-3.5-flash,3,722b8c,poster,52,0.0317460278746288,0.1525783510372739,2.4200786163323516,0.010476093679748,0.5474039201482952,0.0799894836722151
qwen-3.5-flash,1,72b54f,desktop,51,0.0611769325096749,0.1723372713513002,2.3463754326278927,0.0808566785384726,0.5418132167165572,0.0912684174012901
qwen-3.5-flash,3,72b54f,desktop,50,0.2936329471655551,0.2529304804699692,1.907022771586894,0.8828447148635298,0.7115279797497306,0.1611593057503493
qwen-3.5-flash,2,72b54f,desktop,53,0.2290314588662101,0.2242466405632192,1.911452837921611,0.63772815248561,0.6936854977703389,0.1399263300121045
qwen-3.5-flash,1,72cfd2,desktop,34,0.1319924613324666,0.2493729002666259,2.291177556407596,0.5368661387488628,0.6414762887617422,0.0114375802038453
qwen-3.5-flash,2,72cfd2,desktop,48,0.1054914839758992,0.2269813265617273,2.394941539691274,0.4372272824626845,0.6256366600940392,0.0598043426851272
qwen-3.5-flash,3,72cfd2,desktop,34,0.0430701552604897,0.2039306393482478,2.763319439111916,0.1976792305307187,0.5486708937726636,-0.0057564330716522
qwen-3.5-flash,1,72aff7,mobile,50,0.1387960160830734,0.2542382487318873,3.671996904000769,0.3435778003072304,0.6611670924536769,-0.1379713537577095
qwen-3.5-flash,3,72aff7,mobile,11,0.2399784985550105,0.2862293506286634,3.7603431754521974,0.5079564355758324,0.5998178947611893,0.0233855955341114
qwen-3.5-flash,2,72aff7,mobile,48,0.1109093254140677,0.2339128650140687,3.947471692398165,0.2908858814490287,0.6458725647449579,-0.1788925796996514
qwen-3.5-flash,1,72e45e,web,52,0.1549943466879942,0.3555117585324576,2.569541469313297,0.4521060661348346,0.6607400788399557,-0.143397273282104
qwen-3.5-flash,3,72e45e,web,30,0.2349844674475538,0.3732880179536666,2.9731512368697413,0.5389764429860632,0.6829404693861649,0.0404672163032883
qwen-3.5-flash,2,72e45e,web,30,0.2991646074451252,0.4108818835260847,2.478874650999586,0.7166811539798141,0.7075935336146661,-0.0468274277847074
qwen-3.5-flash,1,73386c,desktop,33,0.4283228391818532,0.3585569990292024,2.0313840219802515,1.0596532344014329,0.7328621124138992,0.4199767484830267
qwen-3.5-flash,2,73386c,desktop,51,0.133792849025619,0.2218346061883043,3.383637154266763,0.2686519547008661,0.6680040167690442,0.1633897275008463
qwen-3.5-flash,3,73386c,desktop,52,0.1600091341255689,0.2332498402801377,3.5595644974910483,0.2334788451213814,0.6197139315133439,0.2054167555532648
qwen-3.5-flash,2,731c85,mobile,35,0.0223687294755503,0.1870754382412277,4.463633908416936,-0.1030936410500827,0.4835532824888784,-0.1100086071487184
qwen-3.5-flash,1,731c85,mobile,52,0.1143965358881214,0.2204573253562243,4.298824033831251,0.2121065158204235,0.5581710443799968,0.0480021844829104
qwen-3.5-flash,3,731c85,mobile,33,0.1299122219659398,0.24638243630068,3.427681938558565,0.2825777475442425,0.5837299667189949,0.0675995297948771
qwen-3.5-flash,1,73ada1,desktop,50,0.1236110629444645,0.2150203378405468,2.300444995597662,0.68336730121781,0.7731850807860249,0.0678066950280367
qwen-3.5-flash,2,73ada1,desktop,56,0.0155671662453432,0.1486330941971905,7.100015984705821,0.2729937941868927,0.4851297743722304,0.0653067442940362
qwen-3.5-flash,1,71bc07,poster,51,0.1779089675926739,0.2026821834754178,5.877978574098235,0.4234981044188616,0.428187569621803,0.1283579108388586
qwen-3.5-flash,1,733bb9,mobile,30,0.3218724556698766,0.2902654773571944,1.893688269698375,1.1938007335949383,0.8657395736967586,0.3313450415654373
qwen-3.5-flash,2,733bb9,mobile,30,0.3322306515957823,0.2889196002779235,1.884440023050352,1.2716891756766984,0.8694348950557541,0.3446888689389817
qwen-3.5-flash,3,73ada1,desktop,29,0.12028406381592,0.2017242438317557,2.43414286093019,0.5033937302921571,0.74792853448423,0.1293341821473438
qwen-3.5-flash,1,73bdee,web,43,0.3661333939675354,0.3277910607782039,1.6214499491211352,1.0440038284991755,0.7193050550921052,0.2047899462198772
qwen-3.5-flash,2,73bdee,web,51,0.4584271701094969,0.4008570744037698,1.0648029514929358,1.247211243853812,0.8150718037481987,0.2519850761018974
qwen-3.5-flash,3,73bdee,web,56,0.4013415494388842,0.3665184616272435,1.2158515839344723,1.120007820966349,0.7841065466710244,0.2329980474306776
qwen-3.5-flash,3,733bb9,mobile,30,0.3209191258646098,0.2897953467772856,1.8777820367049056,1.2381469359716348,0.8670945555929601,0.3321578588832266
qwen-3.5-flash,1,73d5d7,web,41,-0.077579663750404,0.1234572245754798,4.1635964560069905,-0.1912168638504429,0.4951446503023231,-0.1130614586754619
qwen-3.5-flash,2,71bc07,poster,52,0.1434897521412328,0.1139556976040798,7.172042605884311,0.1129544968915187,0.345708821095194,0.0959559256528462
qwen-3.5-flash,3,73d5d7,web,47,-0.0921721618477854,0.1017387531237744,4.371049658759736,-0.2845088257751496,0.4659489367532209,-0.0877320494270132
qwen-3.5-flash,2,73d5d7,web,64,-0.1101223946569605,0.0998830083905238,4.573857650414123,-0.3472611352676352,0.4328535457566409,-0.0436663948355832
qwen-3.5-flash,3,71bc07,poster,30,0.2053397945614669,0.2162234539786058,5.5464044828013845,0.91332928282462,0.454925293283913,0.1661542984670044
qwen-3.5-flash,1,742a95,desktop,36,0.3341999588015274,0.2632008755229634,2.4283986006013407,1.054002282191912,0.709740021947412,0.3231150719092425
qwen-3.5-flash,2,742a95,desktop,42,0.3592674191626326,0.2496615259304414,2.5150390566140652,1.1272567904009414,0.7171518537155902,0.337591274433873
qwen-3.5-flash,3,742a95,desktop,51,0.3999492245686628,0.352709980905094,2.292764236726051,1.4644097865125103,0.7573263532608803,0.3757202345304335
qwen-3.5-flash,1,74afe3,web,53,0.1575769026187804,0.1840071253363909,2.2136476127342575,0.4115637480242489,0.661435738437562,0.1344622296216869
qwen-3.5-flash,1,741c3a,mobile,11,0.1681148613427193,0.2537352313355937,3.9451449604998183,0.2266583070417824,0.6228246509433193,0.0385203849496534
qwen-3.5-flash,2,74afe3,web,53,0.1596357751526886,0.1995523808643927,2.4544197770944702,0.5684917185510492,0.6721114799751636,0.1427473836480032
qwen-3.5-flash,3,74afe3,web,52,0.1028427316186445,0.1614164622678771,3.4649506707592814,0.2247658640887615,0.5460523431288321,0.1384892619784986
qwen-3.5-flash,1,74cb9f,poster,30,0.1723874102409069,0.3194948737065173,2.0540052572540244,0.3532436548801815,0.6845910283003377,0.1944049860055232
qwen-3.5-flash,1,74db3f,mobile,51,0.4406984683952141,0.4460672842451988,0.9755753116202268,0.9569802885452182,0.7843820159787221,0.2832075849813072
qwen-3.5-flash,2,74cb9f,poster,54,0.2815241352349686,0.3554679213583532,2.435917143214981,0.691047809984354,0.692026141771159,0.2786156496473092
qwen-3.5-flash,2,74db3f,mobile,30,0.45729787965074,0.4708805625658507,1.0682922341806091,1.2449014571608965,0.7972385549250932,0.3220954641760138
qwen-3.5-flash,2,741c3a,mobile,52,0.1732280985284381,0.3211143688566376,2.4335834247058057,0.2843487198019849,0.6236369221669765,-0.0930969432909741
qwen-3.5-flash,3,74db3f,mobile,30,0.3048995024625004,0.3929935586282448,1.2719235522704542,0.7013142837669042,0.7637743901196684,0.1419085220857572
qwen-3.5-flash,3,74cb9f,poster,30,0.1797025756706177,0.3020907068806462,2.404933796023954,0.1804711516895672,0.6153115991080563,0.17376808998786
qwen-3.5-flash,3,741c3a,mobile,32,0.1853996091549688,0.3028136267145815,2.880304440280246,0.4127108667326176,0.672069234337992,-0.0207545430358397
qwen-3.5-flash,2,7527bb,mobile,10,0.0947880915259068,0.2390096822770899,3.2689568980352175,0.4639154712963135,0.6847022806271262,-0.0535822100336706
qwen-3.5-flash,1,7527bb,mobile,50,0.1092635909649694,0.2334649307898019,2.6081007368402425,0.4540468239631161,0.68400245677422,-0.0499197257498821
qwen-3.5-flash,3,7527bb,mobile,36,0.0142630749925023,0.211763027660408,2.800205795178851,0.1793125848873284,0.5469509202344539,-0.1964331540933987
qwen-3.5-flash,2,74e427,mobile,51,0.0659250536627552,0.2377389023956451,2.7339609313592934,0.0995981339881911,0.613514144349049,0.0828139291584932
qwen-3.5-flash,1,74e427,mobile,30,0.088915355073348,0.2375719839886327,3.3020931246563565,0.2535569142700123,0.6266682805408679,0.0672537381821962
qwen-3.5-flash,1,7542d4,poster,32,0.2584978185007182,0.2744209628451034,1.7806883286104092,0.8899377302872725,0.7430558678339633,0.226200245868903
qwen-3.5-flash,1,74edd4,mobile,22,0.1267055717954105,0.2140234146603729,4.506911286398466,0.8777759586012898,0.6515613109748517,-0.0083689678791876
qwen-3.5-flash,2,74edd4,mobile,61,0.0946732509964317,0.2474230981431909,3.199456699035597,0.3593156792337091,0.5816004851821654,-0.1396280888037578
qwen-3.5-flash,3,74edd4,mobile,254,0.1101046919116965,0.2614208428050175,1.7214286258364575,0.51696201785368,0.6255708861282112,0.0232607699964826
qwen-3.5-flash,3,74e427,mobile,31,0.0843186440905403,0.2554859242926188,2.530162127284956,0.2524785822327856,0.6429035498399467,0.0912101234893069
qwen-3.5-flash,2,7542d4,poster,30,0.2853882423694016,0.2856343769545532,2.0762976826272173,0.9943604357244532,0.7292542925455352,0.2217623612418216
qwen-3.5-flash,3,7542d4,poster,51,0.1839886736917234,0.2422211931504909,2.280131605051965,0.554696439417108,0.6529329935298145,0.1827891661323453
qwen-3.5-flash,2,75361f,mobile,37,-0.0026924753183621,0.2368610564360769,4.107894198947608,-0.0011266019549611,0.4932543954591376,-0.0937641837046024
qwen-3.5-flash,3,75361f,mobile,31,0.0438567881417386,0.2494058825294099,3.706019345349693,-0.0598894900947215,0.5138294772597317,-0.1057344306299943
qwen-3.5-flash,1,75361f,mobile,31,-0.0066621945470654,0.2165176904485262,4.368025698353565,-0.0954637769810133,0.4695515447521394,-0.0392588557585955
qwen-3.5-flash,1,755429,mobile,30,0.336609118117447,0.3231362477612521,2.423695239515496,1.3128951810736147,0.8194833239901883,0.2835442502886535
qwen-3.5-flash,3,756eac,mobile,50,0.5767461902277649,0.4332982622987971,3.150620197481544,1.8084039034364243,0.6822089656994572,0.5416765114548024
qwen-3.5-flash,2,755429,mobile,31,0.3704138467658359,0.3236282708755762,2.657945808634442,1.662276014092641,0.7601761435864615,0.3250149814680194
qwen-3.5-flash,3,755429,mobile,31,0.3249331091955454,0.2914110139123573,2.5915035464696583,1.2574465090540328,0.7941925594390278,0.2777880174452138
qwen-3.5-flash,1,756eac,mobile,55,0.4134945533937556,0.3871277780200582,2.031716866982327,1.178492707051514,0.7476036686478678,0.3835917762971136
qwen-3.5-flash,2,756eac,mobile,52,0.3392071994533149,0.3536942506804832,2.120225048041974,0.9936289122848172,0.7319079846999216,0.3316898081491005
qwen-3.5-flash,2,757ade,mobile,31,0.0018629984239604,0.1812832024809872,5.584115359119111,0.1724990814241022,0.4506369188472867,0.063934727114427
qwen-3.5-flash,1,757ade,mobile,32,0.0052999860297457,0.1846698669883941,5.578186776140561,0.233173318015132,0.4536691241427037,0.071558991277884
qwen-3.5-flash,3,757ade,mobile,33,0.0462367795321019,0.1941846149029262,4.849701351302971,0.3112949948420574,0.5947210618711848,0.0891692329647197
qwen-3.5-flash,1,7613f2,desktop,31,0.4565877983752978,0.3870055852497461,1.369283962070858,1.158917364629391,0.7918415279416119,0.4038419121237149
qwen-3.5-flash,2,7613f2,desktop,35,0.3440017079771189,0.3378661775769087,1.9433395366234192,0.8427047140843364,0.7437417082776473,0.3327711031487002
qwen-3.5-flash,3,7613f2,desktop,31,0.4317236295399929,0.3799632798334421,1.4352131874957823,1.1209740866416684,0.7851486251489018,0.379602937210564
qwen-3.5-flash,2,75c4ec,poster,30,0.1031918243638281,0.2436375057468357,3.1769061776482728,0.2516604563368813,0.5555635041511202,0.0574231118346868
qwen-3.5-flash,1,75c4ec,poster,46,-0.0150423414228788,0.1806557246151602,3.716688578275988,-0.0665119041267141,0.5002790716414937,0.0170055218842956
qwen-3.5-flash,1,759dc4,mobile,30,0.1772007033913422,0.3386474510696028,3.482245936113949,0.5454671889591571,0.5939387618496691,0.1387290939375142
qwen-3.5-flash,3,75c4ec,poster,51,0.1564663998033875,0.2663523315266674,2.915047363306776,0.5050573280443924,0.6339785794890034,0.0946756699536864
qwen-3.5-flash,2,759dc4,mobile,30,0.0986496409685457,0.3021833119592916,3.954882973963216,0.409591575621238,0.6049817648274776,0.0618952177916626
qwen-3.5-flash,3,759dc4,mobile,30,0.1360767652975487,0.3237434760862566,3.438247397930926,0.4557975776829458,0.6032922548580807,0.0929501328651903
qwen-3.5-flash,2,761c36,web,34,0.0448704232959809,0.2175037876069828,2.106888619853501,0.043427231069644,0.6132056609900337,0.0065747377783084
qwen-3.5-flash,1,761c36,web,53,0.0083014111995184,0.2087462942756207,2.4472679178250067,-0.1323128054284626,0.5407188645093727,-0.020313725313236
qwen-3.5-flash,2,763161,mobile,30,0.3686479162563252,0.3643695824704462,1.427068251864381,0.861621195436431,0.7262295026945718,0.1811268838244981
qwen-3.5-flash,3,761c36,web,33,-0.0026903393329265,0.1989937263151217,2.336916067850628,-0.1077014935536868,0.5288765275838844,-0.0384837828211967
qwen-3.5-flash,3,762fc4,desktop,42,0.2296311730363478,0.2140859538209909,1.903714652098656,0.9420445595546278,0.7967408693869155,0.1863316961370484
qwen-3.5-flash,1,762fc4,desktop,55,0.2263059915729966,0.2106815105128989,1.9148788242892525,0.9132960901463127,0.7942080617832323,0.1378045163789787
qwen-3.5-flash,1,763161,mobile,31,0.3060981372580725,0.3243431566749975,1.8898333029729184,0.6508078057332621,0.67482005807297,0.2485164670597551
qwen-3.5-flash,2,762fc4,desktop,54,0.2458382885846291,0.2129277012031922,1.856504911668078,1.0018300556940434,0.7986398512163962,0.1472622972632445
qwen-3.5-flash,3,763161,mobile,30,0.2755084586930837,0.3203909524830886,1.9018234961355716,0.7029844034265992,0.6770374704333474,0.1400603952366059
qwen-3.5-flash,2,76822c,desktop,30,0.195744631614292,0.2533987793100076,2.5053162011833816,0.546554200531125,0.6919697321183691,0.1916963650041662
qwen-3.5-flash,1,76822c,desktop,33,0.2593155760866561,0.2843346772017228,2.3990342186086484,0.7195750007904259,0.7112023052036311,0.2511901280238829
qwen-3.5-flash,3,76822c,desktop,38,0.210933725907491,0.2555554336876623,2.5181572587939787,0.5903626881871733,0.6804529796544495,0.2269742290351726
qwen-3.5-flash,1,763560,desktop,303,-0.0890043327761954,0.1530496382540033,3.652963538100449,-0.3495083107557257,0.4024047489661192,0.0374643939531692
qwen-3.5-flash,1,76b63f,desktop,30,0.1331820618947894,0.2893721746065941,1.8339985295430683,0.2302684733208545,0.6022015987272695,0.122085513651689
qwen-3.5-flash,2,763560,desktop,50,0.0814695900139247,0.2353999426292698,3.6272325063606,0.2384379165884154,0.5710316126388997,0.0909579236974355
qwen-3.5-flash,3,763560,desktop,38,0.078743146277477,0.2173716284372363,2.997731207907693,0.1020592978885702,0.5617970404623558,0.0956228748016395
qwen-3.5-flash,2,76b63f,desktop,45,0.1521528240392725,0.268955043120638,1.8661518145736304,0.3008010156401552,0.5856774919032549,0.1006815607082936
qwen-3.5-flash,3,76b63f,desktop,35,0.1827825797137092,0.294051632754146,1.587557086797819,0.4657973425956068,0.646128310868927,0.1732268799882853
qwen-3.5-flash,1,76dc6b,poster,40,0.2020524274859887,0.2467555057212795,1.934454558159952,0.6875347535713794,0.7411573198786101,0.0389787329574007
qwen-3.5-flash,2,76dc6b,poster,30,0.3610696369013102,0.3053993842819548,4.550908131757353,1.155761229249986,0.6162968609115387,0.1303252377646881
qwen-3.5-flash,3,76dc6b,poster,34,0.2488938233417363,0.2622207957516304,1.8053154169088093,0.8718378826592673,0.762255137011945,0.1013807600664355
qwen-3.5-flash,1,774bc4,web,38,-0.0428181812470957,0.1797433976860963,2.6431823381399338,-0.0707489319963754,0.4830493397148471,-0.0462593286824679
qwen-3.5-flash,1,773f17,web,37,0.033616096896349,0.2073739891936892,2.5407269942279993,0.162690927474053,0.6192655703144385,0.0570129115464032
qwen-3.5-flash,2,773f17,web,31,0.1388761872106549,0.2753074938183023,2.1017181965992338,0.5482054696971269,0.6995551814027438,0.111349585922673
qwen-3.5-flash,2,774bc4,web,32,0.0489938396524373,0.2246476902645877,2.292176026034217,0.1912036115045909,0.5582576396439742,0.0303432667495537
qwen-3.5-flash,3,774bc4,web,41,-0.0027061640990509,0.2240351221246588,2.161802904837533,0.0494514248085405,0.5298139937265397,-0.0612621785074803
qwen-3.5-flash,3,773f17,web,32,0.094027840690116,0.2443300552239349,2.3233406257796916,0.3678514285392316,0.6856583129811941,0.0703210590731401
qwen-3.5-flash,2,7760b5,desktop,30,0.1948423093628742,0.207435955334255,5.615418604955241,0.9731981235414076,0.5979557988971169,0.1719001627908724
qwen-3.5-flash,1,7760b5,desktop,47,0.2548433897558021,0.2287184968971078,4.373608668828563,0.9762100560106302,0.640875544465279,0.2811851838340924
qwen-3.5-flash,3,7760b5,desktop,37,0.2429943237675844,0.2170351094726337,3.216947109660044,0.8246279443543487,0.6514289252397157,0.2606320705495593
qwen-3.5-flash,1,76e1d9,mobile,35,-0.0572871789405515,0.1399010449816726,7.149343861375536,-0.0844405228024656,0.2660653042174532,-0.0963895630847946
qwen-3.5-flash,3,76e1d9,mobile,34,-0.0443123469667224,0.1546208152014956,7.037272864099179,-0.0581123705996947,0.2679993069341385,-0.0354464196297708
qwen-3.5-flash,2,76e1d9,mobile,31,-0.0517577767561383,0.1342536026978538,7.262383841311183,-0.1205973451019976,0.2445487873613377,-0.0981653740619223
qwen-3.5-flash,1,781b7e,web,56,0.0760202195953188,0.2219714069634446,2.423428706282735,0.0988093667904986,0.6018699508053267,0.0381243829976995
qwen-3.5-flash,1,7786e5,poster,30,0.1203306000544617,0.2304460841425394,5.0105598986319695,0.4354763319231481,0.5285981973105586,0.1054809769043438
qwen-3.5-flash,2,781b7e,web,51,0.1486310346568059,0.2479582577579032,2.253426585974011,0.2592549077173759,0.625076046752918,0.1175352563814748
qwen-3.5-flash,2,7786e5,poster,50,-0.0027334261945823,0.1639798943768156,5.8614776318139565,-0.0099235603032935,0.4797932970235326,0.0066412753851795
qwen-3.5-flash,3,781b7e,web,53,0.1225924790001091,0.2386904065333991,2.321731610246186,0.208524515811575,0.6179920240598606,0.1011718723192252
qwen-3.5-flash,3,7786e5,poster,51,0.0895420909486136,0.2321257873374694,4.482863547351049,0.288735113345331,0.5370933409112854,0.0216826463807847
qwen-3.5-flash,1,786754,desktop,49,0.231516663375534,0.3120426858854871,2.278904996683533,0.7325301971006526,0.7640865524400352,0.1064660219152488
qwen-3.5-flash,2,786754,desktop,51,0.2813571403028264,0.3274543952130252,2.3022049980896035,0.8868676267233413,0.7607613559777748,0.1379971996631883
qwen-3.5-flash,3,786754,desktop,51,0.2605630432709249,0.3250493059525904,2.316035004031577,0.8684973409287173,0.7883952372985186,0.1547136177569268
qwen-3.5-flash,1,787aa3,web,34,0.2930614856060544,0.3372566630821207,1.7245019015568073,0.7983772773307354,0.7282297114641662,0.2469718444757717
qwen-3.5-flash,2,787aa3,web,40,0.1852054068110683,0.2819789977766951,2.724432209923555,0.5536487357173163,0.687353251150639,0.2059016193705156
qwen-3.5-flash,1,78666b,mobile,30,0.0073878292342712,0.1904901623314708,4.259341344581381,-0.0136239976910128,0.570682099633348,0.02612980752694
qwen-3.5-flash,3,787aa3,web,31,0.2871360875620393,0.3407678451291486,2.466016654001292,0.8609424326793151,0.7327528642732858,0.2656958349113759
qwen-3.5-flash,2,78666b,mobile,30,0.0072861451807737,0.1678306306283523,4.366415677368171,0.0065091564614145,0.5682467792040417,-0.0127668393615475
qwen-3.5-flash,3,78666b,mobile,100,0.0870973104545132,0.2545029973483253,3.1123716425115275,0.220460914858536,0.5864917734731458,0.0192850771981276
qwen-3.5-flash,1,7881e5,web,40,-0.0901041905229699,0.1513928580957347,3.2808190954878347,-0.1783142113395316,0.5090680453615697,-0.2121168109071897
qwen-3.5-flash,1,78b10c,desktop,34,0.0469503348744797,0.1843888552451438,2.636008314106429,0.1729535727691299,0.6638243591734873,0.1058541824607164
qwen-3.5-flash,2,7881e5,web,36,-0.0971824791701512,0.1444514263789534,3.507247046276745,-0.2437174828866704,0.5111469283951113,-0.182699800184088
qwen-3.5-flash,3,7881e5,web,39,-0.0941688009086667,0.1599361129108925,3.067077350824035,-0.2835285442455917,0.4693409113683203,-0.1907256040344142
qwen-3.5-flash,2,78b10c,desktop,47,0.0388913595134286,0.1873604181572777,2.5556258307912643,0.1330655042443368,0.6683373769054944,0.0849935860360276
qwen-3.5-flash,3,78b10c,desktop,44,0.0156824076006738,0.1725958749641254,2.67831796600937,0.0522814411331414,0.6378846777707077,0.0858159271150249
qwen-3.5-flash,2,781596,poster,38,-0.0891974744564507,0.1117565394283894,6.903119315889317,-0.1799772422296641,0.2568015274271579,-0.1568981009412879
qwen-3.5-flash,1,78ddbd,web,31,0.0170534054252971,0.2142863767012775,2.7780984302877316,-0.0091913733313074,0.5045711154738886,-0.0457974502051304
qwen-3.5-flash,3,78ddbd,web,31,-0.0416270321613299,0.1835609915165033,3.7253859582193782,-0.1342667381069451,0.4440454625547357,-0.0635079784087696
qwen-3.5-flash,2,78ddbd,web,34,-0.0323887989446974,0.1885921608385522,3.995655984203992,-0.0858318784311169,0.4335188077261974,-0.022064571396352
qwen-3.5-flash,1,781596,poster,35,-0.0626541029724972,0.1253529149215369,6.674799556826055,-0.1477734466707893,0.3009474205590656,-0.1791444164920433
qwen-3.5-flash,3,781596,poster,52,-0.0961780756806136,0.1470854496253497,6.364681931044827,-0.1621001268076151,0.352513155801771,-0.1429657693330528
qwen-3.5-flash,1,78fccc,web,32,0.1376438157614622,0.2055015386845806,3.1883966929913576,0.3577313139297891,0.6382383695477748,0.0713336741558677
qwen-3.5-flash,2,78fccc,web,31,0.0906159836815615,0.193614790641273,3.265986265049479,0.2319840137007337,0.6795951207715635,0.0690799768507775
qwen-3.5-flash,1,78cb76,poster,52,0.2329995882707556,0.2379236911802447,4.469570334605959,0.3263307287848457,0.6973406845641364,0.2138758828901217
qwen-3.5-flash,3,78fccc,web,40,0.0426052668267532,0.1649743152677482,3.452099607016024,0.0985560381190989,0.6222319126983846,0.0716610865073259
qwen-3.5-flash,2,78cb76,poster,47,0.1583222679017512,0.2252455563039007,4.609516267312778,0.2022971469011605,0.6664684504721523,0.1378211664079567
qwen-3.5-flash,3,78cb76,poster,32,0.0581272889808571,0.147289100695296,5.943226501999129,-0.0096339233930197,0.5840705369464055,0.0421932467597699
qwen-3.5-flash,1,79e0cc,desktop,30,0.3024520472537097,0.3095150774536923,3.637464585938569,1.581285915384615,0.7546297543419066,0.3034473787875507
qwen-3.5-flash,2,79e0cc,desktop,30,0.3024520472537097,0.3095150774536923,3.637464585938569,1.581285915384615,0.7546297543419066,0.3034473787875507
qwen-3.5-flash,1,79672d,mobile,30,0.0892210787663231,0.2209701355637452,3.8613445674395592,0.3089325110384691,0.5785931955347834,-0.043734670841184
qwen-3.5-flash,3,79e0cc,desktop,30,0.3024520472537097,0.3095150774536923,3.637464585938569,1.581285915384615,0.7546297543419066,0.3034473787875507
qwen-3.5-flash,3,79672d,mobile,51,0.0757677115433687,0.2108459347225516,3.679628219652207,0.2099117202070151,0.5584617794104153,-0.0199589113670451
qwen-3.5-flash,2,79672d,mobile,30,0.1207734347790011,0.2298873109828789,3.441954116136011,0.4120091420717638,0.584940321127089,-0.0276673427746371
qwen-3.5-flash,2,79dba2,poster,50,0.2612491860135814,0.3099924782894313,2.903033002150581,0.7539214201427272,0.700332713804789,0.2043670799005628
qwen-3.5-flash,1,79dba2,poster,31,0.1676955373312243,0.2576362958847576,3.336283719783844,0.4676333928901476,0.6816671338792838,0.1097804949618097
qwen-3.5-flash,3,79dba2,poster,30,0.1305975155186241,0.228854423535798,3.5227346862121474,0.3941527550508013,0.6609411832365079,0.1130540618636951
qwen-3.5-flash,1,7a9967,mobile,30,0.2327495372600166,0.3282720202821412,2.954093111020309,0.5117244607696629,0.6278079262735148,0.2400990111958905
qwen-3.5-flash,2,7a9967,mobile,30,0.178225825077844,0.3066003440153333,3.1391611014484786,0.3856697627675642,0.6063826320047669,0.1934361369970965
qwen-3.5-flash,3,7a9967,mobile,30,0.2929231982843223,0.3479865111587915,3.003869883082255,0.7138297084506151,0.6492657610959007,0.3119023391907251
qwen-3.5-flash,2,7ac1c6,web,37,0.1135167937763406,0.2785657021067212,2.238430142989885,0.5445096735514339,0.6668915884549849,-0.056717288603234
qwen-3.5-flash,1,7ac1c6,web,37,0.1111845373219352,0.2790898369601757,2.2114366445517732,0.5304743214397483,0.669249632855858,-0.0530374089334975
qwen-3.5-flash,3,7ac1c6,web,37,0.1138294649066507,0.2802237121090544,2.1824850462877112,0.5332011379718332,0.6705299727915516,-0.036946640566224
qwen-3.5-flash,3,7aad84,poster,30,0.0655818693322429,0.1662424207612372,6.259699150815196,0.0220233620145268,0.5841513566325011,0.0825221119961314
qwen-3.5-flash,2,7aad84,poster,84,0.0918238566872111,0.2162462785554031,5.64576980029886,0.0891010145944285,0.6060099337346955,0.0291329655517612
qwen-3.5-flash,1,7aad84,poster,51,0.2246417573101835,0.3373114041652977,2.5093124906994086,0.7319573636356017,0.7579702792852604,0.1794752984559402
qwen-3.5-flash,1,7ace2f,poster,38,0.0597546207811192,0.3501061041513189,2.908232445413286,0.0830693545052378,0.5271030138304109,0.0481875904119111
qwen-3.5-flash,2,7ace2f,poster,33,0.1216627676308874,0.3403178557781005,3.476728551893366,0.2215959676561496,0.5398726554957176,0.1193668624071103
qwen-3.5-flash,3,7ace2f,poster,33,0.0764695237342535,0.3276379014800826,3.5061468296480145,0.0827304986706437,0.5325702745597839,0.091038592003187
qwen-3.5-flash,1,7b6601,web,35,-0.031471141407337,0.1161332934913684,4.4954908331384935,-0.0949694804671244,0.514362391709279,0.0114615888634368
qwen-3.5-flash,1,7afd03,mobile,30,0.398122632144749,0.3901236231663959,1.862567435032764,1.2984777938888696,0.7335619062587906,0.2354115606382275
qwen-3.5-flash,2,7b6601,web,52,0.1014087454523275,0.1865294135130843,3.7707920529169914,0.3052239108707639,0.6011789623808657,-0.0199856172439001
qwen-3.5-flash,1,7b3c72,mobile,13,0.0485864146430393,0.1720286700803006,5.36786081537586,-0.0125450828181542,0.5138744123088108,0.0028626061453768
qwen-3.5-flash,2,7afd03,mobile,49,0.2477009033409043,0.2987334956900348,3.164938670838014,0.6589348880128838,0.6587137399486269,0.1420956082004023
qwen-3.5-flash,3,7b3c72,mobile,14,0.0189675923914768,0.1577423830951921,5.455134114497605,-0.0717081897744078,0.4993603315324627,-0.0158715793387738
qwen-3.5-flash,2,7b3c72,mobile,30,0.0258396545090373,0.1905870107274317,4.686476073323846,-0.1815283540757559,0.5549543954484285,-0.0417863868706466
qwen-3.5-flash,3,7afd03,mobile,35,0.3729501664629622,0.3693669352792753,2.150420866286762,1.090736094048134,0.7222792905080753,0.241162599151297
qwen-3.5-flash,3,7b6601,web,30,0.1628878452845564,0.2035152515431295,2.7353740793055117,0.4777001083887229,0.6648698481874235,0.1144452874408734
qwen-3.5-flash,2,7b6c15,mobile,31,0.2896861069402709,0.2926670537804545,3.434915642183624,1.0367069339637758,0.672104069886704,0.2000187157177876
qwen-3.5-flash,3,7b6c15,mobile,51,0.149765242003661,0.2148811410779497,4.1292859737109096,0.6950457188241718,0.6127858225531023,0.0785225811099222
qwen-3.5-flash,1,7b6c15,mobile,32,0.2340184423591302,0.2599163170261013,3.5976464904885175,0.776005332314465,0.6400540185740413,0.1305186687820778
qwen-3.5-flash,1,7b8443,web,30,0.1249258567538636,0.2295952340955689,5.296555961372203,0.5178328372021755,0.5276186379247907,0.0899652826947779
qwen-3.5-flash,2,7b8443,web,30,0.0728656549095899,0.198888916240745,5.123958058162555,0.4092699260630548,0.568706468229247,0.0493829161987216
qwen-3.5-flash,3,7b8443,web,30,0.122990127099066,0.2227385923113662,3.806667012429525,0.593287663148246,0.6815708670481765,0.1236574914462546
qwen-3.5-flash,2,7ba4bc,mobile,31,0.2447383868136239,0.2670784078627921,2.932772713276245,0.8156963265769183,0.7129649802862891,0.2525124480551372
qwen-3.5-flash,1,7ba4bc,mobile,50,0.1609112087287924,0.2456007951172383,2.3022038570204053,0.5623079301918069,0.6957029701762404,0.1436713951785711
qwen-3.5-flash,3,7ba4bc,mobile,30,0.3137195754365353,0.3077608385265221,2.8881341449937734,1.0019610917543649,0.7280340548051953,0.2928721483156696
qwen-3.5-flash,1,7c352d,poster,41,-0.2702288558659001,0.2011676158794445,3.013888666585223,-0.4412993005786905,0.3786081081423998,-0.2997400178762263
qwen-3.5-flash,2,7c352d,poster,34,-0.1390546023769052,0.2217968885702209,2.850092777151489,-0.1112547087982642,0.4586092454162399,-0.3179560081798629
qwen-3.5-flash,2,7bed0d,desktop,49,0.2784427729361097,0.2642874406428662,1.7296846451603378,0.762667369857399,0.6952824861361989,0.148132028979285
qwen-3.5-flash,1,7c2883,web,47,0.1459222331968424,0.2665131346470881,1.752697114200192,0.1906625931561309,0.5526981591354554,0.1610060555459182
qwen-3.5-flash,1,7bed0d,desktop,49,0.2587262527628073,0.2590769096851771,1.8000876300637838,0.7192830049910979,0.6899237292878138,0.1277050025959477
qwen-3.5-flash,3,7c352d,poster,33,-0.1791011433862127,0.2207556570423245,2.6832132276700116,-0.1935337649623009,0.4639111305508118,-0.3260702285409263
qwen-3.5-flash,3,7bed0d,desktop,36,0.2017295629067019,0.2456216919063715,1.960263930990345,0.5639564257730872,0.6590090793999355,0.0903520053389446
qwen-3.5-flash,2,7c2883,web,34,0.1395906145598645,0.2463496809705999,2.298590702996071,0.3608069871232663,0.6191229207478328,0.1405328365612241
qwen-3.5-flash,3,7c2883,web,52,0.2748997638051234,0.3007860352360114,1.5945833360362274,0.59517409545852,0.6622160969297934,0.2851083302965604
qwen-3.5-flash,1,7c4cae,mobile,31,0.0896352388675662,0.1867284782091817,4.1930643868057915,1.3702785668446882,0.6190496886894533,0.0995230096920493
qwen-3.5-flash,1,7c5f7f,mobile,52,-0.0845285009258815,0.213902263481329,4.893776083205706,-0.2921954205171865,0.3651852356106899,-0.1069758022099905
qwen-3.5-flash,2,7c5f79,poster,30,-0.013985963729881,0.0662036197831437,8.153991381426618,-0.164502088209838,0.3168777289552701,-0.0009393506666248
qwen-3.5-flash,3,7c4cae,mobile,31,0.0952102061004518,0.1890966402974803,4.170206665294823,1.3896749058184277,0.6203242486946042,0.1055331239931548
qwen-3.5-flash,2,7c4cae,mobile,34,0.176557930455433,0.234043596559695,3.529851203059152,1.5170823752194864,0.6475957019375087,0.1969782443149256
qwen-3.5-flash,3,7c5f79,poster,30,-0.0192358485726691,0.0630794167982986,8.19033195065026,-0.1708009082258204,0.3164500629341833,-0.0040257450475657
qwen-3.5-flash,1,7c76a1,web,45,0.1440013314284746,0.2625291628746864,1.723882196607758,0.3744226876745661,0.6114855981017847,0.2121110372372777
qwen-3.5-flash,1,7c5f79,poster,70,-0.061923670842098,0.0404470265121371,8.190537053554298,-0.2538169439186979,0.3524198262005972,-0.0368307669835404
qwen-3.5-flash,2,7c5f7f,mobile,30,0.0444563299280112,0.2030829247549594,5.6747494115189685,0.2171209122405367,0.4365876653976832,-0.0960789000655537
qwen-3.5-flash,3,7c76a1,web,50,0.1049973712837448,0.2665520134663252,1.743302923603097,0.2396487899453402,0.5823705386062166,0.1463537990303032
qwen-3.5-flash,2,7c76a1,web,49,0.0775098461323667,0.2468222390688491,1.815246855201959,0.1361313477325414,0.5478281684530351,0.1647270161092631
qwen-3.5-flash,3,7c5f7f,mobile,53,-0.0970752904636076,0.2141697077857016,4.883401240459554,-0.2699290114789222,0.3671348358743042,-0.0888910605360878
qwen-3.5-flash,1,7c8c61,web,33,0.0218367646752928,0.1127733398286581,3.3932956977850415,0.0760840692187787,0.6493444720755428,0.0308444252774907
qwen-3.5-flash,2,7c8c61,web,53,0.0010663433518742,0.1031411117630198,3.6041258795577744,-0.0322467959311031,0.5768824020805515,0.0310181079784957
qwen-3.5-flash,3,7c8c61,web,49,0.0372079211001186,0.1202944326596726,3.447557280613423,0.1056115634912713,0.6272221625882771,0.0622041800805511
qwen-3.5-flash,1,7c98c6,web,51,0.1941225436205446,0.211438654557905,2.12847701604768,0.4801333399141993,0.659703098784455,0.1572900928655163
qwen-3.5-flash,2,7c98c6,web,51,0.0790249527952802,0.1673315830739745,2.6026998428942214,0.1440909512135657,0.5832412518145937,0.0750656368347708
qwen-3.5-flash,3,7c98c6,web,31,0.2328407932057866,0.2491689209987709,1.92294199373584,0.6997230173586925,0.721189151041618,0.1857621907961015
qwen-3.5-flash,2,7caa99,desktop,15,0.3915074871652689,0.3768470382790577,1.989595878982927,1.0835179054909454,0.731426143947636,0.3817211949029782
qwen-3.5-flash,1,7caa99,desktop,53,0.2770701944001592,0.2943040666779904,1.8178630764616337,0.8203719479984353,0.7077538086507793,0.2940432036220506
qwen-3.5-flash,3,7caa99,desktop,32,0.2800718209121515,0.3295301927387375,1.4506207256615389,0.8324509118691134,0.7519068199687744,0.3169214849281865
qwen-3.5-flash,1,7cc04a,desktop,30,0.2992564000366632,0.3076636959698107,1.5242326589107806,0.8395037697640354,0.7500514109291214,0.2562340882454204
qwen-3.5-flash,2,7cc04a,desktop,33,0.262837983385136,0.2935384920828752,1.578791301286655,0.7362324264896889,0.7386554735996436,0.2383505972040113
qwen-3.5-flash,3,7cc04a,desktop,30,0.2527315133068838,0.2904167780832137,1.6246627151371509,0.7083065502252931,0.7218079833663851,0.1941731149203679
qwen-3.5-flash,1,7cd2e0,poster,30,-0.0144318820329103,0.1434044934019102,4.450894707970978,-0.3081074071711975,0.5595194505362577,-0.0205359158660312
qwen-3.5-flash,1,7cf580,poster,30,0.010183780514227,0.2253928765731904,2.983318942081772,0.1209573919932068,0.5449681472815744,-0.1756554716070941
qwen-3.5-flash,2,7cd2e0,poster,30,0.034407608198401,0.19087347947873,4.156300517974126,-0.1019035812500755,0.5072938295345181,-0.0219072505917586
qwen-3.5-flash,2,7cf580,poster,46,0.1427376598085956,0.2972974278203008,1.9190279940312565,0.3460718246012065,0.6049056354274989,-0.2148513085878098
qwen-3.5-flash,3,7cd2e0,poster,30,-0.0373263365428831,0.1448838942089543,4.464002332755578,-0.4320947016331047,0.4149776023471302,-0.0259237189880234
qwen-3.5-flash,3,7cf580,poster,41,0.1476242872961672,0.2980322207309311,1.9365956826529516,0.3891498331994103,0.6187125431651853,-0.0686542765841024
qwen-3.5-flash,2,7d53b3,desktop,30,0.2194778346756983,0.3008284539162814,1.671831256131885,0.7251513697350888,0.6886087181366547,0.0549708347543684
qwen-3.5-flash,1,7d1335,web,36,0.0761475782548,0.2275565885042776,2.592654392984672,0.2179653688042175,0.5505021480548026,0.0364748780390466
qwen-3.5-flash,1,7d53b3,desktop,30,0.1828490976529243,0.2773288727843232,1.7076147645553448,0.522616680713251,0.6785003212007111,0.1249928746813435
qwen-3.5-flash,3,7d53b3,desktop,30,0.2090331348263949,0.293746400231777,1.665652226883489,0.61493126303327,0.7003632402901159,0.0684090467200995
qwen-3.5-flash,3,7d1335,web,47,0.0022461130099917,0.2031773930660753,2.8186257166756405,0.0404913304167879,0.5018838969668226,0.0545167947837567
qwen-3.5-flash,2,7d1335,web,39,0.0876847499778577,0.2286054566460065,2.6585785748801345,0.2433806772207662,0.5494884868182354,0.0809822995699379
qwen-3.5-flash,1,7d5fb2,desktop,47,0.0794883527847422,0.1530864856261656,2.881375936114831,0.4905044419249534,0.6552813413475779,0.0533873979556353
qwen-3.5-flash,2,7d5fb2,desktop,90,0.0796834362855376,0.1387626799937062,2.563969557162278,0.4264950716262322,0.6250502770692458,0.0921403940701576
qwen-3.5-flash,3,7d5fb2,desktop,54,-0.0962686636860955,0.0990768881048851,3.9492064969625487,-0.3519830538667873,0.4495210592666381,-0.0522331832713789
qwen-3.5-flash,1,7d61f6,poster,37,0.037266216778227,0.1877068963601766,2.8725962643700833,-0.0190080078197902,0.559812275194359,0.0449807991131446
qwen-3.5-flash,2,7d61f6,poster,49,0.0364628568876458,0.1912677062490906,2.942067226852301,-0.0355715035136103,0.481248340776027,0.0820595120753497
qwen-3.5-flash,3,7ce6d3,poster,51,0.2763430617353856,0.2721024757928969,4.511722238023104,0.8019277922466232,0.5339577640600898,0.3206061214403982
qwen-3.5-flash,1,7ce6d3,poster,43,0.309484998178566,0.3141167115896701,3.74745262187484,0.8865060379060631,0.60190769532,0.3733686156515074
qwen-3.5-flash,3,7d61f6,poster,47,-0.0201194753868007,0.1656613439917974,3.0816297538432535,-0.1831281988355079,0.4807484667246199,0.0010290105788142
qwen-3.5-flash,1,7dd59a,poster,30,0.3977395777063778,0.4406508756808541,1.0037742674160526,0.8350390141813734,0.7412096072371337,0.3371266893452503
qwen-3.5-flash,2,7dd59a,poster,51,0.2167148322952542,0.350242188068299,1.3395152985281429,0.3604365977307912,0.6409879951141684,0.2761251218683483
qwen-3.5-flash,2,7ce6d3,poster,50,0.2914979790635488,0.3411531939518227,3.682767510458629,0.7354811279794521,0.6154529093841109,0.2906569264994998
qwen-3.5-flash,3,7dd59a,poster,284,0.1717972349421074,0.3539865690546789,1.3724157408417277,0.3187278219449581,0.6426867999421386,0.1078127414491454
qwen-3.5-flash,1,7db957,mobile,35,0.390215142636874,0.3911888260856158,1.822627889952552,1.2001552058584612,0.838587448928951,0.3792166564144781
qwen-3.5-flash,1,7dec89,poster,38,0.0326270421420756,0.302973489570147,2.386523898464742,-0.2609421404076836,0.4855411842571034,-0.0825734744293561
qwen-3.5-flash,2,7dec89,poster,40,0.042357790882814,0.3121965113027659,2.296305921065108,-0.0907324841194827,0.5181700743096707,-0.0295422804092856
qwen-3.5-flash,3,7dec89,poster,35,-0.0622732461104042,0.2665301281007324,2.6691889179326056,-0.4085050911174521,0.3821715211050431,-0.1323251256343107
qwen-3.5-flash,2,7db957,mobile,48,0.3136011965807206,0.3298612120635572,2.308209814712932,0.9450868641388348,0.7898467936893011,0.3766504252931866
qwen-3.5-flash,3,7db957,mobile,32,0.381543553809235,0.3919784163610286,2.082706919230121,1.1377788532541713,0.8376144619816464,0.390261291140741
qwen-3.5-flash,1,7dea7a,mobile,31,0.1242332270210574,0.2678614335962612,3.283270938266012,0.3540009443989519,0.6785403152546047,0.1410745173938599
qwen-3.5-flash,2,7dea7a,mobile,30,0.0111069094791034,0.1970469076963454,6.238379968602167,0.2800933794430437,0.3668282955885853,-0.0223872976930618
qwen-3.5-flash,3,7dea7a,mobile,30,0.0253968849114138,0.193210907184934,6.298401998731443,0.2230758747304746,0.373771810508029,0.0076121323901454
qwen-3.5-flash,1,7decae,mobile,39,-0.0485395228272281,0.1036959194399634,6.686418418153054,-0.3455900854297211,0.3990803145384269,-0.1372347056615052
qwen-3.5-flash,3,7decae,mobile,35,-0.0366613493921494,0.109595306559313,6.6353306932443585,-0.3100042318704564,0.4267512836196359,-0.1368768201603775
qwen-3.5-flash,2,7decae,mobile,39,0.0849308856138712,0.1701681895862723,3.8045801664606578,-0.0833338057131512,0.5362563353807563,0.0382168175150557
qwen-3.5-flash,2,7e01b8,poster,49,-0.0063634482719134,0.2121776304523953,4.6692773579261795,0.0489402014056576,0.6321369195612738,0.0321244715010746
qwen-3.5-flash,3,7e01b8,poster,51,0.1145457680743172,0.2940492016117052,3.668458427076709,0.2949017837517038,0.5645430548989256,0.0845613852478986
qwen-3.5-flash,1,7e2e98,web,33,0.030355327012071,0.1743857724238671,2.8571874310249643,0.1262357241491839,0.6334661479466117,-0.0697968182750076
qwen-3.5-flash,1,7e01b8,poster,30,0.1420854490130833,0.2918908504689421,3.695078897102149,0.243172051422951,0.6954363297383781,0.1261019583106109
qwen-3.5-flash,2,7e2e98,web,32,0.0828041747258359,0.1950740260302811,2.6668436274222684,0.3113238401536295,0.6715268773858778,-0.0150491147790423
qwen-3.5-flash,1,7e3369,mobile,23,-0.1230888549465303,0.1676346071608353,3.0756143901598136,-0.2527730391758733,0.439531666728591,-0.1531953359745941
qwen-3.5-flash,1,7e305e,desktop,54,0.0013341157424765,0.1508553430473202,3.4068586653511184,0.1488924255391563,0.6430439107988721,-0.062453051011785
qwen-3.5-flash,3,7e305e,desktop,51,0.0798676897890138,0.1777493806819263,2.864884936178957,0.4117268566783191,0.6674902547123489,-0.0754264139765605
qwen-3.5-flash,3,7e2e98,web,31,0.0356947402604263,0.1796606934803883,2.8504776009253305,0.1333839967268944,0.6357395447958166,-0.0635847596411896
qwen-3.5-flash,2,7e305e,desktop,40,0.0508693475656708,0.1590665843195054,2.9086244829370393,0.3187223121813693,0.6458213299238635,-0.0480878473337233
qwen-3.5-flash,1,7e5b71,poster,51,-0.1359117106253869,0.2304008208125975,2.048794798599457,-0.2764091722442315,0.4176313019407425,-0.0641747103816171
qwen-3.5-flash,2,7e5b71,poster,52,-0.0701919338115806,0.2452363429075846,1.817768510899311,-0.149334815209054,0.4718378309724464,-0.0338398650179932
qwen-3.5-flash,2,7e3369,mobile,30,-0.1214945219570979,0.1782092947688949,2.6879024726766043,-0.2399827899175106,0.4424996103830965,-0.1791450391881736
qwen-3.5-flash,3,7e5b71,poster,54,0.1692530399941923,0.3092659003032545,1.6035467689817269,0.4057972094114859,0.6341744955381319,-0.0535632326343271
qwen-3.5-flash,3,7e2533,poster,35,0.1047061305053224,0.1300223112203664,4.495352589213007,0.5076717593997083,0.6163683355870495,0.0991108199705965
qwen-3.5-flash,3,7e3369,mobile,25,-0.1598818647306323,0.1552101283016446,3.180119900416747,-0.3434108004533506,0.4092718843996417,-0.1456538655000649
qwen-3.5-flash,2,7e2533,poster,30,0.1321131192109845,0.1224566909075421,4.723450227839026,0.6669007211132384,0.6027625254241714,0.1120438234242683
qwen-3.5-flash,1,7e2533,poster,30,0.1067986055097451,0.1207095698511801,4.647056862626168,0.5287337803567167,0.6144575466104361,0.0989057139677955
qwen-3.5-flash,1,7ec75a,poster,51,0.1122515926473465,0.2200017935941786,3.1185987165864777,0.2549911471473229,0.558355622051241,-0.0198436924787727
qwen-3.5-flash,2,7ec75a,poster,50,0.0172731641702773,0.1990463166715045,3.4513746229929314,0.0878607349869211,0.5247502914551025,-0.1016624312341387
qwen-3.5-flash,3,7ec75a,poster,34,0.0001741007590522,0.1669732555456994,4.472727713745834,-0.014532434048811,0.4233727949570975,-0.0808041959774703
qwen-3.5-flash,1,7f0091,poster,30,0.0045316391563088,0.2854547437463759,2.633522550271292,-0.0505884023545926,0.4685165358022438,-0.0846064900094689
qwen-3.5-flash,2,7f0091,poster,30,0.0936630050234303,0.3289531556542902,2.3366212579733956,0.0732058243443193,0.5254238556972487,-0.1182495091884673
qwen-3.5-flash,3,7f0091,poster,32,-0.0187635622670664,0.277894749177606,2.664185988769207,-0.0404920259000781,0.4952116028951142,-0.0942969840805087
qwen-3.5-flash,1,7ee34f,mobile,35,0.2229424191985933,0.3725598360394687,2.962059007500153,0.4331607323457188,0.6993313926934571,-0.1120428076830024
qwen-3.5-flash,2,7ee34f,mobile,50,0.1562371236866064,0.2971540742298619,4.301580795822965,0.5188213972883897,0.5813225738023059,-0.0101081182161382
qwen-3.5-flash,1,7f066d,desktop,52,-0.0020658999171782,0.1839700773203522,3.0826907662887395,0.0018353623022427,0.6404374293378284,0.0527407209432244
qwen-3.5-flash,3,7ee34f,mobile,44,0.3141128161238805,0.4019629611266004,2.2190260030978375,0.786874426241595,0.7355948973470225,-0.0058011780692875
qwen-3.5-flash,2,7ee781,mobile,67,0.1207824531516477,0.3070972647276091,2.1048837756100585,0.5084414822427121,0.6277925673187763,0.0134071612679045
qwen-3.5-flash,1,7ee781,mobile,62,0.1623291807163523,0.3203381369686576,2.0342783382328467,0.6476825609024786,0.6683398545620669,0.0085414397572012
qwen-3.5-flash,3,7ee781,mobile,51,0.0588721666497154,0.29323577375805,3.267700343514652,0.1322020480545367,0.5545767191440384,-0.0723512849685066
qwen-3.5-flash,2,7f066d,desktop,30,0.0741303885500758,0.2286501788529893,2.8198090846274617,0.2202435978939303,0.6499406626307086,0.1075759923585092
qwen-3.5-flash,3,7f066d,desktop,30,0.1277219762146567,0.2542878923266379,2.664411788651733,0.3543211086862182,0.6656735905600961,0.1426981944828437
qwen-3.5-flash,1,7f6c14,web,40,-0.0590981629251294,0.1213265952791069,3.884263234539579,-0.1954589623901793,0.4526186996880106,-0.0614776644489504
qwen-3.5-flash,2,7f6c14,web,42,-0.0579373594722809,0.1210214204599721,4.006847103541708,-0.1545583828506293,0.4540813885314461,-0.0357067796690146
qwen-3.5-flash,3,7f6c14,web,36,-0.0255924572412695,0.136420763629856,3.652045615362183,-0.0979758076721743,0.4792126931814461,-0.0706321246688175
qwen-3.5-flash,1,7f6f8f,desktop,34,0.3371107105409454,0.2549774489327292,4.562405462250141,1.00741997805064,0.5673733599261399,0.2861000970143926
qwen-3.5-flash,3,7f6f8f,desktop,34,0.3371107105409454,0.2549774489327292,4.562405462250141,1.00741997805064,0.5673733599261399,0.2861000970143926
qwen-3.5-flash,2,7f6f8f,desktop,34,0.6176533437978793,0.4448127889120024,4.238036758836927,1.9061197978089337,0.5836855851195524,0.5750963508388665
qwen-3.5-flash,1,7f9e3a,desktop,51,0.1883376652938172,0.2618915498701269,3.7432752626480976,0.3970561955403499,0.5383229053512397,0.076164698085707
qwen-3.5-flash,2,7f9e3a,desktop,49,0.0865736275722978,0.2133273058826385,2.844265280987001,0.1402085223075178,0.5523281058405247,0.13061523846451
qwen-3.5-flash,3,7f9e3a,desktop,36,-0.0394669977591637,0.1897236306979379,3.191905708752315,-0.1109035096684533,0.4585231141342724,0.0889531501092358
qwen-3.5-flash,1,7fc716,desktop,31,0.2016073129730567,0.2342899108251026,2.905088586341728,0.5159498618752152,0.6584581742087419,0.2355875687467117
qwen-3.5-flash,2,7fc716,desktop,36,0.1093208211860182,0.1961643109487364,3.2124593762743876,0.2655124684039043,0.6017687761904038,0.1556071744548597
qwen-3.5-flash,1,80126c,web,38,0.0842831046428261,0.2206767906401896,2.1377845863102185,0.2618486011325983,0.7022884340641445,0.0966137830888989
qwen-3.5-flash,3,7fc716,desktop,36,0.0994656605317166,0.1910491365287804,3.1722096904071018,0.2288772057772511,0.6016326035324073,0.1436152096565897
qwen-3.5-flash,2,80126c,web,40,0.1013695030924975,0.242712076735298,3.3578843777303726,0.3228390884481061,0.668625834035756,0.0659170502129948
qwen-3.5-flash,1,7f957a,mobile,50,0.5518442877255498,0.4893539684711514,3.0275446155847323,1.1372916570718787,0.5731342365545239,0.4902341748404705
qwen-3.5-flash,3,80126c,web,30,0.0223110930032147,0.1949817205822056,3.724357503745294,0.1256802351408732,0.6458969195971545,0.0673349345481251
qwen-3.5-flash,2,7f957a,mobile,52,0.5329874887259671,0.4998215451769204,2.723741659227966,0.8782709978279316,0.6136318825227844,0.4494807847474562
qwen-3.5-flash,3,7f957a,mobile,30,0.4269141419211563,0.4120693721461996,3.4679749458545484,0.778128986881629,0.5839526673743893,0.3781680370374781
qwen-3.5-flash,1,8087da,web,50,0.0094239781715759,0.1514236644406754,4.598604488581461,-0.0502520961867722,0.4448187953714804,0.0551959870420719
qwen-3.5-flash,2,8087da,web,52,0.1141928802177397,0.2186722911072188,2.9790600730424517,0.418856691907798,0.617915591121331,0.0235954657797311
qwen-3.5-flash,3,8087da,web,48,0.0407182013520783,0.1656799226068831,4.31067164601859,0.0193806180616141,0.5207690107610379,0.0507468614210467
qwen-3.5-flash,2,804d56,mobile,12,0.2593496231526589,0.3177807965484815,3.45746202021788,0.8621263710296344,0.7730773316639985,0.2235205228832533
qwen-3.5-flash,1,804d56,mobile,30,0.1856967855115953,0.2810186628554813,3.0418125104578113,0.7780214442458873,0.6836100416582593,0.125520014289494
qwen-3.5-flash,3,804d56,mobile,33,0.146261593273156,0.265882912857906,3.0251807531764667,0.3082132088970615,0.6917100344237468,0.0990393320800314
qwen-3.5-flash,1,80e896,poster,31,0.150162639383959,0.3158641910971309,1.853021690515503,0.1940019099219693,0.6460092925700496,0.0676014976340575
qwen-3.5-flash,2,80e896,poster,18,0.2560983816332491,0.3715828440940603,1.5687865219900838,0.4397416627236936,0.7531054079429976,0.0563722762609059
qwen-3.5-flash,1,809460,poster,47,0.0440497943103685,0.1556882459974602,4.099794716439734,0.1369200827470421,0.563431929775047,0.1069165043587064
qwen-3.5-flash,3,80e896,poster,30,0.116490772899616,0.2923636598329427,1.9729123029813072,0.0832563193149172,0.6054300577360274,-0.0418495377098591
qwen-3.5-flash,3,809460,poster,50,0.2066618027904032,0.2148924233143874,4.785598209655879,0.56366275793035,0.542129927080097,0.1178065330115767
qwen-3.5-flash,2,809460,poster,50,0.2066618027904032,0.2148924233143874,4.785598209655879,0.56366275793035,0.542129927080097,0.1178065330115767
qwen-3.5-flash,1,80e107,mobile,32,0.1373686648401068,0.2513406102421304,3.555257135087259,0.677061349942066,0.5925324976300288,0.1581642730600258
qwen-3.5-flash,2,80e107,mobile,33,0.2444890151434658,0.281201168625783,3.450300352388483,0.7586525853772067,0.606156924532156,0.2587798881090838
qwen-3.5-flash,3,80e107,mobile,41,0.224878751558997,0.3141560453844237,2.958009752586176,0.6208886910726815,0.6499685092058259,0.2162961632740579
qwen-3.5-flash,1,815511,desktop,35,0.1080175316444462,0.2631554310423772,1.9522608633118264,0.3752477302116669,0.6997538819583391,0.1120234257939679
qwen-3.5-flash,3,815511,desktop,53,0.077625740443345,0.2515332399790367,2.0562232082069687,0.2628605570655004,0.6632453303640212,0.0781603170548619
qwen-3.5-flash,1,8118a1,mobile,30,0.0816522197977548,0.2381814470076184,4.4276427280163535,0.1223978023199105,0.4815684203486218,-0.0731885536021689
qwen-3.5-flash,2,815511,desktop,31,0.1787544703135476,0.3035589473039139,1.7731782246947203,0.5520750722740846,0.7347779828886296,0.1688465089817336
qwen-3.5-flash,2,8118a1,mobile,30,0.0739664309708539,0.2359928449549038,4.436857844325146,0.1134313374157862,0.488177387526757,-0.0723887487486057
qwen-3.5-flash,3,8118a1,mobile,55,0.1444381321391197,0.3083173632488236,2.9550525077977525,0.2947243686919409,0.5512322337047681,-0.162628889362759
qwen-3.5-flash,2,815859,desktop,19,0.1448040475755029,0.1730239906199522,7.154125373335592,0.2569460697879878,0.3215120608327492,0.1000543729018818
qwen-3.5-flash,1,815859,desktop,31,0.0328354159840659,0.1387170448400912,4.754488916595103,0.0406346958212327,0.4676424196898598,0.095748781418589
qwen-3.5-flash,3,815859,desktop,47,-0.0736183574531757,0.0955159155427363,5.617720813497294,-0.3155965196321251,0.373391795516975,0.0188441689154296
qwen-3.5-flash,1,8160e7,desktop,52,0.5267942217034526,0.4135797763612653,2.8319914130923376,1.4917626421978458,0.7376102961587941,0.521186590645504
qwen-3.5-flash,2,8160e7,desktop,30,0.6364020339925498,0.4495124650770326,2.7794631503100287,1.750525678515013,0.7219091920816695,0.5999227867280882
qwen-3.5-flash,3,8160e7,desktop,30,0.4784161083947431,0.3455403168207334,4.190148856151718,1.2368716861765228,0.5823287553041943,0.4520297095120373
qwen-3.5-flash,1,81e5e3,desktop,49,0.344040157968658,0.332947137258291,1.90103430391837,0.8550811362170337,0.7362998176599096,0.2091545922504207
qwen-3.5-flash,2,81627a,web,32,0.0647048662028665,0.2026333001612147,4.5372417688073385,0.2902173132605929,0.522902253483979,0.0222950915395007
qwen-3.5-flash,1,81627a,web,28,0.0351708962037951,0.183416784078889,4.589438045966326,0.1848519443668497,0.5075102893274093,-0.0195654019479581
qwen-3.5-flash,2,81e5e3,desktop,35,0.4793542284202988,0.390306553013781,1.791321481110109,1.359850912965454,0.7542113343686151,0.3830706466007776
qwen-3.5-flash,3,81627a,web,30,0.0672888434234218,0.1983451890612022,4.517807129361627,0.3025033802956305,0.5158942157601912,0.0124533247967604
qwen-3.5-flash,3,81e5e3,desktop,190,0.076150408379707,0.2136688052630807,1.903894364641862,0.2152783740528459,0.5384654546862473,0.0475062536715866
qwen-3.5-flash,1,822454,web,19,0.3577147519101175,0.3901282370880055,1.893064942116666,0.9159117218425896,0.7779955443762969,0.216776641314852
qwen-3.5-flash,2,822454,web,18,0.3541778610436915,0.3810988168940448,1.876745928448615,0.892762100418295,0.7876729882941367,0.2320649009278287
qwen-3.5-flash,3,822454,web,18,0.353036979731752,0.3856592238178001,1.854571569473778,0.9105663543243536,0.7945728645850649,0.2371179603214718
qwen-3.5-flash,1,82361c,desktop,52,0.3629635345283534,0.2797929241807907,2.0720458079444173,1.5752270398910193,0.8128857294438606,0.359767883449363
qwen-3.5-flash,2,82361c,desktop,143,-0.0860770863295385,0.0634680751874869,4.178906837876211,-0.1924601635698483,0.5884880032212235,0.0142749972560632
qwen-3.5-flash,3,82361c,desktop,57,-0.0459329062562413,0.0914409226268139,3.861566051984442,-0.0267131122736597,0.611086383453025,0.0528502869720654
qwen-3.5-flash,3,81f2f3,mobile,41,0.0782017375106314,0.2609754760814957,3.888689023610268,-0.1947347685704877,0.4806969507389185,0.0713804375401871
qwen-3.5-flash,1,81f2f3,mobile,20,0.114937405639944,0.2375141297928636,4.79540041467658,-0.0630725323068954,0.4947570934053832,0.0536258162306994
qwen-3.5-flash,2,81f2f3,mobile,20,0.1512030366319781,0.2574992832696892,3.7956373046497784,0.0557773680193493,0.6517106507992196,0.0872608798017426
qwen-3.5-flash,1,824f2b,desktop,49,0.3672030683878862,0.3358543238428609,1.740283503872765,1.1021119904263148,0.7616279045685042,0.2604643536365051
qwen-3.5-flash,2,824f2b,desktop,57,0.2727396961414739,0.3048625385712747,2.0199442517489405,0.8493015679067936,0.7529756488530868,0.2544918052566903
qwen-3.5-flash,3,824f2b,desktop,19,0.2046424907071322,0.2626051579344378,3.3722144978038138,0.6231093460747664,0.6399950906392677,0.1501818704345384
qwen-3.5-flash,2,82a8ca,web,18,0.5149961462668547,0.5051477639333327,1.27514340660116,1.297115432982007,0.8290854571953559,0.3417706102146107
qwen-3.5-flash,1,82a8ca,web,51,0.1763154756217154,0.2992302422036541,1.8955330132863972,0.4466390469176673,0.7759663605146847,0.0851099988355402
qwen-3.5-flash,3,82a8ca,web,17,0.5074339747217043,0.4972296530940442,1.2689438960575918,1.245801715754112,0.8283852750865529,0.3339483728459967
qwen-3.5-flash,1,813384,poster,49,0.003338947607657,0.1074997419311246,6.538263059917133,-0.2656060617691787,0.4019682265834964,0.0010862863996171
qwen-3.5-flash,2,813384,poster,39,0.087344373285075,0.1616093870899886,5.299614860561898,0.7948355715343708,0.6733961511945313,0.0526186731297194
qwen-3.5-flash,1,82dad4,web,30,0.0823973792485876,0.1873794127011402,3.986488705243308,0.2670752040219515,0.6048384481472195,0.0891898347221606
qwen-3.5-flash,2,825f33,poster,51,0.072722874767472,0.2160597683684053,4.977011414260371,0.3176368159764437,0.5176822396394878,0.104861075075005
qwen-3.5-flash,1,825f33,poster,50,0.1169518860705737,0.2094962474916261,3.9815656549189034,0.2642116051317756,0.5517369586977257,0.1215148781718903
qwen-3.5-flash,3,82dad4,web,30,0.0762237454515556,0.1842867073891862,4.020059386908505,0.2521118103002864,0.6022120932689733,0.0813618200562095
qwen-3.5-flash,2,82dad4,web,30,0.0202483698400724,0.1541487266471353,4.2167575678121985,0.0833205522225339,0.5939871982787038,0.0327157805937734
qwen-3.5-flash,3,825f33,poster,33,0.0918750240641401,0.1912238072372926,4.60584136961045,0.2862665998017317,0.4863190223999164,0.1400744702263998
qwen-3.5-flash,1,82dca6,desktop,30,0.3074188724367827,0.2882168853604347,1.7652084220387232,0.8067531739227324,0.7198207494253815,0.2299520756972526
qwen-3.5-flash,3,813384,poster,41,0.0491763459126738,0.131098014667187,5.980639610015571,-0.2299314836955089,0.4786501554014363,0.0446721523655689
qwen-3.5-flash,2,82dca6,desktop,32,0.2506643985760225,0.2577849744436719,1.9445920879712488,0.5515625208576067,0.6644596806265438,0.0909828930746381
qwen-3.5-flash,3,82dca6,desktop,51,0.2416506230812143,0.2687249307243297,1.846345946661296,0.600240782025716,0.7125999243820877,0.1639817797692106
qwen-3.5-flash,1,834258,desktop,35,0.1588992357331022,0.2173948489052441,2.1264862956118376,0.4417809706792222,0.6528751738054832,0.0890162141277153
qwen-3.5-flash,1,832f18,desktop,53,0.1598274650160662,0.2240357099585703,2.357592177581149,0.7239966355114711,0.7026137352018063,0.1770144424418977
qwen-3.5-flash,3,832f18,desktop,52,0.334893763049649,0.2504877622642856,2.0756605498321807,1.271986984851744,0.7520454755604349,0.3583937028971733
qwen-3.5-flash,2,832f18,desktop,58,0.0414150279599123,0.1473281476203888,2.8031570871162788,0.1448446849211438,0.6360616867963726,0.0956694723318077
qwen-3.5-flash,1,83440d,poster,50,0.0001845958695555,0.1822883711566108,2.1167989419441007,0.1429043069156222,0.5575112459979099,0.1461856018834439
qwen-3.5-flash,2,83440d,poster,50,0.1513032590342587,0.2002358215124279,1.971109688459283,0.5200603106528942,0.6724808517462757,0.126880776567327
qwen-3.5-flash,3,83440d,poster,50,0.1771842909149218,0.2037949233765635,1.9528665858057443,0.6162342642968306,0.6852334490139826,0.1318806371229459
qwen-3.5-flash,2,834258,desktop,36,0.1916494649330675,0.2277932903662588,2.0306597379404066,0.5229396932081224,0.6846067205948121,0.0904514801102049
qwen-3.5-flash,3,834258,desktop,30,0.119827376393183,0.2076676747618726,2.3945571289030845,0.2991983236888988,0.6085710766991133,0.073903793316295
qwen-3.5-flash,1,837df2,poster,34,0.2644636430387234,0.2846578497267499,1.5084886042414838,0.6794429137097239,0.6538988689928502,0.3028072500148439
qwen-3.5-flash,2,837df2,poster,50,0.3032149585065168,0.3395656951310066,1.3526260659689864,0.7481725092379244,0.7133688965765258,0.2197600067734953
qwen-3.5-flash,1,83a338,poster,50,0.0308620905700601,0.213761744167764,1.9030580030281512,0.0869574649803045,0.5806639847992121,0.1056491790373724
qwen-3.5-flash,3,837df2,poster,51,0.1972292875357228,0.2882075197614633,1.7384590044213233,0.4803061697079023,0.6354309792361315,0.2452123455978103
qwen-3.5-flash,3,83a338,poster,51,0.1509822617509366,0.2411718092160412,1.7852876791566443,0.3973352532575277,0.6331502095084662,0.1148081723414026
qwen-3.5-flash,1,83575e,web,30,0.0848144617811764,0.0987579647290052,9.09752074900791,-0.0047873630335371,0.124577061552619,0.01906049827554
qwen-3.5-flash,2,83a338,poster,54,0.0610952799266877,0.2195407776819645,1.8598857682977052,0.1521752842654943,0.5642540426909399,0.1005668758509495
qwen-3.5-flash,3,83575e,web,30,-0.1370781486075904,0.0723866201485568,6.865851665723327,-0.3952504850901258,0.3324085826385003,-0.1305249129807152
qwen-3.5-flash,2,83575e,web,30,0.2026117914226855,0.1920416571137729,7.934099849489049,0.2698609164895265,0.3093714802780986,0.1034329376272271
qwen-3.5-flash,1,83b5c8,desktop,42,0.0416654433210176,0.205683230013423,3.111137070760219,0.0794706974958349,0.6211514218141786,-0.2149318226239009
qwen-3.5-flash,2,82e138,poster,52,0.0635879461921601,0.0891474665808481,7.887153377334069,0.0461526048566049,0.2939560937820844,-0.052225311804758
qwen-3.5-flash,3,83b5c8,desktop,46,0.0523832996639283,0.2153320778582044,3.071308659655328,0.1288855178935227,0.6177182354037686,-0.2135146310482439
qwen-3.5-flash,2,83b5c8,desktop,64,0.0684371798792817,0.2186172030879975,2.9265964010615675,0.1654296473810868,0.6494760946313272,-0.1963906022617999
qwen-3.5-flash,1,82e138,poster,52,0.2364712536892599,0.2401401617417952,4.577289096927869,0.3475716695236079,0.5724830712232375,0.0670785852355685
qwen-3.5-flash,3,82e138,poster,58,-0.0435805650449027,0.0825617515989473,6.8690254454263115,-0.2477861097911612,0.4245974546911334,-0.0736237911045022
qwen-3.5-flash,1,83c9ba,poster,30,-0.2050568553247364,0.1441663504018486,3.774930893278549,-0.4398944247603862,0.4044645885235393,-0.1065582957664323
qwen-3.5-flash,2,83c9ba,poster,30,-0.1699239315346808,0.159973288464593,3.681932280071944,-0.3339833219062314,0.4335543386543466,-0.0944804823495549
qwen-3.5-flash,3,83c9ba,poster,30,-0.1191703773106078,0.1894254271902266,3.138836392417609,-0.2721574224819915,0.4519059469204081,-0.1176841009047668
qwen-3.5-flash,2,83ba29,web,55,0.2095486350969017,0.1976934753951515,3.24513156923049,0.7566664169304349,0.6997091375623845,0.1400433332497322
qwen-3.5-flash,3,83ba29,web,30,0.325529156058534,0.2636969546851954,2.6328117085666203,1.2650905806888135,0.7635649327156373,0.2548040738884624
qwen-3.5-flash,1,83ba29,web,63,0.2285420429123286,0.1672779827396459,2.7877036110584044,0.823329454785042,0.6064511623254417,0.2093806727880157
qwen-3.5-flash,1,83b886,desktop,118,-0.0638040343474122,0.1344927236985781,2.4928896748899683,-0.4628596318030271,0.3557815471862234,0.0006797549257237
qwen-3.5-flash,2,83b886,desktop,192,-0.0039863150349763,0.1555407640914807,2.3617549941623346,-0.1347751627111386,0.4564137400363829,-0.0302166860196067
qwen-3.5-flash,3,83b886,desktop,210,0.0102769207405179,0.1470427203809765,2.332608566118051,0.14423126125972,0.5449268307478741,0.0232976468508271
qwen-3.5-flash,3,83df37,web,30,-0.0079914825755169,0.1121514055996659,4.813600647671299,-0.1344781316000605,0.5078907725578176,-0.0131324393913081
qwen-3.5-flash,2,83df37,web,30,-0.0134156115266154,0.1108877713243375,4.8081306428696795,-0.1634172046806015,0.4314853204073435,-0.0184670018699969
qwen-3.5-flash,1,83df37,web,31,0.0633271298252205,0.1654834774692224,2.5303142232352553,0.0715636604064956,0.6227842063252252,0.0547670588720226
qwen-3.5-flash,1,83f4bd,web,50,0.0731723037971183,0.1929104292639132,4.327440368212155,0.1989880083090198,0.6032109952711926,-0.0806271929786792
qwen-3.5-flash,2,83f4bd,web,32,0.2305329543837401,0.2465401196221804,2.774851705137199,0.7573227718725452,0.5843457177501934,0.1449897328158127
qwen-3.5-flash,1,83d7ce,mobile,15,0.4301905420392599,0.3633895407050274,2.8791699012826353,0.9581207432349056,0.8298865033085696,0.3302454324967324
qwen-3.5-flash,3,83f4bd,web,30,0.2730090307042297,0.2834320872162389,2.1467762845489977,0.9302663138671168,0.705961629916066,0.1429029405934801
qwen-3.5-flash,2,83d7ce,mobile,41,0.4188765091265675,0.3603916785346294,1.8386052260812,1.3734467838567908,0.8117128065474881,0.3310323901987403
qwen-3.5-flash,1,848e55,poster,51,0.0002478134884522,0.2936626957541828,1.7778090500777517,-0.103311780501036,0.4881722890704019,-0.0204328693727705
qwen-3.5-flash,2,848e55,poster,50,0.049237077908491,0.2851727643830705,2.0219120903356234,0.1553877076847699,0.497796117422003,0.0315925171082194
qwen-3.5-flash,3,83d7ce,mobile,51,0.3555649684482115,0.3303680772119851,1.8998870283063736,1.1050233185324647,0.8008539670359814,0.2399992238291578
qwen-3.5-flash,3,848e55,poster,51,-0.1359188629149744,0.2412346599239161,2.5975044113791528,-0.3736661428325206,0.3631364206482061,-0.1527698309954899
qwen-3.5-flash,3,840bb8,mobile,40,0.0564096875990962,0.2017159161415224,3.835458913126043,0.4154292327791128,0.5944733157671428,-0.0159535001897132
qwen-3.5-flash,1,84dc61,desktop,49,0.4059732715568613,0.3092902528694,2.674990594225479,0.9153108468532568,0.6545778835561589,0.436934154246943
qwen-3.5-flash,1,840bb8,mobile,40,-0.008677385947103,0.1762401049536004,4.051646376664023,0.1239169080529118,0.5514128572547305,-0.0310644415413926
qwen-3.5-flash,2,840bb8,mobile,40,-0.0038567041994774,0.178966965671302,4.036610289738226,0.2146819684029628,0.5652393422037815,-0.0356325193149867
qwen-3.5-flash,2,84dc61,desktop,189,0.249537145153097,0.2403714813331834,1.9177154835284296,0.5452806545970384,0.6329044199442424,0.2244634940915597
qwen-3.5-flash,3,84dc61,desktop,189,0.249537145153097,0.2403714813331834,1.9177154835284296,0.5452806545970384,0.6329044199442424,0.2244634940915597
qwen-3.5-flash,1,853a11,web,35,0.3450977396844935,0.3223867558170091,1.6023909785303674,1.0347324594579212,0.690083027370131,0.1107986837914135
qwen-3.5-flash,1,849f25,mobile,54,0.0684395434630194,0.225217002870262,4.81802894545337,0.1426108104565707,0.5017788051467412,-0.0537562728129748
qwen-3.5-flash,3,853933,desktop,30,0.0587716649467283,0.1916776246453013,3.1825396135263806,0.1592139330946346,0.583382039122625,0.104942447275108
qwen-3.5-flash,2,853933,desktop,30,0.0343420378464852,0.1478020116985507,6.8171121805441635,0.0214311442639629,0.3939909556099001,-0.0115841377383382
qwen-3.5-flash,1,853933,desktop,30,0.057271216973247,0.1584470967725228,6.747841199864254,0.0766739235113584,0.3960923781496865,-0.0067735145581914
qwen-3.5-flash,2,853a11,web,39,0.2980025603055621,0.3148316656778346,1.7068636042332452,0.9337076872532872,0.6952400203696194,0.1045409792401184
qwen-3.5-flash,2,849f25,mobile,35,0.0929639483065329,0.2529633986336075,3.755839369653842,0.2370111869537693,0.5657283654245084,-0.0166840407719441
qwen-3.5-flash,3,853a11,web,37,0.321532192323478,0.322846385835092,1.6775357445743069,1.0176953352155684,0.7050877316804107,0.1304300544474666
qwen-3.5-flash,3,849f25,mobile,53,0.0808340991846155,0.2726102598317148,3.2106336956418415,-0.0071066869168689,0.5853786029182894,0.0159348480666916
qwen-3.5-flash,1,856a72,web,31,0.1218385396197242,0.2103387359829644,2.7689016783954914,0.280393993964796,0.6170832679397835,0.0103661908120761
qwen-3.5-flash,2,856a72,web,50,0.0562849613221098,0.1927755959536291,2.712620405575092,0.0851232547964173,0.6035390229494343,-0.0102183019923107
qwen-3.5-flash,3,856a72,web,32,0.1289886781445991,0.2094646246964837,2.809030233201111,0.274464379537914,0.6036374996516841,0.0258226766356151
qwen-3.5-flash,1,85b582,poster,32,-0.0342076186647952,0.2773941905234748,2.686557035366056,-0.1172086202473435,0.4964219566950893,-0.1275248996539584
qwen-3.5-flash,2,85b582,poster,28,0.0216010408263965,0.2964237263526377,2.235813088117942,-0.177356982632752,0.5395315864092701,-0.0432425536361679
qwen-3.5-flash,3,85b582,poster,38,0.0235156810558081,0.3157254992430734,2.099458932283143,-0.0411388731719139,0.5394797566964842,0.0077572219188642
qwen-3.5-flash,1,85e5ac,web,30,0.0900342950756423,0.2413307451794556,2.428744653604396,0.2990225553819491,0.6372877351354655,0.1082035939833233
qwen-3.5-flash,2,85e5ac,web,50,-0.0077327740177824,0.204463628913793,2.5216016329524567,-0.0418822668863086,0.5178278537678815,-0.0272414955400207
qwen-3.5-flash,3,85e5ac,web,48,-0.0038817639995856,0.2122205275081313,2.3823570622143126,0.0659353938590593,0.539128969222678,0.0115112733932548
qwen-3.5-flash,2,857721,mobile,34,-0.0053237766545128,0.1454621873825532,5.612920692008253,-0.1318390402744422,0.5244814879249059,-0.3036855656614028
qwen-3.5-flash,1,862f3a,desktop,51,0.0834689165235223,0.2803754969331719,2.033906693033336,0.2392704249365612,0.6133939353677774,0.0813107081588047
qwen-3.5-flash,2,862f3a,desktop,41,0.1582824500201167,0.3161806164381581,1.783459481786801,0.3930057612339142,0.6185067530460036,0.1488044813138737
qwen-3.5-flash,3,857721,mobile,34,-0.0087707669429768,0.1381134142176981,5.719532518882507,-0.1648091613897702,0.5164627943569802,-0.3013955874159088
qwen-3.5-flash,1,857721,mobile,29,0.0652685542798541,0.1871264560036089,5.3090184722565175,0.0741784720865109,0.4993683168853217,-0.1310639003510234
qwen-3.5-flash,3,862f3a,desktop,35,0.2353089328114334,0.3397185533536507,1.7745265310045069,0.589778111928695,0.6586825272096355,0.155590819365189
qwen-3.5-flash,1,865942,poster,30,0.3427309691184801,0.3557518005034584,2.3918377522385077,1.2023840834109008,0.803870263357167,0.2003583760853499
qwen-3.5-flash,2,865942,poster,32,0.3819693235182466,0.3740604025318523,2.375976177952042,1.3054009515114924,0.8145065390010783,0.2434570262606784
qwen-3.5-flash,3,865942,poster,48,0.1702501701677228,0.2826813124053744,2.911468861660044,0.6954210730506105,0.7639358125791693,0.110686582837071
qwen-3.5-flash,2,86500d,desktop,42,0.0590971656267059,0.254872910256705,2.2023799916762816,0.0390761874169743,0.5838269366161905,0.0385682764261079
qwen-3.5-flash,1,86500d,desktop,92,0.3532886255681664,0.3247609819048833,5.060378715465396,0.7605885573767437,0.4980079954496907,0.3688504248475043
qwen-3.5-flash,2,8675c8,desktop,41,0.1747302475564047,0.1886165843046317,2.083921711859866,0.4946051393870563,0.6752471634118423,0.1479093172165873
qwen-3.5-flash,1,8675c8,desktop,40,0.2309449934003554,0.2123385902420415,1.949329199155325,0.6952574699678435,0.7162554288533927,0.1696084887313558
qwen-3.5-flash,3,86500d,desktop,32,0.0260139065672716,0.2268736577840238,2.2982234310031195,-0.0034649761312492,0.5273438461606272,0.1074812560656507
qwen-3.5-flash,1,868823,poster,53,0.0280819592864765,0.1712212052479392,2.2017260906231653,0.0093955514048628,0.5088997709234603,0.0698603081370355
qwen-3.5-flash,3,8675c8,desktop,39,0.2567901118772966,0.219734125064265,1.9121630561717848,0.7832872123322947,0.7275484033612554,0.1880884520431481
qwen-3.5-flash,2,868823,poster,68,0.0325225969151704,0.1629420654462536,2.361085466690884,0.0500166938715463,0.5185760884731372,0.0839728139949992
qwen-3.5-flash,3,868823,poster,49,-0.1318672648890476,0.1133788391875332,2.757764329851442,-0.4822584950267658,0.3675047779213956,-0.0866373105662462
qwen-3.5-flash,2,862bf5,mobile,50,0.235054341783037,0.3193133265085356,3.108175547128514,0.5631183668355583,0.5823842538711148,0.1552957833805854
qwen-3.5-flash,1,862bf5,mobile,52,0.1690375253644508,0.2723043575777439,3.450136677115778,0.3765065435334025,0.58328637272206,0.0786193064967622
qwen-3.5-flash,3,862bf5,mobile,41,0.1858158471896157,0.264143381701215,5.039954437158221,0.56257904999147,0.5251003844616544,0.160011627176014
qwen-3.5-flash,1,868efa,poster,51,0.1675291540838099,0.2314191312008903,2.340119073092736,0.6317275909469501,0.6486880023521322,0.1669740011259034
qwen-3.5-flash,2,868efa,poster,39,0.2943686458581293,0.2783820617921477,1.9692136249423664,1.004208821510964,0.7069525348368486,0.2473086351008648
qwen-3.5-flash,3,868efa,poster,51,0.1584274870749346,0.2290386711967978,2.3023455628549487,0.6123613725668788,0.6521568179057485,0.1755281471011535
qwen-3.5-flash,1,86c651,desktop,41,0.2595022339391826,0.2062718078645868,2.123651279987569,1.314472176771004,0.8363460094947751,0.2492341870126763
qwen-3.5-flash,3,86c651,desktop,30,0.438139411255127,0.2750075923288538,1.661225926654432,2.0606151866242066,0.8758180100443559,0.4196816542508189
qwen-3.5-flash,2,86c651,desktop,30,0.2945037434515927,0.2175590806674837,2.0559799745107603,1.4347297247990218,0.8498447522488681,0.2878378165681606
qwen-3.5-flash,1,8709e4,poster,31,0.204627482741413,0.2772991870564223,2.2213984643426103,0.5407397815742898,0.6429110043572562,0.1523361872803409
qwen-3.5-flash,3,8709e4,poster,30,0.1580271526198944,0.2760101342272681,2.573099732807932,0.3653185231573154,0.6344072134958119,0.0909602629824408
qwen-3.5-flash,2,8709e4,poster,30,0.1686045353402413,0.282812727266069,2.2232290598360445,0.4062019189442499,0.6422700504314449,0.0939687176534309
qwen-3.5-flash,1,869868,web,43,0.00726815929676,0.1071710424802205,5.348727782239719,-0.0910144329078765,0.5176203602342666,-0.0286741333221971
qwen-3.5-flash,1,8740d9,web,48,-0.0368034924676761,0.1637856320160391,2.7095414035774525,-0.1741039833792233,0.4781261162420552,0.074571033111386
qwen-3.5-flash,3,869868,web,48,-0.0104251727761215,0.1006281896118981,5.429898845258087,-0.0579913611135441,0.5215540325772168,-0.0534716615723346
qwen-3.5-flash,2,869868,web,50,-0.014111062554152,0.0978815043367831,5.466580274106374,-0.1483408691680136,0.5141266407883018,-0.0510211106964661
qwen-3.5-flash,2,8740d9,web,52,0.0897883382898054,0.2228939010645758,2.134597657254755,0.0799213266603253,0.5122072853348756,0.037122150638348
qwen-3.5-flash,3,8740d9,web,47,0.1094405882996402,0.2323425848038537,2.014952438725228,0.171177372507596,0.5516113335529771,0.0890003534020695
qwen-3.5-flash,1,86d1d4,mobile,48,0.2275694325264433,0.3434356900450555,2.1693548997055925,0.308315143075591,0.705966116829145,0.1875227774456664
qwen-3.5-flash,3,86d1d4,mobile,21,0.1457698381805728,0.2644040002269939,3.531387411408621,0.09773695636399,0.6358128354336324,0.0950162417003534
qwen-3.5-flash,2,86d1d4,mobile,48,0.0871862572393673,0.2483509690202312,3.7174822289327474,0.0655628291975475,0.640937810122303,0.0299575166795833
qwen-3.5-flash,1,87475d,web,33,0.0736896842713848,0.2267782380166852,2.681043754525456,0.1358796061458932,0.5754334938265396,0.0607169452428944
qwen-3.5-flash,2,87475d,web,39,0.0407007742006142,0.2240705854355372,2.8077638459972674,0.0274020508629252,0.5356769644672821,-0.0215576335929359
qwen-3.5-flash,3,87475d,web,45,0.1121263566888862,0.2623891365415415,2.357815005932507,0.3090233401363826,0.5960766722941477,0.0163061589463946
qwen-3.5-flash,1,87b278,poster,30,0.283667331110545,0.2478396013962774,6.104870769694683,0.5415360927296236,0.4203655744827125,-0.0059613779305346
qwen-3.5-flash,2,87b278,poster,52,0.2827900917297329,0.3489071843288769,1.6395731855573832,0.6797115471976443,0.7676631687052846,-0.1849615152269939
qwen-3.5-flash,1,8770ed,mobile,30,0.1983357593310002,0.3256531236342018,2.5785614093197116,0.3789222099967066,0.6670229854197878,-0.0098166890553913
qwen-3.5-flash,3,87b278,poster,53,0.2039898968447722,0.2656256702844803,3.1058678532609365,0.3074132021589671,0.6102128831849519,0.0851248932569607
qwen-3.5-flash,3,8770ed,mobile,30,0.0265154774664535,0.2204605539279863,4.696717832815541,0.0710024047758682,0.4876591990263095,-0.1172450542224218
qwen-3.5-flash,2,8770ed,mobile,33,-0.0235362541359963,0.1912982012597077,4.962595911922081,-0.0102652648418015,0.4608881496532143,-0.0257992349267539
qwen-3.5-flash,1,87b0c1,mobile,30,0.072097368361313,0.1753583474202548,5.740483687690557,-0.0802447608905507,0.4012066262118269,-0.2149528088792807
qwen-3.5-flash,2,87b0c1,mobile,30,0.0984001814694686,0.2491600478048249,3.4761161938453564,0.061492437176302,0.5774727325826453,-0.1210807550092294
qwen-3.5-flash,3,87b0c1,mobile,30,0.0458916274939714,0.1897067286852563,4.560060019145295,-0.1090603898732458,0.5782752953333121,-0.2325138084743921
qwen-3.5-flash,1,87f3a0,desktop,52,0.3354857163329796,0.2818473957468412,1.9828139476402984,1.2712027152258496,0.7625093118873207,0.3379096614194232
qwen-3.5-flash,3,87f3a0,desktop,52,0.4860591791348522,0.3824109814299278,2.593877742891719,1.7724042043604438,0.7735553662177919,0.4553818150224165
qwen-3.5-flash,2,87f3a0,desktop,52,0.3112396348494333,0.2779787388697069,1.7273249194392413,1.182349154597575,0.7912341252349918,0.2800693827904927
qwen-3.5-flash,1,884333,mobile,33,0.1840279104294476,0.318330349168123,1.7462189783044677,0.3602809236804593,0.6844013324859938,0.0874057932681818
qwen-3.5-flash,1,882e01,web,42,0.2334290191062956,0.3043355882261203,2.4893869280147456,0.697666452494648,0.6880386685194679,0.1767931271529002
qwen-3.5-flash,2,884333,mobile,39,0.1242285780536542,0.2928394607439557,2.061800136690266,0.2627134238014751,0.6973645668060579,0.0865706480343921
qwen-3.5-flash,2,882e01,web,48,0.2671271039141488,0.3227733579828428,2.379398582710837,0.7380987438134365,0.6954275623616185,0.1985742713734008
qwen-3.5-flash,3,884333,mobile,38,0.0706624058509499,0.2628278406978193,2.107669643106691,0.0922548882587013,0.5969653049541013,0.0497240314100565
qwen-3.5-flash,3,882e01,web,43,0.2291927502579062,0.3007785603408722,2.4613426988337492,0.6770901879011672,0.6848256442891596,0.1820648587965945
qwen-3.5-flash,1,88927a,desktop,48,-0.0442262213203166,0.1756219893155737,3.268372096519109,-0.0412545379539196,0.582361273970003,0.0307726195799677
qwen-3.5-flash,2,88927a,desktop,49,0.1953731348977152,0.2687365385135947,2.5067078921294237,0.4950368188613208,0.6426311849013315,0.2593496398128153
qwen-3.5-flash,3,88927a,desktop,62,-0.0957398520191399,0.1193933338054067,4.50789231244098,-0.3057398720648458,0.4596184420611672,0.0542265583502443
qwen-3.5-flash,1,8898cb,desktop,30,0.7911591414144133,0.5837523160137018,2.4008243225980186,3.929477899317774,0.7432458222498107,0.7919307519247016
qwen-3.5-flash,2,8898cb,desktop,31,0.3616439482578671,0.3054615137115103,2.5277588667585538,1.732635567577328,0.797409914840735,0.3773441356692447
qwen-3.5-flash,3,8898cb,desktop,30,0.8177011405978962,0.6024807398117786,2.3643717398989335,4.028248625571687,0.7435110734515409,0.818289222482226
qwen-3.5-flash,1,88c36b,poster,51,0.0767138567626783,0.1622039056798146,3.2053830107224064,0.2479454659615927,0.5645048932685871,0.1816783188951362
qwen-3.5-flash,3,88c36b,poster,53,0.1855998566780717,0.2369882633167216,2.4565373320983217,0.6165471308520442,0.5938610168063252,0.1574620147277693
qwen-3.5-flash,2,88c36b,poster,274,-0.0648964101051575,0.146088473921677,3.236037043149292,-0.1466658192911644,0.4997719639780384,-0.0194843665684713
qwen-3.5-flash,1,8869c8,poster,48,0.2014697837721138,0.2821576343722463,5.370777594726391,0.5889437510988391,0.4553458263369532,-0.0075360424618862
qwen-3.5-flash,2,8869c8,poster,49,0.1709100770462645,0.2825609938779269,5.373883579957155,0.5813506312142508,0.4525659800889865,-0.0322383839552368
qwen-3.5-flash,3,8869c8,poster,30,0.2348551336441847,0.2997928517865559,5.282315054920252,0.7453456932966732,0.4672316087674921,0.0159959682649964
qwen-3.5-flash,1,88a176,mobile,42,0.3659618802066708,0.3039807511940373,3.1273972924023776,1.286487579318924,0.6537703960267947,0.4040991822142694
qwen-3.5-flash,2,88a176,mobile,48,0.4056942598234607,0.3501752490062181,2.731841855456669,1.4258683838177433,0.6757510163698134,0.3797588135345887
qwen-3.5-flash,3,88a176,mobile,49,0.2681189490847629,0.325986385932107,2.5986564037403066,0.4466432247200443,0.6537210411543121,0.2295040074098182
qwen-3.5-flash,3,88f13f,poster,41,-0.1237333102402713,0.1902643214272804,5.475399962920107,-0.2060984021385061,0.3975095048147987,-0.0796055829440307
qwen-3.5-flash,1,88f13f,poster,34,-0.1057672381697756,0.198091655662861,5.417769039359586,-0.1575081164743614,0.4049781227357896,-0.0998024130920955
qwen-3.5-flash,2,88f13f,poster,31,-0.136505006982313,0.1705494983648505,5.59065254928357,-0.2276736273653959,0.3784057381167588,-0.0932594450121552
qwen-3.5-flash,1,890d33,desktop,46,-0.056518126768156,0.2027404448056204,2.429166494858254,-0.162429803818607,0.4588343485979297,-0.0337094503986567
qwen-3.5-flash,2,890d33,desktop,35,0.1106124845229732,0.2735886125947455,1.925200223293294,0.4723447783301318,0.6052417249328976,0.1007369824327867
qwen-3.5-flash,3,890d33,desktop,37,0.0935468681197219,0.2672845603700812,1.894968810682534,0.3729106110478364,0.60582851182926,0.0836604568034892
qwen-3.5-flash,1,88c9d1,poster,53,0.1608683786098312,0.1848904210685636,6.274337580015336,0.3397383151110027,0.4038451662244229,0.1409396796972465
qwen-3.5-flash,2,88c9d1,poster,51,-0.0128889202927123,0.1096830695296001,6.762515204632171,-0.0391341660445717,0.3872713498772154,0.0314696040819524
qwen-3.5-flash,3,88c9d1,poster,50,0.1757145542769776,0.1980448153770359,5.894242994720188,0.3262094943286472,0.4662035230808655,0.1381000275155177
qwen-3.5-flash,1,8a1565,desktop,51,-0.0329918112042257,0.1531233831706153,2.5611990248824545,-0.0347404448928187,0.5609847986918148,0.0188408818039046
qwen-3.5-flash,2,8a1565,desktop,50,0.3392360537751092,0.2674803787688191,1.922709975954968,0.915140964483231,0.7574305893522238,0.2261139867595384
qwen-3.5-flash,3,8a1565,desktop,48,0.1857328943536896,0.2300885415370163,2.03206120147439,0.4645013180736218,0.6580946295823277,0.0604976230810077
qwen-3.5-flash,2,88fed8,mobile,30,0.3234751199875275,0.2843131747885511,3.234521668654919,1.0869896417938292,0.663081248307687,0.2610640842521903
qwen-3.5-flash,1,88fed8,mobile,30,0.275362756975733,0.2643495316181493,3.516789695384964,0.8579372284371696,0.6194640170040345,0.2122744424300892
qwen-3.5-flash,3,88fed8,mobile,49,0.3284559499170746,0.2718869879719851,2.285103715043958,1.044830158360192,0.6759715172918381,0.236784533040577
qwen-3.5-flash,2,8a530f,mobile,13,0.3311397626005514,0.3138000430502408,3.2897550875247386,0.687904942281752,0.6816357060432063,0.2675873348306516
qwen-3.5-flash,3,8a530f,mobile,13,0.3311397626005514,0.3138000430502408,3.2897550875247386,0.687904942281752,0.6816357060432063,0.2675873348306516
qwen-3.5-flash,1,8a530f,mobile,13,0.3353863805972544,0.3153091594787922,3.2830902697775475,0.6972935634172892,0.6821734390146015,0.270194855929684
qwen-3.5-flash,2,8a770a,mobile,31,-0.0232620202883128,0.0781067052088187,7.856578463794406,-0.0463871906827458,0.2494267130833674,-0.0375097992356314
qwen-3.5-flash,1,8b0b52,desktop,33,0.0929321979972078,0.218233189014536,4.042900151149859,0.154392854982831,0.5109333761413183,0.1295606917936357
qwen-3.5-flash,2,8b0b52,desktop,36,0.1096102848910629,0.2282614563658252,3.9625920198275457,0.1789967316334486,0.5131029717461965,0.1299830980924688
qwen-3.5-flash,1,8a770a,mobile,40,-0.0069636729947548,0.1479406067728401,5.63573703315138,-0.0464831660884368,0.5115692795613656,-0.0219579939890543
qwen-3.5-flash,3,8b0b52,desktop,33,0.0909974511531719,0.2183387404178698,4.0477518575111455,0.1533927914254246,0.5112517010972228,0.1273654864899817
qwen-3.5-flash,3,8a770a,mobile,51,0.0931605794062317,0.2210279558457044,4.648611844464327,0.2229094711215137,0.571888914543508,0.0829970890768593
qwen-3.5-flash,1,8afe09,mobile,52,0.1013684102195233,0.2043587625369763,5.3059694804151585,0.0874215712511652,0.4055741856650645,0.1215114538587229
qwen-3.5-flash,3,8afe09,mobile,30,0.0932714651751045,0.1840786642673285,5.839666510729233,0.1449408237736125,0.3636964212826227,0.1105073678356098
qwen-3.5-flash,2,8afe09,mobile,54,0.1423074708161674,0.25753489048506,4.586868480077746,0.2474455736251389,0.4150692744603524,0.1653476051954163
qwen-3.5-flash,1,8b14c2,desktop,30,0.0494126495613879,0.1207003731732234,9.270611109827913,0.1192463398412995,0.231104247190101,-0.0710138053099474
qwen-3.5-flash,2,8b12a0,poster,34,-0.0193075532515327,0.1339805156577579,4.0241380221858805,0.0983658443976402,0.544678147656291,0.028185201993535
qwen-3.5-flash,1,8b12a0,poster,56,-0.1406863267064117,0.0999824489135936,4.433288555907674,-0.3222702027957992,0.4170730651951612,0.0475035448158168
qwen-3.5-flash,3,8b12a0,poster,48,0.1312849484141526,0.1972916931016462,3.7156557328409816,0.6728545886662582,0.6484334015687034,0.0945387508198677
qwen-3.5-flash,2,8b14c2,desktop,51,0.0494126495613879,0.1207003731732234,9.270611109827913,0.1192463398412995,0.231104494118928,-0.0710138053099474
qwen-3.5-flash,3,8b14c2,desktop,30,0.0494126495613879,0.1207003731732234,9.270611109827913,0.1192463398412995,0.231104247190101,-0.0710138053099474
qwen-3.5-flash,1,8b2ea2,desktop,30,0.2105004847147739,0.2041238507533861,2.2073786756368814,0.7792220682858139,0.7063301796379895,0.1698734723628964
qwen-3.5-flash,3,8b2ea2,desktop,36,0.1810136060109321,0.187200746904157,2.6282401352350933,0.6082639035675347,0.646809604269917,0.174483608093716
qwen-3.5-flash,2,8b2ea2,desktop,32,0.2134217779651755,0.1945708593073408,2.3007552979953507,0.7146273538774824,0.6982546959933676,0.173296682605019
qwen-3.5-flash,1,8b4008,poster,30,0.2169904769092265,0.2443320863611593,5.417226368705814,0.5883711060511205,0.5523782899045648,0.140354375647413
qwen-3.5-flash,2,8b4008,poster,29,0.2291400534200958,0.2488437563998674,5.396031057022527,0.621846937500318,0.5543843445839408,0.1453433873268013
qwen-3.5-flash,3,8b4008,poster,29,0.2291400534200958,0.2488437563998674,5.396031057022527,0.621846937500318,0.5543843445839408,0.1453433873268013
qwen-3.5-flash,1,8bb83b,web,43,0.0798662880512958,0.1884824740125337,3.110265258407145,0.2435384804973564,0.6306441194204829,-0.0183396657101461
qwen-3.5-flash,3,8bb83b,web,53,0.0342737316138493,0.1523321391433141,4.342899750050201,-0.0052162170361195,0.5395589175890949,0.0617139399696893
qwen-3.5-flash,2,8bb83b,web,31,0.1650381761392058,0.2160041078841949,3.8288549779773975,0.4934115714007911,0.5898438430660081,0.0445610869708337
qwen-3.5-flash,1,8b6299,poster,50,-0.0407535430534259,0.1471883787124909,4.219265031948324,-0.1734459769199359,0.5587775787014764,-0.024173912328063
qwen-3.5-flash,2,8b6299,poster,45,-0.0180647460712995,0.1461350097574793,4.734023761939258,-0.112166261893487,0.5353198129562997,0.0518941074907345
qwen-3.5-flash,1,8b41ed,mobile,55,0.2134992303063082,0.3427530788313196,2.9242912479924525,0.9853059232231774,0.6693098979397877,0.1053580113352407
qwen-3.5-flash,3,8b6299,poster,52,-0.0487764160930859,0.1579787196264186,4.1822585090985624,0.1603960548085093,0.4973678562180686,-0.0451758637050207
qwen-3.5-flash,2,8b41ed,mobile,34,0.2891292818962601,0.3381625209465126,2.8778404161792857,0.9248760734237068,0.6466244669116672,0.2456737234131698
qwen-3.5-flash,3,8b41ed,mobile,54,0.3161257493716681,0.3529816162888565,2.758561026582641,1.0300003218629272,0.6477900332776707,0.2613139594373476
qwen-3.5-flash,3,8bc82b,desktop,50,0.3430188828197293,0.3182383249829366,5.015913031154911,0.9705613902710144,0.5333595978049392,0.3049624336389083
qwen-3.5-flash,2,8bc82b,desktop,50,0.2109750204773956,0.2625886170847842,3.216013856956387,0.5717499041326193,0.5983455470515452,0.2402874778391958
qwen-3.5-flash,1,8bc82b,desktop,300,0.2188952717862452,0.2623208156781944,5.315590759660393,0.6338230988875754,0.5213850554425319,0.195743093859098
qwen-3.5-flash,1,8bcc12,web,53,-0.1085709518499871,0.1985776562990018,2.905991019370548,-0.2944315698877509,0.4592997329843487,-0.2015535195563658
qwen-3.5-flash,2,8bcc12,web,30,-0.0782858849127386,0.1903952475478884,2.719038154224955,-0.2127230604828673,0.499950920347503,-0.0402990664834371
qwen-3.5-flash,3,8bcc12,web,69,0.0413495637333459,0.2246349905986124,2.5857363561512208,0.0608913874969253,0.578933348255738,-0.0842731400093431
qwen-3.5-flash,2,8c2c62,desktop,51,0.2084634245512297,0.2618077362780092,2.1690490518442056,0.4876184835199207,0.6390974851406636,0.108493415947069
qwen-3.5-flash,1,8c2c62,desktop,52,0.4862961676904732,0.3725175911109989,2.4339906006997953,1.325909576769219,0.7085440253260629,0.4613781063495972
qwen-3.5-flash,3,8c2c62,desktop,55,0.515218995861124,0.3802037063756349,2.116730721448498,1.408077907278763,0.7214351426732146,0.4663523073736525
qwen-3.5-flash,3,8cb7cc,desktop,21,0.1182380187194459,0.2554199269737661,3.2852106197766755,0.2046947530410079,0.5430534193265423,0.0649132513411124
qwen-3.5-flash,2,8cb7cc,desktop,21,0.1109667408336126,0.2456261804935468,3.441609483183413,0.2168648727532313,0.536703678841329,0.074035371273455
qwen-3.5-flash,1,8cb7cc,desktop,21,0.0950975564815579,0.2477113777395763,3.321696238457296,0.1246395949617707,0.5330396994299729,0.0570141356493944
qwen-3.5-flash,2,8c6298,mobile,51,0.1062784709665433,0.2168377354785442,3.699418698038124,0.4084892052418322,0.60678150548293,-0.0824606757035239
qwen-3.5-flash,1,8c6298,mobile,30,0.2020304456703214,0.2699055447601016,3.2505639213301896,0.699008193385115,0.6796833738057265,0.0413756532254019
qwen-3.5-flash,1,8c765a,mobile,112,-0.0749065989767635,0.03855453190418,8.74548938744138,-0.218498088783257,0.320900171006355,-0.064215844626454
qwen-3.5-flash,3,8c6298,mobile,37,0.0455271828102017,0.1654969483573719,4.416602236953163,0.3273857634215514,0.6421440351846746,-0.0228512292870869
qwen-3.5-flash,2,8c765a,mobile,56,-0.0723816011272835,0.0406023433051616,8.695674044219487,-0.2101424051169809,0.321288372179276,-0.062525163248727
qwen-3.5-flash,3,8c765a,mobile,30,-0.0307562413299613,0.0520486170061522,8.539981092990551,-0.1065022205403203,0.3421517330565816,-0.0577712140300131
qwen-3.5-flash,1,8d2ab9,desktop,34,0.1122607772537416,0.1939485423539307,2.346053884553472,0.2865279993816705,0.6242021936759895,-0.0001463344537808
qwen-3.5-flash,2,8d2ab9,desktop,29,0.0449127269158564,0.1452343313098135,3.606995588843492,0.0879923504928704,0.5708497723734075,0.0442075833979333
qwen-3.5-flash,2,8d7422,poster,41,0.0280258565982193,0.1932667732352606,1.9558612623159617,0.0144552592463531,0.511677234141071,0.0674473139990599
qwen-3.5-flash,1,8d7422,poster,41,0.0280258565982193,0.1932667732352606,1.9558612623159617,0.0144552592463531,0.511677234141071,0.0674473139990599
qwen-3.5-flash,3,8d2ab9,desktop,37,0.1078355264107057,0.1703645619719978,3.423031653407289,0.2614114552364827,0.6003091537968701,0.0597995144152186
qwen-3.5-flash,3,8d7422,poster,30,0.0545467213494464,0.190944794016291,2.001732475373785,0.0686495443579263,0.5164583952549997,-0.0860073341168449
qwen-3.5-flash,1,8ce365,mobile,35,0.0914534208682059,0.2650409512089158,3.501925475404052,0.3019005537160552,0.5977331532411265,-0.0444175512875632
qwen-3.5-flash,2,8d908a,poster,49,-0.027574174334923,0.2614050010247475,2.9409207857901887,0.0195847024751326,0.5082946600395615,0.0114926523430563
qwen-3.5-flash,1,8d908a,poster,50,0.0104015501873461,0.2809196514577441,2.974685670775289,0.0941354864726369,0.5245585684773488,-0.1047859193319071
qwen-3.5-flash,3,8d908a,poster,55,-0.1652175101962008,0.1704246732655103,3.848399754334076,-0.349088251547188,0.4070418834323147,-0.0567195701335819
qwen-3.5-flash,3,8ce365,mobile,31,0.140278045952014,0.2921191625434026,3.014295854571695,0.6180872130723309,0.6080807591374862,0.0460066430699437
qwen-3.5-flash,2,8ce365,mobile,37,0.0563847356340974,0.2604102210957559,3.485968030162031,0.2005338265836298,0.5889000168627093,-0.0399011876733636
qwen-3.5-flash,1,8cf0d4,mobile,30,-0.0121354295749809,0.2279301847408719,4.327903521201168,-0.1344738136867497,0.5052064418800403,-0.0461299511791985
qwen-3.5-flash,2,8cf0d4,mobile,30,0.0800207211279622,0.2712814934124454,3.7625809552999927,0.4854385789899365,0.6235851126628201,0.0587545451216935
qwen-3.5-flash,3,8cf0d4,mobile,32,0.0668961912619292,0.2591795935080312,3.815545233000485,0.4000443910974454,0.5814871965441656,0.046820170349424
qwen-3.5-flash,1,8da42b,poster,34,0.1996947968092692,0.2417481643375783,2.700873100292823,0.5697216186743922,0.6684668878706354,0.2173135662451903
qwen-3.5-flash,1,8d98e4,web,50,-0.0309237825435679,0.0880918937859047,9.343399876783227,-0.084608464261832,0.1507605983764951,-0.0499965031137247
qwen-3.5-flash,3,8da42b,poster,44,0.1279844404398173,0.2007435041017259,2.6271441735827743,0.386014428048916,0.6535995721571018,0.1712188302420949
qwen-3.5-flash,2,8da42b,poster,51,0.1560752234399803,0.2206736459949693,2.205351951835476,0.3742685628938777,0.643489457383567,0.2031234347534424
qwen-3.5-flash,2,8d98e4,web,46,-0.1320096138668005,0.1306832555638367,3.740186762486911,-0.3485390340972781,0.440873624645634,-0.1201500738800798
qwen-3.5-flash,3,8d98e4,web,53,-0.1127900579285739,0.1433491186532813,3.6287869534512818,-0.3276421474598158,0.4478109050159592,-0.1059570529660035
qwen-3.5-flash,2,8daca7,desktop,34,0.2561520007409654,0.3609914285925267,1.5721836280357142,0.6460755777773362,0.7172891625339474,0.2099182614598101
qwen-3.5-flash,3,8daca7,desktop,34,0.2384006235324717,0.3595838371271914,1.6514268610461025,0.5521201628281666,0.7138280863084702,0.1738307451837654
qwen-3.5-flash,1,8daca7,desktop,50,0.2418426011097172,0.356638086872354,1.5905496443086626,0.6093488541721573,0.709936468567595,0.2021020257256518
qwen-3.5-flash,1,8dcfba,web,41,0.1278254941002056,0.2574155033158486,2.205203512443602,0.3889785009956249,0.6596652592016198,0.0419942297039825
qwen-3.5-flash,2,8dcfba,web,34,0.1312378861897665,0.2657332368949721,2.1045628008845636,0.4168782808853573,0.6593107438435886,0.0218035288831648
qwen-3.5-flash,3,8dcfba,web,41,0.1192773051439885,0.2613202787537546,2.216364667711052,0.3965717008980952,0.6402815327658006,0.0042543511088945
qwen-3.5-flash,1,8dfdc1,desktop,30,0.1762297740459517,0.2483732520374813,3.2008965032969523,0.6275700382663861,0.6632660185247907,0.1041156318350717
qwen-3.5-flash,2,8dfdc1,desktop,50,0.1509671380171446,0.2294558632354693,3.2816971056852315,0.578627774050491,0.6128570644724141,0.0660340446920577
qwen-3.5-flash,3,8dfdc1,desktop,36,0.1852111923618904,0.2585658319930602,3.3225137671859093,0.6768250457202678,0.633621445456149,0.1106005323391641
qwen-3.5-flash,1,8e0c5b,desktop,56,-0.0555958303483223,0.1419429443687839,6.23931473900293,0.1479187502212105,0.4324289382773046,0.0462358720811662
qwen-3.5-flash,3,8e0c5b,desktop,68,0.0239767354925345,0.1988699886460391,3.9749602564063022,0.199677091701978,0.5356458054104128,0.054936756349089
qwen-3.5-flash,2,8e0c5b,desktop,59,-0.0199823567446526,0.1805655918881792,3.98242296436281,0.1479469781813814,0.513507173160666,-0.0452797582892299
qwen-3.5-flash,1,8e3198,desktop,49,0.1596641988009841,0.2212612381976272,3.90231968321315,0.7334393549439426,0.6502844938803518,0.1977833834754656
qwen-3.5-flash,2,8e3198,desktop,50,0.0409951571377671,0.1858405514707962,2.453383552136952,0.2567239262598389,0.5822267393236698,0.0374844606647454
qwen-3.5-flash,3,8e3198,desktop,36,0.0678300465536576,0.1847165001321526,2.669012812435662,0.1774005364448694,0.5529555144710472,0.0815797691994893
qwen-3.5-flash,1,8e4e71,mobile,33,0.106368310616155,0.2453314757905364,3.8360866095791497,0.3754899800640537,0.6612643771735076,-0.0469260766362952
qwen-3.5-flash,2,8e4e71,mobile,57,-0.0473332767022506,0.13564053179802,4.856351440993247,0.0214712737573764,0.583481110331183,-0.0275025999256115
qwen-3.5-flash,3,8e4e71,mobile,60,0.1081727336365786,0.2768727228909111,2.182911884056713,0.3935273994199765,0.5967614598020639,-0.027860543370186
qwen-3.5-flash,1,8e467d,poster,13,0.2037015966913214,0.2419212608551761,5.423509551727921,0.7529868781085596,0.5370871735752588,0.1793911697455212
qwen-3.5-flash,2,8e467d,poster,12,0.1890551331970819,0.2295822437615646,5.467771268024242,0.6026449056641984,0.5362180216308,0.1562042043845991
qwen-3.5-flash,3,8e467d,poster,30,0.2604606410689918,0.2903350095958701,4.0269343897931185,1.097684536552721,0.6610735310596416,0.242026768251501
qwen-3.5-flash,1,8ea477,desktop,44,-0.0720500954702185,0.1204567151149027,4.165048813614771,-0.1588393771838659,0.4604972099475594,-0.0510063848302097
qwen-3.5-flash,2,8ea477,desktop,40,0.0203346237754309,0.1919940148989595,2.454217079069557,0.0570999892480673,0.5212992290953182,-0.0106966470602096
qwen-3.5-flash,3,8ea477,desktop,31,0.0012468406362411,0.1615758596927453,2.915553767967668,-0.0294104667515344,0.5044166213427094,-0.0095135870969164
qwen-3.5-flash,1,8e8767,poster,52,0.0894669993342785,0.1597240667849973,6.677179366540851,0.1839472726000385,0.4338965924528052,0.0768075595701741
qwen-3.5-flash,2,8e8767,poster,50,0.1934593779042947,0.2205631224376453,6.184006408435988,0.5673529044958361,0.4768925027196403,0.1578112748672946
qwen-3.5-flash,3,8e8767,poster,51,0.1144592564567293,0.2352625750809797,5.332796513772444,0.2743097094098389,0.567715192418553,0.0605711587205497
qwen-3.5-flash,1,8ed8ac,desktop,51,0.1854986856535354,0.2721038070241928,2.4745449265091355,0.3947219220321384,0.6165226376426572,0.1918453232106907
qwen-3.5-flash,1,8ee0c9,poster,62,0.1001671662719964,0.2967309542609889,1.7808916379390922,0.1892903868853623,0.6402399211554174,0.11603525837776
qwen-3.5-flash,2,8ed8ac,desktop,51,0.2315832448318227,0.3048074272452115,2.092280769723572,0.3320340371947525,0.6136755716476568,0.1829528349689548
qwen-3.5-flash,2,8ee0c9,poster,60,0.1065935735043656,0.2955993285996492,1.7636038461230783,0.2032926973939939,0.6408757708863001,0.1303809671705915
qwen-3.5-flash,3,8ee0c9,poster,53,-0.0843359122376162,0.2312568844335789,2.0440948372208108,-0.1438084252324127,0.516922119670749,0.0257562571648354
qwen-3.5-flash,3,8ed8ac,desktop,51,0.1854986856535354,0.2721038070241928,2.4745449265091355,0.3947219220321384,0.6165226376426572,0.1918453232106907
qwen-3.5-flash,1,8ef737,desktop,32,0.4012888458310667,0.2646869242775673,1.6171014229593097,2.0867355919241746,0.9215015465203276,0.3047768549504515
qwen-3.5-flash,2,8ef737,desktop,32,0.3950796895554965,0.2666124156417498,1.6122261390926909,2.069589805672281,0.9204542859883356,0.3002664200810946
qwen-3.5-flash,3,8ef737,desktop,54,0.4036067058619089,0.2652400521662852,1.5556460388688242,2.167178320553713,0.9244484435636076,0.3183715590700027
qwen-3.5-flash,2,8efd51,desktop,31,0.462886358034088,0.3194636735782612,2.0736794569004284,2.0476446787575946,0.8421631884430989,0.4583548758396005
qwen-3.5-flash,1,8efd51,desktop,31,0.4578798942781582,0.3205483867525174,2.067421540897864,2.0170654268278407,0.8409057145771112,0.4522896758757466
qwen-3.5-flash,3,8efd51,desktop,30,0.387186868007018,0.2897070923861355,2.2599370022300365,1.7157063868365448,0.8206003548607882,0.3791819595913097
qwen-3.5-flash,1,8f0277,poster,51,0.1794141713737234,0.1893800187799771,3.0090614548467136,0.7143536339171569,0.6203835370012989,0.177109162049994
qwen-3.5-flash,2,8f0277,poster,51,0.2146340382856169,0.2086552758177532,2.833497247269638,0.8546499190499011,0.6472462903939904,0.212909910828531
qwen-3.5-flash,3,8f0277,poster,53,0.0546421547640787,0.1695684597517311,8.732894062805956,0.2723208472047437,0.3129737612331796,0.0016036572927595
qwen-3.5-flash,1,8f64ff,web,31,0.2581883234545326,0.3975195581469877,1.5136904830230469,0.4382146446769426,0.6188645662197754,0.2412638990981494
qwen-3.5-flash,2,8f64ff,web,32,0.2818737855907177,0.4056340855977708,1.3994943738733148,0.4596662276625987,0.6236668834473849,0.2097948126531676
qwen-3.5-flash,3,8f64ff,web,34,0.3197722079180388,0.4328347582162672,1.0372065415212155,0.5380340027573018,0.657678313052926,0.228115437605221
qwen-3.5-flash,3,8f38c9,mobile,41,0.2278291751708601,0.2830986808182679,2.5629021001297523,0.9122218548042124,0.735939927007633,0.1882948987550418
qwen-3.5-flash,1,8f669a,poster,31,-0.0331014689684315,0.1745817879712029,4.034484873391542,-0.1055680855753902,0.4825296906495621,-0.0398104968835431
qwen-3.5-flash,2,8f38c9,mobile,41,0.2274227425488301,0.2830986808182679,2.562902255837364,0.9105945095793592,0.7361275042974232,0.1880056019313259
qwen-3.5-flash,1,8f38c9,mobile,41,0.2278291751708601,0.2830986808182679,2.5629021001297523,0.9122218548042124,0.735939927007633,0.1882948987550418
qwen-3.5-flash,2,8f669a,poster,30,-0.0215256747018549,0.1801439963045828,3.9941054340642426,-0.0723339945827041,0.4972285921417172,-0.0373941966202653
qwen-3.5-flash,3,8f669a,poster,35,0.019661148472403,0.2015717941552579,3.815848359697909,0.0333708035729579,0.5053958134480717,0.0007508812801973
qwen-3.5-flash,1,8f9844,web,33,-0.0475193374602783,0.1325180368889073,4.038901287020889,0.0024573901301293,0.544665376515602,0.0727264925571116
qwen-3.5-flash,3,8f7ad5,web,47,-0.084434782543771,0.1278290339390765,4.698733581979287,-0.2602180315944236,0.427480055622614,-0.0137989565282703
qwen-3.5-flash,1,8f7ad5,web,50,-0.0503082184194731,0.1475676375937703,2.923516237886938,-0.1254472880672725,0.5135445417205632,0.0160248276448305
qwen-3.5-flash,2,8f9844,web,33,-0.0400202592377631,0.1359944122894122,4.059690020159816,0.0313607970294098,0.5504857448646481,0.0734570138390648
qwen-3.5-flash,2,8f7ad5,web,50,-0.1006668819345381,0.1179967078092393,3.477411255490412,-0.3196298240477982,0.4340399673320533,-0.0276818706857525
qwen-3.5-flash,3,8f9844,web,36,-0.0526628278239365,0.1261238978709359,4.115130177836484,-0.0385143447555234,0.5486694366477992,0.0673494063181937
qwen-3.5-flash,1,8fd96b,web,34,0.0846398747252397,0.2139518199204107,2.4911705969270703,0.2312585094198903,0.6392973529973819,0.0052660980630109
qwen-3.5-flash,3,8fd96b,web,31,0.0426875118173925,0.196264115231311,3.295389120659687,0.0394697128199112,0.5987037305609253,0.0030487923742884
qwen-3.5-flash,2,8fd96b,web,29,0.0265643106049975,0.1846554209337067,3.2574750992301738,-0.0330313732534551,0.5901191240651882,-0.013740407647758
qwen-3.5-flash,1,8fcaf4,poster,33,0.1243852966638612,0.2813008057164307,2.9683009503809052,0.1072057356925749,0.6067174777659562,0.1543004916541685
qwen-3.5-flash,3,8fcaf4,poster,30,0.1904831379682037,0.3316345334221893,2.5445987237642944,0.2720983698071578,0.6445737451036467,0.1893776085901504
qwen-3.5-flash,2,8fcaf4,poster,27,0.1977084641398072,0.3141547403640106,2.8286636945297445,0.1516987385628061,0.6403566824195583,0.1992307300009922
qwen-3.5-flash,1,90032b,poster,30,-0.030466534459558,0.1384189731733713,5.96673062425327,-0.2083641508619879,0.3611972287608443,-0.0407813231265092
qwen-3.5-flash,2,90032b,poster,34,-0.0636393527708251,0.1240099335272928,5.968801736658737,-0.3448678995839947,0.352139396954465,-0.0549711241052158
qwen-3.5-flash,3,90032b,poster,41,-0.0186158461126543,0.1305434225901796,3.754920025110611,-0.1660163256349456,0.4482062521579704,-0.0148870925378076
qwen-3.5-flash,1,8ff998,poster,30,0.2266339799707243,0.1564581744862361,7.167888374711885,0.6840258084062897,0.3705853783171287,0.1451106788245593
qwen-3.5-flash,2,901003,desktop,51,0.1474989399805871,0.3279553582221234,1.6896042040659889,0.2955571316927959,0.6151571328965002,0.0191174105326883
qwen-3.5-flash,3,8ff998,poster,52,0.4127503004105811,0.3663307271071737,3.259553185647021,1.3350467640697568,0.7147581670065449,0.2636045824009582
qwen-3.5-flash,1,901003,desktop,52,0.1093131481582823,0.3097229412422926,1.642861822846974,0.2067962628580411,0.5931609218582792,0.0349394735308821
qwen-3.5-flash,3,901003,desktop,52,0.0849897430629505,0.3023703370750935,1.663905161204199,0.1419043449587721,0.585790786371339,0.0207049062932532
qwen-3.5-flash,2,8ff998,poster,52,0.153681613443799,0.2353572144661895,3.220978559167473,0.4501065733518528,0.7381930590734396,0.1637193428573143
qwen-3.5-flash,1,90271a,poster,52,0.0130939457863292,0.1675307171866583,2.487799789934846,0.1680693301481516,0.5984711868917415,0.0611164525568493
qwen-3.5-flash,3,90271a,poster,30,-0.0170912982738987,0.1444011364844774,2.988258334483115,-0.0088738846418992,0.5289277635976977,0.0155687649906675
qwen-3.5-flash,2,90271a,poster,30,0.0931601107436287,0.1926297898106154,2.111633928476759,0.3269794628946547,0.6336616761062136,0.075296431182337
qwen-3.5-flash,3,90181f,mobile,30,0.029528247414182,0.2295204956402948,4.350392998108586,0.0980803146894423,0.4996766293827392,-0.0018787949511843
qwen-3.5-flash,2,90181f,mobile,31,0.0098450318507388,0.2225669080704632,4.397582169934422,0.0462579264711183,0.4922822261361937,-0.0036635098396082
qwen-3.5-flash,1,90181f,mobile,31,0.0107005054687509,0.2230094946229369,4.397673679395329,0.0571727106879733,0.4931699001338968,-0.0023870421110674
qwen-3.5-flash,2,906624,mobile,31,0.2233096821718289,0.2846357662510607,2.733802372644311,0.7199342219010173,0.6796413352069267,0.219818458375157
qwen-3.5-flash,1,906624,mobile,31,0.1060219724650718,0.2352431576432548,3.563017383315096,0.4134066533854108,0.6360841991509693,0.1061080301422261
qwen-3.5-flash,3,906624,mobile,30,0.1816558838214838,0.258294994206919,3.021506490241373,0.6352721967575763,0.6645572676167999,0.1815499380564864
qwen-3.5-flash,2,906fd8,mobile,48,0.0356993672975165,0.1683534128422966,3.4468976989783235,-0.0226726666694184,0.6076724505239719,-0.0570498777057104
qwen-3.5-flash,1,906fd8,mobile,30,0.0690968294190755,0.1845504740589245,3.175436406204681,0.03658478812191,0.6107757898460533,0.0095366034967183
qwen-3.5-flash,3,906fd8,mobile,31,0.103923323749061,0.2063664067050949,3.0348954757147304,0.342559617992215,0.6719532143454244,0.0419019338767643
qwen-3.5-flash,1,90888b,desktop,33,0.068247019485639,0.2379186688634842,2.707081138234545,0.2077138962131296,0.5682732511289543,0.1569241978373232
qwen-3.5-flash,2,90888b,desktop,30,0.1828278298455702,0.2837506667892236,2.1663226005362652,0.5074969967016199,0.6357706706645735,0.1982945370776418
qwen-3.5-flash,3,9073f0,mobile,60,-0.020486621795421,0.1425542576612959,7.9548026504168465,0.1721494941915694,0.2209592694776473,-0.151053401801151
qwen-3.5-flash,1,9073f0,mobile,30,0.0145241806341783,0.1475804715729512,7.989617100974629,0.2495174951292224,0.226056347869096,-0.1272586852673166
qwen-3.5-flash,2,9073f0,mobile,13,0.027643555832439,0.1470267139417448,7.94188567923108,0.1903749083859754,0.2175082470975662,-0.0808473800391164
qwen-3.5-flash,3,90888b,desktop,30,0.0321822479403309,0.2151302372997592,2.753581782639642,0.0432880683099236,0.5537879691578034,0.1070979411320545
qwen-3.5-flash,1,909a4f,web,31,0.1424106639335732,0.2773144999450984,2.559817434414945,0.373010138336779,0.6529984128294037,0.0567507843772936
qwen-3.5-flash,2,909a4f,web,32,0.1927323929391702,0.3183209553819681,2.2325448087294237,0.5380024260697516,0.6665779964131563,0.0204263972317587
qwen-3.5-flash,3,909a4f,web,30,0.1352834181700436,0.2635599112068179,2.801306478757077,0.3612390949043513,0.6380669511798828,0.0521905996477484
qwen-3.5-flash,2,912a36,web,36,0.1724083857695866,0.2850226544136108,2.2528006970629377,0.3871598685156354,0.5983910932983458,0.1138172481191333
qwen-3.5-flash,3,912a36,web,33,0.051699200099993,0.2399913776729929,2.582611861128285,0.0654211022822539,0.56055433334709,0.0099410286750671
qwen-3.5-flash,1,912a36,web,38,0.2125359499727985,0.3044813315908097,2.112691896431247,0.4644188243279754,0.6185201712140386,0.1630705890252056
qwen-3.5-flash,1,91138f,poster,29,0.0344069905269218,0.2468490246831907,3.7131218171510967,-0.1618171039693385,0.5048383557465723,0.0361842591616346
qwen-3.5-flash,2,91138f,poster,32,0.0493421995473274,0.2392348098179593,3.995742322152193,-0.0296861146629189,0.4929156396877045,0.0831304988585417
qwen-3.5-flash,3,91138f,poster,29,0.1127769805386298,0.2592314647377298,3.589657576545408,0.2524122700695359,0.5418811717349756,0.122724753231577
qwen-3.5-flash,1,917a4f,mobile,60,0.1236347796950306,0.3028602926354826,2.121486056701453,0.569085540559391,0.7023311671690838,0.0025212313693616
qwen-3.5-flash,3,917a4f,mobile,30,0.1923755490946638,0.3518114517514502,1.7574315931748716,0.6092341890323978,0.6890059550602726,0.0295108138374716
qwen-3.5-flash,2,917a4f,mobile,51,0.1707844020773305,0.3178579095963537,2.01633231433826,0.6672397285440622,0.7170516334773125,0.0003178790961013
qwen-3.5-flash,1,919716,desktop,56,0.2248379037686298,0.2148556417859268,3.999816988101746,0.7467882439550596,0.5968980472224975,0.3143118683553128
qwen-3.5-flash,3,919716,desktop,51,0.4067054824740345,0.2770721913557599,2.2447602939585627,1.348174062869833,0.7297261822381539,0.4185492060129409
qwen-3.5-flash,2,919716,desktop,51,0.0778758207237439,0.1687883421461078,2.272797801294213,0.2442563166947789,0.6207231708550472,0.1234168300620479
qwen-3.5-flash,1,9199de,poster,52,-0.3304713620164059,0.2177887038381749,2.4307572471240952,-0.6218732032972935,0.3142677274429906,-0.3331807426460079
qwen-3.5-flash,3,9199de,poster,32,-0.1012378794131443,0.316263626598832,1.6686468605152311,-0.2012991594696363,0.4549586670682188,-0.1023982960204658
qwen-3.5-flash,2,9199de,poster,278,-0.253185851976087,0.2460534404233269,1.9828228781336792,-0.4605573424981138,0.3513231972782316,-0.2696168647344712
qwen-3.5-flash,1,91b127,mobile,29,0.3645255594995108,0.3619854233746971,1.2396613165480366,1.0163724965049734,0.7686760025605851,0.2127687166839963
qwen-3.5-flash,1,91795a,poster,24,-0.0075480371549871,0.1775412438519078,5.61687213244715,-0.0575379176113953,0.4763296586982495,0.0070334762743753
qwen-3.5-flash,1,91b2d6,poster,52,-0.0832557996210191,0.0562432903120075,8.799529371551738,-0.2876980187496208,0.2734953080389289,0.0256785556107447
qwen-3.5-flash,2,91795a,poster,42,0.0983311025456491,0.2373791332016167,3.1759586205847508,0.2146229396660318,0.5717708547506251,0.0214839947369569
qwen-3.5-flash,3,91795a,poster,27,-0.0367835590988874,0.1672289841816547,5.231907513196278,-0.1068767646401091,0.4848113975432999,-0.0265814355656559
qwen-3.5-flash,2,91b127,mobile,30,0.3333959123329836,0.3513690966899001,1.274311589418727,0.9481798392487087,0.7536067352224025,0.1978684961507374
qwen-3.5-flash,2,91b2d6,poster,57,-0.1217863531131932,0.0021409455865706,12.39350710737969,-0.4827458001621864,0.0933799585633102,-0.0237218685306237
qwen-3.5-flash,3,91b127,mobile,30,0.336514949545318,0.353502497295681,1.2828269458184025,0.954649110826548,0.7516494031612103,0.1962501857171133
qwen-3.5-flash,3,91b2d6,poster,50,0.0821220766348064,0.1725511116147755,2.271075883932502,0.1974967528286531,0.5787647150936688,0.1691070738655612
qwen-3.5-flash,2,91ce42,desktop,31,0.3258639367511509,0.289291861286023,3.4571824804829148,1.1575476809786518,0.6532033562631514,0.3447448207387125
qwen-3.5-flash,3,91ce42,desktop,50,0.0734004935737666,0.1901095323610395,2.6312380860030142,0.2685456525876936,0.6205950519362267,0.0597669852998665
qwen-3.5-flash,1,91ce42,desktop,30,0.2250883997018197,0.243694362809079,3.015481007481535,0.7628053520327147,0.6691773330961659,0.2583236902453089
qwen-3.5-flash,2,8e5bd8,poster,51,0.2104969967977413,0.1717924346576198,5.5304154495827,1.463461455265313,0.4364654176704121,0.2328084649463617
qwen-3.5-flash,2,91d919,mobile,30,0.499898917737701,0.3908967311104802,1.3769302394548777,1.0298955840728756,0.7291979059812133,0.3832456653700538
qwen-3.5-flash,1,91d919,mobile,49,0.2599593211212351,0.3354422415698225,1.412916106552863,0.5191163486085482,0.6630237952103358,0.1333874190323431
qwen-3.5-flash,3,91d919,mobile,30,0.4024901071857829,0.4120039933336368,1.1904602329655392,0.8824698639962768,0.742938330362833,0.2494702672325001
qwen-3.5-flash,1,8e5bd8,poster,50,0.2166321461958841,0.1566385810082205,5.729694645454093,1.8589432641709445,0.4773069231887185,0.2407826024705534
qwen-3.5-flash,2,91c8f3,mobile,48,0.4142640101213316,0.3626417423226226,1.8294451748954368,1.127570211854838,0.7751408426144188,0.285242278601752
qwen-3.5-flash,1,91c8f3,mobile,48,0.353794682924018,0.3239364752550001,2.3275608947477724,0.934306976152647,0.7468223564995968,0.2035704750175629
qwen-3.5-flash,3,91c8f3,mobile,47,0.3380140637486803,0.3216013855920984,2.3523471007860186,0.951480353000882,0.7520497379183135,0.1843469581220221
qwen-3.5-flash,3,8e5bd8,poster,51,0.1333029705084443,0.0962720364771956,6.7700475895001375,1.1239399682868607,0.2551556378188107,0.1529105235995569
qwen-3.5-flash,1,92510f,web,63,0.0957410059691097,0.1824895238060524,2.369764731518005,0.2718003509606846,0.6282392010639687,0.1124842614059224
qwen-3.5-flash,2,92510f,web,51,0.0162696065286705,0.1613786321797599,2.52367796548924,0.0403327236285645,0.5997382450743862,0.0290128775439004
qwen-3.5-flash,3,92510f,web,54,-0.0040163624000199,0.1702148915399108,2.5375604452395355,-0.0428161779700196,0.5746686557505326,-0.0441752014399806
qwen-3.5-flash,1,92159f,mobile,31,0.2889750131885629,0.3186094483741265,3.0852418137114026,1.2770809749936851,0.8504115413691462,0.2395731275274258
qwen-3.5-flash,3,9204ba,poster,44,0.0655259987166953,0.1535615478990263,3.9781312688910138,0.1670808001981965,0.5293914498001913,0.1451617339378128
qwen-3.5-flash,1,9204ba,poster,34,0.0927214059419164,0.1698987721635859,4.335478024533615,0.083965879793931,0.5225846714840674,0.1603498029853241
qwen-3.5-flash,2,9204ba,poster,39,0.2276464857742903,0.2358980348171421,3.5680256157182093,0.3607060770721244,0.5981547420218387,0.204136360290717
qwen-3.5-flash,1,9251bb,desktop,56,0.078950943154826,0.17980974022274,2.769167101786377,0.2391192945992691,0.6056201073515559,0.1177969725172681
qwen-3.5-flash,2,9251bb,desktop,52,0.2450613226672501,0.291196395933609,1.5566059951775977,0.7938285857771866,0.7677116682163788,0.1579035731762075
qwen-3.5-flash,3,9251bb,desktop,52,0.2212838636704027,0.2517772736601724,1.7437876311971177,0.6883766800384667,0.7369919606216153,0.2179451531730711
qwen-3.5-flash,3,92159f,mobile,30,0.3224586190227805,0.3448787013759948,2.977440344104023,1.380652875682154,0.8612813571112662,0.2718660797589481
qwen-3.5-flash,2,92159f,mobile,52,0.0592345669071949,0.1791226107428666,3.224070509591917,0.2559551686024081,0.6961322930529881,0.0189546924465711
qwen-3.5-flash,1,927a3c,web,69,0.1005259308102457,0.2221799416422096,2.32089494078303,0.2788281916489292,0.6367712208569135,-0.1426776803224888
qwen-3.5-flash,2,927a3c,web,69,0.1051938345102106,0.2253811124249936,2.2990916959456347,0.2927080590586813,0.65151835848659,-0.1442233627307166
qwen-3.5-flash,1,92b95d,web,42,-0.0486505087274577,0.2141452405290286,2.1466549614877843,-0.1817330112917715,0.4826081343363871,0.0126178752791063
qwen-3.5-flash,3,927a3c,web,38,0.261629396956214,0.245964814164373,1.796962164881888,0.6113477843956284,0.6572361145429818,0.1988729894736792
qwen-3.5-flash,2,92b95d,web,41,-0.032812633147729,0.2160140667232314,2.4198617713766577,-0.1095936452767539,0.4678415336739491,0.0562671389544462
qwen-3.5-flash,3,92b95d,web,45,-0.107155557745403,0.1737559919814153,2.8561576779916273,-0.2928285930818596,0.4344689672953717,-0.0042644252402194
qwen-3.5-flash,2,93016d,poster,53,0.2631092995072647,0.3163171899149979,2.565701690051514,0.6071509632428146,0.6895041085608135,0.2739458643003705
qwen-3.5-flash,1,93016d,poster,52,0.3853367224346116,0.3948789697250239,1.0881576310904504,0.9332415868063784,0.7701851978173128,0.3514315606099085
qwen-3.5-flash,2,92c389,desktop,53,0.0072267228981502,0.1795002650606294,2.4416997516154675,-0.01286530227831,0.5218324296097706,0.0242747146812934
qwen-3.5-flash,3,93016d,poster,53,0.2631092995072647,0.3163171899149979,2.565701690051514,0.6071509632428146,0.6895041085608135,0.2739458643003705
qwen-3.5-flash,1,92c389,desktop,37,-0.0832565456685315,0.1447725793062991,3.3759999676888244,-0.2290974706410141,0.4764106282527185,-0.0395266650479495
qwen-3.5-flash,1,927918,mobile,30,0.2890321354631923,0.3189474121580971,3.0234286267474215,1.2895634669962643,0.8015960947063807,0.2128789921382534
qwen-3.5-flash,3,92c389,desktop,56,0.1194263866512595,0.2239561384600494,2.871986031215508,0.2351053518740048,0.5980465561296211,0.1477572149061243
qwen-3.5-flash,2,927918,mobile,32,0.1746676844920783,0.2635679754829003,3.925739512977567,1.2861427642215657,0.694833104889381,0.0957144027855279
qwen-3.5-flash,3,927918,mobile,30,0.1236514703095461,0.2236143356748534,4.496149015061414,0.9949697647216972,0.7328870922652287,0.0935969743542793
qwen-3.5-flash,1,93527f,desktop,36,0.4637815604909515,0.3749960769666255,2.454782661922197,1.6325730642033094,0.7298132238705335,0.4729117917899879
qwen-3.5-flash,2,93527f,desktop,31,0.428336036009498,0.3584063231738698,2.6416420622243093,1.4812874482769287,0.7609390653418898,0.4483133761852496
qwen-3.5-flash,3,93527f,desktop,35,0.2972544190299916,0.2566063695251843,2.6083572285392744,1.0280528965799012,0.7221305894492271,0.3218881436859415
qwen-3.5-flash,1,935066,poster,31,0.1062852977640647,0.2720797757934342,3.3388789046763345,0.0360292337261638,0.5302376072984192,-0.0046930109903344
qwen-3.5-flash,1,93749b,poster,51,0.3504068538113116,0.2507323460353118,1.6535512555911982,0.8925372728435268,0.7308320978021198,0.1584488436299843
qwen-3.5-flash,2,935066,poster,33,0.1370883612229238,0.3024170991170062,3.0078495021155485,0.0723632207119586,0.525860346163805,-0.0188872562824933
qwen-3.5-flash,2,93749b,poster,33,0.0972672308367742,0.2199901877659134,1.877659272589884,0.205410011423984,0.5588788724574452,0.0166471302066941
qwen-3.5-flash,3,935066,poster,30,-0.0070143540440771,0.2209636382123795,4.379554286380415,-0.112521973206381,0.4240936182754367,-0.1004821555024344
qwen-3.5-flash,3,93749b,poster,51,0.0535046804982057,0.2066133955198835,2.003319701409094,0.155929609362371,0.5161917397288468,-0.1641323482740248
qwen-3.5-flash,1,93562f,mobile,30,0.038284765650947,0.2436633407411244,4.951950771505226,0.280037223462222,0.4977090957006268,0.0105588032250097
qwen-3.5-flash,2,93562f,mobile,52,-0.0770372941757584,0.2111724434084415,4.673444133556728,-0.1082125014113906,0.5109415775860404,-0.1576847781134081
qwen-3.5-flash,3,93562f,mobile,31,-0.0398254427921893,0.1839939605657449,4.9264846415980665,-0.1614995830644712,0.4644358751879633,-0.0591777065158498
qwen-3.5-flash,1,9378c2,desktop,46,0.0411530522418589,0.2266399945092618,3.2365675552596698,0.079014476520169,0.5489005683245056,0.0310151232404745
qwen-3.5-flash,1,935ba3,mobile,33,0.0118657737607906,0.2109574454105199,4.794444458505216,0.3945302951341137,0.5259387626326267,-0.0691134206652574
qwen-3.5-flash,2,9378c2,desktop,41,0.0606422059800171,0.2313244548535422,2.941603006404197,0.1586712254114752,0.5265153126782292,0.0890990424789402
qwen-3.5-flash,2,935ba3,mobile,29,0.120309045921191,0.2988650051268273,3.117319835858546,0.2278489404384077,0.6551103383403389,0.09097812561772
qwen-3.5-flash,3,9378c2,desktop,48,0.0982031288192051,0.2483715641577521,3.0670217724863074,0.2065800284027279,0.5560807516203958,0.0836527059709062
qwen-3.5-flash,3,935ba3,mobile,30,0.0070474185716364,0.1928865766673197,5.102750354655456,0.4163471464758772,0.5137195167901963,-0.0810288254332875
qwen-3.5-flash,2,94460d,desktop,50,0.0289304727627894,0.1640415159913152,2.4128866809811536,0.221309549724326,0.6109371744084506,0.0389956358895477
qwen-3.5-flash,1,94460d,desktop,43,0.0139929519260543,0.1480481623113324,2.5496625961477903,0.0699274056738603,0.5683373561111845,0.0176222015089951
qwen-3.5-flash,3,94460d,desktop,41,0.021738927048893,0.1505811441395889,2.539653750835781,0.1118984982897883,0.5723393860281476,0.0200708657736808
qwen-3.5-flash,1,93f7fb,mobile,32,0.1315982641132634,0.2325797689792348,2.8560035767434604,0.3741627130239944,0.6891970943130672,0.0982163515779422
qwen-3.5-flash,1,9466ef,web,45,0.0963313158334118,0.2407034496855012,2.5476477093439858,0.1591365526783023,0.5667265457864903,0.1039196589159484
qwen-3.5-flash,3,9466ef,web,48,0.0072108593843003,0.2048131032660207,2.6971199272277695,-0.0503598289560165,0.5161951968467117,0.0306660498314147
qwen-3.5-flash,2,9466ef,web,45,0.1250003616728026,0.2514939023036554,2.549052611853841,0.257943179672465,0.5748205846771752,0.1223910524083187
qwen-3.5-flash,2,93f7fb,mobile,30,0.1478323909349083,0.2310851695550955,3.2436930735759337,0.4814422471656969,0.6239051690258676,0.0937374982310707
qwen-3.5-flash,3,943fdb,mobile,30,0.1842740392156892,0.2913364362052728,4.090212266889112,0.4547730140581526,0.4768396123102458,0.0829873553755291
qwen-3.5-flash,2,943fdb,mobile,50,0.1783178973697072,0.2800816956360986,3.9900284886652706,0.3629563405236389,0.5002135925441205,0.1065193245950795
qwen-3.5-flash,3,93f7fb,mobile,33,0.0663339478504955,0.204627260683919,3.170267562149906,0.1700039285810807,0.5944345804739279,0.0116306867840886
qwen-3.5-flash,1,943fdb,mobile,30,0.1010628824239519,0.2421039303507268,5.505232251754987,0.1927905252715114,0.3963125419040729,-0.026427391347838
qwen-3.5-flash,1,947b62,desktop,180,0.1207269292817317,0.1661154099048115,2.382917403699989,0.5573306708578492,0.6722453833955035,0.1717569371514182
qwen-3.5-flash,1,949f72,poster,30,0.2176927881309127,0.3420964872298352,1.5707729386970477,0.5563246183563659,0.6720854463719388,0.1568945415828682
qwen-3.5-flash,2,949f72,poster,32,0.2162702402204335,0.3343595949888858,1.5765061289425648,0.5901658400874756,0.656910170402683,0.1875796025039264
qwen-3.5-flash,3,947b62,desktop,49,0.4128417684896839,0.2746793502063507,2.065136105309868,1.8416724197843968,0.8178095357074217,0.3837141864746513
qwen-3.5-flash,2,947b62,desktop,60,0.4680968351250391,0.3027679002938407,1.8608595814758375,2.1151156422854926,0.8359198329718607,0.4235475888267295
qwen-3.5-flash,1,949207,desktop,50,-0.0254533401517937,0.1508628793881607,4.804298796413251,0.0106495739136292,0.4944442396104455,-0.0714554226978622
qwen-3.5-flash,3,949f72,poster,45,0.094543142095435,0.3058999055856853,1.8669793102766732,0.2199956547496513,0.5960778723135014,0.062496146872399
qwen-3.5-flash,2,949207,desktop,66,-0.004438065877771,0.1664456090975798,5.246564384815431,0.1277615926981858,0.4777448350739194,-0.0633537936124989
qwen-3.5-flash,3,949207,desktop,49,-0.0315700244043259,0.1469378179196612,3.1725280862116025,-0.0499717963048137,0.5418136011117514,-0.1562534422553201
qwen-3.5-flash,1,94bf23,desktop,46,0.1941857139287073,0.2319617597446663,1.92600126043928,0.7940161512128333,0.7248583061930562,0.1967378062430878
qwen-3.5-flash,2,94bf23,desktop,49,0.2208995385937617,0.2426437137916312,1.909465312148554,0.8695153512595762,0.7416118374618315,0.2089170390309217
qwen-3.5-flash,2,949fd0,web,30,0.1006925674427269,0.1972643474145946,3.464318786914793,0.4017005171248887,0.7804478783204603,0.0488066887599202
qwen-3.5-flash,1,949fd0,web,30,0.1443964131940459,0.2236997385877013,3.9928179404577904,0.5559399250090981,0.72782767027083,0.0818530875527659
qwen-3.5-flash,3,949fd0,web,30,0.1795114642601266,0.2476414732503263,3.8903966361443887,0.781390529217927,0.7355054472346837,0.1066950370951689
qwen-3.5-flash,3,94bf23,desktop,48,0.2130639053575507,0.2437109458688258,1.9128837441868205,0.827972965706474,0.7380945964932247,0.1832761877088784
qwen-3.5-flash,1,94d7be,web,18,0.1278877516676441,0.2302991636916306,5.480064266395383,0.4149594499602336,0.4998566765870675,0.1630120700491187
qwen-3.5-flash,2,94d7be,web,30,0.2743277493900801,0.3035128857030135,2.800299523813157,0.7001741031849781,0.6643590323961632,0.2209894427069098
qwen-3.5-flash,3,94d7be,web,30,0.2021082181025421,0.2738570799041767,3.1312612744942765,0.5319582972573966,0.6313562197365097,0.1726395184351835
qwen-3.5-flash,1,94b1bc,mobile,31,0.1288941646682111,0.2768108927392706,2.989342945410242,0.0809929507584384,0.7052681396030073,0.0182591976379155
qwen-3.5-flash,3,94b1bc,mobile,30,0.1262862231741506,0.2571370003947192,3.903101810565304,0.0178317360006641,0.5385813600144153,0.0497262757882205
qwen-3.5-flash,1,94dc20,desktop,52,0.1129983073500731,0.2496825845570075,2.477066903095916,0.2621094681776696,0.6405811410983272,0.0166049727606396
qwen-3.5-flash,2,94b1bc,mobile,42,-0.0185167318996093,0.2033915296673628,3.89256047446251,-0.252566890086165,0.4455992781596815,-0.0506979544014914
qwen-3.5-flash,2,94dc20,desktop,31,0.1691304821086027,0.2796262521468118,2.1483888988469695,0.4149377795750946,0.6604344562658863,-0.0572978090917366
qwen-3.5-flash,3,94dc20,desktop,33,-0.0589346098438839,0.1637030740417393,2.9291530322659436,-0.1748676442852077,0.5621219459233082,-0.0366476031480573
qwen-3.5-flash,3,94d9ed,mobile,30,-0.0259844825364439,0.1821103109250773,5.351064010879421,-0.3361759642966666,0.3902997055207834,-0.055404956113158
qwen-3.5-flash,2,95044c,desktop,30,0.3674423664230834,0.3200994098397088,4.200151728699489,1.0097419074294642,0.7246772738274416,0.3442594096012313
qwen-3.5-flash,2,94d9ed,mobile,30,-0.0749817838119752,0.1521224675108581,5.504822589979539,-0.4354533978215327,0.4131900403157813,-0.0769379000301515
qwen-3.5-flash,1,94d9ed,mobile,66,0.0224632142195716,0.2079189526830022,4.881528286851583,-0.1873806532937251,0.4560582030827341,0.0045169405304554
qwen-3.5-flash,1,95044c,desktop,52,0.3388787441017096,0.3352005824927423,1.9363623250212885,1.0618062425810106,0.791825185517922,0.3110744753133388
qwen-3.5-flash,3,95044c,desktop,51,0.2823513916758808,0.255569306190507,1.7414882324121503,0.826603681701446,0.732591728177307,0.3109617828218325
qwen-3.5-flash,1,955a79,poster,52,-0.0499673823027975,0.1537685736307953,3.5149688108555237,-0.0891451385318175,0.6291277093325403,0.0067529721063489
qwen-3.5-flash,1,95b24c,desktop,45,0.3556224397210826,0.2936310727728272,1.47069512625695,1.025503095541312,0.786307044182071,0.2755269666283715
qwen-3.5-flash,2,955a79,poster,55,0.061836340409773,0.2405528033107077,1.924922863127852,0.2324720222723119,0.6078758811711437,0.054553185536582
qwen-3.5-flash,3,955a79,poster,48,0.1692017700966702,0.278078909116376,1.9136842330214443,0.5433013920010424,0.6753848965248762,0.1784581653640781
qwen-3.5-flash,3,95b24c,desktop,47,0.2454412803050989,0.2559159741021093,1.6354468687940849,0.6721514873899396,0.7052270769717564,0.1616447077392701
qwen-3.5-flash,2,95b24c,desktop,49,0.240362723943936,0.2648035187059677,1.668186808554993,0.602336072937497,0.6824226831259127,0.1866692304844356
qwen-3.5-flash,1,94e7b4,mobile,30,0.0945520579768314,0.2616393345974597,3.018431239776138,0.0268504570689046,0.556607225898491,0.0828167945248626
qwen-3.5-flash,2,94e7b4,mobile,29,0.0886720051648107,0.254369482546369,3.107068241714955,0.1708908086112415,0.5913386614921288,0.077883818284137
qwen-3.5-flash,3,94e7b4,mobile,30,0.062483073059208,0.2427043457058376,3.2617703205570177,0.0940708363098413,0.5847006856783926,0.0491358356996301
qwen-3.5-flash,1,95b2d2,desktop,71,0.172966441843842,0.2343340712989554,2.443577027870417,0.3757462897865272,0.6497147605315854,0.1581430116417438
qwen-3.5-flash,2,95b2d2,desktop,53,0.4057170216558068,0.387523767112618,1.7844671090473807,1.100674017591919,0.7520325819694208,0.2796097721124069
qwen-3.5-flash,3,95b2d2,desktop,167,0.2782196823611634,0.2848197594590231,1.574427166421693,0.7743049470716682,0.7476586626092518,0.1568133422499189
qwen-3.5-flash,1,95b733,web,34,0.1375487562580746,0.2337456889848385,2.2188155160058405,0.4164015810197523,0.6548727890655409,0.1438652578542393
qwen-3.5-flash,3,95b733,web,30,0.1386570395019616,0.2440324356223995,2.343748283658011,0.46287585539958,0.6511716837574993,0.1529346362248789
qwen-3.5-flash,2,95b733,web,45,0.0334530460091198,0.1869877812000404,2.4669276779348506,0.1867285102600006,0.585188165333651,-0.0045666617013646
qwen-3.5-flash,1,95ce3a,web,30,-0.0369799857596803,0.1062053197919307,4.107253886348809,-0.2885465233012099,0.4701305081807883,-0.1111815978457534
qwen-3.5-flash,2,95ce3a,web,30,-0.1094363785001182,0.0728855718132171,5.454999241545548,-0.5309346688652321,0.3530089594747376,-0.1342669006798166
qwen-3.5-flash,3,95ce3a,web,31,-0.125004742314827,0.071638832577381,5.490784455964547,-0.6009755732750456,0.3205856774354799,-0.1540162280119381
qwen-3.5-flash,1,9609c8,web,35,0.2992666630391533,0.3607055464325864,1.45660861540314,0.7653150863121737,0.7325166004848477,0.1314476298523274
qwen-3.5-flash,2,9609c8,web,32,0.3284325505129474,0.3815989263725335,1.6541509862062531,0.8647107540045731,0.7395241899579843,0.1680929108220422
qwen-3.5-flash,3,9609c8,web,34,0.3178948026972426,0.3752815033867983,1.393668815262744,0.8232017565914755,0.7453651789571109,0.1396787822369947
qwen-3.5-flash,2,95d2d7,mobile,31,0.1501656080979362,0.3375411979706685,3.209086923907355,0.4480203096679063,0.634538062365338,0.1696110155818831
qwen-3.5-flash,1,95d2d7,mobile,30,0.1536094342420007,0.3197069343797372,3.5916236958951293,0.3157517373919369,0.6560712389450662,0.0959062754488996
qwen-3.5-flash,3,95d2d7,mobile,30,0.1832571271092769,0.3219621733336607,3.390108689577307,0.21192972075197,0.6453169717779472,0.1725983830653113
qwen-3.5-flash,1,95fc3f,mobile,30,0.1466354135315073,0.2885398053422847,4.358902290268578,0.243340842810864,0.5041730138617389,0.1386507626426291
qwen-3.5-flash,3,95fc3f,mobile,30,0.033796476424227,0.2313305108552835,4.502826254888137,-0.0162072046377627,0.4577428770155539,0.031207890724406
qwen-3.5-flash,1,964f81,poster,46,0.1989162896485642,0.2379011001544676,1.811350750359276,0.4458999787599265,0.6392709497176694,0.0490953364030039
qwen-3.5-flash,2,95fc3f,mobile,50,0.111948053262181,0.2789637135700553,4.391719894754143,0.152103362685541,0.4982796649063743,0.1120390771869843
qwen-3.5-flash,2,964f81,poster,41,0.1345316198459128,0.2357202435733966,1.888865073034546,0.4634360814112869,0.6335936182684212,0.1047499434338375
qwen-3.5-flash,3,964f81,poster,36,0.1587453945007206,0.2442315982017482,1.8351097060363144,0.3570545295733057,0.6072667146826958,0.0993921276773044
qwen-3.5-flash,1,9620b2,mobile,33,0.3261198577355276,0.3635967094595319,2.485636528055116,0.5078066486057036,0.6606142477638333,0.2950053062006701
qwen-3.5-flash,1,96c596,web,35,-0.087932045548941,0.0119018163507091,11.137830881343383,-0.369827237205248,0.0628513607755814,-0.0053431507605292
qwen-3.5-flash,2,96c596,web,33,0.0333608556998259,0.1088333060773723,3.341096577087587,0.1742256717733036,0.6612080923258786,0.1117073707627998
qwen-3.5-flash,2,9620b2,mobile,36,0.218798850985217,0.2973211321019391,3.4118912149007325,0.1137090121644346,0.6458540791406834,0.2189221898607172
qwen-3.5-flash,1,96d95b,mobile,45,0.2379975070342553,0.2337809348914632,1.796400502598206,0.7461843077413759,0.7422107863199023,0.1584207821913784
qwen-3.5-flash,3,9620b2,mobile,30,0.2047171438605104,0.3200768470701511,2.470558144749644,0.075878804171987,0.6475679498770454,0.2091581454452259
qwen-3.5-flash,1,964429,mobile,38,0.1909014523705534,0.3237548966910696,3.4087045230601234,0.2935968813530774,0.5526368274226181,0.0526717426686094
qwen-3.5-flash,3,96c596,web,36,0.0640015636414667,0.1404286630505316,3.931472684607378,0.1988364279219654,0.6178742182332437,0.1255666484257061
qwen-3.5-flash,2,96d95b,mobile,33,0.5028141299171255,0.3412830833898572,1.3919600538193777,1.565140761398804,0.8176567711782247,0.442032758490695
qwen-3.5-flash,3,964429,mobile,33,0.2547160844952383,0.341140727491142,3.369102288635775,0.4946281570384391,0.5706008848424176,0.1056359691737907
qwen-3.5-flash,3,96d95b,mobile,35,0.4247210652032241,0.2936154664637849,1.508222082345294,1.3293317170926873,0.8126757566820337,0.3352170347529445
qwen-3.5-flash,2,964429,mobile,33,0.2274284319124126,0.3368414341726575,3.3922594668755206,0.3450019269523219,0.586389319160792,0.0565216693073975
qwen-3.5-flash,2,96f6e0,web,31,0.2375800443469818,0.2801564920238402,3.008953271637508,0.8968412225386833,0.6636481392374336,0.2341431515004674
qwen-3.5-flash,2,972486,poster,52,0.0043578935272466,0.1032678320910604,4.329964909304156,-0.0704511647220646,0.5273343661016883,-0.0256918000337279
qwen-3.5-flash,3,96f6e0,web,30,0.2459227530999272,0.2836392812534382,2.9007611303250815,0.9233201107027634,0.6731002493145846,0.2398369649945531
qwen-3.5-flash,1,972486,poster,30,0.0825162486666662,0.1206746617691807,4.6311939932908865,0.2579934142687334,0.5891959265360278,0.0774390313601888
qwen-3.5-flash,1,96f6e0,web,32,0.2099594343411003,0.2663517397768068,3.1309684716189885,0.7644866068621267,0.658022624430117,0.208216023157463
qwen-3.5-flash,1,972cc2,desktop,35,0.3496793796638726,0.3473152164976765,1.3883584851197843,0.8136937526643864,0.7170866092400096,0.1611905464701437
qwen-3.5-flash,3,972486,poster,30,0.0483190053679645,0.1292960287909077,3.6033016653812657,-0.0186398801665576,0.5277123091464008,0.0080864620201179
qwen-3.5-flash,2,972cc2,desktop,53,0.4651377387884358,0.41108604627777,1.0793870983518992,1.0881554846634165,0.7836445203014171,0.2835688060234229
qwen-3.5-flash,2,96db53,web,54,0.1546432799695255,0.2335601670638174,2.3471726142142835,0.3776328708132977,0.6493708966250656,0.0491505794169951
qwen-3.5-flash,3,972cc2,desktop,30,0.3997236372819897,0.3858481440112033,1.2367464665280714,0.8955672450617832,0.7423349024346246,0.2342926122323203
qwen-3.5-flash,3,96db53,web,31,0.2751309736879152,0.2621613453174603,3.3270596841148294,0.9079082757671436,0.7030074195061042,0.2036883701320658
qwen-3.5-flash,1,96db53,web,50,0.1115891432269112,0.2072540211416501,3.054602458125647,0.3076213498026199,0.6380117123054803,0.0193759576030456
qwen-3.5-flash,1,9780b8,desktop,36,0.1155117734790257,0.2027099309254338,2.4685899016000703,0.4823187624735309,0.6312410146563362,0.1075155942079484
qwen-3.5-flash,2,9780b8,desktop,42,0.0974567544403272,0.1963799618369657,2.475257955248021,0.4255503162762616,0.6153149429310221,0.1396636087863702
qwen-3.5-flash,3,9780b8,desktop,36,0.12350864959123,0.2100636532226741,2.477162795752113,0.4770465537134372,0.6345218360473787,0.1158556427937724
qwen-3.5-flash,1,97cc00,web,38,0.0106349271282141,0.1446517713689238,3.710728426988097,-0.0342133645513849,0.6156218864265307,0.0410108155576819
qwen-3.5-flash,3,97cc00,web,36,0.0436659437297763,0.1583015863422571,3.580789751086801,0.0808156025846839,0.6343325005738818,0.060774947310637
qwen-3.5-flash,2,97cc00,web,31,-0.0151840099399703,0.1241643266762153,3.657030314025021,-0.1149457236109247,0.615129166800421,0.0232237499762898
qwen-3.5-flash,1,98474c,poster,49,0.0540666103668642,0.2661815071919239,1.838040173682443,0.2488701673517112,0.6099924497798137,0.0997026999860794
qwen-3.5-flash,2,98474c,poster,31,0.1463036204436978,0.3212578997394624,1.5843984129985276,0.4533595255355344,0.6730054541864456,0.0467054929134224
qwen-3.5-flash,3,98474c,poster,32,0.382321783515315,0.3866065561709082,1.1948132473894462,0.8923817285974719,0.7617939023908485,0.2650817494703529
qwen-3.5-flash,3,97c1a1,mobile,52,0.2741474652244279,0.3373913666160867,3.7266349760671424,0.726121513137936,0.6529947928431094,0.216629876621595
qwen-3.5-flash,2,97c1a1,mobile,30,0.0605499214627426,0.2374533990156018,3.625814282146736,0.1549190191294318,0.5896532692537335,0.0797824757178329
qwen-3.5-flash,1,97c1a1,mobile,47,0.1400696926525496,0.3053612935356689,2.910139927363547,0.410198060946718,0.6362731474896854,0.1435892189020272
qwen-3.5-flash,3,985d8c,desktop,36,-0.0238408156331763,0.0625661574761642,8.120217970328513,-0.0957200015086835,0.4751217401211026,-0.0648083231075672
qwen-3.5-flash,2,985d8c,desktop,150,0.1252215682116536,0.1481571157381807,2.386693862585928,0.809596335351166,0.7145790099732503,0.1269293336038737
qwen-3.5-flash,1,985d8c,desktop,36,-0.0238408156331763,0.0625661574761642,8.120217970328513,-0.0957200015086835,0.4751217401211026,-0.0648083231075672
qwen-3.5-flash,2,980144,mobile,33,0.0001759764443554,0.242466794826288,4.132008343410083,0.3040534494962569,0.532511803926831,-0.0149065614398934
qwen-3.5-flash,1,980144,mobile,50,-0.0678232006818214,0.2106998653004858,4.134295502676864,0.1284986926929957,0.5060044383175425,-0.0407780655920204
qwen-3.5-flash,2,98b958,poster,44,0.0206944414844123,0.218765760723559,1.9416110279087215,0.1584448722818487,0.577860205138881,0.0771664874625506
qwen-3.5-flash,1,98b958,poster,50,0.0629147493904884,0.23025399274602,1.8541229017505572,0.2706517700462336,0.5910253648446633,0.0595738467310196
qwen-3.5-flash,3,980144,mobile,49,0.049818815201659,0.3045625561276434,2.826313122396902,0.1251918317287508,0.5463552578090889,-0.01905067898514
qwen-3.5-flash,3,98b958,poster,45,0.0740332872148341,0.2328739579873481,1.8828194232097824,0.2959328824604958,0.5972209933855106,0.1054815913738763
qwen-3.5-flash,2,99004f,desktop,52,0.4649294469881246,0.3513374860742051,1.885490015295034,1.2467643050266233,0.7410979204583593,0.4496769771417973
qwen-3.5-flash,1,98df26,web,46,0.0463053278044294,0.2061200225552251,2.427882100432009,0.3126150738625758,0.5799318153102593,-0.0007176991885218
qwen-3.5-flash,1,98ae63,poster,30,0.0263983874407786,0.1448524970922193,6.290824792811025,-0.0466976441683792,0.3817564244518212,-0.0027489862480891
qwen-3.5-flash,1,99004f,desktop,50,0.4778489234478753,0.4035603421970258,1.1806880018024677,1.2383864010710748,0.8026433910539965,0.4904857516581067
qwen-3.5-flash,3,99004f,desktop,50,0.3842366473384143,0.3419121406271099,1.6072264455955263,0.9851886787705018,0.7175117734998965,0.4252418863938725
qwen-3.5-flash,3,98df26,web,46,0.1924724873325041,0.2259016227585122,1.8891670592531151,0.8676495819330938,0.7452265174649384,0.0471898570537136
qwen-3.5-flash,2,98df26,web,32,0.2322162227067858,0.2015237987453249,4.813550783862673,0.7206309442558212,0.4614111955919805,0.1563019618302416
qwen-3.5-flash,2,98ae63,poster,49,-0.0454827698062296,0.1743971795957683,4.190795429478531,-0.3064203350250862,0.4346330786644123,0.0225619504607594
qwen-3.5-flash,1,991446,mobile,54,0.1231792693330302,0.2830995636895986,3.037182386508974,0.233349591093441,0.5695742315289518,-0.0812875860262928
qwen-3.5-flash,2,991446,mobile,40,0.4747380238826968,0.4059616013272198,3.7010074397742345,0.9856328236285616,0.6706428889818967,0.4252040361241557
qwen-3.5-flash,3,98ae63,poster,52,-0.0114414827027801,0.1931217225410466,3.928485580510491,-0.2118845133990817,0.4744229017383926,-0.0017376658973907
qwen-3.5-flash,3,991446,mobile,54,0.1231792693330302,0.2830995636895986,3.037182386508974,0.233349591093441,0.5695742315289518,-0.0812875860262928
qwen-3.5-flash,1,9951b0,mobile,12,0.1220480269936307,0.197384423129047,5.45878059674083,1.024201331875373,0.5738079726203167,0.0496042671086597
qwen-3.5-flash,1,992c50,mobile,32,0.0068122642947825,0.185111420888882,4.360844177543431,-0.0571271763486164,0.4876455777899056,0.0262921221959805
qwen-3.5-flash,2,992c50,mobile,34,0.0151737548416891,0.2016341423818961,4.015872654372084,-0.0431992907681036,0.5183297877979275,0.0267096925186889
qwen-3.5-flash,3,992c50,mobile,32,0.0629742473295277,0.2361156153651299,3.7949444066564815,0.1665872818144382,0.536969730325177,0.0923664789444856
qwen-3.5-flash,3,9951b0,mobile,34,0.0638043090812893,0.1756040318799308,4.689904772971378,0.5113994986881645,0.5239979691493193,0.0277266058543561
qwen-3.5-flash,2,9951b0,mobile,11,0.1324394636549628,0.200174929250831,5.452378281865043,1.0328182769113414,0.5750873089157189,0.0667941529945341
qwen-3.5-flash,1,9984d9,desktop,33,0.0697220363771037,0.2367531277528514,2.989759875108354,0.188307833339989,0.5863940270220893,-0.2306615610414234
qwen-3.5-flash,2,9984d9,desktop,30,0.142805478328899,0.2065103487657856,7.024625091799726,0.4838329454209468,0.4809450436888308,0.0689186760222148
qwen-3.5-flash,3,9984d9,desktop,52,0.1524057396220112,0.2913666635967824,2.7018950854798045,0.4868238853068291,0.6258427082784813,-0.0875401918784716
qwen-3.5-flash,1,9a69c1,poster,44,0.0121741077102678,0.208001940834111,2.248233853170782,0.083795231963702,0.5208631342301355,-0.113663648890673
qwen-3.5-flash,2,9a69c1,poster,30,-0.0064743564370041,0.1829508546527213,2.021404523268881,-0.0236304257576148,0.5235388097953377,0.0723216471787346
qwen-3.5-flash,3,9a69c1,poster,30,-0.092950954341677,0.1607286623648188,2.4528028887536077,-0.2477877095764074,0.4377738308665138,-0.0713230165212869
qwen-3.5-flash,1,998d69,desktop,50,0.5149715750662467,0.4676752214842212,2.93818668870942,1.5801589142894696,0.7002812507478022,0.4840420128405683
qwen-3.5-flash,2,998d69,desktop,52,0.4904976368502363,0.4640099668098638,2.9225104137511995,1.5013552750099992,0.6997630701617236,0.4599616505692739
qwen-3.5-flash,1,9aa231,mobile,44,0.1161706450374477,0.2152717595966642,2.9210926898157057,0.2486566160748073,0.620351649190939,0.0252341432163858
qwen-3.5-flash,3,998d69,desktop,52,0.4656084567213643,0.4666030430698483,2.8765189662194373,1.5007900241078762,0.7334364487805383,0.4323182742783446
qwen-3.5-flash,2,9aa231,mobile,49,0.3763615679787815,0.3397462775296809,1.7215561353540445,0.7952696846901728,0.6625263235574947,0.2037852887372451
qwen-3.5-flash,3,9aa231,mobile,32,0.3371237810775844,0.3171696931144591,1.7143291441641448,0.7477906291583936,0.6504850827914803,0.2300106915143122
qwen-3.5-flash,1,9aa968,web,43,-0.0033835692989012,0.2009582404901407,2.8462516952349066,0.0271782521053737,0.5240125431373861,0.1281031869100226
qwen-3.5-flash,2,9aa968,web,47,-0.0384308615082103,0.1792207389786412,3.055739109961308,-0.0230249386033608,0.4900551748265362,0.1288742890027135
qwen-3.5-flash,3,9aa968,web,44,-0.0083051486138763,0.1938198954374719,2.9660796820038597,0.0583449389782239,0.5168390513910425,0.1355873714266454
qwen-3.5-flash,1,9aabba,web,41,-0.0241730837551925,0.1393966083168786,3.8406342065731622,-0.162751147596584,0.4953970030119546,-0.0819716415939662
qwen-3.5-flash,2,9aabba,web,42,-0.0260149578593639,0.1329624832023406,4.330898238097481,-0.1696088279249706,0.4574563611008534,-0.0833129660117802
qwen-3.5-flash,3,9aabba,web,42,-0.026918123393325,0.1388342309461591,3.695074756681298,-0.1785953858740181,0.4793110029586764,-0.0823954693887248
qwen-3.5-flash,1,9afe5f,poster,30,0.0737981399080785,0.3165457254130598,2.2106100743586734,0.2413058997129736,0.5656959611548829,-0.058809080699865
qwen-3.5-flash,2,9afe5f,poster,30,-0.0637237626891382,0.2846127481684062,2.063271121161442,-0.225615907917313,0.4449634775930621,-0.1210174790593237
qwen-3.5-flash,3,9afe5f,poster,35,0.1208393737256645,0.3368535739020055,1.840875692772562,0.2645124512599301,0.5959504383367146,0.0437094412357438
qwen-3.5-flash,1,9b2668,desktop,51,-0.0901331962146214,0.1455315531895469,3.4495066496256737,-0.1356661726854252,0.4922379693073319,0.0793623911740764
qwen-3.5-flash,3,9b2668,desktop,42,-0.0255295902277511,0.1700389941129333,2.964148889257009,0.0983683702495125,0.5301190203285743,0.1138845554238551
qwen-3.5-flash,2,9b2668,desktop,53,-0.0411203569980793,0.1619939460219239,3.3510501982578846,-0.0008761789892795,0.5339415074522277,0.1047332948915643
qwen-3.5-flash,2,9952f0,poster,55,0.0096844406200721,0.0897707171031754,6.24630680630188,0.0330933076592931,0.4487235851465276,0.0164893287779235
qwen-3.5-flash,3,9952f0,poster,51,-0.0316799839629743,0.0711979930091354,7.441691617662319,-0.1973175083104942,0.2820082815528825,-0.0139357024891463
qwen-3.5-flash,1,9b3896,desktop,50,-0.0374147864456084,0.16324011554648,3.0977674922103904,-0.1084715158461298,0.521478552327072,-0.0514568942461873
qwen-3.5-flash,2,9b3896,desktop,125,-0.0694702869808298,0.1513869963117174,3.1085064924374555,-0.2346404934623181,0.443257154326667,-0.0442843103776215
qwen-3.5-flash,3,9b3896,desktop,45,-0.0622526082109682,0.1147345074968975,4.152785741077306,-0.2166327244745975,0.5437574103202322,-0.0431684452225114
qwen-3.5-flash,1,9952f0,poster,50,0.0853154507974918,0.1415839296775107,5.548258999552813,0.5825703966450274,0.5661284349291473,0.1060377722133286
qwen-3.5-flash,1,9b41e4,web,67,0.2663139197478518,0.2759412211201133,1.9054703248244464,0.79021464469602,0.7401286703106875,0.0968730623453181
qwen-3.5-flash,2,9b41e4,web,58,0.1962416544024051,0.2472067320226078,2.1169812023428207,0.4198613998602072,0.682139162728548,-0.0210399038138665
qwen-3.5-flash,3,9b41e4,web,62,0.2000031248431125,0.2400726489153168,2.0315685991744634,0.596883193819112,0.7127907249158033,0.0714736804446473
qwen-3.5-flash,1,9b4285,desktop,54,-0.099493851931927,0.1069268276994039,4.648488173513832,-0.3321215580747334,0.3896016171041969,-0.0754212117623158
qwen-3.5-flash,3,9b4285,desktop,54,0.1026497902602785,0.1738029738714875,2.9067851611936306,0.2701707894810663,0.5615650869492496,-0.0352714077659978
qwen-3.5-flash,2,9b4285,desktop,54,0.1026497902602785,0.1738029738714875,2.9067851611936306,0.2701707894810663,0.5615650869492496,-0.0352714077659978
qwen-3.5-flash,1,9b7610,web,30,0.0014576434705021,0.1685855006053818,3.091856166138701,-0.1206683202347527,0.5007334808041908,0.0080615782219349
qwen-3.5-flash,1,9ab8bc,poster,29,0.0199963607710103,0.1166988722400999,6.2228902127322945,0.0404960821164854,0.3178190245400057,0.0458241605816386
qwen-3.5-flash,2,9b7610,web,31,-0.0889932485450651,0.1388448507940683,3.672100608898369,-0.4120506245839106,0.4134623816944742,-0.1016450147286772
qwen-3.5-flash,3,9b7610,web,34,-0.0104513036801237,0.1610465817621124,3.2270639864020514,-0.1657987428617585,0.491596060495459,-0.0645632535593328
qwen-3.5-flash,3,9ab8bc,poster,30,0.0369200108918972,0.1260297648038583,5.878913501690619,0.1315961666030614,0.3670692371427827,0.0403902276879302
qwen-3.5-flash,1,9ba547,mobile,30,0.1075502802954086,0.261873975354975,4.254116384073626,0.8299969001481673,0.5906112045323366,-0.0169830818532488
qwen-3.5-flash,1,9bbfdf,desktop,52,0.3317624701723179,0.2413177195431597,1.7617923424238917,1.2804702417512095,0.8269872300423813,0.2250427546031368
qwen-3.5-flash,2,9bbfdf,desktop,30,0.3335004934098806,0.2135513058147964,1.9578968503244976,1.0822075975723702,0.7205313759013748,0.233559919553152
qwen-3.5-flash,3,9b3421,poster,52,0.1041576354315869,0.1941385886756177,5.082936108935535,0.2326774260761941,0.515977248104713,0.1088762844645686
qwen-3.5-flash,3,9bbfdf,desktop,30,0.3544567256994301,0.2215158456605716,1.862007053074505,1.164981274142808,0.7373342765281993,0.2394111543967417
qwen-3.5-flash,3,9ba547,mobile,13,0.1686505319804462,0.1483765773803798,6.869737223489867,1.0450666657119485,0.3702124813204868,0.0891930322641256
qwen-3.5-flash,2,9ba547,mobile,48,0.1171865144545142,0.1952271070284074,5.433509046411967,0.991733524424356,0.4856288039806106,0.0536793211003497
qwen-3.5-flash,2,9b3421,poster,30,0.0747678497112293,0.1375372080367823,6.074470601376399,-0.1689364729316723,0.3411138481011717,0.0718079394910341
qwen-3.5-flash,2,9ab8bc,poster,30,0.0353316149801058,0.1266970774392906,6.104420889266832,-0.0151598228664598,0.3885542974164476,0.0536730345417131
qwen-3.5-flash,1,9b3421,poster,30,0.1193379426260221,0.1532629047843139,5.795376628408915,0.3260140983797253,0.3691595484199772,0.1149700128149814
qwen-3.5-flash,2,9bf988,mobile,46,0.1750708152153483,0.2577396755639254,3.112570369291312,0.6744245517968227,0.5927001961193525,0.2631471411616241
qwen-3.5-flash,2,9cb812,web,19,-0.0108621751834168,0.1762603205462037,4.098837907444731,0.0933795748267761,0.5983825970046316,-0.0262298614838396
qwen-3.5-flash,1,9bf988,mobile,39,0.2128704583187979,0.2865210910067496,2.8982938407626144,0.8275694646237164,0.6219935255047341,0.2840040092521185
qwen-3.5-flash,1,9cb812,web,28,0.0076671479885472,0.1974562417207276,3.405012661786051,0.044816298786688,0.5929766220183559,-0.017250438276911
qwen-3.5-flash,1,9d1757,mobile,40,0.2044599142195489,0.2969444586458875,2.3763169674568987,0.4208113256148236,0.596274051306804,0.0552035828167351
qwen-3.5-flash,3,9bf988,mobile,35,0.3455121683191045,0.3228441493451401,2.704487283750211,1.3672397937847498,0.6450138616658686,0.3779752689852521
qwen-3.5-flash,2,9d1757,mobile,51,0.1714579527599126,0.2935194515106803,1.6470732313736705,0.2931636566692935,0.6196117660717274,0.04435086257053
qwen-3.5-flash,1,9c07ef,mobile,14,0.1049386180669878,0.2170073791169579,5.149779553491075,0.1836337870143969,0.5791286836313717,-0.0319660539680936
qwen-3.5-flash,3,9cb812,web,32,0.0394454949655941,0.2080638430457837,2.7900027983523135,0.2412859250540971,0.6349321474843058,-0.0021810106692631
qwen-3.5-flash,3,9d1757,mobile,49,0.1204257801018358,0.2579146454390163,2.5222325591572625,0.2485727036521205,0.575858068849905,-0.0651671338134999
qwen-3.5-flash,1,9d3bb4,mobile,30,0.1615789166243169,0.3146060924867309,2.2374808155655375,0.1966815429387774,0.5481405509310344,0.0132633199368327
qwen-3.5-flash,2,9c07ef,mobile,31,0.2178981281080912,0.3317544568848922,2.4164073475743866,0.4609602551341982,0.6393093442003398,0.1245684470845987
qwen-3.5-flash,3,9c07ef,mobile,33,0.1030524954996531,0.2796151355259667,3.6098019883625376,0.0368125816090353,0.5583079503804798,-0.0025303861708702
qwen-3.5-flash,2,9d3bb4,mobile,30,0.2184007143028188,0.3445044070709814,1.6813780265668012,0.3145260060132997,0.5997543641935169,0.0808909100443343
qwen-3.5-flash,3,9d3bb4,mobile,30,0.2227878464304922,0.3466783363180291,1.693279208157068,0.3805114764814837,0.5964001540182654,0.0626794038963317
qwen-3.5-flash,1,9d7510,web,37,0.2571888792176229,0.2957205053131677,2.366869163394969,0.6424266695102955,0.688451482260036,0.1711761508377746
qwen-3.5-flash,3,9d7510,web,40,0.2876135050316381,0.3082807449896536,2.164106642350392,0.7270631779467206,0.7047670234957325,0.1944834829430629
qwen-3.5-flash,2,9d7510,web,43,0.2580082290187472,0.2970923732915341,2.098593898367263,0.6242595642256301,0.6783039641882261,0.1698283999074201
qwen-3.5-flash,1,9dd93b,desktop,49,0.0060179918627427,0.1264337307754555,4.281480105820483,-0.0199043631675519,0.500645872958655,-0.0058747216057633
qwen-3.5-flash,2,9dd93b,desktop,52,-0.0167384507929333,0.1017088563828841,4.9175019093453525,-0.098118360112901,0.4928622083785139,-0.004924517898555
qwen-3.5-flash,3,9dd93b,desktop,69,-0.0619464286962788,0.0676027495876413,5.3654100701832474,-0.2100896180027507,0.5751225324863191,-0.0421072183053706
qwen-3.5-flash,1,9da4ef,poster,50,0.0938168179669889,0.2348074955647548,3.789105629128032,0.3894943273521566,0.6937630464608551,0.0520762476581165
qwen-3.5-flash,3,9da4ef,poster,50,0.1304574451538452,0.2792301343572754,3.826672012171187,0.3777142006656385,0.6345035690401102,0.0441789067351947
qwen-3.5-flash,3,9dd545,poster,35,0.0805876675255203,0.2160051171463349,3.851344077591874,0.0451686409312996,0.7153661480271172,0.0541754987288494
qwen-3.5-flash,2,9da4ef,poster,50,0.2514776622927759,0.3100159293696232,4.443207603586715,0.7868039627664809,0.5426696781446486,0.1532311452918908
qwen-3.5-flash,2,9dd545,poster,30,0.0437834818290051,0.1412380938526382,6.7110486279186565,-0.1229413142142301,0.4065317221849057,-0.074138966286254
qwen-3.5-flash,1,9dd545,poster,51,0.2216112662672801,0.3420260015277706,2.458495851075671,0.5474692342499787,0.7385585845878462,0.1348118038466198
qwen-3.5-flash,1,9e069d,poster,65,0.0384351513020014,0.198101386137959,2.576433610433595,0.2181906610132181,0.5689224635751897,0.0784156638420721
qwen-3.5-flash,3,9e069d,poster,30,0.1380624916239749,0.2333560291302108,2.7656855202324415,0.4185690634557436,0.6412393818759835,0.1057239993125697
qwen-3.5-flash,2,9e069d,poster,54,0.0052131445763347,0.1750834465676373,3.9397939062271146,0.0578437039521139,0.5010167799013681,0.0459133919156941
qwen-3.5-flash,1,9e3ef2,poster,51,0.3959854297896439,0.3121302240024725,4.8753678375171505,0.8172622521057097,0.5047876939806044,0.2481575360692053
qwen-3.5-flash,3,9e3ef2,poster,52,0.3861207449968761,0.310518794146518,4.88623855573207,0.7962230402230175,0.5044290402752815,0.2410301595420801
qwen-3.5-flash,2,9e3ef2,poster,53,0.097283752912229,0.1560128896100847,6.580005059854505,0.1720022735281627,0.393985374965496,0.1033679669850815
qwen-3.5-flash,1,9e3970,poster,16,0.1185161401991615,0.1750322493473453,5.898468636453013,0.2194521596112576,0.4922148699764191,0.1227272985333949
qwen-3.5-flash,2,9e3970,poster,16,0.1190937443700501,0.1770713750937725,5.886698903905145,0.361908379045573,0.484702996862152,0.1169627809158294
qwen-3.5-flash,1,9e5962,mobile,64,0.1198669637053655,0.3061423104547846,2.184573073055732,0.0139341828812215,0.5678139934661943,0.0887527735915813
qwen-3.5-flash,3,9e3970,poster,26,0.1199696998159519,0.2227610146792828,5.121132914335501,0.2536184498138086,0.5524587875011047,0.132214184947225
qwen-3.5-flash,3,9e5962,mobile,31,0.1187415115007976,0.2527549032078171,3.9963748264302743,0.2836797056448427,0.583431407751644,0.0738159815740258
qwen-3.5-flash,2,9e5962,mobile,53,0.2301099278197173,0.2992942828819878,3.5976240983832626,0.3732813285136255,0.6105788663992552,0.2277448940970432
qwen-3.5-flash,1,9e6898,desktop,68,0.3101318485457067,0.2908894451489159,3.9426408649794062,0.7511839952965269,0.5906109268737766,0.2878083876738188
qwen-3.5-flash,2,9e6898,desktop,67,0.3124221856781307,0.2941410680502563,3.941263639298452,0.7545104706637809,0.5917539886554999,0.2891442482220877
qwen-3.5-flash,3,9e6898,desktop,77,0.3068011647945587,0.2344437240940339,4.791538502698385,0.7635034935996292,0.5314735063669488,0.3366972928731668
qwen-3.5-flash,1,9e68c7,poster,51,0.0808246282216819,0.2214593503688093,1.9938323311092645,0.4320910799153641,0.6614290008869576,-0.0253579995513575
qwen-3.5-flash,2,9e68c7,poster,30,-0.0011607810473886,0.2092079400167902,2.5042454774318266,0.1853907325577798,0.5781892714877269,0.1163037110009594
qwen-3.5-flash,3,9e68c7,poster,36,0.1284730457640424,0.2388881817015841,1.964009564223857,0.5837412501803779,0.674782029925632,0.2067740961528155
qwen-3.5-flash,1,9e5e48,poster,30,0.147715370383643,0.2568487513235769,5.3269645399508905,0.2373323516116923,0.483008119997497,0.1177897104009017
qwen-3.5-flash,1,9ea1e5,desktop,49,0.389766655174131,0.383500377678535,1.719452061780699,1.3680057699967754,0.8507612534968404,0.2650300904684679
qwen-3.5-flash,2,9e5e48,poster,30,0.108209726666082,0.2495866137327281,5.310535367401153,0.104631344746737,0.4939711326874982,0.1041772648453099
qwen-3.5-flash,3,9e5e48,poster,30,0.0759941158631118,0.2449803444285897,4.528710276548457,-0.0022108614629716,0.5647010250265375,0.0296059763175272
qwen-3.5-flash,2,9ea1e5,desktop,55,0.3154988840754696,0.2988617651432779,2.015616451782153,1.1145705842514702,0.7976940367272105,0.2248942973997373
qwen-3.5-flash,3,9ea1e5,desktop,32,0.3283621690673139,0.3555247355579879,1.925099539867704,1.0721272494168457,0.8233560907436571,0.2021075500408078
qwen-3.5-flash,1,9eb11f,web,42,0.1092403735330675,0.2798274797527917,1.6591405867374485,0.1749481222977509,0.5583594377018011,0.0540169847366985
qwen-3.5-flash,1,9e8ff1,web,50,0.3379001382593829,0.3199677311822724,2.760234158962554,0.9438903100648,0.7471340250115212,0.2311137574228638
qwen-3.5-flash,2,9eb11f,web,49,0.1896579994026198,0.312221375108501,1.5319378838397233,0.2793446904351385,0.5766691846796481,0.1294547182142952
qwen-3.5-flash,3,9e8ff1,web,30,0.2192361761726026,0.297237183311525,2.5124374886072096,0.6336151142121245,0.734371448790365,0.1035758315950254
qwen-3.5-flash,2,9e8ff1,web,32,0.2980918086328979,0.3166168594915287,2.76299165999248,0.8102609907594586,0.7269936717054506,0.2294226671644445
qwen-3.5-flash,3,9eb11f,web,44,0.0914874706825578,0.2756769211792554,2.0872797906802156,0.1445088715767671,0.5593213406919926,0.0638694793117441
qwen-3.5-flash,1,9ec0f6,mobile,41,0.3220407582003814,0.3909539712092774,1.6936295911750223,0.7548252019237401,0.7067483579135064,0.2946977111148054
qwen-3.5-flash,2,9ec0f6,mobile,39,0.4171999839631485,0.4192264879902956,1.434270116921578,0.990072844660617,0.7426331640304639,0.364900128253516
qwen-3.5-flash,3,9ec0f6,mobile,41,0.3165624524636317,0.3922263002796141,1.6336352263525398,0.7322653201582577,0.7047229655613024,0.2637898445099553
qwen-3.5-flash,3,9efc81,web,48,-0.0011696694722986,0.1879889300975382,2.630561261650441,-0.0442855946119348,0.5023560141284931,-0.0902151372805277
qwen-3.5-flash,1,9efc81,web,54,-0.0815201460145941,0.1506143563463198,3.2283567209471697,-0.183765386050352,0.4293464888085786,-0.0843322812531575
qwen-3.5-flash,1,9e02bf,poster,49,-0.0561037949698656,0.0917570134234282,7.243974658944689,-0.3021408812595787,0.1406325180093432,-0.0565909311479709
qwen-3.5-flash,2,9efc81,web,40,-0.0390500234400291,0.1870782214433228,2.7512550354236662,-0.0107770276990964,0.5108906625548004,-0.188740589437897
qwen-3.5-flash,1,9efcf0,web,30,0.2471915340632602,0.2075049056391589,3.4672531953568666,0.9260541317569132,0.6779799475468378,0.11754366972192
qwen-3.5-flash,2,9efcf0,web,30,0.1869283712258835,0.1906464266561463,2.3134158709846884,0.71814352374316,0.7257880540527281,0.0499787308532098
qwen-3.5-flash,3,9efcf0,web,50,0.2128273105939042,0.2009077530425951,2.862107446685246,0.7135782914426444,0.6749833052842233,0.073525022355229
qwen-3.5-flash,2,9e02bf,poster,33,-0.007632667484477,0.0951964149856552,6.981541837013358,-0.2385207713734065,0.2475939363921962,-0.0273883160865899
qwen-3.5-flash,1,9f2268,poster,32,0.0461591574346383,0.2446012140563735,2.0976899269220204,0.1478622089592795,0.6238689103114272,0.0515307853769209
qwen-3.5-flash,3,9e02bf,poster,30,-0.0080584067854966,0.0961077515374122,7.040544986135229,-0.2450732848228928,0.2459528476185603,-0.0160202887327998
qwen-3.5-flash,2,9f2268,poster,34,0.0886812077467842,0.2715320773943864,1.9951336600238176,0.4338957108497955,0.6459156777398551,0.1123642361729751
qwen-3.5-flash,3,9f2268,poster,30,0.0468700629973383,0.2369640103579229,2.127023911859694,0.2058561171667264,0.6486038221778326,0.0753058205886699
qwen-3.5-flash,1,9f5081,web,52,0.0558196998841262,0.1827453154517853,3.569448985201711,0.3438017165334518,0.6040214460683677,0.072352473361744
qwen-3.5-flash,1,9f6fc9,poster,53,0.0096034834038716,0.3346521224847365,1.9014203309352464,-0.0462833874248232,0.4795424358884173,0.013503099894653
qwen-3.5-flash,2,9f6fc9,poster,51,-0.1299508454194299,0.2852739167512498,2.1325742692940226,-0.3493837931699305,0.3996003696807404,-0.0589620394238039
qwen-3.5-flash,3,9f6fc9,poster,50,-0.1926162084908454,0.2149733350020738,2.7343546320004823,-0.5197361205690001,0.3698420158721225,-0.0623548785251225
qwen-3.5-flash,2,9f5081,web,49,0.0013597814744753,0.154123042978442,3.8163740429587696,0.060695307667239,0.5550232294538316,0.0051447023226082
qwen-3.5-flash,3,9f5081,web,53,0.1557840005621056,0.2275040944564208,2.974437601798362,0.5887759021126606,0.6387970715675876,0.0936390221979249
qwen-3.5-flash,1,9f1d52,poster,30,0.2681544507651558,0.3341786949484865,4.235490619534295,0.62115712175353,0.5497287523109384,0.1422709902104086
qwen-3.5-flash,2,9f1d52,poster,30,0.160796315451689,0.2844210495797659,4.450894435680219,0.4311700695105286,0.5378929047857103,0.0657277078223182
qwen-3.5-flash,3,9f1d52,poster,49,0.2537078945447069,0.3149524945974444,4.590949207298009,0.6459001400600043,0.5393556589743664,0.1500526386826726
qwen-3.5-flash,1,9faf29,desktop,140,0.0553068981847235,0.2588355007399484,1.64351014716668,0.119320651321553,0.5187930248232375,0.0068911957143173
qwen-3.5-flash,2,9faf29,desktop,112,0.0714966330308611,0.2584132685203785,1.637426996480126,0.2378733969626563,0.5737329401945742,0.06229956992988
qwen-3.5-flash,3,9faf29,desktop,98,-0.0590107749717479,0.2397721431619584,1.8225265249470308,-0.0746285932767059,0.4637889517291637,-0.0510547943109502
qwen-3.5-flash,1,9fb0eb,desktop,33,0.0748510042657877,0.2749555149517972,2.2615145102125647,0.220481309616385,0.6275051257203197,0.0832407199623233
qwen-3.5-flash,2,9f7fe4,poster,52,0.1126574167842015,0.1232389251015508,4.345633947018743,0.4708771574127028,0.6522327975587657,0.0785227866641101
qwen-3.5-flash,1,9fad4b,mobile,7,0.5079255819215467,0.3281327981798513,4.16175658357613,1.0596674985448045,0.5879835754448705,0.4723697714512025
qwen-3.5-flash,2,9fb0eb,desktop,31,0.2066340485654641,0.344424202984056,1.7510782092335933,0.4500120141470992,0.6715216953622223,0.0910664449606115
qwen-3.5-flash,3,9fad4b,mobile,46,0.4883088690861424,0.3184027429654983,3.927214973576926,1.4930779004618748,0.5552140561319935,0.4047233590707338
qwen-3.5-flash,2,9fad4b,mobile,7,0.2117313815309024,0.2123569585001654,4.755639266867961,0.2905978958325964,0.5601530792040804,0.1559895054777488
qwen-3.5-flash,1,9f7fe4,poster,32,-0.0492621018162326,0.0217449189125492,8.727668053164734,-0.3139070486101131,0.459694518591739,-0.0523565617473285
qwen-3.5-flash,3,9fb0eb,desktop,33,0.0569850782605745,0.258813868062984,2.3529458063794446,0.1243251031902876,0.5674398796115475,0.1130150240223876
qwen-3.5-flash,1,9fce53,poster,30,0.183476476319752,0.3882914867446753,1.730887169051906,0.3438962984307905,0.6337724230235124,0.1178004322087408
qwen-3.5-flash,3,9f7fe4,poster,51,0.1318076287578195,0.1448665753826496,4.227862950996075,0.5167158713050217,0.6670482833685016,0.1175146499136453
qwen-3.5-flash,2,9fce53,poster,30,0.0964209233708985,0.3490085460663094,1.567574337055984,0.1362368888640028,0.5782198484930628,-0.0121926653881197
qwen-3.5-flash,3,9fce53,poster,30,0.1580561507638394,0.3707138542813051,1.8109244961658264,0.2574320878534545,0.6100010999794185,0.0635439488581385
qwen-3.5-flash,1,a03205,desktop,286,0.2010380712561708,0.2122209711647199,2.0211802244315233,1.0165394922882152,0.7463570171461791,0.1346869019599802
qwen-3.5-flash,2,a03205,desktop,30,0.1212510090334709,0.108631995271827,10.74382192651437,0.723148615846082,0.1425416042926234,0.0763665252955347
qwen-3.5-flash,3,a03205,desktop,37,0.3569229128317439,0.3198119400903441,3.195115862334821,1.706682035067176,0.7201216145682127,0.3342753210756376
qwen-3.5-flash,2,a04c36,desktop,30,-0.0512110950374939,0.0200415471163155,10.33433655248509,-0.169571583252553,0.2771163488311406,-0.1008044683358264
qwen-3.5-flash,3,a04c36,desktop,30,-0.0532677077483348,0.0195713115751635,10.343302229262031,-0.1759618300260944,0.2745006746612592,-0.1009468544290192
qwen-3.5-flash,1,a04c36,desktop,30,0.111609743918816,0.21529398612321,2.252771226070278,0.2620360510740932,0.6524201291921751,0.0047492936597987
qwen-3.5-flash,2,a05750,desktop,32,0.0516542362077831,0.2014743329072607,2.905199365473003,0.143661260525845,0.6121878389531625,0.0225735096927525
qwen-3.5-flash,3,a05750,desktop,50,-0.0832861850592926,0.1348632899075059,4.194552277036135,-0.2160737560184227,0.4881716663807657,0.0260858691367019
qwen-3.5-flash,1,a05750,desktop,51,0.3516489204785679,0.3534870461717623,1.788085745762073,0.8844048656231154,0.7412452426248872,0.1771862524131983
qwen-3.5-flash,1,a069b7,web,36,0.0394471817405352,0.2486299014192702,2.7997452795468267,0.0956807012488692,0.5735799753291904,-0.0164003099843887
qwen-3.5-flash,2,a069b7,web,35,0.0251813369025842,0.24409066203743,2.844577814342149,0.0601866395433936,0.5622358028722814,-0.0161698177620914
qwen-3.5-flash,3,a069b7,web,40,0.0222859425604872,0.2390391171360071,2.9373718546058134,0.030234968154263,0.5531973493017304,-0.029507188273092
qwen-3.5-flash,2,a0992a,desktop,30,0.1706843737464384,0.2042233665505612,6.314047270420305,0.6530377801446107,0.5102307179721745,0.1106531026444264
qwen-3.5-flash,3,a0992a,desktop,53,0.0996910858224381,0.1531999927154977,6.532051411778457,0.3618784881805948,0.487967172158578,0.0711300802982751
qwen-3.5-flash,1,a0992a,desktop,52,0.0207252688171987,0.0980714163597274,6.057617053697018,0.0220035644981643,0.4615303218801243,0.0692801763730497
qwen-3.5-flash,1,a05670,mobile,32,0.220652141692312,0.2069675276708453,2.62808375692724,0.3180069164039913,0.6425790408458126,0.167735317621047
qwen-3.5-flash,3,a05670,mobile,30,0.2521551546382815,0.2420195842954951,2.6185601349322765,0.3102620770564134,0.7107316040071082,0.1657961674474423
qwen-3.5-flash,2,a05670,mobile,37,0.2915861908593273,0.2302368657124187,2.059080612525301,0.9958164322153475,0.8501670800819605,0.2601489255082848
qwen-3.5-flash,2,a09cbe,desktop,52,0.3740900324663369,0.3484790659991602,1.445357473247834,1.07520574525198,0.7885166447633036,0.3641493795607131
qwen-3.5-flash,1,a09cbe,desktop,30,0.4879214099238358,0.4067341498983695,1.2101798717392829,1.6740447517503798,0.8395551087935117,0.4441344647853716
qwen-3.5-flash,3,a09cbe,desktop,30,0.4503453282746621,0.40174579597863,1.280384064492215,1.4374630817243783,0.8322526923640893,0.4131980978951022
qwen-3.5-flash,2,a077e7,poster,30,0.1182698182955528,0.1901505363335196,3.782200978006833,0.4152847595550232,0.6216210126476235,0.1652336223983036
qwen-3.5-flash,1,a077e7,poster,31,0.1135436881787699,0.2048859633329244,3.40792550626548,0.1534126867222052,0.6533213584596175,0.1203119147395611
qwen-3.5-flash,3,a077e7,poster,30,0.0392683295553754,0.1566657637914375,4.362919705900357,0.0246404505129412,0.582991262439452,0.1269138346872718
qwen-3.5-flash,1,a0e299,web,33,0.2420795270572524,0.2604635580360699,2.2104560279516248,0.7911718805850865,0.718778407930008,0.2139296652532931
qwen-3.5-flash,2,a0e299,web,33,0.287399870241746,0.2887450379297674,2.068347511638744,1.0024444635084084,0.7437197342984435,0.2638642360073555
qwen-3.5-flash,1,a0c0ff,poster,30,0.1634805169234796,0.2880135585273625,3.8350982389575137,0.5066671985769766,0.6836858341006099,0.113665553081785
qwen-3.5-flash,3,a0c0ff,poster,30,0.2095335613615332,0.2985472932461636,3.789625203586364,0.6500663764336535,0.6803285167448019,0.1439751925903501
qwen-3.5-flash,3,a0e299,web,45,0.2030643110058722,0.2374520092428779,2.079453692420782,0.5701541573628301,0.7040859766864963,0.1236361726640738
qwen-3.5-flash,2,a0c0ff,poster,30,0.1904435311688873,0.3050761191022951,3.771111194797116,0.572805916115354,0.6719963078933261,0.0942970824480071
qwen-3.5-flash,2,a0d2e5,poster,19,0.3104426668604677,0.3168576660981119,2.99214816719038,0.6828480675804309,0.6674385675309397,0.2045449869395222
qwen-3.5-flash,3,a0d2e5,poster,60,0.2081929478013285,0.2757517231304385,2.3887060640962714,0.4344764905445075,0.6287069691966328,0.0929656588757876
qwen-3.5-flash,1,a0d2e5,poster,30,0.2934591802087107,0.2910640606344379,3.105085906512304,0.4817138969339356,0.6339726325406922,0.2272519511656496
qwen-3.5-flash,1,a0f84b,mobile,41,0.0722596250339653,0.29336201610182,3.0060638854972215,-0.0457848669622832,0.5668531328400133,0.0347064942078802
qwen-3.5-flash,2,a0f84b,mobile,41,0.1350200480441246,0.3540287802498473,2.497069843658046,0.1576364173108913,0.6012619954081818,0.0895687093572356
qwen-3.5-flash,3,a0f84b,mobile,48,0.0962021102057695,0.3039786390684136,2.94363365519426,-0.0098185058747192,0.5745656431535741,0.0438735354763238
qwen-3.5-flash,1,a11833,mobile,30,0.100637882874498,0.2410498847719262,3.764695436739225,0.1388328014935075,0.5533583073247682,0.112695903499237
qwen-3.5-flash,3,a11833,mobile,23,0.1375662851437406,0.2520067220772523,3.869641492217089,0.2763006017338379,0.5694891335741116,0.1463833625532626
qwen-3.5-flash,1,a1379e,desktop,52,0.2710130264008068,0.2525118498316819,2.7846717292460412,1.0453073270036215,0.7623371614107377,0.2246338397982751
qwen-3.5-flash,2,a11833,mobile,29,0.1246703966950635,0.2472253611963197,3.728676154293878,0.1978014349509843,0.5654213406948035,0.1347093761251478
qwen-3.5-flash,2,a1379e,desktop,50,0.3468214531055679,0.2704711282588143,1.8580909556851823,1.1103331463066315,0.7470315795739205,0.3479417526155
qwen-3.5-flash,1,a128c8,poster,71,-0.0076413254363394,0.1640504287729681,4.65793117225467,-0.0775979612565916,0.4132816493661239,-0.250145676989681
qwen-3.5-flash,3,a128c8,poster,36,0.0410338380124915,0.1737401767682848,5.497681136354146,0.0563818499984528,0.4565411653794398,0.0097996665521419
qwen-3.5-flash,3,a1379e,desktop,50,0.3494400802910145,0.287170837065537,2.444483991892264,1.155089216508078,0.7713123669783782,0.3134827408556741
qwen-3.5-flash,2,a128c8,poster,30,-0.0466184178422067,0.1380690574634287,5.007082467057699,-0.3818083239782628,0.386586724562589,-0.1310554521000905
qwen-3.5-flash,1,a16835,poster,45,0.0603064552624169,0.1942541170824517,2.2509609428471773,0.111152839667342,0.5130330502347407,0.056091699573695
qwen-3.5-flash,2,a16835,poster,30,0.1376677284287793,0.2316440434090442,2.1966463070956093,0.410665565181525,0.6392186455078017,0.0754373054081692
qwen-3.5-flash,2,a15dc1,web,49,-0.0734432264387725,0.1795410208450055,3.4787781341607795,-0.1404119777187588,0.4480782375490025,-0.0154372548466721
qwen-3.5-flash,1,a15dc1,web,49,-0.0750512015063296,0.1776783894844534,3.4410589145060655,-0.1432102965852145,0.4542355339585545,-0.0126959800857317
qwen-3.5-flash,3,a16835,poster,45,0.0760374563627768,0.1973212648838084,2.225392632818407,0.1626566514781,0.5223091729184103,0.0650984579653859
qwen-3.5-flash,3,a15dc1,web,43,-0.1238682013580445,0.1555254515484092,5.081369314122979,-0.2378208822975809,0.3864137065317396,-0.0649073547959924
qwen-3.5-flash,2,a18b8d,poster,30,0.03611356035112,0.1447561436930199,6.027403044670522,0.0591035819135957,0.4925568322788235,0.0668321644378332
qwen-3.5-flash,1,a19d22,web,29,0.0206605331155819,0.2067054703689873,3.17480971482755,0.1257158559102012,0.5495566737837009,-0.0288094826370206
qwen-3.5-flash,1,a18b8d,poster,51,-0.0119688677652651,0.081170581372236,6.796817067725508,-0.0849572561379552,0.4817707039430405,0.0014688998733424
qwen-3.5-flash,2,a19d22,web,32,0.0199710450982251,0.2105800662360849,3.162054315781697,0.1083450058542694,0.5373195925209053,-0.0515484525458806
qwen-3.5-flash,3,a18b8d,poster,30,0.0375333148170553,0.1499692974243527,5.88606303537631,0.0518404046545001,0.4932028450993619,0.0504491745759897
qwen-3.5-flash,3,a19d22,web,29,0.0235028880587626,0.2074418384531936,3.1683645298921306,0.1344489661623912,0.550963303105666,-0.0289374500797429
qwen-3.5-flash,1,a25cde,desktop,30,0.0689727453773164,0.1597252894262166,4.296526764951171,0.0770443220497482,0.4739974378645124,0.1111634131624019
qwen-3.5-flash,3,a25cde,desktop,31,0.0815622950982878,0.1637548554859164,4.350792784930975,0.072686789427526,0.4336293055928195,0.1245205041401348
qwen-3.5-flash,2,a25cde,desktop,31,0.0815622950982878,0.1637548554859164,4.350792784930975,0.072686789427526,0.4336293055928195,0.1245205041401348
qwen-3.5-flash,2,a2d191,web,31,0.0374392818735394,0.1329124981402613,3.6604247379831945,-0.055949196171819,0.5336390079056993,0.039456058586134
qwen-3.5-flash,1,a2d191,web,33,0.120143835286889,0.1730580271277381,3.392443916105988,0.1672359868919725,0.5929564603508641,0.1234029680410466
qwen-3.5-flash,3,a2d191,web,33,0.1132614910657786,0.1695338629721008,3.3552017413551165,0.133971016738485,0.5834868611041244,0.1165910034183908
qwen-3.5-flash,3,a26a7d,poster,49,0.1256325178273675,0.3718568899317211,1.6371287330025552,0.10305500669315,0.5785954045068513,0.0449467582134686
qwen-3.5-flash,2,a26a7d,poster,70,0.2161340287923701,0.4246948597859726,1.2410632279878453,0.4886491278899761,0.6254908494955496,0.1204951411415173
qwen-3.5-flash,1,a26a7d,poster,68,0.1932878202056135,0.4124534903194454,1.2934325033544036,0.4547362071938605,0.6042985808106952,0.119991014222786
qwen-3.5-flash,1,a2da71,desktop,51,0.1649235972678059,0.2817435294062085,3.31785533629861,0.4891617328602345,0.6694630873767257,-0.0262683627404514
qwen-3.5-flash,3,a2da71,desktop,50,0.186294817867074,0.2922979656479749,3.3195345358646735,0.612198620119124,0.6727917820735079,0.0224270952657838
qwen-3.5-flash,2,a2da71,desktop,51,0.2048581643772754,0.2990351540834738,3.531928917518107,0.6521892381667443,0.6768596248800088,0.0322978167224155
qwen-3.5-flash,1,a33aac,web,35,0.0604026467178705,0.1457283981980047,2.906331495388462,0.3156691072434976,0.6139001681988729,0.0240590334719114
qwen-3.5-flash,2,a3d37d,web,44,0.0625632362225251,0.1786408166846488,4.121614140124419,0.1449592242424948,0.6121034475103919,-0.027962831200739
qwen-3.5-flash,3,a33aac,web,33,0.2352555857897675,0.199291470664084,2.0900424533948323,1.0343278201518422,0.7694921391092394,0.1470561637838895
qwen-3.5-flash,1,a3d37d,web,50,0.0363267639686951,0.1635041484477266,4.299669621721618,0.0813432933498018,0.5228825895294418,-0.0365210051312334
qwen-3.5-flash,2,a33aac,web,32,0.0618940415962748,0.147141398521866,3.1787762685877032,0.3123846979751842,0.5800300069267688,-0.0151805688794887
qwen-3.5-flash,3,a3d37d,web,40,0.128831725437873,0.2121192679375897,3.5279096747029097,0.4650401681997995,0.6753747553415401,0.0893744814427652
qwen-3.5-flash,2,a42ac8,desktop,50,0.0615178690561584,0.2435618928316244,2.13477132134488,0.2177958926673659,0.675817575527735,0.0442980575735785
qwen-3.5-flash,1,a42ac8,desktop,49,0.1581831667799644,0.2961133211005692,1.542040774740446,0.4968864078849918,0.6993586682778289,0.0585455852667575
qwen-3.5-flash,3,a42ac8,desktop,49,0.1582641510695795,0.2957386405596955,1.5315487753425086,0.4781848671973748,0.6939864496664512,0.078327836839354
qwen-3.5-flash,1,a3fb58,mobile,31,0.3470254903410172,0.3074110022531992,2.607419589991929,1.0632415494951504,0.6493106099111593,0.306668747733461
qwen-3.5-flash,2,a3fb58,mobile,47,0.19852778598961,0.3157088266478131,2.2035399289896933,0.5619934458714464,0.7169774102709563,0.1777006709956226
qwen-3.5-flash,3,a3fb58,mobile,37,0.3855116900404035,0.3280512988642691,2.351675781166931,1.1809685841576325,0.6654425002973136,0.3767907275547975
qwen-3.5-flash,1,a44696,web,43,-0.059352546913027,0.1264307185904943,4.444555156219394,-0.2242976120423125,0.3931267462112097,-0.086714002714208
qwen-3.5-flash,2,a44696,web,50,0.0197177494903345,0.1546907822149266,3.427689524801428,0.023464717198241,0.489703705521913,0.0161991990268906
qwen-3.5-flash,1,a42b4e,mobile,32,0.0623298833167871,0.2288829149921452,4.14950581357215,0.1670357950471936,0.4976684425623902,0.1322990274301279
qwen-3.5-flash,2,a42b4e,mobile,30,0.0261219168859559,0.2053802489547741,4.585301994691993,0.1339341860880183,0.4726339049469475,0.0933301749165698
qwen-3.5-flash,3,a42b4e,mobile,53,0.0191209336438842,0.2119961427441873,4.318381236509332,0.0247710645059467,0.4651871204104021,0.068206492849335
qwen-3.5-flash,3,a44696,web,47,-0.0521688109569596,0.1240851747097218,4.592280798143416,-0.1770265477115966,0.4042431813634898,-0.094028730892177
qwen-3.5-flash,1,a44943,web,30,0.1643456463701591,0.234628635689021,3.0222848640597237,0.4995288518671831,0.6234790080408319,0.2018201039885218
qwen-3.5-flash,2,a46e4b,desktop,35,0.1362626142714191,0.2574250434859466,2.076498409020753,0.4689939426582001,0.7223075898535997,0.0300220929545904
qwen-3.5-flash,1,a46e4b,desktop,51,0.1150990856958524,0.2582839871256183,2.1149182824965,0.5327515185429491,0.7637897234754556,-0.1545187760063928
qwen-3.5-flash,2,a44943,web,49,0.0466188394421503,0.1800794318577091,3.5357577911647904,0.1053280710086251,0.5271024543381069,0.1235797718403274
qwen-3.5-flash,3,a46e4b,desktop,50,0.1171981531243098,0.252379467560706,2.057685418003346,0.446442374002181,0.7284505638578471,-0.0110399984804337
qwen-3.5-flash,1,a2744a,poster,30,0.0818825299773018,0.1406280236364269,6.747074519797579,-0.1870945930498983,0.312663560398999,0.0687787791907201
qwen-3.5-flash,3,a44943,web,32,-0.0278851942513259,0.1431546443295879,3.894984567604171,-0.1099707291569442,0.4963378308763273,0.0402969717222078
qwen-3.5-flash,2,a2744a,poster,30,0.0708331217146438,0.1383046271877973,6.76243490696227,-0.0302646400296827,0.2776883236085235,0.0738250479715095
qwen-3.5-flash,1,a4ac9c,mobile,33,0.0156040703696277,0.2537809315174895,2.01924251852062,0.139251562031572,0.6062625278287671,0.0034054424778457
qwen-3.5-flash,3,a2744a,poster,36,0.0465072905361811,0.1287551166241873,6.793909211579004,-0.201251663366244,0.2584875566799016,0.0472608099538437
qwen-3.5-flash,2,a4ac9c,mobile,30,0.1118270193607522,0.2916898710131836,1.932795288387708,0.3282124471791008,0.6482229156992684,-0.1050544484166629
qwen-3.5-flash,3,a4ac9c,mobile,30,0.2327469258912385,0.3448929512381405,1.4498693939812712,0.6158723364578984,0.7135892017843243,-0.0212603913085215
qwen-3.5-flash,1,a4d2a8,mobile,28,0.2352020812426748,0.3567685340056159,1.3877957084921038,0.5817983303404439,0.701339292123637,0.1553767470570379
qwen-3.5-flash,2,a4d2a8,mobile,27,0.1313095035503682,0.3490478716490633,1.8475703228634135,0.3000923314615394,0.6201984019613799,-0.0210876872701312
qwen-3.5-flash,1,a4d155,web,35,0.1931276714699519,0.2543272802256155,2.3624055914702287,0.6257013859609268,0.730054312702041,0.1299846178289403
qwen-3.5-flash,3,a4d2a8,mobile,30,-0.0759211851594451,0.2055115894588609,3.7072339967003294,-0.2743813087837234,0.4606459363924148,-0.3270161868623745
qwen-3.5-flash,3,a4d155,web,32,0.1305146132959487,0.2358879769271516,2.821308274554349,0.40770927090253,0.7019554790252255,0.0614414436834586
qwen-3.5-flash,2,a4d155,web,31,0.2003569243378133,0.2518400021859522,2.632363545214952,0.6486622945180975,0.7277999338502787,0.1455641960316097
qwen-3.5-flash,2,a4eeef,web,49,-0.0324929296102443,0.1874965953920447,3.506834117776812,0.0085407174745688,0.5008424396717748,-0.0757519557674577
qwen-3.5-flash,1,a4eeef,web,31,0.0633953753812156,0.2398035338962855,3.1226229299704116,0.2508515014497232,0.5751100231177708,0.0482980983290232
qwen-3.5-flash,3,a4eeef,web,39,0.0625816822998209,0.2365660053262422,2.48535481343288,0.2892790555138988,0.5708014637726742,0.103546100030079
qwen-3.5-flash,1,a47405,poster,30,0.3150005513369494,0.342829270455541,2.8731818280458055,0.9879980062904712,0.799955085978617,0.3023900087277292
qwen-3.5-flash,2,a47405,poster,30,0.2254735918574469,0.281305840794338,5.466399775953435,0.7100670837492236,0.5217751953881423,0.222596783026506
qwen-3.5-flash,3,a47405,poster,30,0.3236724891705573,0.3573716538739238,2.8340466170242515,1.0100046452210758,0.8017837086148817,0.293131998890939
qwen-3.5-flash,1,a52e34,web,44,-0.006318724678015,0.1547864890608698,2.9809914366875843,-0.0443339537482156,0.5324229717783836,-0.0230295331879682
qwen-3.5-flash,2,a52e34,web,44,0.0301689941878497,0.1635167957758271,2.7541884504960095,0.0954784933180343,0.5627720861644965,0.0230637441424865
qwen-3.5-flash,3,a52e34,web,43,0.0414385709226581,0.168358844286426,2.7127814250332904,0.1163611408722364,0.5748818932944844,0.0278292611751657
qwen-3.5-flash,1,a4f49f,mobile,31,-0.015682556458865,0.1179816691200963,5.955097728864448,-0.2660399404549715,0.4659792230531401,-0.0616571341410911
qwen-3.5-flash,3,a4f49f,mobile,30,-0.0097175350690227,0.1071299373335733,6.7742159567182645,-0.1911843246234958,0.4037028334132301,-0.073166048589688
qwen-3.5-flash,2,a4f49f,mobile,10,-0.0242367025522304,0.0865868108191495,8.276151976136374,0.0777299329664506,0.4863648662413938,-0.0542046580550649
qwen-3.5-flash,1,a53761,poster,54,-0.1338888731363733,0.1268161069466262,6.186827979792198,-0.3607422505447854,0.3705669200972186,-0.1493043384113446
qwen-3.5-flash,1,a637f9,poster,50,0.238383558497376,0.1820198305244793,2.4554623455518856,1.091932523824765,0.744300971088906,0.270880381513476
qwen-3.5-flash,2,a53761,poster,30,-0.0455064606752863,0.1654323852295542,5.421800989180255,-0.1191250993912853,0.4447868349956302,-0.0723604091597199
qwen-3.5-flash,2,a637f9,poster,51,0.2529948898793955,0.183916985241584,2.100698165034519,1.221467090840339,0.7865377361327419,0.278427010577449
qwen-3.5-flash,3,a637f9,poster,50,0.1775525944675915,0.1586308703333598,2.6270150124667824,0.8054865514443758,0.7111194728943964,0.2269935771996145
qwen-3.5-flash,3,a53761,poster,30,-0.066860308565485,0.1543853541487891,5.874915637196861,-0.2173998089333005,0.4107520970417643,-0.0880120807634886
qwen-3.5-flash,2,a6b429,poster,32,0.0185860623443632,0.1870068914562545,2.654194630700958,-0.2611039037557656,0.4386560181234485,-0.0402525955826748
qwen-3.5-flash,1,a6b429,poster,31,-0.0197445772354163,0.1605693958375597,2.7152876585402854,-0.0613724930325607,0.4539036914997202,-0.0233504326670611
qwen-3.5-flash,3,a6b429,poster,30,-0.0027530782918927,0.1701706567849099,2.8505318558614565,-0.1726029069573592,0.4059902384467294,0.0056441599504373
qwen-3.5-flash,1,a64332,mobile,30,0.1740414784938069,0.3341020617432352,3.172610537222871,0.5115116209429563,0.6664801710093623,0.1112230540183361
qwen-3.5-flash,2,a64332,mobile,30,0.1049456615355615,0.2948321139233704,4.107498041480653,0.3782295633474672,0.5576221629237428,0.0740577020080617
qwen-3.5-flash,3,a64332,mobile,30,0.1191646763636382,0.2847244239197635,3.972320975221867,0.359938931830499,0.606003919737214,0.0385159877564296
qwen-3.5-flash,1,a69a78,mobile,33,-0.007938927181537,0.2528899285073178,3.3878392521281513,-0.1817779398954905,0.5347665038631921,-0.1118183562933051
qwen-3.5-flash,3,a69a78,mobile,30,-0.0481894193895598,0.2035249063877515,4.922203176482902,-0.2960916386989934,0.390362723387032,-0.0749306026760772
qwen-3.5-flash,2,a69a78,mobile,33,-0.0583182831606933,0.2104682028340439,4.78061220430999,-0.3004126781379821,0.4112733976873476,-0.0743149281534802
qwen-3.5-flash,1,a752c9,desktop,55,0.183538984195619,0.2184250832033557,3.0033754377577075,0.6183077652123277,0.7091938508406834,0.1878058892144078
qwen-3.5-flash,2,a752c9,desktop,29,0.0314870624947499,0.1476754977252322,3.880611396152035,0.1164750287609041,0.6777158434042418,-0.019189211345816
qwen-3.5-flash,3,a6c640,mobile,15,0.1711763736582277,0.2649008601040889,4.421166488293352,0.3762282454443124,0.5958845535890125,0.1896956348681
qwen-3.5-flash,3,a752c9,desktop,33,0.0505274954854407,0.1513114197518776,3.8787149536136902,0.2162495573014712,0.6653118493753649,0.0445662954986575
qwen-3.5-flash,1,a6c640,mobile,34,0.1279188671084518,0.2799595603223707,4.130892139712443,0.5757617777801047,0.5725989018743196,0.1104530687544786
qwen-3.5-flash,1,a6f08e,mobile,54,0.0973193170029889,0.2132393478650136,6.088389866931597,0.482921887427784,0.3465854138374915,0.0031042505922824
qwen-3.5-flash,2,a6c640,mobile,30,0.1272688587486725,0.2875266676741537,3.4528334101425395,0.3322385845959625,0.5644333253532956,0.0892727777975652
qwen-3.5-flash,1,a76ed6,web,28,0.2605390991387153,0.3257197203127768,2.103008853597614,0.5345020096657799,0.6515539365299001,0.0270030240513734
qwen-3.5-flash,2,a6f08e,mobile,30,0.1629963749022412,0.3013601272923421,3.516352523631049,0.8383843084819526,0.6156571762870477,0.0565585054293081
qwen-3.5-flash,2,a76ed6,web,29,0.2704401820748104,0.3279643263610256,2.1384133445531317,0.5041023267471348,0.6459454440344459,0.0382310973579974
qwen-3.5-flash,3,a6f08e,mobile,29,0.1922661421801695,0.3109923759435382,4.125094973224815,0.6652345221908039,0.5086326528416855,0.0779396019873445
qwen-3.5-flash,3,a76ed6,web,31,0.2973177148221617,0.3453182997952426,2.0564642187526316,0.5993575792884165,0.6595301370681942,0.0459792276040092
qwen-3.5-flash,1,a78deb,web,48,0.303627173338768,0.3284549492689949,1.8207100558462104,0.949154130218698,0.7722050784559412,0.2483198957894449
qwen-3.5-flash,3,a78deb,web,48,0.2653620246368463,0.2816595610101375,1.8234454915226108,0.8219134067521305,0.7157357185624075,0.2118914807308694
qwen-3.5-flash,2,a78deb,web,54,0.2361311003574678,0.3006807572868564,1.8407562333661256,0.6993917799277153,0.7325207582604606,0.1869177443297711
qwen-3.5-flash,1,a7789f,web,42,0.1281968312330378,0.1849656390141975,3.6402592484515353,0.3486010560468554,0.7061577015470039,0.0542494945139802
qwen-3.5-flash,2,a7789f,web,52,0.1059894930361982,0.1761875770502402,3.5862666770739384,0.4937645931799498,0.725351088153862,0.0036193463395657
qwen-3.5-flash,3,a7789f,web,51,0.1220390878420193,0.1711440095655332,3.753347532594588,0.3970277645421673,0.6317527255808939,0.0329021091276841
qwen-3.5-flash,2,a77bd5,mobile,52,0.0721337942007305,0.1832536733653227,5.762571724006836,0.1504284468847373,0.4991947547169701,0.0759088745378546
qwen-3.5-flash,1,a77bd5,mobile,52,0.137600138026028,0.2421702838670423,4.330057296317472,0.2171683284116588,0.5781812275106502,0.1154960416883058
qwen-3.5-flash,3,a77bd5,mobile,51,0.0070243903219871,0.1604577275480329,6.033821818954925,0.0581728181492812,0.4420039620329029,0.0487753639740491
qwen-3.5-flash,1,a7aa57,poster,51,-0.0726611167543844,0.1487631675512092,2.4035717625065596,-0.1707441517253728,0.4696826593184395,0.095971772745619
qwen-3.5-flash,2,a7aa57,poster,30,0.0343494939873354,0.1413102104001104,2.72300045003945,0.0516427170358504,0.5081105689461903,0.2126249622633686
qwen-3.5-flash,3,a7aa57,poster,50,-0.0935409324039217,0.109430173095008,2.9048550462125196,-0.2975263972030689,0.4244850110905885,0.1081893211111231
qwen-3.5-flash,1,a7a074,web,50,0.0217030437160716,0.1008810218859034,6.049298918434706,-0.0139807633280643,0.432299947715291,0.0622431627016695
qwen-3.5-flash,1,a7a9da,desktop,49,0.2728872747971518,0.1651964334906762,2.544716475372076,1.0622038952693176,0.7119135814286471,0.2029411594828835
qwen-3.5-flash,3,a7a074,web,31,0.0434251771180147,0.1118255868408565,5.165238762138303,0.0527850734626148,0.4919439695400614,0.0436537461558865
qwen-3.5-flash,2,a7a074,web,30,0.1686820309722639,0.1716394497797485,3.529606450110155,0.5236981545927665,0.6165673665413005,0.1147786546818328
qwen-3.5-flash,1,a7ac1b,desktop,36,0.3792308725780385,0.3473241162784731,1.361521738617932,1.1531400614821234,0.812533809979843,0.2710399070142699
qwen-3.5-flash,2,a7ac1b,desktop,30,0.4075464557462884,0.357528596246054,1.3056008478959926,1.245842870772291,0.7990395277197178,0.295380711092634
qwen-3.5-flash,2,a7a9da,desktop,51,0.2553676837081044,0.1690655450275102,2.2327401524415067,1.1119701338235042,0.7615778237453712,0.2050524726561385
qwen-3.5-flash,3,a7ac1b,desktop,36,0.389957746874232,0.3611263701885389,1.4429755454671471,1.0928493594338324,0.7817521193685684,0.2928955235101007
qwen-3.5-flash,3,a7a9da,desktop,54,0.3003075131573167,0.1718345105224765,2.3013246174024697,1.2537342189961465,0.7395290183320361,0.2297898884907423
qwen-3.5-flash,2,a7f12f,poster,136,0.1324227721381356,0.1901737193599722,4.110553571911037,0.4213660028291001,0.579042912824639,0.0258605943890924
qwen-3.5-flash,1,a7f12f,poster,52,0.2004236781839973,0.2623120301080253,2.1256659480006164,0.5904489681056406,0.6704223561168986,0.088409381350067
qwen-3.5-flash,3,a7f12f,poster,51,0.084852796605254,0.1652690709602199,4.7997880912497966,0.2793281368853837,0.5304799817180145,0.0530152011739522
qwen-3.5-flash,1,a7c035,poster,52,0.0376133097554568,0.2093608928194522,3.704597465334576,0.1635366999062463,0.5663689512086574,0.0431847138179091
qwen-3.5-flash,2,a7c035,poster,36,0.0922205534767601,0.2487730635241764,2.4484014901753506,0.413270254068565,0.6845230504399408,0.1111825844292605
qwen-3.5-flash,1,a7f467,poster,34,0.2976899315976522,0.3698787893274483,1.6671275346412104,0.753242210981821,0.628177381614613,-0.0349974285619563
qwen-3.5-flash,2,a7f467,poster,32,0.294513238575271,0.3707376310588713,1.594261728755226,0.6916453957692099,0.6403582391375298,-0.0440126961973863
qwen-3.5-flash,3,a7c035,poster,30,0.0927959870927234,0.2476421804094942,2.3377227038417567,0.4322790744448244,0.6935284302527263,0.1093273366691107
qwen-3.5-flash,2,a7c147,web,37,-0.0379457007175835,0.1712892103625117,3.780436326941692,0.0113367740578242,0.4980374383782163,-0.0270931158758637
qwen-3.5-flash,3,a7f467,poster,33,0.0235349237417713,0.2652413972791212,3.2648601504503016,0.1430597245727643,0.544431527110876,-0.0584254292002657
qwen-3.5-flash,3,a7c147,web,35,0.0074888729823097,0.1852092280531319,3.9309613166826702,0.1184364644855304,0.5361978257570035,0.0099477355614163
qwen-3.5-flash,1,a7c147,web,36,0.0174465436880641,0.2039334529601899,2.9021772461948423,0.1712468930070413,0.5795469168997608,-0.0048484470307215
qwen-3.5-flash,1,a85808,desktop,50,0.0611560944375233,0.1665035636753364,2.769602528995392,0.2456936089199531,0.7029963181948566,0.0416274061531154
qwen-3.5-flash,2,a85808,desktop,52,-0.0055866312017243,0.1226480977161457,3.278167140614013,-0.0719632939017272,0.6544590617217888,-0.0593339674906257
qwen-3.5-flash,3,a85808,desktop,43,0.0226565057309982,0.1403293852048383,3.1132047496698223,0.0857293796557241,0.5759450335807953,0.02619193718934
qwen-3.5-flash,1,a80be1,mobile,51,-0.0820899596639812,0.1603540793430385,6.139814945231697,-0.0014877968046805,0.4078957258710279,-0.2227312656990217
qwen-3.5-flash,2,a80be1,mobile,33,-0.155946063650382,0.1252549764989078,7.128415737499715,-0.2174429563888978,0.2768722537727714,-0.2092406301819477
qwen-3.5-flash,3,a80be1,mobile,39,-0.191962300625307,0.1179928148647476,7.189803876104591,-0.2825434640884471,0.2601055680345968,-0.2178635248222627
qwen-3.5-flash,2,a87d4f,poster,30,0.1271593049022068,0.1975081540528644,4.660873356507004,0.4222915889277688,0.4761758402517646,0.121454746642273
qwen-3.5-flash,1,a87d4f,poster,50,0.0068123565875053,0.1468106360632045,5.042892798943125,-0.1371515358412094,0.432387494503251,0.0505535738814931
qwen-3.5-flash,3,a87d4f,poster,53,0.1123336581285519,0.1723258293559108,4.992162953016288,0.1480922584397981,0.449447480818203,0.0977023245723616
qwen-3.5-flash,3,a886c5,mobile,51,0.1850825380401877,0.2053663015953236,5.643477501364319,0.7947887359635473,0.6254901515586737,0.1703024541458079
qwen-3.5-flash,1,a886c5,mobile,31,0.3802479869842423,0.2509119592934388,5.4204873162582,1.2353258638235258,0.6473374000233212,0.3667225416010522
qwen-3.5-flash,2,a886c5,mobile,12,0.2070114829981218,0.2103664301578493,5.518976808826689,1.1554030921784255,0.6449218397640291,0.1890065289260085
qwen-3.5-flash,1,a8a8fd,web,31,0.0535050060717998,0.20833009980091,3.938632472707617,0.2312178340541204,0.5809049960284538,0.0909071911215008
qwen-3.5-flash,2,a8a8fd,web,33,0.0462678592036926,0.1972933816537155,4.017378414182777,0.2375201541211836,0.5620532473962548,0.1097211310585922
qwen-3.5-flash,3,a8a8fd,web,52,0.0586071273874162,0.2360236991050846,3.105050578201511,0.2246923744747489,0.5713125010038069,0.0679992730531732
qwen-3.5-flash,1,a8f275,web,15,0.1918076821178156,0.2194637291127224,3.57177774567556,0.5057034917796823,0.6224369067282974,0.1795696594404263
qwen-3.5-flash,2,a8f275,web,50,0.165401462571313,0.2171377015042738,3.612252302962436,0.4335667875112121,0.6095235418288457,0.1659790630175309
qwen-3.5-flash,3,a8f275,web,51,0.3036636378962526,0.2816182187289966,3.539527901701272,0.8707836119337162,0.6348586510680346,0.2817461853211582
qwen-3.5-flash,1,a8e85c,mobile,30,-0.032803617350218,0.1097642820606658,6.453290711848829,-0.2567328404553458,0.5756567352656625,-0.0401853128827895
qwen-3.5-flash,2,a8f62a,poster,35,0.1816615732532017,0.2970456551076698,2.417696194802613,0.3352040665524707,0.5904867223147637,0.0902479545679843
qwen-3.5-flash,1,a8f62a,poster,34,0.1968263021837031,0.3005112791373789,2.508473758549732,0.368643741277357,0.587563446987839,0.1052121661349594
qwen-3.5-flash,2,a8e85c,mobile,30,0.0239950508486469,0.1706450443354547,4.182293069982994,0.0429962622712122,0.6212996685680767,-0.0024922880435612
qwen-3.5-flash,3,a8f62a,poster,34,0.1921606648313879,0.2992554829676544,2.301993360144897,0.3544836605015502,0.5870310985413478,0.1071926153459155
qwen-3.5-flash,3,a8e85c,mobile,32,-0.0041040657440685,0.1302867234435899,6.243887338580066,-0.1320333498148538,0.5947483549740339,-0.0160977107777898
qwen-3.5-flash,1,a91f25,web,37,0.1193901356634153,0.2055208988079194,2.360033581868235,0.1775454563893307,0.655003637908528,0.0675918114901329
qwen-3.5-flash,1,a93c69,poster,33,0.0123195299229807,0.3065722190632571,3.298825979017756,-0.0797987240419652,0.4889676681348863,0.0307201638815702
qwen-3.5-flash,2,a91f25,web,39,0.1820838874357488,0.2302961397971764,2.1198922021528506,0.3344599636610203,0.6725339342025196,0.1070534184789706
qwen-3.5-flash,1,a965f4,poster,36,-0.050806926350675,0.2791522037636807,2.62038584565107,-0.0685676676299994,0.478031228486829,-0.041738195792982
qwen-3.5-flash,3,a91f25,web,49,0.1285377849278993,0.2068471289364467,2.24165649785633,0.1825491747246455,0.6585015908365045,0.0835010423997834
qwen-3.5-flash,2,a93c69,poster,30,0.1859294074261973,0.370743147537185,2.473628989384599,0.3173309911857806,0.5428882037095384,0.1268135064765966
qwen-3.5-flash,3,a965f4,poster,37,-0.0583737597680903,0.2736347589502412,2.6264252456940604,-0.0810574968725097,0.4728502807141392,-0.0578917983039062
qwen-3.5-flash,3,a93c69,poster,28,0.0735567967215746,0.3230563922180732,3.2186279859343374,0.1229346188540827,0.5205713859415411,0.0480203507675823
qwen-3.5-flash,2,a965f4,poster,36,-0.0451525783235472,0.2810574701020241,2.5807825349682303,-0.0352705706981909,0.4785568126721387,-0.0301156202103006
qwen-3.5-flash,1,a9793b,web,73,0.0586627644462636,0.1744561808200091,2.888232753330094,0.0908417520956274,0.5608388940566051,0.0382346332919277
qwen-3.5-flash,2,a9ccfc,desktop,51,0.0471795522078266,0.164724102120203,5.746099575204484,0.1262415372551693,0.4807500173547019,0.0454399513103556
qwen-3.5-flash,3,a9ccfc,desktop,52,0.0468751342972429,0.1652290018130409,5.69785611019098,0.1232438503471835,0.4810678775811287,0.0448468739465538
qwen-3.5-flash,1,a9ccfc,desktop,52,0.0316455697275439,0.1472302795483583,5.96195838482916,0.0880269556826655,0.4565740462175731,0.0373546916342758
qwen-3.5-flash,2,a9793b,web,31,0.2906162242197663,0.2701715143441979,2.334483809295499,0.7506918975916055,0.6661263524005661,0.2719652902808456
qwen-3.5-flash,2,aa063a,web,42,0.2480312372358789,0.2406044106103018,2.031121805726071,0.877562664198173,0.7183382672714013,0.2098470671181733
qwen-3.5-flash,3,aa063a,web,33,0.2714836253121624,0.2692344106713914,2.232961776168631,0.9810643736150502,0.7597686246708429,0.1946830340585316
qwen-3.5-flash,1,aa24d4,web,53,-0.0359996384253535,0.2211316774375893,2.569916638679687,-0.1668934247098232,0.4877521970265968,-0.1303899835505983
qwen-3.5-flash,3,a9793b,web,32,0.3579598397850848,0.3026314976007491,2.0528908790860028,0.9586906954192176,0.7218471534377758,0.3428125318660487
qwen-3.5-flash,1,aa063a,web,37,0.3524475129779513,0.2934329138152152,2.084012705858764,1.3769367226289355,0.7803074149855126,0.2953939692659483
qwen-3.5-flash,2,aa24d4,web,60,-0.0666477093681111,0.2141570860146998,2.5394324961435535,-0.2189572499885696,0.4640193198157525,-0.1213498482414838
qwen-3.5-flash,3,aa24d4,web,48,0.048730883686659,0.2512099694970791,2.2496679309858294,-0.0019462536705709,0.5143593581833292,-0.043024398827043
qwen-3.5-flash,1,aa635a,mobile,30,0.1390966242390099,0.307630369570878,2.836822679352679,0.1757956630944266,0.5966781900107057,-0.0404879976325909
qwen-3.5-flash,1,aabc06,poster,63,0.1707228161678087,0.2262096004563258,5.432538448188055,0.7183815778351985,0.5543234794507621,0.1303938194679455
qwen-3.5-flash,2,aabc06,poster,51,0.150924893727926,0.2436722623769638,4.2437923900594,0.7111469715905749,0.6311761801403428,0.1202415788159604
qwen-3.5-flash,3,aa635a,mobile,30,0.2118793094344458,0.337905466307439,2.4536752488361007,0.2411713932502111,0.6227420575039946,0.0426416760284629
qwen-3.5-flash,3,aabc06,poster,56,0.2341447288572564,0.2666715916810958,5.077744503432213,0.964001391168879,0.6052800140638035,0.1957120252060111
qwen-3.5-flash,1,aa6f23,mobile,51,0.1619840470937615,0.2729727539314723,4.140390900664822,0.1473944657172654,0.5062120977108246,0.0995043048291604
qwen-3.5-flash,2,aa635a,mobile,30,0.0817894984214203,0.2444607212012881,3.8996924795907817,0.0567671690002779,0.5182392050963013,0.0469058075532749
qwen-3.5-flash,3,aa6f23,mobile,13,0.1872281812881203,0.2520925249369538,4.649788945348156,0.154034568545058,0.4632597889642539,0.1504957201462035
qwen-3.5-flash,2,aa6f23,mobile,49,0.1566972911419496,0.2989507495469332,3.1752087018870485,0.1959985254018286,0.6037260463893358,0.0981270726702566
qwen-3.5-flash,2,aac5d7,desktop,30,0.4204113762297236,0.3137884655776867,1.719591724595603,1.5909694649921853,0.7827216002481929,0.4378391234896973
qwen-3.5-flash,1,aac5d7,desktop,30,0.5341697105621647,0.3861735417122554,1.364983117057379,1.8742305315017924,0.8391515872736139,0.5381981626415419
qwen-3.5-flash,3,aac5d7,desktop,48,0.5765092835481376,0.3985694676434669,1.2571373389089786,1.987532712365583,0.8409227506662106,0.5602996259203875
qwen-3.5-flash,1,aac976,desktop,30,0.038627146437049,0.2155842086892054,5.9757049142855525,0.3312680601779912,0.5679373427293225,-0.062774545495323
qwen-3.5-flash,2,aac976,desktop,32,0.119184514060952,0.2654230316528911,2.449829732828741,0.5712152380641786,0.7387479496760394,-0.0050584699703321
qwen-3.5-flash,3,aac976,desktop,32,0.1523016743673534,0.2866876066394352,2.195168255795651,0.7074436173897254,0.7427582930912439,-0.0905768319945187
qwen-3.5-flash,1,ab09c3,desktop,54,0.421940972806369,0.2622066306403462,2.590688310613644,1.3002107005597323,0.7009342410749704,0.3741233825365264
qwen-3.5-flash,2,ab09c3,desktop,33,0.0685747251907375,0.1394824308293793,3.457978474708937,0.1061256609041791,0.5635463003863578,0.1171065902551656
qwen-3.5-flash,1,ab2461,poster,51,0.2405304707043881,0.2622695639450444,1.7403544240233728,0.6788613799462349,0.6840732770234607,0.1371582694293138
qwen-3.5-flash,2,ab2461,poster,41,0.1762636875711798,0.2602697151753429,1.8335974223175695,0.494765683116359,0.6372915208722272,0.1249329049899792
qwen-3.5-flash,3,ab09c3,desktop,46,-0.02792144528437,0.1072656462105629,3.7008685926675065,-0.1658773257804996,0.539089147505563,0.0679724952445103
qwen-3.5-flash,3,ab2461,poster,49,-0.0466408267774299,0.1889201020480245,2.245015308851666,-0.1477373443667,0.4740177814773886,0.0710993284110965
qwen-3.5-flash,1,ab0c83,poster,36,0.0169404427403143,0.233724939156123,3.5051022928675097,0.2545526570890528,0.5319609639134806,-0.0577062246059071
qwen-3.5-flash,2,ab0c83,poster,51,0.0764968408012847,0.2704988450542879,3.3154717860896405,0.2830084907255616,0.5761537927103235,-0.0869802056207383
qwen-3.5-flash,3,ab0c83,poster,32,-0.0079499303033219,0.2259648818076089,3.3895704397681414,-0.0791012644113584,0.5460797892726272,-0.0634423815224622
qwen-3.5-flash,2,aac709,mobile,63,0.0173310277805558,0.2038926913797109,4.2241665176489995,-0.0292571978131817,0.5265166409230411,-0.0274851592328415
qwen-3.5-flash,3,aac709,mobile,52,-0.0029350865187333,0.1834650753181276,5.153364114534164,-0.0720471481058344,0.4334533556802837,-0.1062056417401818
qwen-3.5-flash,1,aac709,mobile,53,0.1414542757337974,0.2600711241820365,4.382781112868125,0.3547120748966872,0.5867758210550921,0.0523337200125435
qwen-3.5-flash,1,ab4eb4,web,57,0.1014748154466224,0.2630392229701395,1.932827456493886,0.3122887009187088,0.5896670629749162,0.0992512256910828
qwen-3.5-flash,2,ab4eb4,web,36,-0.0125169441841664,0.198640367910555,3.410490196411128,-0.0057013851047452,0.5338244181636507,-0.0003522120283173
qwen-3.5-flash,3,ab4eb4,web,80,0.1762297779523635,0.2466050357439405,4.033190109130862,0.5033980270083444,0.5640512229153547,0.2130843372467303
qwen-3.5-flash,2,ab32c7,poster,30,0.0853574931270549,0.1719384132612311,6.301886940784182,0.2678186405009909,0.5176311485778056,0.0650578826813622
qwen-3.5-flash,1,ab4d1f,mobile,49,0.1805217041514418,0.2658499774761127,2.793906876993618,0.6309263492542744,0.6312036984724544,0.1273214213168385
qwen-3.5-flash,2,ab4d1f,mobile,70,0.3635726914880632,0.3759958778028241,2.522537049294017,1.2540789799007128,0.693588942879688,0.1966006634634155
qwen-3.5-flash,3,ab4d1f,mobile,33,0.2499266961133575,0.3100594367026918,2.5707438579341693,0.7051305893766785,0.6255450572768032,0.1673112444981269
qwen-3.5-flash,1,ab56ac,poster,29,0.1955076204056658,0.3142240985065997,1.703144944836821,0.3212578732570474,0.6411057225222008,0.1062070453717261
qwen-3.5-flash,1,ab32c7,poster,50,0.2616066280350663,0.2653131804042562,4.006126882829563,0.7356720013297151,0.6993573986397615,0.2394985090504721
qwen-3.5-flash,3,ab32c7,poster,30,0.0853574931270549,0.1719384132612311,6.301886940784182,0.2678186405009909,0.5176311485778056,0.0650578826813622
qwen-3.5-flash,2,ab56ac,poster,38,0.1640143195202315,0.3056812968360004,1.7681679688244294,0.2786995912202133,0.6129130010787762,0.0608242179989541
qwen-3.5-flash,3,ab56ac,poster,29,0.2444049961367452,0.3310646358663438,1.6453867187780733,0.5428318695818047,0.6616330494204209,0.1467946730212335
qwen-3.5-flash,2,ab791d,poster,30,-0.0593825328109269,0.3089134254755296,3.0595148326279986,-0.1765026483890576,0.4406654323461242,-0.254224805155559
qwen-3.5-flash,1,ab87f5,web,85,0.4379944938865961,0.3492766362136802,1.8976348091020008,1.8458288481750664,0.905965574518598,0.411747799372373
qwen-3.5-flash,1,ab791d,poster,31,-0.1324201791299766,0.2377497317202178,4.271655428255407,-0.261070816912883,0.404905701318615,-0.0236721130294716
qwen-3.5-flash,3,ab791d,poster,30,-0.0477036762569261,0.3080058709891348,3.1218090854347795,-0.2149930058099084,0.4326276550190893,-0.1010119100302383
qwen-3.5-flash,2,ab87f5,web,72,0.03064539033786,0.1093116266463532,5.519948240037201,0.3548930996848168,0.6546487434065917,0.0157484052287405
qwen-3.5-flash,3,ab87f5,web,30,0.5347273087346779,0.3836023424812056,1.6038488727236984,2.33633096224721,0.8909943960654705,0.5159308797568766
qwen-3.5-flash,2,ab9e2a,desktop,50,0.3988046532962336,0.2901559315712606,1.5953020149433383,1.7964390408206845,0.8666395555315075,0.3321168566298687
qwen-3.5-flash,1,ab9e2a,desktop,49,0.4230377066176742,0.2933958055956848,1.6052471563708737,2.0374137056682105,0.875894100396097,0.3719062622989424
qwen-3.5-flash,3,ab9e2a,desktop,46,0.3253170686175977,0.2310769751460593,2.420431449265586,1.563616305423157,0.7912192255285512,0.2768015591417389
qwen-3.5-flash,1,ab7961,mobile,33,-0.0300643199700507,0.2265343014195119,4.014313820482486,-0.0546671468203507,0.4933651943237345,-0.1531616267516551
qwen-3.5-flash,3,ab7961,mobile,31,-0.071541056961826,0.1930810814663585,4.866164202998295,-0.3445932251236958,0.4380869098375498,-0.1779191128100058
qwen-3.5-flash,2,ab7961,mobile,35,0.0345584677091013,0.2798682319100656,3.2151888087691805,-0.0019122378423945,0.5525231772562043,-0.0935093605822749
qwen-3.5-flash,1,abc926,poster,30,-0.0457353989820474,0.2764439322381661,2.9423619832972667,-0.1467901587023674,0.4667248981714574,-0.1085557719278163
qwen-3.5-flash,2,abc926,poster,36,-0.0804964506626936,0.2773997513416234,2.8045966463322225,-0.1913452200043156,0.4561116784090352,-0.0606453145991787
qwen-3.5-flash,1,abe796,web,43,0.1037989313817663,0.2627696439476604,1.858923189067001,0.3016735752609321,0.622978668256578,0.0564023441610173
qwen-3.5-flash,2,abe796,web,50,0.1521063339562213,0.2774875669527454,1.7877406160966356,0.4106813771671181,0.6733686580664693,0.1585525546776646
qwen-3.5-flash,3,abe796,web,52,0.0819275608370412,0.2437355489167974,1.8784685193024224,0.1886669572794453,0.6189598777676726,0.0890763352379563
qwen-3.5-flash,3,abc926,poster,49,-0.1951382754346812,0.2447647590487899,3.553004327965696,-0.4537943146662747,0.354418218895475,-0.0953232679107862
qwen-3.5-flash,1,abb05d,mobile,30,0.5081058658310029,0.4720320007008443,2.28047355481603,2.342778853344555,0.8214528133222186,0.4444594029576282
qwen-3.5-flash,2,abb05d,mobile,50,0.2913693885853008,0.2760536041663751,4.059609758243333,1.4181655628492675,0.716680981832524,0.2386906701630654
qwen-3.5-flash,3,abb05d,mobile,42,0.3604737240092822,0.3602095936462178,2.689636115593732,1.5083554838773274,0.7535180540062656,0.3035758415083096
qwen-3.5-flash,1,abf2a6,mobile,52,0.1236587633836796,0.262444363494243,4.16935575769798,0.4440664726074568,0.5537661134270755,-0.1121456916065726
qwen-3.5-flash,2,abf2a6,mobile,127,0.1213353122632109,0.3463903699356332,3.1366571795121274,0.1386840121416975,0.5672574841332227,0.0435305501499708
qwen-3.5-flash,3,abf2a6,mobile,30,0.0402883895777208,0.227962760084529,4.591866839814223,-0.0906686441269837,0.5067300039111589,-0.0504960822332525
qwen-3.5-flash,1,ad1260,mobile,30,0.2696299371393456,0.2995849090743559,2.4538404303194494,0.6807926630180554,0.7142588063759314,0.2596842569676534
qwen-3.5-flash,2,ad1260,mobile,30,0.2997910229663475,0.3479220182354934,2.5393865585755826,0.7471665359895868,0.7025594392316983,0.2135522177654232
qwen-3.5-flash,1,ad1e05,desktop,31,-0.0755923011987196,0.0779663909542867,8.571801413052441,-0.1531571898395072,0.3630411021209309,-0.1311402933684757
qwen-3.5-flash,1,ac484e,poster,36,-0.0312809943883692,0.0977230275088897,6.118338499441103,-0.0865852121777792,0.5922539649244514,-0.0579476172876481
qwen-3.5-flash,2,ac484e,poster,52,-0.0992768359012789,0.0674826076737486,9.018422108731995,-0.0354247341405375,0.3015714972963425,-0.1266801147759264
qwen-3.5-flash,3,ad1e05,desktop,51,-0.0767114903775167,0.076425174768342,8.586121892970901,-0.1566520686115855,0.3627480233507423,-0.1294683580544668
qwen-3.5-flash,2,ad1e05,desktop,34,0.0818070553450035,0.2168747818384939,2.4187401869111644,0.0546701541835365,0.5845499766073173,0.0748984642134029
qwen-3.5-flash,3,ac484e,poster,30,-0.060850330539751,0.0599951838353908,9.355130296799462,-0.0646925850553907,0.2235335998623099,-0.0797433512203825
qwen-3.5-flash,3,ad1260,mobile,30,0.3162162084646406,0.3284928865623009,2.646531587155631,0.4606606105789078,0.7198972039136788,0.2765631915681459
qwen-3.5-flash,2,ad5e9d,web,49,0.2259366776543942,0.2784099865972342,1.7592939331897526,0.5752557900131561,0.6713844017523595,0.2523679413083226
qwen-3.5-flash,1,ad5e9d,web,112,0.0106722216654366,0.2151920379416935,2.0662546860962543,-0.011395534079153,0.484816734078506,0.158589829265981
qwen-3.5-flash,3,ad5e9d,web,35,0.3305175895882945,0.340457305600526,1.6455394194716793,1.0996310858078524,0.7392817487774598,0.3028520147834359
qwen-3.5-flash,1,ad9e6b,desktop,51,0.2024978535991022,0.2003107167587478,2.5154227549910138,0.8771584873299544,0.7866522773706507,0.1692960512581772
qwen-3.5-flash,2,ad9e6b,desktop,31,0.048363391305802,0.1390965858939608,3.1644861320042517,0.1878225727132134,0.7441940181045332,0.0591706529996857
qwen-3.5-flash,3,ad9e6b,desktop,31,0.0463938946711088,0.1384055320305043,3.2483178802898416,0.1788980131213058,0.745144259432851,0.0702481754141669
qwen-3.5-flash,1,adf8ec,desktop,50,0.4568591715315882,0.3997905553215786,1.1241245318872846,1.5240177155813517,0.8773244391316873,0.4520441163259674
qwen-3.5-flash,2,adf8ec,desktop,51,0.4903868320433607,0.4353231759360452,2.29828382717669,1.514968196556576,0.862005849685935,0.4826341484518039
qwen-3.5-flash,1,ad24c7,mobile,31,0.1670066414849788,0.2899283015883677,3.282906803255176,0.1924249012456262,0.6035176707988347,0.2402993949634581
qwen-3.5-flash,2,ad24c7,mobile,30,0.1378227724930028,0.298273334272023,2.927209548994599,0.2284877070398016,0.598681809006448,0.1497010294795404
qwen-3.5-flash,3,adf8ec,desktop,286,0.6703268820863217,0.6043787352086241,0.7586873538190794,2.096015419062047,0.9146460656535972,0.6652212739380231
qwen-3.5-flash,3,ad24c7,mobile,29,0.1033701518007314,0.2636673333420883,3.719033229804464,0.1137073276598937,0.5427128223951266,0.1779374053787003
qwen-3.5-flash,2,adbe00,poster,52,0.0979107077848639,0.1326477769962621,6.747964908735946,0.333030662714721,0.5043920044333519,0.0990063862453096
qwen-3.5-flash,1,adbe00,poster,67,0.0570154952606607,0.1349322217428844,6.942727101483097,0.1516252241839287,0.4501176167867563,0.0600677273888999
qwen-3.5-flash,3,adbe00,poster,274,0.0421332309622325,0.1289109246691792,6.541077534977606,0.0444977923248865,0.5865360509696956,0.0399604720345389
qwen-3.5-flash,2,aed588,web,30,0.1445326059925877,0.1966868394096409,2.940581644417391,0.5883640378805319,0.7131418954016646,0.1288569745436409
qwen-3.5-flash,1,aed588,web,30,0.1394089600250346,0.1882810982037469,2.636609121805324,0.5460706746185645,0.7059505758250556,0.1211026309689091
qwen-3.5-flash,3,aed588,web,29,0.1244384204804294,0.1903517420893638,3.1333925996038188,0.4684819588139272,0.6902665395044403,0.1047021103708369
qwen-3.5-flash,2,ae747f,poster,44,0.0126023148971523,0.2712501708520697,3.834847059242051,-0.0883330959481865,0.4872899039441536,-0.096033258382903
qwen-3.5-flash,1,ae548c,poster,52,0.1046584321490667,0.1981494758336396,6.090093162024867,0.3720426328995999,0.4553899134664564,0.0872315957363466
qwen-3.5-flash,1,ae747f,poster,43,-0.1134575936743293,0.1898165464361525,4.9289569918072615,-0.3433820411229162,0.3612231622087328,-0.1218545547886267
qwen-3.5-flash,2,ae548c,poster,49,-0.0463178928944907,0.0809668293300559,7.762276812618842,-0.0553341189867457,0.295191537483425,-0.02092175055065
qwen-3.5-flash,3,ae548c,poster,30,0.0432727425133805,0.0863102775704293,8.455312923704216,0.0695932806738259,0.1713354768586521,0.0656630612794776
qwen-3.5-flash,3,ae747f,poster,38,-0.0017680503336424,0.2541783241170348,4.022847131112939,-0.1177774950810907,0.4345479147365878,-0.154956813831561
qwen-3.5-flash,1,aef7af,web,49,-0.0118900316311037,0.1233594222873716,3.1473625645322594,-0.094029466620597,0.4951232000701255,-0.0400806346233641
qwen-3.5-flash,1,aefb83,desktop,30,0.4563938830846018,0.3050297386241298,5.0624485964068136,2.154119752285865,0.4876513238176252,0.3993891383144488
qwen-3.5-flash,2,aef7af,web,43,-0.0149698997657988,0.114545673747858,3.70381783935602,-0.0936190299194133,0.4718025529810906,-0.0565241039908371
qwen-3.5-flash,2,aefb83,desktop,92,0.1546965094453493,0.1530151690117262,2.4085664374369635,0.91713544979366,0.7783650894543384,0.0144305637681005
qwen-3.5-flash,3,aefb83,desktop,30,0.3677805376567219,0.2175044456037935,5.322709681227289,1.7335694840097298,0.484338572203819,0.3044539985548989
qwen-3.5-flash,3,aef7af,web,47,0.0012474187747142,0.1285816363242879,3.395551109200847,0.0030081741627733,0.4977624709106424,-0.0476423243409219
qwen-3.5-flash,1,af0d52,mobile,49,0.1665465669810865,0.3495603210352431,2.382953015629877,0.4235121578796372,0.6509363464604477,0.0280098200456643
qwen-3.5-flash,2,af0d52,mobile,49,0.3047925200777968,0.4298385188517878,1.79297740877557,0.78804770335434,0.7334739741108786,0.080005071354216
qwen-3.5-flash,3,af0d52,mobile,30,0.1614350539803299,0.3226955156755426,2.832563545623022,0.492391581881843,0.6255460532859458,0.0256555531684477
qwen-3.5-flash,2,af24f8,poster,51,-0.0200656306869605,0.2096614888874117,2.0074948666784835,0.0200091739459775,0.5396082997739193,0.0807657551379258
qwen-3.5-flash,1,af1e2d,web,31,0.1837072984881846,0.2832711955262988,1.7568562811729065,0.558091572053685,0.7252210812931207,0.1445337317718529
qwen-3.5-flash,1,af24f8,poster,52,0.3033706020352136,0.3349997550682914,1.4661439589093954,0.8095087504161446,0.7229108764200334,0.3918791356187237
qwen-3.5-flash,3,af24f8,poster,37,0.3521670714746028,0.3282368931269345,1.3442037649542873,0.8878093817660481,0.7310559395384539,0.4108484568331068
qwen-3.5-flash,2,af1e2d,web,36,0.160173779667594,0.2611657596041977,1.792128940861134,0.3745988870216777,0.6458850260055145,0.1481682014229696
qwen-3.5-flash,3,af1e2d,web,32,-0.0166092830218923,0.1868685303413717,3.036537824060481,0.0952336017421863,0.5364290624472796,0.1065419219107666
qwen-3.5-flash,1,af4220,web,58,-0.0681211529603447,0.1525154311002088,4.769150256612725,-0.1446777608983373,0.4757217789841382,0.0184680384518969
qwen-3.5-flash,2,af4220,web,44,-0.1004163529872146,0.14327889539214,3.7831407315507857,-0.2729041399458919,0.4882174628652976,-0.0347527142148849
qwen-3.5-flash,3,af4220,web,36,-0.0026720390835039,0.1440619570747468,6.128495860753319,-0.0126426163774417,0.4581011428457314,0.0163313206501922
qwen-3.5-flash,1,aefca8,mobile,46,0.1236507946387853,0.2994247082061512,3.2771396320061084,0.1684614356369005,0.5308976594851801,0.1148009876066384
qwen-3.5-flash,2,aefca8,mobile,44,0.1428862173927224,0.3050839464176339,3.236859268765516,0.2539858521285418,0.5285286737218553,0.1928498645338107
qwen-3.5-flash,3,aefca8,mobile,43,0.152192425347352,0.3049799727790636,3.3564070745834833,0.2982355042551318,0.552733026805069,0.1557341489330097
qwen-3.5-flash,1,af49df,mobile,30,-0.015058726084663,0.1692740145572087,2.26027550939136,-0.0621989549334738,0.5711446885963163,0.0597481378101623
qwen-3.5-flash,2,af49df,mobile,31,0.2600778084780842,0.2718770273963655,1.7075934960745422,0.6404868132764996,0.6972709590966909,0.2462162648093087
qwen-3.5-flash,3,af49df,mobile,30,0.4410313404840092,0.3239279813498766,1.4118593841673723,1.2232489029499398,0.7603497784851461,0.3864050282380371
qwen-3.5-flash,2,af4f68,poster,30,-0.0428718230390412,0.2017741933244851,2.404678168105032,0.0476121387085343,0.5638470832458973,0.1157046456314574
qwen-3.5-flash,1,af4f68,poster,34,-0.0655321995232584,0.193565812955745,2.474164211708108,-0.0221970188461063,0.5436442630808644,0.106837102346641
qwen-3.5-flash,3,af4f68,poster,30,-0.0311703214996811,0.211232664765882,2.2596570705084043,0.0477486553208202,0.5577243893740554,0.1499136462876054
qwen-3.5-flash,1,af5f27,desktop,30,0.1372902532787491,0.1536568476436104,3.06685773913128,0.5870606969282499,0.6951464759733007,0.1509057955159415
qwen-3.5-flash,2,af5f27,desktop,44,0.1072279754134584,0.1407264068124653,2.9654569023573227,0.4194329838114808,0.6623257222840665,0.1456142016578586
qwen-3.5-flash,3,af5f27,desktop,31,0.121344271490262,0.1489666676051334,2.969262742732996,0.5261931094478691,0.7045337294828566,0.131655726566745
qwen-3.5-flash,2,af423a,mobile,66,-0.0356415454457789,0.0807153413105935,7.309101405408889,-0.2840911588536793,0.4435591736701338,-0.1421058816124018
qwen-3.5-flash,1,af423a,mobile,60,0.0396025416764801,0.1471207733166754,3.2876057537342676,-0.1914517156685732,0.4406872024835481,-0.027337347462055
qwen-3.5-flash,3,af423a,mobile,45,0.0111021867424592,0.1156962721654715,4.80294696682201,-0.2655711722092977,0.5109141021999082,-0.0527923619653171
qwen-3.5-flash,2,afdcf4,desktop,30,0.1089193412431437,0.236593068192656,2.0197839562252176,0.246434647122114,0.7021840765489906,0.1465569694000768
qwen-3.5-flash,1,afdcf4,desktop,52,0.0915027553996742,0.2352319350690177,2.077165158390483,0.2411046797886312,0.677646901387602,0.0099087501441275
qwen-3.5-flash,1,afc676,desktop,38,0.3369603472405835,0.3333634060669784,3.3704238817049887,1.1750437406197554,0.6755456767344111,0.3898167953263552
qwen-3.5-flash,3,afdcf4,desktop,49,0.0367454493712174,0.2142528896455947,2.303702241449192,0.0810927282448301,0.7309508526493124,0.0479293601621778
qwen-3.5-flash,2,afc676,desktop,52,0.5588000950852665,0.4490918159202537,2.5225616747084194,1.6658941449546314,0.7902614348279572,0.5228873874736281
qwen-3.5-flash,3,afc676,desktop,50,0.5783650806654164,0.4420328105576133,1.7312168707249904,1.6497321402603224,0.7997143263297751,0.6000269320648655
qwen-3.5-flash,1,aff2b7,mobile,30,0.2539762561933063,0.2627950287624667,1.6282839973081311,0.6225507948629431,0.6848060197993584,-0.0121369528274091
qwen-3.5-flash,2,aff2b7,mobile,32,0.1301407968824971,0.2278948916659277,1.9006663093716305,0.4229248135805906,0.6885885893814189,-0.0604447223999546
qwen-3.5-flash,3,aff2b7,mobile,30,0.1364338364378219,0.2330022811062032,2.0717848485279746,0.5130316822282759,0.662643288822934,-0.0921788791653567
qwen-3.5-flash,1,af9990,mobile,6,0.0897443732957911,0.1746860046385336,6.471120739604645,0.2564729376282621,0.3855930991843894,-0.0397135815937069
qwen-3.5-flash,2,af9990,mobile,34,0.0757190278932169,0.3178244456355559,3.7403153615758593,0.1113944312201851,0.5471578621712246,-0.089323749171025
qwen-3.5-flash,3,af9990,mobile,49,0.0798002070197306,0.2500779995444994,5.192822055584967,0.2146016005704031,0.5014202269197455,-0.0502922976589677
qwen-3.5-flash,3,b02217,web,38,-0.0545824331283311,0.1271079260634137,3.109698569332635,-0.2314412589389151,0.4979569584461073,-0.0258266633902953
qwen-3.5-flash,1,b02217,web,43,-0.0788362990489573,0.111402877049281,3.269810580602445,-0.319718639228735,0.4556658593144888,-0.0389966410962903
qwen-3.5-flash,2,b02217,web,40,-0.076992454712486,0.1181440040626652,3.2093746918540216,-0.2947618994924456,0.46904542395624,-0.0416557738540368
qwen-3.5-flash,1,b02b39,web,48,0.1315114635628505,0.215469765281232,2.728695767155686,0.3527492333417771,0.6330891606890144,0.0756736937036901
qwen-3.5-flash,2,b02b39,web,56,0.2345285356332975,0.2783028539098305,2.185185743398465,0.6129438062729908,0.690745745715208,0.1271864159688881
qwen-3.5-flash,3,b02b39,web,49,0.1462454226907592,0.2388957836157239,2.5138050614549208,0.3315233634285709,0.6388016803875184,0.0829647138588104
qwen-3.5-flash,1,b0a63b,web,31,0.1507719536818522,0.2608340295248712,2.1423704841698505,0.4809007978735343,0.6851259593530282,0.1363204449802956
qwen-3.5-flash,2,b0a63b,web,33,0.1531111990449333,0.2590100771605367,2.113698341207534,0.4808010126104312,0.6801993002791241,0.1505538341549872
qwen-3.5-flash,1,aff6c9,mobile,30,0.0650959944426549,0.1841355461993589,3.7174555551655777,-0.046365149713169,0.6727024420283448,-0.0153156605891445
qwen-3.5-flash,3,b0a63b,web,47,0.1263582982623693,0.260048303573136,2.088698234914182,0.4019902813481475,0.6891509008818586,0.1427077043231377
qwen-3.5-flash,2,aff6c9,mobile,30,0.0150685685954368,0.1602800939056943,4.940639128454151,-0.1359805975459549,0.55568669922817,-0.0876079594627579
qwen-3.5-flash,3,aff6c9,mobile,49,-0.003670072545471,0.1484638447677128,5.2147129399964545,-0.217783093167244,0.555452152393064,-0.1342365940923572
qwen-3.5-flash,2,b0c3be,web,52,0.3454251589973806,0.3094512245678323,1.463441061255626,1.0185565962596022,0.7910777127562,0.2320799673588226
qwen-3.5-flash,1,b0c3be,web,50,0.3045987506886757,0.2951287826593335,1.4913651518408362,0.8928664014054943,0.7798219242349363,0.2424187090136094
qwen-3.5-flash,3,b0c3be,web,22,0.3043621380400194,0.2927303221486408,1.539672976748052,0.9103433546643008,0.771877236579814,0.2040962374115547
qwen-3.5-flash,1,b11c7a,web,29,0.2186524838649636,0.3291564054120791,2.5013569903547928,0.5179164258254594,0.6544997267266125,0.112852964349024
qwen-3.5-flash,3,b2165e,desktop,35,0.0512109939501324,0.1703954856883658,3.1322631490533883,0.2473512163019819,0.617011751718721,0.0938206262244828
qwen-3.5-flash,2,b11c7a,web,31,0.180861542125292,0.3273200510137838,2.118357627815021,0.471131924421019,0.6750664455697907,0.0768149233795444
qwen-3.5-flash,1,b0afe4,poster,34,0.2664789886632025,0.3480351066780107,2.7518644673705372,0.4956655517051458,0.6232761253905899,0.0733080375029611
qwen-3.5-flash,1,b2165e,desktop,49,0.0219170338906979,0.1501463029261972,3.3759277968091506,0.097479882920145,0.581600373823651,0.0604567384262702
qwen-3.5-flash,2,b2165e,desktop,54,0.221621402239141,0.2271947547948548,2.4457324193546186,0.5354365983665601,0.6697082876709785,0.2080270514723393
qwen-3.5-flash,3,b11c7a,web,30,0.1495450291937484,0.2932058831941099,2.746497764777999,0.351283342546826,0.6412393765336134,0.0400778783961479
qwen-3.5-flash,2,b0afe4,poster,30,0.2067825945463873,0.3233392708256198,3.0338238765733916,0.263245839490154,0.6303659644638294,0.0165662866290671
qwen-3.5-flash,3,b0afe4,poster,47,0.2616936687570023,0.343070858206135,2.817325127141604,0.3781194859443536,0.6460733602811096,0.0736993876447461
qwen-3.5-flash,1,b2b7a2,desktop,57,-0.0936958348766685,0.0956154517927598,7.5032589332152515,-0.2664229096121378,0.2959144397322948,-0.0622457362568899
qwen-3.5-flash,1,b28a85,web,48,0.0707273311715681,0.2209057244234089,2.4931331257232214,0.1487659195490132,0.5572494890232946,0.006021612882673
qwen-3.5-flash,2,b2b7a2,desktop,56,-0.1009725326436063,0.0912152494442409,7.54130455032437,-0.2935696231338221,0.2918413913460196,-0.0602587235947363
qwen-3.5-flash,3,b2b7a2,desktop,56,-0.0915179166510649,0.0963789068503049,7.496064107935663,-0.2583671975171333,0.2971253237558701,-0.0596491362226664
qwen-3.5-flash,2,b28a85,web,50,0.1355618824666625,0.2349487904171459,3.0710109670178696,0.3731451457975351,0.6136238551968796,0.0885324506886508
qwen-3.5-flash,3,b28a85,web,50,0.064010968354767,0.2203879448671792,2.456206837677105,0.1272288969299435,0.5618818284461862,0.0092465077998739
qwen-3.5-flash,1,b2d2fa,poster,53,0.5016763309415406,0.4433999364640621,1.04304735595848,1.1131578958643873,0.7654259803073372,0.4532120539800594
qwen-3.5-flash,1,b264ce,mobile,49,0.0876888067281549,0.2665570565491736,3.8028684790278904,0.2937425319765656,0.6634602874276068,-0.2030602580177818
qwen-3.5-flash,2,b2d2fa,poster,30,0.3485942097479784,0.4003786666723223,1.1066980869131902,0.7700853764269625,0.7313967190513723,0.2515131888459059
qwen-3.5-flash,3,b2d2fa,poster,44,0.04627025345395,0.2841951871504927,1.827343031248937,0.2212750199452087,0.586530356117241,0.1908033838902271
qwen-3.5-flash,1,b2c74f,desktop,51,0.0955559236473877,0.1657863923532114,2.746626774813578,0.684443496403197,0.7971991628566402,-0.0232651015712648
qwen-3.5-flash,3,b2c74f,desktop,56,0.2163839615749061,0.2196474736249155,2.5966389613059313,1.0732267275547052,0.8517320113516589,0.1269992853504376
qwen-3.5-flash,2,b2c74f,desktop,34,0.0666419773387447,0.1425690246853367,2.837106509059931,0.4449505566508911,0.7274722183768726,-0.0722219780014502
qwen-3.5-flash,3,b264ce,mobile,33,0.1414645698643414,0.2807476122862959,3.704291130481719,0.3256305067258252,0.6496220557174438,-0.088999835012721
qwen-3.5-flash,2,b264ce,mobile,45,0.1698343700348994,0.309904186812271,3.0169966138340447,0.6503782911062962,0.7002368059867912,-0.1298310931271042
qwen-3.5-flash,1,b32bc3,poster,56,0.1734671404647674,0.3035954986184951,1.566612570237601,0.2545361002526722,0.594316067261364,0.0615230946574551
qwen-3.5-flash,2,b32bc3,poster,40,-0.0598674039611197,0.1991996146035213,2.5038186535894944,-0.2717069096907514,0.4419685207892634,-0.081553298364814
qwen-3.5-flash,3,b32bc3,poster,57,0.0978767121490049,0.2812669169309892,1.8118923710112695,0.1214548725799969,0.5978471476353878,-0.0176487473048576
qwen-3.5-flash,1,b346f3,poster,52,0.2706035442511987,0.3528858216706816,1.317301682047966,0.8739665649738579,0.7489169495596293,0.2646647722361644
qwen-3.5-flash,2,b346f3,poster,52,0.4015038339172738,0.4103068634878788,1.2036846550480198,1.00561868156058,0.7694507916292229,0.3458045178768369
qwen-3.5-flash,3,b346f3,poster,46,0.3806685124744553,0.4088333124651568,1.888801250894428,0.8843263799984282,0.7258554861673359,0.2102745024721492
qwen-3.5-flash,2,b32f2b,mobile,30,0.2809183048700043,0.3561816136165859,2.496674666780492,0.5010065920474608,0.685582445115338,0.1958552609539983
qwen-3.5-flash,1,b33b46,mobile,30,0.0375378355331661,0.1014154200253991,7.929581438422416,0.1360021320651713,0.3580767328172175,0.0328606169948084
qwen-3.5-flash,2,b33b46,mobile,54,0.0353354034846252,0.1533874236473349,5.7004754459071165,-0.0696072222727664,0.4919985878061593,-0.0033464279175978
qwen-3.5-flash,1,b32f2b,mobile,30,0.1336019869203663,0.251803228775099,4.468244631892123,0.2591063061694363,0.5735117569416077,0.0804467841569486
qwen-3.5-flash,3,b33b46,mobile,30,0.1168612020714685,0.2041746561508164,5.416009433955297,0.1011301236420942,0.5287423069460088,0.0206337158586678
qwen-3.5-flash,3,b32f2b,mobile,32,0.2670598043552593,0.3430407301719474,2.8941696677867843,0.74064459844127,0.6645683791160427,0.2026921259121623
qwen-3.5-flash,1,b36130,mobile,15,0.0743784102404094,0.1711948988227852,6.385758894516558,0.1046533423855747,0.4638447712179626,0.034121785189208
qwen-3.5-flash,1,b37071,desktop,30,0.00851874060722,0.1519146683813591,3.1638416951295936,0.3010757947890115,0.6918638587948214,0.0422968670919701
qwen-3.5-flash,2,b37071,desktop,57,-0.0117644400517527,0.1172481630897255,4.678295467352848,0.1801546476297519,0.621220521059894,0.0261449692369594
qwen-3.5-flash,3,b36130,mobile,30,0.0029315786107954,0.1603950968473032,6.542006025119662,0.0422728894753945,0.4346036928604716,-0.0482846702223198
qwen-3.5-flash,2,b36130,mobile,12,0.0689983485701553,0.1610663931188643,6.460535719532422,-0.0195518452104447,0.430034019105403,0.034046384203005
qwen-3.5-flash,2,b3acff,web,49,-0.0199765268915979,0.1536161373517489,3.083655474148492,0.118034431259149,0.594608747686133,-0.0164431363870785
qwen-3.5-flash,3,b37071,desktop,53,0.1579947576970117,0.2128711664149981,2.7629310080827216,0.9223967853045616,0.7143730450528945,0.2006759729072822
qwen-3.5-flash,1,b3acff,web,51,-0.0767675943407169,0.1163553303407119,3.618603948025682,-0.0190107149311516,0.5459761886659952,-0.03818081126435
qwen-3.5-flash,3,b3acff,web,47,-0.0112726112666011,0.1572421572586596,3.052609406167597,0.1426803489737834,0.6177026687280157,-0.0044877972025004
qwen-3.5-flash,1,b3b208,poster,30,0.3246812409062075,0.3461130715593691,1.41591748320599,0.5919307012812501,0.6506811813908087,0.0563684570092453
qwen-3.5-flash,2,b3b208,poster,30,0.407851608779228,0.366901466200513,1.2157157233497609,0.7574606796423542,0.7132592364198499,0.1448186625705341
qwen-3.5-flash,3,b3b208,poster,30,0.414940968337899,0.3658527559902527,1.2661935722926343,0.7947760231843001,0.6837867230600433,0.2748971705368138
qwen-3.5-flash,3,b3bf42,web,33,0.0940158062408767,0.1821395276808905,3.38374216175028,0.1374396004111692,0.5339327360194799,0.0977187301133569
qwen-3.5-flash,1,b3bf42,web,31,0.1058803019160468,0.1854160251299383,3.356611449224734,0.1719938909843973,0.5513626691130041,0.1015197576802846
qwen-3.5-flash,2,b3bf42,web,30,0.1189264427053609,0.190393618797137,3.4699090100139864,0.2191896999745663,0.565632470417988,0.1095619337209475
qwen-3.5-flash,1,b3b08a,mobile,33,0.427410480450799,0.3609828779954405,2.131847104158137,0.969062635354516,0.6473800752794068,0.3701520220936275
qwen-3.5-flash,2,b3b08a,mobile,30,0.2266908536431268,0.2827214975669314,3.0214199444091574,0.5993681917893507,0.5765775092531303,0.1646378736890805
qwen-3.5-flash,3,b3b08a,mobile,49,0.3044665129278492,0.2942655927137862,3.1943780467042258,0.8163260720198154,0.6403958016469118,0.2844064127360917
qwen-3.5-flash,1,b3c403,mobile,33,0.5121151476659533,0.4667720023995705,1.808803019235284,1.2728824515034969,0.7347892082949031,0.4455002606123117
qwen-3.5-flash,2,b3c403,mobile,38,0.4452440410217626,0.4320705065693884,1.9160860497577847,0.8982580411908268,0.709865937266702,0.3819209809184953
qwen-3.5-flash,3,b3c403,mobile,34,0.3548768878683347,0.3981671535677524,2.898464165021802,0.6511974235990722,0.7032940550708303,0.2902643815726546
qwen-3.5-flash,1,b3e3d8,web,20,-0.0346517087137982,0.1099515649930465,6.112378346611203,-0.0752699564754904,0.4643917750014148,-0.0765914089915705
qwen-3.5-flash,2,b3e3d8,web,53,-0.0171064307623289,0.1272254735651905,5.6792768065200905,-0.0153829090336832,0.5332034657545053,-0.0879742904945896
qwen-3.5-flash,3,b3e3d8,web,33,-0.0761165540303779,0.090902342698555,5.796378313587484,-0.2901143948905917,0.4308000773547973,-0.065709679776992
qwen-3.5-flash,3,b3ddb5,mobile,35,0.1349418294205976,0.2537559796461699,3.6295372144992264,0.0396632197110031,0.6640757433958713,0.0833678607796506
qwen-3.5-flash,2,b3ddb5,mobile,35,0.2554504306829376,0.310098924236145,2.6346309853524152,0.5982066535944787,0.7156074775539775,0.2423609261660488
qwen-3.5-flash,1,b3ddb5,mobile,35,0.2577847154307857,0.3058418668872661,2.356414369713581,0.5989222356746339,0.7337485377982906,0.2404032083794652
qwen-3.5-flash,3,b45744,desktop,50,0.0741742689850668,0.2311807939111865,1.960758717327713,0.1601986374508773,0.5791592837386306,0.0053274386962222
qwen-3.5-flash,2,b45744,desktop,60,0.1395687553748771,0.2640520338692309,2.3346587263081786,0.2973845331969533,0.6294960652922676,0.1272614468692852
qwen-3.5-flash,1,b45744,desktop,51,0.1474813667883663,0.2370585213683667,2.1965021442637007,0.3803291324441221,0.6282243595728466,0.1465977055088474
qwen-3.5-flash,1,b434fb,poster,34,0.1612925879262609,0.2165397111356359,5.320406494935492,0.3550554887639918,0.5585755551418585,0.1372303156038282
qwen-3.5-flash,2,b46333,poster,52,-0.0601757185313821,0.124163235365334,3.8560624758205377,-0.2463064338933247,0.4541078162209198,0.0645085047945487
qwen-3.5-flash,1,b46333,poster,49,-0.0812424011896928,0.1133438605322754,3.8256410283048,-0.3960473438179386,0.3763352530095701,0.014347597982281
qwen-3.5-flash,3,b46333,poster,47,0.0126598926378835,0.1376763201686188,3.94329335685986,-0.0415332812752118,0.4944466372330047,0.0358990669739926
qwen-3.5-flash,2,b434fb,poster,51,0.3793259577826302,0.3274004338904378,2.9309598905395733,1.097756724865145,0.709202088163156,0.3679879536425898
qwen-3.5-flash,3,b434fb,poster,49,0.1643886255699491,0.2356178423047774,3.745365338941585,0.4705211198783536,0.6653955435790994,0.1456788473409604
qwen-3.5-flash,1,b44e33,mobile,55,0.0036979007423215,0.1820547593772862,5.2655977796288145,0.1081105051083416,0.4707538026467428,-0.057213959160828
qwen-3.5-flash,2,b44e33,mobile,30,0.0352585025763712,0.2025980270616789,5.151206077285462,0.2260831588025158,0.4841253353634646,-0.0229622474379258
qwen-3.5-flash,3,b44e33,mobile,51,0.0453041471704634,0.2053679230141788,4.903172754984202,0.4125156356034241,0.5381532121599153,0.006176218337438
qwen-3.5-flash,1,b49400,desktop,31,0.456936496554828,0.3054100880924004,2.8699923062507287,1.4592180035416733,0.7588558233915168,0.3930966234522642
qwen-3.5-flash,2,b49400,desktop,30,0.4510814015650309,0.3012798634521724,2.9979899261132967,1.4421037787612965,0.7503006620028212,0.392761967315713
qwen-3.5-flash,1,b47f5a,desktop,36,0.2245753636926854,0.2963874889833088,2.060741382110105,0.7318977061081715,0.6905793841765734,0.16802908592845
qwen-3.5-flash,3,b49400,desktop,30,0.4550051329784608,0.3028828955423638,2.9090029822731043,1.4554637850089402,0.7512004468137501,0.3950634498222855
qwen-3.5-flash,2,b47f5a,desktop,34,0.1018878722113382,0.2569412734988401,2.672563057028837,0.2683262841586938,0.5920482468937138,0.0331865070861762
qwen-3.5-flash,3,b47f5a,desktop,32,0.2257757546411123,0.2942349100103357,2.118439516717543,0.768882585323666,0.6887947266611589,0.1650391174389647
qwen-3.5-flash,1,b4a191,poster,50,0.0575067181873907,0.3264692150008692,2.0420744629185306,0.2778934579822646,0.5796505786746347,0.0404955100491798
qwen-3.5-flash,2,b4a191,poster,11,0.188523371706302,0.3521216478818297,2.5589861124596047,0.4574766910322462,0.6997859474788082,0.1195464459007086
qwen-3.5-flash,3,b4a191,poster,61,-0.024213036886143,0.2296827940584583,3.0870743552657123,0.0667756883134045,0.607744764619839,-0.0864998620367172
qwen-3.5-flash,1,b4f37d,desktop,48,0.509235792012061,0.4596585592139642,1.6014409198888109,0.9886578114924672,0.756837630233994,0.4069187784016252
qwen-3.5-flash,3,b4f37d,desktop,50,0.2370664900070686,0.3152407864341053,1.6242602051972326,0.4041431611392355,0.6695045379624578,0.1082549093326801
qwen-3.5-flash,2,b4f37d,desktop,15,0.4741122086576728,0.45041083533054,1.5781077695539234,0.9004980605639944,0.7525317949315179,0.3305421617375851
qwen-3.5-flash,1,b4a27a,web,22,0.2405550561080248,0.2335860494474196,1.9905539061158848,0.9628888338988628,0.7872932883050177,0.0770339785329829
qwen-3.5-flash,2,b4a27a,web,34,0.2093836253337873,0.2298710564238605,1.8735039516367888,0.8217231126440265,0.7891097161652868,0.1012953869091389
qwen-3.5-flash,1,b516e1,poster,35,0.1396491450492135,0.2567691272628783,1.9406213516471615,0.4038052444670387,0.6048037875482237,0.1177863458177712
qwen-3.5-flash,3,b4a27a,web,23,0.1849451294518768,0.2129838654602677,2.840165197973943,0.6844780970570115,0.6814333326468316,-0.0249030087700387
qwen-3.5-flash,3,b516e1,poster,146,0.2661844040530128,0.2792781880470784,1.577090192019752,0.7520001335830371,0.7480115138553901,0.2410750817400002
qwen-3.5-flash,2,b516e1,poster,30,0.0274339355576756,0.2494035778004877,2.1009713221636233,0.1457098222172857,0.5609211193054904,-0.0019743592737522
qwen-3.5-flash,1,b57c53,desktop,50,0.6337022748298009,0.4804490241067096,1.2657554665367392,1.5821691463812382,0.7734099098602535,0.5665279275738303
qwen-3.5-flash,3,b5613a,web,55,-0.0547615754226421,0.1352336026529693,3.4730541769163885,-0.1363628094841758,0.4918470369488067,-0.0616395384558038
qwen-3.5-flash,2,b5613a,web,37,-0.1182403382795649,0.101464420302977,4.016140326181106,-0.3241339295444949,0.431515583634958,-0.0764014801298482
qwen-3.5-flash,1,b5d3ae,desktop,275,0.420105212497314,0.3796407682567275,1.891835674888342,1.3451021467951445,0.8302738216809071,0.3309628787346769
qwen-3.5-flash,1,b5613a,web,38,-0.061524562684641,0.1619845835917104,3.010316264965774,-0.1330608908573258,0.4940236362994843,-0.0598879699563256
qwen-3.5-flash,3,b57c53,desktop,48,0.5545031431390105,0.4431584215078469,1.935993447340454,1.3574474326075745,0.6975048036629146,0.4965320804476824
qwen-3.5-flash,2,b57c53,desktop,49,0.6303763429579277,0.4963168285268014,1.030972308100662,1.6248994163939887,0.8225427748538332,0.5786255410743358
qwen-3.5-flash,2,b5d3ae,desktop,52,0.1054743673091833,0.2329456469422008,2.145591931953259,0.41199856162532,0.7375892259928009,0.058055566286682
qwen-3.5-flash,3,b5d3ae,desktop,48,0.2229721052682772,0.3143032766594478,1.9686991545345165,0.7512538095753597,0.7839923759618839,0.1220138538382509
qwen-3.5-flash,1,b5dab9,desktop,54,0.4084150019846813,0.3330914938257633,4.206862093519755,1.527756825738289,0.6513402916351346,0.3577078059586741
qwen-3.5-flash,3,b5dab9,desktop,51,0.1343998479295107,0.2297203248780357,2.0588849923694075,0.5159595930687916,0.7223466429234726,0.0792713254808118
qwen-3.5-flash,2,b5dab9,desktop,50,0.0292493703741953,0.1602267616176855,3.273523915264409,0.1148710659163233,0.6346216395443681,0.0267214486941618
qwen-3.5-flash,1,b5edbf,poster,24,0.1612482399150959,0.2496555354581566,2.7351740849788486,0.5242372983485283,0.6721781782836161,-0.0309737763472272
qwen-3.5-flash,2,b5edbf,poster,24,0.1478242967251291,0.2438998128232394,2.682683118069357,0.4578166257053578,0.6715696004743197,-0.0394021136474067
qwen-3.5-flash,3,b5edbf,poster,24,0.1693358674079599,0.2529286776641084,2.6959554573404265,0.5494798393233715,0.6738353887478793,-0.0251348699284759
qwen-3.5-flash,1,b602c0,poster,31,0.5520057006358605,0.4249597231177586,1.1258237654317096,1.7836986481520751,0.848444573042161,0.4734604855290394
qwen-3.5-flash,2,b602c0,poster,52,0.4981244475508307,0.3395159831297752,1.3006839665421577,1.5741859578184612,0.8175435656026959,0.4000256187712396
qwen-3.5-flash,3,b602c0,poster,31,0.3912072855447945,0.3658698455970448,1.250710006193088,1.1928358641227734,0.828203580970007,0.3140488132079311
qwen-3.5-flash,2,b5d9a8,mobile,50,0.1278881474846994,0.2732417808905126,4.430563007685313,0.1016364537477071,0.5650267274922736,0.0054048694359885
qwen-3.5-flash,3,b5d9a8,mobile,30,0.1557126376472612,0.2615590395160555,4.594724287331256,0.1957914841426635,0.5617958434164867,0.0166600275651336
qwen-3.5-flash,1,b5d9a8,mobile,30,0.2065856020079338,0.3156080466119326,3.265541263570231,0.3584953187014314,0.6275976421251335,0.0287277513951937
qwen-3.5-flash,3,b66ff3,web,36,0.0857608292637189,0.2260131550997799,2.6507725271395537,0.2816199429997162,0.6449592315023923,0.1643956199355977
qwen-3.5-flash,2,b66ff3,web,48,0.0297643275228143,0.1936411927160295,3.544975074548875,0.0939464385996518,0.5289801161401736,0.1414885694444625
qwen-3.5-flash,1,b66ff3,web,40,0.0657735120488596,0.2220563628855628,2.6237205828324215,0.1962615118922004,0.6309981877722394,0.129772429539117
qwen-3.5-flash,3,b5f7cc,poster,123,-0.0285847080406684,0.0301214319264663,9.092854886756342,-0.2481713823446559,0.1739919432787675,-0.0159728307449486
qwen-3.5-flash,1,b5f7cc,poster,53,0.0712889576246781,0.1297505417494105,6.825460812663772,0.4401254366281558,0.5374818836769641,0.0614546889810726
qwen-3.5-flash,2,b5f7cc,poster,50,0.1165855077549112,0.1060463141293224,5.783818707523068,0.5379495067013672,0.581360462419511,0.1063816804014243
qwen-3.5-flash,1,b65aeb,mobile,30,0.1988545055738715,0.3150560814902384,3.466393351805398,0.2340690323180365,0.5388660418887958,0.0351144163391252
qwen-3.5-flash,1,b68951,web,30,0.0209558847460535,0.1652878221226225,2.4757563182014315,0.1534013016688577,0.6103358713521889,0.0314251706259242
qwen-3.5-flash,3,b65aeb,mobile,30,0.3009312851849727,0.3770084114576874,3.1025867269573943,0.6207712068056453,0.5612813362693507,0.129646090746745
qwen-3.5-flash,2,b65aeb,mobile,51,0.1979443010627892,0.2933243762719068,3.8708149377080385,0.3619322910870768,0.5475044730034734,0.0487566058072539
qwen-3.5-flash,1,b67326,web,36,0.2979158247344098,0.3095386886823354,2.7936061056103596,0.9920370622285026,0.7183899845826784,0.2181868421589662
qwen-3.5-flash,2,b68951,web,31,0.1120900763608847,0.2138994660097782,2.0173742498501626,0.2854352055324639,0.6333976080763212,0.1037242976198246
qwen-3.5-flash,3,b67326,web,50,0.2204937105789075,0.2666235043650276,3.059346101223536,0.7221074432391027,0.6794955048193464,0.1895824187166886
qwen-3.5-flash,2,b67326,web,50,0.2834709475478933,0.3015772240176937,2.8696921821161143,0.947587530478748,0.7149671662056406,0.2259175072204828
qwen-3.5-flash,3,b68951,web,20,0.0958229014729681,0.1881787241261135,2.4229262158115317,0.366868954575277,0.6234683665167858,0.083765275933255
qwen-3.5-flash,1,b7690d,poster,30,0.410114131172518,0.2962132982057378,5.4637585687790295,1.1974395100882729,0.509745692790029,0.3179708624648283
qwen-3.5-flash,2,b7690d,poster,30,0.26130774104772,0.2279834890652017,3.525896608452121,0.7209036385281256,0.5850352385128609,0.1759209220680155
qwen-3.5-flash,3,b7690d,poster,30,0.43631971801022,0.3154803333588803,5.429125652848853,1.266938077018331,0.5146668437592951,0.3422722660584775
qwen-3.5-flash,1,b80952,mobile,37,0.3899332854143874,0.4476038093593198,0.9954534869483468,0.813070354891217,0.7496387685055437,-0.1859073726980954
qwen-3.5-flash,2,b80952,mobile,20,0.0512697523894778,0.2442456443152769,3.233316801524426,0.0494092761251144,0.553777997596194,-0.3327420114546078
qwen-3.5-flash,3,b80952,mobile,20,0.4182260842474157,0.4253080375171205,1.4897682117523523,0.8488013125692595,0.7206083006251355,-0.000243969420772
qwen-3.5-flash,3,b6c589,mobile,30,0.0311245332376906,0.1553151687551766,4.448639177133987,0.1866345361433151,0.5801867221588314,0.0682983500145534
qwen-3.5-flash,1,b6c589,mobile,30,-0.0316227314680307,0.1155295361772555,6.061522060583194,0.1351627228673562,0.4395000048944665,-0.0217014940972373
qwen-3.5-flash,2,b6c589,mobile,29,0.0869503951408824,0.1672551800073297,4.038575236623381,0.6145708099818418,0.6196553588426257,0.1206305669348098
qwen-3.5-flash,1,b7c621,poster,33,-0.0976705477243923,0.1139648315143045,6.960309081919703,-0.3636688702722995,0.3747582266149731,-0.1291119422000712
qwen-3.5-flash,2,b7c621,poster,50,-0.130536735328549,0.1210244632938977,6.741202435797086,-0.4580430116485993,0.322973314411989,-0.1223414864266204
qwen-3.5-flash,3,b7c621,poster,113,0.1311684338686133,0.216238798323927,4.177871615304955,0.2538522473658345,0.5939068998873559,0.0258021209636278
qwen-3.5-flash,1,b81b5a,web,44,0.0553147771633038,0.1739699494799575,3.655272702844699,0.0660273707174276,0.6110639776066877,0.0735704979048887
qwen-3.5-flash,1,b80cf5,poster,30,-0.0423017013204444,0.1486374586841266,5.931280813686462,-0.0830027281427989,0.4135379583196775,0.0350684481253889
qwen-3.5-flash,2,b80cf5,poster,31,-0.0128743501021366,0.1818367762159826,4.123623599590293,-0.111242617214766,0.5145864553921378,0.0662421264084271
qwen-3.5-flash,3,b80cf5,poster,40,0.1947576764710037,0.2574562808153665,2.36340797326676,0.4429870141968223,0.6543329258223153,0.2077367326713137
qwen-3.5-flash,2,b81b5a,web,39,0.0965221113393093,0.1847963709402119,3.17960203316048,0.1225731154577759,0.6356543486038392,0.0967734490332321
qwen-3.5-flash,3,b81b5a,web,34,0.1475654506696168,0.214921679377921,3.4358630672532957,0.2791871584345025,0.6187946825574507,0.1474372150469232
qwen-3.5-flash,2,b86b7d,desktop,50,0.1026199075739058,0.1541469895187964,8.466162831260554,0.6335843893796504,0.3713574513599542,0.0068387007666558
qwen-3.5-flash,3,b86b7d,desktop,224,0.3456615482727826,0.2643208778150577,2.5765553486115076,1.5221357388987022,0.7797626704094566,0.3075835007494349
qwen-3.5-flash,1,b86b7d,desktop,243,0.3592653262367997,0.3027435069898009,2.844520503728684,1.5251742488608724,0.7782970898624881,0.3142294087667682
qwen-3.5-flash,1,b87aea,web,54,0.2737805966706921,0.3319234716066002,2.239850567934458,0.7084859832787287,0.7257758500027714,0.110213069077456
qwen-3.5-flash,2,b87aea,web,52,0.4110242282787419,0.4092275659512875,1.5881981942721528,0.9855811619237272,0.7462354184446499,0.2132355555349971
qwen-3.5-flash,2,b83a7a,mobile,50,0.1319975899455757,0.2347004531538483,4.3851267606121205,0.2325375845343656,0.6853211582466344,0.1492650664463599
qwen-3.5-flash,3,b87aea,web,30,0.3286616597930773,0.3582501527341247,1.7202670530639057,0.8334132628393177,0.7358683581336515,0.073272822917519
qwen-3.5-flash,1,b83a7a,mobile,33,0.1942398078122414,0.2617332942687109,3.2685188315337235,0.2984782750134088,0.6984305179301492,0.2012325721267923
qwen-3.5-flash,3,b83a7a,mobile,40,0.0911552241035973,0.2163058255155354,4.4967870994349415,0.1281163460925176,0.6727274194975201,0.1274514474560374
qwen-3.5-flash,1,b889dd,desktop,32,-0.0858774830847359,0.0884582987349552,5.525801112781127,-0.3309910446582997,0.3975947670078072,-0.0365989971302776
qwen-3.5-flash,3,b889dd,desktop,31,-0.1696997323425663,0.0653023636458661,6.953051495607388,-0.6723616606946935,0.216582729061122,-0.0613601652511693
qwen-3.5-flash,2,b889dd,desktop,42,-0.0562013925872736,0.1189301240877019,4.231080086071875,-0.1572695770433382,0.4731384773233502,0.0294936679185907
qwen-3.5-flash,1,b87c56,mobile,43,0.2077020086882335,0.2541327652400387,4.880698617863244,0.4836976198890272,0.5941344786432396,0.1115772079463558
qwen-3.5-flash,2,b87c56,mobile,30,0.0781236659995722,0.2314609589343043,4.322516016941806,0.3887544520792679,0.6442150700257333,-0.001921988699867
qwen-3.5-flash,3,b87c56,mobile,30,-0.0442929119100856,0.1310236854039902,6.031095425168334,-0.0862719791244017,0.4680576365331573,-0.0272516360024314
qwen-3.5-flash,1,b8b56d,mobile,30,-0.0077288196271464,0.3477799394461121,2.464585744129993,-0.0302758944644661,0.4680203467067674,-0.1927409383583264
qwen-3.5-flash,2,b8b56d,mobile,30,-0.0132570328496554,0.3357715954186075,1.721808467980921,-0.0528905671151531,0.5140158123489661,-0.0560682410369964
qwen-3.5-flash,3,b8b56d,mobile,50,-0.0620838267153382,0.3091203189435135,1.653908732809076,-0.0908151465580566,0.561020301568483,-0.1698914773293882
qwen-3.5-flash,2,b8a1c2,poster,30,0.1246231776946564,0.0950810278857317,8.392589154873734,0.1949196239196158,0.2035720174088694,0.0366511501282406
qwen-3.5-flash,1,b8a1c2,poster,49,0.1889177968219239,0.2559462569827234,3.4945273625472595,0.5596230225926613,0.7067033717446263,0.2607379410733443
qwen-3.5-flash,3,b8a1c2,poster,30,0.1246231776946564,0.0950810278857317,8.392589154873734,0.1949196239196158,0.2035720174088694,0.0366511501282406
qwen-3.5-flash,1,b8a4ea,mobile,15,0.2970445930010588,0.2905570972929162,4.04589079264894,0.8719917491167091,0.6042365306008515,0.1987464172129481
qwen-3.5-flash,3,b8a4ea,mobile,49,0.1045446981328807,0.1535278317357501,6.846855378786957,0.009782580765345,0.3416585306521648,0.0125013510556764
qwen-3.5-flash,2,b8a4ea,mobile,15,0.3050651122578628,0.2908037238796713,4.012885223137452,0.8842365647101738,0.6036584088556862,0.1996375222795895
qwen-3.5-flash,1,b901b1,web,30,0.2235394454981298,0.3473601917146508,1.4882277355154092,0.5174827710128113,0.711300082756656,0.0024238866685851
qwen-3.5-flash,2,b901b1,web,56,0.1560454301261952,0.3238814749840982,1.6992496650046116,0.4524709808349069,0.7189780371436123,-0.0717545667558461
qwen-3.5-flash,3,b901b1,web,31,0.209236960236158,0.3478962633559944,1.495315299510277,0.477988729051699,0.7179117008969393,-0.0205988708461937
qwen-3.5-flash,2,b8c70a,mobile,62,0.1626953197607161,0.3066692785933604,3.1348061835619205,0.2261722564525376,0.6089573451271213,0.1548761795363817
qwen-3.5-flash,1,b8c70a,mobile,53,0.0498350093894061,0.2504553987386074,3.630204500803716,0.0287771361654304,0.6070292361147266,0.0528868349385373
qwen-3.5-flash,3,b8c70a,mobile,35,0.0710464309256219,0.2506510958524915,4.3082478294687485,0.1231097757286734,0.5500879072441127,0.0928152826338909
qwen-3.5-flash,1,b908c7,web,43,0.1896501324017478,0.2129652112432973,2.099816249973553,0.6427674620204494,0.7115739028539766,0.2465708114654989
qwen-3.5-flash,2,b908c7,web,44,0.1957586297858425,0.2151049703146488,2.1880713508973004,0.5481827530844887,0.691880341109731,0.2422384732863324
qwen-3.5-flash,3,b908c7,web,43,0.1775186199133853,0.2095833254556491,2.116509934471946,0.5394397612356479,0.7038219529164497,0.2337672801602718
qwen-3.5-flash,1,b901be,poster,33,-0.0204979521865188,0.1705991516557482,4.671165318240911,-0.3143105591313911,0.5290318317439202,-0.0665461610423466
qwen-3.5-flash,2,b93b7e,web,37,-0.0450186031788032,0.2069954654631279,3.365803040841723,-0.0326291232383686,0.5168589324452656,-0.1536782006456651
qwen-3.5-flash,2,b901be,poster,31,0.0280280627111966,0.1886340640015263,4.611034252627525,-0.0875277472680391,0.5953995643969778,-0.0713383152332062
qwen-3.5-flash,1,b93b7e,web,39,-0.0412343457423803,0.2109831917612273,3.252358562851578,-0.0241006991354002,0.5190789421714154,-0.1319771617200198
qwen-3.5-flash,3,b901be,poster,33,0.019179945529952,0.1897173401371454,4.759233501547448,-0.0709771322995024,0.5341996440164396,-0.0539654013799999
qwen-3.5-flash,3,b93b7e,web,39,-0.0428406730146117,0.2097123657474577,3.2155013174151437,-0.0346949479923624,0.5202180145454743,-0.1424520400695338
qwen-3.5-flash,1,b92f85,mobile,52,0.1626768901783138,0.1345565595615952,5.697275585380939,1.707705289766781,0.6392373527963445,0.2202530871875659
qwen-3.5-flash,2,b92f85,mobile,30,0.1391358772278346,0.1253502695307805,4.36946778130384,1.6328882689714384,0.7030302573896392,0.1634907269301871
qwen-3.5-flash,1,b9bf42,desktop,52,0.6141176144855811,0.4808446880283731,1.3973679378265491,2.0502845201095523,0.8243780780550369,0.5337728819816495
qwen-3.5-flash,3,b92f85,mobile,64,0.3266266861938949,0.2213791532450568,3.2984684886879796,2.467547826878854,0.7899761773214076,0.2922917037940029
qwen-3.5-flash,1,b9d4f6,poster,55,0.0385672913121126,0.2044013300337331,4.864644481454255,0.2092614966150477,0.4945584373093351,0.0205110823678614
qwen-3.5-flash,1,b96ba4,desktop,43,0.0136631720133343,0.19982348984261,2.991326210428293,-0.0430009907424564,0.5247821135395027,0.0508452964544688
qwen-3.5-flash,2,b96ba4,desktop,43,-0.0561070473790744,0.1581103778586088,3.490258735490021,-0.2786555918091608,0.5133145770019255,-0.0386562758796551
qwen-3.5-flash,2,b9bf42,desktop,30,0.4023344763239546,0.3593503414632067,2.6331449907699227,1.29831601898476,0.7838055190795079,0.3321616857452775
qwen-3.5-flash,2,b9d4f6,poster,49,0.1014928518782659,0.2420841064458484,3.8562729859620535,0.3990739899508215,0.5347265332547722,0.0515550058725883
qwen-3.5-flash,3,b96ba4,desktop,36,0.0612969684018663,0.2222455377846637,2.824531440431288,0.0777395070520563,0.5743329609726712,0.0519510492558368
qwen-3.5-flash,3,b9d4f6,poster,51,0.0969433827241484,0.1942626231985382,5.072028961669321,0.4645183538175173,0.5918680271159925,0.0189388471386072
qwen-3.5-flash,3,b9bf42,desktop,274,0.56606134794571,0.4289542584536526,1.6449556463772073,1.825245357152635,0.8059867197129341,0.4828306551646228
qwen-3.5-flash,1,ba46a0,web,43,-0.0868130119550504,0.128686501156188,3.2626613385187215,-0.3357205747972723,0.4457202975794683,-0.0999800987565069
qwen-3.5-flash,1,ba648d,desktop,46,0.0515382044348335,0.1791758509947321,2.6214195542098446,0.1205503210893835,0.5866440844100407,-0.0714188569212821
qwen-3.5-flash,3,ba648d,desktop,37,0.0427027024967331,0.1684481267967462,2.923085772870581,0.0706263644154394,0.585015305938489,-0.0179872458920871
qwen-3.5-flash,2,ba46a0,web,47,-0.0430553167106762,0.141591373216094,3.0088957506761997,-0.2208207314596682,0.4626744174862232,-0.0436032364627642
qwen-3.5-flash,2,ba648d,desktop,37,0.1137464245371353,0.2019144816299569,2.4234624888363228,0.4362384648835984,0.6403911828496012,-0.0338161013899521
qwen-3.5-flash,3,ba46a0,web,35,0.0096805606337354,0.1636284406417834,2.8218598291497745,-0.0025840340696923,0.5317236923016738,-0.0339454424615242
qwen-3.5-flash,1,ba6d0c,poster,28,0.1826486518857351,0.4212645308819029,2.1856963492040498,0.5254036609306231,0.6365507178072255,0.1307194776615762
qwen-3.5-flash,3,ba6d0c,poster,33,0.0650487410613348,0.3695176921735576,2.429230386991377,0.294179475143463,0.5724666876708399,0.0067242458054499
qwen-3.5-flash,2,ba6d0c,poster,30,0.1396922354590704,0.3969679123433382,2.263898455092345,0.4219645896892523,0.6160751064138511,0.0982790078025427
qwen-3.5-flash,1,ba9073,web,30,-0.0192920992737963,0.1227505701396306,3.915074022995869,-0.1975564329416266,0.5501128082405884,-0.1144283241200016
qwen-3.5-flash,2,ba9073,web,43,-0.0468556942008694,0.1081091048402356,3.87043403122821,-0.3215433813708424,0.4582715569394414,-0.1076823520799
qwen-3.5-flash,1,baf38d,web,42,0.0009277808740844,0.1360683497592932,2.792280160941534,0.0240374736966457,0.5555448984638861,-0.0196565739525349
qwen-3.5-flash,3,baf38d,web,45,0.0286641494161238,0.1477816621353341,2.672410116261476,0.1006856413264406,0.571958513033149,0.0109274420349602
qwen-3.5-flash,3,ba9073,web,52,0.1359054942810875,0.1693876173808469,3.081308751304473,0.417778380868688,0.5932044721472387,0.0991556963363613
qwen-3.5-flash,2,baf38d,web,41,0.0871982804203728,0.1534814116066906,2.737283385520091,0.2520678368999486,0.5642315357742944,0.0648917036565054
qwen-3.5-flash,1,bb1ef8,desktop,50,0.3200566134616521,0.3115046397067779,3.0646139121895892,1.2652115521224745,0.7022663778851954,0.2915760847047562
qwen-3.5-flash,2,bb23c6,mobile,32,0.0233982790675205,0.3820972565630457,1.3899166344766332,-0.0528982285034186,0.4926365900227061,-0.051442409568205
qwen-3.5-flash,3,bb23c6,mobile,30,0.2278118164218557,0.4129665703185851,1.371813437503708,0.2835722185731579,0.6084613703910906,0.1795394110813505
qwen-3.5-flash,1,bb23c6,mobile,30,0.0927890132341629,0.3676188250437154,1.7761337374391626,0.0815356787917973,0.5871779995449118,0.041985345868152
qwen-3.5-flash,2,bb1ef8,desktop,21,0.4182081410358506,0.3502973740712708,2.834110067401387,1.609675682568285,0.720543894732932,0.3626083664053935
qwen-3.5-flash,3,bb1ef8,desktop,31,0.2098165291219046,0.2747626043854457,3.076794804948432,0.8021302393280344,0.7088456548971315,0.2148197615898818
qwen-3.5-flash,3,bae388,mobile,51,0.1998508231420339,0.2706038432328176,2.9625415216258775,0.4527595151034149,0.7565348628339229,0.1686277891410274
qwen-3.5-flash,1,bae388,mobile,30,0.2889232198479682,0.3187424795759604,2.235934929956908,0.6494095496640557,0.791848428861547,0.2001963128691173
qwen-3.5-flash,2,bae388,mobile,30,0.1866541597289724,0.2629840480217758,2.8518707536614776,0.3357161829572737,0.7045684346055768,0.0804809781882563
qwen-3.5-flash,1,bb3926,poster,51,-0.0556027791275062,0.2223431109617956,1.8848340964227688,-0.1408113660013965,0.648488827528776,-0.0073358076249713
qwen-3.5-flash,2,bb3926,poster,49,0.179421588735732,0.3696560660814958,1.2933970453588175,0.3753710820581311,0.6467170523691553,0.1552122349219611
qwen-3.5-flash,3,bb3926,poster,50,0.1146804817027132,0.3217961123868167,1.3626530426262815,0.2345412604533084,0.6164288580084892,0.1661419000669762
qwen-3.5-flash,1,bb4af5,web,44,0.3007329552639208,0.3202128298018602,1.4867987352842151,0.7520737967170504,0.6820596173224432,0.1500710934514688
qwen-3.5-flash,2,bb4af5,web,51,0.3827843197339068,0.3688753996201143,1.285520876690936,1.0605397543792083,0.7771922690273474,0.2218579743697801
qwen-3.5-flash,1,bbc0fc,poster,30,0.2863759362415786,0.2984287080688502,1.480517248439743,0.7435892135816826,0.7128306464546676,0.151133188552884
qwen-3.5-flash,3,bb4af5,web,38,0.4515303220990056,0.3916816582699384,1.186839349127046,1.0829204926867315,0.7971234297189962,0.3449959023532008
qwen-3.5-flash,2,bbc0fc,poster,49,0.0068608587828434,0.2206551886588119,1.9187924037318704,0.0942337046821671,0.5283563413368971,-0.0486994990561041
qwen-3.5-flash,3,bbc0fc,poster,30,0.0445609005611241,0.2410629877275452,1.931505045209876,0.1820851711709191,0.6073391930320006,0.0081423388251845
qwen-3.5-flash,1,bb56be,poster,53,0.1395454061850102,0.2733316881298186,3.6291051740561615,0.4158986515443599,0.60184860929922,0.149830249089675
qwen-3.5-flash,2,bb56be,poster,52,0.1756032321640228,0.2863595519669412,2.7189557333392953,0.5791283568103632,0.6359516984384422,0.2431451046400967
qwen-3.5-flash,3,bb56be,poster,52,0.1595035586606394,0.2863595121825119,2.348412142005484,0.4753255128112009,0.6556782346648488,0.2041810412174245
qwen-3.5-flash,1,bbc4d8,web,30,0.1209152776602858,0.1974683559847588,2.6837174490015556,0.3308387603388414,0.617867480137568,0.1319866047863389
qwen-3.5-flash,2,bbc4d8,web,32,0.1806215629119083,0.2346919270443832,1.817520467134784,0.5244493164299963,0.6936319589694789,0.1310906217820758
qwen-3.5-flash,1,bb34f1,poster,49,0.1676819952068358,0.3231368812261717,2.8457683994278655,0.2366710325259785,0.673788173967992,0.0417398607246392
qwen-3.5-flash,3,bbc4d8,web,43,0.0222902221521033,0.1593320172321804,2.772701588236552,0.009998149357989,0.5191208378763777,0.0648858169572342
qwen-3.5-flash,3,bb34f1,poster,50,0.2245647388330551,0.264797506324459,5.092385753346907,0.2853914602597382,0.4809931990300498,0.0799161303754366
qwen-3.5-flash,2,bb34f1,poster,119,0.0924145261257208,0.2394265564374105,5.274910188303334,0.0603497276388005,0.473786181078008,0.0183405726283005
qwen-3.5-flash,1,bbd445,desktop,54,-0.0850802274286063,0.1627087851118093,3.5847754783587007,-0.1853982470724698,0.4576771625811122,-0.088814455595143
qwen-3.5-flash,2,bbd445,desktop,35,0.1026675501251877,0.2441601169485622,2.884628178648331,0.4606956039252602,0.6005786602831227,-0.0728185436436874
qwen-3.5-flash,3,bbd445,desktop,31,0.0003198809878292,0.2027041859884936,2.730377811165148,0.0675363276346165,0.561656342271128,-0.1228726354633596
qwen-3.5-flash,1,bbffc1,poster,49,0.110879468124039,0.270959030020152,3.994087326230749,0.2804161279555145,0.5889555766636898,0.1298412461438721
qwen-3.5-flash,3,bc25a7,mobile,6,0.0377830339525295,0.1026482352655916,7.187689814802114,-0.2050619079693587,0.3876538312967733,-0.0900197991381949
qwen-3.5-flash,3,bbffc1,poster,30,0.0737192142827539,0.2203902726610388,5.8635318871629325,0.3611419266902707,0.4548331180453271,0.0564404735209992
qwen-3.5-flash,1,bc25a7,mobile,33,0.0491030561409432,0.2469769421655499,2.994681673903394,-0.3459304137256294,0.5651541728487809,-0.1026050899062251
qwen-3.5-flash,2,bbffc1,poster,51,0.1588095727673437,0.2902615071779897,3.6379371766934345,0.7226601619741551,0.6390193807504249,0.1731704890477002
qwen-3.5-flash,2,bc25a7,mobile,30,0.0576782766592189,0.2370179467238398,3.092736375750082,-0.3056204678317106,0.5910076016404746,-0.1011030882924917
qwen-3.5-flash,1,bc43bb,mobile,37,-0.0750811314108677,0.1341559656740523,6.386474448520029,-0.1351605244478627,0.3942803246852481,-0.0062344016728588
qwen-3.5-flash,3,bc43bb,mobile,31,-0.0406874401264417,0.1459764999653406,6.317934448002558,-0.0510821789329542,0.4098101830721328,0.0223040521157692
qwen-3.5-flash,2,bc43bb,mobile,30,-0.0217458411771118,0.1646505751564557,5.470718619777101,-0.2026350682519492,0.4158475860010956,-0.0399153931017741
qwen-3.5-flash,1,bccea2,web,33,0.2190682859817625,0.3127743568081174,1.7213828310628805,0.7172050614580163,0.6959048277086627,0.1740616591116247
qwen-3.5-flash,2,bccea2,web,31,0.3151568593570066,0.3696406903307259,1.7936376575535946,0.999986887437029,0.7777228211187003,0.2842882814407864
qwen-3.5-flash,3,bccea2,web,50,0.1410306379892015,0.2972063304365727,1.628435992945338,0.4824794897450782,0.715268948242569,0.130053945738516
qwen-3.5-flash,1,bcdde6,web,46,-0.0727179384726126,0.1478361519996729,3.5759604452723086,-0.1697730635804233,0.5062193617733988,-0.1207977728776176
qwen-3.5-flash,2,bcdde6,web,41,-0.0586787882369382,0.1625521929543688,3.3700096178779817,-0.0861181798952619,0.5664159517651283,-0.1113179475477951
qwen-3.5-flash,1,bca872,mobile,37,0.1657866347384086,0.2295990091533066,4.006107582707457,0.4008829951560422,0.5746563353503997,0.1872450336770308
qwen-3.5-flash,3,bcdde6,web,30,-0.0459822118569244,0.1551891490855245,3.935718768811189,-0.0780969116769936,0.5594236904972989,-0.0817234182694117
qwen-3.5-flash,3,bca872,mobile,35,0.1985732925315111,0.2557266279757947,3.60831441316615,0.4385625569348935,0.5993638833629575,0.2071732939888193
qwen-3.5-flash,2,bca872,mobile,36,0.1859187905165509,0.2473850457540884,3.6281179694438936,0.3785687895081029,0.5914026507337382,0.2017583335962801
qwen-3.5-flash,1,bd57a3,web,35,0.0174705011683686,0.167549829834942,3.210223458016588,0.0908425078786628,0.5910156967118287,-0.0156157208979959
qwen-3.5-flash,1,bd7a8b,poster,53,-0.0537236260187313,0.3059382202418892,3.100476908491922,-0.004859173313132,0.4808197797194211,-0.1369175963678203
qwen-3.5-flash,2,bcc33b,poster,30,-0.0814683190755292,0.0596147557232232,8.283879688166595,-0.3416454991715631,0.2924758341193529,-0.0695366487738051
qwen-3.5-flash,1,bcc33b,poster,42,-0.0378545424140606,0.1262174649246704,7.706457563688019,0.0544620397347502,0.3377767541427594,-0.0627509441556032
qwen-3.5-flash,2,bd57a3,web,34,0.1932281733456305,0.2232774350155134,2.245898123798782,0.6564868746454252,0.7447103743453267,0.1682771597888093
qwen-3.5-flash,3,bcc33b,poster,31,-0.0937068974100608,0.053744935563309,8.722940013660645,-0.3370101810328447,0.2112713318826947,-0.0578412702710451
qwen-3.5-flash,3,bd57a3,web,35,0.0363476958295134,0.1786607231898689,3.583716364831306,0.2000170516368822,0.5963180593827119,-0.015459104536735
qwen-3.5-flash,1,bd8797,poster,31,0.1757237718347847,0.2620169847143106,1.8911466877631948,0.6218392869183228,0.6635522492145727,0.0503039809044996
qwen-3.5-flash,3,bd7a8b,poster,53,0.1199005649133546,0.3401235565532991,2.3895420037359103,0.4637669451889926,0.6553981741790798,0.0492155142861022
qwen-3.5-flash,2,bd7a8b,poster,30,0.2225199906714103,0.3362410253405977,2.047933693502951,0.5753540932965713,0.658815061484313,0.12119838657476
qwen-3.5-flash,2,bd8797,poster,30,0.000666475914634,0.1896144998569787,2.727535312874226,0.1074223274870719,0.6042435739677331,0.0011862435641405
qwen-3.5-flash,3,bd8797,poster,30,0.1351545168452078,0.2526590442994737,2.055059104740439,0.4146475277931675,0.660766064619207,0.1139055095657599
qwen-3.5-flash,2,bdf30a,desktop,82,0.1586368267575014,0.2611957077205313,2.325776415860719,0.3620756448750472,0.5946745097072873,0.2072894540106904
qwen-3.5-flash,1,bdeb92,web,70,0.217466641579385,0.2094943433664412,5.9005713449203405,0.753367794682182,0.5047448535312792,0.2522312053340534
qwen-3.5-flash,2,bdeb92,web,35,0.1466605957326468,0.1965615744069721,2.1703702631046067,0.5504181382244286,0.6720724428768937,0.1428621810755363
qwen-3.5-flash,1,be0882,desktop,30,0.3695087746584833,0.3037180277059907,4.788979742673499,1.0204232727410734,0.5587324416687817,0.2415297567262674
qwen-3.5-flash,1,bdf30a,desktop,50,0.4613684298762053,0.3937319947607548,1.3097102875843805,1.0941120664275157,0.7381632111118139,0.4438486643935644
qwen-3.5-flash,3,bdf30a,desktop,30,0.355227907212254,0.3644589033740967,1.8990700115772747,0.8718497750363856,0.7044592218702792,0.3397941944924538
qwen-3.5-flash,3,be0882,desktop,30,0.3695087746584833,0.3037180277059907,4.788979742673499,1.0204232727410734,0.5587324416687817,0.2415297567262674
qwen-3.5-flash,3,bdeb92,web,53,0.3890956815682652,0.2852449137433375,1.4809204764830075,1.3342396287722538,0.8365043744485885,0.3209105503520348
qwen-3.5-flash,2,be0882,desktop,88,0.3777605168271895,0.3338796389689426,1.8037237387538303,1.2989485124179745,0.8429559661731979,0.1291156548555174
qwen-3.5-flash,1,bec3fa,poster,275,-0.124235527375643,0.0237282955294022,7.469934227806862,-0.3886184833307869,0.3745997442804107,-0.0366375440865887
qwen-3.5-flash,2,bec3fa,poster,31,0.0380357599058433,0.1733052694913974,6.430943381513817,0.1090528814438779,0.4297110122408325,0.061555924170966
qwen-3.5-flash,3,bec3fa,poster,54,-0.0651683248214145,0.1276332247350641,5.948555166196905,-0.2071203104928177,0.455687457446046,-0.00727660930286
qwen-3.5-flash,1,be2ed1,web,38,0.0835153136223701,0.1795879173245454,2.5203622117099727,0.1057442942904402,0.6659131201077783,-0.0496167042585664
qwen-3.5-flash,2,be2ed1,web,37,0.0776977647570023,0.1783316974741367,2.5369731070683774,0.0877731529024825,0.6695153514376398,-0.0443186854252582
qwen-3.5-flash,3,be2ed1,web,42,0.1002478987470729,0.1875144120337448,2.52226498845953,0.1786135378855342,0.6847305912304678,0.0004421143187482
qwen-3.5-flash,1,bef09c,desktop,30,0.2216603856460545,0.2207269427755547,5.879142024524006,0.4668572813546984,0.526926725734912,0.224467118822416
qwen-3.5-flash,3,bef09c,desktop,30,0.2216603856460545,0.2207269427755546,5.879142024524006,0.4668572813546984,0.5269267231085594,0.224467118822416
qwen-3.5-flash,2,bef09c,desktop,30,0.2413055367720619,0.2387437776306785,6.8112666022192645,0.5921694095305609,0.3609998034437733,0.2471262806397834
qwen-3.5-flash,1,bef1f3,web,82,0.0294560718803283,0.1741681584821656,2.395674579010988,0.2134576912694997,0.6687225915621616,0.0299460493945887
qwen-3.5-flash,2,bef1f3,web,60,0.1257398403885287,0.2205957532837767,2.1526913503952345,0.5950117696263255,0.6904896644391537,0.0930249888302745
qwen-3.5-flash,3,bef1f3,web,59,0.1592443977811866,0.2475163117907277,1.9426699021726024,0.7175486755242185,0.7271070543689079,0.0364701275087491
qwen-3.5-flash,1,bf05c8,desktop,52,0.1261568550561105,0.2121596404810094,2.4543102409405826,0.3872723777069161,0.6414962662943876,0.0081553707672091
qwen-3.5-flash,1,becb10,mobile,51,0.1660719916708217,0.2657899339117605,3.3003136359894114,0.4875802590772709,0.6791594122347863,-0.064588033109688
qwen-3.5-flash,2,becb10,mobile,50,0.1691053099767076,0.2645857269766139,2.420690992272523,0.2805781408657985,0.6502693347849007,-0.0098987964780396
qwen-3.5-flash,3,bf05c8,desktop,52,0.0688980111044178,0.197843502425646,2.197113451800491,0.2255808941151778,0.6106686292191664,0.0122835969707746
qwen-3.5-flash,2,bf05c8,desktop,46,0.0314909101255014,0.1842068058950494,2.846319124022004,0.1363323205696482,0.5623347693570333,-0.0076572827420447
qwen-3.5-flash,3,becb10,mobile,32,0.1164851313212353,0.2581714777195352,3.060825345122665,0.1509750121966979,0.6581703469428918,-0.1031630275191218
qwen-3.5-flash,1,bf2da8,desktop,34,0.0486362941244333,0.2492031115585768,3.4329935655669113,0.107331344638014,0.5873594665834627,0.0171447415334708
qwen-3.5-flash,2,bf2da8,desktop,38,0.1178381253919282,0.2887809641492754,2.9622631882590027,0.284263172115235,0.6112123934751474,0.0287659542589618
qwen-3.5-flash,3,bf2da8,desktop,38,0.1080811067163612,0.2852321394593421,2.936633537774736,0.2622696794150661,0.611627495147018,0.018173738692426
qwen-3.5-flash,1,bf4440,desktop,37,0.0574834005510118,0.1360123474101285,6.9723813638816665,0.1120852813005,0.3720808393293857,0.0010017987768377
qwen-3.5-flash,1,bf66e8,desktop,48,0.2708829012485709,0.3241782704232497,2.4418389981930173,0.774250910034695,0.6951682767636117,0.2299955353595522
qwen-3.5-flash,3,bf66e8,desktop,54,0.2666879909981757,0.3213900293416996,2.477857687850147,0.7746087850135683,0.6850228005017648,0.1465194728932082
qwen-3.5-flash,2,bf66e8,desktop,36,0.1664975655697144,0.2841847360566545,3.1723299333859916,0.5308545159545411,0.6415667611675889,0.1337618116276306
qwen-3.5-flash,2,bf4440,desktop,58,0.1065990813881706,0.1727976057832383,6.353436733005736,0.2698932232859826,0.3864510902439403,0.0416212074014678
qwen-3.5-flash,3,bf4440,desktop,30,0.0767333077850508,0.1509881367974041,6.868137256990952,0.1758324808207862,0.3797929822019031,0.0062563349380102
qwen-3.5-flash,1,bf97aa,desktop,54,0.1716986084786577,0.2857019994591203,2.5232382459877383,0.3667434223896688,0.6829704881079477,0.0709937695407327
qwen-3.5-flash,3,bf97aa,desktop,51,0.0845403596395021,0.2483949651554457,2.6756675441893356,0.1537365899355011,0.6699725842060321,0.0071715576720199
qwen-3.5-flash,2,bf97aa,desktop,51,0.0724378096690414,0.2349770981211997,2.71729388515069,0.0922658563253369,0.6706691251127131,-0.0074019880883881
qwen-3.5-flash,1,bfa4f2,web,36,0.180129967591456,0.2179684982498294,2.968391480350988,0.6276525077591528,0.6517795085711744,0.203515583044964
qwen-3.5-flash,2,bfa4f2,web,39,0.1944044974104994,0.2310354559221068,2.6064353393478736,0.7632609556019118,0.671752054556474,0.2232013435014272
qwen-3.5-flash,3,bfa4f2,web,31,0.3023468442186179,0.2767748411389122,2.296174918525991,1.060896659979902,0.7163956570656786,0.3165186264746377
qwen-3.5-flash,1,bf7fae,mobile,30,0.1849936942490925,0.2987037528665391,2.5874707279342535,0.7425418071236538,0.7018089710305203,0.1563514531510736
qwen-3.5-flash,1,c00ba0,desktop,52,0.297551592755811,0.3148071260840899,2.853161052992752,1.1757754408753671,0.734793641707089,0.2756492079875423
qwen-3.5-flash,3,bf7fae,mobile,29,0.1654158268199003,0.2728839871565195,3.2220214632419597,0.8350582303695976,0.6623681823543057,0.1280393867010406
qwen-3.5-flash,2,bf7fae,mobile,34,0.1817656941411883,0.3029731409841179,2.530750646276983,0.929285072444212,0.7098454167177211,0.1636592562055402
qwen-3.5-flash,2,c00ba0,desktop,52,0.3102688128949733,0.2988448799376123,3.891551988173421,1.2323568666747169,0.7095422999837436,0.2884422069261019
qwen-3.5-flash,3,c00ba0,desktop,34,0.330286921005351,0.2972816760007226,2.9979847137318303,1.3155442483305424,0.7218894690211894,0.283179230128753
qwen-3.5-flash,1,c01b8e,mobile,30,0.0548144881634325,0.3289976907750597,1.7292110091603503,0.1900868748905747,0.5829092833201178,-0.0634538658438904
qwen-3.5-flash,2,c01b8e,mobile,30,0.0431502800557248,0.3127527580529704,1.7235316663106923,0.0594494119260561,0.5757503344127661,-0.2379967624240949
qwen-3.5-flash,3,c01b8e,mobile,30,-0.036409069373665,0.2912340112827885,1.6940181872200637,0.0368545975181919,0.549844037324183,-0.180050016620546
qwen-3.5-flash,1,bfd9c4,mobile,7,0.1693867415704948,0.2171625142401306,5.5543757009010015,0.2912894363831843,0.517849216801767,0.118861035192784
qwen-3.5-flash,1,c01022,web,31,0.2673639407957646,0.2745401921264125,2.310577097176023,1.142053092080492,0.7824794829882384,0.2226412015385471
qwen-3.5-flash,2,bfd9c4,mobile,30,0.1902191515727135,0.2690145743701806,3.6822899057150114,0.4775735179168973,0.6094007914570211,0.1533740989307159
qwen-3.5-flash,3,c01022,web,38,0.1940252614961604,0.2391702275847357,2.393853687886358,0.8432304576716764,0.7742186304408277,0.1865014808188136
qwen-3.5-flash,2,c01022,web,35,0.3033609210299219,0.2868187441564636,2.076084620256886,1.2632448062061716,0.7991608323063006,0.2521308112468335
qwen-3.5-flash,3,bfd9c4,mobile,8,0.1556540379830641,0.2118263336793628,5.622994106007597,0.2511858301843754,0.508153179177097,0.1001487800632979
qwen-3.5-flash,1,c0233f,desktop,36,0.1283946080340897,0.252313517408307,1.819471655763274,0.424699730770335,0.6690283963574194,0.0515769199168338
qwen-3.5-flash,2,c0233f,desktop,44,0.1386603407214355,0.248989440252462,1.832567862171158,0.3739536797747795,0.6328550305793301,0.0722754444053413
qwen-3.5-flash,3,c0233f,desktop,37,0.0760988889111864,0.2279372312151086,1.9850586591349653,0.2493235523115052,0.5871085151985156,0.0066090742279594
qwen-3.5-flash,1,c0422a,web,57,0.0214692943571212,0.2111501171517502,4.336422868859648,0.0728851785066893,0.4812892000659162,-0.0406028017488589
qwen-3.5-flash,3,c0422a,web,67,0.1022575456539272,0.2372053548235412,2.402645328649842,0.3194597078846313,0.5906666677661399,0.067262772771529
qwen-3.5-flash,2,c0422a,web,92,0.0209896885850412,0.2013196334464841,2.8344517322579437,0.0630004338022698,0.5295114440167121,0.0010831960480359
qwen-3.5-flash,1,c05976,web,37,-0.0258409825869026,0.1379201234674443,4.483547379724036,0.0190970020031914,0.4955100510186929,-0.0431227317654989
qwen-3.5-flash,2,c05976,web,37,-0.0427106275678624,0.1364395136828605,3.428024746986768,-0.0605089870851246,0.5381855594230902,-0.0688931671213183
qwen-3.5-flash,3,c05976,web,37,-0.0599370243363837,0.1262142348660712,4.4621971539768,-0.1259514585991348,0.4967376107026165,-0.0743865393599919
qwen-3.5-flash,1,c02580,mobile,53,0.3643217065835139,0.352776259433516,3.0405297668916846,0.7332712476750021,0.6985787975153288,0.3617135987892505
qwen-3.5-flash,2,c02580,mobile,30,0.2906787760122699,0.3454161543739508,2.917333943798548,0.6041148517550513,0.7076735015992804,0.284875693780239
qwen-3.5-flash,3,c02580,mobile,50,0.2754280186880332,0.3166233992721659,3.261513058970639,0.5777462900388655,0.6846536204760114,0.2690949832807475
qwen-3.5-flash,1,c053d2,mobile,35,0.2300643327500904,0.2709018193318164,3.1426917000083456,0.5869744875565083,0.6884953015361152,0.2196653338743381
qwen-3.5-flash,1,c05cd5,mobile,30,-0.0396071947047093,0.1389371075993962,3.609176008386094,-0.0812624114683602,0.4467976438584951,0.0682800474926298
qwen-3.5-flash,2,c05a14,web,49,0.0189907010862433,0.1764739385044658,2.535172719905868,0.0485153950030144,0.6178218679827078,-0.086165845211846
qwen-3.5-flash,2,c053d2,mobile,34,0.2442815881473584,0.2786593890600449,3.127043590467637,0.6244561323198077,0.7097745267975868,0.2307121824775838
qwen-3.5-flash,3,c053d2,mobile,34,0.2221200272888127,0.2705580831725857,3.156933269814192,0.5468973950343068,0.70732572304151,0.2081712096096638
qwen-3.5-flash,1,c05a14,web,42,0.0820949389346211,0.2083029144018652,2.3078262354181955,0.2601989946567268,0.6200232491218776,-0.0176911206060756
qwen-3.5-flash,1,c08f50,poster,35,0.2389133548623818,0.3326608253988286,1.362838020122333,0.5180108222338803,0.6620364050692423,0.142727178083535
qwen-3.5-flash,2,c05cd5,mobile,30,-0.0354866200055343,0.1400816754902906,3.6562241668856537,-0.0750275961460085,0.4461771490728822,0.0673928768632095
qwen-3.5-flash,2,c08f50,poster,30,0.3222133149473835,0.3545156499359104,1.2667237736179715,0.6911319373546194,0.712447494878548,0.1248935635663847
qwen-3.5-flash,3,c05cd5,mobile,30,-0.0823626628512923,0.1295283505867741,3.909230551002244,-0.1917992297318292,0.4053695324177644,0.0019054505388663
qwen-3.5-flash,3,c05a14,web,46,0.1275858324568048,0.2380248676926026,2.073846149392919,0.3843223909319173,0.6645217719311506,-0.0172398202209203
qwen-3.5-flash,3,c08f50,poster,30,0.1774266436118122,0.3251563990865802,1.4693028515291715,0.3856453873004788,0.6157397270019396,0.1142119543855699
qwen-3.5-flash,1,c0ad6f,poster,51,0.4586627614031143,0.3781885438634753,1.4354108528954026,1.292336410353384,0.7717042988136807,0.3810040400494349
qwen-3.5-flash,3,c0ad6f,poster,50,-0.0390262733570904,0.2000893732017833,2.2109818215545274,0.0248958177265458,0.5237345616515935,-0.0116909900586726
qwen-3.5-flash,2,c0ad6f,poster,31,0.1987066396931364,0.2614819931916362,1.8375603804621436,0.6721053801207405,0.6396560063377414,0.2005887787916234
qwen-3.5-flash,1,c0e167,desktop,30,-0.0149588880610445,0.1335639050724772,7.220920109841518,-0.1110188592368033,0.3887525511441144,-0.0084545623996961
qwen-3.5-flash,2,c0e167,desktop,30,-0.0136617991736591,0.1385415364513844,7.163357478607164,-0.1015601265842052,0.3909273445279718,-0.0113126947190145
qwen-3.5-flash,3,c0e167,desktop,57,-0.065177843383574,0.124086523299807,7.1964525322688955,-0.2415841122894026,0.3429797177449226,-0.0376950023285043
qwen-3.5-flash,1,c10e6e,web,57,-0.0024746935877731,0.1357286170258435,4.956474213458524,0.0387031202984797,0.4955763324063235,-0.039498046351295
qwen-3.5-flash,2,c10e6e,web,25,-0.0102840300375722,0.1417088265163207,4.6783559902453415,-0.0078975400478797,0.4906439823953348,-0.0672435203426953
qwen-3.5-flash,1,c143b6,poster,30,-0.0121013863137938,0.1441044055537255,3.0721180102171894,-0.1368347331987282,0.5183822147805456,-0.0309516688196843
qwen-3.5-flash,3,c10e6e,web,32,-0.0490248278761146,0.118404098010252,4.883038756609197,-0.143088585714122,0.4617058513666542,-0.0463341228682114
qwen-3.5-flash,3,c143b6,poster,35,0.0954252479647988,0.1720627269195058,3.0169122140998827,0.0699498205339187,0.5296872372022788,0.0665600740405001
qwen-3.5-flash,2,c143b6,poster,53,0.0085647513127405,0.1583841976953148,2.7962544588591367,-0.0274074501335284,0.55196061789092,-0.0165396654030875
qwen-3.5-flash,1,c1ad1f,poster,31,0.0821406589760861,0.2181550235989021,3.4153836979511936,0.3364082969443606,0.5973487434354965,0.0599358886715093
qwen-3.5-flash,2,c1ad1f,poster,51,0.0080129737724846,0.187297752820648,3.7379173918241175,0.0788278122147638,0.526244054109343,0.0066238050771084
qwen-3.5-flash,3,c1ad1f,poster,51,0.1184887432807096,0.2224364196039971,2.680703089338399,0.4213464418342057,0.5991402260837935,0.1098172876941853
qwen-3.5-flash,1,c228a1,web,51,0.1230427983107706,0.2867606155974712,2.0648742221972616,0.3216783396538069,0.6372417704960105,-0.1421661917584273
qwen-3.5-flash,1,c25357,poster,51,0.3619687452174969,0.3524257822889863,1.3185391225434795,0.7650304148975744,0.7091958772405538,0.3394731541892388
qwen-3.5-flash,1,c23e50,web,51,0.049636946649155,0.2177449292453573,2.423492829200508,0.147749144431321,0.6052294343196114,0.0263449510459736
qwen-3.5-flash,2,c15cd3,web,27,-0.039854852535441,0.1453334362868568,5.829755438490146,-0.1487504165962395,0.4311883734616201,-0.0315656237113325
qwen-3.5-flash,2,c25357,poster,55,-0.06247281833718,0.2261420887263968,1.9739341718202967,-0.0193447552331619,0.5549517113558309,0.0192566897050911
qwen-3.5-flash,3,c23e50,web,50,0.071158382407462,0.2239909003882711,2.483564341459101,0.1912329888629201,0.5996125083996694,0.0452329921029532
qwen-3.5-flash,2,c23e50,web,48,0.1219646124441863,0.2449394151912935,2.306469711328323,0.2965841809313994,0.6303200704391239,0.0574173205396787
qwen-3.5-flash,3,c25357,poster,52,0.2688827117574243,0.2876941449843709,1.4835441906389355,0.5511439843580792,0.6601399894843469,0.2179379537860457
qwen-3.5-flash,3,c228a1,web,46,0.1047784653302194,0.2762599952196211,2.420975562933765,0.2960596243073807,0.6244716882347743,-0.1461602101816133
qwen-3.5-flash,3,c15cd3,web,30,-0.0444406798191813,0.1372686285828165,6.334559063319808,-0.1524529959593046,0.3629100025480859,-0.0438829060672685
qwen-3.5-flash,2,c228a1,web,48,0.1089188153041483,0.2811655703795987,2.2557643687723083,0.3001025437578302,0.6331601192554565,-0.1436923379468207
qwen-3.5-flash,1,c15cd3,web,30,0.0893609776213331,0.2403627260588074,3.2565483965958633,0.340490509136079,0.6386340665023974,0.0692082417408412
qwen-3.5-flash,1,c2a57a,desktop,192,0.1202432943159457,0.2069236690872756,1.926677471382084,0.346730657105964,0.5995577816800032,0.0023749776833262
qwen-3.5-flash,2,c2a57a,desktop,62,0.1503885817735639,0.2313156628946833,2.0688654357785725,0.4589976499238854,0.6634081058331458,-0.0321962417305712
qwen-3.5-flash,3,c2a57a,desktop,84,0.1841033034892843,0.23992203813178,1.774835445524749,0.4983528252288455,0.6627403277322228,-0.1033368782279665
qwen-3.5-flash,1,c2c5ec,web,30,0.1754632858973806,0.2842771135512474,2.775664216128724,0.5392654331579462,0.6833108232189639,0.1142471996222795
qwen-3.5-flash,2,c2c5ec,web,32,0.1839840259024052,0.2966576123269134,2.492499205368988,0.5668091338808363,0.6923652050804768,0.1289229670853716
qwen-3.5-flash,3,c2c5ec,web,47,0.1724441104826061,0.2779691451774478,2.6254327549334384,0.6654308881427635,0.6673022499826518,0.0831074894017923
qwen-3.5-flash,2,c27e4e,mobile,32,0.1452626865190238,0.3183014203935828,3.365101357395881,0.3184987121500102,0.5398643912612423,0.2224119537180836
qwen-3.5-flash,2,c29a4e,mobile,29,0.0726947956545304,0.2305915766819408,3.2397908086358216,0.1467071405592499,0.5469213233826518,0.0331494181985374
qwen-3.5-flash,1,c27e4e,mobile,31,0.0911460733003412,0.2966791948138755,3.5276489068730843,0.1026708110869654,0.5332708073343908,0.1492374152459845
qwen-3.5-flash,3,c27e4e,mobile,48,0.1868832153023646,0.2692735726116758,4.0790640491707295,0.1128978378029677,0.494203879682189,0.2244882441919197
qwen-3.5-flash,1,c29a4e,mobile,29,0.0738285206049882,0.2311869528970332,3.239872481734335,0.1563133455194817,0.5470746529975432,0.0345393797402269
qwen-3.5-flash,3,c29a4e,mobile,29,0.0743163508707126,0.2325139106645811,3.2108111497791945,0.144633717297978,0.5510979765863366,0.0295884692511263
qwen-3.5-flash,1,c2db26,desktop,30,0.2311519097172318,0.2273119905481635,5.380504505264331,0.806394472814683,0.6458867445618661,0.1211597979344069
qwen-3.5-flash,1,c33956,desktop,50,0.3489463570556748,0.3366927387261587,1.5649853797166542,0.9433213796412818,0.7430185809598873,0.4262313708320949
qwen-3.5-flash,2,c2db26,desktop,34,0.2390839912221336,0.2285700725778113,5.247321708872406,0.8412849863569987,0.6945156285590718,0.1247598766557759
qwen-3.5-flash,2,c33956,desktop,51,0.4246322701549906,0.3712845469611525,1.3696096712618906,1.1483210854332249,0.7768389413265069,0.4796216128696459
qwen-3.5-flash,3,c2db26,desktop,31,0.237904691088726,0.2671931703568005,5.633703007832835,0.6930372262037764,0.5821395959783147,0.1786865607254757
qwen-3.5-flash,3,c33956,desktop,30,0.3798411128160253,0.3389688204022665,1.4961134351582106,1.0038033015588026,0.7456160109935999,0.4259215520479147
qwen-3.5-flash,2,c31d79,web,30,0.118658935229876,0.2353592186233638,3.5163939267965305,0.4233728759434713,0.7098447334079176,0.076778967211413
qwen-3.5-flash,1,c31d79,web,30,0.0573166737738533,0.1840094926477596,3.7317656837257176,0.2482473664155569,0.5814727413762059,0.0549482370603629
qwen-3.5-flash,3,c31d79,web,30,0.1288056828557544,0.2335876364372451,2.543518688823734,0.5028726108457182,0.6822226612323017,0.0890378171011142
qwen-3.5-flash,1,c35930,desktop,34,0.1040648579333285,0.1994708623526543,3.922528665442022,0.3070496140828433,0.6483962286496154,0.1704641366762838
qwen-3.5-flash,2,c35930,desktop,35,0.1012234568313381,0.19754888120052,2.705140921514214,0.2853016300055335,0.6195401627681616,0.1374573477980232
qwen-3.5-flash,3,c35930,desktop,23,0.1207042638291207,0.1911783206860324,3.5908751428052956,0.3779901281770924,0.6185109902866319,0.1864141736131397
qwen-3.5-flash,1,c3ac4c,desktop,49,0.0112002023981284,0.2058377491090577,3.067259266906947,0.0027858106346886,0.6143866805980917,0.0335116664484346
qwen-3.5-flash,1,c3709c,desktop,52,0.4049346171257164,0.4156645813718199,1.464298812195863,1.328084302983945,0.8054410338471529,0.3366951655275484
qwen-3.5-flash,1,c36099,web,52,-0.1133790059360327,0.1061721010294947,4.891089095913522,-0.2447915503197908,0.4739459523422718,-0.0248230190382216
qwen-3.5-flash,2,c3709c,desktop,52,0.2869055356770604,0.3593070875173539,2.3920756825896907,0.9290165836794664,0.7757409614015645,0.1944431061835384
qwen-3.5-flash,3,c36099,web,52,-0.077695819540363,0.1483805168201571,4.05033120809899,-0.1697214447736719,0.4664223449894097,-0.011847596910273
qwen-3.5-flash,2,c3ac4c,desktop,283,0.3745907552850308,0.3638000271063927,2.1518223930329263,0.950008755725938,0.752335891876851,0.2179702571531763
qwen-3.5-flash,3,c3709c,desktop,51,0.3916825271690862,0.4286649304814634,1.5256056263458813,1.260569809710154,0.7945361080209055,0.3020476175279505
qwen-3.5-flash,2,c36099,web,37,-0.0446574219506103,0.1434496694136053,4.34666171483446,-0.036658631891484,0.5107844892496577,0.0023112946294773
qwen-3.5-flash,3,c3ac4c,desktop,66,0.1250448389903974,0.2451762318099214,3.1898371288200975,0.400953536084599,0.6568665434024952,0.0770062019337163
qwen-3.5-flash,1,c3cd6a,poster,52,0.1476311972198171,0.2131757703308334,1.929692179046648,0.4411590418055278,0.6942616240570207,0.1810220324629889
qwen-3.5-flash,2,c3cd6a,poster,52,0.3322335591127101,0.2452132008983008,1.6687489237246864,0.8622606312692479,0.7233488786393161,0.2762222614517382
qwen-3.5-flash,3,c3cd6a,poster,273,-0.0555830249421592,0.1592376072713089,2.929164579540702,-0.1990137725637409,0.4967941815463722,0.1247027059277123
qwen-3.5-flash,1,c3ce89,web,43,0.2200685744082546,0.2631881051438301,2.7261813044099954,0.7455916643075373,0.7412872053444881,0.1914318508994262
qwen-3.5-flash,2,c3c939,web,35,-0.0571514432361063,0.1863439899442965,4.931683517265081,-0.0738350672262324,0.4557390500133565,0.0273937352344647
qwen-3.5-flash,3,c3ce89,web,46,0.066118430224438,0.1802546799567244,3.794918357967359,0.2585484834774789,0.6842929417911247,0.0849750341325929
qwen-3.5-flash,1,c3c939,web,31,-0.0462444654966191,0.1711500994212664,5.433105257229242,-0.0882342802278813,0.421032070780362,0.054147595280938
qwen-3.5-flash,2,c3ce89,web,30,0.3041051507732635,0.3401557478385456,2.0875127023736573,1.0000770434967363,0.7812962383843977,0.211891861208232
qwen-3.5-flash,3,c3c939,web,35,-0.0602566482995748,0.1773759744231413,5.171066180543933,-0.1365311039860195,0.4309376259037277,0.0487506357094023
qwen-3.5-flash,1,c40a65,poster,31,0.3459541327773844,0.351975959010833,1.536116674032236,1.010703054576934,0.7628064212691963,0.2510275115204037
qwen-3.5-flash,2,c40a65,poster,53,0.3687402149318788,0.3185728910614571,2.095063992266961,1.0082045179791672,0.6880312549369523,0.3085319520561034
qwen-3.5-flash,3,c40a65,poster,30,0.2531525210045908,0.3129879655720101,1.7144375756821737,0.8411327852125671,0.7596848612235189,0.2068796074939282
qwen-3.5-flash,1,c40db1,poster,53,0.2854613444712813,0.2885267150797027,1.531307954777699,0.750596823398658,0.7293422505359877,0.2546351296257421
qwen-3.5-flash,2,c40db1,poster,53,-0.0952804031647544,0.1030121248856691,2.8438318655052055,-0.2590083935576053,0.5442651638591118,-0.1487958177970318
qwen-3.5-flash,3,c40db1,poster,51,0.0852637768954347,0.1945135274850585,2.23249377273054,0.4612683268386424,0.6112187099540581,0.0753086485724168
qwen-3.5-flash,1,c3f5f9,mobile,32,0.1645357119719424,0.2789631089849745,3.786798804975982,0.1073531157382873,0.531449467910485,0.12175783080081
qwen-3.5-flash,1,c41f2f,poster,30,-0.0013301481042446,0.2480294127254824,2.0669747668646874,0.3510293057260947,0.5768419450485043,0.0088109880024707
qwen-3.5-flash,2,c3f5f9,mobile,50,0.0699193484422579,0.270549256324082,3.553322166428484,-0.0184485572509637,0.5259110589066863,0.0263249526480368
qwen-3.5-flash,3,c41f2f,poster,30,0.0393074755130458,0.2611042394823209,1.954804431593403,0.3545166497384652,0.616812118276532,0.0160414731848621
qwen-3.5-flash,1,c46c50,desktop,39,0.1572814350614681,0.2437849235756278,1.9594403226163437,0.3597304606985536,0.601154832579543,-0.012002108705462
qwen-3.5-flash,2,c41f2f,poster,33,-0.0515539773805859,0.2355079226507099,2.583612320405355,0.1819784414670749,0.5407157194513876,-0.084547064810068
qwen-3.5-flash,3,c3f5f9,mobile,56,0.215379529076422,0.3164378447948549,3.3460763435928853,0.2383256328857084,0.5642886761798611,0.1622359867398695
qwen-3.5-flash,2,c46c50,desktop,50,0.0864989070529857,0.2186450447279684,2.1240004051272585,0.1299271539389727,0.5442846802371123,0.0005835192202344
qwen-3.5-flash,1,c40b98,mobile,30,0.1940793325371665,0.2216096430971829,3.1692888440192415,0.836625319261348,0.6134689975196463,0.2110912949653921
qwen-3.5-flash,2,c40b98,mobile,30,0.0684633135187137,0.213616929724057,3.843423942413515,0.4028960584105349,0.5369228453487842,0.0506082918094345
qwen-3.5-flash,3,c40b98,mobile,30,0.166106320298478,0.2315935302057385,2.602573779273561,0.8691025896649088,0.6933099211399933,0.1487159976606741
qwen-3.5-flash,3,c46c50,desktop,43,0.0938456056010437,0.2217566014486649,2.1506408540593016,0.1775037637399553,0.5640578374892766,-0.0046435635688803
qwen-3.5-flash,1,c4be71,poster,49,0.0528211793988289,0.3395698506729608,1.7680359137636097,0.0929845338146952,0.5284889485763661,-0.063980157653379
qwen-3.5-flash,3,c4be71,poster,42,0.3841393850157107,0.4316123769182949,1.0954810110212736,0.6768918298232875,0.6396834753178668,0.2349973748536168
qwen-3.5-flash,2,c4be71,poster,48,0.0858338868251693,0.3055268228984986,2.3844674581290035,0.1682580199881955,0.5256683144685136,0.0505364881425927
qwen-3.5-flash,1,c4b437,web,47,0.0518975398433334,0.2756192892389789,2.1964488325707605,0.0072052734907692,0.5262530623503022,-0.0943952423161259
qwen-3.5-flash,1,c4b8a0,web,45,-0.0629521603171463,0.1440030025274762,3.6795117970021898,-0.1747296163372117,0.5465810231921225,-0.0467300927340733
qwen-3.5-flash,2,c4b437,web,45,0.0232041734145461,0.2612400551123498,2.88555246829778,-0.0160497293704716,0.513978442353545,-0.1346174176091613
qwen-3.5-flash,3,c4b8a0,web,34,0.0675019308228383,0.2298375318070084,2.6467060988228863,0.1768280887658511,0.5749627458560146,-0.001379396388383
qwen-3.5-flash,3,c4b437,web,49,0.0195245711430005,0.2664225952026035,2.368903531091982,0.0012044907091815,0.5146705296791194,-0.0737943547609068
qwen-3.5-flash,2,c4b8a0,web,32,0.0609783369427454,0.212818770228744,3.300146096387399,0.0700432408077889,0.5714896939217565,-0.0286849166213706
qwen-3.5-flash,1,c50a3d,desktop,44,-0.022097816884242,0.0812851262778147,3.3000267575088262,-0.1964201195057847,0.4601778719402576,0.0286986509195391
qwen-3.5-flash,3,c50a3d,desktop,56,-0.0396731790776251,0.0738724936630422,3.4782296360636553,-0.2128089921984372,0.4595180763812264,0.0217902328338142
qwen-3.5-flash,2,c50a3d,desktop,62,0.0051123885484452,0.087044993625947,3.3087911337035085,-0.0266216454983435,0.5170672620810257,0.0731588221724381
qwen-3.5-flash,1,c53dc2,poster,34,0.1367149561632069,0.2720363607831981,2.103682135906592,0.3179791576196222,0.6544813216309955,0.1313504335928577
qwen-3.5-flash,2,c53dc2,poster,33,0.1159866804431152,0.2579240507498791,2.1308640074425753,0.3009871250647369,0.6509088397451278,0.1298607314488993
qwen-3.5-flash,1,c53c23,web,48,0.1897433181794681,0.2410270494791896,2.3905536848327777,0.4872902788602021,0.6443881499161541,-0.0530900040204148
qwen-3.5-flash,3,c53dc2,poster,50,0.3146800648450016,0.3374324283590764,1.4226308309139593,0.7189132072042735,0.6867875491410147,0.1784423531234774
qwen-3.5-flash,2,c53c23,web,48,0.0406086907919398,0.1715820135885004,2.699813251815399,-0.0551309790888277,0.5716572441320733,-0.0640320457576759
qwen-3.5-flash,3,c53c23,web,34,0.0564291402907282,0.1695404277523797,2.967312511990625,-0.0107899681509205,0.5486158041188216,-0.1195972110593669
qwen-3.5-flash,1,c58003,desktop,51,0.2125356783563818,0.26798198927037,2.834232283022495,0.4486995950073321,0.5404569170364475,0.2160452541339761
qwen-3.5-flash,2,c58003,desktop,109,0.1308656778905775,0.2019760532404889,1.973827029793454,0.432809041922891,0.6864335279641657,0.0574021939248703
qwen-3.5-flash,3,c58003,desktop,98,-0.0514944743459043,0.1709077720874267,2.251920312828465,0.1264858056916547,0.5703513587252808,0.0458614798830042
qwen-3.5-flash,1,c62001,poster,51,0.2036224642554107,0.3228626685156469,3.555960248236766,0.3607882772816658,0.5864804620115504,0.1998511511213461
qwen-3.5-flash,2,c62001,poster,50,0.1796384820272782,0.3319490038901122,1.6260749737855806,0.3664160179332536,0.6697817632940823,0.1766911055229308
qwen-3.5-flash,3,c62001,poster,53,0.1946086779754737,0.3179458763673376,3.576324721242754,0.341875862465574,0.5819017051513244,0.1905851917618527
qwen-3.5-flash,1,c642a8,web,35,0.2617844535899167,0.2606274038618968,1.7030384580903275,0.7981868771862841,0.6883684921728215,0.1577088479717792
qwen-3.5-flash,2,c642a8,web,35,0.2740297903908513,0.2626188603678817,1.6896373702158491,0.8277546807534432,0.6865079431317129,0.1637563052483355
qwen-3.5-flash,3,c642a8,web,36,0.2553209458221553,0.2600417092399719,1.6617177856071446,0.7673386706007086,0.6976397842433014,0.1535260558629932
qwen-3.5-flash,2,c5ea52,poster,50,0.1418344106610553,0.2270995030816888,3.132382485355784,0.6074013782194922,0.7310432368833854,0.1049025451520574
qwen-3.5-flash,1,c5ea52,poster,48,0.150728335112721,0.2146998196717352,2.6819384102864077,0.5765071066079779,0.7490188051992531,0.1576328810183388
qwen-3.5-flash,3,c5ea52,poster,30,0.0273467240873451,0.1484437439685553,4.421749550090074,0.0123204251899884,0.5723439977929887,0.0298484443274594
qwen-3.5-flash,1,c5fff6,poster,36,0.285659025971789,0.2524922525217393,4.545366721725184,1.1919890227305845,0.6733296336022395,0.2395359235600827
qwen-3.5-flash,2,c5fff6,poster,52,0.1583056705382537,0.1419543143868802,6.027335506204443,0.4148321946060159,0.5563291655976561,0.135107935157601
qwen-3.5-flash,3,c5fff6,poster,36,0.285659025971789,0.2524922525217393,4.545366721725184,1.1919890227305845,0.6733296336022395,0.2395359235600827
qwen-3.5-flash,1,c68139,web,30,0.0588540989845942,0.239695268811886,3.599400640878046,0.1624481689061335,0.56612647565818,0.0537500010289684
qwen-3.5-flash,2,c68139,web,34,0.0947868716921702,0.2439700728492489,2.5909720236442695,0.2367969200581065,0.6167362063643067,0.0674122662052152
qwen-3.5-flash,3,c68139,web,52,0.0519332677109165,0.222721516318148,3.4403820881437013,0.0931533342121074,0.5843708786438184,0.0513124777618951
qwen-3.5-flash,2,c6a670,desktop,49,0.1337606693753293,0.2006571311314081,4.5582468332060495,0.650433394110842,0.6228925383533545,0.1230867301764981
qwen-3.5-flash,1,c6a670,desktop,49,0.1390731760355958,0.2047805818822778,4.496533675232081,0.6630912513589148,0.6238701833649948,0.1269599807061344
qwen-3.5-flash,1,c65666,poster,53,0.2097434410444916,0.3339040951073274,2.04357537263626,0.5354935430440868,0.7002178810228072,0.194767521175103
qwen-3.5-flash,3,c6a670,desktop,51,0.1880702349441569,0.2149980540244208,4.512883920753591,0.7924597566907337,0.6382428966770982,0.1846857484486
qwen-3.5-flash,1,c6a6d9,web,30,0.1658750332012886,0.1798225203561613,2.314778181690601,0.422184707088785,0.6026990304936675,0.1537248510036625
qwen-3.5-flash,2,c6a6d9,web,25,0.2228354933495647,0.2135595664316542,2.0940341612762947,0.7761678127841601,0.7130099444007568,0.159107207555059
qwen-3.5-flash,3,c6a6d9,web,37,0.1690231759473728,0.1844117833455668,2.0961219566514036,0.4264471421707956,0.6294516561863406,0.036846630355199
qwen-3.5-flash,3,c65666,poster,51,0.5258234873389801,0.4993711337333324,1.467830072987056,1.3384652776461454,0.7850035037807558,0.5020301337838491
qwen-3.5-flash,2,c65666,poster,35,0.564332869364621,0.511566252884102,1.4801815393587112,1.4703794983073235,0.8149088794062851,0.5451132910338707
qwen-3.5-flash,1,c6c2cd,web,74,0.049705959709282,0.1416079281202868,6.299902990752296,0.1789384763465296,0.5601924403254163,0.0218627504105973
qwen-3.5-flash,2,c6c2cd,web,30,-0.0018629884179331,0.1168902962439883,6.230799805035684,0.0682167046465963,0.4115215483215632,0.040969985554395
qwen-3.5-flash,3,c6c2cd,web,30,0.0264467403723378,0.1325039637211451,5.939741934783688,0.1249242454804177,0.4414829423827831,0.0499345351685849
qwen-3.5-flash,1,c6b002,mobile,29,0.2281280093711428,0.3271435806465623,3.0180223243256856,0.6562493846148416,0.6668277852038408,0.1942023093623303
qwen-3.5-flash,2,c6b002,mobile,29,0.2351821733809503,0.3299619336471097,3.0032215903578834,0.6768926184401263,0.6685845599629735,0.2030235589026358
qwen-3.5-flash,3,c6b002,mobile,29,0.2351821733809503,0.3299619336471097,3.0032215903578834,0.6768926184401263,0.6685845599629735,0.2030235589026358
qwen-3.5-flash,1,c6c08a,mobile,35,0.2045770082571967,0.3375458056606316,3.2403161130073457,0.6723999324950363,0.6336614278617165,0.1848671362423819
qwen-3.5-flash,2,c6c08a,mobile,31,0.2155069622053955,0.3551115795170622,2.915360464483462,0.5672234842108542,0.6416647203316423,0.1994976674147352
qwen-3.5-flash,3,c6c08a,mobile,19,0.2245057014677819,0.3335769538196059,3.4142161107040563,0.7449650559181171,0.6236575140521691,0.2357706585558724
qwen-3.5-flash,1,c71a6f,desktop,35,0.0030972259680871,0.1542482562323927,4.456727299256832,-0.0216375012169842,0.454527467349499,0.0352380118482607
qwen-3.5-flash,1,c74797,desktop,48,-0.0051941048043935,0.2304566018629269,3.0189882814004614,0.0803109070200467,0.5155428108800357,-0.0842271364858389
qwen-3.5-flash,2,c74797,desktop,48,-0.0517626409451591,0.1830925804066854,3.608346039750299,-0.1212855289364727,0.5421923657527086,-0.0797838649168058
qwen-3.5-flash,2,c71a6f,desktop,38,0.0150558921562396,0.1701217861710229,4.350367590148562,0.0124803997786213,0.4778643332697266,0.0788084930780704
qwen-3.5-flash,3,c71a6f,desktop,36,0.0001539801681837,0.1524021482682,4.754359866267723,-0.00445907360528,0.4460290163435022,0.0816377399550163
qwen-3.5-flash,3,c74797,desktop,32,-0.007084226545333,0.2088486468309527,3.5006734762772505,0.0724532710042815,0.5607240706019497,-0.1318933632642262
qwen-3.5-flash,1,c75e3e,mobile,33,0.1258824514043575,0.2939751526700797,1.5960915702505978,0.2177843735283302,0.6166334920233202,0.0244584276536605
qwen-3.5-flash,2,c75e3e,mobile,30,0.0952584055110974,0.2930160673621582,1.7513871850071052,0.1666772199142118,0.6082829582338716,0.0074975281410389
qwen-3.5-flash,1,c6e9bb,mobile,31,0.2652144075079328,0.2519975941408144,3.0313585767358857,0.906338189764798,0.6720165523779256,0.2605980709227777
qwen-3.5-flash,2,c6e9bb,mobile,35,0.3354072000335997,0.2616336676011438,2.927315283773208,1.431685956413549,0.6863875234444736,0.3411726110234261
qwen-3.5-flash,3,c75e3e,mobile,35,0.1171488636633075,0.2932088021859905,1.6029028336926108,0.1949595557469259,0.6024773644350016,0.0370910507848093
qwen-3.5-flash,3,c6e9bb,mobile,31,0.2965912293063416,0.2507896373910849,3.0171194844778086,0.92810258581452,0.6545723661503087,0.2690789388115482
qwen-3.5-flash,1,c78cef,desktop,62,0.2759678824472144,0.2055742468076819,3.376848457704052,1.1377513918849658,0.6897731877587929,0.2383691323591225
qwen-3.5-flash,2,c78cef,desktop,30,0.0864812581342709,0.1022853595146258,4.178970233865205,0.3501637804813449,0.6626058749299409,0.0699058016521756
qwen-3.5-flash,3,c78cef,desktop,48,0.0754339759651341,0.1129716324741062,3.776125611016259,0.265202760970916,0.6639439778086977,0.0759338233859005
qwen-3.5-flash,2,c79430,poster,31,0.0706350810557102,0.2451166312327048,2.4658286698444143,0.2628248213292815,0.5766493488879315,0.1261635742037056
qwen-3.5-flash,1,c79430,poster,30,0.0844670591364213,0.2538178050709968,2.5899652669978273,0.2129636808672005,0.5511211953367186,0.1104468522957009
qwen-3.5-flash,1,c75d3f,mobile,34,0.5382086638032466,0.4872727915169978,1.50707729247155,1.740284294247488,0.8210188246611612,0.3797536178178602
qwen-3.5-flash,3,c79430,poster,30,0.098376665542973,0.2833547525755077,2.0088325844846207,0.2731311107888303,0.596455035689905,0.1176716967424286
qwen-3.5-flash,2,c75d3f,mobile,33,0.4391658468414861,0.4366181351020373,2.147572429049264,1.3871886456727789,0.7600173926804183,0.2764534789686408
qwen-3.5-flash,3,c75d3f,mobile,30,0.46639889694586,0.4747672342325783,2.0269300498717624,1.425142800757481,0.7968349661671379,0.2232659689839701
qwen-3.5-flash,1,c7af8c,web,50,0.0897383415376787,0.1576839103776626,3.2964462168517983,0.3467131677991396,0.6226453674675488,0.0057748813364232
qwen-3.5-flash,2,c7af8c,web,31,0.0526478550168817,0.1480442436693577,2.69985001084701,0.0759942300427965,0.6642030201413309,0.0536170765621217
qwen-3.5-flash,3,c7af8c,web,32,0.0319786717421597,0.1330287192362662,3.430751296367769,0.0346019547242788,0.6307622718661929,0.0431729290093292
qwen-3.5-flash,1,c7cfb6,poster,53,-0.0943145161673451,0.1396202055739624,4.773337930451502,-0.2671740696715183,0.3778033282361603,-0.063654287872163
qwen-3.5-flash,1,c7db2d,desktop,52,0.1420406611499645,0.2170043514445226,5.611821943963583,0.2391426536570438,0.4815282058262566,0.1555746190660973
qwen-3.5-flash,2,c7db2d,desktop,52,0.1041998620398153,0.2439183730767251,2.928430914746,0.1996208603188057,0.6551343207208626,0.0784685162065787
qwen-3.5-flash,2,c7cfb6,poster,30,0.012869320554662,0.1687132786680138,4.861431563307486,-0.0041479560761578,0.4424599852363365,0.0315302366319468
qwen-3.5-flash,3,c7db2d,desktop,53,0.2704486150820084,0.2975708314006622,4.01584655433754,0.6114719651012003,0.6191818765747361,0.209263911466766
qwen-3.5-flash,3,c7cfb6,poster,48,-0.0564939354046468,0.149600272346843,3.4527060215761676,-0.1681049328702858,0.5021934092352056,-0.022903944816971
qwen-3.5-flash,1,c7e7cd,desktop,46,-0.0646943957963553,0.162530633791596,3.685703596606821,-0.126288192522965,0.5352249955978807,-0.0734072672567864
qwen-3.5-flash,1,c83c32,web,48,0.1029463338116395,0.1728979482995869,2.2531105488421774,0.4290498884170754,0.6594412463040159,0.1102250560631143
qwen-3.5-flash,3,c83c32,web,42,0.1594765448103662,0.1938027871957117,2.2838730600614854,0.4689875883588228,0.6537927360558479,0.1554005573973642
qwen-3.5-flash,2,c83c32,web,30,0.146286621983925,0.1980111368038672,2.428359140547605,0.4320577331601919,0.6461213461438771,0.0834426778429568
qwen-3.5-flash,2,c7e7cd,desktop,54,-0.0909754408278486,0.143494448894836,3.8395346652352647,-0.2302981212464675,0.4821491940274994,-0.0675443628058568
qwen-3.5-flash,2,c807dc,desktop,50,0.2502724890847952,0.2921081571593813,2.112931371404223,0.69931473893423,0.7503200857416543,0.2606566956284183
qwen-3.5-flash,1,c807dc,desktop,50,0.183257959330507,0.2523374515984665,2.056037843800466,0.4966769024608992,0.6808073196894162,0.205444401104136
qwen-3.5-flash,3,c7e7cd,desktop,63,-0.0559013109837531,0.160688169568092,3.830512247373792,-0.1365692681110747,0.5338007776781767,-0.1139714444418354
qwen-3.5-flash,3,c807dc,desktop,50,0.2760583248746956,0.3152380707733266,2.2634145655096427,0.7765901651001899,0.7838450027057808,0.2829910524212239
qwen-3.5-flash,1,c84353,poster,52,0.0134305154465632,0.1610247093335843,5.969014666427504,-0.02701592380994,0.4407947024512755,-0.0307376324753651
qwen-3.5-flash,1,c84d32,mobile,47,0.1807062235060852,0.3179403681157371,2.936404224800956,0.1599175474117292,0.6036989168997879,0.1495768209888264
qwen-3.5-flash,2,c84353,poster,51,0.0289787443005439,0.2235210133239668,4.084939493160841,-0.2194007587684041,0.4254229745940735,0.0290997920410064
qwen-3.5-flash,3,c84353,poster,30,-0.0026072049139849,0.1293651432912027,6.672792387609197,-0.071413094404507,0.4392649455344587,-0.0270386923110094
qwen-3.5-flash,2,c84d32,mobile,51,0.3464341255775767,0.4351435640026667,2.638244255218039,0.7524536443293116,0.6696988972669136,0.2807006812972572
qwen-3.5-flash,1,c86562,poster,50,0.0055632848111359,0.1032441749804807,7.464042081766888,0.0234224590384235,0.2967418844409455,-0.0564757580599628
qwen-3.5-flash,2,c86562,poster,50,0.0150874650952409,0.1126448597733801,7.246907466026681,0.0599759530131087,0.3835121906439555,-0.045485182160957
qwen-3.5-flash,3,c86562,poster,48,0.1365617708669411,0.2639957259391342,4.326473320288559,0.2036744532517735,0.5953857829673342,0.0240687312074745
qwen-3.5-flash,3,c84d32,mobile,48,0.1731700724771681,0.3143332135978837,2.955052228073666,0.1454117150288773,0.5936901127716536,0.14670091249371
qwen-3.5-flash,1,c8b126,desktop,35,0.2310655377804656,0.2895167419575514,2.1629916104149753,0.7914147464578385,0.7316114620937844,0.0144827229433937
qwen-3.5-flash,2,c8b126,desktop,39,0.1664398239018965,0.2722949118720486,2.538191111527278,0.6109677572348957,0.7174051535277999,-0.0922434584979658
qwen-3.5-flash,1,c9131a,poster,30,0.0257901433817151,0.2565452303908908,1.865946550472083,0.0965080921603606,0.5592046546003444,-0.0400263421479217
qwen-3.5-flash,3,c8b126,desktop,30,0.294381447764809,0.328662066114128,1.9485006807168388,0.9977411972401968,0.7736495809004137,0.01482568006193
qwen-3.5-flash,2,c9131a,poster,31,0.1047874570952962,0.2854001522852823,1.732607499509587,0.2863977027837796,0.6144719858302898,-0.0546922083014687
qwen-3.5-flash,3,c9131a,poster,30,-0.0136642513057372,0.2504041823980465,1.8535795409160212,-0.0064306943875687,0.5434288136460848,-0.0256776415892854
qwen-3.5-flash,1,c905dc,desktop,30,0.5456098281026449,0.4409280929154786,2.187512642378159,1.967394187726484,0.7577342859319611,0.5249166077518337
qwen-3.5-flash,3,c905dc,desktop,53,0.5138332884672172,0.4112781387508024,2.014954340704883,1.96614381886178,0.7757880064711303,0.4935709971533769
qwen-3.5-flash,1,c90ca1,desktop,46,0.0882136201466092,0.13181676125087,5.08288937671858,0.4309882904883729,0.6540957620206944,0.0754194791641271
qwen-3.5-flash,2,c90ca1,desktop,35,0.1554602953562273,0.1582571237634258,5.238099281231248,0.7570861600469403,0.6138279536665996,0.1339356338152181
qwen-3.5-flash,2,c905dc,desktop,51,0.3890394296350959,0.3372836920420435,1.636011180728135,1.404609107810409,0.7780807198025667,0.3740822274918009
qwen-3.5-flash,3,c90ca1,desktop,35,0.1625965736907657,0.1596195710455539,5.231865214408484,0.7928579408500196,0.6158931324689632,0.1401044394165633
qwen-3.5-flash,2,c92f85,desktop,35,0.1774838064432204,0.1918340240566999,2.906973733235498,0.4038746265469588,0.6010164548325899,0.2644945755284021
qwen-3.5-flash,3,c92f85,desktop,36,0.0848023483584104,0.1457209234700804,3.82805904132414,0.1358581839010154,0.5534259452218551,0.1698834333914652
qwen-3.5-flash,1,c92f85,desktop,50,0.0283803088141738,0.1342182496858062,3.5877620402336547,-0.0174799890857506,0.6030816711671192,0.0996345470178465
qwen-3.5-flash,1,c9898c,web,38,0.0421383970183894,0.1567902830085795,4.7103283578545145,0.0252563761774407,0.5454195200524079,-0.0056604637084151
qwen-3.5-flash,2,c9898c,web,30,0.0014626605261684,0.1406723255681463,3.916218158097051,0.0106779258106,0.6401190908383927,-0.0023922680690688
qwen-3.5-flash,1,c9133b,mobile,50,0.118073363704088,0.3450989579916061,2.702050386715384,0.2054766754118974,0.5540202597520875,0.0230146117588301
qwen-3.5-flash,3,c9133b,mobile,37,0.0825331869331426,0.2972751236124723,3.6554374359492106,0.1231657292792275,0.5298688624683192,0.0369629941940195
qwen-3.5-flash,3,c9898c,web,47,-0.020573199485947,0.1108477199544422,5.453694744130186,-0.1179182381697529,0.5093326812854275,-0.0301512311072431
qwen-3.5-flash,2,c9133b,mobile,55,0.1442282900873857,0.366923937304532,2.649399277012495,0.2255679589761764,0.588115012042957,0.065448928511429
qwen-3.5-flash,2,c98506,web,29,0.1030369578911426,0.1459099551317642,4.883713547532787,0.4096993338420316,0.5749183659393221,0.0398752001482572
qwen-3.5-flash,1,c9b04c,poster,52,0.3051418670963904,0.2552798508209506,1.7180345625792894,1.0373811551881202,0.7788319482042099,0.2147961063090227
qwen-3.5-flash,2,c9b04c,poster,49,0.2305139540295872,0.2240603178742156,1.865311780089772,0.7926750342860464,0.7359175922269535,0.2229641315997838
qwen-3.5-flash,3,c9b04c,poster,36,0.1863803866584953,0.2256625440692758,1.883726110629468,0.6254006942270499,0.685095785175309,0.2222167080177533
qwen-3.5-flash,1,c98506,web,31,0.0871212000490911,0.1391971559718051,4.717737384246743,0.3908711311446652,0.5934383268313196,0.059380002829028
qwen-3.5-flash,3,c98506,web,30,0.0967746192468447,0.1414586669608745,4.9197983620976915,0.3886669139727378,0.5679146126169288,0.0607755234287357
qwen-3.5-flash,1,c9e860,desktop,52,0.0352063051975797,0.137472868181629,3.3757499975877305,0.1143167865255001,0.7626453358439399,0.0367807141208124
qwen-3.5-flash,2,c9fe43,desktop,47,0.1092872128659924,0.2689009048927964,2.365255346479364,0.2277082607187603,0.6123825798273109,0.0582375311374713
qwen-3.5-flash,3,c9fe43,desktop,57,0.0972112561760491,0.2667192743253707,2.0370933665292448,0.217712028088887,0.6224651095324962,0.0108797360862079
qwen-3.5-flash,2,c9e860,desktop,30,0.4763085682021278,0.3488460464452005,1.5944602022810854,1.7834004148081843,0.8592888350958429,0.4094150747809358
qwen-3.5-flash,3,c9e860,desktop,51,0.0174834455541617,0.1239783642881526,3.5725117174619783,0.0562571368941942,0.753584528613623,0.0215201873426878
qwen-3.5-flash,1,c9fe43,desktop,53,0.1592633652737435,0.3024758457406544,2.0818743976138747,0.3216221135481266,0.6757057793267357,0.1177699805477977
qwen-3.5-flash,2,ca49ac,poster,66,-0.0240069802977559,0.2187854569871473,3.0037584269896036,-0.0367757885164984,0.5717034380166964,0.0254031247507091
qwen-3.5-flash,1,ca49ac,poster,58,0.0009355988851982,0.2429635481527017,2.8525093163764534,-0.076746419165666,0.552937717708098,-0.0701610563257209
qwen-3.5-flash,3,ca49ac,poster,41,0.113763951141358,0.3124258829289664,2.4243833116399216,0.4308218468189252,0.6396872756458187,0.052096955973475
qwen-3.5-flash,1,c9ab98,mobile,51,0.149720172825843,0.2396688516589126,5.8846863533482185,0.2045844379324645,0.3203923454032984,0.2708166230358296
qwen-3.5-flash,2,c9ab98,mobile,30,0.2181970398383643,0.3440882189108975,3.7372345978240022,0.4223912054197744,0.5524614237886911,0.2535567802113387
qwen-3.5-flash,3,c9ab98,mobile,52,0.149577002984473,0.2845230394531264,3.920073121300863,0.1564467222500029,0.5202540615045019,0.2130327200682693
qwen-3.5-flash,1,caa82e,web,31,0.0486154154948802,0.1664451167809909,3.4396165924547732,0.2645465028124178,0.563177949096626,0.0057237148571219
qwen-3.5-flash,2,caa82e,web,33,0.1434498682620191,0.1948822664616181,2.730170279623218,0.5009293008200172,0.6369099348342577,0.0902416140460968
qwen-3.5-flash,3,caa82e,web,32,0.1380927744591512,0.1908856946371081,2.7687735561101943,0.4868413302670469,0.6350452215058117,0.0857151780637136
qwen-3.5-flash,1,cac69c,web,38,-0.0435598195481662,0.1219036702386194,3.9505630878375504,-0.157662516534586,0.5207214279245415,-0.0105051557375324
qwen-3.5-flash,2,cac69c,web,30,-0.0364777926895654,0.1583132363126722,3.7959884753438304,-0.1794852870381596,0.514342979735961,-0.0272197354365186
qwen-3.5-flash,3,cac69c,web,32,4.2150230789288635e-07,0.1788195968187813,3.658415010571336,-0.023640712242692,0.5410565945826462,0.0118272376855804
qwen-3.5-flash,1,cae3e9,poster,33,-0.1543728760433894,0.2708036392782073,2.092884718047915,-0.1707448950272903,0.435658465999495,-0.0533651026907458
qwen-3.5-flash,1,cad727,web,39,0.0557782317175429,0.2428950096373208,2.702327100827252,0.1150594330052324,0.561859073710039,-0.0481158155291355
qwen-3.5-flash,3,cad727,web,38,0.0536621439999757,0.2353939624278353,2.762053845658558,0.0790259194545011,0.5484270208401655,-0.0567359516953157
qwen-3.5-flash,2,cae3e9,poster,34,-0.0421319912860602,0.3166920040927498,1.834021409019241,0.1968337817249537,0.5475013115628382,-0.0339146262605868
qwen-3.5-flash,2,cad727,web,40,0.0438544354116552,0.2311655319827606,2.8081019856384546,0.0502741867898341,0.5353702073497538,-0.0565265883553964
qwen-3.5-flash,3,cae3e9,poster,30,-0.0135807051048036,0.2932382281770372,1.631384454797107,0.4242945255383119,0.6265753294800547,0.1173639670842166
qwen-3.5-flash,2,ca623d,poster,41,0.0366614883824184,0.154715886151733,3.504530021812215,0.157262777062431,0.6301455391385559,0.0472276985135601
qwen-3.5-flash,3,ca623d,poster,30,-0.031680383990654,0.1050897875052359,5.971046031174409,-0.2126214502006609,0.4493359618615484,-0.0299600033756402
qwen-3.5-flash,1,ca623d,poster,49,-0.0445577929441109,0.1130862887640645,4.891785976642065,-0.1878325091690895,0.5165808777475843,-0.0338998651430701
qwen-3.5-flash,1,cb0c6c,poster,37,0.5634695107265169,0.4659064677851519,1.268695144814624,2.107575348341268,0.9072538968270476,0.5515945503633423
qwen-3.5-flash,2,cb0c6c,poster,52,0.5168953614381622,0.3980860134277912,1.3158111095378844,1.879119238318888,0.8841028022661473,0.5035336763283955
qwen-3.5-flash,3,cb0c6c,poster,50,0.3220721398494868,0.2730127035427083,1.7964245303623292,1.1578453262429482,0.8170891312120098,0.3625279230197104
qwen-3.5-flash,1,cb0bf5,web,29,0.0607928620748514,0.2353500083960413,2.4114081794556776,0.1356575374730144,0.6109303628601409,-0.0168738916291984
qwen-3.5-flash,2,cb0bf5,web,28,0.0703416240349487,0.2391541203277257,2.378404325950031,0.1575639149315565,0.6165136608596942,-0.0240777924006305
qwen-3.5-flash,1,cb4227,desktop,30,0.0153617803190694,0.3261543506237402,1.749709889345569,0.0706206464731978,0.5237753717914875,-0.1006193612656824
qwen-3.5-flash,2,cb4227,desktop,147,0.3393907872288976,0.3536233373569593,1.1733274174803965,0.5526673961459307,0.6645349302864776,0.1674945828359708
qwen-3.5-flash,3,cb0bf5,web,29,0.1013663463294033,0.2645819648534676,2.2887543709221605,0.2482653211112758,0.6278848234556736,0.0042200891559637
qwen-3.5-flash,3,cb4227,desktop,51,0.4453226753434822,0.4986844798664444,0.9910961260133926,0.8136203431499927,0.7446041006728772,0.2060711625455719
qwen-3.5-flash,1,caf6d3,poster,50,-0.0040450951646115,0.174253300626059,4.516284946524324,0.0003200700428081,0.5575882545684832,-0.1254440942204222
qwen-3.5-flash,2,caf6d3,poster,30,0.0018876908459236,0.1277516804686724,6.849025680453709,0.0672571160287925,0.4432219028136421,-0.0811596243039039
qwen-3.5-flash,3,caf6d3,poster,50,0.0446637468044828,0.1942424539106121,5.857409056174285,0.061390058918241,0.4734958288832686,-0.0986376995301574
qwen-3.5-flash,1,cb662e,web,41,-0.0568818721515252,0.1084883471835364,4.027087678466956,-0.2097924306738499,0.4503316123573828,0.0317509787057471
qwen-3.5-flash,2,cb662e,web,33,0.1416772725544411,0.229504773713259,2.628302332869916,0.7849998454579449,0.6745655700287161,0.0091019098176991
qwen-3.5-flash,3,cb662e,web,52,0.0379884564242134,0.1484875439961583,3.332450761465778,0.0632558386855316,0.5322562260701267,0.0200447650284642
qwen-3.5-flash,1,cb23a7,mobile,30,0.5934880704622948,0.4666057731083979,1.3048719536088171,1.8003629253596365,0.8265725572764431,0.5512452534510484
qwen-3.5-flash,3,cb23a7,mobile,34,0.5512557117748189,0.4687698170847539,1.5031715216634138,1.5782842237451329,0.8192749526049216,0.5207782450425285
qwen-3.5-flash,2,cb23a7,mobile,39,0.5639488207825047,0.4220254693654145,1.2726443978964188,1.5565454032811352,0.842144492880497,0.5224819808337504
qwen-3.5-flash,2,cba28b,mobile,11,0.085611919863227,0.1703978945545537,5.4730461642352335,-0.0907423880334825,0.5349194123722188,0.0365117037303345
qwen-3.5-flash,1,cba28b,mobile,30,0.1577442417054724,0.2467307021745424,4.122101721048621,0.0999325279312016,0.5569704104168358,0.0754209835397888
qwen-3.5-flash,3,cba28b,mobile,40,0.1339323924137671,0.1983100557910019,5.078428099236349,0.1579863675843865,0.5345462110150441,0.0506395821258534
qwen-3.5-flash,3,cbb7ad,mobile,35,0.263479842719359,0.3371538301715454,2.467550070370274,0.5523712078438155,0.6719624360036136,0.287558974686581
qwen-3.5-flash,2,cbb7ad,mobile,35,0.2462426107637522,0.3313484383086633,2.4752537478506795,0.5160944804335473,0.6708447098785603,0.2781174704248934
qwen-3.5-flash,1,cbb7ad,mobile,38,0.2551303600946681,0.3281374362067327,2.506909179432469,0.5416489473183903,0.6568936768680507,0.2925243776559157
qwen-3.5-flash,1,cbd84a,mobile,36,0.1508514807468735,0.3218289213154367,3.050927289119267,0.0109308918429768,0.5995271497504404,0.1113892851701709
qwen-3.5-flash,2,cc25e1,web,36,-0.0122187234412912,0.1458565241358129,4.550346733811465,-0.1831287875238564,0.5013765388880311,-0.0449493116011683
qwen-3.5-flash,2,cbd84a,mobile,36,0.1480452578376133,0.3213901057793837,3.1039116325986753,0.0074789508179937,0.5955317821798092,0.1073771901375601
qwen-3.5-flash,1,cc25e1,web,35,-0.0318693405661672,0.1360294210885713,4.222069828853151,-0.1939584932756252,0.5226977685079964,-0.0620005959612315
qwen-3.5-flash,3,cbd84a,mobile,26,0.1259113500626164,0.3223479586529905,3.0751622554114477,0.0167122326021425,0.5906880860877257,0.0666811243280676
qwen-3.5-flash,3,cc25e1,web,36,-0.0028065453611259,0.145770589282117,4.506138416368774,-0.1785613197300418,0.5051297916685824,-0.0394889348799871
qwen-3.5-flash,1,cc787e,mobile,30,0.1872445752061003,0.3264047635810075,1.7304625275855408,0.5665316205320672,0.6884770050468776,-0.0360863743169045
qwen-3.5-flash,3,cc5387,poster,52,-0.0904630719062616,0.179834307536318,2.7549169588116467,-0.2763392331192278,0.4416028252747996,-0.1247569843547351
qwen-3.5-flash,1,cc9bc8,desktop,30,0.0463760075782069,0.31941326395361,2.1287210094337463,0.1468643602569173,0.5978044759409666,0.0339531430078747
qwen-3.5-flash,1,cc5387,poster,31,-0.1072738348830943,0.1573402966409642,4.32183770917993,-0.3032467502876958,0.406455115865842,-0.1384340753068612
qwen-3.5-flash,2,cc787e,mobile,110,0.0648286410319893,0.2296078631997035,2.0329136386633024,0.0377052155578792,0.5741946417681643,-0.4096499245320808
qwen-3.5-flash,2,cc9bc8,desktop,30,0.27549709172781,0.3928493150150277,1.7595642823181636,0.562929539843686,0.6576480924675678,0.2383140215469112
qwen-3.5-flash,3,cc9bc8,desktop,30,0.1977923358024876,0.3423717672916213,2.1478265629913045,0.3216409362752947,0.6365704810834545,0.2144462516567747
qwen-3.5-flash,3,cc787e,mobile,30,0.1392154961651198,0.3039515153893278,1.8052565675526993,0.4161938739548178,0.697549260091617,-0.156209387314143
qwen-3.5-flash,2,cc5387,poster,30,-0.050842364701507,0.1808820418789551,4.342699074734871,-0.1158886373213433,0.4457647159798266,-0.1139231247278426
qwen-3.5-flash,1,cced5f,poster,54,0.4508130155082666,0.4222944697082175,0.9975346309107402,0.8688337946495325,0.737589423665857,0.2940222909781984
qwen-3.5-flash,3,cced5f,poster,30,0.3044640591564972,0.3948212065696402,1.1371096178451945,0.5655837656882512,0.6535459041620097,0.1863703467403353
qwen-3.5-flash,2,cced5f,poster,30,0.3844310012416593,0.3932860085295498,1.0758616493358848,0.7440710801967158,0.7050162694805857,0.2753666104273413
qwen-3.5-flash,1,cca312,desktop,44,0.1982213643895153,0.373500315405346,1.3500564897288083,0.5074992614693006,0.6797685371208628,0.1345233778060122
qwen-3.5-flash,2,cca312,desktop,32,0.1967081336638099,0.220598366013645,6.070537735436006,0.4063115827273428,0.4189330827846887,0.0957468524411338
qwen-3.5-flash,3,cca312,desktop,57,0.2051847835171754,0.3598561200369189,2.0092032310253396,0.2940931296051377,0.5850563011451795,0.0096880950481618
qwen-3.5-flash,1,cccd2a,desktop,10,0.4064157135750539,0.3733549475426065,1.5603090826184998,1.2142933291350468,0.7731990810778503,0.4251620122986776
qwen-3.5-flash,2,cccd2a,desktop,10,0.4064157135750539,0.3733549475426065,1.5603090826184998,1.2142933291350468,0.7731990810778503,0.4251620122986776
qwen-3.5-flash,2,ccf32c,desktop,117,-0.0662539300146304,0.0839822992659208,4.94955130769707,-0.1544912386608586,0.5056832544296239,-0.0186263457254861
qwen-3.5-flash,1,ccf32c,desktop,52,0.0305702479921044,0.1420703878509973,4.797444510908393,0.2302419625854866,0.5823679458545821,0.0399386053685418
qwen-3.5-flash,3,cccd2a,desktop,10,0.4064157135750539,0.3733549475426065,1.5603090826184998,1.2142933291350468,0.7731990810778503,0.4251620122986776
qwen-3.5-flash,3,ccf32c,desktop,50,0.0624835042704653,0.1567647496904043,4.898445959881072,0.4565731881375798,0.5911872662340457,0.0477320764241142
qwen-3.5-flash,2,cd1a8e,web,30,0.2361000754492177,0.2867503748545635,1.560548972813946,0.8212109629128157,0.7317351092747674,0.2180100925024715
qwen-3.5-flash,1,cd1a8e,web,48,0.1589896202870306,0.2570221403175663,1.987998078357539,0.5377389539622877,0.6215406909617458,0.1847968674377526
qwen-3.5-flash,3,cd1a8e,web,30,0.2689278968358849,0.2967867329356356,1.798275006091154,0.7957227232850047,0.7059741195442443,0.2156673910205583
qwen-3.5-flash,2,cd6b02,desktop,51,0.5886518600958915,0.4166090219585505,2.2734578552307463,1.8050322394589768,0.7588242174852479,0.5738651601176582
qwen-3.5-flash,1,cd6b02,desktop,51,0.3546781104134221,0.2765496385254739,3.175393121068393,1.0963354348932943,0.6424407637345567,0.3125151465974463
qwen-3.5-flash,3,cd6b02,desktop,51,0.2574073074615553,0.2752604282386641,1.9144474054601863,1.0837487589262165,0.697872035526106,0.2103079628825895
qwen-3.5-flash,1,cd9e29,mobile,29,0.3005115689386357,0.3617581767468232,1.3235650283122782,0.5199309543512308,0.6653525707896386,0.094345501861134
qwen-3.5-flash,2,cd9e29,mobile,27,0.3024145554975005,0.3553331786762552,1.2856204013191577,0.6431956760824932,0.7068344829150308,0.1017738291691889
qwen-3.5-flash,3,cd9e29,mobile,28,0.2774626401768694,0.348100171876068,1.3407305573376536,0.509244784171073,0.6647815705355731,0.1163489224233308
qwen-3.5-flash,2,cdbd16,poster,49,-0.1173484691011633,0.1759422009705065,2.7286432310852504,-0.3589797237368409,0.3675226139945206,-0.0204298562098217
qwen-3.5-flash,1,cd2ed2,mobile,33,0.174636475240395,0.288346150634856,2.88486692692573,0.3801487105439494,0.7212743842312084,0.0542457974643251
qwen-3.5-flash,1,cdbd16,poster,52,-0.1122979904675662,0.2085861533238056,2.2939010916782925,-0.3782548452828362,0.3916559489914783,-0.0506203721174993
qwen-3.5-flash,3,cd2ed2,mobile,31,0.1481116266295669,0.2697659523666423,2.9236892956182814,0.2367006577892964,0.6826512974592075,0.0450450504707597
qwen-3.5-flash,3,cdbd16,poster,52,-0.0172638626268359,0.1942221623423892,3.048242393973839,-0.0888349527453284,0.5105753525731491,0.0016445829183418
qwen-3.5-flash,2,cd2ed2,mobile,31,0.1118544458569161,0.2587248100687208,3.212485954877516,-0.0697923377492021,0.5858490208881145,0.0160749820961769
qwen-3.5-flash,1,cd91c5,mobile,14,0.4285753725130116,0.40618153838256,2.4176890829322137,1.6095396124442225,0.8287072132685916,0.3209369696843481
qwen-3.5-flash,2,cd91c5,mobile,14,0.3870726734037079,0.3824164789142034,2.74543619384585,1.4413821295684126,0.8196526425583863,0.2847920011338815
qwen-3.5-flash,3,cd91c5,mobile,14,0.3989211914880055,0.3856233640370454,2.7450486154838845,1.5440496658167573,0.8191873213354954,0.3073662058320712
qwen-3.5-flash,1,cdeba6,desktop,53,0.1745972194909784,0.2855236183117958,1.8018717001517923,0.3779993241945656,0.6027055583002375,0.0623990287286011
qwen-3.5-flash,2,cdeba6,desktop,53,0.2544300501282052,0.3120974039051619,1.5688811359130246,0.64391597884641,0.6674420099155964,0.1247424854203416
qwen-3.5-flash,3,cdeba6,desktop,48,0.2737830150407272,0.3398556506089447,1.4697097323351005,0.6522065406889831,0.7054514197379824,0.0691336004081118
qwen-3.5-flash,1,ce5b5c,poster,51,0.3563953537939283,0.3786817681357667,3.3279819593135507,0.5284028318592487,0.6402305090595781,0.0798501958374496
qwen-3.5-flash,2,ce5b5c,poster,35,-0.020643618531299,0.3182069606428148,3.0515313089878893,-0.1329561339149008,0.4695316173479026,0.0314603518394488
qwen-3.5-flash,3,ce5b5c,poster,30,0.1907020955619675,0.2374669493671906,5.024267339991744,0.1904671554735522,0.5083371761039517,-0.1224375478381529
qwen-3.5-flash,3,cdcaf8,mobile,45,0.0678529394325855,0.2318104390791851,3.736627741158604,-0.1959559098477211,0.4927404664014321,-0.0816524021307089
qwen-3.5-flash,1,cdcaf8,mobile,33,0.167443931334898,0.2511135234987905,3.0632157499011345,0.0733327846617494,0.5287650591434985,0.1049896889442125
qwen-3.5-flash,2,cdcaf8,mobile,30,0.0797539202344391,0.2227534964930725,3.0151716734105545,-0.0925077433711819,0.5653775868791675,-0.010810451494183
qwen-3.5-flash,1,ce9bfe,web,30,-0.0681634608260416,0.0052392013232765,11.273835671560558,-0.263787622646446,0.0295327230776489,-0.0653063484301613
qwen-3.5-flash,1,ceea7c,poster,51,0.0374418472148392,0.2713620398371194,1.826154876788061,0.009758041538155,0.6010009039904811,0.2381691212049694
qwen-3.5-flash,2,ce9bfe,web,41,-0.0314438928544752,0.1369682866996057,4.050143261531337,-0.123339163490599,0.6088211340996824,-0.0640390574484486
qwen-3.5-flash,2,ceea7c,poster,34,0.3270983912481675,0.3928701676713508,1.1095736464459551,0.6310933800426414,0.7096665910951137,0.3553764967385455
qwen-3.5-flash,1,ceb6b3,web,33,0.1987840202118824,0.219790542783418,2.468788398938823,0.6289796508492853,0.701472333993609,0.1914000739441535
qwen-3.5-flash,3,ce9bfe,web,42,-0.0379730818343629,0.1310271233771527,4.10564190603796,-0.1397299158257689,0.6029315435449719,-0.0492956084106237
qwen-3.5-flash,3,ceea7c,poster,31,0.4807276484598313,0.3761705999662339,1.1465904846110253,1.0739407041378497,0.8247584295987918,0.3638086480145698
qwen-3.5-flash,1,ce6863,poster,51,0.3358067341247925,0.3974802503867921,2.0617767658263535,0.7833126878163149,0.7083538193570927,0.3445094316657092
qwen-3.5-flash,2,ceb6b3,web,32,0.1555999520326207,0.1980391221126217,2.4788517385505955,0.4106375876414261,0.6671394407518542,0.1433283210830123
qwen-3.5-flash,3,ceb6b3,web,32,0.191564099575982,0.2107927136110048,2.375650911576831,0.5406176875397064,0.6840927983934675,0.1917951721747835
qwen-3.5-flash,2,ce6863,poster,48,0.2095000742506617,0.3271516620071288,2.411989292370861,0.4564682150195321,0.6702220917620125,0.2089107454272839
qwen-3.5-flash,3,ce6863,poster,32,0.2091945198351769,0.2761657234498363,4.093931574084916,0.552780718923304,0.6166848978235915,0.2086633004002397
qwen-3.5-flash,1,cfa724,poster,30,0.1052068802575047,0.3279979683755634,1.8124567191226155,0.1756026400242908,0.6388152879341115,0.1222439938890523
qwen-3.5-flash,2,cfa724,poster,34,0.1111408323180551,0.3199789346677184,1.816850294621154,0.1966837201584313,0.6049147838491602,0.0412907898148043
qwen-3.5-flash,3,cfa724,poster,30,0.3433187899519547,0.4199852904776697,1.601793052070868,0.6658411169945476,0.6696287714786638,0.2153903080662189
qwen-3.5-flash,1,cfa83c,desktop,44,-0.0523925778389254,0.141426054022452,3.9143546101226825,-0.1389870345390459,0.5370300809917459,-0.1415684368725517
qwen-3.5-flash,2,cfa83c,desktop,55,-0.042975924131101,0.1257304235055551,5.530088511985204,-0.0557314457667164,0.4923061539367251,-0.1576286866128169
qwen-3.5-flash,3,cfa83c,desktop,46,-0.0561909171339427,0.1407647011817644,3.947289075857499,-0.1418654811274661,0.5333195360431976,-0.1420218821701082
qwen-3.5-flash,1,cf477d,web,33,-0.0115346323474319,0.1179563496876179,4.738644774191922,-0.0402499434441478,0.6048545077493384,-0.040457735526553
qwen-3.5-flash,2,cf477d,web,53,-0.0123224684548972,0.15660175425203,4.187004410280309,0.0442502088404551,0.6157105052955765,-0.0607366709085767
qwen-3.5-flash,1,cf815f,mobile,30,0.3510972535777788,0.3605915065978625,3.252723574742921,0.9011496498913154,0.6073060447440393,0.323178891261363
qwen-3.5-flash,3,cf815f,mobile,15,0.4150041726571273,0.4052367177754893,3.2187634752552503,1.0260609939877905,0.5657434401402299,0.4129744900714772
qwen-3.5-flash,2,cf815f,mobile,41,0.2466300053646943,0.3405406136934086,2.4970067052317857,0.7156228905013787,0.6326605476118388,0.2515199952108501
qwen-3.5-flash,3,cf477d,web,33,-0.0191649083783336,0.1150719346756595,4.7541263143630355,-0.0672987574504813,0.5964045388475574,-0.0303945839611781
qwen-3.5-flash,1,cfca97,web,32,0.1976328461387899,0.2888147451762745,1.7175060124978123,0.673949630586612,0.7506407780620061,0.1522152774631686
qwen-3.5-flash,2,cfca97,web,50,0.4124939256126516,0.3464460095451059,1.5867858278343976,1.219071247635377,0.7809886502096993,0.3534189826772665
qwen-3.5-flash,3,cfca97,web,54,0.0297560751320514,0.1990998863820583,2.395162378896509,0.064093967604816,0.6991769958954726,0.082888801866681
qwen-3.5-flash,1,d01e8a,web,30,0.0443165563219507,0.1609085995111645,4.408780171128239,0.2001367733290455,0.5375868907847645,0.0070611903375216
qwen-3.5-flash,3,d01e8a,web,47,0.061024656817055,0.20623750416594,2.937877623248741,0.2536255542854937,0.6342851082429818,0.0227496598599311
qwen-3.5-flash,2,d01e8a,web,51,0.0901984394952546,0.1750423884630826,4.2173039858947154,0.3034440300814202,0.535552565409197,0.0898721418080755
qwen-3.5-flash,1,cff421,mobile,31,-0.0130149391587432,0.1813587452357696,5.55544044929013,-0.1897392329951136,0.4375555190139352,-0.0341846459965072
qwen-3.5-flash,3,cff421,mobile,30,0.0027107609772346,0.1900890325107445,5.473743850756816,-0.1833665849261667,0.4563577943990624,-0.0351599149694677
qwen-3.5-flash,2,cff421,mobile,31,0.0147385058927444,0.1934897741978639,5.436006154106764,-0.1799560083708995,0.4316036262171573,-0.0334894060460137
qwen-3.5-flash,1,d073b7,poster,38,0.1566754528943799,0.2401602534005898,2.630121326503651,0.5306048021654322,0.6274135948526699,0.1707293495395133
qwen-3.5-flash,2,d073b7,poster,36,0.272423333571653,0.2856951177138279,2.416506231895874,0.7715244812150509,0.6817269593147467,0.2004332519085908
qwen-3.5-flash,3,d073b7,poster,35,0.3041528918373405,0.2954839575574791,2.2967747732603825,0.8313586811187486,0.6940602338268197,0.2262678495498143
qwen-3.5-flash,2,d079f1,mobile,8,0.1691020928584763,0.2523530346790508,3.5721445776781544,0.3741933987684151,0.6577986653218609,-0.074780918617297
qwen-3.5-flash,1,d07437,desktop,52,0.4827918135018416,0.2937038241133748,2.2893820406354957,2.098702555044045,0.8046303314246281,0.4582239485740454
qwen-3.5-flash,1,d079f1,mobile,52,0.4100507080586721,0.4070030423712555,1.4650181998062322,0.9108482282697684,0.7407935851739054,0.2784380827080136
qwen-3.5-flash,3,d079f1,mobile,30,0.2541263267385322,0.3600711306455201,1.585777379502228,0.5537138294890603,0.706794072847457,-0.0148611823309401
qwen-3.5-flash,2,d07437,desktop,51,0.5928689240349574,0.3173342173791451,2.139182176797795,2.6163288240102553,0.776494186566268,0.5706902321840025
qwen-3.5-flash,3,d07437,desktop,50,0.5369321352575265,0.2767455234930259,2.36007868196793,2.3800296712342175,0.7739497174338084,0.5195730053368613
qwen-3.5-flash,1,d07b98,web,40,0.1085100026419385,0.2621068420031823,2.014367471907599,0.2515345917606009,0.6117109101499437,0.0507605531082574
qwen-3.5-flash,2,d07b98,web,37,0.1462298679063696,0.2776299198427076,1.8825947309563889,0.3782290102747284,0.6424029147014166,0.0841433553187311
qwen-3.5-flash,3,d07b98,web,31,0.1730531036996581,0.2729674532862586,2.114248337251632,0.4458769625652493,0.6563218161641905,0.1481561540807237
qwen-3.5-flash,1,d0bb76,desktop,37,0.37261958738209,0.426289928708176,1.3508446674407564,0.6949410806123979,0.7284505335668123,0.2888848077441845
qwen-3.5-flash,2,d0bb76,desktop,52,0.3102673232409183,0.3894789373472646,2.1257214811069067,0.6873431751636155,0.6630516550913321,0.2509627548992482
qwen-3.5-flash,3,d0bb76,desktop,45,0.211003856112532,0.3525331143663633,1.848535104519878,0.3699886519053458,0.6493800005371567,0.1585121993602732
qwen-3.5-flash,1,d0c24c,poster,51,0.3217750914271352,0.376444560273749,1.229104350071509,0.6030947881095137,0.6526146328133434,0.2387818851611615
qwen-3.5-flash,2,d0c24c,poster,46,0.3197781168530886,0.3803271965670447,1.3775288838774489,0.598594501961288,0.6764685151948613,0.2250144691895804
qwen-3.5-flash,3,d0c24c,poster,30,0.484983822624554,0.4732502199431442,2.092530108530823,0.8767210297124878,0.7171734805138724,0.3879048028112976
qwen-3.5-flash,1,d09395,poster,77,0.0844958913862186,0.2888672324791587,2.9745797148156985,0.2658680878705216,0.5305657159890764,0.0953505488301979
qwen-3.5-flash,2,d09395,poster,51,0.3080473621755654,0.3936413061152791,2.221302887527976,0.6698516056791184,0.6899312091573649,0.2935814347774114
qwen-3.5-flash,3,d09395,poster,31,0.2293489358215416,0.32192796845381,3.058197395395852,0.6151552402588762,0.6035486517431913,0.2189722721925463
qwen-3.5-flash,1,d0e249,web,39,0.0187537201334586,0.1871552764744984,2.5383759936679615,-0.0083207631372162,0.5766799802340763,-0.0641303784533232
qwen-3.5-flash,2,d0e249,web,33,0.0390919872380454,0.1988965672954081,2.4691109180971025,0.0350040324109381,0.5934235053328918,-0.0801957067320699
qwen-3.5-flash,3,d0e249,web,33,0.0408062632075969,0.1937469804438472,2.4788140761437973,0.0323900523422157,0.5932955667830024,-0.080831843382271
qwen-3.5-flash,1,d165df,desktop,51,0.1406384682399819,0.260842381636082,2.0414587644618725,0.3673137339459966,0.6321203086121276,0.1689826365104379
qwen-3.5-flash,1,cfade5,poster,35,0.0428326863627393,0.1663799322965596,5.6561198097062695,0.2950300676602777,0.449532163394037,0.030027617361715
qwen-3.5-flash,3,d165df,desktop,53,0.0982871930803512,0.2267539179457903,1.983562975611807,0.210779723256431,0.5972606013804199,0.0490083474902842
qwen-3.5-flash,2,d165df,desktop,50,0.2427634680439571,0.2787689758267405,1.8370769223753656,0.6843139685630261,0.6919866549601067,0.220237627907641
qwen-3.5-flash,1,d13f3e,mobile,30,0.0884636692069982,0.2880768574493208,4.0461278012327515,0.0518561259966371,0.4566161620463412,-0.0063578330971162
qwen-3.5-flash,2,d13f3e,mobile,63,0.1525092085515334,0.3597781675991925,2.564524802799231,0.2877485030671589,0.6106464157822297,0.094885102854575
qwen-3.5-flash,1,d1da7d,mobile,30,0.1467648372695037,0.2410179333298428,2.525467051074195,0.2602573629011958,0.7081958927675339,-0.0410577351336212
qwen-3.5-flash,2,d1da7d,mobile,50,0.0188386229344687,0.1559412029447923,3.9452457982334703,-0.0184845203936455,0.6425246645534373,-0.2706097358353429
qwen-3.5-flash,3,d1da7d,mobile,53,0.182095597378954,0.2765100520312709,2.4042247135774484,0.4203829420590398,0.6683821094699429,-0.0700632402119873
qwen-3.5-flash,2,cfade5,poster,51,0.0732068371142916,0.2131308193502366,4.725208360697273,0.0085008497349852,0.5256136613641972,0.060284160826954
qwen-3.5-flash,3,d13f3e,mobile,32,0.1230237445587053,0.3226535158288884,2.9377791440618037,0.2283369389297143,0.5795242657891104,0.0149040516738616
qwen-3.5-flash,1,d1e7bf,desktop,42,0.1220025415191318,0.2959699224000024,2.1565923855094264,0.2410017061678562,0.5999933301717644,0.1981061023458646
qwen-3.5-flash,3,cfade5,poster,34,0.0130666368749996,0.1421815290923633,6.149743814177363,-0.2288666563251418,0.3207486608901424,0.0042372167089379
qwen-3.5-flash,3,d1e7bf,desktop,35,0.19262556592704,0.3249802439377352,2.0211946488181676,0.326482573398656,0.5957988638334348,0.2693911328081835
qwen-3.5-flash,1,d1e801,web,51,-0.0141470054826727,0.178000445572485,3.0350551973399504,-0.0576042091518797,0.5317303581255255,-0.0528292483071934
qwen-3.5-flash,2,d1e7bf,desktop,35,0.1606175875023744,0.3091630988601039,1.9966525647640607,0.3284376899651745,0.5971674812243635,0.2315826629018055
qwen-3.5-flash,2,d1e801,web,51,0.0325244909896457,0.2001132598759441,2.80219937357725,0.106854387885548,0.583514190310348,-0.0511022993621861
qwen-3.5-flash,3,d1e801,web,44,0.1300947091617733,0.2319916744578813,2.4694140308431245,0.5973027683231582,0.6907434543955744,0.0479777592051451
qwen-3.5-flash,1,d1f254,poster,52,-0.0125535671268506,0.1739573303473862,2.943007490253266,-0.013666795432068,0.5112454973990057,0.0366820443012425
qwen-3.5-flash,3,d1f254,poster,34,0.0826932375159942,0.2280267931633748,3.1130032173305615,0.3427601675039463,0.6078574202373997,0.1021133056548962
qwen-3.5-flash,2,d1f254,poster,41,0.0480461508897881,0.2154458127687337,3.2462079699790003,0.2369675291992518,0.5995261578949717,0.0766695758810578
qwen-3.5-flash,2,d205d8,desktop,55,0.0365565354043204,0.1355561512303158,5.539828555431119,0.127440296321494,0.5074419389610196,0.0791618138770412
qwen-3.5-flash,1,d205d8,desktop,17,0.2292811089659809,0.2235773732576879,5.5401683048474295,0.8604994248871897,0.5196273287084867,0.1714970580399018
qwen-3.5-flash,3,d205d8,desktop,54,0.1182749467867651,0.216153815143015,2.457703262037857,0.2848944176017641,0.6591854017598795,0.1578721721957613
qwen-3.5-flash,2,d1ef30,mobile,30,0.0939551824167352,0.2125047996461123,2.993818020441769,-0.0178648568302431,0.606408768557988,-0.0066020733803113
qwen-3.5-flash,2,d23a34,web,34,0.010304797534466,0.1919486849364705,3.260848526842435,-0.0178500170954472,0.6205862879947148,-0.0348146633702331
qwen-3.5-flash,2,d20ff4,web,51,0.2078716506221365,0.2674441156500624,1.9464986551772143,0.5871319762923425,0.7428934195526681,0.1998895754114768
qwen-3.5-flash,1,d1ef30,mobile,30,0.0456678408588792,0.2012456090268256,3.889268346844179,0.012326267901817,0.5397545702210054,-0.1080236743505681
qwen-3.5-flash,1,d23a34,web,45,0.0838938730617352,0.2176198925229948,2.2672612168680053,0.2059149961452663,0.6687746146822516,0.061443700071507
qwen-3.5-flash,3,d20ff4,web,30,0.0497986818101888,0.180858628408519,3.0125585590960338,0.0741912535086872,0.6139570949858891,0.0578823903087105
qwen-3.5-flash,1,d20ff4,web,37,0.1990325697467455,0.254605708014495,2.0663287035035514,0.6009717413717383,0.714410174534509,0.1835822176587021
qwen-3.5-flash,3,d23a34,web,34,0.03249765939678,0.1473086487781285,4.8980995766270965,0.014414386612152,0.6751568371248469,0.094093621687162
qwen-3.5-flash,3,d1ef30,mobile,28,0.0489260067464396,0.2025958720837208,3.663131904484678,0.0407542196630315,0.5746253865231694,-0.063653959221854
qwen-3.5-flash,2,d24c30,web,30,0.2708356254447639,0.3024941908942509,1.605419088095906,0.7033637161080106,0.7189104311723774,0.1596365248018111
qwen-3.5-flash,1,d24c30,web,31,0.2691004307143957,0.2994459735739403,1.6244935125774456,0.7263448874188656,0.7203841114348096,0.1665913071879668
qwen-3.5-flash,3,d24c30,web,30,0.2461105570141997,0.2935082520621842,1.6321367347557156,0.639196993802728,0.7159232520820088,0.13783279383122
qwen-3.5-flash,2,d2c979,poster,16,0.3947073096269999,0.416263750938424,2.0577323168328294,1.0346211685672206,0.7133590333831467,0.3084314141489385
qwen-3.5-flash,1,d2c979,poster,16,0.3948949408213056,0.4177266237154374,2.0549343341775232,1.0668052828700727,0.7171235696066678,0.307198760406504
qwen-3.5-flash,1,d2d386,poster,52,0.0714294320175706,0.1426050849284823,2.69643816329456,0.2168394008407884,0.602758819494754,0.1078011969109942
qwen-3.5-flash,2,d2d386,poster,52,0.0345782097431177,0.1382603066331436,3.2952707842281104,0.0219049020762961,0.5467755741533106,0.0762047020927207
qwen-3.5-flash,3,d2c979,poster,48,0.2083740545679132,0.3287191598784341,2.3865745571604577,0.6880004118580859,0.6556536672131957,0.2388461383928924
qwen-3.5-flash,3,d2d386,poster,53,-0.0190991951654683,0.1065164111737292,4.293903333490469,-0.1010881727090667,0.5344215310814976,0.1041748739077013
qwen-3.5-flash,1,d31d43,poster,30,0.5825045422078707,0.4120976626732698,1.2492730239326424,1.3225510908739095,0.8153274059056876,0.6096500020081114
qwen-3.5-flash,1,d28ecf,poster,32,-0.0239573483465318,0.13488199964428,4.752066678078815,-0.1248107316527784,0.5031539758551244,0.0253481747640055
qwen-3.5-flash,2,d31d43,poster,52,0.5252552270311632,0.3718618668752075,1.1812630470231418,1.3017692632400033,0.8301356079149363,0.5470528965529733
qwen-3.5-flash,3,d31d43,poster,106,0.4602409991182652,0.3798159770263047,3.4837215872442817,1.3919246436560806,0.7205179623583461,0.4672932598591557
qwen-3.5-flash,3,d28ecf,poster,32,0.0010636645238094,0.1588923189666623,4.4806765809345555,-0.0052884429584029,0.5091320156856258,0.038911741612065
qwen-3.5-flash,2,d28ecf,poster,41,-0.003103159033182,0.156277336020308,4.203869744970154,-0.046527774041292,0.5635326963631268,0.0159058034558682
qwen-3.5-flash,1,d320e4,desktop,55,0.0962288385092542,0.2082594082972032,2.467268330655894,0.1957213152625115,0.6024305783452238,0.0740284143719091
qwen-3.5-flash,3,d320e4,desktop,55,0.0026524785516292,0.1890321361807786,2.5915465913149296,-0.0907717718451761,0.5397649911792057,-0.0884560430032963
qwen-3.5-flash,2,d320e4,desktop,56,0.0776375608998777,0.2045966443711953,2.4903915223859543,0.1625668817680431,0.5933024267596442,0.0806363438978957
qwen-3.5-flash,2,d2f771,poster,51,0.2005034924138537,0.2754779532514209,4.998490860491209,0.4707329996624118,0.5144776727737962,0.1391610656246389
qwen-3.5-flash,1,d2f771,poster,42,-0.0567262933423953,0.1247493456839292,7.4179568461270735,-0.1547935586020563,0.3391362209710076,0.003995337202894
qwen-3.5-flash,1,d328b1,poster,59,0.209070018516771,0.3946308676911016,2.0022554735558917,0.5275784894433453,0.635623968986418,0.1886950023494852
qwen-3.5-flash,2,d328b1,poster,31,0.1811399339812669,0.289238294050037,5.480100099726023,0.4138149660639597,0.4500191808731859,0.0861023129155466
qwen-3.5-flash,1,d33aa2,web,34,0.0144255364735211,0.1884925009172142,2.620319879499039,0.136121338810484,0.6388992865623025,0.0305340025995655
qwen-3.5-flash,3,d328b1,poster,48,0.3147937029921868,0.4368469374076931,2.421462612605115,0.60614868510392,0.6495852337171434,0.1827626461863282
qwen-3.5-flash,1,d34e08,web,44,0.2093304726633844,0.2698400224595837,1.6284547882730225,0.4502580402258911,0.6699832090957196,0.0866391331128083
qwen-3.5-flash,2,d33aa2,web,37,0.0158362166968277,0.180229008139047,2.818076862001604,0.0784469965888868,0.6291430262925222,0.0429411014347429
qwen-3.5-flash,3,d2f771,poster,52,-0.0479876609885581,0.0967170210364969,7.718963964614809,-0.1315590334414328,0.3723899222844386,0.0106457325520264
qwen-3.5-flash,2,d34e08,web,44,0.1803990819962228,0.2812823536568571,1.807888351644246,0.3440209634828706,0.6321393134846647,0.0234494818160048
qwen-3.5-flash,3,d34e08,web,40,0.1883950567340041,0.2936111452818568,1.7381295536291677,0.363568482851938,0.6506129733392373,0.0141867888316412
qwen-3.5-flash,3,d33aa2,web,30,0.0206967549243641,0.1868503772706802,2.8132536415834535,0.133297737279581,0.6057265505568593,0.0187054652477017
qwen-3.5-flash,1,d3a241,desktop,52,0.3214548910463684,0.3138306202567779,2.507434612342912,1.264104050787248,0.7549753270991937,0.3096122175902748
qwen-3.5-flash,2,d3a241,desktop,50,0.4325031146571753,0.3269281953778258,2.243511508796593,1.6189034611720252,0.7847392629996972,0.4154817368842535
qwen-3.5-flash,3,d3a241,desktop,50,0.1833247877046954,0.2351684806279859,2.59710260596293,0.6474612180917206,0.7182793713295517,0.1359213019169375
qwen-3.5-flash,1,d3a405,web,49,-0.0676085384459104,0.1964093812481327,2.4591177124881383,-0.1270628488337443,0.5147216635062546,-0.0831749954254562
qwen-3.5-flash,1,d355a9,mobile,30,-0.016819116448213,0.1729670180734901,4.442512372794796,-0.2744722761844406,0.5355515573101002,-0.1209392744652207
qwen-3.5-flash,2,d3a405,web,50,0.0315231307821822,0.2167078659843098,2.522513329290377,0.0085976323118715,0.5736383136232259,-0.0589711044227134
qwen-3.5-flash,3,d3a405,web,30,0.0326571268661852,0.2321120011632047,2.4678874252502694,0.2885102578393955,0.5748831078195014,-0.1118909121038451
qwen-3.5-flash,3,d355a9,mobile,10,0.0307414844169067,0.139776677442496,6.024958859530704,-0.2419933462590395,0.4980615647265719,-0.0535106816029908
qwen-3.5-flash,2,d355a9,mobile,30,-0.0084074654453612,0.1979532735785573,3.903897779251274,-0.3289392004208025,0.467042258239972,-0.1282857754904197
qwen-3.5-flash,1,d42246,desktop,55,0.2497692463548643,0.2618535576956998,2.103474015136676,0.873661295794435,0.7305210269318537,0.0249341562910923
qwen-3.5-flash,1,d3d0eb,desktop,51,0.5057191348538843,0.4011415260025326,2.55798924721196,1.2177587643184318,0.758085579077207,0.4809605434134458
qwen-3.5-flash,2,d42246,desktop,33,0.3009707164297216,0.2694582142622342,2.2077006633456686,1.0574321362859096,0.6900479449870461,0.2044910804489661
qwen-3.5-flash,3,d42246,desktop,49,0.2593071816172828,0.2494319696053847,2.2641173168694126,0.911835490374737,0.6742964393459654,0.1546267957907926
qwen-3.5-flash,2,d3d0eb,desktop,30,0.5795504585599403,0.3050291696506646,6.56322432118059,1.442141931840473,0.3471267028227149,0.5642856545018375
qwen-3.5-flash,3,d3d0eb,desktop,51,0.4549747994499914,0.3689977059863242,3.2862710671560675,1.068795248831693,0.6158426664994205,0.3867974640160626
qwen-3.5-flash,1,d4430e,desktop,51,0.2739577676445877,0.1768424742251834,2.860164632189043,0.8298455631034323,0.6011454195605489,0.249963148827828
qwen-3.5-flash,2,d4430e,desktop,48,0.2396785756841718,0.1806666781801139,3.421529000888312,0.6948514750869902,0.6181222278831668,0.2356950142042705
qwen-3.5-flash,3,d4430e,desktop,58,0.304555162193002,0.2040617666807934,2.0721649500792805,0.9811990960724724,0.7556379360857287,0.2756760350586997
qwen-3.5-flash,2,d48310,web,31,0.0423438481023491,0.1437333523260452,4.230058788804756,0.2213545736187968,0.523796390385366,0.0438608126913613
qwen-3.5-flash,1,d48310,web,51,-0.0467698449752715,0.0900803226900509,5.460576300151027,-0.1834637133905502,0.4360955275299342,0.0170489483192165
qwen-3.5-flash,3,d48310,web,49,0.0793038585012601,0.1456207543609042,3.727820286511453,0.2772104013846373,0.5505430019848818,0.0901965606666254
qwen-3.5-flash,1,d499e7,web,30,0.1893219128155052,0.2739323942039192,2.91555015639481,0.4329251136232305,0.6663737510022429,-0.008995256379743
qwen-3.5-flash,2,d499e7,web,52,0.0436966117166517,0.201707145172533,2.834818085424681,0.0384485772657141,0.5895780903923057,-0.0626629265312467
qwen-3.5-flash,3,d499e7,web,52,0.0431802252961812,0.2016999473121975,2.83375750572716,0.034931554414805,0.5893409713893812,-0.0599585488067455
qwen-3.5-flash,1,d4ab0e,web,31,0.2100861149469138,0.2067942585875739,2.448797459661882,0.6129723991280446,0.6983983713988181,0.1591676421152204
qwen-3.5-flash,1,d4988b,mobile,30,0.0737055983391214,0.1527289461867529,5.092875505477845,0.0325867480358893,0.5225688990183339,0.0271928553850201
qwen-3.5-flash,2,d4988b,mobile,30,0.1010878934934187,0.1354549211783707,5.204632265379114,0.1589752315001118,0.5033026757232809,0.0760081766980266
qwen-3.5-flash,3,d4ab0e,web,52,0.1027700070566601,0.158845999900771,2.6908445214922976,0.1944199076207125,0.5752836662409204,0.114003606251138
qwen-3.5-flash,2,d4ab0e,web,53,0.1339357363102985,0.1720201126686391,2.359476209299093,0.3678008676120162,0.6231142475101252,0.0862164827296228
qwen-3.5-flash,3,d4988b,mobile,30,0.1105936804757291,0.1560671530862631,4.526830179182079,0.1477566819304933,0.5719376319767429,0.073927874164012
qwen-3.5-flash,3,d4dac4,web,30,0.4183851447823751,0.3554577853695807,5.211923205108282,1.1975510179688,0.5252486228590474,0.18871946603675
qwen-3.5-flash,1,d4dac4,web,41,0.4640851898858225,0.3314424380004955,1.301091685014822,1.1461688714015474,0.7576649989152968,0.2880014724696391
qwen-3.5-flash,2,d4dac4,web,46,0.4231571466391585,0.2936948212555622,1.452067273541494,1.083102485468139,0.7402880260703159,0.2148843876214651
qwen-3.5-flash,2,d5493d,poster,30,-0.0762035644992212,0.1592852949157084,5.23045077624064,-0.0180579591880766,0.4462647113020193,-0.1799316324587254
qwen-3.5-flash,1,d5493d,poster,25,-0.0171503088395053,0.1813386441173531,5.098154324108235,0.1031751060027274,0.4781240168845334,-0.095083984237299
qwen-3.5-flash,3,d5493d,poster,29,0.0014734892605681,0.1904149020450024,5.082130798044301,0.2218821139335914,0.4975814831106621,-0.0891155748283222
qwen-3.5-flash,2,d50a8b,poster,70,0.2199752623129572,0.2728520570849693,1.7544883228184016,0.5228459499116994,0.6778866400735828,0.162145584005046
qwen-3.5-flash,3,d50a8b,poster,43,0.1570515672580853,0.2575923497318119,3.462911312585756,0.5821597046748858,0.6257557279220194,0.1047571236006935
qwen-3.5-flash,1,d594d5,poster,50,0.1109808025734625,0.2868047842590312,1.6087477115410511,0.3170080353469809,0.5916742976740134,0.0678027896112492
qwen-3.5-flash,1,d50a8b,poster,30,0.026344152229796,0.1844860180467596,4.1251770211456105,0.0437981602561814,0.5639706066823329,0.0082857508646893
qwen-3.5-flash,2,d594d5,poster,30,0.1501606311806071,0.2844109407213991,1.5744040949167708,0.4257697597542705,0.6102766025419106,0.1347711564857078
qwen-3.5-flash,3,d594d5,poster,31,0.2533930110280208,0.2866507352179954,1.529227723417927,0.6702429356991549,0.715018695069359,0.0953635290082944
qwen-3.5-flash,2,d375a8,poster,51,0.0413056482982956,0.1707503418789186,5.698377956407443,0.3825240125412648,0.3500485266237683,0.0367000178885777
qwen-3.5-flash,3,d375a8,poster,61,-0.0167365765135358,0.1576849838237458,6.033404666503992,0.3010592042111171,0.3620614900748623,-0.0231771800873296
qwen-3.5-flash,2,d59f99,web,46,0.1265940712081828,0.2892979724908755,1.706546795508041,0.3893125829169594,0.6781235657251613,0.1270867783445299
qwen-3.5-flash,1,d59f99,web,44,0.0716023725070343,0.2492411603308962,2.768959490868616,0.1864770028544966,0.5893785159007905,0.0750070375788817
qwen-3.5-flash,3,d59f99,web,44,0.0729808142715943,0.2462395288869882,2.824532354830056,0.19206140148976,0.587569287584123,0.0764841720558204
qwen-3.5-flash,1,d5caa3,mobile,30,0.406652699851725,0.4045828853207084,1.301156884393712,0.9235352943839626,0.7338321434580174,0.1962425926424974
qwen-3.5-flash,1,d56ac6,poster,51,0.0990346398692632,0.1928375777217487,5.4761406257675,0.3669531134970626,0.5161892458711732,0.0695654946738431
qwen-3.5-flash,2,d56ac6,poster,65,0.1199217721920072,0.2206821950815136,3.796409023614334,0.4187578548332529,0.6121323130127984,0.0918089620655627
qwen-3.5-flash,2,d5caa3,mobile,30,0.2858333567353752,0.3727120356016628,1.2960467175112014,0.609094572865869,0.6834591430035148,0.0527766533414995
qwen-3.5-flash,3,d5caa3,mobile,31,0.2801531045197276,0.3661838748436754,1.3427027822565187,0.6029154555425263,0.6798884712632128,0.0522399378024221
qwen-3.5-flash,3,d56ac6,poster,30,0.0123752157594235,0.1232048828832367,6.534488691523564,0.3112234668950614,0.5177340512314001,0.0040799602739776
qwen-3.5-flash,1,d375a8,poster,68,0.0047511485705603,0.1713483234564291,5.530560668390034,-0.0448692127661208,0.3125297389188245,0.0029569604887726
qwen-3.5-flash,2,d5f959,desktop,46,0.4294916362474584,0.3315888817487199,2.4889161297800815,1.373456060100358,0.7391288894996203,0.4438500718608847
qwen-3.5-flash,1,d5f959,desktop,49,0.1885516205249003,0.2073343735084615,2.742195496682728,0.6354412186236885,0.6717411801789728,0.2387513699648327
qwen-3.5-flash,3,d5f959,desktop,49,0.2116191595310537,0.2279972197671301,2.8870687432354005,0.7507169041324435,0.6901988142972232,0.2996680360037064
qwen-3.5-flash,3,d60e75,desktop,30,0.0334859233354273,0.1945545614620809,3.2503034393879275,-0.0268170410132469,0.5379667582943869,0.0398570081903997
qwen-3.5-flash,1,d60e75,desktop,33,-0.0071505686423365,0.1910234366373295,3.115633470700525,-0.1303569677591848,0.4896067686460701,0.0659051650129636
qwen-3.5-flash,2,d60e75,desktop,30,-0.0246382788756977,0.1408268148593604,4.305233549229994,-0.2226834376281593,0.4733456516701996,0.003833019374847
qwen-3.5-flash,1,d613ea,web,29,0.1335382287486592,0.1695157228181028,2.7759008586826375,0.2500977474072192,0.585513437800969,0.0632357833576024
qwen-3.5-flash,2,d613ea,web,54,0.0717352684066557,0.1456688265208192,2.791611340681098,0.0993881681547452,0.609455788925021,0.0697110534078169
qwen-3.5-flash,2,d667b6,desktop,30,0.169166097310327,0.259803876351568,2.6054944857689915,0.5029561295300767,0.6634255734659437,0.1647726296670716
qwen-3.5-flash,3,d613ea,web,30,0.2619250340997838,0.2362473045904815,1.9892305185706536,0.775478504991916,0.7423165433840604,0.2074414023109364
qwen-3.5-flash,1,d667b6,desktop,109,-0.0379960587066924,0.1303740430941565,4.785814866399664,-0.1295892187680994,0.5553207587950901,0.064086074321748
qwen-3.5-flash,3,d667b6,desktop,50,0.1248315172946306,0.2259454655939836,3.96293607471132,0.3815766264586093,0.6296831087540163,0.1381875935310424
qwen-3.5-flash,1,d66c89,desktop,50,0.0358906105038711,0.1060938867531027,4.47010965657045,0.1287644160925969,0.5402479419879794,0.0112778666609536
qwen-3.5-flash,1,d6789a,poster,51,-0.0717202955271959,0.1789822275687531,2.476603664732385,-0.1815202737863913,0.4651438138794015,0.0426099283910306
qwen-3.5-flash,3,d66c89,desktop,68,0.0466802043063831,0.1221467020137097,4.54713394603546,0.1716851978236003,0.6811241396955504,0.053739743964994
qwen-3.5-flash,2,d66c89,desktop,51,0.0483222852619934,0.1236201896559218,3.017150410339087,0.1728528143891979,0.6483584269063437,0.0112146809013156
qwen-3.5-flash,2,d6789a,poster,50,-0.0967244844257485,0.1631054391368716,2.570423087337641,-0.2816113043515711,0.4378931832075878,-0.0246071359104714
qwen-3.5-flash,3,d6789a,poster,50,0.0354431464425079,0.2114443009755221,2.299407326408051,0.157349064505185,0.5421178758157501,-0.0615092652544852
qwen-3.5-flash,1,d6702e,desktop,53,0.4855731761491313,0.3930232187939319,1.8167484469032955,2.089133277590986,0.8442677719886377,0.4572728599818559
qwen-3.5-flash,2,d6702e,desktop,35,0.4809813720867852,0.3553844166087099,1.8218154504232136,2.082067394530892,0.8411902856977179,0.445073958608238
qwen-3.5-flash,3,d6702e,desktop,49,0.4794147078015274,0.3863666717049449,1.8343966467005863,2.057833343418207,0.8421419952991909,0.4530273992317261
qwen-3.5-flash,2,d69abb,web,30,0.2331513923396627,0.299135592741061,2.0112814400562704,1.0527467097152094,0.8300035890384856,0.1841254374332446
qwen-3.5-flash,1,d69abb,web,36,0.1286960583178024,0.2622644788642645,3.047984917974406,0.509763713946782,0.7288021621107281,0.0828084621227551
qwen-3.5-flash,3,d69abb,web,32,0.2410150157084523,0.2810768042834679,1.9614284607429937,0.9060440516213736,0.7942919852096073,0.1639215655242399
qwen-3.5-flash,1,d6cc23,desktop,58,0.3085902115063558,0.2446678684884325,4.5982857288921934,1.0115554610024824,0.5795513090150005,0.3148873683757331
qwen-3.5-flash,2,d6cc23,desktop,58,0.2834664537615945,0.2429042878796733,3.177726051175714,0.8255583352627902,0.618167247857365,0.2717841912691048
qwen-3.5-flash,3,d6cc23,desktop,49,0.3811907608765499,0.274374770317181,2.795469983769564,1.2241331500200132,0.6550861527578001,0.3670460380037467
qwen-3.5-flash,1,d70468,mobile,34,0.1863744630609793,0.3512475855740104,2.483104319305187,0.3776022218256537,0.6881610569202796,-0.0025015452670674
qwen-3.5-flash,2,d70468,mobile,51,-0.0459672850277735,0.2276031733805326,3.949713017026982,-0.0487230929827968,0.5863017974671185,-0.0642722357352702
qwen-3.5-flash,3,d70468,mobile,30,0.1865487453853997,0.366357465080197,1.4440492991630416,0.3086922471041179,0.6848236340227412,0.009699458978675
qwen-3.5-flash,1,d6f09c,web,53,0.0778414068899743,0.1349517655620355,3.4340789116964285,0.4294020886930203,0.7373950821844609,0.065328910023599
qwen-3.5-flash,1,d6ac76,poster,31,0.2693165227186044,0.3281341314249492,2.8156845929150514,0.8443951749614191,0.7095767427615063,0.2408674147262222
qwen-3.5-flash,2,d6f09c,web,30,0.2831477478390988,0.2348318800246218,2.354431261537076,1.4996811649765156,0.8551786170334293,0.2175849017364959
qwen-3.5-flash,3,d6f09c,web,61,0.2440454151104936,0.2624450147651195,2.3209136336133307,1.2636690959525183,0.857051985693713,0.1850845606528251
qwen-3.5-flash,3,d6ac76,poster,31,0.2180611407188374,0.3092527882274478,2.9120068482153245,0.704163955327738,0.6855245386509062,0.2007090657340671
qwen-3.5-flash,2,d6ac76,poster,31,0.2605720126726261,0.3387093894162275,2.5506456371507253,0.772406061312787,0.7134816390457381,0.2379640934785613
qwen-3.5-flash,1,d7346d,web,54,0.2272956165449745,0.2284397247841416,2.1536715295406217,0.8914867547988878,0.692490734836901,0.2188319225635862
qwen-3.5-flash,2,d7346d,web,53,0.202331977402079,0.2155779138416217,2.112714358332397,0.9824978012908748,0.7066152252990359,0.2335281790916087
qwen-3.5-flash,3,d7346d,web,31,0.2858445868322135,0.258125872581068,2.166366872964505,1.0956354268867765,0.7127648964235962,0.2735010147990983
qwen-3.5-flash,1,d738b4,poster,48,-0.0070440605984929,0.2236577517709549,3.461650477114419,-0.0106729905298708,0.5651322115227633,0.0228212428868002
qwen-3.5-flash,2,d738b4,poster,49,0.0433749542639597,0.2770836180386298,2.3738517947186,0.0952016205572443,0.5507300058706663,0.0584106660135654
qwen-3.5-flash,3,d738b4,poster,70,0.3383782176817559,0.4096901604305834,2.9314430211773264,0.7147573359747499,0.6480368459743655,0.1879879510981399
qwen-3.5-flash,1,d73e0e,poster,51,-0.0587494830731031,0.3002868464903462,1.8876301715892052,-0.1448638564856177,0.4744885958775032,-0.1056792128470807
qwen-3.5-flash,2,d73e0e,poster,86,0.1405451033495585,0.3281902601952862,1.667965961182318,0.3671064020358717,0.6470891307434914,0.0316936877558827
qwen-3.5-flash,2,d7049d,web,30,0.0380778064300651,0.1019664094538222,6.737837543996387,0.0365128117012588,0.513351484369378,0.0211438569118529
qwen-3.5-flash,1,d7049d,web,34,0.0105215471734763,0.0866832005517421,6.918892878619047,-0.0149645560143173,0.5004115785415961,0.0106320915496884
qwen-3.5-flash,3,d73e0e,poster,50,0.0008279864779029,0.320298602331027,1.6356595008925412,-0.0552652386386567,0.4926674957835529,-0.0755440632938641
qwen-3.5-flash,3,d7049d,web,39,0.0017268848882095,0.0907454331199659,6.314720383950831,0.0161684322052553,0.5647364990189078,-0.0027719175728306
qwen-3.5-flash,1,d79d5c,mobile,26,0.2969574448244311,0.2887057871837777,1.581320047367281,0.6824067382843302,0.7160967004408065,0.2191437723336032
qwen-3.5-flash,3,d79d5c,mobile,23,0.3307263965967184,0.3075183138942416,1.4979955991934435,0.768200157390305,0.7406003194622658,0.2082808035520046
qwen-3.5-flash,2,d79d5c,mobile,26,0.3012897009873518,0.2891434131656188,1.607304787322459,0.6929293398390771,0.7197673322250674,0.2376325259757911
qwen-3.5-flash,2,d7beb9,poster,30,0.2543066232988853,0.2723609513055268,3.1381846812020058,0.8775360826929275,0.6067771379337228,0.2305505644665856
qwen-3.5-flash,1,d7beb9,poster,33,0.3515317941821148,0.2995714304618221,3.0315793356432144,1.0490483957974823,0.6208020301606442,0.3022032288219864
qwen-3.5-flash,3,d7beb9,poster,33,0.2902034385607805,0.3078212157681895,2.9476002765181772,0.9269513578730212,0.6421029135056714,0.2493868056893081
qwen-3.5-flash,2,d7d901,web,47,0.1799084903336641,0.2742167674834623,2.50667970617739,0.4836289664992746,0.6443966456929645,0.168813282660826
qwen-3.5-flash,1,d7d901,web,44,0.1456373312050844,0.2595704050155432,2.553161026793022,0.4255825469795875,0.6432460417197784,0.1554210974099212
qwen-3.5-flash,3,d7d901,web,47,0.1909666791380855,0.2792079966457928,2.5063726875874504,0.5215653126731242,0.6452203541726047,0.1852761943983211
qwen-3.5-flash,1,d7535a,poster,30,0.0315825466904028,0.0877540780585136,8.077744285684936,-0.0209750259906352,0.2397476151973918,0.0519732706063626
qwen-3.5-flash,2,d7535a,poster,30,0.0304752544379664,0.0840022796813001,8.342305826401198,-0.0242006386700962,0.2394253720960871,0.049533196254681
qwen-3.5-flash,3,d7535a,poster,69,-0.0063029070523602,0.1052934865257663,7.111158524190887,0.0449592098774567,0.4435744196898954,-0.0250636052112107
qwen-3.5-flash,2,d7cfda,poster,41,0.0539715072241534,0.2332464062251577,3.497887208650003,0.2309025512489603,0.4852852450949612,0.0083853802884752
qwen-3.5-flash,2,d85242,desktop,52,0.0363239731444303,0.1631564005060802,5.088525020105285,0.2585388454956647,0.5149540670400776,0.0267378533308743
qwen-3.5-flash,3,d7cfda,poster,40,0.0307910131512362,0.2259355167658091,3.983614504301277,0.1291087557248524,0.4445962484368664,-0.0536346326541443
qwen-3.5-flash,1,d85242,desktop,54,0.058147024636455,0.1877521668787906,2.910784521446109,0.2661947170611259,0.6030854364490976,0.0499751300361815
qwen-3.5-flash,1,d7cfda,poster,41,0.1824581598798254,0.2984806978052913,2.497930942345173,0.5529936504317584,0.6177897175532325,0.0839797041876696
qwen-3.5-flash,3,d85242,desktop,53,0.0444054657809706,0.1987432038638796,2.588014082134399,0.2499887013082869,0.6172550473556269,-0.030814483213957
qwen-3.5-flash,1,d88d22,web,30,0.1033109692158198,0.3503506599266091,2.469737919459281,0.1975886520506153,0.6040144499424982,-0.0381995709957554
qwen-3.5-flash,2,d88d22,web,52,0.0730544861976509,0.32729182933847,2.154187766327529,0.102400384160973,0.6110779068876899,0.0560235207050189
qwen-3.5-flash,3,d88d22,web,50,-0.0474429989767701,0.2463865440958962,2.427207692958018,-0.1315536316372605,0.5919797825798092,-0.0310522720812575
qwen-3.5-flash,1,d8cbc3,web,75,0.0869146757921195,0.2293416556985602,2.375374657086036,0.0664024102263174,0.5168395764500874,-0.0193199605101386
qwen-3.5-flash,2,d8cbc3,web,50,0.293577657702155,0.2897186003654583,1.9621192454179048,0.979372982818874,0.7200996478769358,0.1847922049908898
qwen-3.5-flash,3,d8cbc3,web,31,0.2565753010277981,0.2946142821444405,1.9391046555683105,0.5744911824900422,0.6746560397770645,0.0957877334154662
qwen-3.5-flash,1,d8d2df,web,29,0.0597454683942266,0.2301680195045123,4.453236891517337,0.0579632480012954,0.5170173718389802,0.0897128868406743
qwen-3.5-flash,2,d8d2df,web,101,0.1672977831927982,0.2501556062589857,4.465120140282963,0.3469550986921103,0.5423881036379896,0.1716116598454505
qwen-3.5-flash,3,d8d2df,web,50,0.1484366774554781,0.2542910758449379,4.2206742936441195,0.2883677932700057,0.5491281795842274,0.1492849588092905
qwen-3.5-flash,2,d889b1,poster,34,0.1535037429050562,0.2354765147033551,3.776133494566152,0.521922809656288,0.6862474915423297,0.1010690087276083
qwen-3.5-flash,1,d889b1,poster,30,0.1886022146121367,0.2656090476583306,3.5913388511670457,0.5715891100734996,0.6964617572852564,0.1149151667613233
qwen-3.5-flash,1,d8d582,web,32,0.0206587753045462,0.1978052870832427,3.555869614471719,0.031026662048191,0.613476750171875,0.023219055562473
qwen-3.5-flash,2,d8d582,web,28,0.0363223194931653,0.2095988924026723,3.472665626846704,0.0721916603675035,0.6159940746050603,0.0135301533311681
qwen-3.5-flash,3,d889b1,poster,30,0.1021710504594612,0.2050330578318829,4.002559386489803,0.1495718588573831,0.6579800053144668,-0.0307787342365408
qwen-3.5-flash,3,d8d582,web,28,0.0333914804963343,0.2073451407566354,3.49224411458731,0.0660258623445258,0.6163439200988718,0.0110080697625886
qwen-3.5-flash,1,d8d91d,desktop,51,0.411680962875031,0.2724624188057474,1.639983880626504,1.5037384542770669,0.8359147479619315,0.3282091987161603
qwen-3.5-flash,2,d8d91d,desktop,52,0.3540554678052245,0.2993418377720013,1.6407394367977854,1.2361512467441331,0.7953878624694287,0.2729349878946461
qwen-3.5-flash,3,d8d91d,desktop,36,0.3879597450081355,0.2782517269456802,1.8987313169824416,1.359478082366923,0.714141367391813,0.2976080201398876
qwen-3.5-flash,2,d924c7,web,50,0.0519034170710319,0.1845852606350149,5.398828215046306,0.3357429408635741,0.4553255607534099,0.0429164336992152
qwen-3.5-flash,3,d924c7,web,28,-0.0166477829982974,0.1705627280949284,5.5642732160887505,0.154701112752732,0.4286600431588726,0.0120386968609198
qwen-3.5-flash,1,d924c7,web,39,0.0383598825016166,0.2036657528865759,5.184042858707205,0.2315410811506273,0.463112182176025,0.0665744976856225
qwen-3.5-flash,1,d9508a,web,32,0.2194960495587647,0.2599985225552266,2.0243722570476885,0.528364597886235,0.6842967599102386,0.0867266908209593
qwen-3.5-flash,3,d9508a,web,31,0.0808196758507419,0.2005743736275858,2.3679625606016423,0.11960497936459,0.6379107264004977,-0.0321139315992108
qwen-3.5-flash,2,d9508a,web,32,0.137508452849321,0.2194438067018296,2.1922645330524766,0.3298050331975661,0.6665584810667119,0.0187130413258311
qwen-3.5-flash,2,d95bad,poster,50,0.037675249082164,0.1847351160510337,2.1858179410850056,0.0607695012204715,0.5777909832639333,0.0351708512105129
qwen-3.5-flash,1,d95bad,poster,35,0.1878318089348047,0.2386381680793651,3.5939276832095786,0.4854849481942128,0.5179842323252565,0.1301495852170386
qwen-3.5-flash,3,d95bad,poster,30,0.1235458540136471,0.210152649776483,2.3531258493196994,0.152006380220501,0.5554556711731496,0.1109079537109449
qwen-3.5-flash,1,d98c2a,desktop,49,-0.0232811980481939,0.1635274246802972,2.999363631424977,-0.1424024086749737,0.5202695362370425,0.0111884140798987
qwen-3.5-flash,2,d98c2a,desktop,57,0.0931033492923101,0.196132409336394,3.091206725131858,0.1661931364380002,0.6759442428112297,0.051194907297552
qwen-3.5-flash,3,d98c2a,desktop,49,0.046424253497467,0.1583462783920197,4.0505778173662135,0.0291330878061713,0.5487838083615071,0.0624643339329532
qwen-3.5-flash,1,d93532,mobile,34,-0.0244731101806891,0.1943887649543859,4.851262809075088,-0.0735050524707063,0.4938412194118978,0.006730681295111
qwen-3.5-flash,3,d93532,mobile,34,-0.0372542319631355,0.1899334215501802,4.8800530519455645,-0.0950862343526247,0.4912899983093895,0.0073508848215341
qwen-3.5-flash,1,d99b18,desktop,49,0.2158755120776008,0.2054120181974598,2.744602559393714,0.7541600115521229,0.7008202500170376,0.2560065637839099
qwen-3.5-flash,2,d93532,mobile,34,-0.0244620053630725,0.1943887649543859,4.851266551781213,-0.073471699121023,0.4949079552724928,0.006701223236553
qwen-3.5-flash,3,d99b18,desktop,30,0.0456345637253706,0.1136046200167107,10.312367845279242,0.3840691571160741,0.1549945857183711,-0.102063872573922
qwen-3.5-flash,2,d99b18,desktop,52,0.0132362932735946,0.1491907250097285,6.358140998735154,0.2104915175844557,0.5144023386619105,-0.1036905295483686
qwen-3.5-flash,2,d9a22e,poster,52,-0.0948244698955534,0.1417119224420161,3.3983395768518747,-0.3200767884520616,0.491561797694813,-0.0525864387266043
qwen-3.5-flash,3,d9a22e,poster,150,0.273013731003997,0.2855132024102257,1.5341450606341145,0.6587288095047368,0.7152660932661861,0.1395607056685398
qwen-3.5-flash,1,d9a22e,poster,46,0.3746137758448338,0.3432030557200475,1.826259866584819,0.929542109334078,0.7336919087904392,0.1912494994737529
qwen-3.5-flash,1,da1d78,desktop,30,0.144591825805123,0.2575591679134145,1.848760261894468,0.7077571578485845,0.7688061669124819,0.1032432227288442
qwen-3.5-flash,2,da1d78,desktop,30,0.1065108317713657,0.241069257480204,2.008742773703399,0.5819985583165976,0.7524750899693132,0.0472037039997787
qwen-3.5-flash,3,da1d78,desktop,51,0.1391894601534034,0.2206201111905689,1.94299046805044,0.5921965708258663,0.7028600956080092,0.2499470936262039
qwen-3.5-flash,1,d9baa1,web,77,0.0764304697540265,0.177301339101724,2.3272712307668915,0.1199965394225279,0.5667676449938317,0.0384686917359635
qwen-3.5-flash,1,da36d4,mobile,30,0.3970461376673514,0.3954497964301202,1.1191366879182971,0.9825005587780268,0.7602046660910664,0.1021549013412964
qwen-3.5-flash,3,d9baa1,web,60,-0.0699901037284727,0.1193291205606866,3.1627088868325117,-0.3895236726083426,0.4389356704639358,-0.0754912260634061
qwen-3.5-flash,2,d9baa1,web,67,0.0836477809533971,0.1865797427783678,2.290285596782196,0.1100262099474226,0.5921202684775957,0.0184153360007521
qwen-3.5-flash,2,da36d4,mobile,30,0.4261788311363302,0.4061479983106059,1.0960257101782291,1.074612751970674,0.7721179564853333,0.1354730113640037
qwen-3.5-flash,3,da36d4,mobile,30,0.313862366747189,0.3917433115536833,1.7158860836067824,0.8752872716717615,0.720689454961605,-0.2415502487572329
qwen-3.5-flash,1,da75d3,poster,53,-0.0761467090172171,0.2295252941125716,1.8698965623026813,-0.1789787211735914,0.4706810969577075,0.0700367765518866
qwen-3.5-flash,2,da75d3,poster,32,0.0282631897195476,0.2709638746417651,2.1424785032607594,0.0990237774723502,0.5327439271983947,-0.0331085833406403
qwen-3.5-flash,3,da75d3,poster,32,0.0291621222215725,0.2713216282916959,2.141941378980241,0.1007212084370807,0.5330890524452818,-0.0343461930538227
qwen-3.5-flash,2,dafb86,mobile,30,0.0707682979262843,0.2880665123042497,2.2740800348374397,0.030388325270993,0.5696119704653391,0.0526766615623553
qwen-3.5-flash,1,dafb86,mobile,32,0.2102713618203255,0.3398410716753363,2.007425246960711,0.4648370105994778,0.6718709395086103,0.3097723798473036
qwen-3.5-flash,3,dafb86,mobile,30,0.2483519593974744,0.3546490491036301,1.976772177346767,0.5500641461218623,0.6759799754142739,0.3320808408733736
qwen-3.5-flash,1,da1a17,mobile,28,-0.061117578567124,0.1365755062942668,6.005001693037216,-0.0333882344842305,0.4010016181547067,-0.0783331312337095
qwen-3.5-flash,2,daaa3f,desktop,200,0.0447700903859641,0.2024672250237489,6.165398761727721,0.1567748277018874,0.5015552923523072,-0.0547433556698177
qwen-3.5-flash,1,daaa3f,desktop,51,-0.1314744733230554,0.1341405887609656,4.436135010886593,-0.2537013352071652,0.4376467002880525,0.012297730931501
qwen-3.5-flash,3,daaa3f,desktop,71,0.0038008644245881,0.1192133592672261,7.561751233643342,-0.0572577491081113,0.4063637391397636,-0.0670761501724573
qwen-3.5-flash,2,da1a17,mobile,31,-0.0657408485542655,0.1359652964441547,6.017275132847467,-0.0275457400289463,0.3844375765025902,-0.0707658237983211
qwen-3.5-flash,1,db86c2,desktop,35,-0.1080896762436952,0.2361467019854016,1.7287831237735376,-0.2967735628478536,0.4052372163086953,0.0102034026079954
qwen-3.5-flash,1,db12fc,desktop,37,0.1804495825663438,0.2357649928886872,2.3410804044476508,0.5485746714798586,0.6984842683829195,0.1685990726008358
qwen-3.5-flash,3,da1a17,mobile,28,-0.050962006863046,0.1415585871246159,5.9785579409394245,0.0103105852909318,0.3994221740500829,-0.0728479409648666
qwen-3.5-flash,2,db86c2,desktop,37,-0.1038620192648306,0.2379750452747258,1.7251438576571216,-0.3087481921776852,0.3848481259182914,0.0051813844093172
qwen-3.5-flash,3,db86c2,desktop,35,-0.0583864698024395,0.2456075482437398,1.6863080768068015,-0.1875085274756688,0.4597947004834219,0.0307258663779147
qwen-3.5-flash,2,db12fc,desktop,31,0.2020731626324972,0.2168337014480014,2.3598803771029684,0.5899850629982275,0.670792533143676,0.2106482962688131
qwen-3.5-flash,3,db12fc,desktop,37,0.1774753332985449,0.235014284205485,2.3838633914143266,0.542254124923945,0.6907923529147559,0.1673704412739331
qwen-3.5-flash,1,db81dc,web,30,0.1863059276921415,0.291394113369355,1.6840608535245167,0.4483057652906322,0.6437658233245657,0.0588170886688612
qwen-3.5-flash,3,db81dc,web,47,0.0523760716640432,0.2509225776538321,1.8323446898902644,0.1595611227803358,0.632625382223877,-0.1536325630901255
qwen-3.5-flash,2,db81dc,web,52,0.0356100973140316,0.2537994119443602,1.8548351116995,0.2160848067040655,0.5919502404027603,0.023642036294245
qwen-3.5-flash,2,dc06e3,desktop,29,0.4651899740786337,0.416319121587032,2.426971669134158,1.2315311055158846,0.7423348856971154,0.334779184190326
qwen-3.5-flash,1,dc06e3,desktop,43,0.2275087492927724,0.2870026143400241,2.2603670822627167,0.5410715301661662,0.6831073999810781,0.1179943235999837
qwen-3.5-flash,3,dc06e3,desktop,30,0.4657686676935058,0.4205191762305894,2.3216157141892246,1.2273356444841377,0.7646072250266678,0.3337313074180077
qwen-3.5-flash,1,dc2864,poster,63,-0.0299365556041551,0.148541041365064,3.475626417665368,-0.153537351931924,0.5147573568680134,0.0413842730371298
qwen-3.5-flash,2,dc2864,poster,48,-0.0094460665471224,0.1846425680075271,2.859158492699043,-0.0006316339812171,0.5206815883541673,0.016536310261214
qwen-3.5-flash,3,dc2864,poster,37,0.019304451959488,0.1844934914339936,2.697227117795333,-0.0586895048947419,0.5376951398478624,0.0439710412813026
qwen-3.5-flash,2,dba9fe,poster,30,-0.0260064810359764,0.0574443494284784,8.931824958622144,-0.180184050488445,0.1894774957956624,-0.0246870102771024
qwen-3.5-flash,3,dba9fe,poster,36,0.1362715881221977,0.1806807779716275,7.183910117940138,0.4024243264763606,0.3610761638789729,0.0955032247577643
qwen-3.5-flash,1,dba9fe,poster,51,0.0047508304177472,0.1195750354857169,7.351532136718773,-0.0795318010596907,0.376766984472087,-0.0185898389783752
qwen-3.5-flash,1,dc351a,mobile,30,-0.0160887603205184,0.155464585999965,6.741272038091603,-0.0027108330952818,0.241399392536842,-0.0246546964131518
qwen-3.5-flash,2,dc351a,mobile,30,0.1107668647712762,0.2019715958715171,5.761305510546225,0.4521144183708391,0.3105021745142263,0.0711252075718516
qwen-3.5-flash,3,dc351a,mobile,30,-0.0208258372444714,0.1544508752106286,6.745547451279714,-0.0032194864661959,0.2406054471348297,-0.0238650289276895
qwen-3.5-flash,1,dc6989,desktop,30,0.2539939649332924,0.2041927632181386,6.694867070723863,0.7009929016487633,0.502276066496924,0.2736503683991341
qwen-3.5-flash,1,dc537b,mobile,30,0.3689178213041212,0.4459272189245044,1.651196182278173,0.4540591818418559,0.6707694018054948,0.2849374366459584
qwen-3.5-flash,2,dc537b,mobile,33,0.3314054634134653,0.4256477190248309,1.7122505212009904,0.4703191554036777,0.6435103839860973,0.2513951910856714
qwen-3.5-flash,2,dc6989,desktop,51,0.3600157567189708,0.3604131035307946,4.141740803093901,0.9183708354475708,0.6604141493904934,0.3368387495471423
qwen-3.5-flash,3,dc537b,mobile,36,0.3199240699642671,0.4097658578633426,1.8099725903589177,0.4195872606246142,0.6246827832393254,0.2337913391955475
qwen-3.5-flash,3,dc6989,desktop,275,0.4185114474874642,0.3862176179890185,2.08878805817037,1.2048298909929005,0.7414751952982226,0.4251177800063658
qwen-3.5-flash,1,dcc0de,web,53,-0.0087012778107597,0.2035337693162763,3.673175657081864,0.0483477022747214,0.5906681410191219,-0.0003675639165972
qwen-3.5-flash,3,dcc0de,web,53,0.1155993238031535,0.2889166585503384,3.1347926101274095,0.5154954680399522,0.6511660040673407,0.0474695956679639
qwen-3.5-flash,2,dcc0de,web,50,0.0651687485902604,0.2503526630901232,3.3820599852820505,0.3518912081745161,0.6067681212949859,0.0340448383399907
qwen-3.5-flash,1,dcf870,mobile,15,0.0718068566319778,0.1624239510546062,2.6788147605265795,-0.1245659466596467,0.6317262248570725,-0.2346515240622127
qwen-3.5-flash,3,dcf870,mobile,52,0.0366074816445793,0.1438817081742236,3.0660081435845186,-0.1654966270285148,0.6403001426371708,-0.1796650685121739
qwen-3.5-flash,2,dcf870,mobile,30,0.0481208963408345,0.1604339320024106,2.69994970111426,-0.2741353037495314,0.5220124582530756,-0.2514091295762652
qwen-3.5-flash,1,dc705a,mobile,35,0.1779722726175385,0.2751067422002791,2.96983058255664,0.4860746954852298,0.7161194958552317,0.0538634996585983
qwen-3.5-flash,2,dc705a,mobile,30,0.1020625202385832,0.2338989725030774,3.392004103923631,0.1333132483162228,0.7373531657917025,-0.0809307160823617
qwen-3.5-flash,2,dd0d82,poster,46,-0.0426308411087992,0.0977826618699516,5.378754883272378,-0.1756504465166526,0.5072896545955072,-0.016905249438551
qwen-3.5-flash,1,dd0d82,poster,50,0.0795075551022058,0.1700205359743627,3.639892667005696,0.2465674933345045,0.5764700577128382,0.1440177143129501
qwen-3.5-flash,3,dc705a,mobile,30,0.1481062269015792,0.2139584484115366,3.4560759888582355,0.3025348908110226,0.6549132364034029,-0.0137824950779545
qwen-3.5-flash,3,dd0d82,poster,45,-0.0602152147225753,0.084604551330222,6.055065089727703,-0.2185526121680781,0.4167773547619829,-0.0305019344833945
qwen-3.5-flash,3,dd173b,mobile,32,0.1496417464652795,0.2959402072293394,1.829179458672281,0.235008334396611,0.7132092067509713,0.0237076460284932
qwen-3.5-flash,1,dd173b,mobile,30,0.1789634508105105,0.2978172472716389,1.8211355691865856,0.3022152844633353,0.6853672509034675,0.0667788648210989
qwen-3.5-flash,2,dd173b,mobile,31,0.2014792280219938,0.3169850549267968,1.7003371315126528,0.3445490657874492,0.7227896981488344,0.0721131999472509
qwen-3.5-flash,2,dd0f11,mobile,30,0.0520566028031466,0.2231786747673751,5.218497702816279,0.1277048622394139,0.4670522150956301,-0.0455411498464947
qwen-3.5-flash,1,dd0f11,mobile,52,0.0099102252169172,0.2306428049640244,4.332252391586336,0.0188440149417306,0.5013206184399992,-0.0588224878251336
qwen-3.5-flash,3,dd0f11,mobile,51,-0.0002993790223016,0.1944954662031116,5.461027741419037,0.1415503331875934,0.4946188191464493,-0.0689749842098226
qwen-3.5-flash,2,dbdbed,poster,50,-0.051541743250358,0.0585714349118282,7.611104922634318,-0.1898477009615635,0.1585405660212542,-0.0061509261007089
qwen-3.5-flash,1,dbdbed,poster,30,-0.0384251818833273,0.0656304846196702,7.576554516567974,-0.1928114202521814,0.1294258387177771,-0.0258105513002484
qwen-3.5-flash,3,dbdbed,poster,51,-0.0598588828736487,0.0768199059098961,7.3420810144330835,-0.1862142387457177,0.2024868390261598,-0.021530060978627
qwen-3.5-flash,2,dd47fa,mobile,51,0.1955903080306365,0.2679507314393832,3.3368308943496423,0.3229995420530938,0.6440829418703453,0.2034994438803465
qwen-3.5-flash,1,dd47fa,mobile,51,0.2129850596391653,0.2969788068162292,3.7553587408635054,0.4407226446376514,0.6627045843327509,0.2166757060160003
qwen-3.5-flash,3,dd47fa,mobile,48,0.1892769635988114,0.3128443957642445,2.955636060942461,0.2769605112530614,0.6602014375032695,0.2466118921548681
qwen-3.5-flash,1,dd8251,mobile,31,0.0864008718064943,0.1729712373361451,3.970959243743535,-0.0829313127153414,0.5544467891236617,-0.0505657079242133
qwen-3.5-flash,1,ddbec1,desktop,35,0.0663970829740303,0.220723465001877,1.8953083636563368,0.2204315800829812,0.5989639456083209,-0.023976856908982
qwen-3.5-flash,2,ddbec1,desktop,33,0.0038016286791279,0.2104435112888101,1.9208290041816525,0.0603772081414875,0.5779683156044377,-0.0209395402118402
qwen-3.5-flash,3,ddbec1,desktop,52,0.0553257600985885,0.2361023568834517,1.855525514907644,0.1960631320413785,0.5833586184125679,-0.120167494920201
qwen-3.5-flash,2,dd8251,mobile,30,0.0712693573400724,0.167028270730006,3.9092112344602112,-0.115078035191597,0.5530391023485982,-0.0922196989523624
qwen-3.5-flash,2,dda275,web,53,0.1060442733185385,0.1984527732116643,2.0663559991084095,0.3123352124248921,0.6828194923944958,-0.037263548724344
qwen-3.5-flash,3,dd8251,mobile,30,0.1161060424362366,0.1900007263990974,3.890914784340176,-0.0636038807728157,0.5451566949604644,0.0534530894693953
qwen-3.5-flash,1,dda275,web,50,0.0826926430937747,0.183411200365247,2.2094575537995103,0.3189907898642309,0.6718906921808127,0.0316421746140789
qwen-3.5-flash,3,dda275,web,43,0.1679006232502211,0.2150612302854687,2.025314907999767,0.6096288798760255,0.717889958608057,0.0473322848690215
qwen-3.5-flash,1,dd9efb,mobile,52,0.0929540760193602,0.217382998972748,5.659714110602332,0.4853181269922182,0.5064726406772628,0.0758092393347575
qwen-3.5-flash,2,ddc145,web,104,0.2874912203885335,0.238113500075861,2.730196985129999,1.1541277790944378,0.7786462701657388,0.1434793331006325
qwen-3.5-flash,1,ddc145,web,118,0.2674281633359791,0.226203024696946,2.832822301017353,1.0599283642023776,0.7589648285012132,0.134538700705212
qwen-3.5-flash,2,dd9efb,mobile,27,0.1096889392353626,0.257968734081709,4.325818131278077,0.3686870053243572,0.5176678542860859,0.1073836409836316
qwen-3.5-flash,3,ddc145,web,50,0.244023930699818,0.2188076592735777,2.795241478713956,0.8872246600974616,0.7796220473583353,-0.0026068065579312
qwen-3.5-flash,3,dd9efb,mobile,30,0.0772751780429064,0.2465288999833143,4.410973365085753,0.2154300496713011,0.5361076391417895,0.0351762548591125
qwen-3.5-flash,3,ddce6f,desktop,36,0.22514896333947,0.2079112934582481,6.5980165878349375,0.6848657522298409,0.5910744206425771,0.1023768900071914
qwen-3.5-flash,2,ddce6f,desktop,33,0.1596209298166321,0.2667562809423754,4.854591192174413,0.6298658386457145,0.6525536154714732,0.1630816668893022
qwen-3.5-flash,1,ddce6f,desktop,45,0.1856427098936519,0.2600731355675959,4.360777618850954,0.8097188697752202,0.6747711965885148,0.1886355281185355
qwen-3.5-flash,1,ddca3f,mobile,15,0.3716341674103355,0.3750840922288472,3.1140901434062673,1.0151383624288892,0.6683375134797033,0.2602719008654336
qwen-3.5-flash,2,dde134,web,33,0.1793996760202518,0.1854279747435495,2.4045415785638182,0.8416307140501256,0.7698605965640548,0.1781446299747298
qwen-3.5-flash,1,de022a,web,32,0.0884638672490375,0.2867474744183388,2.685485445120727,0.1430444998684516,0.5752314346948242,0.1594136548719355
qwen-3.5-flash,2,de022a,web,34,0.115378464860147,0.2942159845293852,2.81673384985952,0.1513988861382701,0.5704264059627787,0.1835358164884279
qwen-3.5-flash,3,dde134,web,33,0.1716880141687934,0.181277853824034,2.415416392249778,0.7917111038877491,0.7672608070944278,0.172650971818398
qwen-3.5-flash,1,dde134,web,30,0.1519776911331209,0.1756758007187485,2.4904305652110983,0.7011995054894489,0.736877084501898,0.1236931460099202
qwen-3.5-flash,3,de022a,web,32,0.1010891657572715,0.2944500263538376,2.65201160837204,0.1729467535956335,0.5754167711199194,0.1753195617400743
qwen-3.5-flash,2,ddca3f,mobile,34,0.2450002122672074,0.3259847443948399,3.191587246697164,0.697284117947807,0.6022132826664213,0.1580543957174126
qwen-3.5-flash,3,ddca3f,mobile,37,0.1593253168812855,0.2910118674860508,2.8667045451429285,0.5783726867316824,0.6483653980319559,0.063271345138156
qwen-3.5-flash,1,de1ea9,web,53,0.0059878883970627,0.1889826620922078,3.227987038455634,0.0208135179350872,0.6465823632080268,-0.0409755050593787
qwen-3.5-flash,2,de1ea9,web,50,0.1379274026131207,0.2520370876889357,3.414888397407595,0.4137684671483072,0.5947492289190106,0.0753743295803396
qwen-3.5-flash,3,de1ea9,web,35,0.0761594154127056,0.2202032588787805,3.5881876528060883,0.2713610766526756,0.5817580745309214,0.0468438158531228
qwen-3.5-flash,1,de4fee,poster,58,0.1077278398885826,0.1958303621919587,2.162727135659068,0.3114379087492676,0.6496800870359924,0.0778946564945179
qwen-3.5-flash,2,de4fee,poster,55,0.0373621413354791,0.1578738652559478,3.797029318102973,0.0213986020515808,0.5158470449283049,-0.0165976606162655
qwen-3.5-flash,3,de4fee,poster,54,-0.1235683010327968,0.0666501021199779,5.350426195804994,-0.5085540362360553,0.3821086340948625,-0.0567831696068822
qwen-3.5-flash,1,de5446,desktop,35,0.130248825277359,0.2183737345281341,2.1459175314405994,0.4078632320147695,0.658614313164166,0.0207040759361158
qwen-3.5-flash,2,de5446,desktop,30,0.2017186449140761,0.2452481473588194,1.9478045367128347,0.5547935920964902,0.7000600494704954,0.1061312856779766
qwen-3.5-flash,3,de5446,desktop,30,0.2149211685504175,0.2397913018328617,2.0451923914915437,0.5467547387815522,0.6721336382525454,0.1065822759272799
qwen-3.5-flash,2,de271c,mobile,30,0.4285285065165689,0.2959231472898802,3.356341595950908,1.920094004996439,0.7191665996168903,0.4191737359015549
qwen-3.5-flash,1,de271c,mobile,30,0.2260105865064852,0.206299526716176,3.417023563880667,0.7984143564797215,0.7367591559407112,0.2122535039835481
qwen-3.5-flash,3,de271c,mobile,50,0.2735626304197305,0.2455604351091358,3.4422252278923686,1.3364702047198136,0.7837879261593758,0.2581906443737869
qwen-3.5-flash,1,debbb2,web,42,0.0873819265442418,0.1035708261567492,3.642147383048461,0.4890624633922682,0.5994394229540858,-0.0030498401528597
qwen-3.5-flash,2,debbb2,web,39,0.1058570538385473,0.1124375649404281,3.3849298354485824,0.5766287524784323,0.6591458098510254,-0.0032551627217266
qwen-3.5-flash,3,debbb2,web,38,0.0967593116436065,0.1111994772985006,3.396716699748036,0.5305351105155275,0.6595446040499864,-0.0172071164998625
qwen-3.5-flash,1,df1857,poster,30,0.3566172296339466,0.2858845576059315,1.5450765667518065,0.937423311076015,0.727751153948154,0.2840594623211797
qwen-3.5-flash,2,df1857,poster,33,0.3014454802427319,0.2764901113531786,2.067370112045886,0.8457024559312345,0.7114529977162374,0.2033250885793132
qwen-3.5-flash,3,df1857,poster,30,0.5083758503217539,0.3418044326236125,1.2881745600771233,1.3980888738884298,0.7871649466588787,0.429979519551711
qwen-3.5-flash,1,de9b80,mobile,19,0.1170087201236348,0.2399581972873889,4.5161402631156795,0.3178693627122217,0.5437402561788668,-0.1088041274836088
qwen-3.5-flash,2,de9b80,mobile,19,0.0436846043743972,0.2073830704402124,4.8865129790199,0.1058269496114289,0.521003827574195,-0.1581487862322758
qwen-3.5-flash,1,df67c6,desktop,30,0.2965515555212551,0.2909771199707165,2.045010861923643,0.9439302660663632,0.6979173436809967,0.2768516638930514
qwen-3.5-flash,2,df67c6,desktop,40,0.1356129260245762,0.2573827481142389,2.191048120143633,0.4439944358614197,0.6542335277549092,0.1118593601736441
qwen-3.5-flash,1,df8ad2,desktop,30,0.2538424129685053,0.2171114253238914,3.2764254377362536,0.7480824749339654,0.6308445960898178,0.1854409011178771
qwen-3.5-flash,1,e017a7,web,53,0.0579036551554141,0.2430136310491725,4.106598165920618,0.0873251432499037,0.5483425546236012,-0.047261471357103
qwen-3.5-flash,3,df67c6,desktop,51,0.200821355694806,0.2961052448935133,2.089002895701225,0.6763914846262659,0.6678676971843438,0.1302017149857562
qwen-3.5-flash,3,de9b80,mobile,37,0.0648354653020893,0.2279305385601907,4.527759352408585,0.0031283257809937,0.5316613365785554,-0.1440250391375991
qwen-3.5-flash,2,df8ad2,desktop,47,0.4149611927901622,0.2629389120587563,2.8894726214023647,1.3388994570437425,0.6866282169280868,0.3418708611147045
qwen-3.5-flash,2,e017a7,web,52,0.0723059322196449,0.2711513481939792,2.211153622066645,0.073171188009454,0.5421689503658156,-0.0506586623323022
qwen-3.5-flash,3,df8ad2,desktop,46,0.5054375142195049,0.2969191429319744,2.635437001055033,1.6122732884373636,0.7007261241478937,0.4326662953484797
qwen-3.5-flash,3,e017a7,web,53,0.0605676754044678,0.2456623738854791,4.089950476710318,0.0930618480395063,0.5476602440285878,-0.0472174406822648
qwen-3.5-flash,1,e07498,desktop,52,0.0887516228907295,0.1357826478673243,2.7489830834343185,0.2152333447287973,0.6037858805912879,0.0734031246209266
qwen-3.5-flash,2,e07498,desktop,40,0.2905028403509973,0.175037298543174,3.0207962979207887,0.9213071385414896,0.6193358451914689,0.2446941381166319
qwen-3.5-flash,3,e07498,desktop,48,0.1310826596941173,0.1352055577949835,3.395794365296895,0.2776053796290653,0.5828244631385195,0.1171724225056347
qwen-3.5-flash,2,e0966a,poster,52,0.4218700841841383,0.4167536383129019,2.1305483838878945,1.4119050399692292,0.8171835342920518,0.4084946106798794
qwen-3.5-flash,1,e0966a,poster,50,0.1791387326555867,0.2906773984117009,1.9444228346916577,0.6183408769198,0.7638154876669248,0.1906083607789455
qwen-3.5-flash,3,e0966a,poster,48,0.1073901836815568,0.2574556565594982,2.0643525056448233,0.376091554210545,0.7751795720951113,0.1295484707272791
qwen-3.5-flash,1,e102af,desktop,19,0.1203135373196654,0.1904848135657458,2.590969722361735,0.6281091512409174,0.7806157040914373,0.0936057937375395
qwen-3.5-flash,2,e102af,desktop,52,0.2898505117797469,0.2680768165008502,2.3557371395160076,1.1770250756202234,0.7800359504326465,0.2041911197314604
qwen-3.5-flash,3,e102af,desktop,19,0.0484380246592056,0.139807399899721,3.073146018291645,0.3802086598388581,0.765646026046713,0.0282274772994675
qwen-3.5-flash,3,e0f578,poster,52,0.1344571837308832,0.2636453010059605,3.705555843899753,0.3868573302487703,0.5487959507639023,0.070456138822984
qwen-3.5-flash,2,e0f578,poster,46,0.0254093816268697,0.2134322240039387,4.23726225953506,0.1951539860856592,0.5123262851018613,0.0259426041756268
qwen-3.5-flash,1,e0f578,poster,50,0.0900284734052235,0.2802981869745217,2.259793319082903,0.2135533599541847,0.5049099508148389,0.0089950742943187
qwen-3.5-flash,2,e129e6,mobile,30,0.2065935578697751,0.2916001842207656,1.5923025208411608,0.6343181095885503,0.7956705389864406,-0.2203427269404562
qwen-3.5-flash,3,e129e6,mobile,13,0.1331200485985532,0.2415717439457781,2.317971932664153,0.239369107594397,0.6835171668309096,-0.1827087614813957
qwen-3.5-flash,1,e129e6,mobile,48,0.1884793941981564,0.2809459997779384,1.6568024153354506,0.5187416706034523,0.7971283934201893,-0.2100181644510141
qwen-3.5-flash,2,e18daf,poster,30,0.3371698183455055,0.3610473006420611,1.235524372027987,0.595644836128297,0.6350104225862915,0.1919406152067764
qwen-3.5-flash,1,e18daf,poster,30,0.3900363557683022,0.3796893807308027,1.1460726657543745,0.7085118606111175,0.6854966386344803,0.2673658278811222
qwen-3.5-flash,3,e18daf,poster,50,0.2710700685844667,0.3626357089197711,1.2832559805802233,0.4398407413435695,0.6287852162156026,0.1832966396464886
qwen-3.5-flash,1,e13179,poster,35,0.2665156585733944,0.4111783665294941,1.6166462539623652,0.635430112747104,0.6541223343303654,0.180480579200421
qwen-3.5-flash,2,e13179,poster,50,0.3366804802123598,0.3989309017524365,1.6536933735799175,0.6535667702295935,0.6294805917643771,0.2344899493981049
qwen-3.5-flash,3,e13179,poster,37,0.2292919945826681,0.4017813962682784,1.6738949936417362,0.3617420758360611,0.6172114516775955,0.0544336356195953
qwen-3.5-flash,1,e1217f,poster,30,0.1522529826040276,0.253747748627218,2.9429277443508446,0.3939622451446699,0.7110443320251383,-0.0448013675281616
qwen-3.5-flash,2,e1217f,poster,48,0.4528068089563605,0.410864969865148,1.5465650126663366,1.2596459752419005,0.7840224966767274,0.2529506078649611
qwen-3.5-flash,1,e20a6e,desktop,45,0.2381681750876231,0.2241141942781902,1.9080585287128384,0.7500402709371135,0.6947526138076056,0.1884241253542538
qwen-3.5-flash,2,e20a6e,desktop,51,0.1708481665066104,0.2030058086965201,2.039397632774463,0.5314337905095277,0.6615277327404833,0.1550244403031628
qwen-3.5-flash,3,e1217f,poster,31,0.3550020213424275,0.3573831952514457,1.8553427362548216,1.020671490335588,0.7751491442676398,0.1704728915593501
qwen-3.5-flash,3,e20a6e,desktop,45,0.2055301372854948,0.216454291742173,2.012432590621053,0.6443713783041215,0.6809849350524135,0.1587614128974887
qwen-3.5-flash,1,e249a7,web,34,0.0502260135074335,0.0478078120699478,3.84453709784428,0.4516478697785264,0.7734117078706102,0.0306956314170268
qwen-3.5-flash,1,e1f7b0,mobile,50,0.0208558279868442,0.1997172825743909,4.257693696357073,0.0836239736640467,0.5577863345832214,-0.020995365405203
qwen-3.5-flash,2,e249a7,web,48,0.1048189120529281,0.0663530415606719,3.3889239186637656,1.0262174620713844,0.8563821030825761,0.0809286222311193
qwen-3.5-flash,3,e1f7b0,mobile,30,-0.0077255075392689,0.1214938426119045,5.851974306184882,0.0179902956261504,0.5138285770293711,-0.0267487149304807
qwen-3.5-flash,2,e1f7b0,mobile,32,0.0006140944029168,0.1244462032735882,5.798871938374498,0.0372064469654763,0.5151914680931519,-0.0228501089245268
qwen-3.5-flash,3,e249a7,web,30,0.0619005777288226,0.0504768906598402,3.736800564020217,0.5990533299804588,0.7909880529199733,0.0336999639424957
qwen-3.5-flash,1,e254a8,mobile,51,0.1706578926249077,0.2880030233618934,1.69540906954723,0.5164775667344554,0.6842176175851068,0.0277622499054644
qwen-3.5-flash,3,e254a8,mobile,60,0.0736009186103651,0.2418663049472213,2.1287092118241495,0.2537876338351217,0.6526587947336036,-0.058588500561768
qwen-3.5-flash,2,e254a8,mobile,66,0.1041357369435168,0.2745918193813277,2.3937053142430615,0.3383997289951614,0.6323572286203916,-0.0836053367025515
qwen-3.5-flash,1,e228f3,mobile,31,0.06003260230752,0.1928827579248855,4.185963777576845,0.1649931433462749,0.6772782678594709,0.0189114070987665
qwen-3.5-flash,2,e277d3,poster,81,-0.0383776672347503,0.2158435369781028,2.2697897066950192,-0.122009841195741,0.504590580866253,-0.0206224654865566
qwen-3.5-flash,1,e277d3,poster,54,0.1791074206633004,0.271293973280268,1.9810106971735424,0.3880175215494402,0.6182686481093478,0.0220015487562551
qwen-3.5-flash,3,e277d3,poster,55,0.1886158298104907,0.2726783353386827,1.9310772481283127,0.4215955206619834,0.6588339469143399,0.0457674602845471
qwen-3.5-flash,2,e2aa7e,desktop,52,0.3700337835887404,0.3294681160077078,2.3387177690315992,0.9906087131298752,0.6947075199735637,0.3638445810934799
qwen-3.5-flash,1,e2aa7e,desktop,32,0.3392986037365332,0.316285854800497,2.919588128829183,0.9267342404075576,0.7150672213234123,0.3285811300664403
qwen-3.5-flash,3,e2aa7e,desktop,273,-0.12659030603725,0.1122314689035655,2.8509993838824688,-0.449415114818433,0.4223462326249029,-0.0973373804378965
qwen-3.5-flash,3,e228f3,mobile,32,0.0952931302809331,0.2255782822862631,3.774147016185323,0.5598915978006126,0.6962967313688683,0.059797776088572
qwen-3.5-flash,2,e228f3,mobile,31,0.0793054585990949,0.2135645564307399,3.882732260169549,0.1452776767799246,0.7084568619412701,0.0217248851427907
qwen-3.5-flash,1,e2dea3,poster,64,-0.1125530335074018,0.1672165405146652,3.0450953659258846,-0.3692509155973378,0.3890864257760953,-0.010014148437116
qwen-3.5-flash,2,e2dea3,poster,30,0.0986012348127789,0.25333277175504,2.0146232794250083,0.3019242490608326,0.5690996692896219,-0.0685653628844428
qwen-3.5-flash,3,e2dea3,poster,53,-0.088719592323589,0.161209805771001,5.3370463474443905,-0.2640956268689379,0.3754508739484707,-0.0331239256244172
qwen-3.5-flash,1,e2af38,desktop,30,0.331976026806769,0.3017893544226417,3.0548235591364317,1.3108535670163135,0.7385092339871123,0.2702508350534019
qwen-3.5-flash,2,e2af38,desktop,30,0.3904141606539764,0.3618024301508042,2.314855353351533,1.5568259747589546,0.8535300326755748,0.3205904574086408
qwen-3.5-flash,3,e2af38,desktop,51,0.2711464911367183,0.290197738449384,2.7101764854228634,1.215465777156812,0.8091154253551683,0.2234878427543213
qwen-3.5-flash,1,e332da,mobile,53,0.1920165341824697,0.2575838583825155,1.7504946685558005,0.6898174145790491,0.7205605338837023,-0.0271989232130705
qwen-3.5-flash,2,e332da,mobile,34,0.3340305878372412,0.3075884154088268,1.5643514287374862,1.0883656319041628,0.7780119906134562,0.1496208312042801
qwen-3.5-flash,3,e2f692,web,42,0.0820957482008699,0.1849851043926185,2.8295391709294786,0.1964695971729605,0.6206598757188603,0.0309782140034466
qwen-3.5-flash,3,e332da,mobile,30,0.3728589774672132,0.2659055801383786,1.8653154064873496,1.0699656573854417,0.6717119477168699,0.3986217524362437
qwen-3.5-flash,1,e2f692,web,50,-0.0039250132140453,0.1465027689301362,3.1640483104658563,-0.053236770096809,0.6009846965446226,-0.0247016352167986
qwen-3.5-flash,2,e2f692,web,46,0.0510489670323901,0.1742135219087541,2.890376699216132,0.1358189137353716,0.6277463378372063,0.0068069747245356
qwen-3.5-flash,1,e39798,desktop,30,0.5754280273885761,0.4688947259271577,3.905917941290127,1.4072686576381102,0.557892723141116,0.43536272293603
qwen-3.5-flash,2,e39798,desktop,58,0.2151913005383372,0.2620949926995053,3.1239325447292923,0.4857538220471965,0.5843917306300481,0.2228915907182545
qwen-3.5-flash,3,e39798,desktop,30,0.5813514723298432,0.4797642361401983,3.8748014839561344,1.423131019670911,0.560452741102114,0.4415597003260387
qwen-3.5-flash,2,e2f93a,web,45,0.0669416282708995,0.1096663144890107,3.3739203192941565,0.463440265598378,0.7586501555897747,0.0696793674482997
qwen-3.5-flash,3,e2f93a,web,47,0.0578044181908751,0.1060762381730406,3.4196970346723075,0.424369242175837,0.7449181427066395,0.0600394664922737
qwen-3.5-flash,1,e2f93a,web,45,0.0437241393894626,0.1050525824646745,3.5196603689759733,0.3122267920352619,0.7430358999519291,0.0430175778188601
qwen-3.5-flash,3,e348b5,mobile,10,0.0242874710144811,0.1369310695290747,7.42146885749092,0.3029250219923958,0.3917314879149032,-0.1536808656153385
qwen-3.5-flash,1,e348b5,mobile,31,0.033830769062269,0.2209475780804565,4.726154253904417,0.3154307024082518,0.5159326739116487,-0.0809867544545753
qwen-3.5-flash,2,e348b5,mobile,10,0.0412963181752418,0.1499267768045602,7.231555954932726,0.4112698575200224,0.3985848131627214,-0.1225197965036553
qwen-3.5-flash,1,e3d6fa,web,57,-0.0333684222319156,0.1495943299121986,2.842422891069482,-0.2115299226520221,0.4837631852231034,-0.0253667380510428
qwen-3.5-flash,2,e3d6fa,web,60,-0.0447291302451889,0.1456883687337817,2.863854039156998,-0.2066887700593676,0.4936524532234067,-0.0291299209599945
qwen-3.5-flash,3,e3d6fa,web,59,-0.0437219653373636,0.1436509143546879,2.824513797396722,-0.2638929653211509,0.4694529351178729,-0.0831836212624054
qwen-3.5-flash,1,e3d203,mobile,30,0.016049949838458,0.1880179750543467,5.965252600654989,0.0981464001969759,0.3711759164763241,-0.0855846730331647
qwen-3.5-flash,1,e3d8f9,desktop,49,-0.1343242374409601,0.1144022208946498,6.5715173306587245,-0.2615806943188343,0.3227067271549763,-0.2425454554389658
qwen-3.5-flash,3,e3d8f9,desktop,84,0.0627414563360935,0.2363946230884832,1.8411693571156416,0.2540326268230171,0.6126838329188566,-0.1559946664251902
qwen-3.5-flash,2,e3d8f9,desktop,81,-0.139577314870005,0.1200569703086562,4.838590343356551,-0.3833287729128696,0.4050834769419901,-0.1720292603373484
qwen-3.5-flash,3,e3d203,mobile,30,0.0389157179497067,0.2031932473078207,5.636920838205352,0.1398138169416449,0.441107233843607,-0.0615273703903473
qwen-3.5-flash,2,e3d203,mobile,30,0.0188881841079122,0.1873545433091176,5.950493544574157,0.0741707574059818,0.4046209161594488,-0.0855420269057673
qwen-3.5-flash,1,e471e8,web,33,0.1832318807431934,0.2965292604630863,2.0349548257715666,0.415003112223544,0.6723707705521588,-0.0521077968616677
qwen-3.5-flash,2,e471e8,web,37,0.1545826123783496,0.2855287607138647,2.1572440040656797,0.347098342454714,0.6405611522792208,-0.0380677992370196
qwen-3.5-flash,3,e471e8,web,36,0.1588835157418038,0.2868672364957916,2.1489513975096144,0.3505467263922989,0.6213754728647847,-0.0588885003044851
qwen-3.5-flash,1,e4afc4,web,34,0.2317467342814855,0.2595750192465286,1.63285637383343,0.6610920955621574,0.6888362122717167,0.0874648449397597
qwen-3.5-flash,2,e451ee,poster,24,0.0933650568880281,0.2558717014479385,3.639652844203251,0.1267746217278267,0.4925272160963235,-0.0152895481458876
qwen-3.5-flash,2,e4afc4,web,44,0.1637378585437572,0.2477655202613203,1.7338541631468631,0.4480538604918703,0.6509953394631716,0.1091842483422148
qwen-3.5-flash,3,e4afc4,web,45,0.1840359224002508,0.2508369608880127,1.683140298219441,0.462913138969844,0.6737692202463116,0.0787836781823041
qwen-3.5-flash,2,e43ab5,mobile,30,0.0199882660964658,0.1738386491523144,4.4212858523857905,-0.1794185396343888,0.572768317548721,-0.0438323056884416
qwen-3.5-flash,1,e451ee,poster,32,0.0705407365521824,0.2608729885925139,3.2345891349282647,-0.0393941592973781,0.4759279400453302,-0.0288593719195794
qwen-3.5-flash,1,e43ab5,mobile,30,0.2262615586417557,0.2889270361339661,2.8341997371032983,0.3398472846469069,0.6107737849228081,0.0920482870212062
qwen-3.5-flash,3,e451ee,poster,28,0.088776281776858,0.2578721226761505,3.509998972512136,0.1637442876229052,0.496842671347828,-0.025211034751498
qwen-3.5-flash,3,e43ab5,mobile,30,0.1195680069759766,0.2397126525838312,3.321122738327761,-0.1518889683382976,0.5687712763531376,-0.0474774568078687
qwen-3.5-flash,1,e5174e,mobile,50,0.4109495472455132,0.3844219840038228,1.320332851933904,0.884451282546282,0.7230912850886546,0.2768338586354042
qwen-3.5-flash,2,e5174e,mobile,33,0.3710437456628077,0.3757446864853201,1.4115529140835463,0.8232634652462716,0.7124859575004464,0.249147723829066
qwen-3.5-flash,3,e5174e,mobile,30,0.3629219043293847,0.3605083480378181,1.699795603749993,0.772980801801874,0.6650851289017974,0.2278502045687717
qwen-3.5-flash,1,e5a7be,web,49,0.1474873518926066,0.1706346054916524,2.823758989204274,0.5840832623168448,0.6840914641805531,0.0910707092067466
qwen-3.5-flash,1,e4f360,mobile,30,0.6854253483006902,0.399886301869031,3.5818673217863113,2.3169413192213355,0.6487489904275785,0.6950342261543766
qwen-3.5-flash,2,e4f360,mobile,51,0.1098179736930861,0.1421969151956101,6.498936326277265,0.361732022916252,0.3982789283280626,0.1505402148238036
qwen-3.5-flash,2,e5a7be,web,35,0.1786139161881988,0.2284130013382332,2.8058442237915098,0.7708806356141031,0.8043333686432594,0.1459606695546403
qwen-3.5-flash,3,e5a7be,web,57,0.2088594590016298,0.2263316233192308,2.6671511303619724,0.8783890749744704,0.7792722572646489,0.1691734338171301
qwen-3.5-flash,3,e4f360,mobile,30,0.4121519518560944,0.2293184432247759,5.806868097837892,1.299623266603927,0.4265889254633749,0.4245501730143837
qwen-3.5-flash,1,e60745,web,32,0.1910553037172967,0.2342422698966411,2.8765435562873343,0.9673856695453944,0.7194592399669508,0.0462008867561783
qwen-3.5-flash,1,e5635e,mobile,36,0.2394855822893095,0.2484261723138192,2.916430506662032,1.186824038962375,0.7250846414167671,0.2193063596551407
qwen-3.5-flash,2,e60745,web,36,0.1791460016850117,0.2264102539058962,2.761437735895758,0.8573649420138438,0.7376725529516927,0.0573885311094771
qwen-3.5-flash,3,e5635e,mobile,35,0.2359537100680826,0.244152482479203,2.9457297436509187,1.172505154389732,0.7210886731294411,0.251039129417821
qwen-3.5-flash,3,e60745,web,46,0.1875211656169035,0.2358387181337629,2.7056717461075768,0.7851898050473225,0.7577837559897534,0.0673271352935846
qwen-3.5-flash,2,e5635e,mobile,36,0.2338462935404765,0.2459481878202456,2.927870467361602,1.1400507957031112,0.7183356950172064,0.2188329564640381
qwen-3.5-flash,1,e643f8,web,49,0.218520663214203,0.2477810876872327,2.287350828625277,0.743845796100598,0.7106356018013353,0.1662122730925992
qwen-3.5-flash,2,e643f8,web,60,0.001391164534486,0.1675536718397182,3.3563612226359307,0.2877106407833019,0.6462704143920112,0.0058835549068824
qwen-3.5-flash,3,e643f8,web,60,-0.0307354619019111,0.1473946486138822,3.5031909142073543,-0.1153176400420713,0.5452612830409469,0.0158577819812427
qwen-3.5-flash,1,e624e7,mobile,76,-0.108746122899774,0.125908890534704,6.29187702676219,-0.023471146502315,0.4380807358868454,-0.0536982135778359
qwen-3.5-flash,2,e624e7,mobile,15,-0.0012642831867501,0.1634357028487991,6.773257259284599,0.4378782440437259,0.3791872776417265,-0.0209368330218784
qwen-3.5-flash,3,e624e7,mobile,32,-0.0094161706436429,0.1851153144951823,6.23802991557039,0.3232123545284118,0.4364178071581256,0.0155857169307154
qwen-3.5-flash,1,e64d79,poster,10,0.1906211426728889,0.2351836331883619,6.251854309969599,0.6906350780525728,0.4612831216409744,0.0110582245432721
qwen-3.5-flash,2,e64d79,poster,48,0.3403439065904528,0.3633928047520877,3.311095847898119,1.0382874520250318,0.6988174784314843,0.1392611083628701
qwen-3.5-flash,3,e64d79,poster,9,0.2043358155708109,0.2396064069495589,6.2232660497869,0.7788551705591678,0.4638697897535183,0.0366845354098844
qwen-3.5-flash,1,e64eb8,mobile,30,0.1984506750427059,0.2297961578363913,3.0046760145480653,0.8087961835605061,0.6879366131580988,0.1602012249492909
qwen-3.5-flash,2,e64eb8,mobile,53,0.1646928549709467,0.232895662408075,2.5505124149854796,0.7858075098768998,0.6913742180996563,0.1633486074805753
qwen-3.5-flash,3,e64eb8,mobile,51,0.2863428695557082,0.2425033734619539,3.062345716576444,1.016742582113015,0.7165497073650239,0.2939562638521021
qwen-3.5-flash,1,e6b882,web,44,-0.0057137144128884,0.1430267204771758,2.8891190580897264,-0.040126560606279,0.6001683278465728,-0.0878049050710632
qwen-3.5-flash,2,e6b882,web,45,0.11981348619909,0.2244505511846875,5.1094774171024,0.2498088166586579,0.5880826997034785,-0.1392512301548106
qwen-3.5-flash,3,e6b882,web,52,-0.1196762112708797,0.0842112337089551,3.84291650839161,-0.4602073056783649,0.4410261662980866,-0.0507385709561776
qwen-3.5-flash,1,e69624,mobile,30,-0.0142534354977307,0.162553851470906,5.062099069706894,-0.3029999325306287,0.4081433563355757,0.0161983087253809
qwen-3.5-flash,2,e69624,mobile,33,-0.0197459816674221,0.1644677131134323,4.9504932093617935,-0.3289281702783074,0.3937229500389069,-0.0048488578607001
qwen-3.5-flash,1,e6c62e,web,30,0.1936714462371519,0.2800948484632018,1.978807445674459,0.5564256054968687,0.7321894873335445,0.1584578844347542
qwen-3.5-flash,3,e69624,mobile,32,0.0450222162282396,0.1808791648515429,4.969107347603103,-0.3060036854451566,0.3995189976762929,0.0850918558052909
qwen-3.5-flash,2,e6c62e,web,35,0.2229480038504047,0.2945584484838706,1.9073852287453623,0.688252974183171,0.7364698018737956,0.2362215803267739
qwen-3.5-flash,3,e6c62e,web,34,0.1500977578698805,0.2675440007761211,2.0180037552053904,0.4251205565729153,0.723392669077378,0.0811547467343877
qwen-3.5-flash,1,e7022f,web,51,0.0739006464191205,0.2096833807539991,4.681867773485787,0.2966177115208313,0.6300087804908296,-0.0199374460727278
qwen-3.5-flash,2,e7022f,web,60,0.0577310152298358,0.1879111375308475,6.621355643038224,0.2746311708030796,0.5045533212873431,-0.0351122273508891
qwen-3.5-flash,3,e7022f,web,50,0.1373044215925128,0.255392842338172,2.17668123463157,0.6123829462657434,0.7761169570616835,0.0838103728154222
qwen-3.5-flash,1,e711e6,desktop,57,0.2908095816740754,0.3004264621652281,2.083991242424862,0.7682926308483937,0.6989819536366553,0.1743313465902113
qwen-3.5-flash,2,e711e6,desktop,48,0.2752116522043733,0.312327569738855,1.83931661133876,0.8076490541068394,0.7436370384054214,0.1808603601237278
qwen-3.5-flash,3,e711e6,desktop,54,0.2202462916769667,0.2874321583393636,1.9762751339579692,0.643169499247887,0.7161198845451988,0.0697782028148576
qwen-3.5-flash,1,e7163d,web,44,0.1482131148986339,0.2418204833028585,1.818584233308408,0.3287569295031506,0.5900103317936422,0.1201168588647789
qwen-3.5-flash,2,e7163d,web,41,0.1251214670146533,0.2192741878294777,2.1175269196489053,0.2197802606431126,0.5294999099157214,0.1010384859065802
qwen-3.5-flash,1,e734ce,poster,52,-0.1114039219890389,0.1320597803896084,2.8020111106233223,-0.3146575836133938,0.4722179944832362,0.0009209812737553
qwen-3.5-flash,3,e7163d,web,41,0.1687272840136856,0.245478107385798,1.9116141612625768,0.3796048457672071,0.5929325204169664,0.1212001232754913
qwen-3.5-flash,1,e70774,poster,113,0.2818319521091487,0.2817667094290557,4.38861712311235,0.4528520221256131,0.6449334452434127,0.1955968216910255
qwen-3.5-flash,2,e70774,poster,53,0.2049677605248575,0.3225309045711185,4.211991727120858,0.4816942456154367,0.631621945205928,0.2010311642167958
qwen-3.5-flash,3,e734ce,poster,31,-0.1066774794474717,0.1638027087934309,2.522053457539328,-0.2740860655463096,0.4230507199144829,-0.1038528695231359
qwen-3.5-flash,3,e70774,poster,288,0.3795129483514059,0.3362880362724496,4.0379196373012345,0.9093912878464052,0.6491100498575034,0.3425546181388448
qwen-3.5-flash,2,e734ce,poster,32,-0.0060148156784214,0.1933628502391516,2.10385321849797,-0.001029564969479,0.5121750170436153,-0.0340858778298155
qwen-3.5-flash,1,e74016,web,35,0.1536773354070955,0.2361923189213217,1.9527257897222656,0.5187643807271614,0.657230302046823,0.0156220141348371
qwen-3.5-flash,3,e74016,web,35,0.1830276829163635,0.2462526043848402,1.8972159051692516,0.5846249446740444,0.6748611400391782,0.0377443422443438
qwen-3.5-flash,2,e74016,web,35,0.1730208016044332,0.2462070294929211,1.908127268373436,0.4938559853758177,0.6570115610105773,0.016821307373033
qwen-3.5-flash,1,e78858,desktop,51,-0.066891558621463,0.1091833995073023,4.108627711198518,-0.295044521426677,0.4099262456016225,-0.111604076980675
qwen-3.5-flash,2,e78858,desktop,144,0.185110854402158,0.2127394601823518,2.032847650252185,0.5593448589531179,0.6860709939104073,0.0936059339720898
qwen-3.5-flash,3,e78858,desktop,38,0.0734167666725707,0.1818790925510041,3.7757815664390058,0.233585987022712,0.5861827909604855,0.0485841142640259
qwen-3.5-flash,1,e73aab,poster,232,0.0666398785065338,0.1606290525660423,8.450467567838345,0.4569668831782646,0.2802845087377393,-0.0031127203060154
qwen-3.5-flash,3,e73aab,poster,51,-0.0322526725124159,0.1186939543353944,5.702807047573771,0.0064196253583988,0.555793430118602,0.0039445634035498
qwen-3.5-flash,2,e73aab,poster,50,0.0834394735063156,0.1706334048194471,4.571521703811621,0.5108471155955228,0.6971586477463318,0.090245661079971
qwen-3.5-flash,1,e7be99,desktop,30,0.2402990875200512,0.2580508174798503,2.370842850208149,0.94775484493607,0.7384654896491744,0.1590594688128382
qwen-3.5-flash,2,e7be99,desktop,31,0.2108814586955633,0.2487937433350015,2.423814990882508,0.8301081510065398,0.7305393542574826,0.1350175165088924
qwen-3.5-flash,3,e7be99,desktop,30,0.232597238146173,0.2569390790488885,2.373698392294993,0.9108937597794444,0.736220613431622,0.1516319286328762
qwen-3.5-flash,1,e7e0d0,web,34,-0.0067033893142098,0.2747897755132229,2.834104718433246,-0.0353943176535066,0.4934851758290253,-0.1408711135740949
qwen-3.5-flash,1,e7a5c0,poster,50,0.2512887488505566,0.3214204736535678,3.733293812091282,0.6740250682650377,0.6630340406958966,0.1408251655869567
qwen-3.5-flash,2,e7e0d0,web,31,0.0824966429080581,0.315050606872662,1.9129817265715283,0.1625468940566322,0.5840885270529028,-0.1093726474295718
qwen-3.5-flash,3,e7e0d0,web,37,0.0835519371419612,0.3119315960239078,1.9287868735658873,0.1802186544227043,0.5804611298014097,-0.0981763413045208
qwen-3.5-flash,1,e82dd7,poster,30,0.0617529369046052,0.1075909187772359,2.7393248383382955,0.1204991019176474,0.5841504137392175,0.0787143347900043
qwen-3.5-flash,2,e82dd7,poster,39,0.1035155300903187,0.1081979234306788,2.9881506731829157,0.2874227391934872,0.5786983683172596,0.1281439965878587
qwen-3.5-flash,2,e7a5c0,poster,50,0.2882008509255943,0.3275733515183255,3.703660821477937,0.6436645358457309,0.651985757076244,0.1787414257780945
qwen-3.5-flash,3,e82dd7,poster,51,0.2785701776527718,0.1572218556121135,2.2604544121346146,0.956835163472504,0.7135734698818215,0.2124513033932108
qwen-3.5-flash,3,e7a5c0,poster,49,0.3559493653791484,0.3562631898291933,3.7260366762877695,0.6920928040580153,0.6704640429405524,0.2415071237181751
qwen-3.5-flash,1,e84071,desktop,37,0.0963168803467649,0.2998567555724009,1.559816558466859,0.302752574190124,0.6076529069523073,-0.0044218500138744
qwen-3.5-flash,2,e84071,desktop,32,0.0863691604040039,0.3063260084529166,1.5673555820038971,0.292189697261531,0.6000933775135587,-0.0557926537831454
qwen-3.5-flash,3,e84071,desktop,29,0.2003224731008623,0.3148880386368267,1.5251636221654,0.4220336088968661,0.6229747521769441,0.0799444080023071
qwen-3.5-flash,3,e663f9,poster,52,0.0100589778124224,0.0915113754912109,6.81383185035167,0.0621967622816265,0.1621814851375809,0.0047141732538528
qwen-3.5-flash,2,e663f9,poster,30,-0.0336966374393251,0.0899649907884128,6.822677012902308,-0.0438193326446192,0.2163602300707784,-0.0380338063106474
qwen-3.5-flash,1,e85138,poster,52,0.1409582687451235,0.2455684353529084,3.0710409923255355,0.1532589959951529,0.6436132338239118,0.1599236570731668
qwen-3.5-flash,1,e663f9,poster,53,0.0187292362274862,0.1017925272138935,6.662433726069828,-0.0439437677600169,0.2369509139496348,0.0181281007563745
qwen-3.5-flash,2,e85138,poster,52,0.1297805119888269,0.2372638871243755,3.1267361820321247,0.1264216151642893,0.6348442447506888,0.1515011390203151
qwen-3.5-flash,3,e85138,poster,50,0.2193233357316359,0.299527857220969,1.884216298194044,0.3775024303770778,0.6666793567757535,0.2325912917594912
qwen-3.5-flash,1,e84796,poster,52,0.2321858771263867,0.2574919781306274,3.648853994788991,0.5977625236892898,0.7249647112941211,0.0069467664838248
qwen-3.5-flash,3,e84796,poster,30,0.154391257483596,0.2055320209332581,4.425688810729321,0.2270113649013191,0.5422578360036052,0.0215137600626553
qwen-3.5-flash,2,e84796,poster,30,0.155178402938072,0.1723885716368238,6.4731032629565215,0.5835182008048719,0.4445563999284014,0.1428878710914339
qwen-3.5-flash,1,e864da,desktop,49,0.0915769683086592,0.1832240880738602,2.4583776097334473,0.43356508111033,0.6531580793975212,0.0870911824123535
qwen-3.5-flash,1,e86e77,poster,50,0.1243340978424091,0.2700359821663894,1.9384888449588389,0.2781555758422391,0.6365977806957727,0.1334347493616068
qwen-3.5-flash,2,e86e77,poster,51,-0.0101806385480577,0.2092895186964018,2.218403755727098,-0.0433728869672652,0.5606643086685692,0.0228175513138639
qwen-3.5-flash,2,e864da,desktop,48,0.1296526337720418,0.1928198209232384,2.452444105082549,0.4244049227947634,0.6022497329381781,0.0884705204850472
qwen-3.5-flash,1,e856d3,poster,30,0.0743440799790441,0.2402166556586532,4.30820106312326,0.3136896293822001,0.6206086290970031,0.0812763374868606
qwen-3.5-flash,2,e856d3,poster,30,0.0010176730138721,0.1832090478233857,5.389143460546244,-0.0641254683017745,0.6000836053407539,0.017786284388086
qwen-3.5-flash,3,e86e77,poster,54,0.1214141678968247,0.273529498542827,1.6279248526007966,0.322815085095003,0.6076320933396164,0.1450143439922285
qwen-3.5-flash,3,e856d3,poster,30,-0.0283478359586418,0.1493918788404048,6.245574836636035,-0.0674333435081553,0.3619131466516253,-0.0480670537088354
qwen-3.5-flash,3,e864da,desktop,61,0.1512524285790213,0.1810664646770159,3.7657275827574432,0.5363209197266305,0.6739016055580648,0.1789925086119672
qwen-3.5-flash,1,e8b226,desktop,45,-0.0489166338068805,0.1350296449389094,3.165637711766565,-0.1708012718686215,0.5627293803708538,-0.0168310194772621
qwen-3.5-flash,3,e8b226,desktop,31,-0.0260798628633036,0.1446351453080423,2.9687326181432896,-0.1476411325273917,0.5768358699960991,-0.0238271963600629
qwen-3.5-flash,2,e8b226,desktop,50,-0.053759984615618,0.1295990451589153,3.0769342650571634,-0.2406229573340775,0.502187637508455,-0.0133767057067178
qwen-3.5-flash,3,e7e220,poster,33,0.0380318405534003,0.1505389675312218,5.9568790393117785,0.0312325246501487,0.4350989036396956,0.046716876537225
qwen-3.5-flash,2,e7e220,poster,39,-0.0099417930860527,0.1346137569020987,6.255409422508427,0.0497646427326802,0.4228208256924879,0.0079975774512974
qwen-3.5-flash,1,e93e5e,poster,51,0.2556332298482961,0.2900144631318763,1.7320749822905792,0.6819608228417839,0.7855081672855418,0.2675932889102893
qwen-3.5-flash,1,e8d8ff,mobile,36,0.4179192223158554,0.3046804770648512,2.605722410918108,1.7422807031528813,0.761994018528731,0.3921210693827046
qwen-3.5-flash,3,e93e5e,poster,50,0.2158548889773559,0.2683644433324145,1.919652306538713,0.5598427051200183,0.753439419101516,0.233974621739744
qwen-3.5-flash,2,e93e5e,poster,52,0.3141772578503069,0.2511600807911481,2.030702091924021,0.8391838210372449,0.6513643703867592,0.269961106785981
qwen-3.5-flash,1,e7e220,poster,31,0.0279144790703105,0.1438908801793342,6.148547428622354,0.0196676861018954,0.4198667323168004,0.0259031029609304
qwen-3.5-flash,2,e8d8ff,mobile,51,0.5219050141834831,0.3942835702339795,2.086605680416706,1.8643511725092696,0.7636898637112897,0.4313119316544337
qwen-3.5-flash,3,e8d8ff,mobile,47,0.3703874389772808,0.3047525646059346,2.354629042644815,1.27156121940842,0.7482685569173255,0.3309457593187687
qwen-3.5-flash,2,e9465f,poster,39,-0.0482916181078666,0.2481672437977214,2.3185428425002375,-0.0678626672478008,0.4813566759146356,-0.0441599373504677
qwen-3.5-flash,1,e9465f,poster,32,0.0865287324885928,0.2844532791998174,1.8130849450215545,0.2175792980761732,0.6374411468017966,0.1220089955436612
qwen-3.5-flash,3,e9465f,poster,34,0.0274343907328673,0.2576935488731195,1.8690874876197985,0.0928583260359277,0.6140003295257065,0.0720079761563116
qwen-3.5-flash,1,e948ad,poster,30,-0.1080245127033148,0.162954582532349,2.812633981760534,-0.3570958594641884,0.4723506424480816,-0.0696680356516984
qwen-3.5-flash,3,e948ad,poster,30,0.0469955732598786,0.2531283920961313,2.0200144785915626,0.1613552807610941,0.576083469722628,-0.0332872418415637
qwen-3.5-flash,2,e948ad,poster,30,-0.0842164784773882,0.1360775040477053,3.069597206362383,-0.2701022249954791,0.554831321930159,-0.0272621422024046
qwen-3.5-flash,1,e99f26,desktop,51,0.2854322386770285,0.2670957954490248,2.1090076551958585,0.9668331066612242,0.711602552226021,0.2270887407042818
qwen-3.5-flash,3,e99f26,desktop,30,0.3269503276096882,0.2879068226146369,4.145774066385445,1.0741520439215544,0.6494933896632695,0.2441579317066579
qwen-3.5-flash,2,e99f26,desktop,50,0.1462357638443799,0.2014372074339483,2.1006021711132083,0.5469220121377434,0.5703031314674072,0.1005365084964329
qwen-3.5-flash,1,e8739a,poster,38,0.1048771902637931,0.2468294791759213,4.300970296533647,0.2920447055215488,0.5966099612599127,0.0123393916197397
qwen-3.5-flash,1,e946d8,mobile,36,0.0253230361388612,0.2532134345092618,2.8969672340675725,-0.1716852374066804,0.4775469550431112,0.0375566869358337
qwen-3.5-flash,2,e8739a,poster,42,0.1224304399371777,0.2626558811954688,4.138775345519196,0.3134736469843255,0.6247954406271843,-0.0106229412691882
qwen-3.5-flash,2,e9a4e4,web,34,-0.0210364555010913,0.2205516160065677,2.2822540232033153,0.0235234045482342,0.5320083145549175,-0.1129819622363312
qwen-3.5-flash,3,e8739a,poster,36,0.103547881289958,0.2349849729152711,4.588742159769502,0.1466540514248722,0.5637982663905703,0.0129921587052332
qwen-3.5-flash,1,e9a4e4,web,80,0.1883770905552642,0.2691198998886515,1.7426882479486383,0.3526503967898126,0.6048471566300925,0.0968059535590365
qwen-3.5-flash,3,e9a4e4,web,77,0.0158068995146286,0.1832678445221465,3.5162230179671097,-0.1051754710274943,0.4441443555841818,-0.0460590749597055
qwen-3.5-flash,2,e946d8,mobile,39,0.0361539933648509,0.2708446392628368,2.6342005534558695,-0.1150565588840603,0.5140380864392389,0.0193175169063959
qwen-3.5-flash,3,e946d8,mobile,36,0.0179075337657525,0.2499570496840263,2.914986186807379,-0.2022043872717987,0.4728565836303184,0.0440489201451207
qwen-3.5-flash,1,e9b8fa,web,32,0.1124968936829756,0.2203440812353981,3.0416251860455454,0.3241778505799624,0.6610659422144105,0.0353915665345869
qwen-3.5-flash,2,e9b8fa,web,35,0.09805096503764,0.2081736749019103,3.024175505277513,0.2733281360759305,0.6377948172111555,0.0447365117429214
qwen-3.5-flash,2,e9cc4c,desktop,43,0.1272080313490416,0.2360447778750549,3.1449903696036694,0.3534704126566471,0.5901277399157707,0.1229712874931662
qwen-3.5-flash,1,e9b913,web,67,-0.1388413303476486,0.154648082727405,5.196475593637622,-0.2365903028727087,0.3794997244618258,-0.0795155675325676
qwen-3.5-flash,1,e9cc4c,desktop,53,0.0319120378493288,0.221690603050882,2.256922061873627,0.185964668112601,0.5909894135334482,0.0150274289935842
qwen-3.5-flash,1,e9f3a6,poster,50,0.0925103382418641,0.2808703680838267,1.6875078570927111,0.1674175716432568,0.5433206185397157,-0.0441302584456978
qwen-3.5-flash,3,e9b913,web,49,-0.0587484451401659,0.1854923322639058,5.062871509423251,-0.1293480509074365,0.4171429414943085,-0.0813440794726493
qwen-3.5-flash,3,e9b8fa,web,32,0.1179170026489901,0.2196656214175709,2.88642685001013,0.3264210653272708,0.6637135208371039,0.0390410062548093
qwen-3.5-flash,2,e9b913,web,58,-0.1145898783128109,0.1637033823099506,5.132057027157378,-0.2238149926975115,0.3844936077192983,-0.0887727490918734
qwen-3.5-flash,3,e9f3a6,poster,50,0.2249537114293791,0.3052705415565928,1.4996858728188864,0.5593072610704809,0.6726440885523888,0.0799490222636439
qwen-3.5-flash,2,e9f3a6,poster,53,0.3767591506569718,0.3576125577951402,1.299138503494335,0.971418356062553,0.767936426004314,0.1583445838866802
qwen-3.5-flash,1,e9ec93,desktop,90,0.0176696908520239,0.1287308498520263,3.7672199552448222,0.075320379786138,0.6394900108767981,0.041187219508523
qwen-3.5-flash,3,e9cc4c,desktop,45,0.0385807860519728,0.1991296857669919,3.37198515570196,0.0740252436596461,0.5391918195090963,0.0635321087750676
qwen-3.5-flash,1,e9f7f7,poster,50,0.3363257475351562,0.3521643353419216,1.4775202082646948,0.6823622147660989,0.7205164970788448,0.2841114457369296
qwen-3.5-flash,2,e9ec93,desktop,184,-0.0965075958236467,0.1114134720762019,2.7888842015487993,-0.5401785824974977,0.3518993763298441,-0.0478186978955237
qwen-3.5-flash,3,e9f7f7,poster,51,0.2207968672841615,0.3032022042068176,1.7893294794922991,0.4281006801477051,0.6742627002899813,0.2200380322082064
qwen-3.5-flash,2,e9f7f7,poster,140,0.0237642232145375,0.210508180093212,2.44329657730268,-0.0219602503159079,0.5250953537516942,0.2308165898610527
qwen-3.5-flash,3,e9ec93,desktop,90,0.0176696908520239,0.1287308498520263,3.7672199552448222,0.075320379786138,0.6394900108767981,0.041187219508523
qwen-3.5-flash,1,ea01c0,poster,55,0.2071833512350012,0.227924252787493,1.86454872085524,0.581361192696567,0.7132991919618582,0.2024427969619032
qwen-3.5-flash,2,ea01c0,poster,50,0.0389185580440439,0.1401347719644959,2.733320373795532,0.063064200883707,0.6414755039507194,0.0720790220170254
qwen-3.5-flash,3,ea01c0,poster,30,0.2876039246044163,0.2664005544800926,1.950936238194222,0.8047094957378267,0.7501669511279322,0.2895746376081187
qwen-3.5-flash,3,e9f7d6,web,35,-0.1337608546887401,0.0977433230580016,4.949508703577388,-0.4565915269093972,0.3426005575698475,-0.0830816688593558
qwen-3.5-flash,2,e9f7d6,web,49,-0.0909319104831671,0.149938755069342,3.311413908167709,-0.2666934858384417,0.4290697178931938,-0.0690407291001656
qwen-3.5-flash,1,e9f7d6,web,50,-0.0975964263341902,0.1429914075621123,3.176440955605722,-0.3101839851966557,0.4355881658035683,-0.0799537083277381
qwen-3.5-flash,2,ea0f94,poster,16,0.1704106517919092,0.350292512513092,1.9874715764066504,0.5679756239036117,0.6541680524308175,0.1547022805886667
qwen-3.5-flash,1,ea0f94,poster,51,0.2045624800517715,0.370893413403056,1.605762151527132,0.6815630319696522,0.6970267379984485,0.1948188410873926
qwen-3.5-flash,3,ea0f94,poster,17,0.2917360481493771,0.4031429780416856,1.5535803275532163,0.9887626287981304,0.7327254194035995,0.2781380840964602
qwen-3.5-flash,1,ea39db,desktop,30,0.0248907503690859,0.0707254364131415,9.694201294013894,0.0647899501232836,0.1931656586985234,-0.0080617035301622
qwen-3.5-flash,3,ea39db,desktop,30,0.0248907503690859,0.0707254364131415,9.694201294013894,0.0647899501232836,0.1931656586985234,-0.0080617035301622
qwen-3.5-flash,2,ea39db,desktop,30,0.0248907503690859,0.0707254364131415,9.694201294013894,0.0647899501232836,0.1931656586985234,-0.0080617035301622
qwen-3.5-flash,1,ea4596,desktop,30,0.0821705429876963,0.2133551146407721,2.6274457988430084,0.1144814943743741,0.5776517261138945,-0.0273046381247788
qwen-3.5-flash,2,ea4596,desktop,48,0.1073928962963533,0.226145409234042,2.2203427843437624,0.2195632625300986,0.5728919255272222,-0.0268061260878848
qwen-3.5-flash,3,ea4596,desktop,32,0.0672941971930037,0.214156616676743,2.6076923471828706,0.1018681211557539,0.5789325565837846,-0.0791697153035079
qwen-3.5-flash,2,ea57c5,web,33,0.0799159624968637,0.21347152758351,3.0628500406723136,0.3082071389159505,0.6477996229214686,-0.0396251644849362
qwen-3.5-flash,1,ea104d,poster,51,0.3487603162254233,0.3104979029311271,3.4474977350659883,0.6780442038738136,0.6542341374510774,0.3752063004302365
qwen-3.5-flash,1,ea57c5,web,30,0.0295384794848334,0.1796079609378337,3.702929318664612,0.0753421166100352,0.5609296425599196,-0.050664666636857
qwen-3.5-flash,3,ea57c5,web,30,-0.0018955473358045,0.1666572114597946,4.296296916389717,0.0302059807341732,0.5714290271199167,-0.0340263696313232
qwen-3.5-flash,3,ea104d,poster,51,0.2409493917209816,0.2773493085381239,3.5755221453072306,0.4032400880474347,0.6420058505563763,0.2590712176066829
qwen-3.5-flash,2,ea104d,poster,30,0.2785781211836942,0.2812001839641395,3.667720171019156,0.5022124789558581,0.6397023580373116,0.3005312482884442
qwen-3.5-flash,1,eabfe2,web,108,-0.0083407136110839,0.1227296095485289,5.427228274780038,0.0127409511844667,0.5228750115597298,0.0484426761389454
qwen-3.5-flash,3,eabfe2,web,31,-0.0624247266467395,0.1385684569297327,4.239839229098678,-0.1502697529385439,0.513303363467946,-0.0498027060270933
qwen-3.5-flash,2,eabfe2,web,51,-0.0443567263802902,0.1057593460945925,7.028493116086958,-0.1116155330401579,0.4114921708565203,-0.018809694847548
qwen-3.5-flash,1,ea6aef,mobile,31,0.1479148405972863,0.2561843377837662,3.055176367497002,0.2715686739203133,0.5618400005159181,0.1262084836094784
qwen-3.5-flash,1,ead495,web,49,0.1765731510657143,0.2357827094115218,2.352354602864687,0.5199342663900937,0.6435318874294421,0.184016963707558
qwen-3.5-flash,2,ea6aef,mobile,30,-0.0114048336621084,0.1893558795984167,3.910902468167064,-0.1423902452270581,0.5094460922813585,0.0195532854357456
qwen-3.5-flash,2,ead495,web,49,0.1848295926063557,0.2387377367178517,2.280180343358972,0.5331223092105004,0.6547037418312006,0.1946721695672676
qwen-3.5-flash,3,ea6aef,mobile,36,0.1206928145885498,0.2620801200084572,2.713832331809769,0.1880465324800779,0.5516045205653298,0.1127832003151651
qwen-3.5-flash,3,ead495,web,49,0.1652205073272794,0.2269039113467629,2.184364591997413,0.4218269702752588,0.6461813670573103,0.1641225813117197
qwen-3.5-flash,1,eadf4b,mobile,31,0.0615398436536402,0.2631312447399492,4.298905675151427,0.1986283944257068,0.5192985256606698,0.0162580506654244
qwen-3.5-flash,2,eae3c4,mobile,30,0.1175510521611241,0.2781708080708914,3.4098702319401872,0.2546891517772535,0.5468688950997191,0.1090064155261311
qwen-3.5-flash,3,eadf4b,mobile,31,0.0771601440127884,0.2668578290755767,4.066101564004143,0.3602955995608413,0.5346038663204314,0.0726941210286924
qwen-3.5-flash,1,eae3c4,mobile,30,0.1990038588309906,0.2930350337930416,3.374543727972199,0.5126791114833331,0.5752842148103511,0.2035409875226987
qwen-3.5-flash,2,eadf4b,mobile,49,0.114722883245858,0.3343905910537624,3.0588374716072027,0.543699794355966,0.5692800925269934,0.0526036057735023
qwen-3.5-flash,3,eae3c4,mobile,31,0.0222169911199806,0.2315848852424168,3.943112931447036,-0.0638338916929958,0.4746474069906712,0.0038636389776676
qwen-3.5-flash,1,eb0400,web,38,0.074095063332523,0.2189828870096766,2.0925816241132935,0.1855498469988718,0.6103634092584667,0.0101675162224919
qwen-3.5-flash,2,eb0400,web,41,0.100319455764234,0.2269339963323496,2.0309150215981635,0.2735574024478374,0.6269037253036781,0.026355579981971
qwen-3.5-flash,3,eb0400,web,36,0.0596285239396934,0.219131914307302,2.048524388526044,0.1425662377205945,0.6228714510922762,-0.0063100194750513
qwen-3.5-flash,1,eb1040,web,34,0.2889238280128963,0.3513939997537981,1.6161499685515428,0.8161817274059017,0.7091982725429293,0.2378709913482274
qwen-3.5-flash,2,eb1040,web,37,0.3644108889754266,0.3871716002470827,1.3603954223919,1.096486727247618,0.7526539816889661,0.3064273572977377
qwen-3.5-flash,3,eb1040,web,33,0.3773953765230898,0.3893289605676376,1.2309439244691858,1.0676306395956696,0.7798912659214553,0.3298115893787043
qwen-3.5-flash,1,eb334e,desktop,48,0.174227439322799,0.2254224535423234,2.2508433311297495,0.5912580073747375,0.7416840968538219,0.0838997884909036
qwen-3.5-flash,2,eb334e,desktop,34,0.4148113681003862,0.3100272831476963,1.5603575950045867,1.6542237072705552,0.849632504170299,0.3362336399099199
qwen-3.5-flash,2,eb06ec,mobile,30,-0.023487898438312,0.1653698903370674,5.008981972680086,-0.3587746008171461,0.386380810659325,-0.0773483554884189
qwen-3.5-flash,3,eb06ec,mobile,43,0.0206146272321182,0.187672924467951,4.648946259145702,-0.2361900559809658,0.4036670442818176,-0.0016372502183253
qwen-3.5-flash,3,eb334e,desktop,29,0.3656719344580516,0.3106319542919334,1.5799312571629995,1.477059173136421,0.8421394885876516,0.2919584530913001
qwen-3.5-flash,1,eb06ec,mobile,30,0.0348241062145162,0.2080093155058549,4.102959479236036,-0.2392910237523041,0.4772370765473194,-0.0360703896054791
qwen-3.5-flash,1,eb34f4,desktop,83,0.4003371750319043,0.3083060971961159,1.9996649413242231,1.5569694003301842,0.7895478167187215,0.3207450352667877
qwen-3.5-flash,2,eb529b,mobile,30,0.1796673334029002,0.326843203629107,1.6470436857583164,0.3385330098006812,0.590664219917006,0.1498749999639873
qwen-3.5-flash,2,eb34f4,desktop,83,0.4003371750319043,0.3083060971961159,1.9996649413242231,1.5569694003301842,0.7895478167187215,0.3207450352667877
qwen-3.5-flash,3,eb34f4,desktop,83,0.4125643461832042,0.3270208406918174,1.877165937528558,1.5120721353982964,0.8249788071762845,0.309160391639942
qwen-3.5-flash,3,eb529b,mobile,33,0.2471041535738438,0.3547076518600347,1.6281245177466936,0.5425287668311406,0.6528088771736373,0.3094779865808972
qwen-3.5-flash,1,eb529b,mobile,30,0.2804138697898066,0.3625915621934512,1.5693005720269846,0.5701175167613161,0.6447065993470936,0.2373900830048341
qwen-3.5-flash,1,ebd305,poster,31,0.1432973533327489,0.2414901742575731,2.037182797384935,0.4350862867132689,0.6083328625788081,-0.1012420698715704
qwen-3.5-flash,2,ebd305,poster,31,0.0735139627923286,0.2185812260830771,2.1367817430052907,0.293023312625253,0.5853945496392183,-0.0105871792751858
qwen-3.5-flash,1,ec53c3,poster,52,-0.1297609956424109,0.1696543164537917,2.4210908415618144,-0.371716822754954,0.3930413428775682,-0.1428279764346633
qwen-3.5-flash,3,ebd305,poster,50,-0.0420338696757178,0.1987168523005951,2.9925682640493885,-0.0168379244123581,0.4818547823911123,-0.132588870193235
qwen-3.5-flash,2,ec53c3,poster,51,-0.1549594005752659,0.1603741884491261,2.6794334035248286,-0.4606062032324332,0.3620867182253417,-0.1742047444108576
qwen-3.5-flash,3,ec53c3,poster,30,-0.2206951156976344,0.1406218477954947,2.703713169731188,-0.6455864707375317,0.3078239051518443,-0.2158859109296168
qwen-3.5-flash,1,ebe076,mobile,18,0.3265978575902332,0.3584579424811075,1.8922730798802576,0.7904844027760852,0.7330273784086878,0.0728724050719511
qwen-3.5-flash,3,ebe076,mobile,18,0.2894076913102683,0.3375046210945736,2.101145098297381,0.7297137487562821,0.7064365164143918,0.0361834423990019
qwen-3.5-flash,2,ebe076,mobile,31,0.3236886172532606,0.3787964904164904,1.5859708568028958,0.7788276039670567,0.7246359162165695,0.1327918934631919
qwen-3.5-flash,1,ec6510,mobile,42,0.1359193231564883,0.2969388636968953,2.7866443055365835,0.3806088085015365,0.570007350388669,0.0058745238176189
qwen-3.5-flash,3,ec6510,mobile,43,0.1329185415993982,0.2951436813324151,2.789331821200547,0.3699332163212087,0.5633543067096228,0.0007640555930862
qwen-3.5-flash,2,ec6510,mobile,36,0.0073854804951268,0.2193632394628346,3.776271641904131,-0.2971962533995848,0.4414280865537477,-0.0613719062685358
qwen-3.5-flash,1,ecd2f0,web,37,0.2014043676157797,0.2048783224164959,3.58596359838663,0.7956749515145837,0.7735876910764764,0.1965524291445527
qwen-3.5-flash,2,ecd2f0,web,99,0.542829912272008,0.4464102148791808,2.392751399735124,2.1358828518897837,0.8150366225146279,0.469053811797023
qwen-3.5-flash,3,ecd2f0,web,43,0.1432905443134889,0.1833136172468322,3.87025916010283,0.3693434194279167,0.7431834661777218,0.0931078190471829
qwen-3.5-flash,1,ecf129,web,50,0.0468234915797814,0.1976117041097423,3.0061723119357615,0.3314678904629186,0.5569814314437551,0.0352706852044937
qwen-3.5-flash,2,ecf129,web,51,0.0112868474693905,0.1884954855572726,3.0681194760547457,0.2473141337585453,0.5380069517281411,-0.0391481151725789
qwen-3.5-flash,3,ecf129,web,45,0.0198186971379331,0.188114015776989,3.039156790950338,0.2323784007998312,0.5423838619151449,0.0152144955175244
qwen-3.5-flash,1,ed1239,web,34,0.1431179320431058,0.1950036750265191,3.179177350204355,0.5821412679058688,0.703583356667536,0.1070637729516097
qwen-3.5-flash,2,ed1239,web,37,0.1551505885067672,0.1964675083541913,3.14085397627213,0.6017793893000026,0.7069677894962878,0.1227428725821783
qwen-3.5-flash,3,ed1239,web,36,0.1376210923782906,0.1904717943180545,3.2165521369104364,0.5610520143148667,0.6952743913139959,0.1090598321341109
qwen-3.5-flash,1,ed292f,web,35,0.2118132143530575,0.2257076223096639,1.8858808688661568,0.7885132517371315,0.7334942580438911,0.0582405778816543
qwen-3.5-flash,1,ecf627,poster,49,-0.0969688179742086,0.1136846000751402,7.439502466599601,-0.2124609118047207,0.2889868533508549,-0.2598456444216991
qwen-3.5-flash,2,ed3849,poster,51,0.2194504533954425,0.232794135146542,1.840027254948105,0.5580519954236526,0.670628496415008,0.174993587010506
qwen-3.5-flash,2,ecf627,poster,50,-0.0316605167002059,0.1093375452552303,7.409917470248122,-0.0437959035282709,0.3051297430644161,-0.1940182028583066
qwen-3.5-flash,1,ed3849,poster,30,0.189319051498828,0.2405673394890389,1.8599121824347975,0.4524401689378099,0.627424844464038,0.1863157056359926
qwen-3.5-flash,2,ed292f,web,36,0.298445668089461,0.2422782755792533,1.7444532893778406,1.0700999852603137,0.7938204302624828,0.1444973269680218
qwen-3.5-flash,3,ed3849,poster,30,0.1981847839140467,0.2364331558977548,1.837037090328613,0.5476834343646523,0.6587846659703132,0.1331488755725871
qwen-3.5-flash,3,ecf627,poster,33,-0.0461071769077893,0.1155084939177593,7.39339585178876,-0.0526087424399336,0.2703984186035916,-0.2204049448051058
qwen-3.5-flash,3,ed292f,web,35,0.1535642080157921,0.199313536094175,2.1393927616318575,0.5736903603611037,0.663804906636401,0.0375200617276492
qwen-3.5-flash,2,ed473c,web,55,0.2874158310573652,0.2965624658797667,1.4605521239885353,0.6985249913826348,0.6963641873424498,0.0139982039081751
qwen-3.5-flash,1,ed473c,web,29,0.1978540338324336,0.2924607637065934,1.7716977819778543,0.4444735449986056,0.6612297133693537,0.0113250468648754
qwen-3.5-flash,3,ed473c,web,46,0.0641908345247182,0.2286212400802634,2.18672882086377,0.1051937466366091,0.5734076856738415,0.0443411919908487
qwen-3.5-flash,1,ed727a,web,44,-0.0711927164975679,0.1702739906424119,2.7030777895969145,-0.1283262155563403,0.5128469560480123,-0.1358344838087261
qwen-3.5-flash,2,ed727a,web,32,-0.033901224084264,0.1850999210744539,2.600787887449989,-0.0011690113525639,0.5382754991999306,-0.1012630625990105
qwen-3.5-flash,3,ed727a,web,43,-0.0290196148133173,0.1872770679596991,2.517442266581909,0.0720471534120133,0.5592131461505173,-0.083500599536778
qwen-3.5-flash,1,ed8647,desktop,52,0.1590311186183815,0.2409317694012636,2.0875651636982613,0.4822445894439928,0.6443454769302523,0.13671721421756
qwen-3.5-flash,2,ed8647,desktop,50,0.2489124051221897,0.2729153515738982,1.8857429042626357,0.8379400990212806,0.6994962078171094,0.2037284459726596
qwen-3.5-flash,3,ed8647,desktop,30,0.1498513074276465,0.2333826710219263,3.012739055056856,0.5424934255257403,0.5603993122176164,0.1204022354777902
qwen-3.5-flash,1,edbb42,web,52,-0.0796674089426475,0.1082056570159934,4.6035412264866435,-0.2239928750582671,0.396478095342276,-0.0995388341685336
qwen-3.5-flash,3,edbb42,web,46,-0.0753699881488557,0.1072148535682896,4.681972389813935,-0.2022479535458196,0.4090367838439291,-0.1177032358849236
qwen-3.5-flash,2,edbb42,web,48,-0.0769540282735008,0.1106140713929345,4.15824780004969,-0.2724974939004706,0.3960873870335397,-0.0919501102512785
qwen-3.5-flash,3,edbf2d,web,30,0.1983829901303403,0.1969339997431416,7.308459635049651,0.5341277466810666,0.3280121405330943,0.1468574885240086
qwen-3.5-flash,1,edbf2d,web,30,0.1983829901303403,0.1969339997431416,7.308459635049651,0.5341277466810666,0.3280121405330943,0.1468574885240086
qwen-3.5-flash,2,edbf2d,web,30,0.1983829901303403,0.1969339997431416,7.308459635049651,0.5341277466810666,0.3280121405330943,0.1468574885240086
qwen-3.5-flash,1,ede16b,web,36,0.0244216963167517,0.2000264487913123,3.850069985504136,0.0833516136340614,0.5119821294794399,-0.0364074726582226
qwen-3.5-flash,2,ede16b,web,37,0.067157310363525,0.2189198680069097,3.0762395062221746,0.2782893885482514,0.5920141906184555,0.0092777884484473
qwen-3.5-flash,3,ede16b,web,39,0.0640337416839608,0.2163316419478657,3.0910937992293963,0.2715263071209172,0.5808565892715756,0.0051680624628521
qwen-3.5-flash,1,edcc83,poster,51,0.0013278388153311,0.1599462135771459,4.587460917224398,0.0317365735323928,0.6843305311923416,0.0746213643920609
qwen-3.5-flash,2,edcc83,poster,51,0.1264123812922359,0.2339873149040921,4.769471280170867,0.3605092222822489,0.6864408407065177,-0.0190157910602912
qwen-3.5-flash,3,edcc83,poster,52,0.1624178149887186,0.2641221484159474,3.3835214049529796,0.4929207810076185,0.6934506987218496,-0.0110641422018731
qwen-3.5-flash,1,eeb171,poster,49,0.1861893334733528,0.3441916806113497,3.970162245155563,0.4586196327602642,0.5702766680444983,0.066766406298833
qwen-3.5-flash,2,eeb171,poster,39,0.2292025830027526,0.3287694764415492,3.991120399070412,0.6713330490155708,0.5973628491924086,0.1348872635088319
qwen-3.5-flash,3,eeb171,poster,50,0.2105577451091578,0.3594071611079619,3.87364212782281,0.6367714088621433,0.6046191037795077,0.0804968733011465
qwen-3.5-flash,1,eed0db,desktop,37,0.2565890774650791,0.2610639663507806,2.2832745522370876,0.7218101887247216,0.6692332072131797,0.2581516445798978
qwen-3.5-flash,1,eec240,mobile,12,0.0826435078127925,0.1588112623249812,5.531136385954121,0.0646446715646186,0.5012795125779125,0.0150551200636207
qwen-3.5-flash,1,eed5f3,poster,31,0.1431249017548362,0.1150260111824308,3.387125192975927,0.3860581620995587,0.613562672643339,0.1134572965518206
qwen-3.5-flash,2,eed5f3,poster,30,0.1528838702692254,0.12678360067192,3.182123966573753,0.4811162554658981,0.6579264103792318,0.1060111603018313
qwen-3.5-flash,3,eed5f3,poster,33,0.1435924605613798,0.1139724381704898,2.7618656311674576,0.392955384841227,0.6497784080915174,0.0657558893594506
qwen-3.5-flash,2,eec240,mobile,13,0.0666157124723892,0.153000744464437,5.571335658271542,0.0292821020249678,0.4994755365512037,0.0124861030123789
qwen-3.5-flash,2,eed0db,desktop,32,0.2613705724267773,0.2472498100952388,2.34234392756921,0.6679107844624955,0.6396043335501527,0.2647428898597522
qwen-3.5-flash,3,eed0db,desktop,41,0.2373059612253669,0.2669773512591387,1.7454671979407153,0.7082053727059671,0.7229507539046762,0.2393353721227544
qwen-3.5-flash,3,eec240,mobile,12,0.0816572091187772,0.1570886614885516,5.569709079987497,0.0667852273074279,0.4685762555339482,0.0142445633778579
qwen-3.5-flash,2,ef8863,web,30,0.165562141950504,0.2466437887252453,2.1798186190144837,0.6245581228408907,0.7165684649901063,-0.0801478359833221
qwen-3.5-flash,1,ef8863,web,32,0.1567769421414339,0.2386137665344713,2.2020902884130327,0.4459962671774061,0.6729767795863825,-0.0531515938808727
qwen-3.5-flash,2,eede0a,web,51,0.1282023117656232,0.2329144934914493,2.0644066936145773,0.2857406621008335,0.6262842485237966,-0.0144713997374525
qwen-3.5-flash,3,ef8863,web,45,0.1092467528547762,0.2070315384363811,2.8696268918547148,0.4355254840074726,0.6424653154516696,-0.1081468020098912
qwen-3.5-flash,1,eede0a,web,43,0.146865975697762,0.2384449002780992,2.017292602459215,0.3742761606233794,0.6427882504260459,0.0399444834752205
qwen-3.5-flash,3,eede0a,web,43,0.1486213148015122,0.2428483389982395,1.9832741132902576,0.3860324251964463,0.6544488540566222,0.0425436033797329
qwen-3.5-flash,1,ef9433,desktop,50,0.120914193454175,0.2427226213722261,2.4833922034660203,0.4628376463450407,0.6430985456493222,0.1261187118561275
qwen-3.5-flash,1,efb9d2,mobile,30,0.4092170759002529,0.3900700979417185,1.499659283962877,1.0559869816587188,0.7398442330859373,0.2942986241500673
qwen-3.5-flash,2,ef9433,desktop,54,0.0437164173467193,0.2059803754845387,3.076544554381193,0.1533326997291727,0.6271732874585366,0.0218064104382898
qwen-3.5-flash,3,efb9d2,mobile,51,0.3067693829241082,0.3630461259894836,1.6489270675061087,0.7547106715602566,0.7084958682594374,0.1903838913387334
qwen-3.5-flash,2,efb9d2,mobile,30,0.1426482294723648,0.2863414701710028,1.8583591286269103,0.3645444755759086,0.6514293674127866,0.1038374534794067
qwen-3.5-flash,3,ef9433,desktop,35,0.0639275483060755,0.2230917229239992,2.718012106497452,0.2508514538728058,0.5959599830275046,0.0413668729365264
qwen-3.5-flash,1,f01758,desktop,51,0.1186927640850929,0.2291804075775592,2.0941899968792645,0.254290374830917,0.5944359268716761,0.1742200699170211
qwen-3.5-flash,3,f01758,desktop,50,0.2545185824949064,0.2675367306123423,1.9688801407342336,0.6622240759920521,0.6791614893612141,0.2634472969722621
qwen-3.5-flash,2,f01758,desktop,50,0.2828201221094768,0.2692202808851318,1.9158444138144817,0.731616574556494,0.6900010561982898,0.3113603362157284
qwen-3.5-flash,1,efddbf,web,42,0.1068624713398669,0.2120193793787285,3.53822889937997,0.1075247455502216,0.5905485837983172,-0.0461934967536044
qwen-3.5-flash,3,efddbf,web,42,0.1198520625342501,0.2218989261222538,3.3067900334384417,0.1488485085644911,0.5944897280512166,-0.0177965142907941
qwen-3.5-flash,2,efddbf,web,42,0.092545207891624,0.2065301893447362,3.7166367106958313,0.1080411501791067,0.5969381358803549,-0.0250415672529067
qwen-3.5-flash,1,f04d2e,web,33,0.0171429966614978,0.2578518584118784,2.0725875510728815,-0.0255127572308119,0.5427771609920811,-0.0279800982602586
qwen-3.5-flash,2,f04d2e,web,30,0.0221865681989183,0.262159081225399,1.965613259084093,-0.0050988818836599,0.5472567199747363,-0.0447789850228771
qwen-3.5-flash,3,f04d2e,web,30,0.0549678932409053,0.2733103291605692,1.907522726197729,0.0590389034214442,0.5560465251116603,-0.0280793172680655
qwen-3.5-flash,1,f05508,poster,32,0.2615461305427047,0.2640264490688468,1.904530612151337,0.974161535331154,0.781132876549659,0.2793674882187398
qwen-3.5-flash,2,f05508,poster,35,0.1956492387399014,0.238594668517719,2.4040936121083205,0.6662613169914205,0.7115117617113407,0.2361192165402868
qwen-3.5-flash,3,f05508,poster,30,0.2869158968835003,0.2984135063352071,1.982280428719466,0.9864196743289644,0.7806378829775018,0.2870006031486904
qwen-3.5-flash,2,f02589,mobile,51,0.0110869146831678,0.2061387158768154,4.428459037231341,-0.0440612651224299,0.6030898201823864,-0.0146813176101749
qwen-3.5-flash,1,f02589,mobile,49,0.2027508232097025,0.2700599991102272,4.563178778055493,0.4136970100170832,0.6283077301290644,-0.0069276243514559
qwen-3.5-flash,3,f02589,mobile,32,0.2062400531252385,0.3277119895264306,2.5808216548229077,0.3457361116031102,0.6811498772163131,-0.052836077409956
qwen-3.5-flash,1,f06889,desktop,51,0.198456672788842,0.2769363112553591,1.7755790804776648,0.5691468793905373,0.6964414134427435,0.1676073545900459
qwen-3.5-flash,2,f06889,desktop,50,0.1593763498621309,0.2911120659200684,2.211587751550545,0.5841951233274969,0.6819069810599383,0.0088210388715517
qwen-3.5-flash,3,f06889,desktop,50,0.1322393243365521,0.2680433277434181,2.2734928985379086,0.5248625469040059,0.6744224220573617,-0.0368937379102461
qwen-3.5-flash,1,f0773e,poster,50,-0.0739454199943525,0.1542411796282827,3.3230613529838413,-0.1300448503822744,0.5050251033713704,-0.0888898395689208
qwen-3.5-flash,2,f0773e,poster,31,0.0176070589741153,0.2199213195550907,2.835083957800983,0.1504218236686746,0.5306007768594876,-0.1079070477708502
qwen-3.5-flash,3,f0773e,poster,37,-0.1200872191452812,0.1911329738365854,3.307160784090925,-0.2762361752985269,0.3620280155707422,-0.1819816805729653
qwen-3.5-flash,1,f08c55,mobile,51,0.0140317362402836,0.1707377815340693,5.972524830177307,0.1076277389167817,0.4413835286709822,-0.0880378901692096
qwen-3.5-flash,2,f08c55,mobile,48,0.120142496044888,0.2149680726198077,6.057072472320348,0.4987715867682684,0.4252704919536172,-0.0465380235256703
qwen-3.5-flash,3,f08c55,mobile,51,0.121508564413592,0.2484864928718534,5.17056186561713,0.3509180661912609,0.4620543709056357,-0.0414517094334383
qwen-3.5-flash,1,f0acf8,web,32,-0.0020485330605162,0.1342306533129263,5.1260482705506965,-0.1825244948566323,0.5144800639966579,-0.0738613425307369
qwen-3.5-flash,3,f0acf8,web,29,0.0359786641925553,0.1512482158691463,5.255555757753552,-0.1337570597379034,0.5007653113028652,-0.052483992847635
qwen-3.5-flash,1,f0e574,desktop,35,0.2631162778252204,0.321402417214956,2.718336016173471,0.8450282929571191,0.6020712590875672,0.246648801961446
qwen-3.5-flash,2,f0acf8,web,36,-0.0192725292126916,0.1202076735051028,5.2158795813153045,-0.1959983250729879,0.5103593128025972,-0.051867451338364
qwen-3.5-flash,2,f0e574,desktop,32,0.0384096031036398,0.202463377286788,2.357492489785377,0.2017291738194782,0.5810846719339712,0.1353881470631028
qwen-3.5-flash,3,f0f10a,mobile,32,0.1688502451315926,0.331438120426516,1.8510044540743251,0.5441422696484669,0.6925895823823137,0.2287210097799146
qwen-3.5-flash,3,f0e574,desktop,29,-0.0243777353496015,0.1640118156851752,3.065915376720639,-0.0207105304407938,0.5479268969040003,0.0565067201164791
qwen-3.5-flash,1,f0f10a,mobile,32,0.1730704066604664,0.3333268597607516,1.8582014267668112,0.5543066825246846,0.6963317135490104,0.2276557084500316
qwen-3.5-flash,2,f0f10a,mobile,32,0.2659364844309452,0.3771570140429358,1.6346898186965415,0.7926979807101507,0.7235309507599069,0.2866945488914887
qwen-3.5-flash,1,f13c2f,desktop,70,0.1538612669342215,0.1941883826807511,8.27647531994908,0.3428298762359285,0.2541907233322025,0.1780760362546652
qwen-3.5-flash,2,f13c2f,desktop,51,0.2388956760612545,0.2868053340305481,2.147050597727185,0.5298638346065767,0.6594786696660078,0.1501979549807946
qwen-3.5-flash,3,f13c2f,desktop,51,0.3241974745263817,0.3091392451610647,1.6362928174399038,0.7190372444909521,0.6842948175019208,0.1366446878692987
qwen-3.5-flash,1,f14f17,poster,51,0.2690976405681229,0.3033326702600106,1.617853509226835,0.9290232872516092,0.7345431877656436,0.3071136798979454
qwen-3.5-flash,1,f1bad6,poster,30,0.0045012694319969,0.171534151381468,2.21640307321168,0.032485096178744,0.5760183096960286,-0.018456139113146
qwen-3.5-flash,2,f1bad6,poster,50,0.0738588167423328,0.1961195116041489,2.096543822914154,0.214143758845002,0.6166470443033263,-0.0012066563741247
qwen-3.5-flash,3,f1bad6,poster,51,-0.0429389625206299,0.1433939446446302,2.5372054010101275,-0.1585938882287557,0.5992149609790646,-0.0698527018798393
qwen-3.5-flash,3,f14f17,poster,48,0.054166296885396,0.2216943748127914,2.546642867158094,0.2411251328740543,0.5763526704174868,0.1121591277029197
qwen-3.5-flash,2,f14f17,poster,58,0.1966434974095479,0.2628793631546326,2.319369825350271,0.6607919780936351,0.673946185408247,0.2033175634010348
qwen-3.5-flash,2,f147ec,mobile,14,0.5391730860419361,0.4711720135457302,2.412023641232323,1.520600249346437,0.6707844721330861,0.443058398153031
qwen-3.5-flash,1,f147ec,mobile,14,0.5077213826046576,0.4571815701591751,2.4335259609479203,1.3653833032574136,0.6653430004655606,0.4017800014825522
qwen-3.5-flash,3,f147ec,mobile,46,0.4972164692869739,0.4481289656107029,1.830730661398052,1.3587119464267785,0.7461624119975682,0.3577148597108942
qwen-3.5-flash,2,f1d7fa,mobile,30,0.1946929119449196,0.2532851316987127,1.9039726976715896,0.7577543752421662,0.7380433992743878,0.1134413262068496
qwen-3.5-flash,1,f1d7fa,mobile,29,0.2349204064655932,0.273328976645734,1.8300168397760863,0.870045791782754,0.758398907111358,0.1648266404210334
qwen-3.5-flash,3,f1d7fa,mobile,23,0.2472181636610889,0.2959219803681289,1.695122817543982,0.9273269945642872,0.7880238381116359,0.1666528757396157
qwen-3.5-flash,3,f1be04,mobile,104,0.4305203987115166,0.4353016030052129,2.682480701935594,1.4890904462481138,0.6701322396426185,0.4033799364317658
qwen-3.5-flash,2,f1be04,mobile,51,0.2059552117995429,0.3649378326335399,2.31440096950239,0.8162322530042104,0.7431910569715469,0.2220288899138705
qwen-3.5-flash,1,f1be04,mobile,53,0.2640480012311424,0.3324457545688021,3.0706293820326995,1.2139966701693368,0.6523962524919117,0.2688754524733474
qwen-3.5-flash,1,f1e37f,poster,53,-0.0731563095492956,0.1685945889338185,2.6681969457213572,-0.2277441099909612,0.380194302995653,0.0535289389882931
qwen-3.5-flash,2,f1e37f,poster,52,0.1819720181059108,0.2595850513067756,1.6260713446376367,0.4420739599653052,0.6319934376784291,0.0560321464426739
qwen-3.5-flash,3,f1e37f,poster,50,-0.0001804450078899,0.2144618350566218,2.0011375413789336,-0.0942880834600864,0.4719164055871322,-0.0078416712062958
qwen-3.5-flash,1,f1f741,desktop,42,-0.0405571942809132,0.1258423949431709,4.973441457249917,-0.0897537733611408,0.4895397769238807,0.0094825136711553
qwen-3.5-flash,2,f1f741,desktop,30,0.233251427206327,0.2661789140298076,2.397019007846259,0.8789323903949813,0.7303480756531034,0.2057541215038106
qwen-3.5-flash,3,f1f741,desktop,52,-0.0767127722298057,0.1161919176028533,4.145971469363728,-0.2179319534259606,0.490342623947523,0.0125272319144618
qwen-3.5-flash,1,f20200,desktop,30,0.1037452693597327,0.2315750512976589,3.0488990886529628,0.3651349640747283,0.6476139325503646,0.1162772302080417
qwen-3.5-flash,2,f20200,desktop,30,0.0435520187478531,0.1942457425862552,3.271907817920878,0.1776560187361065,0.6237102210148995,0.0712882680222051
qwen-3.5-flash,2,f1e0ee,poster,47,0.1214428933180501,0.2853284852859093,3.613740830811638,0.1714821961695425,0.5608759774081955,0.0548842594440461
qwen-3.5-flash,1,f21770,mobile,40,0.3186460649329389,0.3542244885786363,2.23083312057143,1.010251598819709,0.7520942065244769,0.0148242930593612
qwen-3.5-flash,3,f20200,desktop,50,0.0436135907603509,0.1992469911961997,3.375221146325164,0.1078249832185744,0.6505781447994348,0.0566367020172793
qwen-3.5-flash,3,f1e0ee,poster,48,0.2598331192456204,0.3627742085781744,2.768036986167895,0.5007719207052752,0.6363984071884028,0.1560289646155022
qwen-3.5-flash,2,f21770,mobile,50,0.2371529954051679,0.306894056734136,1.6832562268842248,0.746799136247872,0.6725256204898702,-0.0811471123368713
qwen-3.5-flash,1,f21c0c,desktop,31,0.1146199639204742,0.2603129835543943,2.64762774759376,0.2245481376415904,0.6438248844822926,-0.1468096079240167
qwen-3.5-flash,2,f21c0c,desktop,35,0.0847046024413864,0.2464117613149413,2.7479619134933975,0.1633178276711091,0.6128881056764658,-0.1644023569752681
qwen-3.5-flash,3,f21770,mobile,30,0.3063367205750058,0.3389698308570731,1.4526814476409926,1.006559463781363,0.7538447049058971,-0.0113807253427836
qwen-3.5-flash,3,f21c0c,desktop,50,-0.0980794754587246,0.1503225147380941,3.3987204379744576,-0.3396256950976648,0.4197992049413896,-0.0662799392568921
qwen-3.5-flash,1,f1e0ee,poster,52,0.0258636970515928,0.269045744078818,3.2577045714552604,0.0619171683883951,0.5213788327920059,-0.0058138135696502
qwen-3.5-flash,1,f27923,poster,62,0.2735160566662464,0.3247565009146639,2.0635441016219622,0.6302461212795365,0.6441645702236418,0.2203164987130436
qwen-3.5-flash,2,f27923,poster,79,-0.0494208044400291,0.1752014044592199,5.689582939571007,-0.1494631656729615,0.3919637419525104,-0.0470080094642564
qwen-3.5-flash,3,f27923,poster,43,-0.1136295784221778,0.1810782270482682,5.8265183748569225,-0.3422481498448878,0.3626603189439751,-0.156583208009658
qwen-3.5-flash,1,f285d7,mobile,30,0.0952380752456773,0.229015676332462,4.50946901758241,-0.0380732121625719,0.5655939660958142,-0.0631982763049782
qwen-3.5-flash,2,f285d7,mobile,36,0.1168345590774787,0.2368722126455176,3.763996329276003,-0.090441458523179,0.6945608421405423,-0.0879328268108624
qwen-3.5-flash,1,f29bd9,poster,55,-0.0261104272120334,0.1553031372014345,2.5438562612606903,-0.1242937817095865,0.479997457901305,-0.0352891597297584
qwen-3.5-flash,3,f285d7,mobile,30,0.1174526973658974,0.2512868446982775,4.357332137781377,0.1400015033898356,0.6080051192528302,-0.0478606883193935
qwen-3.5-flash,2,f29bd9,poster,54,0.2296985789686498,0.2119609689808152,2.0074396002639583,0.7775469485168062,0.7012017890093638,0.1174390891588623
qwen-3.5-flash,3,f29bd9,poster,54,0.2572988792344688,0.2169120546781775,2.0776794863640924,0.8431130879249339,0.6330895594999235,0.1668426571001937
qwen-3.5-flash,1,f29c75,web,46,0.1899669684065749,0.2102439397099748,3.7375903930037735,0.6121400549070881,0.5831744876542053,0.1842666084837239
qwen-3.5-flash,3,f29c75,web,41,0.0605724865658866,0.1555495264272734,4.082019066322702,0.2360094539971312,0.5446672263270124,0.0764336825013683
qwen-3.5-flash,2,f29c75,web,33,0.0434216457636384,0.1371271918764843,4.381347437141722,0.1554626286944989,0.520046841627536,0.0463582399043138
qwen-3.5-flash,1,ea3c8c,poster,33,0.0020564957964012,0.0531494751195569,6.8357519575987205,0.1277448107452026,0.15728211105516,-4.3360474296286124e-06
qwen-3.5-flash,3,ea3c8c,poster,29,0.0079722975143472,0.0531960954476756,6.842372512873478,0.1557265780942079,0.159198902503215,0.007377252159273
qwen-3.5-flash,2,ea3c8c,poster,31,0.009611899368425,0.0573193519941279,6.787036915752854,0.0722592171362787,0.19534024741165,0.0102646020525164
qwen-3.5-flash,1,f2e048,web,63,-0.0547053018598465,0.1140951934208732,6.04589136109049,-0.2376753489948262,0.4127729554368281,0.0037884148038854
qwen-3.5-flash,2,f2e048,web,50,-0.053027993026037,0.1166267751358187,6.026077075348703,-0.2293484158718743,0.436050348251201,-0.009833613207309
qwen-3.5-flash,1,f2cbaa,poster,30,0.1259288835419218,0.2618079426883907,3.689756174478932,0.1895240026549764,0.6338976646049259,0.1242743277899504
qwen-3.5-flash,3,f2e048,web,50,-0.0531481151809786,0.1163942282187357,6.042409321536002,-0.2294411003899463,0.4344584724828736,-0.0100575135049368
qwen-3.5-flash,3,f2cbaa,poster,51,0.2092830491861749,0.3001932931289645,3.2302759328841084,0.3893355728656658,0.6517608290113858,0.2038446218862678
qwen-3.5-flash,2,f2cbaa,poster,52,0.317566306792951,0.3236475929348754,3.604689732500462,0.8788460050263113,0.6507217155035973,0.319220607563806
qwen-3.5-flash,2,f33d51,poster,50,0.2274728929517622,0.3270950508442964,1.4338938402438903,0.5404426418115545,0.6451581470558159,0.2023828409399199
qwen-3.5-flash,1,f33d51,poster,30,0.1235380846833745,0.3019779083059568,2.072315238257111,0.3033062799524982,0.5726809988797785,0.1099873846070807
qwen-3.5-flash,3,f33d51,poster,49,0.1428405014295432,0.3044694483021347,1.5260540382654468,0.3489697490885908,0.6098776665303188,0.1422879569754941
qwen-3.5-flash,1,f3411a,web,34,0.074477624376353,0.214699051341222,2.28935830772341,0.2403813076687888,0.690133385038678,0.0012539039517456
qwen-3.5-flash,2,f3411a,web,34,0.0353129587662608,0.1925386535815868,2.5017385533214167,0.1249209235978434,0.6626474206366366,-0.011586697243563
qwen-3.5-flash,3,f3411a,web,32,0.0636985415884786,0.2007492467926526,3.0446906207655737,0.2844614274074095,0.6457031568969317,0.0002999205293816
qwen-3.5-flash,1,f30633,mobile,51,0.0679937053520585,0.1314750792800695,7.854014701915872,-0.0377420948427473,0.2048408445035294,0.1294780697333858
qwen-3.5-flash,1,f38ac2,mobile,53,0.0948033848297499,0.2550226472324736,2.286093033893938,0.4463691213649058,0.7116915617469235,0.2426979298700391
qwen-3.5-flash,2,f30633,mobile,30,-0.0162371444986367,0.0707680050068043,8.42911624417581,-0.1585638145709015,0.1990194440044958,0.0642792913232286
qwen-3.5-flash,2,f38ac2,mobile,53,0.3366106749933846,0.3691546181686745,1.4453597067116968,1.0321440967976128,0.769226236387025,0.3646030845171871
qwen-3.5-flash,3,f30633,mobile,53,-0.1166624566202462,0.0989109130563585,7.967926403497605,-0.2443848640771843,0.200539466757479,0.0737409346574916
qwen-3.5-flash,3,f38ac2,mobile,30,0.2588852102174475,0.3291092319040657,1.7177152670537028,0.8413592928206037,0.7263269438438663,0.3346988280413862
qwen-3.5-flash,2,f3cfac,poster,30,0.2342123256106129,0.3558435559203334,1.5957965611406328,0.7158585032759922,0.7046792014958247,0.2596439514852156
qwen-3.5-flash,1,f3cfac,poster,30,0.2970661082972329,0.3991547516795166,1.4604827892776229,0.8686572581175844,0.7467530116238791,0.302002472554269
qwen-3.5-flash,3,f3cfac,poster,33,0.3012952289511268,0.3801817531828057,1.328429921776424,0.8762195460202338,0.7419141454147486,0.3297260979404621
qwen-3.5-flash,2,f3e3f8,desktop,52,0.0736340634080554,0.1760255451933941,3.0861247161398455,0.3275367157304205,0.6494598088058997,0.1268773285363653
qwen-3.5-flash,3,f3e3f8,desktop,33,0.1850922036188552,0.225885784328329,2.470584638468351,0.5405018243332258,0.6701292788081238,0.1708725116800174
qwen-3.5-flash,1,f3e3f8,desktop,73,0.0336306520510122,0.1498703840073854,3.179342158220603,0.2350088226219951,0.6329073957844512,0.1119096052032458
qwen-3.5-flash,1,f39252,web,30,0.1046944673183806,0.1688992572004056,4.204158316489447,0.3623768607451775,0.6614851589786398,0.0639622580936937
qwen-3.5-flash,1,f4641f,poster,51,0.340597782666554,0.3340861597730069,1.3368505543735465,0.7145030339932664,0.7060198570666911,0.2902614182600229
qwen-3.5-flash,2,f4641f,poster,51,0.3755628157806617,0.3605116594120107,1.233970582800259,0.7862455935930346,0.7417456739917896,0.3200103926224845
qwen-3.5-flash,3,f39252,web,30,0.1213822645710169,0.1816780221357093,4.010552732944971,0.4326513208254834,0.7061528876575848,0.0842649405018452
qwen-3.5-flash,2,f39252,web,21,0.1414029440015882,0.1720503467572398,4.157825269375789,0.5021606432706012,0.7023895986511077,0.1202860826420151
qwen-3.5-flash,3,f4641f,poster,31,0.3670065139858438,0.3476963323255668,1.2728607129032394,0.7994390659451994,0.7325142019902827,0.3084884358040129
qwen-3.5-flash,1,f431fa,web,37,0.0124314331172253,0.1333258346420445,3.54628947026512,0.0353512290249529,0.5337372231926377,-0.0258617079594553
qwen-3.5-flash,2,f431fa,web,34,0.1478348518129495,0.1794864294909823,3.0967652329812534,0.569159856044543,0.6441598866228229,0.0933839050284566
qwen-3.5-flash,3,f431fa,web,29,-0.0103063574305684,0.0817052699486714,4.528681210824566,-0.0692867295093449,0.6506448558480871,0.0080465746319231
qwen-3.5-flash,2,f466b1,desktop,52,0.0754090593141151,0.1454854425797705,4.8055118518847415,0.1094127579201172,0.5697372992818173,-0.0262579662014286
qwen-3.5-flash,3,f466b1,desktop,46,0.1053852662179768,0.1885932815000485,2.512295310963374,0.2143472539433009,0.582188661672575,-0.0282012110473505
qwen-3.5-flash,1,f466b1,desktop,47,-0.0680072368718021,0.1564134587885872,3.9914411256879823,-0.1581220051876886,0.4415791646943545,-0.0950835523543126
qwen-3.5-flash,1,f48d0e,poster,54,-0.1177864884864276,0.0890909152600717,8.150185066719747,-0.2520714435262788,0.2481445895744035,-0.1271957052343497
qwen-3.5-flash,1,f491f4,mobile,57,0.1165359785969196,0.2750599408331516,2.002692847007603,0.4231052799468213,0.6795706931000861,0.1239650823487211
qwen-3.5-flash,1,f4a513,web,36,0.0342927698200218,0.2153513197412194,2.120500998846711,0.1080146914158914,0.5912973957706927,-0.0284618293702033
qwen-3.5-flash,2,f48d0e,poster,55,0.2259363647710658,0.2657548186063243,2.6582865486505227,0.5867842841552297,0.6780213079568177,0.1522738614951288
qwen-3.5-flash,3,f48d0e,poster,56,0.0816494826631415,0.1967335865514509,3.2640673150718316,0.0106160943213122,0.5695359407358745,0.0767240016591219
qwen-3.5-flash,3,f4a513,web,35,-0.0497542616381116,0.1842719007606331,2.3791569732082785,-0.0801331960599363,0.5257591973698543,-0.0720255559167331
qwen-3.5-flash,2,f4a513,web,31,0.040068623843358,0.2187479795151458,2.1563879306805345,0.1673540065920945,0.596012158093433,0.0083523894516678
qwen-3.5-flash,2,f491f4,mobile,57,0.1265964958705847,0.2782248162390531,1.9789045303968895,0.4701635287429173,0.6854866425668495,0.1346322367958056
qwen-3.5-flash,3,f491f4,mobile,57,0.123716562051887,0.2772740747882582,1.986484812637211,0.4468320599892383,0.6828131461336019,0.1313082471381012
qwen-3.5-flash,1,f4b47d,desktop,66,0.2583816136709201,0.2523614709716108,2.3671833700234934,0.9275863991302736,0.7358687410835183,0.2209745172204172
qwen-3.5-flash,3,f4b47d,desktop,33,0.4339383356110845,0.324723779876696,2.0982426450116565,1.5773292075917136,0.780057371759095,0.3910375131655448
qwen-3.5-flash,2,f4b47d,desktop,61,0.1591678137773964,0.1951555162540506,2.1525482792697392,0.605118472731989,0.7106994590158048,0.2736831191532418
qwen-3.5-flash,1,f4c1e4,desktop,50,0.0607155636337369,0.1899798552478448,4.233469578142461,0.1390703480496305,0.6010539144140897,-0.0764430746563474
qwen-3.5-flash,2,f4bfdd,poster,49,0.0633593025257278,0.2419944775070838,2.193621743129412,-0.1432111982523263,0.5056214689539297,-0.0339165151790277
qwen-3.5-flash,1,f4bfdd,poster,50,-0.0233810131293908,0.2040601158369535,2.375008446616665,-0.2228900886463223,0.4320393303928895,-0.1058919552976236
qwen-3.5-flash,2,f4c1e4,desktop,53,0.1371551131668722,0.2214587365952538,3.1877751785483,0.6035924105498032,0.6939053833626458,0.0299508270144738
qwen-3.5-flash,3,f4c1e4,desktop,61,0.1103631350126599,0.2061056859637659,3.289870908092128,0.5153344156268246,0.68859744156549,0.0340427615040191
qwen-3.5-flash,1,f4d6e9,desktop,52,-0.0212393543752897,0.1532403518573767,3.6915553634304,-0.070463434358506,0.5127983718695991,-0.0219569849978139
qwen-3.5-flash,3,f4bfdd,poster,53,0.0206234472746521,0.2062195533819597,3.92853428463301,0.0848507598136169,0.5459763478817055,0.0124677725410864
qwen-3.5-flash,2,f4d6e9,desktop,52,0.0047672998091271,0.1733464629972954,3.210006748364085,0.0184874816137038,0.5236529539681871,0.0440425614330854
qwen-3.5-flash,3,f4d6e9,desktop,50,-0.0538369028700115,0.1300415448067731,4.069606126060062,-0.1951832730409309,0.5129770306750334,0.0219511010856673
qwen-3.5-flash,2,f4ff84,mobile,30,0.1394387630258468,0.2485891155853795,2.078860037395071,0.2674285542205319,0.5550812022861892,-0.0470246122609095
qwen-3.5-flash,1,f4ff84,mobile,34,0.0215671737940824,0.2080729832056518,2.0678160643587926,0.0567137058228573,0.6472313526562806,-0.0077572387270672
qwen-3.5-flash,3,f4ff84,mobile,40,0.0214164304279134,0.2003258778443769,2.1586452651203607,0.017508272427985,0.6191854559056595,-0.0458937820808946
qwen-3.5-flash,1,f50ab7,desktop,47,0.2295956186851614,0.1997718380684082,2.099162546801338,0.8837156307739333,0.7492233376691337,0.2555864593416164
qwen-3.5-flash,2,f50ab7,desktop,70,0.0378899490279505,0.1235116865331335,2.791003331645231,0.1148396125593966,0.6833793091080317,0.0823244645048032
qwen-3.5-flash,3,f50ab7,desktop,48,0.0817975513333851,0.1326699973981668,2.6857565181188257,0.3159011737245482,0.6546322728638198,0.1474397482230274
qwen-3.5-flash,1,f50e6b,web,33,0.1064734987549471,0.1644123632126843,2.2773907479178015,0.3874788808739299,0.6677778642397749,0.1147834382874147
qwen-3.5-flash,3,f50e6b,web,33,0.1168467519455809,0.1663749399420343,2.2362905621626266,0.4143288684764461,0.7057263320987045,0.1500003502580022
qwen-3.5-flash,2,f50e6b,web,50,0.0833287616609073,0.1657144532809965,2.3574382533114964,0.3830545211589758,0.6879030817467902,0.0704300954840603
qwen-3.5-flash,2,f51c26,web,32,0.3632904191362549,0.3144147338980105,1.5635465963793176,1.0198450003814952,0.739950988508479,0.1780303062695337
qwen-3.5-flash,1,f51c26,web,31,0.1694407483836479,0.2577341254663493,1.8583036552504064,0.5429125914103446,0.6999208521376253,-0.0138392632978381
qwen-3.5-flash,3,f51c26,web,35,0.2745619804112104,0.2655729506600662,1.8263668580090904,0.6928538234551611,0.6642112407398632,0.1712286621642457
qwen-3.5-flash,2,f60132,mobile,33,0.2086666122224919,0.3226352482581273,2.204838105545422,0.4480999142961867,0.6559446467031828,0.1643717731748288
qwen-3.5-flash,3,f60132,mobile,52,0.2248370976227972,0.2990383890633383,3.13434841150039,0.874938434741207,0.6443085228806367,0.1839179635537198
qwen-3.5-flash,1,f60132,mobile,34,0.1747173600713362,0.3175454328055948,2.301883069563326,0.2394586453202654,0.6725399820837219,0.0486672403940144
qwen-3.5-flash,3,f23e97,poster,29,0.0065838373178164,0.0415341082860445,7.804361132182736,0.3432806230242816,0.0764137957126462,0.0269467892026717
qwen-3.5-flash,3,f63992,poster,50,0.155590547162127,0.1858000301450027,3.165500301015258,0.5117452769147466,0.6532167458634712,0.2323098007828726
qwen-3.5-flash,2,f63992,poster,49,0.1532543440167791,0.1866735662558944,3.05345190901824,0.5037328778252363,0.6649954684586961,0.2256697088765429
qwen-3.5-flash,1,f63992,poster,35,0.284754097773696,0.2483137185901822,1.8284571856191407,0.888613362704644,0.7148974680852612,0.3268542312101685
qwen-3.5-flash,2,f4e7f3,poster,30,0.0109422952335,0.0888575884437718,7.073511949849968,0.0466053493803106,0.2508204039986334,0.0041957376275299
qwen-3.5-flash,2,f23e97,poster,29,0.0091707462408332,0.0422767254143176,7.798643144754531,0.3642424644547343,0.0764378117412486,0.0284459734251353
qwen-3.5-flash,1,f23e97,poster,30,0.0102190534144623,0.04226678612035,7.801876536924953,0.3883219348937181,0.0765098453262921,0.0294126263258792
qwen-3.5-flash,2,f639bf,mobile,50,0.2695017863446355,0.3403749991746264,1.7784755999555482,0.6851429862033518,0.7684291389189619,-0.0742185631756661
qwen-3.5-flash,1,f657ff,mobile,31,0.0297418092048717,0.2131051803376347,5.037254431279677,0.1208285041163741,0.4857360258350395,-0.101920138806732
qwen-3.5-flash,3,f639bf,mobile,50,0.3468710472202302,0.4313742944573231,2.3236693474132477,0.8967164161314096,0.7516187220537238,-0.0638400753742449
qwen-3.5-flash,1,f639bf,mobile,9,0.2716532409385572,0.294083757823033,3.8612995860698103,0.8690081996208882,0.7739144147640931,0.0259452286190292
qwen-3.5-flash,3,f68906,poster,31,0.0714528885354715,0.2596560303605708,2.30972580611014,0.4169547428921735,0.6936518841429671,0.0121899186936105
qwen-3.5-flash,3,f4e7f3,poster,42,0.1114495446365924,0.1704553727226543,5.9975839575420675,0.353026682823666,0.3770417004459169,0.0768562625445916
qwen-3.5-flash,2,f68906,poster,32,0.1484083744421553,0.2769113921118967,2.040569392425282,0.7001312003982232,0.695806001535497,0.0702798746389829
qwen-3.5-flash,1,f68906,poster,31,0.1417477540439698,0.2805937647514669,1.9759589967679492,0.7389103830890339,0.7342617287431857,0.1548012456132232
qwen-3.5-flash,2,f657ff,mobile,31,-0.0184782168234927,0.2031370382644877,4.765072112345404,-0.2040052570065484,0.456215917728202,-0.0940540177699014
qwen-3.5-flash,1,f4e7f3,poster,30,0.0596387781268742,0.1320915239296511,6.5973150916943935,0.4773327711345577,0.3091254986684594,0.0443737587226946
qwen-3.5-flash,1,f69be0,desktop,54,-0.0631812941351866,0.0560915832710726,7.5414222297014115,-0.2699904144608211,0.3017948390314872,-0.1101259846957058
qwen-3.5-flash,2,f6bc62,poster,32,0.1824949327876698,0.2386012050402726,2.162723920309673,0.7317704149303033,0.7443826134134797,0.1969346669897678
qwen-3.5-flash,1,f6bc62,poster,62,0.314589957549241,0.2322604997048867,2.316337742999452,1.1366366643517696,0.7114172734717438,0.2838680417896649
qwen-3.5-flash,1,f717f5,desktop,44,-0.2063689845258531,0.104099224878716,3.559340248943996,-0.6249250596161786,0.2941333028865053,-0.2576198338449016
qwen-3.5-flash,2,f69be0,desktop,47,0.0395052336825053,0.1293119328197901,5.262160076725058,-0.0752168600028102,0.4711230510101761,-0.0519917902906235
qwen-3.5-flash,3,f717f5,desktop,53,-0.1621512650504982,0.1008868028369975,3.575247321120637,-0.5120946592677235,0.3420630967065638,-0.1781059359739347
qwen-3.5-flash,2,f717f5,desktop,48,-0.0523533787959892,0.1840585834656224,2.335745834554786,-0.1992348397409949,0.4685397982793371,-0.1679157037542612
qwen-3.5-flash,3,f657ff,mobile,31,0.0288311887021205,0.2206832208242213,3.612957210935633,-0.0594669771269663,0.5414455478577189,-0.0442166284097897
qwen-3.5-flash,3,f6bc62,poster,62,0.1442223077270828,0.1789582803289802,2.698175291834472,0.533099521771995,0.6307200888411231,0.2257114627134637
qwen-3.5-flash,2,f7435d,desktop,88,0.0320467968520687,0.1394185210247084,4.096242446547288,0.036528948723465,0.6568197861157542,0.0550872807232017
qwen-3.5-flash,1,f7344c,web,47,0.083109888470889,0.1321308147791296,2.6060602726905477,0.4363773997952065,0.6857958911098894,0.0169802699852495
qwen-3.5-flash,2,f7344c,web,47,0.071682391549573,0.1293330793241968,2.6035595088725905,0.359353689343011,0.6777127251767985,-0.0043573250205164
qwen-3.5-flash,3,f7344c,web,46,0.0364694560008776,0.1121116595384389,2.9009603742368353,0.2690575072380252,0.6347280263079987,-0.0079253177400034
qwen-3.5-flash,1,f7435d,desktop,52,0.4407073323039608,0.3198504277389826,1.6863821969194397,1.4796973025165183,0.7644577683563003,0.3662849305969435
qwen-3.5-flash,3,f69be0,desktop,191,0.0050915601520117,0.1812877837898586,2.1400206966935738,0.0059395319664768,0.4601560951020518,-0.0358696114687512
qwen-3.5-flash,3,f7435d,desktop,51,0.2435258614363571,0.2633303582729871,3.1575636143333297,0.8094986870345953,0.7248017464882699,0.1498632274794661
qwen-3.5-flash,1,f7681d,desktop,45,-0.0323146333067024,0.2161386352967351,2.5542160378073584,-0.0384201232363741,0.5574472320993438,0.0525063335969738
qwen-3.5-flash,2,f7681d,desktop,34,-0.0307472195344285,0.2107058540158159,2.631858577953697,-0.0270498791483455,0.5710859211587442,0.0240470846342836
qwen-3.5-flash,1,f735e9,mobile,54,0.026567606496304,0.1885286742259821,3.8445991310731817,-0.027244820924075,0.6586295584392129,-0.1703177772393023
qwen-3.5-flash,2,f735e9,mobile,33,0.1119109480349119,0.2009399151263949,3.411934407653292,0.2403252981202947,0.6846171399776778,0.0619806766528773
qwen-3.5-flash,3,f735e9,mobile,15,0.0583923396249699,0.1824434625508239,5.459571850541169,0.0824055234079438,0.5508682723812842,-0.038577579527112
qwen-3.5-flash,3,f7681d,desktop,33,-0.0343961510632892,0.2079774609053351,2.596949011781009,-0.0403693842767294,0.5770607160143311,0.0317419324569979
qwen-3.5-flash,1,f76fca,desktop,47,0.184452557375577,0.2138543891007462,2.5124349938180637,0.9927932344545316,0.781012976770785,0.1372183731963351
qwen-3.5-flash,2,f76fca,desktop,48,0.1733889301408484,0.2073728154283741,2.5369677282960637,0.9372595553057456,0.7732682637942156,0.1295473333156583
qwen-3.5-flash,3,f76fca,desktop,47,0.1847351664139968,0.2132825603804305,2.4879105242268484,0.9964873147322512,0.7794694715559332,0.1376564424241045
qwen-3.5-flash,2,f757ac,mobile,52,0.1940176678454072,0.325972550941914,2.570319861514819,0.4769497355181248,0.6538923208540388,0.1932028074308249
qwen-3.5-flash,3,f757ac,mobile,30,0.4524886675439981,0.3775994202093456,2.91559921280923,0.8409915817566449,0.6400404295338141,0.427474806864088
qwen-3.5-flash,1,f757ac,mobile,51,0.4028788997031216,0.4396227477869776,1.6454741497628451,0.7554798630453351,0.6856878803019562,0.3410857038670715
qwen-3.5-flash,1,f7b72e,poster,51,0.3294699229064924,0.3187760988979118,2.7844054691312428,0.8441926876407302,0.6848953223876356,0.3107154088869145
qwen-3.5-flash,2,f7b72e,poster,65,0.0047227933752133,0.155092367119512,3.623990901807808,-0.0407809967325516,0.6084919512647438,0.0757231528394806
qwen-3.5-flash,3,f7b72e,poster,49,0.2849112793469942,0.2979253904328443,2.9513782605199226,0.8003996410488752,0.6683416281287918,0.2879665168158623
qwen-3.5-flash,1,f7ba1d,desktop,13,0.3162134949031912,0.2849158938738331,5.3147633201853886,1.142931343980162,0.6109164188167652,0.2530873237471416
qwen-3.5-flash,1,f7d1cb,poster,52,0.6938836159211781,0.504043453834686,1.6518668927536182,2.3708860654335964,0.7676680718683525,0.6618302991923812
qwen-3.5-flash,2,f7d1cb,poster,30,0.6942405631769174,0.4896112457832808,1.6650001308188842,2.4051315754172813,0.7709917112038273,0.6583878629794948
qwen-3.5-flash,3,f7d1cb,poster,51,0.482606305559892,0.3535253535197601,2.0870794036481435,1.577950632541568,0.741803172339648,0.4632235734533904
qwen-3.5-flash,2,f7ba1d,desktop,30,0.2512367133489791,0.2531431299343942,4.308658151352139,0.7965905932417121,0.6564668555278456,0.1880724472285557
qwen-3.5-flash,3,f7ba1d,desktop,54,0.0834895562768556,0.1631875678094811,4.637565865612631,0.2602398451924022,0.5754780686822556,0.0923267422761254
qwen-3.5-flash,1,f861f0,poster,52,0.0995725690690546,0.2149319563466952,5.610567550275051,0.3999406901690961,0.5698526777507097,0.0785250254591493
qwen-3.5-flash,2,f861f0,poster,52,0.0995725690690546,0.2149319563466952,5.610567550275051,0.3999406901690961,0.5698526777507097,0.0785250254591493
qwen-3.5-flash,3,f861f0,poster,51,0.0361019530004328,0.1537632129713472,7.144889432867962,0.1980904733188045,0.5689802075938616,0.0858068235569067
qwen-3.5-flash,1,f8d172,mobile,31,0.291816225439186,0.35474591784676,1.286787578852675,0.7498080641257222,0.6711976033101095,0.364650535798204
qwen-3.5-flash,2,f8d172,mobile,30,0.287971796645516,0.356536618883267,1.281354959791748,0.7330111760639236,0.6732616490805027,0.3534697229677955
qwen-3.5-flash,3,f8d172,mobile,30,0.3023247527878113,0.3602039618280391,1.2668892133580016,0.7701593062035361,0.6787297851521704,0.361256414379269
qwen-3.5-flash,1,f7c681,poster,30,0.2129406264090213,0.3348056277819684,4.451167211355204,0.3463113091603478,0.4894442109560358,0.0559605370453649
qwen-3.5-flash,1,f8d7fd,web,37,0.0341703403414459,0.166330230242941,3.624098324461742,0.0701534619744805,0.5362156429725264,-0.0409939159101516
qwen-3.5-flash,1,f84800,poster,30,0.0697821921420181,0.2637886205154461,3.840188081327847,0.3764516349394222,0.5546471873806035,0.1022118879376149
qwen-3.5-flash,2,f7c681,poster,30,0.1856282064876023,0.3405232902113718,4.171402077937378,0.2437078805296911,0.5121137330895511,0.0186818693065268
qwen-3.5-flash,3,f84800,poster,35,-0.1156917647933337,0.1949283789225192,4.26585931057321,-0.0010174744798978,0.4594970144378121,-0.0906333367371228
qwen-3.5-flash,2,f84800,poster,30,-0.0465569152558337,0.2272062388565414,3.873242189853177,0.2756324451470112,0.5114397298432201,-0.0582800070769399
qwen-3.5-flash,3,f7c681,poster,30,0.2042230040454186,0.316934214140404,4.568772190524937,0.3309191876090785,0.5119004180483488,0.0379275132029019
qwen-3.5-flash,2,f8d7fd,web,40,0.0394510305900168,0.1668788766301982,3.683216411923494,0.0677367060375082,0.5340590329326252,-0.0177735615010866
qwen-3.5-flash,3,f8d7fd,web,56,0.021311916853366,0.1617326354312174,3.7185467019476017,0.1136279079046193,0.5500519899789469,-0.031893260920635
qwen-3.5-flash,2,f961b1,web,33,0.0412942415283338,0.161447543509961,3.629143693553304,0.1254914376814223,0.6395522122487042,-4.9798350894093174e-05
qwen-3.5-flash,1,f961b1,web,37,0.1265511503830109,0.1921751796796813,3.687854597668615,0.3585845574100722,0.6330395918324804,0.086451379150652
qwen-3.5-flash,3,f961b1,web,44,0.1051255142634385,0.1760081240720964,3.8375999632154647,0.2916083531023174,0.6313190642899179,0.0730856800610932
qwen-3.5-flash,1,f8ecb9,mobile,37,0.2737396500221463,0.3525804648138826,2.138319128648652,0.7857180032927282,0.7584696031032474,0.2969291668564582
qwen-3.5-flash,3,f8ecb9,mobile,30,0.3057788117880792,0.3643823597381552,2.1185433831473297,0.8060432996886953,0.7587936578439389,0.3090835052481617
qwen-3.5-flash,3,f93751,poster,33,0.0023942633478377,0.0626275076100979,9.202299065677192,-0.0242965745987329,0.1195710522140105,0.0127027334249164
qwen-3.5-flash,1,f93751,poster,30,0.0061684925852324,0.0642748215588338,9.191405429825153,-0.0108502721730076,0.1200332829956188,0.014572058313458
qwen-3.5-flash,2,f8ecb9,mobile,30,0.2884355744888763,0.3383191163171946,2.163330770140968,0.9919191741647432,0.7339415453383862,0.2419056067768828
qwen-3.5-flash,2,f93751,poster,30,0.0101773687238721,0.0698240137853386,8.918243540387058,-0.0105640251410508,0.1884438908484251,0.0192176571567004
qwen-3.5-flash,3,f96a6e,mobile,52,0.2491395644429554,0.2666866992283787,3.686747179331467,0.7470510898002708,0.6719168495078108,0.1480823653158611
qwen-3.5-flash,2,f96a6e,mobile,49,0.1549938150868248,0.2298801112251216,3.4361565127192724,0.340079151076921,0.6407009363114687,0.1334450739012623
qwen-3.5-flash,1,f96a6e,mobile,30,0.2494938690682954,0.302116418654059,2.9634094415285426,0.5446158609542947,0.6865663094587946,0.1372167116241996
qwen-3.5-flash,1,f9e25e,desktop,30,0.2032262101360827,0.3627189210474244,1.42467125958671,0.3927938353717965,0.6162887210292654,-0.0725270236380387
qwen-3.5-flash,2,f9e25e,desktop,58,0.2373455139414091,0.3936998557271225,1.4191516322327062,0.4660870186055967,0.6609554562586377,-0.0415960286526729
qwen-3.5-flash,3,f9e25e,desktop,59,0.1381884466264592,0.3592218924293557,1.6413211268228602,0.2425260682328762,0.6061023660183081,-0.0605893149205192
qwen-3.5-flash,1,f9ae9f,mobile,15,0.062713220585456,0.1835419565823353,6.470713746668278,0.1316533007958766,0.276073527657213,-0.1315660253371879
qwen-3.5-flash,2,f9ae9f,mobile,30,0.105615259757487,0.2088132467698703,6.357195856119927,0.1733369248816989,0.2812258464125336,-0.061350992772396
qwen-3.5-flash,2,fa1827,desktop,30,0.5671341120007694,0.4215433152759716,2.2473745372434974,1.8144321885227477,0.7265939978170551,0.5496113175377026
qwen-3.5-flash,1,fa1827,desktop,49,0.6651262429121036,0.3795675978542564,1.3134811424682975,2.133436560791519,0.8041861938683055,0.6595294792257772
qwen-3.5-flash,1,f9b020,poster,32,0.3420804723730183,0.4044936451270705,2.0974037518624984,0.9561001561145408,0.7181259521993745,0.1035136129511644
qwen-3.5-flash,2,f9b020,poster,30,0.2617078274664038,0.3453924397438966,2.422835211754312,0.4893392707881631,0.6993985086513964,0.0671497903442728
qwen-3.5-flash,3,f9ae9f,mobile,35,0.0509726249555224,0.2206058857227096,4.005759321037943,0.1456345394631444,0.5241576308302246,-0.0004499526621659
qwen-3.5-flash,3,f9b020,poster,30,0.2387206542001904,0.3556252658945024,2.1024834653194486,0.431485521182105,0.7372912523744551,0.0078431729922109
qwen-3.5-flash,3,fa1827,desktop,31,0.4108119319498703,0.3563904635947298,2.4656050750672938,1.301982719248971,0.7151663886336722,0.3891869506214375
qwen-3.5-flash,1,faa31c,desktop,52,0.0608090052370921,0.2247886442898425,3.7447485032472008,0.2245366049603888,0.6173747236570413,-0.0445909330345891
qwen-3.5-flash,1,f9fed0,poster,42,-0.0996132213553123,0.0934516622796861,5.916475747387015,-0.1926538655498476,0.3752798709576548,-0.1531537478379652
qwen-3.5-flash,2,faa31c,desktop,49,0.1087924395450887,0.2081213035175473,2.1925541260454007,0.3681019847173385,0.6801245665043569,0.13943279486773
qwen-3.5-flash,3,faa31c,desktop,50,0.1230062171377576,0.2066638430689678,2.289796863617814,0.5122189033663062,0.669179925840122,-0.0167698493371639
qwen-3.5-flash,1,faab85,desktop,53,0.2113058950113981,0.3261021586158799,1.464797436431175,0.6514169727846152,0.812287502523504,0.1058353004138994
qwen-3.5-flash,2,faab85,desktop,60,0.351904652858879,0.3648996130460953,1.2286563151993044,0.9598673494490132,0.8058040887914412,0.2344596677568238
qwen-3.5-flash,2,f9fed0,poster,34,-0.0862407737973327,0.0943679436686601,6.047286798128744,-0.1716371914587798,0.395449221887757,-0.057503982299181
qwen-3.5-flash,3,f9fed0,poster,19,-0.0983475785256698,0.0633601126986734,7.634151150286369,-0.4069816750084707,0.2427418172971779,-0.13255727360416
qwen-3.5-flash,3,faab85,desktop,55,0.4340677264837608,0.4041307746986503,1.1817398705715347,1.382206181177784,0.8201635239953451,0.3165742612862683
qwen-3.5-flash,1,fafbcc,desktop,50,0.0577141290691901,0.1859546482630734,2.785409749833587,0.0712196162516926,0.6190742656656187,-0.0655992299433234
qwen-3.5-flash,2,fafbcc,desktop,31,0.1469861640171753,0.2344375472760806,2.431341787382929,0.3701897066604466,0.6662815489834358,-0.0144905740980241
qwen-3.5-flash,3,fafbcc,desktop,50,0.0684038013330689,0.190494291795511,2.6715272986380496,0.1149506921761585,0.6424977224735019,-0.0359185247795548
qwen-3.5-flash,1,fac314,poster,30,0.1482325852529415,0.2155420739642787,6.735231964350637,0.1347607384080594,0.3230640861076049,0.1807610689811217
qwen-3.5-flash,2,fac314,poster,50,0.0391706646495811,0.175733697872885,6.610332836313515,-0.0657526120691968,0.2975681323818937,0.1184889099776667
qwen-3.5-flash,2,fb0956,web,38,-0.031605768597066,0.1128541224440231,4.580628474006784,-0.2980571569099645,0.4212500437815299,-0.086064617031294
qwen-3.5-flash,1,fb0956,web,34,-0.019448590615312,0.1201188067295673,4.462623469889088,-0.2409070970049849,0.446637908937847,-0.0944661380735711
qwen-3.5-flash,3,fb0956,web,35,-0.0098607732424432,0.1260684898888143,4.285982963250889,-0.2163804832125985,0.4667057946657039,-0.0968573519724441
qwen-3.5-flash,3,fac314,poster,31,0.138070200831979,0.2108654214122403,6.760319706412326,0.1050032073842094,0.3173663488437347,0.1767762460942097
qwen-3.5-flash,1,fb2cd4,mobile,30,-0.0264676179407202,0.171694380517649,5.768348606263495,0.2209000380433253,0.4237806502175522,-0.0537689163057725
qwen-3.5-flash,2,fb2cd4,mobile,30,0.0153327154602058,0.1806253590000208,6.026767108942669,0.2030390453690177,0.3929909195443548,-0.0448828335002446
qwen-3.5-flash,1,fb3c20,mobile,19,-0.0258151742022126,0.1355200410491425,6.507401480325372,-0.3232265209009929,0.3298830939120925,-0.0476377472739339
qwen-3.5-flash,3,fb2cd4,mobile,31,0.1535279587301508,0.2766341700009026,2.8733119455003915,0.5184726095583466,0.6450812866731052,0.0783266564287231
qwen-3.5-flash,2,fb3c20,mobile,19,-0.0233850694874475,0.1358128157382301,6.609013690346811,-0.3156465563174095,0.3267865557467244,-0.0371743561787503
qwen-3.5-flash,3,fb3c20,mobile,30,0.0456841369419081,0.201430930902605,3.792541363615333,-0.128160951274212,0.6037920587115237,-0.0149558007724687
qwen-3.5-flash,1,fb6dd3,web,40,0.2173854054471486,0.2817741130807327,1.6318124891511556,0.6564931933232179,0.7150970134820962,0.1299756449203423
qwen-3.5-flash,2,fb692e,mobile,30,0.0199882146743688,0.2718617657189677,3.6061170386470422,-0.0152307129186657,0.5368959396514761,0.0066491784204586
qwen-3.5-flash,3,fb692e,mobile,30,0.0271433718430881,0.2752096353458312,3.584818938392953,0.0003870443514478,0.5391116068063457,0.0117277283411635
qwen-3.5-flash,1,fb692e,mobile,53,0.002113655375239,0.2715045857132955,3.4965627390868517,0.0494381590941473,0.5553698921449303,-0.0199391058037425
qwen-3.5-flash,2,fb6dd3,web,41,0.2041281978920703,0.278016204280744,1.657132003693667,0.6146162408850635,0.7072558658674759,0.1169632351447123
qwen-3.5-flash,3,fb6dd3,web,40,0.1186731691023259,0.2336783052432997,2.0749533241527653,0.2336745975069606,0.5898360697007452,0.0319802606202862
qwen-3.5-flash,1,fbd704,desktop,67,0.5139125619797553,0.4458653151567552,1.2239705865163888,1.3488107510604288,0.8241005724380122,0.4320734330797854
qwen-3.5-flash,1,fb8701,desktop,49,0.5923617175668309,0.514914706487909,1.725846015923739,1.2573964546984435,0.71971874906766,0.3952985646415287
qwen-3.5-flash,2,fbd704,desktop,47,0.4536250425263043,0.4196055782185612,1.365737453554796,1.2093303310921169,0.8152053217222845,0.3768794181217895
qwen-3.5-flash,2,fb8701,desktop,58,0.5767057700167728,0.5058492521268904,1.8498997583476635,1.2237966508421283,0.7176300433107582,0.3871421164959752
qwen-3.5-flash,3,fbd704,desktop,31,0.488711950134248,0.4372162516918559,1.2323485596253982,1.2814767677977696,0.819622610244113,0.4122026029478724
qwen-3.5-flash,1,fba6ed,desktop,62,-0.1653547083152352,0.1590683423842869,4.0718889080872165,-0.4363249397178245,0.3873085700425517,-0.0770861324186836
qwen-3.5-flash,3,fb8701,desktop,49,0.5928867495779044,0.5188948168131292,1.749842061852026,1.2591742898375964,0.7186830795098778,0.3944955930650793
qwen-3.5-flash,2,fba6ed,desktop,31,-0.0852646460107496,0.1545450472685744,4.225206330307449,-0.2365157211801829,0.4840970809399931,-0.0660496679866493
qwen-3.5-flash,1,fc4494,mobile,30,0.2226528419601397,0.3512549698773852,1.3458120414622032,0.5715559325389069,0.6888095107983024,0.1451589806240174
qwen-3.5-flash,3,fba6ed,desktop,36,-0.1460804943842853,0.1229991725624297,4.3691484640998866,-0.426854764258669,0.3692192394070391,-0.0764628189768673
qwen-3.5-flash,2,fc4494,mobile,49,0.4749360550081301,0.4482034442825067,0.9851554308996407,1.141422481603774,0.7938163396760627,0.3520790324235036
qwen-3.5-flash,3,fc4494,mobile,31,0.3857728859050652,0.4435479072254424,1.1076097686049249,0.8896441100603553,0.7549224838863358,0.268408037796255
qwen-3.5-flash,1,fc7118,mobile,30,0.1395969395759536,0.2479321120656168,2.457554473550201,0.3545600842700017,0.6099249554070998,0.13857375602527
qwen-3.5-flash,2,fc7118,mobile,28,0.1079595540485932,0.2128637356268239,2.6811591291229746,0.2343120596078524,0.5983600785605114,0.1710497028722714
qwen-3.5-flash,3,fc7118,mobile,29,0.1781460383765231,0.2716876703166854,2.3048577332652385,0.4437959047309792,0.6468644359407967,0.1577345241143861
qwen-3.5-flash,1,fc9315,poster,70,0.2114834924388749,0.2833542990666106,2.5128356986518545,0.5025551801042905,0.6317606770138889,0.2043242091228308
qwen-3.5-flash,2,fc8a69,web,49,0.0956606734069596,0.2310993710643628,3.1056404916054037,0.3704139526001053,0.633891122261843,0.1078078968281856
qwen-3.5-flash,2,fc9315,poster,37,0.338644745850953,0.3382450789294077,1.921526239071474,0.7967133022451661,0.6908991387858292,0.302383318274219
qwen-3.5-flash,1,fc8a69,web,35,0.1383134188739746,0.2524422090253124,3.026576421506721,0.4710511009695377,0.6636415539643755,0.0965819605849612
qwen-3.5-flash,3,fc8a69,web,49,0.1791179982906885,0.291862903698955,3.091358933912654,0.5741838202779849,0.6672511117276775,0.1231674347257914
qwen-3.5-flash,3,fc9315,poster,49,0.2636004669067557,0.3213265294962363,1.4995302468227665,0.6775823030251802,0.7246465130402251,0.2904710638993425
qwen-3.5-flash,1,fc70db,mobile,51,0.3730217724271926,0.3280942248314945,3.733974839130165,1.0343104239437158,0.5081381583664304,0.3382248576612095
qwen-3.5-flash,1,fcac91,desktop,55,0.2360457931095805,0.2305151708783009,2.540371112993948,1.0403186671162294,0.7997731058051616,0.2405968366636032
qwen-3.5-flash,1,fcb925,desktop,106,0.370380445095265,0.2753676002993157,1.8461534543728344,1.3014552626146012,0.7707632476661618,0.2691270220121916
qwen-3.5-flash,3,fcac91,desktop,51,0.1152856410567035,0.1641673251494148,3.1453972690117724,0.431566227790558,0.7212216582180787,0.132990584079572
qwen-3.5-flash,2,fcac91,desktop,31,0.1027552498385725,0.1794151061136716,2.7135264057097266,0.4473529502380921,0.794569275696334,0.0869131808016419
qwen-3.5-flash,2,fcb925,desktop,52,0.4171904364954378,0.2903792001178674,1.8160916420894548,1.6125393712213834,0.7905306130604164,0.3400855428950188
qwen-3.5-flash,3,fcb925,desktop,52,0.3176691526519783,0.2339887119648982,1.8480635674539152,1.1390311341646042,0.7261242648893073,0.2319770841063565
qwen-3.5-flash,2,fc70db,mobile,35,0.2558279880423844,0.2085378859039798,3.702462513244069,0.5225084221221595,0.4705178382011863,0.2854004465174278
qwen-3.5-flash,3,fc70db,mobile,36,0.414642168856584,0.2713239130568787,3.230238228867556,0.8271572232669463,0.5384081988084695,0.4381733250318135
qwen-3.5-flash,1,fd0093,desktop,30,0.0589671190323797,0.119019694547784,7.888431463930544,0.0104446181830821,0.3098516489666931,-0.0408485570778757
qwen-3.5-flash,2,fd0093,desktop,30,0.0589671190323797,0.119019694547784,7.888431463930544,0.0104446181830821,0.3098516720261921,-0.0408485570778757
qwen-3.5-flash,3,fd0093,desktop,50,0.0938445556322566,0.1755668918421588,7.973064635038257,0.3252346827971966,0.4536935376964661,0.134681472890959
qwen-3.5-flash,2,fd395b,poster,30,0.0793730682234943,0.3120153255841734,1.6222396204699807,0.2752698952257154,0.5909554952403162,0.092675170099323
qwen-3.5-flash,1,fd395b,poster,30,-0.0148957046078882,0.2747529651836809,1.7786971147359616,-0.0167116154354703,0.5257697095772461,-0.0344715192207279
qwen-3.5-flash,3,fd395b,poster,50,0.1041031132376321,0.3240942503552521,1.7600886649462115,0.2998933077399737,0.5997555288901364,0.0832026322067057
qwen-3.5-flash,1,fd129e,web,33,-0.0500875466535226,0.1509156388862151,3.191656655819197,-0.3168062202946872,0.44684055936889,-0.0027992098436443
qwen-3.5-flash,2,fd129e,web,34,-0.070390453584953,0.1439986854244497,3.408405065084482,-0.3201920638003571,0.4276988155304563,0.0126739131329218
qwen-3.5-flash,3,fd129e,web,50,-0.0990787661175229,0.1440102640904559,3.864993809893937,-0.3828978015280419,0.3771040684842432,-0.1034948832365869
qwen-3.5-flash,1,fd7302,poster,55,-0.0350041754706897,0.1859224928325898,2.9994742512999912,0.0545063420687985,0.5150567658665022,0.0317277184720269
qwen-3.5-flash,2,fd7302,poster,50,-0.0003718532182387,0.1543695021389942,2.317217803058516,-0.089495963314077,0.491778600667338,-0.0490168917731962
qwen-3.5-flash,3,fd7302,poster,52,0.0587606770151834,0.2165234422730605,2.6140498358615063,0.3466653008543459,0.587698342041372,0.1485615938638969
qwen-3.5-flash,1,fd0d5c,mobile,32,-0.0537967749670965,0.1573949807666664,6.038961971668909,0.0187317509363785,0.3874347396803647,-0.0157240927669884
qwen-3.5-flash,2,fd0d5c,mobile,31,-0.0313070401703683,0.1743373280697919,5.063804074986394,-0.0644913971904343,0.5104617014603304,-0.0547588455270848
qwen-3.5-flash,3,fd0d5c,mobile,30,-0.0253263006633993,0.1750521582583127,5.779503494005635,0.0860413220118384,0.468417697996147,-0.0281728481159368
qwen-3.5-flash,1,fdafcb,desktop,51,0.282934582040819,0.2949456188409176,2.6735979014697913,0.7064408019321508,0.7391320739355686,0.2539343136943552
qwen-3.5-flash,1,fd4c35,mobile,31,0.1312934199299794,0.2461804334006979,3.880394543445654,0.3932281024822865,0.6617796044359526,0.0916336995974178
qwen-3.5-flash,2,fdafcb,desktop,31,0.370608763159681,0.3090775088992017,2.2265038174746588,0.9402686876093772,0.7142993601036217,0.329776242199065
qwen-3.5-flash,2,fd4c35,mobile,30,0.1967148976035514,0.2929345560543725,2.850651788634941,0.6052668209725994,0.6959960150059775,0.0977055744013402
qwen-3.5-flash,3,fdafcb,desktop,30,0.3885458253802323,0.3436619269984525,1.7248177345014126,1.0120423837251902,0.7410178023093988,0.3598446932633419
qwen-3.5-flash,3,fd4c35,mobile,30,0.1499384134064817,0.2593477430144721,3.194134567716799,0.6385878410073661,0.6746115576785734,0.0796843534100154
qwen-3.5-flash,1,fd7c30,mobile,30,0.3215233228895692,0.3208169739082455,3.394628101803577,0.9105040975982,0.5526877715982245,0.379295044727837
qwen-3.5-flash,2,fd7c30,mobile,30,0.3075523723260238,0.3305447321180245,3.028102865292576,0.996036382790353,0.6690125266951898,0.3110743729186995
qwen-3.5-flash,3,fd7c30,mobile,30,0.3087106239199679,0.3261984897753147,3.0793650056051396,0.9203665775388996,0.6429075655024377,0.3221605088972401
qwen-3.5-flash,2,fdc3d7,web,38,0.3488262257476971,0.2152288570046513,2.0127596083512014,1.1947638051853624,0.6950521070305321,0.1875796188047348
qwen-3.5-flash,1,fdc3d7,web,40,0.3469737195991091,0.216407471733614,1.9891327825845493,1.1804731236087451,0.6990969275469547,0.2051208442978661
qwen-3.5-flash,3,fdc3d7,web,36,0.4518090731859872,0.2653689347038774,1.6208716917458852,1.5749175648612377,0.802511856440764,0.3086968782732384
qwen-3.5-flash,1,fdda92,desktop,51,0.0161233192381291,0.1716149282164884,2.535913859463923,-0.0058277372522552,0.5084852346988336,0.0763965017199606
qwen-3.5-flash,3,fdda92,desktop,50,0.0036473782550817,0.1591400732398974,3.4213255423527937,0.0775390459974181,0.5363175234174229,0.1056452213936039
qwen-3.5-flash,2,fe0708,web,62,0.0156666785260214,0.18035841609528,3.410688319344062,-0.0520778190750017,0.5599190889413268,-0.0356821016597765
qwen-3.5-flash,2,fdda92,desktop,48,0.128410964891896,0.2019696196478821,2.7822923640725223,0.4582775895810329,0.5783789100698884,0.2064604176530065
qwen-3.5-flash,1,fe0708,web,57,0.0099778723506906,0.1788597800742058,3.3064110308677064,-0.0625201105627668,0.5578995153952885,-0.031122498510942
qwen-3.5-flash,3,fe0708,web,52,0.0264824231561632,0.1882837568779528,3.2171238999487817,-0.0208980255251653,0.5752659349258071,-0.0291117340442287
qwen-3.5-flash,1,fdba74,desktop,33,0.5738107797553407,0.4182241294416723,2.3366510977052517,2.048291889378544,0.7579170529119229,0.4660777281822575
qwen-3.5-flash,3,fdba74,desktop,34,0.5770211104979509,0.4352145576309658,2.2036147930889527,1.966128335814621,0.828520743945094,0.4655880548973833
qwen-3.5-flash,2,fdba74,desktop,45,0.5831263940840082,0.4310361440983569,2.2950179489714877,1.9769863529735372,0.8236530934752714,0.4827629945255206
qwen-3.5-flash,1,fe14d6,web,53,-0.0209163671034182,0.1475848799606275,3.6094575695018385,0.0244383646556732,0.4983447924736039,0.068210605035243
qwen-3.5-flash,2,fe14d6,web,46,-0.0865447353428845,0.1237985619771025,6.327221321145915,-0.1669646816812552,0.3666088069578609,-0.0106396914224522
qwen-3.5-flash,3,fe14d6,web,47,0.0063490791038366,0.134414812283964,3.4298828095384577,0.0993695250903972,0.5234417175568657,0.0912927186054467
qwen-3.5-flash,2,fe430b,mobile,30,0.1251334494202992,0.2262787116962847,3.6060057787068938,0.2551514414706591,0.6229650495743759,0.1090710757288267
qwen-3.5-flash,1,fe430b,mobile,28,0.0681620534420321,0.1921355600433839,3.953292749710419,0.1635079872285459,0.5940240230774867,0.0682808480807153
qwen-3.5-flash,3,fe430b,mobile,28,0.1053208629979489,0.2075742002136286,3.742966148659448,0.2346776701514756,0.6213121883321678,0.0916913736855056
qwen-3.5-flash,1,fe5ed4,mobile,53,0.1478367612829954,0.2546209520391448,4.064256937977727,-0.052121524770995,0.445498984364393,0.141584109983571
qwen-3.5-flash,2,fe5ed4,mobile,52,0.1060483940798814,0.2140390394271025,4.63445340140152,-0.1016175803425243,0.509265019430157,0.0887325848031698
qwen-3.5-flash,2,fe670b,desktop,68,0.196332773881084,0.3337926328907513,2.204064020804207,0.5354545911773577,0.6807414397740016,0.0786038397675865
qwen-3.5-flash,1,fe670b,desktop,54,0.2065613022517991,0.2528957846662903,4.346450987857521,0.4127802826693162,0.4983623181780661,0.2661142758781133
qwen-3.5-flash,3,fe670b,desktop,51,0.1992943907236594,0.2870342666237255,4.076704772687208,0.4665496439261497,0.5658254534905917,0.2103979682835109
qwen-3.5-flash,3,fe5ed4,mobile,33,0.1107547809225887,0.2399882028593533,3.761662954936405,0.1371588555062024,0.5503697448385102,0.1599522212238982
qwen-3.5-flash,1,fe6876,web,28,0.1070717838750452,0.1726473476535268,3.1184890852051046,0.4284185716082496,0.6720932618046134,0.0762771447556106
qwen-3.5-flash,2,fe6876,web,30,0.1278327750967693,0.1786160817434892,2.9672994056962736,0.520149733470655,0.6642655266561575,0.0838164870442724
qwen-3.5-flash,3,fe6876,web,30,0.0591414776046767,0.1553630460363822,3.295770679079871,0.1871092769175251,0.6073956915708338,0.0145819530991546
qwen-3.5-flash,1,fec2d4,web,36,0.1758096096643102,0.2285535797699234,4.285111828302453,0.5405097537818745,0.5548015067106156,0.1886080595017328
qwen-3.5-flash,2,fec2d4,web,47,0.0446373578921599,0.1552766795150613,4.856700218878805,0.1237168030234341,0.4737608592345235,0.1279611017181696
qwen-3.5-flash,1,feec80,web,23,-0.0231733828837322,0.2277055216227254,3.192333820683522,-0.0372050938495577,0.5144952802684288,-0.0228816087698223
qwen-3.5-flash,1,fe8c5d,mobile,30,-0.0473323790161842,0.1439696383834914,6.866730811366404,-0.1001289664935604,0.3551316078652342,-0.1252933301308939
qwen-3.5-flash,3,fec2d4,web,42,0.1433176089266915,0.2110939203544519,4.376905350327616,0.4424969044753748,0.5280044504386414,0.1825907738873835
qwen-3.5-flash,3,fe8c5d,mobile,33,0.0464920584571681,0.2003311207013804,4.052175580902361,0.2061769128070739,0.6726103255130671,-0.0867923592927806
qwen-3.5-flash,2,fe8c5d,mobile,30,-0.066683734567099,0.1240427042205738,7.314254660175362,-0.1449217526155096,0.3320613513583129,-0.1471121825063218
qwen-3.5-flash,2,feec80,web,31,-0.0030785675537984,0.2522373056137675,2.25806730716526,-0.0188102563665199,0.5006268664575753,-0.0663129986320283
qwen-3.5-flash,3,feec80,web,30,0.0296379391354913,0.2590505932285472,2.531478511422205,0.1202327301737658,0.528334393805088,-0.098093207640869
qwen-3.5-flash,1,fefe30,web,40,0.1600157772875159,0.2008489322393833,2.2976204168862404,0.5521378288827907,0.6851247206495075,0.056661866093137
qwen-3.5-flash,3,fefe30,web,40,0.214306780280265,0.2075612609362771,2.284870129860246,0.7823297177469113,0.7038494537401546,0.1175137784519254
qwen-3.5-flash,1,ff561b,desktop,29,0.0046405697903908,0.174936092139683,3.802260169972015,0.0190517013071619,0.4962364580779907,0.0378907574117185
qwen-3.5-flash,2,fefe30,web,33,0.2274739384353184,0.2136803609972872,2.295758142697375,0.8222756513737317,0.7002624312389588,0.0760451480873286
qwen-3.5-flash,2,ff561b,desktop,35,0.0234090770015393,0.1966459095835525,3.727956490133896,0.076796128343424,0.5000290658002389,0.0893043350636069
qwen-3.5-flash,3,ff561b,desktop,33,0.0199978325952879,0.1855246475760767,3.66487502226951,0.0856805376391326,0.5056875258348812,0.0514618058274997
qwen-3.5-flash,2,ff6a33,web,42,0.2476949011933403,0.2911529313405021,2.3154194091830655,0.7122808849165252,0.780348747426028,0.2185862848909495
qwen-3.5-flash,1,ff6a33,web,54,0.2183410613724293,0.2390130731366156,1.987096271137292,0.5071587754836064,0.6936619762156431,0.1809232003884917
qwen-3.5-flash,3,ff6a33,web,36,0.3152121815737136,0.3220399558827433,2.0955301982182517,0.869492836975751,0.78790768992905,0.2131871000587087
qwen-3.5-flash,1,ffad21,desktop,51,0.0361173662176481,0.1781910878223452,2.4940845198015196,0.1831325007087785,0.5959328518659982,0.0611975105383408
qwen-3.5-flash,2,ffad21,desktop,46,0.0577115051857234,0.1993936320775505,2.265009123985267,0.2369956101124193,0.6098455465065447,0.1018229466416238
qwen-3.5-flash,3,ffad21,desktop,47,-0.000264320077768,0.1843843409452759,2.5491694507041083,0.0686956206859624,0.5489512053746252,0.0601699283140948
qwen-3.5-flash,1,ff7d76,mobile,30,0.1453435467364895,0.2732420144924666,4.265502050301226,0.4117595572205988,0.600469259714394,0.0316231934605308
qwen-3.5-flash,2,ff7d76,mobile,32,0.0619704329193121,0.2214798680319033,4.590912915792915,0.3151034591051102,0.5922764060707855,-0.0246801131045204
qwen-3.5-flash,3,ff7d76,mobile,30,0.0408134587006662,0.1985528761064866,4.83487599770751,0.2056365198633872,0.6043163527520308,-0.0306557658381482
qwen-3.5-flash,1,ffb688,web,36,-0.1059175777656063,0.1042313621083757,6.421727003691525,-0.3060919941848647,0.3380631408735696,-0.1082018693236658
qwen-3.5-flash,2,ffb688,web,36,-0.0990491426939755,0.1068877628437129,6.403276223212372,-0.2922493115801182,0.3429357037115813,-0.0982672432998192
qwen-3.5-flash,2,ffd262,web,45,0.0430905290738522,0.2296318110972737,2.740550517039223,0.1592434762212556,0.5033841104351348,-0.0593090135715012
qwen-3.5-flash,1,ffd262,web,45,0.0304479402968106,0.2246089396958587,2.7548450516334064,0.0964515180005541,0.4844945866348363,-0.0681248957771355
qwen-3.5-flash,3,ffb688,web,36,-0.1058380283875698,0.105417011941123,6.422215814808634,-0.3164666837121619,0.3360979413612361,-0.096592885691042
qwen-3.5-flash,3,ffd262,web,48,0.0422264481426115,0.2268255320392264,2.83325869094875,0.1297481930764412,0.49981462920093,-0.0635224740980789
qwen-3.5-flash,1,ffdc28,desktop,30,0.1910307071063853,0.2559438628780056,4.7014874273634035,0.6849933568076543,0.5736119930348221,0.2044249247343587
qwen-3.5-flash,2,ffdc28,desktop,56,0.2377098238745832,0.2947808551557635,4.408888516408567,0.8886338671043159,0.59238636212183,0.245432943495596
qwen-3.5-flash,2,ffde86,mobile,63,0.4027081119370204,0.3455783443156982,1.315629972152553,1.2997095339928402,0.7820051051532101,0.3770676879291609
qwen-3.5-flash,1,ffde86,mobile,30,0.267002806479952,0.3066155069113518,1.4538822336568993,0.8632612255884019,0.7347911373955616,0.2500945344273325
qwen-3.5-flash,2,fe193f,poster,83,-0.0402173886849027,0.1444262064410147,5.4523855799321925,-0.1129604278362995,0.334368111382887,-0.0289946641942039
qwen-3.5-flash,3,ffdc28,desktop,56,0.1512058424420085,0.2391426934406457,4.803257531409676,0.5511392378890447,0.5580718455119722,0.1746761498409638
qwen-3.5-flash,1,fff715,poster,30,0.1451497089806256,0.2242657729790897,2.042142839680163,0.4399708745120016,0.6155709881117313,0.1785932587529143
qwen-3.5-flash,3,ffde86,mobile,30,0.2118972706380571,0.2665835266762643,1.8499707538259385,0.604655797961445,0.6349113220889504,0.1857390705871697
qwen-3.5-flash,2,fff715,poster,54,0.1036418446929875,0.2121306197988781,2.014373959108072,0.3207192755990161,0.6258391095741278,0.138145189282604
qwen-3.5-flash,1,fe193f,poster,66,-0.0177657603380956,0.1410169069275366,5.68619100571383,-0.1706748569474826,0.3617457870143775,-0.0130467525587237
qwen-3.5-flash,3,fff715,poster,50,-0.0515703801973164,0.1431886607944524,2.6387352466603384,-0.1449398167053942,0.5368600303476829,0.0677412585251429
qwen-3.5-flash,3,fe193f,poster,83,-0.068040181311058,0.1292678434041163,6.112051887262359,-0.356225407938799,0.2625925099049661,-0.0625156693202199
