model,CC_mean_mean,CC_mean_std,SIM_mean_mean,SIM_mean_std,KL_mean_mean,KL_mean_std
gpt-5.4-mini,0.24806193923269806,0.14040536186777428,0.3553138259421974,0.08112495917851476,1.9248249530010344,0.841842716671037
qwen-3.5-plus,0.35423266054118346,0.16757789361192454,0.4092455345360538,0.08392229094498474,1.5483251008582595,0.6068940570970344
