model,CC_mean_mean,CC_mean_std,SIM_mean_mean,SIM_mean_std,KL_mean_mean,KL_mean_std
gpt-5.4-mini,0.2479618501466605,0.14027314466271934,0.35527455652125217,0.0810860198292975,1.9251469002481454,0.8415192880281485
