model,CC_mean_mean,CC_mean_std,SIM_mean_mean,SIM_mean_std,KL_mean_mean,KL_mean_std
claude-sonnet-4.6,0.2201701066275181,0.18787540787982193,0.3350195379542235,0.11446301759808884,2.432447630531256,1.4772991713040604
gemini-3.1-flash-lite,0.10479231901152539,0.2222104197529018,0.1979393302053888,0.18421031314533046,6.080561055019894,3.9920984468526575
gpt-5.4-mini,0.24806193923269806,0.14040536186777428,0.3553138259421974,0.08112495917851476,1.9248249530010344,0.841842716671037
qwen-3.5-plus,0.35423266054118346,0.16757789361192454,0.4092455345360538,0.08392229094498474,1.5483251008582595,0.6068940570970344
