model,category,CC_mean_mean,CC_mean_std,SIM_mean_mean,SIM_mean_std,KL_mean_mean,KL_mean_std
gpt-5.4-mini,desktop,0.2930276383242684,0.15703494642601393,0.39085429887303846,0.05857525103107583,1.3811052867293416,0.3609151078012476
gpt-5.4-mini,mobile,0.18187613224896482,0.1340997597269463,0.33435715682160894,0.07869197681479043,2.56725322865386,0.9883086985816913
gpt-5.4-mini,poster,0.31998305524810033,0.11024811464552971,0.3907165548028006,0.07906101730258278,1.721608467490946,0.7290667952031467
gpt-5.4-mini,web,0.19696057476530834,0.12126419013111293,0.30517021558756063,0.08086698098652195,2.030620618118433,0.7646872946596676
