model,run,image_id,category,n_points,CC,SIM,KL,NSS,AUC,CC_partial
qwen-3.5-plus,1,00398c,poster,40,0.1790081733988622,0.5656052342735158,0.6826425559719643,0.2916185500527463,0.58680400021909,0.1171021817966782
qwen-3.5-plus,2,00398c,poster,48,0.2516310841656592,0.5586963170074728,0.7127680057110717,0.3842457766160776,0.6299514033436493,0.2028094410874556
qwen-3.5-plus,3,00398c,poster,40,0.3692136651018129,0.6047087635578567,0.5654655114478584,0.4965181273463092,0.6406196865754505,0.3419007032968689
qwen-3.5-plus,1,006450,mobile,27,0.1065729637205815,0.5151143014132027,1.2957624542704322,0.0925105992648954,0.5241462142433747,0.1192799042274796
qwen-3.5-plus,1,003eb9,desktop,48,0.5793679431250074,0.489944055565876,0.8152189955552248,1.3129235735382336,0.8112114501502952,0.5364543840491649
qwen-3.5-plus,3,003eb9,desktop,50,0.3287357583721375,0.4308089905615671,1.088939218051974,0.7751793864989421,0.7342712036342885,0.2449633643994321
qwen-3.5-plus,2,003eb9,desktop,38,0.6409078926987042,0.5255772896367991,0.7673326031805053,1.5373606371147372,0.8244752889842901,0.6026770790876426
qwen-3.5-plus,2,006450,mobile,45,0.2600927234999987,0.5981508202982254,0.6022020277472309,0.2562966300890689,0.5880036671089127,0.1322088306746781
qwen-3.5-plus,3,006450,mobile,44,0.0752672768009922,0.5467263545558649,0.8988813788545577,0.0149131286116301,0.5062532626582901,0.0249312375302324
qwen-3.5-plus,1,009d6b,desktop,50,0.3138017426297209,0.49757688902759,1.6330643531949485,0.5080513822594459,0.6370494568516826,0.29821354468978
qwen-3.5-plus,3,009085,web,48,0.140767059743943,0.3817579739621709,1.461512615086011,0.301336389049885,0.6848915591404334,0.1677892572744649
qwen-3.5-plus,1,009085,web,52,0.142270412996703,0.3828574292278097,1.488893468290572,0.2758452486327487,0.6758283689859581,0.1765603874171849
qwen-3.5-plus,1,005f83,poster,40,0.4443864926859768,0.5086619130790933,1.5737729946861363,0.7796229682378791,0.7578722359308278,0.4352133035116087
qwen-3.5-plus,3,009d6b,desktop,46,0.3452365955687057,0.5027818444875045,0.975091054103324,0.5072942685909259,0.6363913534431498,0.3969088268582331
qwen-3.5-plus,2,009085,web,47,0.1555591393479643,0.4055426524943057,1.3734572443666162,0.3353719561882902,0.7082127641748464,0.1928468733797192
qwen-3.5-plus,2,009d6b,desktop,49,0.3261748666760051,0.4762199038201281,0.9959213083594646,0.5460501400927673,0.6569864469064745,0.2583295761345832
qwen-3.5-plus,1,00b3a0,desktop,47,0.3063537250374313,0.4179226249558,1.4406235363482092,0.5474354096722568,0.70668245731257,0.2793638318705884
qwen-3.5-plus,2,00b3a0,desktop,39,0.0536103597616085,0.2949285131052989,2.619766004236794,0.0091403610173742,0.5612425983931573,0.0833704262946781
qwen-3.5-plus,1,00b8f8,desktop,49,0.1993507592345953,0.4315218880963796,1.0906542691417935,0.316176982973216,0.6445710585920491,0.1508439203292466
qwen-3.5-plus,3,00b3a0,desktop,40,0.3473967965014416,0.466207647326383,1.328740792396411,0.7727112417136137,0.7186213589170479,0.2896037485520621
qwen-3.5-plus,2,005f83,poster,41,0.4883171732745154,0.5493329838884284,1.466095784495042,0.8627157311148818,0.7541950620314937,0.4840759767816747
qwen-3.5-plus,2,00b8f8,desktop,35,0.4015092221911985,0.5107075942503874,0.8558422733695787,0.6925625875303426,0.726702867746947,0.3911101498009777
qwen-3.5-plus,3,005f83,poster,53,0.2572441966891476,0.4086539561129102,2.3160712671636143,0.4138852152950794,0.6771289090173707,0.2257687463389748
qwen-3.5-plus,3,00b8f8,desktop,40,0.2336541718666422,0.4602386548482748,0.9971009956525196,0.3657514447807184,0.6618019965042893,0.2163183427593964
qwen-3.5-plus,1,00d34f,mobile,53,0.66364222788512,0.6132480842613186,1.1159822532650931,1.656917043657238,0.7797873258967843,0.6423565151251245
qwen-3.5-plus,3,00d37d,mobile,46,0.1145528075626961,0.3616165017988865,2.4691776530546283,0.3140495235184335,0.5812772110474965,0.0636989102114109
qwen-3.5-plus,3,00d34f,mobile,30,0.1830241484117835,0.2653970521770863,2.733582160127828,0.5301994026997617,0.7044123006891722,0.0719047131901221
qwen-3.5-plus,2,00d34f,mobile,43,0.1502588490290552,0.295397547968937,2.1172705288923304,0.4231385742076332,0.6738706102341537,0.0308796821116652
qwen-3.5-plus,1,00f742,poster,48,0.5081384553980393,0.5914280095909277,0.563937047184971,0.6752287224154002,0.6968276967651095,0.5095780770979066
qwen-3.5-plus,2,00f742,poster,40,0.530205322656071,0.6263346941716886,0.5162893786644976,0.761782074923138,0.7227775345918412,0.5494171133009279
qwen-3.5-plus,1,00d37d,mobile,36,0.0502271762343814,0.3004658279897287,3.7049213159326415,0.1800252698557186,0.5229163785952747,0.1081483937214772
qwen-3.5-plus,3,00f742,poster,50,0.4555570149839674,0.5754252099195841,0.599259394639561,0.662076510968192,0.6974660841577157,0.4593111495416062
qwen-3.5-plus,2,00d37d,mobile,46,0.125247229588656,0.3382983232898057,3.0785966405611767,0.2603668912747265,0.574135367929612,0.1565927873381668
qwen-3.5-plus,2,00fcd9,mobile,49,0.4593313976349567,0.5258324590742726,0.7848460604109799,0.8246745538194393,0.7149602002656823,0.416342475744094
qwen-3.5-plus,1,00fcd9,mobile,43,0.4103647711161834,0.5085451495812928,0.7755333187159207,0.7163337494433509,0.7088829358127634,0.2898472217565527
qwen-3.5-plus,2,012baa,mobile,40,0.4876175846418387,0.7002809181297242,0.3921508430619056,0.6085056344529748,0.6735305377381668,0.545094218677308
qwen-3.5-plus,1,012baa,mobile,40,0.5012915058691413,0.7085401356274939,0.3629769996733093,0.6037780340037309,0.6742681372700464,0.5223434333308116
qwen-3.5-plus,3,012baa,mobile,38,0.5714428976370594,0.724822361417634,0.2888265982843581,0.57896455986046,0.6627124867830982,0.4758330193262913
qwen-3.5-plus,3,00fcd9,mobile,45,0.528427409796806,0.5569932746154902,0.6897686894778713,0.9441156585144952,0.7494874863000979,0.4530692695155
qwen-3.5-plus,1,013aca,poster,47,0.4713016961215218,0.5233420681326431,0.8084564618131286,0.9147028776336358,0.7549756454191676,0.4823422320119604
qwen-3.5-plus,3,013aca,poster,49,0.3638206625079233,0.4769029391707768,1.235174622233512,0.6817160617810116,0.6970941328221207,0.3688212177294167
qwen-3.5-plus,2,013aca,poster,40,0.4659978750786409,0.5265007490643365,0.7848250716262188,0.9464653920863708,0.7681786267201416,0.4587981000686238
qwen-3.5-plus,2,0136d8,desktop,50,0.1165352207886412,0.3731628893314747,1.9146784571572812,0.2103818691298401,0.580440131272819,0.1087348484971409
qwen-3.5-plus,1,0136d8,desktop,40,0.3703986162211985,0.5036404748110135,0.8596766747121996,0.6336786663787131,0.7084314328279295,0.3658418382117719
qwen-3.5-plus,3,0136d8,desktop,51,0.1975742595372132,0.4087056751895651,2.384936556149037,0.2646374311881124,0.5583746403061092,0.266146536594273
qwen-3.5-plus,1,014b22,web,57,0.6157776094315872,0.6200078025167179,0.4969488767826406,0.8641630631214308,0.7290447655598992,0.466155161935143
qwen-3.5-plus,2,014b22,web,41,0.4451167603832821,0.5431237556161914,0.6598101898098676,0.6014621728814499,0.6604719184581938,0.2314414654744623
qwen-3.5-plus,1,016f77,mobile,48,0.6169722246657885,0.6091712043787928,0.4967542457840411,0.9258780461912364,0.7494922725304962,0.5748669229291538
qwen-3.5-plus,2,016f77,mobile,41,0.5235579900380427,0.5425400315429866,0.711645710032448,0.6803967021605138,0.6717238125301377,0.5397065055792067
qwen-3.5-plus,3,016f77,mobile,40,0.6097025682888046,0.5811122501498169,0.6703239788715712,0.929303394392152,0.7215896326559854,0.643651371992944
qwen-3.5-plus,3,014b22,web,45,0.3655252935254194,0.5298688397170721,0.8176069726678725,0.5143699160454048,0.673904016467226,0.2595511770849226
qwen-3.5-plus,2,018c0a,poster,40,0.8489446890886183,0.7213897342917113,0.3342949451839859,1.6897169341176508,0.85725833132028,0.8342060894717446
qwen-3.5-plus,1,018c0a,poster,48,0.8362900312552333,0.7191513297273477,0.3562883908065152,1.658282161560363,0.8527131441056165,0.823041676490418
qwen-3.5-plus,3,018c0a,poster,40,0.8923938509172105,0.7502517256514811,0.2670440608824495,1.837477864258568,0.8656012737501071,0.8812000669608571
qwen-3.5-plus,1,0197c7,poster,50,0.5603756597648037,0.5698214355833524,0.5954660889676149,0.8388825927198357,0.7309842602807332,0.5578594144800523
qwen-3.5-plus,2,0197c7,poster,40,0.3040532664693387,0.5061559819685906,0.9052327259364704,0.4428613936177198,0.6415774354053849,0.2925849127183805
qwen-3.5-plus,3,0197c7,poster,43,0.546074004462733,0.5684447885344815,0.6398082607555592,0.8368694171830247,0.7263440149849174,0.5421589550167885
qwen-3.5-plus,1,01ca85,mobile,40,0.5415650573656399,0.6077597753387645,0.6840019812950081,0.8299703952808749,0.7661629747764386,0.4565681587851292
qwen-3.5-plus,2,01ca85,mobile,40,0.2960727634211761,0.5156619333899503,0.9117808535616876,0.4125592010678449,0.6281724885965837,0.0761543963268262
qwen-3.5-plus,1,0186f0,poster,50,0.4037092073661427,0.4508031263454418,3.4696364726680753,0.6027049070112899,0.594591821457474,0.435808175241382
qwen-3.5-plus,3,01ca85,mobile,46,0.5371421654311836,0.5922313551760103,0.6528342517886725,0.7703071003483347,0.7329718316417901,0.4036512872655392
qwen-3.5-plus,1,01d4b9,poster,44,0.1386578681726918,0.7085533321379467,0.32142314969434,0.079604882927706,0.5123620843879216,0.1170359037776862
qwen-3.5-plus,2,0186f0,poster,48,0.4655498637828856,0.3710467710834814,3.388764820157527,0.7628963158250984,0.6864498192730515,0.4614722210169962
qwen-3.5-plus,3,01d4b9,poster,35,0.1598980566726628,0.6957322061742707,0.429462869362297,0.139522364623146,0.5433927859759828,0.0701777096602844
qwen-3.5-plus,2,01d4b9,poster,50,0.1830024859231924,0.7222007242528162,0.2841212649473001,0.1365403968095083,0.5382969787928614,0.125011315223335
qwen-3.5-plus,3,0186f0,poster,49,0.4936146607016892,0.5634470639885181,0.9801999584307832,0.7500959299217728,0.7230484586772465,0.4864068515607601
qwen-3.5-plus,3,01e2cd,mobile,30,0.1292004754689251,0.3169341919366427,3.511622421957074,0.1277517243061237,0.5406471700768224,-0.0746569734555245
qwen-3.5-plus,1,020ba5,mobile,43,0.231350604361523,0.4450027227705249,2.1664056923167547,0.3505231292254627,0.5957997072233732,0.1041855443104789
qwen-3.5-plus,1,01e2cd,mobile,41,0.2095504915173907,0.4047100225973089,2.1734316000609253,0.3612696084911047,0.608764592317449,0.0390317596308655
qwen-3.5-plus,2,01e2cd,mobile,47,0.2326070140070164,0.3912343474191558,2.412340252400611,0.2836768487239759,0.6308005098178379,0.0633457958053625
qwen-3.5-plus,3,020ba5,mobile,38,0.3174106783202501,0.4524939979972256,2.415594344298306,0.5270285991286693,0.6522750498909491,0.1963177703193793
qwen-3.5-plus,2,020ba5,mobile,40,0.3458675650576636,0.4609791204669836,2.385371192155437,0.4499393454481132,0.6492593963408504,0.1341456091382993
qwen-3.5-plus,2,02622b,web,40,0.3815446240732144,0.4825098787143561,1.012186752528117,0.6130061327748716,0.678580097661856,0.3809262183495127
qwen-3.5-plus,1,02622b,web,33,0.125108755402298,0.3930468186541767,1.8990242317889316,0.1199632141231653,0.5592566460156928,0.1245370094272592
qwen-3.5-plus,3,02622b,web,31,0.1366558152051353,0.3624864639317091,2.038891239083054,0.1436994530245593,0.5579788051075982,0.135148194240185
qwen-3.5-plus,1,026a98,web,17,0.3566093586407689,0.4364040812275405,2.0446756243175015,0.5565519666236955,0.7008960628275602,0.2831574378835463
qwen-3.5-plus,3,026a98,web,40,0.4745098774864725,0.5507762705944793,0.9185975502187947,0.7613807287833485,0.7499616970018901,0.344411785009557
qwen-3.5-plus,2,026a98,web,40,0.2441362237298166,0.4535707208580147,1.2634918644271929,0.322841064830161,0.5961453237070484,0.0655816428806454
qwen-3.5-plus,1,026dd2,web,49,0.3429058239501268,0.4784302826029007,1.129335023293496,0.4334718567135213,0.6253344720335821,0.2559886130731678
qwen-3.5-plus,2,026dd2,web,43,0.3795877656533375,0.4867547323518928,1.1072326651702755,0.4933483368748093,0.6351102909720463,0.3276377924859355
qwen-3.5-plus,3,026dd2,web,48,0.2961976754259582,0.4564884841201292,1.4723999461534552,0.3956255471002892,0.5941924769743891,0.2634387874811071
qwen-3.5-plus,1,027990,poster,46,0.1517232702125446,0.5025658038197508,0.8384779070561709,0.2646586254741629,0.6019234907889449,0.1798928513373685
qwen-3.5-plus,2,027990,poster,50,0.1923606375981255,0.5094263925047435,0.903034129890447,0.2986065685476864,0.6101018273756166,0.1675025208284182
qwen-3.5-plus,3,027990,poster,49,0.3255298418215348,0.5834893041195042,0.6221048143661772,0.3884937091474644,0.5929382088302815,0.2654691023216662
qwen-3.5-plus,2,029a48,web,40,0.736804943866797,0.6883720079392864,0.6395273090304019,1.2455739694958137,0.8148121686236364,0.584065125348972
qwen-3.5-plus,1,029a48,web,30,0.4873358251623222,0.538240267811137,1.0171869624754315,0.7916922608618276,0.7230632948173038,0.2906063138755395
qwen-3.5-plus,3,029a48,web,44,0.7264912690660393,0.6793214468280258,0.6368935189355902,1.2359588448198175,0.8168481158598049,0.5611341171688131
qwen-3.5-plus,1,02f37c,mobile,40,0.5842151020490711,0.6203406597170161,0.4730057965532601,0.7268573586831305,0.7238153142197116,0.5891766543456657
qwen-3.5-plus,2,02f37c,mobile,45,0.6810586435601884,0.6815021217705698,0.4236988111886635,0.8528829850258578,0.7331132477928057,0.6724400750581185
qwen-3.5-plus,3,02f37c,mobile,33,0.6143377123013639,0.6489391435152809,0.584245635672631,0.7569180341421796,0.7073910844148665,0.6511511487753433
qwen-3.5-plus,1,030bb3,desktop,40,0.6546761309420437,0.5370564340858729,0.7261562151810087,1.2760552021404097,0.7901363606738904,0.6305585875926981
qwen-3.5-plus,2,030bb3,desktop,57,0.1582680015380521,0.3373800067953288,1.3869868978067232,0.3092530809638283,0.6039616136050457,0.0422402032295856
qwen-3.5-plus,3,030bb3,desktop,46,0.4781213667496844,0.4488406577375279,1.544215822558162,0.8686322668972936,0.6918471245430291,0.4454921765248919
qwen-3.5-plus,2,02a592,web,40,0.4251096941663639,0.4373899080777089,1.899771022264728,0.9760098036278846,0.7498397192577145,0.4363263056955861
qwen-3.5-plus,1,02a592,web,45,0.1011334530499008,0.3025603268598364,3.6934633098554936,0.1007606142409359,0.5284865545541751,0.0804219613181984
qwen-3.5-plus,3,02a592,web,51,0.0268186164083583,0.2847645473822951,4.506782224827329,0.0897931696442188,0.430504242380653,-0.0346204239171407
qwen-3.5-plus,1,03474c,desktop,39,0.4531524786378128,0.5914737329143696,0.7753832886056942,0.6475926139134457,0.6898253372460725,0.240949439885787
qwen-3.5-plus,2,03474c,desktop,48,0.2342385318482189,0.5011546788731731,1.005181864709443,0.3397544517148286,0.6009820222911438,0.1969380813897227
qwen-3.5-plus,1,03340d,mobile,33,0.1885107317398136,0.3393671947885303,2.944912336813843,0.2580836154712999,0.6140660990261396,0.046673210770714
qwen-3.5-plus,3,03474c,desktop,39,0.3790587589701688,0.5495271962043886,1.1065946586870303,0.5243624547070447,0.6463060829907014,0.2570845951486699
qwen-3.5-plus,1,035da4,mobile,41,0.2980265654740491,0.4266419521048094,1.236107814287671,0.5068468099576655,0.6308776189362675,0.1725912074717406
qwen-3.5-plus,2,035da4,mobile,42,-0.0541495194985736,0.3270812010241487,1.976261939445615,-0.0958304506265042,0.436610464477138,-0.088650902104511
qwen-3.5-plus,3,035da4,mobile,40,0.4365559487820635,0.4706438697604659,1.0100830112670784,0.8445639075003052,0.7057270320602614,0.371217263764601
qwen-3.5-plus,1,037d19,desktop,190,0.1531821183097295,0.4294520452148082,0.957614546688578,0.2699872402248972,0.5761967127581684,-0.0656793391449098
qwen-3.5-plus,2,037d19,desktop,45,0.5058108673961315,0.5483394586326157,0.650134554270577,0.7403792596060742,0.7178214798594345,0.4875997998451367
qwen-3.5-plus,3,03340d,mobile,49,0.1847316498312988,0.3722512546987827,2.9443798138876467,0.3185478698422367,0.6457896124368309,-0.002870329821916
qwen-3.5-plus,2,03340d,mobile,34,0.1646532855375221,0.3324394823185494,3.2620120645098014,0.2347845385840076,0.5532860437370989,-0.0166268600608804
qwen-3.5-plus,3,037d19,desktop,41,0.4928799430429847,0.5214535685901048,0.8033378415484197,0.7134082684549011,0.6725998435634205,0.4791257408630632
qwen-3.5-plus,1,038d71,desktop,40,0.6709373482088834,0.5913731702937531,0.6099028971548663,1.672388661875207,0.8787801581579028,0.6237963396392087
qwen-3.5-plus,2,038d71,desktop,46,0.5818626413479482,0.5265617102615084,0.9853162032522726,1.4611508455954474,0.8440764643807044,0.5251127991302414
qwen-3.5-plus,3,038d71,desktop,41,0.6198110710593063,0.5554913844262397,0.8535334987255566,1.5223248099316824,0.8647589718258734,0.5701236457797412
qwen-3.5-plus,1,042af0,web,40,0.1845174229911951,0.3604890079660049,1.9846405722288536,0.2576512902328694,0.6190975842143287,0.1306916789642284
qwen-3.5-plus,2,042af0,web,50,0.1452189161890357,0.3278372840282254,2.970360945954698,0.2843488094008002,0.5873052455667406,0.0336481112066415
qwen-3.5-plus,3,042af0,web,50,0.1090053919561725,0.3056191660217949,2.6222661452140006,0.2339651649145289,0.6139942747243224,0.0534069243234384
qwen-3.5-plus,2,039978,mobile,45,0.298216669470918,0.4447967108853243,2.3374372660311087,0.3922173856686207,0.6292182684697104,0.1881081074636167
qwen-3.5-plus,1,039978,mobile,48,0.2639380210886022,0.4971005698301647,1.5995345334738675,0.3595110043384449,0.6285631996172104,0.1714812281077515
qwen-3.5-plus,3,039978,mobile,50,0.079153201489357,0.2967905849119889,4.023573260334782,0.0588450568969684,0.548803945186922,0.0561311205126912
qwen-3.5-plus,1,045f81,desktop,29,0.2780477912794666,0.5165531395576783,1.406302895282723,0.40117602636124,0.6361713500263995,0.1404527801424968
qwen-3.5-plus,3,045f81,desktop,47,0.3780182316290561,0.5671050615261051,0.6581514211196938,0.6043839632200765,0.6815474742655556,0.3225160127356682
qwen-3.5-plus,2,045f81,desktop,40,0.3588699680487265,0.5622339008483723,0.6961315970319373,0.5840827001479751,0.6721303454426237,0.2780316460576735
qwen-3.5-plus,1,045d43,poster,31,0.3134177281719139,0.4230444936204195,1.8453679405544805,0.6264759561369388,0.7145197397500779,0.3018397589815538
qwen-3.5-plus,2,045d43,poster,50,0.6251428333326738,0.5732682937533456,1.3531139313966392,1.0729534455924798,0.78641400827656,0.6260576148692103
qwen-3.5-plus,3,045d43,poster,48,0.5015295898662748,0.5257098804469097,1.321471587380712,0.898295188209393,0.7716275500124937,0.4999508292923128
qwen-3.5-plus,1,0529f2,desktop,47,0.6460887810774633,0.588677159362752,0.6944705940172586,1.1304549719576344,0.7779550997537541,0.5708272817591703
qwen-3.5-plus,1,04741e,mobile,38,0.2271107494422817,0.4414549812617055,1.9085804151971255,0.4210692207216262,0.6216741213185869,0.2447050397793851
qwen-3.5-plus,2,0529f2,desktop,40,0.6027560353921209,0.5871470413122075,0.6292589641980031,1.0538098111012906,0.7743076874791149,0.4883615670393503
qwen-3.5-plus,2,04741e,mobile,38,0.2930667499183639,0.4894889745869741,1.492164721980689,0.3908891082585945,0.641603296724289,0.2830605816875258
qwen-3.5-plus,3,04741e,mobile,38,0.2574129619419878,0.4574488578183217,1.7299988409691338,0.4902556004894329,0.6373141781403464,0.2784379067454615
qwen-3.5-plus,3,0529f2,desktop,30,0.5503237353477035,0.5224334616798074,1.089011999502491,0.896774152321,0.7069738468329599,0.478230632788583
qwen-3.5-plus,1,056cfb,desktop,50,0.5454578743624584,0.5375550084776508,0.7153910213750319,1.2078282376938103,0.8086453111291422,0.4423269363029276
qwen-3.5-plus,3,056cfb,desktop,49,0.3569926047951668,0.4473040628350634,0.9503173405584386,0.8205156612393835,0.7475321758013301,0.3598337349901392
qwen-3.5-plus,2,056cfb,desktop,36,0.2949094039278848,0.4347102793804383,1.0400601965543608,0.690959967859865,0.7315959389845165,0.2216922551718773
qwen-3.5-plus,1,05890e,web,40,0.2615863475785058,0.4190520079539518,1.5782505474613444,0.4932033078778863,0.6379133458251329,0.2433266357119728
qwen-3.5-plus,2,05890e,web,40,0.6334853868455554,0.5676354110824708,1.038925294857216,1.2747105613006215,0.7864851133394084,0.6125323221244281
qwen-3.5-plus,3,05890e,web,48,0.4492271860451575,0.4739374071462344,1.215981532607486,0.9106884815978676,0.7330892376374318,0.4457151060957561
qwen-3.5-plus,1,05490b,mobile,34,0.1267179672541228,0.3182898438709141,3.203899947926069,0.3441459540925113,0.5932831397952119,0.0700102370575426
qwen-3.5-plus,3,05490b,mobile,36,-0.0083431089288839,0.297271845737544,3.3187438180750775,-0.161032455151915,0.4943354030442048,0.1143204831890234
qwen-3.5-plus,2,05490b,mobile,45,0.3773639800498068,0.4600729029993649,1.923795386295711,0.572364565217494,0.6595086660577645,0.4802250835499494
qwen-3.5-plus,1,05dac7,web,38,0.5830313697115255,0.5262656231325517,0.801554525029071,1.4118647799727742,0.8375589348488036,0.5519296167814622
qwen-3.5-plus,2,05dac7,web,40,0.6606447700007545,0.566140508416784,0.8020568623906564,1.523845161875669,0.8499819213877621,0.6476168478008167
qwen-3.5-plus,1,05a1ad,poster,46,0.2163928480206075,0.4798619041716661,1.5894226661102566,0.3220440343829363,0.5882411302570927,0.1360223627177704
qwen-3.5-plus,2,05a1ad,poster,45,0.2038493843502133,0.4164398767775896,2.807167283983801,0.3268121214642295,0.5450093187990526,0.1720681761556686
qwen-3.5-plus,3,05dac7,web,48,0.6788022303408877,0.5926149568632342,0.6602461814182417,1.6282008301567883,0.8670045771261086,0.6544309323737973
qwen-3.5-plus,1,05e980,poster,42,0.0806978499653564,0.5021552110825976,0.7908985525462411,0.1100793172809633,0.5661116060747171,0.0260309759048186
qwen-3.5-plus,2,05e980,poster,48,0.4192451401379019,0.6152347482174161,0.4702086342918593,0.5244972954407479,0.6531360100513051,0.2982431445048685
qwen-3.5-plus,3,05e980,poster,40,0.2727677868153166,0.5706140040797449,0.6956209164210728,0.3239100430595271,0.5936659352527223,0.3060240983771334
qwen-3.5-plus,3,05a1ad,poster,36,0.1825378742707528,0.4234402499327825,2.255518527235837,0.262885376016678,0.5517746164861084,0.1569106278052798
qwen-3.5-plus,1,06256f,web,43,0.2398052371366206,0.50693558476841,1.3591565881441636,0.3541747698016161,0.6256347247107593,0.3021744829442619
qwen-3.5-plus,2,06256f,web,50,0.3377797323186384,0.5165067410084392,1.2801773267482943,0.4069241299135523,0.6451824448682737,0.2621606753506028
qwen-3.5-plus,3,06256f,web,52,0.2183809121004603,0.4808797350528859,1.5090043047762416,0.2981532593178194,0.6262877930905802,0.2016565866158034
qwen-3.5-plus,1,0632d7,desktop,47,0.4352471135095469,0.5934825620198605,0.7297885752346548,0.6212961962166599,0.6776802887094658,0.4268066303726383
qwen-3.5-plus,1,0616a4,mobile,40,0.1546339651343011,0.3513646025322252,2.539495801749972,0.2333505976254296,0.603653628792809,0.1305782812798106
qwen-3.5-plus,2,0616a4,mobile,35,0.14543872696452,0.3341324839394892,2.879706775773355,0.2392954117319577,0.5904381771327337,0.0890934496241615
qwen-3.5-plus,2,0632d7,desktop,46,0.5839066437865259,0.6389689137107419,0.6077545988131278,0.8431453631329321,0.7294099575568471,0.5747077346312613
qwen-3.5-plus,3,0632d7,desktop,35,0.2636950004989986,0.4793745167485539,1.372985751276028,0.3231354326444076,0.6306114223498936,0.2254530774642024
qwen-3.5-plus,3,0616a4,mobile,40,0.1334589984938283,0.3463463741995374,3.018134340351639,0.2038371114259931,0.5912468486320291,0.0716381040187883
qwen-3.5-plus,1,070781,web,50,0.2761383987840088,0.4739355290980312,1.2269563272972022,0.4448072195304869,0.6198923840373941,0.0942588347624846
qwen-3.5-plus,2,070781,web,40,0.3315436239648853,0.5058710705162806,0.8143163239733267,0.5299120820307663,0.6586994394307584,0.2601719749639025
qwen-3.5-plus,1,0720ce,desktop,46,0.5024799923567412,0.4770580130168529,1.0268589655690248,1.3111239000103738,0.8316335054634044,0.4412176306799396
qwen-3.5-plus,2,064f44,mobile,37,0.4479255753975948,0.4383861938076097,1.5944288068737815,1.004110646625834,0.7948180863716349,0.4008941225658997
qwen-3.5-plus,2,0720ce,desktop,46,0.5184706451869653,0.484465813465871,0.8892208680562272,1.2685349105746406,0.8609257451420662,0.4747695626138263
qwen-3.5-plus,3,070781,web,44,0.3973510809330512,0.5295284619097014,0.894811554947874,0.624249846275067,0.6551520546915975,0.3193657870492896
qwen-3.5-plus,1,064f44,mobile,50,0.5570126610337724,0.5234109212621583,1.0674157379305902,1.342448138450915,0.818094715168739,0.5502734028347976
qwen-3.5-plus,3,064f44,mobile,51,0.4016779036660594,0.4512189339128646,1.1326643868110675,0.9202245327266652,0.8400270272812673,0.4234288153133466
qwen-3.5-plus,3,0720ce,desktop,40,0.302288703990039,0.4323741733146595,2.1095864693013047,0.9308849577166026,0.726263838052856,0.2337444514804911
qwen-3.5-plus,2,072634,desktop,49,0.3848919954069398,0.4621658992560557,1.1525250728159442,0.7570509871697184,0.7152613252084761,0.2554391305406833
qwen-3.5-plus,3,072634,desktop,51,0.2082314433953656,0.3514864886933323,1.786383626495959,0.3819767558011784,0.6158796539529879,0.0275384618835245
qwen-3.5-plus,1,072634,desktop,38,0.4376505112986265,0.4865534347039938,1.0184192988357372,0.940688438739776,0.7655734040120179,0.3625613831504841
qwen-3.5-plus,2,074c75,web,54,0.2247268560832076,0.4550199836598434,1.1981647137432023,0.3701926643975432,0.6744380410007719,0.2379573450430467
qwen-3.5-plus,3,074c75,web,38,0.3503411457786265,0.510214764682434,0.8587737496729316,0.5756437339501989,0.7180704636022154,0.2320720037270023
qwen-3.5-plus,1,075286,desktop,49,0.4799059586774254,0.5119241442872123,0.9249407171960972,0.8231366800135402,0.7447847540151216,0.4052318977885021
qwen-3.5-plus,1,074c75,web,43,0.3036002864601217,0.4991902702104743,0.9644152005111764,0.483186047935465,0.6878290943480636,0.2212364440642709
qwen-3.5-plus,2,075286,desktop,50,0.1496248895435933,0.3560147527581816,1.4795805221279013,0.2156084497536224,0.5758933031609652,0.1526469454939658
qwen-3.5-plus,3,075286,desktop,44,0.7436006163686749,0.6626479034943731,0.7374578156986449,1.3334338938278525,0.8168951610084081,0.714710933277858
qwen-3.5-plus,1,07950c,desktop,40,0.8689461210214584,0.6569040626214043,0.7076646789057535,2.891533176702674,0.8644787070520968,0.8575320809157257
qwen-3.5-plus,2,07950c,desktop,40,0.890687443506287,0.639351834573257,0.6193332867504858,2.9581913405141753,0.8722481654449427,0.8837508478816516
qwen-3.5-plus,3,07950c,desktop,40,0.9239041385222998,0.7196432845254792,0.4923594993284094,3.0827825491389245,0.8828711768377925,0.9192987277634008
qwen-3.5-plus,2,07a2c8,web,35,0.4575129609670985,0.4997493910909877,1.756906076162137,0.8254807025867936,0.6820269713167243,0.3993379781173324
qwen-3.5-plus,1,07a2c8,web,32,0.4255339689251448,0.4873913138849732,1.7653001701285618,0.8000206164145418,0.6823449018672552,0.3619775693445761
qwen-3.5-plus,1,07b304,desktop,48,0.4713407341381366,0.4755669732673948,1.083562811002196,0.8862402316022918,0.7438993523922353,0.4413073665081563
qwen-3.5-plus,3,07a2c8,web,44,0.4414402579232855,0.5004069901008246,1.552962351252137,0.8272278036479245,0.7009605742070927,0.4081658266000508
qwen-3.5-plus,2,07b304,desktop,45,0.5515911837524372,0.5140665726885131,1.2212655574773086,1.0569527017826943,0.7594818204512974,0.444898510001501
qwen-3.5-plus,1,085001,poster,35,0.5585644648940418,0.4774051410650295,0.8494056256126234,1.1734463266570463,0.8121023452282415,0.5610688916140388
qwen-3.5-plus,2,085001,poster,40,0.5508299527432811,0.5353311048922587,0.7758837379950713,1.1822857743015012,0.804236220654883,0.5489440625257991
qwen-3.5-plus,3,085001,poster,35,0.5626454023808749,0.5242853258407525,0.7441585177554114,1.2182371718178735,0.8099874472945551,0.5621145781226788
qwen-3.5-plus,3,07b304,desktop,40,0.5399236185834757,0.4601979960971289,2.355756619408425,0.9742419217868064,0.7280563059197347,0.4739717462095259
qwen-3.5-plus,3,08a5d7,desktop,47,0.5197150624753479,0.5025425510608543,0.8866006131070607,1.0465086130338508,0.7845100425357084,0.5126252922941931
qwen-3.5-plus,2,08a5d7,desktop,41,0.4942097601143428,0.5139948302749924,0.8973394335674924,0.981032013764604,0.7945967372479613,0.5200225781102203
qwen-3.5-plus,1,08a5d7,desktop,40,0.5213550975212926,0.5129691479607867,0.7987075788730148,1.0299859246458918,0.7818824220805245,0.5155190115711501
qwen-3.5-plus,2,07e9bb,mobile,33,0.0294873578039964,0.3789812418417309,2.7269599828684337,0.0357783250882111,0.5204365146145431,-0.0066592853818549
qwen-3.5-plus,3,07e9bb,mobile,41,0.131385926064389,0.4604048236240237,1.522302354544499,0.1637141260922929,0.5854418631704188,0.1397853748629641
qwen-3.5-plus,1,07e9bb,mobile,46,0.0151414855588347,0.4393891087799528,2.1074138054814613,-0.0209978510638668,0.5036633784404068,0.0137068712092246
qwen-3.5-plus,2,08aaa5,poster,40,0.4778447434082186,0.4725368561572893,1.3961562908845329,1.0020788316480955,0.7714035863061329,0.4086024430211804
qwen-3.5-plus,1,08aaa5,poster,46,0.4502491716896016,0.4488720318753902,1.2887541393337412,1.0268672950410174,0.7606101371832557,0.4250909816085218
qwen-3.5-plus,3,08aaa5,poster,40,0.4290459842383272,0.4763640457507699,1.160406452611643,0.9283044911418786,0.7515278322781682,0.3932191548675554
qwen-3.5-plus,1,08d1eb,desktop,48,0.3354019000785365,0.391662453376808,1.1594004787143288,0.7302730081969693,0.7384254563495465,0.0587840747489036
qwen-3.5-plus,2,08d1eb,desktop,46,0.4725643907427432,0.4481209782190339,0.9667967784658076,1.018366103120898,0.7794011738914968,0.2172008397284839
qwen-3.5-plus,3,08d1eb,desktop,103,0.2058090567257926,0.3557322465270677,1.3165729527127183,0.5219823008571844,0.7200197918756844,-0.1566117068274171
qwen-3.5-plus,1,08d885,mobile,49,0.2788515562459367,0.5246081951011381,0.8388948840193002,0.3603220381719198,0.6179330164649767,-0.0530519535234544
qwen-3.5-plus,2,08d885,mobile,49,0.1325335841460537,0.4842413851681009,0.8115602457410247,0.1133671582307117,0.5469771776657121,0.0498250092985785
qwen-3.5-plus,3,08d885,mobile,47,0.4820062524113998,0.6021790862197967,0.5756483190669404,0.7214419906222814,0.7301456234559874,0.3961178058615148
qwen-3.5-plus,3,08b92b,poster,30,0.3184398949041012,0.3956392389877211,2.823733685975716,0.4139596599746771,0.7162714336937576,0.1569535219060144
qwen-3.5-plus,1,08b92b,poster,43,0.3681624823740291,0.4589724834396789,2.809654098720662,0.4858311413092313,0.6475684501855387,0.196342793002049
qwen-3.5-plus,2,08b92b,poster,40,0.178043676172639,0.3816906156237428,2.480856858123084,0.2765423086150159,0.601392074848907,0.0372222569014066
qwen-3.5-plus,1,09094b,poster,44,0.3575589930068871,0.5325215484960473,1.2736493191517382,0.5049976642893799,0.6618048944866085,0.1923682064659359
qwen-3.5-plus,3,09094b,poster,45,0.2672539831002213,0.4721456018767962,2.0581646427349405,0.4289367508363352,0.6130108376399399,0.1887147040894811
qwen-3.5-plus,2,09094b,poster,49,0.1392454852393947,0.466188459574359,1.5968697770326168,0.1517836022111905,0.5561074337904423,0.0104263494040785
qwen-3.5-plus,1,091b5e,web,43,0.4730729337892556,0.5102341347757373,1.004644764929114,0.7182722942719733,0.669840327648131,0.4584701975353545
qwen-3.5-plus,3,091b5e,web,48,0.4056713017492712,0.4965500352819268,0.8935258029913058,0.6505996665911165,0.683718749744636,0.3855802752130111
qwen-3.5-plus,2,091b5e,web,50,0.2635590179135114,0.454620607532122,0.9826531606469588,0.4032853574285824,0.6349259171234835,0.2373682978063979
qwen-3.5-plus,1,092bd5,poster,46,0.2254126348486687,0.4719881818655979,1.275180009656108,0.2285262522623714,0.5317170404513867,0.0923831627343895
qwen-3.5-plus,3,092bd5,poster,45,0.2843883829304791,0.4937931388471447,0.838948316085075,0.3913977259604189,0.6279613350019161,0.1143014391853654
qwen-3.5-plus,2,092bd5,poster,40,0.0747329202067148,0.4175570095610765,1.7359701197789852,0.0422852420289658,0.4951771886564546,-0.0341709077130032
qwen-3.5-plus,1,091ab0,mobile,30,0.4805477665864025,0.5014667431513502,1.5370885958422562,0.8731485153449144,0.7977353223067843,0.4635962258501244
qwen-3.5-plus,2,091ab0,mobile,36,0.6397283594718111,0.6160641079116562,0.7913609632910343,1.0913565447362243,0.8225100278044545,0.6163899893140444
qwen-3.5-plus,3,091ab0,mobile,37,0.5245561511542118,0.5161395665509646,1.3963048606976094,0.88990545975913,0.8156772702436315,0.5007911411047133
qwen-3.5-plus,2,093c65,poster,49,0.4034026001688118,0.4213604468572391,2.8286181359346565,0.7602164669070054,0.6685522560911208,0.3637157291627704
qwen-3.5-plus,1,093c65,poster,48,0.5706895092704578,0.5620418709159396,1.7332932809264563,0.9309987603326724,0.7516315687557971,0.4995098756551969
qwen-3.5-plus,3,093c65,poster,46,0.5260602030249384,0.5138500790518568,1.851560716134636,0.7975659436935092,0.7496585796801549,0.4346320715284824
qwen-3.5-plus,1,0939f7,poster,40,0.2505744867608531,0.3733362572508161,2.588900525109959,0.4618654506049165,0.6560301281787071,0.2273812779858146
qwen-3.5-plus,3,0939f7,poster,51,0.1041913642417502,0.3475836840994603,2.4084014434985943,0.136541078620017,0.5826299563238654,-0.0062102699219398
qwen-3.5-plus,2,0939f7,poster,40,0.1431387382787695,0.3290266851228567,2.9161838688532535,0.2259878661787702,0.5764265155368606,0.0911079847347515
qwen-3.5-plus,2,0950e7,web,54,-0.0078145502022729,0.2572125587307083,5.493764682283437,0.0365514190581157,0.4163918439178886,-0.0933996116398169
qwen-3.5-plus,1,0950e7,web,48,0.4741657540943297,0.6316804217272161,0.4786202794916054,0.6647308956696382,0.6991445718511899,0.3595603409320782
qwen-3.5-plus,3,0950e7,web,52,0.0062551450835239,0.2681672462938293,5.4624144759709745,0.0556635469255168,0.4190948106885326,-0.0835807916653509
qwen-3.5-plus,2,09bb5b,desktop,48,0.3917134756555199,0.5583340234875789,0.8987446816160938,0.5440690495736027,0.6652051198470003,0.3322592225395979
qwen-3.5-plus,1,09bb5b,desktop,71,0.4372722491685605,0.566991846159431,0.7330682130268463,0.6203701626240528,0.6839516398383432,0.3524730410623612
qwen-3.5-plus,3,09bb5b,desktop,78,0.5944048478083345,0.6356773694380945,0.4931177139916791,0.818344267476318,0.7188261354601659,0.5431676557753348
qwen-3.5-plus,1,09942c,mobile,40,0.5608404174064234,0.4947288350311158,1.8232438331048368,1.0482621963263283,0.8130163686599838,0.5110493691919641
qwen-3.5-plus,2,09942c,mobile,39,0.570128736857423,0.5458878068232019,1.0997225180577812,0.8984662784383198,0.7813539149085749,0.5129899503510629
qwen-3.5-plus,3,09942c,mobile,50,0.4692593674811111,0.5189239105536417,0.9917795171707126,0.787826409140192,0.735352582946821,0.3783433665269066
qwen-3.5-plus,3,09d1d9,poster,49,0.5505870376957955,0.50186315906611,2.114512112822995,1.0742134036829414,0.7431663381379282,0.5034315499020273
qwen-3.5-plus,2,09d1d9,poster,48,0.5847206410285508,0.5376239358542282,1.1530620847866715,1.2379252514239196,0.8135200859400971,0.4968119478044951
qwen-3.5-plus,1,09d1d9,poster,50,0.6584597851456195,0.6014024377124054,1.174216973832925,1.27223591599464,0.8252075323626022,0.5825570701766454
qwen-3.5-plus,2,0a0c95,mobile,41,0.312124840127557,0.4683647577935992,1.733937373097599,0.4380724571860035,0.640248469736894,0.2840765808444992
qwen-3.5-plus,3,0a0c95,mobile,32,0.1985945360330782,0.3609657851143618,2.732561218756046,0.2179466460183226,0.589159820426573,0.1658522839431005
qwen-3.5-plus,1,0a0c95,mobile,26,0.2467026078953323,0.3808553560605788,2.9859604066937475,0.2954294226569612,0.6088259515315861,0.2320677384078617
qwen-3.5-plus,1,0a22ef,web,46,0.4828948875664303,0.5226061008393365,0.9541034400057848,0.7743615277523713,0.6963806196213504,0.5016332633378681
qwen-3.5-plus,2,0a22ef,web,46,0.4332174628656142,0.5130631353091513,0.9625693338973532,0.7436634642512335,0.7074355851637553,0.3939770092014732
qwen-3.5-plus,3,0a22ef,web,45,0.4734485957570863,0.5262504284024568,0.9140086036496092,0.7907545706581323,0.7130034706986255,0.4848573081908603
qwen-3.5-plus,1,0a588b,mobile,39,0.0640828592353084,0.3928431038464226,2.237194323033618,0.001977377002888,0.5308761296506925,0.0549298878847645
qwen-3.5-plus,2,0a588b,mobile,40,0.1998446692757382,0.4041303999568183,2.294963437949801,0.1437389935453129,0.5533470826257791,0.1776566972298971
qwen-3.5-plus,3,0a588b,mobile,40,0.2755198241479204,0.4623922108250158,1.8565038466861623,0.2999414006757026,0.6214475722790107,0.2232222519320878
qwen-3.5-plus,1,0a87be,web,40,0.4461699363044643,0.4634711442030255,2.089768424684189,0.8329026794986251,0.7070914873384732,0.4328995094757654
qwen-3.5-plus,2,0a87be,web,44,0.4995913302251977,0.5354760101314968,1.2730137781157684,0.9864154195258646,0.7648835809581271,0.5344819507805567
qwen-3.5-plus,2,09d330,poster,49,0.244269517000046,0.2537546633365494,4.438083348800746,0.4732799247818038,0.5673974736376173,0.2268220399622503
qwen-3.5-plus,3,0a87be,web,31,0.4818030337338658,0.5075964007824054,1.108683312027788,0.9686336897770929,0.7621409938426542,0.5143443580616526
qwen-3.5-plus,1,09d330,poster,50,0.1143381375283933,0.1967362593599305,5.26865942187088,0.1196975886687534,0.4790893874860023,0.1239079376371106
qwen-3.5-plus,1,0af35a,web,30,0.4060841864286152,0.5131033800666693,1.2397944098632343,0.693623967192952,0.7194357887656786,0.3886586762391445
qwen-3.5-plus,2,0af35a,web,40,0.3770412458877386,0.492017931303274,1.3102092847054787,0.6464857469440312,0.6819864412445374,0.3378739469699224
qwen-3.5-plus,1,0b777c,desktop,36,0.3930311804981712,0.5327408440711668,0.910750228903084,0.5368492923197888,0.6700050265651496,0.2531329697569042
qwen-3.5-plus,3,0af35a,web,30,0.4776900616555033,0.5500875697798153,1.0321043179265763,0.8596216651682467,0.7523985108676493,0.4512383276719154
qwen-3.5-plus,2,0b2a15,web,40,0.1511050275782212,0.4514647157308632,1.7882472058384362,0.1540954113661235,0.5692620784536353,0.1334733030075435
qwen-3.5-plus,2,0b777c,desktop,43,0.2120884660925356,0.4764521156721367,1.0406260929366375,0.2911488740563478,0.5863337510342654,0.1127626599790846
qwen-3.5-plus,3,0b2a15,web,46,0.1674752351420909,0.4894880308937993,1.3487577925564054,0.1836413862820893,0.5748784737362764,0.1378106467824284
qwen-3.5-plus,1,0b2a15,web,46,0.1869944306209025,0.4730884034221099,1.6708669052502994,0.2096650027651788,0.5782591545350524,0.1774360075657082
qwen-3.5-plus,3,0b777c,desktop,53,0.3103367886850667,0.5349600346552166,0.7377579597273755,0.4747574149948961,0.6094174955151881,0.2827839058853379
qwen-3.5-plus,3,09d330,poster,50,0.1561132576319708,0.2023554521063963,5.133618959075011,0.2849578478501003,0.483593950031254,0.1607099424417088
qwen-3.5-plus,2,00ee0c,poster,36,0.0959211670203833,0.0877405265758769,5.7520834690646545,-0.0890063908119604,0.2544271039113064,0.1022316440888156
qwen-3.5-plus,1,0ba80a,poster,51,0.1079169387366475,0.3955389150387642,2.7558022575732606,0.3911307512710154,0.5726266338196424,0.1576368048512514
qwen-3.5-plus,2,0ba80a,poster,43,0.3766150833067535,0.5160774861219894,0.7945141075110224,0.8585936809562256,0.7315208594614826,0.4251980704852608
qwen-3.5-plus,3,0ba80a,poster,40,0.0994798965458599,0.3917680318550816,1.7787308091878091,0.3053843581607588,0.558355963258516,0.1335738303111741
qwen-3.5-plus,1,0b86e9,mobile,49,0.1855409355703079,0.3252045851538917,3.993100709071821,0.4032015079941602,0.5925659013332768,-0.0545134906925006
qwen-3.5-plus,2,0b86e9,mobile,41,0.1928933509194438,0.3091781024447537,3.7209227424679487,0.4056512733793564,0.6291985075410607,0.0245365311516923
qwen-3.5-plus,2,0b81bd,poster,46,0.5476485328968792,0.5390037280574118,1.11349430696742,1.2577386450540342,0.8226684347774991,0.5472220140681501
qwen-3.5-plus,1,0b81bd,poster,48,0.4814587078552172,0.4912267748643004,0.9853407121935992,1.013020200848284,0.8019508936367079,0.4564525460820824
qwen-3.5-plus,1,0bce2b,poster,37,0.4600183812790528,0.6078317918644318,0.8029733981915574,0.574027538193023,0.6704778326127553,0.2295750474127644
qwen-3.5-plus,3,0b81bd,poster,47,0.3761744977203953,0.4044480444622258,1.5925108373697554,0.8692025253014424,0.7605835299468402,0.3404668165941822
qwen-3.5-plus,2,0bce2b,poster,37,0.344246584539355,0.5821229017413425,0.7749207290742697,0.4363991552895386,0.6400069220066715,0.0948869566964863
qwen-3.5-plus,3,0bce2b,poster,43,0.253034722645385,0.546260721799458,1.0795198740745766,0.3096395523296191,0.5878232890977477,0.1082856148240237
qwen-3.5-plus,2,0be8eb,mobile,45,0.2279475170230132,0.4946512587997589,1.3100226890696192,0.3240828476233746,0.5963575418006539,-0.0443345103180044
qwen-3.5-plus,3,0b86e9,mobile,49,0.3000111939569479,0.4203592054810229,1.8966198191879275,0.5739857521877196,0.7272848500940445,0.0825425732945876
qwen-3.5-plus,1,0be8eb,mobile,38,0.5909644427553928,0.5976526955492947,0.9688432667135768,0.9335914926330312,0.7420691196880909,0.5045311435840643
qwen-3.5-plus,1,00ee0c,poster,40,0.1205662929085377,0.1084176024924228,5.517511605597354,-0.114150122548567,0.2524819554833433,0.1243496090548528
qwen-3.5-plus,3,0be8eb,mobile,46,0.1820668141944513,0.48189594165947,1.1023169201032856,0.2787611209582789,0.5818704666812307,-0.0683800448891259
qwen-3.5-plus,1,0c11b6,web,48,0.5082500123174682,0.5482043569758182,0.7696996169931754,0.8097657356641158,0.7366837914585284,0.4740959552043362
qwen-3.5-plus,3,0c11b6,web,53,0.5020842596627704,0.5435436006559651,0.7960241417508476,0.8137736869505449,0.7303037414467891,0.4897630025683817
qwen-3.5-plus,2,0c11b6,web,42,0.4323849996065992,0.5096939110261669,0.8912686281636817,0.7461250714467897,0.7063880255340647,0.4054426838596249
qwen-3.5-plus,2,0bdd56,mobile,39,0.1508474844964067,0.4011607203857296,2.0911876219154317,0.0297847522168113,0.5390352298329185,-0.1121090083461045
qwen-3.5-plus,3,0bdd56,mobile,46,0.2009037939510661,0.4234374180956374,1.8744846047363648,0.1096469942800115,0.5470389914910269,0.1604094335698292
qwen-3.5-plus,1,0bdd56,mobile,48,0.1432715126006377,0.4027216540754161,1.7849105221730657,0.0610467118742052,0.5627499893669075,0.091726138312027
qwen-3.5-plus,1,0c51af,desktop,43,0.2082785074461989,0.4021363379522406,1.8258587636186547,0.3115918772291976,0.5739254400944399,0.2797790583117456
qwen-3.5-plus,2,0c51af,desktop,48,0.2534177020934604,0.4221134221070615,1.5691223383146495,0.3973056087923883,0.658485762982574,0.2057403920300539
qwen-3.5-plus,1,0c21ef,mobile,35,0.403927957201673,0.455218106696761,1.73721346999862,0.6440290863972783,0.7150973614930197,0.252250900353778
qwen-3.5-plus,3,0c51af,desktop,36,0.383850159091565,0.4854761296196688,1.3490092947933725,0.5849905045351799,0.672231172264268,0.3201441056163671
qwen-3.5-plus,2,0c21ef,mobile,52,0.2453516398207055,0.3689942497402549,3.6819664364255233,0.4765500891891356,0.5519718657856977,-0.0651481045112458
qwen-3.5-plus,3,00ee0c,poster,40,0.0550038774157285,0.0843309195491093,5.79877780330219,-0.1155250423027498,0.2520177137848624,0.0488539122086548
qwen-3.5-plus,3,0c21ef,mobile,46,0.4249395255931821,0.4491869073024235,2.078625106203257,0.7647315236110687,0.7375313089892773,0.2435534344742702
qwen-3.5-plus,1,0c5a84,mobile,47,0.3381664425571397,0.4709009317456392,1.616163147446814,0.4290319228216295,0.6350349847645025,0.3476643278523101
qwen-3.5-plus,2,0c5a84,mobile,35,0.2347959569240407,0.4114566221844018,2.451274082687356,0.3784491132173989,0.6265381141461454,0.2174045169398393
qwen-3.5-plus,1,0cf59b,poster,49,0.165923833726087,0.3950099226488747,1.384530043142238,0.3517616739817695,0.6141255941313536,-0.1210645334328429
qwen-3.5-plus,2,0ce287,mobile,48,0.0402128350826677,0.2898987789249299,2.5923043471695104,0.1698821432613463,0.5886302785146109,-0.0324506260637894
qwen-3.5-plus,2,0cf59b,poster,31,-0.0511380232184434,0.3165047827484556,2.1052418752878035,-0.0546654411879851,0.5116149866798434,-0.2534633895534169
qwen-3.5-plus,3,0cf59b,poster,31,-0.0511380232184434,0.3165047827484556,2.1052418752878035,-0.0546654411879851,0.5116149866798434,-0.2534633895534169
qwen-3.5-plus,1,0ce287,mobile,47,0.1356136682560426,0.3172568930466554,2.1366714576177217,0.446949901788065,0.6593364306197139,-0.0194898407956164
qwen-3.5-plus,3,0c5a84,mobile,33,0.4939712071407696,0.524208091394595,1.6427559264273084,0.7972461610614665,0.6858684064866871,0.4848388917790902
qwen-3.5-plus,3,0ce287,mobile,41,0.3028935765060712,0.3635564143670168,2.4922736550033564,0.6874912254407862,0.6946215127592196,0.1864056883382109
qwen-3.5-plus,2,0d8830,web,49,0.3119493679492273,0.4690983789617473,1.3259872306073337,0.3876128493633596,0.660497390246223,0.2602177201874593
qwen-3.5-plus,1,0cee4a,poster,33,-0.1028056094800335,0.2398512027438107,4.96325794533102,-0.1588499703412619,0.4050197105980687,-0.1457026099717586
qwen-3.5-plus,3,0cee4a,poster,49,-0.0155506585989008,0.3129052275412331,2.6873137187716383,-0.0405175227262841,0.4955527177079689,-0.0580178722586927
qwen-3.5-plus,1,0d8830,web,50,0.2978711348642363,0.4682510555496717,1.128709214027745,0.4340414001472605,0.6225378891694182,0.2606234394910912
qwen-3.5-plus,3,0d8830,web,40,0.3749901737629053,0.4991893010506367,0.8825695867645527,0.5629578876712503,0.727530950781337,0.3307411932448986
qwen-3.5-plus,2,0db596,desktop,48,0.4471389646098454,0.4966536986658104,1.2517415066600626,0.9145795311677896,0.7563284451613744,0.4427048204597614
qwen-3.5-plus,2,0cee4a,poster,38,-0.124015583452615,0.2514078757209422,4.7123617121714005,-0.1604883765663987,0.4062843732593469,-0.1544785200618933
qwen-3.5-plus,1,0db596,desktop,42,0.3616996360233218,0.4406764390323897,1.927523208553034,0.7295870398946246,0.7191977986945799,0.4103039856744839
qwen-3.5-plus,3,0dbd98,desktop,40,0.5195789116000592,0.5045996723278965,1.4113196686978198,1.0136902307429028,0.7529141336150357,0.3687320419915759
qwen-3.5-plus,3,0db596,desktop,37,0.2291203779924905,0.3878561224859241,2.3797088223266227,0.4316571608801839,0.6635011533411731,0.2981036185013796
qwen-3.5-plus,1,0dbd98,desktop,45,0.4803229200961028,0.4359360262641273,1.143324877851755,0.9353736788109104,0.7388871080493051,0.5000678899068264
qwen-3.5-plus,2,0dbd98,desktop,40,0.3038400407955644,0.3697197209401109,2.000127833396015,0.5919002036134454,0.6752652447492868,0.3009500587087741
qwen-3.5-plus,1,0e136e,poster,40,-0.0942218311680234,0.3047900428203296,2.1886112576013574,-0.1450157154805187,0.462176534744247,-0.2540194615568391
qwen-3.5-plus,2,0e136e,poster,30,-0.0440470536113984,0.3112185453844851,2.0617031801929677,-0.0593108406278244,0.5148525033637892,-0.2936871889306992
qwen-3.5-plus,2,0e1c44,desktop,48,0.3360503421050761,0.3291836700795604,5.011759602778885,0.693337795463208,0.4968937011210446,0.3283721536841311
qwen-3.5-plus,1,0e1c44,desktop,39,0.4708981471382647,0.4629281084237835,3.250024650255866,0.9592881949848842,0.6650795595290402,0.4311027510428206
qwen-3.5-plus,3,0e136e,poster,30,-0.0045664522576281,0.3393435653100223,2.196035628761988,0.1192099864614288,0.4886543746153515,-0.1128262150384905
qwen-3.5-plus,3,0e1c44,desktop,42,0.5723293121529021,0.5382633697609022,1.370022213271218,1.075009471068069,0.7138189356525864,0.543067757541986
qwen-3.5-plus,1,0e1dea,desktop,50,0.3977915935065512,0.5299169052918024,1.141360678945135,0.5442281439338339,0.6697160369774224,0.307880154046114
qwen-3.5-plus,2,0e1dea,desktop,50,0.5371476971861846,0.5661529987200008,1.188049517585051,0.7536064624890716,0.7012722341543213,0.4821910018182881
qwen-3.5-plus,1,0dc366,mobile,30,0.6169179560623608,0.4652225776228931,2.2477178458393503,2.053068813249419,0.8091636282481935,0.5955158001808264
qwen-3.5-plus,2,0eb2be,desktop,48,0.5022106179346463,0.4446042053420957,1.069074767434533,1.0215016996346702,0.7079092321772918,0.4336071537998517
qwen-3.5-plus,1,0eb2be,desktop,40,0.6029210683250694,0.4736552490627944,1.264257956565539,1.204684236614,0.7025985599887888,0.5751266210029515
qwen-3.5-plus,3,0e1dea,desktop,48,0.3080192416387733,0.5155830060798994,1.021642025335061,0.4416428385910877,0.637245209728694,0.2839671163517902
qwen-3.5-plus,2,0dc366,mobile,39,0.4905350208118093,0.4267553965506001,1.4000905118318216,1.5786557785548394,0.8448013326031394,0.4543191590457052
qwen-3.5-plus,3,0eb2be,desktop,48,0.4791704529869172,0.4556680927096145,1.370494690021328,0.9749520000458928,0.7104921393027605,0.4095705192888183
qwen-3.5-plus,3,0dc366,mobile,45,0.8148878028673412,0.6639795554123571,0.8255553034172276,2.430580134485255,0.8747293850760013,0.774650504030944
qwen-3.5-plus,2,0eef1f,desktop,45,0.6680232805591859,0.6167816305119334,0.5967948969812766,1.2570303119427588,0.8201251248096059,0.6723706408687661
qwen-3.5-plus,1,0eef1f,desktop,44,0.7442724278314999,0.6598763979319309,0.5609160388745801,1.4046295980888197,0.8321524843549702,0.7522293879284775
qwen-3.5-plus,3,0eef1f,desktop,37,0.6822760456295601,0.6079130915301032,0.8703927692583096,1.252205030693108,0.7989296704070534,0.6971807349259207
qwen-3.5-plus,1,0ef9b2,desktop,44,0.5472707469183984,0.5048819452684401,0.8340020672129265,1.2898840386054309,0.7943098486648669,0.4771931461772552
qwen-3.5-plus,3,0ef9b2,desktop,45,0.3582577459467868,0.4175624169235644,1.3092049853336674,0.8959062282528321,0.7255893616300526,0.3084609879947313
qwen-3.5-plus,2,0ef9b2,desktop,48,0.454990320682691,0.4465114001349975,1.056734775544223,1.0568032376121417,0.7336985705034138,0.3937564814409549
qwen-3.5-plus,1,0f1984,desktop,48,0.3435570552593341,0.4662676921098144,1.3228899259219618,0.6009918079462854,0.638044741968697,0.3348102741810675
qwen-3.5-plus,1,0ec997,poster,40,0.5175050556511697,0.5156437076637435,1.2501702026543895,1.2650985664059229,0.8021065266044393,0.4964473095127368
qwen-3.5-plus,1,0ef09e,mobile,32,0.1614905651921522,0.3255616620583839,3.387313767200329,0.1385307059557053,0.562256242760568,0.069993739271614
qwen-3.5-plus,2,0ef09e,mobile,34,0.2706156403326417,0.3959990619239143,2.677496867848614,0.3622540512926963,0.5982042187555625,0.1424542162675378
qwen-3.5-plus,2,0f1984,desktop,40,0.2094761968702871,0.3854940761428899,2.323221144033444,0.3701736741236603,0.6085683981865921,0.1938308259532643
qwen-3.5-plus,3,0ec997,poster,40,0.3570321050168307,0.4137571452939502,1.7397791046753432,0.7877501038278057,0.7589495789212001,0.3796609071341235
qwen-3.5-plus,3,0f1984,desktop,40,0.3967611418282246,0.4980745472446717,0.960924827378942,0.7327133165618533,0.7077797492998614,0.4020231581086449
qwen-3.5-plus,3,0ef09e,mobile,25,0.2846932098796946,0.3973704553895288,2.7935231416843473,0.3872771490039893,0.6125153482469577,0.1652192295395724
qwen-3.5-plus,2,0ec997,poster,40,0.5248739986704041,0.4912003452488079,1.2277954244068416,1.1731899116059357,0.7853768132690143,0.5067100641264405
qwen-3.5-plus,1,0f712c,web,40,0.5639728927971139,0.5219022654752782,0.8065366992765544,1.26088607528483,0.8238880040699759,0.4832227027054128
qwen-3.5-plus,2,0f712c,web,49,0.3955203249430702,0.4515357854577569,0.9590817127227343,0.8328976561129308,0.7733874514879283,0.3200897749628189
qwen-3.5-plus,3,0f712c,web,43,0.5239960001800889,0.5324201866023744,0.8211053287410915,1.1519618772024969,0.8213892530347973,0.5169840282518432
qwen-3.5-plus,1,0f5056,poster,36,0.2171544229410539,0.3869509449269797,1.575045115793022,0.4349034217974423,0.6342447568229418,0.0944541843873794
qwen-3.5-plus,2,0f5056,poster,38,0.1925650213725814,0.3767004754705829,1.6352088574713106,0.383311334525402,0.624098940949597,0.1450889004801578
qwen-3.5-plus,3,0f5056,poster,41,0.1535399180055346,0.3688658741693351,1.6607177328817515,0.226123244125173,0.5920823974847441,-0.0087401196910582
qwen-3.5-plus,2,0f858f,web,40,0.0687473001934122,0.3900737397300958,1.482942522410083,0.16591366786814,0.575234854305971,-0.229718780539244
qwen-3.5-plus,3,0f858f,web,39,-0.0391609259268438,0.2848930065745376,2.3254369971763773,-0.0429906967595055,0.5189516517054293,0.0701597694286163
qwen-3.5-plus,1,0f858f,web,39,0.0296870760505093,0.3335439193822685,2.61317676691713,0.1108459053237681,0.520326408469382,0.0138301782753666
qwen-3.5-plus,1,0f85bd,desktop,40,0.5951990135594379,0.5332262126742857,2.0106892671150467,1.1042122270408326,0.7613565148644421,0.7159714186882575
qwen-3.5-plus,2,0f85bd,desktop,36,0.6353914340053772,0.6154508483572991,0.6428294212758793,1.2289422972692434,0.8072975181031193,0.6198924604095215
qwen-3.5-plus,2,0f81ca,mobile,40,0.3746095788651682,0.5148261117946378,1.586702567507717,0.4360088154150752,0.6709607603824076,0.3205941050505359
qwen-3.5-plus,3,0f85bd,desktop,36,0.6122510809218927,0.6004456069130979,0.6530120177741103,1.1828108031353428,0.8009600654553066,0.5774295453253403
qwen-3.5-plus,1,0fa6b9,poster,40,0.4978613295848225,0.5807590799061713,0.6014799866665149,0.767916401672401,0.7231789242733703,0.4657384891797246
qwen-3.5-plus,1,0fc384,poster,40,0.5932309016622936,0.5682907967980978,0.6716573762337176,1.1522811792860082,0.7907279377714523,0.5538365015875293
qwen-3.5-plus,1,0f81ca,mobile,40,0.1949179659943766,0.4446055697653556,1.9979163516311935,0.1901622622503883,0.6035885968340028,0.1622710309294386
qwen-3.5-plus,3,0fa6b9,poster,48,0.2626874761032688,0.5197345485547548,0.9438111045397236,0.4242253471189401,0.6674372964008582,0.3659540854232505
qwen-3.5-plus,2,0fa6b9,poster,40,0.4796614718965286,0.5610551158742076,0.8854819179802602,0.7264656134289929,0.7113815804309143,0.4645036544129208
qwen-3.5-plus,2,0fc384,poster,30,0.0995223294060489,0.3845340411579058,1.2870169961618778,0.2306064116298131,0.6301269381840022,0.0028002064729259
qwen-3.5-plus,3,0f81ca,mobile,48,0.4599916341387748,0.5672189581353939,1.5096079726679617,0.5338106560142922,0.6602073578858536,0.4149432825806444
qwen-3.5-plus,3,0fc384,poster,50,0.4063652385082593,0.5237767233248158,0.8425802263475498,0.8552544026413834,0.7413304505134086,0.3245100050086543
qwen-3.5-plus,2,0f8ece,web,35,0.224095686649239,0.3626702773726893,3.0167810042016616,0.4910741355129185,0.6294954156343797,0.2338299216552793
qwen-3.5-plus,1,0ff0be,desktop,53,-0.0927020840749919,0.2906402100510876,3.974126536143795,-0.198227649734596,0.4172196874013224,-0.1913586025514802
qwen-3.5-plus,3,0f8ece,web,48,0.2574786575551403,0.4044811925823151,2.3831352926263296,0.5328642312717576,0.6623507387684973,0.1994208785954488
qwen-3.5-plus,3,0ff0be,desktop,84,0.1966900032254295,0.4610180726531262,1.0018207334174092,0.3549214860550848,0.633883072093993,0.1123203133153519
qwen-3.5-plus,2,0ff0be,desktop,50,0.1964850675247396,0.3747443945582763,2.0116219029422195,0.3052875827473565,0.6364335590514097,0.1437261526646717
qwen-3.5-plus,1,0f8ece,web,30,0.2318623960109507,0.3423469262974189,3.747514108389077,0.528302536215211,0.5696749962631171,0.1801365191693567
qwen-3.5-plus,2,10298c,desktop,41,0.4705258366439054,0.5555852904455687,0.6670564663482109,0.8966299647692537,0.7609931588351642,0.4771672938782546
qwen-3.5-plus,1,10298c,desktop,41,0.3361635817696349,0.5089740065756574,0.8098555461538608,0.673319409867325,0.7295840866276737,0.3248500006805136
qwen-3.5-plus,3,10298c,desktop,40,0.3631741590035882,0.5066296163801643,0.8929462130924026,0.6863777130095382,0.683149806047398,0.3045419887854255
qwen-3.5-plus,2,0feea2,mobile,42,0.2143516845596514,0.4059768863243422,2.613179165513734,0.347219145312607,0.5892282992239828,0.1700242913880591
qwen-3.5-plus,1,10579e,desktop,49,0.0944916348290878,0.4037058314749438,1.7141239592656847,0.148222061501276,0.5674520555316169,0.0986485745142301
qwen-3.5-plus,1,0feea2,mobile,41,0.2132270213944158,0.4003274587342569,2.3837107512694677,0.2930775016532165,0.5902526393884855,0.1605645102651128
qwen-3.5-plus,2,10579e,desktop,45,0.2612586593434602,0.4514000018413274,1.5986890970464716,0.3708213295620426,0.6500268168002802,0.2550735653322549
qwen-3.5-plus,3,0feea2,mobile,40,0.1136448356434088,0.3527401669602144,2.7926908687238017,0.2457395330396931,0.5528122886123485,0.0645585064075427
qwen-3.5-plus,3,10579e,desktop,49,0.2671117779527457,0.4395348867717605,1.303424179295078,0.4143005955850587,0.6145046106366516,0.2623554203977862
qwen-3.5-plus,1,10c4f3,mobile,50,0.6305125506863121,0.5859876739386087,0.8205306361317646,0.9015825578625676,0.7062362197547615,0.661199415504556
qwen-3.5-plus,1,10b93c,mobile,39,0.3303927348103603,0.4613624153356348,1.131073277301741,0.5549650203734167,0.7141209947752122,0.1235432793265432
qwen-3.5-plus,2,1055b2,poster,43,0.1937828856190173,0.4173397716753539,2.086591068061898,0.2602959729209054,0.6113876008700764,0.155351805936229
qwen-3.5-plus,3,10b93c,mobile,35,0.4362305931884205,0.4838277673384298,1.0857091148842364,0.7028812082316391,0.7368157566845249,0.2273431106617897
qwen-3.5-plus,2,10b93c,mobile,50,0.5658817135809576,0.5526418720840078,1.042312894052957,0.914653322377548,0.7388452187764672,0.3679296226294617
qwen-3.5-plus,3,1055b2,poster,35,0.1222300827933211,0.3974728284744013,2.0246635829407853,0.1961362058688505,0.5750010185543156,0.0492818981564758
qwen-3.5-plus,2,10c4f3,mobile,40,0.2508150119115864,0.499761019344604,0.9555201125413466,0.4084716836306871,0.6077361863315196,0.2177672879276222
qwen-3.5-plus,1,1055b2,poster,46,0.1554791448236997,0.3995741880574165,2.083355393032721,0.2225604732510115,0.604809386455395,0.1184038400050153
qwen-3.5-plus,3,10c4f3,mobile,50,0.4598788621379267,0.5368139279040857,1.1179139183896756,0.6630921285590184,0.6802268321735552,0.4798533985434628
qwen-3.5-plus,1,111cd2,desktop,47,0.2423494178288691,0.4466390026418559,1.204845864011094,0.4962216260229075,0.6344414659201285,0.190148130165852
qwen-3.5-plus,2,111cd2,desktop,49,0.2684153138036457,0.4581966682240634,1.428350334007798,0.5766535307473896,0.7083976083297469,0.176675704190964
qwen-3.5-plus,3,111cd2,desktop,47,0.3395061269849913,0.5251585216125213,0.9972931362880164,0.6182287979465251,0.6876606584754754,0.2227107203522302
qwen-3.5-plus,3,11412e,desktop,47,0.2002276576941486,0.4193352567318588,1.810742871386145,0.4206915962361655,0.6299546679180817,0.1605936763832352
qwen-3.5-plus,1,11412e,desktop,41,0.2704321920912702,0.4753755066391619,0.990833844250872,0.4459031204854201,0.6301661614605103,0.2533992273075291
qwen-3.5-plus,2,1102e9,poster,31,0.0946952323593578,0.3487833483509396,3.09654755264894,0.1458421520736926,0.5458700703691987,-0.0009252910847393
qwen-3.5-plus,2,11412e,desktop,38,0.3198798558402336,0.5059125078855745,1.1059230052173483,0.5499522947457568,0.6505401250614125,0.3306019943433645
qwen-3.5-plus,1,1102e9,poster,40,0.1945236613417386,0.397715110617808,2.630454842280749,0.2769513520272514,0.5796451645486549,0.1106142108722382
qwen-3.5-plus,1,110636,poster,49,0.4681398193193955,0.5236068400364098,2.005675883141109,0.7917757555321757,0.7107737306039322,0.4474067386098016
qwen-3.5-plus,3,110636,poster,46,0.3373442328317677,0.4713524317225924,2.171394545391063,0.43935490053504,0.6392639947429571,0.3637684034725318
qwen-3.5-plus,3,1102e9,poster,30,0.1098663384630774,0.3436117355463015,3.055481819397209,0.1185652512184959,0.5543072019595247,0.0455711307297943
qwen-3.5-plus,2,110636,poster,31,0.2070256727810645,0.3775936489426947,2.6225285676165355,0.2053167223221904,0.6196094459826811,0.2146888083040569
qwen-3.5-plus,1,11a99d,poster,32,0.0627810919296796,0.3530830361746284,2.509497163886107,0.2245282981325249,0.537609502031506,0.0714758853960456
qwen-3.5-plus,2,11a99d,poster,51,0.0925751398009159,0.4031348453720297,1.901459851524814,0.2783426529225861,0.560439622337304,0.0244345662072165
qwen-3.5-plus,3,11a99d,poster,50,0.1655273791895765,0.4868500339998298,1.531807009668991,0.3207119500395753,0.5954035323280822,-0.0657501584952951
qwen-3.5-plus,1,11f8c6,desktop,49,0.1394702166733115,0.3935134579073668,1.4345740361927288,0.272965582466288,0.5597109027161855,0.1400569166895399
qwen-3.5-plus,1,1193c7,mobile,40,0.2792133777581544,0.4374593990318831,1.839698161626655,0.2753191225643794,0.602615626927938,0.2588254910281428
qwen-3.5-plus,2,1193c7,mobile,72,0.3611928766990631,0.4716147698145587,1.48848164781903,0.4761539042240832,0.6513507159891376,0.2356373316125386
qwen-3.5-plus,3,1193c7,mobile,37,0.3658590247798303,0.469329166717795,1.590084575264207,0.5194422979065938,0.6694095701111944,0.3404743161124229
qwen-3.5-plus,2,11f8c6,desktop,48,0.0727726891062318,0.3417035634474074,2.046605318998502,0.0771281631338001,0.4746820753624539,0.0800498996417295
qwen-3.5-plus,3,11f8c6,desktop,50,0.0156973919162796,0.3037952697109395,3.531331783310356,-0.043130805245967,0.4694204946978687,0.0016092228347812
qwen-3.5-plus,2,12a0ed,mobile,13,-0.0801777787873375,0.1678981712178587,6.857232809389787,-0.0607311209119849,0.3396846781073964,-0.3019449569072914
qwen-3.5-plus,1,12a0ed,mobile,47,0.1367225292370363,0.4108624871622155,1.2553487612232292,0.3385707377674511,0.606650204006076,-0.1491087115341419
qwen-3.5-plus,3,12a0ed,mobile,40,0.5463902303073265,0.6335200025769735,0.561055089750331,1.0175824542998164,0.8136723510354938,0.4440108018769921
qwen-3.5-plus,1,12be73,web,49,0.2839874939253568,0.4390111931665735,1.1906884442908532,0.6812736454809241,0.7111726530916462,0.2459327728924179
qwen-3.5-plus,3,12be73,web,50,0.3521389731118832,0.4936061525147122,1.0052091032375072,0.7574191357157984,0.7222634401094303,0.284243875117441
qwen-3.5-plus,2,12be73,web,37,0.2415174815525068,0.4179317872083682,1.402871571531995,0.4968406148947779,0.6869339493222468,0.2090026034848777
qwen-3.5-plus,2,128abc,mobile,30,0.4898150905722352,0.4690555156253987,2.1345689654186706,0.6937764414767865,0.6996555718443539,0.4889781313930577
qwen-3.5-plus,3,11482d,desktop,50,0.2382640993649665,0.3788851448931504,2.448702092222012,0.364111739794525,0.6494751970857642,0.1458215965979638
qwen-3.5-plus,3,128abc,mobile,47,0.4484917348101278,0.4652767666502296,2.3036737864538734,0.5987453097621122,0.6820447659304443,0.4476150330594668
qwen-3.5-plus,1,128abc,mobile,46,0.528154824813577,0.5188172015217473,1.6406927932247473,0.7052624239337182,0.7015036747584726,0.5274598272868429
qwen-3.5-plus,1,13349c,desktop,40,0.5382448856141806,0.5412433744353369,1.7505145471554948,1.0107346285289738,0.6856702729681547,0.4745111635433368
qwen-3.5-plus,2,13349c,desktop,40,0.5018502694370289,0.5472506251430957,0.9977150126856912,0.8770785446811001,0.7109035348846282,0.4025113046492506
qwen-3.5-plus,3,13349c,desktop,45,0.4110038838057835,0.4901486073280587,1.9678490546840144,0.7938514730149894,0.6608702116390446,0.3349096366173253
qwen-3.5-plus,2,1356d2,poster,49,0.5062617214096897,0.5986421488109136,0.6476710799130001,0.720052989964553,0.7264550749125332,0.5045556602727579
qwen-3.5-plus,1,1356d2,poster,50,0.6009116805488862,0.6258922465721163,0.5283308176329474,0.8882650499977826,0.7450461941645682,0.5988082987621296
qwen-3.5-plus,3,1356d2,poster,40,0.6087249937142724,0.6215818514469602,0.4835066130208829,0.920740801020596,0.7641457492535979,0.6067757181056735
qwen-3.5-plus,2,11482d,desktop,60,0.3169978293264532,0.3898650336024366,2.7665583952840054,0.4467421732901031,0.6258381903442332,0.3182458892330643
qwen-3.5-plus,1,134669,web,73,0.211686162010728,0.4518332040705555,0.9362748423214028,0.4386999329494574,0.6377138989283602,0.1478306252564635
qwen-3.5-plus,2,134669,web,54,0.0259981070907659,0.3289380700757293,1.9958554942682076,0.0923364876864141,0.5725729044435652,-0.0271957544285231
qwen-3.5-plus,3,134669,web,45,0.0474439384999778,0.3632548658203001,1.592168387130548,0.0877948140476297,0.583045624179997,0.009126385744142
qwen-3.5-plus,1,11482d,desktop,136,0.2057207335113455,0.4326716233968189,1.9534522313032616,0.3729722496168324,0.6032261848463095,0.2172544390181409
qwen-3.5-plus,3,13642b,mobile,47,0.3190335106748982,0.4586053503292076,1.6392107019668805,0.4518099296918521,0.6732783498729209,0.3408883070809105
qwen-3.5-plus,2,13642b,mobile,48,0.1879256606192741,0.3640900241930075,3.2854099158078376,0.4058022324254063,0.5523432952069888,0.1799352697271474
qwen-3.5-plus,1,13642b,mobile,31,0.325550956574393,0.4207295154573199,1.925604035246966,0.6333807279901578,0.7160228921220335,0.3208864584218982
qwen-3.5-plus,2,13a393,mobile,40,0.3584478692166862,0.4662109257688743,1.4853866602597252,0.8237209850350734,0.7409515237038526,0.3477755138539012
qwen-3.5-plus,1,13ae19,poster,30,0.2065438226040302,0.4760841581292357,1.2721570290033168,0.3669730062248673,0.6581816955860581,0.1788448406808382
qwen-3.5-plus,1,13a206,mobile,45,0.4398802562503864,0.4355173793764575,2.176579897166946,0.9049127343860264,0.7445268936857109,0.4112841695132554
qwen-3.5-plus,3,13ae19,poster,40,0.6593441488673527,0.6489282197372903,0.4156420641931505,1.1094376994809825,0.8041747002449002,0.6545660721666973
qwen-3.5-plus,2,13ae19,poster,45,0.6713049325653988,0.6417584888476263,0.4097773006345756,1.109949090424547,0.8049687852117092,0.666684518038195
qwen-3.5-plus,2,13a206,mobile,47,0.3250484036140595,0.3871106045879746,2.6532033449892207,0.4936689942948934,0.6661722770121908,0.2598644095233037
qwen-3.5-plus,3,13a206,mobile,49,0.2547382496299142,0.3770876214566668,2.4248126090919473,0.3793944750432335,0.6911419134220189,0.1656130732047927
qwen-3.5-plus,3,13a393,mobile,40,0.379193510053982,0.4766262293063438,1.3340943359236563,0.8506869068813528,0.7594303258909183,0.3618692230364306
qwen-3.5-plus,1,13a393,mobile,51,0.2171951227145018,0.3915192241357341,1.827134329716697,0.4295185572267215,0.6510109932399315,0.1995991660996914
qwen-3.5-plus,1,13bd83,desktop,60,0.3623674791666879,0.413269745373969,3.066914011438228,0.8013795339012583,0.6786946235107689,0.2324220460730993
qwen-3.5-plus,2,13bd83,desktop,45,0.390533919943113,0.4046786230322127,2.4780469479417855,0.8400682250237029,0.7529988610608819,0.3343327398449963
qwen-3.5-plus,3,13bd83,desktop,40,0.5492912836123012,0.53672443329015,0.8217302952836762,1.2065173783583234,0.8386679203324464,0.4765993223347033
qwen-3.5-plus,1,1408dc,web,40,0.4548630098512894,0.5347848419276762,0.6780337560678497,0.8645763884637386,0.7674093400885169,0.3149933784761708
qwen-3.5-plus,2,1408dc,web,50,0.3930652607852499,0.4964074817978772,0.8241353093336848,0.7162499938848241,0.7152269805271587,0.2534931795265999
qwen-3.5-plus,3,1408dc,web,45,0.5226085476034201,0.5572757488853228,0.6788384401739727,0.9777189957459403,0.7728712944080625,0.3984586972004858
qwen-3.5-plus,1,13af7a,mobile,40,0.2105336856685455,0.3169778005499475,3.4404150936669167,0.398060687397385,0.6418964702343427,0.1137691301274595
qwen-3.5-plus,1,1411d0,desktop,48,0.3746018409120726,0.4924990116763371,0.9606804270146252,0.5449194845646845,0.6395181945920745,0.3721472699491854
qwen-3.5-plus,2,1411d0,desktop,40,0.2473745535942258,0.4003572494790128,2.256715916644386,0.4663619160706155,0.6561661087928952,0.2512720319591646
qwen-3.5-plus,3,13af7a,mobile,31,0.2193447248612193,0.3808540801250052,2.6612043508876315,0.3697379413349057,0.6172684241444921,0.1343942998950774
qwen-3.5-plus,3,1411d0,desktop,47,0.3517366067304764,0.4886889069314996,1.330979448947191,0.6090140322057622,0.7050882584414908,0.3494979477148519
qwen-3.5-plus,2,13af7a,mobile,45,0.2169502201237093,0.3333294710274717,3.316628566130522,0.3994500029037717,0.6747067444492544,0.1683502763402439
qwen-3.5-plus,1,13f898,mobile,16,0.5827245692850315,0.4888246685120749,1.9132584869951783,1.2254864234582898,0.7909746309159411,0.5570380679244491
qwen-3.5-plus,3,13f898,mobile,10,-0.0792745730009111,0.0747772045490477,8.609690289005412,-0.2318268844476649,0.1176254659030674,-0.2328690692579597
qwen-3.5-plus,1,147ff4,desktop,48,0.4616000873831904,0.5731695510209011,0.787486488112934,0.7165421787526014,0.7054659774183033,0.5123499788562866
qwen-3.5-plus,2,13f898,mobile,30,0.1188254398733928,0.2596831810021823,3.8312923880270753,0.2503701316295197,0.5775548946127741,-0.0128845975129545
qwen-3.5-plus,3,147ff4,desktop,45,0.4060073393559163,0.5378212133939646,0.7466170072024536,0.5942079945674494,0.6689583485386699,0.4581863079982794
qwen-3.5-plus,2,147ff4,desktop,40,0.5842667933667007,0.6130008582202086,0.4933413501463008,0.8472995488291606,0.7314768971505078,0.6066824417682601
qwen-3.5-plus,1,142b9c,web,40,0.5786847554441968,0.4712681189669476,0.9315221468140492,1.442482088693663,0.8129864519418111,0.5424100493602408
qwen-3.5-plus,2,142b9c,web,40,0.515081039436828,0.4554728462059429,0.9727133980219989,1.252270408413645,0.8084387889243843,0.4706489953540495
qwen-3.5-plus,3,142b9c,web,40,0.5902455913406863,0.4835737361602359,0.8965790775784013,1.4097013595545247,0.8093212760395274,0.5558128001553667
qwen-3.5-plus,1,14c026,desktop,47,0.3516582899908436,0.4996789611635656,1.0382248929193785,0.5538548893597206,0.6504093541084965,0.3231681885637065
qwen-3.5-plus,2,14c026,desktop,36,0.5720817869573003,0.6078921143929841,0.7660237643246699,0.8737619545131154,0.7362397434089597,0.5578362921014701
qwen-3.5-plus,3,14c026,desktop,38,0.3131384965257217,0.4983055833363191,1.125434881920908,0.4788604764484878,0.6388908316533617,0.2965869753321132
qwen-3.5-plus,3,14a7b0,web,40,0.2621981910965123,0.3964461611886186,2.4528431981575705,0.4186632739321014,0.6327732592128587,0.221451158661271
qwen-3.5-plus,2,14e331,web,50,0.5159029188846895,0.5710411775461404,0.6988075837122592,0.818927755412506,0.7393071400329382,0.4253520676855303
qwen-3.5-plus,1,14a621,mobile,40,0.5174583491103792,0.492527804689253,1.4471718693827171,0.9368017033703564,0.7738372145378853,0.34805425563801
qwen-3.5-plus,1,14e331,web,48,0.4878670406354932,0.5394937409315889,0.769605086035999,0.8139474228811799,0.7229101501240319,0.4347827333975761
qwen-3.5-plus,3,14a621,mobile,40,0.472165934148202,0.4674952998961736,1.5547064659292489,0.8640218099684801,0.757468952094336,0.2677500732450111
qwen-3.5-plus,3,14e331,web,44,0.2855389555587463,0.4587934345878825,1.03935751495011,0.4536283164706556,0.6326052727033027,0.1668875626786962
qwen-3.5-plus,2,14a621,mobile,41,0.1618254844454807,0.3191322099242726,2.884183359073749,0.2752729343534233,0.5576180380386917,0.0254018233611301
qwen-3.5-plus,2,14a7b0,web,47,0.3757348233020813,0.4413510021387555,3.0056366632446228,0.6577901157615016,0.6516920134782214,0.3711308325850776
qwen-3.5-plus,1,14a7b0,web,50,0.2944332166412633,0.391825273486741,1.82736914791635,0.5033091962135909,0.6704057080871232,0.2243263901472445
qwen-3.5-plus,1,14f8a2,web,51,0.447994329232583,0.5079839261989413,0.7927643631918442,0.8753711614546682,0.7216582873045793,0.3842750894556431
qwen-3.5-plus,2,14f8a2,web,40,0.4097901592390812,0.5190476015940984,0.87483456485054,0.7004120466360347,0.7090795424570352,0.3587213163177065
qwen-3.5-plus,1,150e9a,poster,48,0.1328576221242822,0.4395707636083257,1.3509306656095728,0.2209141289597123,0.5964282043393068,0.1417420639241188
qwen-3.5-plus,2,150e9a,poster,48,0.2814694981734673,0.4978291533979746,1.0281878220025504,0.4766020859502791,0.6405425265854793,0.243001486752222
qwen-3.5-plus,3,14f8a2,web,40,0.353897027493396,0.5033417762581166,0.9828639048917266,0.6500513077404831,0.6843469145269625,0.2981474025107573
qwen-3.5-plus,3,150e9a,poster,40,0.3709522380360277,0.5344031868798083,0.958884966915404,0.6374959374253477,0.7015510386286485,0.3293490690980592
qwen-3.5-plus,2,15ac57,desktop,45,0.6164124754704119,0.5976665790610366,0.6845037276308779,1.2568622591307854,0.8009368747072189,0.6008102360525708
qwen-3.5-plus,1,15ac57,desktop,40,0.6453903454840271,0.6206982283066351,0.6561499216696898,1.3447281058991942,0.8060172934043711,0.641179676770257
qwen-3.5-plus,3,15ac57,desktop,40,0.6319360210274502,0.6291530701157374,0.7431141726713363,1.3366480704740198,0.8061407714347752,0.6318136520793879
qwen-3.5-plus,1,15fd54,mobile,40,0.3785726517196252,0.538057715082618,0.7999579591541232,0.4704131531049296,0.6636717359340425,-0.0620867555053343
qwen-3.5-plus,1,151d2e,mobile,47,0.335863384193773,0.4546922133095397,1.7489040479347382,0.5457943140486254,0.6480942942073815,0.2603275479813189
qwen-3.5-plus,2,15fd54,mobile,45,0.4574745769297877,0.5608804294883042,0.6625250299765914,0.5803009942777868,0.670147731046734,0.0938016116309474
qwen-3.5-plus,3,15fd54,mobile,40,0.2957501386676212,0.5032096832880614,0.9674094862167196,0.3552411431907395,0.6216917007689092,-0.0635260283266412
qwen-3.5-plus,2,151d2e,mobile,47,0.4638269484857452,0.5303486423945334,1.272213810716845,0.6992077928781647,0.6966507544599573,0.3884338343165993
qwen-3.5-plus,3,151d2e,mobile,50,0.1980411981085122,0.3305014406843001,2.9309534125254437,0.3317085800531344,0.6808832334453296,0.1875238244938097
qwen-3.5-plus,1,15723a,mobile,36,0.0214416965953196,0.2875933008559098,4.385307379485892,0.2191748141703134,0.4656345520830388,0.0092693081066826
qwen-3.5-plus,3,15723a,mobile,40,-0.1196944514190027,0.2472750850336185,4.698867923077554,-0.1504013080895497,0.3783335107732402,-0.1744365067888092
qwen-3.5-plus,1,1626dc,web,51,0.3238736737613906,0.4962780049123481,1.0598032306414922,0.5318542153616839,0.6734548046996176,0.2789912251357295
qwen-3.5-plus,2,15723a,mobile,40,-0.1449639885610798,0.2436392543111133,4.869000859196613,-0.1888245899284882,0.3763611932925054,-0.1588913940382106
qwen-3.5-plus,2,1626dc,web,45,0.4137760270750311,0.5238623203144377,0.9505541497774246,0.6474875658767402,0.6928509482591615,0.3819072587683746
qwen-3.5-plus,3,1626dc,web,50,0.3455725309047622,0.4811806959621422,1.2184179187171351,0.531876327026313,0.6713622615713352,0.3541169202939587
qwen-3.5-plus,1,163ce0,desktop,40,0.5193951002523076,0.4898105887554721,1.238732972012831,1.341363763034641,0.7849268713185277,0.4708671877484155
qwen-3.5-plus,2,163ce0,desktop,50,0.3235429901620404,0.3765329878650754,1.639656643739597,0.6866657555375674,0.668727828483178,0.2583026499458415
qwen-3.5-plus,3,163ce0,desktop,30,0.3374765210556478,0.4050155036050576,1.5890456105405335,0.8634825551805884,0.7478967485023902,0.2493631734736668
qwen-3.5-plus,1,163518,mobile,42,0.1400922552247965,0.3704891402733349,3.334808879348154,0.2341872639816788,0.5390377852704514,0.0098843397044412
qwen-3.5-plus,1,164cf7,web,38,0.2501408452013461,0.4068987319695143,1.1701677924666964,0.5866412780229032,0.6958886853975258,0.1590279603517904
qwen-3.5-plus,3,164cf7,web,56,0.0936602737971585,0.3470901390844375,1.390243427000292,0.2848362044747159,0.6242581425593047,0.0276101086797664
qwen-3.5-plus,2,164cf7,web,51,0.1656839165089914,0.3781794407024306,1.2809550812096446,0.426494025044463,0.664371185060156,0.0508869716380701
qwen-3.5-plus,2,163518,mobile,36,0.1138517014269045,0.3721684582840514,2.2834526106765196,0.2280765783328954,0.5867746837714043,0.0868601128991369
qwen-3.5-plus,3,162809,poster,48,0.5912657930758671,0.5468917844415229,1.4573338869535335,1.1520857057735048,0.7741698918007499,0.5757227988175256
qwen-3.5-plus,1,162809,poster,40,0.4937647900451726,0.4823135016486246,1.5133668191799303,0.8712826714844502,0.7826642742876335,0.519528414801168
qwen-3.5-plus,2,162809,poster,50,0.5050858797400807,0.4971922718967687,1.45506015469763,0.948773400442446,0.7832962868469374,0.5189957815137571
qwen-3.5-plus,2,1655e9,desktop,49,0.6420731985894508,0.585858051014879,0.7563799524881363,1.0906934793117102,0.7715826692905392,0.6392855276027349
qwen-3.5-plus,1,1655e9,desktop,39,0.4716481914994959,0.501471661724949,1.0224506298629783,0.8385644234438709,0.680394662077782,0.4658929486641351
qwen-3.5-plus,3,163518,mobile,51,0.1101513287638011,0.362521900043895,2.434659763652237,0.2994052693474715,0.5808823565187141,0.0413805064645321
qwen-3.5-plus,2,166bc9,web,45,0.3754502442041761,0.5036944329628958,1.0710997264000246,0.5355470577253618,0.7003176421269764,0.2967443856086251
qwen-3.5-plus,3,1655e9,desktop,48,0.6034252513491075,0.5695461101542014,0.6845829280432967,1.1103575807656685,0.7745219837204931,0.6049932073873289
qwen-3.5-plus,1,166bc9,web,42,0.2434102877264117,0.429279818276277,1.4322138963248974,0.3432762275074047,0.6640979234170433,0.268389305223748
qwen-3.5-plus,3,166bc9,web,40,0.3255161266324119,0.483134290428021,1.0987020611531664,0.4685519799022598,0.7165998441527949,0.3362197787198274
qwen-3.5-plus,1,16830b,desktop,34,0.4823906772743943,0.4752368233508157,1.024152924170454,0.9741770616093178,0.7361798940803049,0.3875599796475593
qwen-3.5-plus,2,16830b,desktop,39,0.3746770059175588,0.4282047204409368,1.1989906268464918,0.7686201647162595,0.688967485610116,0.3438205056993701
qwen-3.5-plus,3,16830b,desktop,47,0.6759709269437273,0.5573344116742205,0.613531579949364,1.3211017336694204,0.8147639395371893,0.5909270297138025
qwen-3.5-plus,1,16a13e,desktop,45,0.5345788324649567,0.5171082705003432,0.8016765184683221,1.6099070409243852,0.8716858941903061,0.429089184085435
qwen-3.5-plus,2,16a13e,desktop,51,0.548440764671754,0.4798819019012115,0.8508447959906638,1.6379966873019172,0.867106229904082,0.4404363928906165
qwen-3.5-plus,3,16a13e,desktop,32,0.381798027374961,0.4206374337322572,1.0632592006341344,1.188003356150324,0.8235924504671737,0.2434145746214638
qwen-3.5-plus,3,1680c9,mobile,30,0.1962570521566572,0.3926492804138807,2.3303307819045425,0.1805338013163386,0.6007143894437997,0.1359527070820356
qwen-3.5-plus,2,1680c9,mobile,33,0.2256528238854622,0.3942698302108559,2.393828449280284,0.3217282901597622,0.599861296727011,0.165074208285171
qwen-3.5-plus,1,1680c9,mobile,37,0.1452740517682338,0.3861888636271475,2.4665503768071733,0.2193248523682245,0.5679427154187281,0.1440378705240604
qwen-3.5-plus,1,16a273,web,45,0.1465680269185517,0.3866187003818936,1.8108545244347884,0.2672957036001252,0.5935180736904444,0.0482479241351051
qwen-3.5-plus,2,16a273,web,53,0.0006906892964087,0.4122181987549789,1.224490539406078,-0.026658768714621,0.4944468198223639,-0.0817479617923069
qwen-3.5-plus,3,16a273,web,48,0.1755698560297334,0.3939552630525649,1.6722730864382285,0.3136755346997157,0.6125348816558355,0.0961476486808507
qwen-3.5-plus,1,16a5c4,mobile,48,0.4964185890651773,0.6190292959367683,0.5104904616370824,0.7270606843336865,0.7050680944325197,0.4065232839727187
qwen-3.5-plus,1,168b3b,poster,39,0.5672035198346046,0.5173585528581672,2.108072946339666,0.9902310566606348,0.7269035454860654,0.434794685023164
qwen-3.5-plus,2,168b3b,poster,39,0.5945263104301901,0.4828321005265026,2.5990367964763976,1.0499909553769593,0.7087632738431473,0.482506552486928
qwen-3.5-plus,2,16a5c4,mobile,48,0.4155372715823874,0.5853865069574399,0.8156521538377763,0.5449742045438237,0.6269896250875494,0.3842893416993151
qwen-3.5-plus,3,16a5c4,mobile,48,0.4306002884211021,0.5782219857832781,0.6889242885200588,0.5831055518429216,0.6561116611992783,0.4085294208590712
qwen-3.5-plus,3,168b3b,poster,40,0.4699283800578109,0.4782611431347716,2.5053995328080783,0.6137117491533501,0.665400562384816,0.350458746272191
qwen-3.5-plus,1,16d9d5,desktop,45,0.5740171938532386,0.574100235482098,0.859049694794823,1.0590652726053258,0.7878699437754414,0.5202655325825284
qwen-3.5-plus,2,16e611,mobile,41,0.4925025875787119,0.5301988438783891,0.7784898515987779,0.9676150261158644,0.7996398866193084,0.4500224544142449
qwen-3.5-plus,2,16d9d5,desktop,40,0.3985520078333154,0.4661104401637047,1.5346260172732475,0.6857795092192277,0.7404116216638426,0.3155626034040736
qwen-3.5-plus,1,16e611,mobile,41,0.5251033533846261,0.5144028315745206,0.8656756680114734,1.0061512510447468,0.8103979140041526,0.4885429955734647
qwen-3.5-plus,3,16e611,mobile,40,0.4874997261624982,0.5151157574148257,0.8373269105062564,0.93335812890764,0.7974226457570274,0.4471176274330581
qwen-3.5-plus,3,16d9d5,desktop,48,0.2283881098526435,0.3918623901074232,1.8379414524854123,0.3971235164802311,0.6726763557857917,0.120224129950905
qwen-3.5-plus,2,172c5d,poster,48,0.6620996747955212,0.6181157881672407,0.533505104272505,1.0310153558814832,0.756884156949157,0.63609455623743
qwen-3.5-plus,1,172c5d,poster,49,0.4719613082544732,0.5540288468158701,0.6812913780359013,0.7896553183269044,0.734387698462821,0.4201992817500363
qwen-3.5-plus,3,172c5d,poster,40,0.4211024315288901,0.535156803024403,0.721803472266634,0.7243124373632679,0.7209613097722934,0.3585751770276016
qwen-3.5-plus,2,170ea3,poster,31,-0.0518058209793395,0.2709688314005125,4.376233693247855,-0.0100412643786959,0.4316037487396143,-0.1651016550859158
qwen-3.5-plus,1,170ea3,poster,41,0.1119555537779233,0.4020995011660095,1.9524191161027789,0.1894430454558093,0.5769565738191007,0.0099062840535276
qwen-3.5-plus,3,170ea3,poster,44,0.1201590535929373,0.4014113858811307,2.2150816503106014,0.1870219334908709,0.5533259191001866,0.0490795205907967
qwen-3.5-plus,1,174696,mobile,40,0.0796871314418093,0.4055623950836621,2.0842011691494124,0.1036425567146403,0.5396167549641772,-0.003668010514609
qwen-3.5-plus,1,179165,desktop,46,0.1416612098952554,0.5508558990306536,0.6616202085409921,0.1815823698362183,0.5503207386446717,0.0865013859006238
qwen-3.5-plus,2,173a17,poster,20,0.1479948272451166,0.2619162327482492,3.784633856421886,0.3198580459560793,0.6135474945503657,0.1380535530814975
qwen-3.5-plus,2,179165,desktop,48,0.2103872836008106,0.5298681889070365,1.1121631163180374,0.2620984772483142,0.5774143109386951,0.0549612096288942
qwen-3.5-plus,1,173a17,poster,49,0.3529573223117396,0.4570906999653494,1.416199684804535,0.7808819438641648,0.7227202608123768,0.3313487571999278
qwen-3.5-plus,3,179165,desktop,50,0.2703176378555097,0.5453194743932483,0.8578632225586234,0.3620822883088529,0.6033950126927939,0.1540464796129652
qwen-3.5-plus,3,174696,mobile,40,0.2116803964865657,0.416628256363816,2.1729588221798695,0.2644421888861015,0.5759703161807463,0.1965104788405786
qwen-3.5-plus,3,173a17,poster,50,0.2465315319942879,0.3824117908592166,1.8735857187137883,0.5318102205919848,0.719360325540354,0.2355833262830468
qwen-3.5-plus,2,174696,mobile,39,0.0833675221327481,0.3947604548413802,2.446745102074802,0.1202165361126132,0.5399168245939908,-0.0314914980873913
qwen-3.5-plus,1,17b8da,poster,46,0.228232378302004,0.490735274409236,0.8673386063885187,0.3387326988444535,0.619807798261525,0.02159641465502
qwen-3.5-plus,2,17b8da,poster,42,0.5054862088684862,0.5699118166863782,0.5776871801503274,0.7602405410218154,0.7192344291179272,0.3066726034057249
qwen-3.5-plus,3,17b8da,poster,32,0.5538480630468213,0.5788418549698082,0.7385880249697625,0.7697376374339718,0.701062657199363,0.3883692622143916
qwen-3.5-plus,1,18177f,desktop,40,0.516397864209897,0.5676066913273237,0.6677112219518629,0.921070933177941,0.7187024294972423,0.4262462977761618
qwen-3.5-plus,2,18177f,desktop,48,0.2926109347166185,0.4856674647396558,1.1124987470964318,0.4514722197876671,0.6342931041918793,0.0997194159861963
qwen-3.5-plus,3,18177f,desktop,50,0.1574550748865114,0.4779826722590776,0.9758950465073334,0.2753591586709609,0.5858749595514129,-0.0253130856001031
qwen-3.5-plus,1,17a8d1,mobile,30,0.2470604285959232,0.4142233829605624,1.9923086868784368,0.2289921070258366,0.6179744549350105,0.1254106069686272
qwen-3.5-plus,1,18230e,web,48,0.6423968477263606,0.6171071166443124,0.5179913547838534,1.23577637091332,0.8297337524980015,0.5885705243166027
qwen-3.5-plus,2,17a8d1,mobile,43,0.1538485172170272,0.4282130835855935,1.5409561190419754,0.1466041578267302,0.575334040392411,0.1018879384047217
qwen-3.5-plus,2,18230e,web,50,0.4385908945442517,0.470550596979627,0.9084109761982996,0.8585227081291628,0.7381419681847448,0.2396748668710955
qwen-3.5-plus,3,17a8d1,mobile,40,0.3278521571652814,0.4740423325178818,1.4637117060602691,0.4078331388254667,0.6849816997990448,0.2122722577531034
qwen-3.5-plus,3,18230e,web,30,0.5453428451318407,0.5675839691945102,0.9216939680872274,1.058707299622874,0.8030532432124718,0.547587048630363
qwen-3.5-plus,1,182715,desktop,40,0.4686168122949695,0.5301760145886909,0.8617942507031302,0.897273433253306,0.7312134058544674,0.4762492620336823
qwen-3.5-plus,2,17e6bf,poster,30,0.3264772778929197,0.4129731138410411,1.9314562062845897,0.7660759007853033,0.7502380365231225,0.3239821347080543
qwen-3.5-plus,2,182715,desktop,40,0.550985421387922,0.5478841268726858,0.7010504492566986,0.9925361999243798,0.7404302577554887,0.5329612145861212
qwen-3.5-plus,3,17e6bf,poster,46,0.2106617835548047,0.4033996981656262,2.2205537455731483,0.4052246441344908,0.6446480937686889,0.19937512300343
qwen-3.5-plus,2,183534,web,50,0.4472893391397371,0.5579842561707714,0.7537588600038967,0.7251774398162215,0.7554296939235077,0.2800636456757055
qwen-3.5-plus,3,182715,desktop,45,0.4473114781658514,0.5170292880530278,0.869132034077459,0.8493567002395713,0.7293896651964767,0.4292838082810253
qwen-3.5-plus,1,17e6bf,poster,30,0.2208833700647122,0.3380246179512324,2.6028943106321085,0.3807480086887476,0.6694452476959393,0.2118120398395465
qwen-3.5-plus,3,183534,web,55,0.4738417562795016,0.5816856488759635,0.7221582999842637,0.7297340109210674,0.7709450634904149,0.320530958172806
qwen-3.5-plus,1,183534,web,44,0.2958939864870276,0.495525709988499,0.988101016148334,0.4850895508686115,0.6889794819471609,0.2192589319263027
qwen-3.5-plus,1,188089,web,43,0.2340790260508068,0.4490136655469475,1.103557266470404,0.4242682423912399,0.6541005933005456,0.0694133450414112
qwen-3.5-plus,1,18f09a,poster,48,0.0696654298386614,0.5007094312646899,0.7937585093110112,0.0513266736241658,0.5228530706526098,0.0505317599641461
qwen-3.5-plus,3,18f09a,poster,39,0.1905306476453727,0.530107096702692,0.688378798085509,0.1997737638410135,0.5619794994795955,0.0678971271588236
qwen-3.5-plus,2,18f09a,poster,48,0.1375532002871225,0.5225611745353721,0.7392554961732063,0.2236000559540255,0.556993171036257,0.0601763297985699
qwen-3.5-plus,2,188089,web,40,0.2314504529542431,0.4417770850199735,1.1331741843826386,0.4137997154674463,0.6568214359949391,0.0441152585833047
qwen-3.5-plus,1,18db69,web,45,0.1514611459356228,0.2618876508893276,2.5402498829909193,0.293606886717807,0.6442645508598885,0.0454192239072696
qwen-3.5-plus,3,188089,web,50,0.0511163055860927,0.3736614274196407,1.4121360468763815,0.0879543396169649,0.5537025863912346,-0.0237172955757217
qwen-3.5-plus,2,18db69,web,40,0.273792895578692,0.3039978454444623,2.7672468432927553,0.4844590794263,0.6624139094618715,0.1697223753139315
qwen-3.5-plus,3,18db69,web,48,0.584128175654233,0.4980208944009885,0.880676064487117,1.2919904684358292,0.8291615385952946,0.4485461494829657
qwen-3.5-plus,1,195990,web,54,0.1334091147289912,0.4050814772125494,1.6046093789798874,0.1488895690888861,0.5983124545103453,0.1121907586779099
qwen-3.5-plus,2,195990,web,39,0.319572781112127,0.4964759455242195,1.2458164192362726,0.4206055363727526,0.6318332286925709,0.2226758248204796
qwen-3.5-plus,3,195990,web,80,0.1354412016545913,0.4086598033832639,1.712056225257717,0.161131647111399,0.5767847474779783,0.1846311259344005
qwen-3.5-plus,1,18f66d,mobile,38,0.4467114961809862,0.4820583348952535,1.226806656093819,1.0677236303408142,0.7711972770649298,0.3866193317477866
qwen-3.5-plus,3,18f66d,mobile,43,0.5037543408661018,0.508825082861015,1.2980401695831707,1.0079919291334531,0.7481609458735348,0.4602277739257919
qwen-3.5-plus,1,1a03d5,desktop,50,-0.2661934008933463,0.3273267569858689,2.8652912530517285,-0.4071563130966434,0.3598329035587697,-0.2635462067175052
qwen-3.5-plus,1,193df9,poster,47,0.2056993103023128,0.414964044942147,1.6728305855806864,0.2576349350823342,0.590202329217727,0.1405862834134675
qwen-3.5-plus,2,18f66d,mobile,31,0.5435201171647925,0.5363135264891885,1.2569668597430108,1.0133966056217607,0.8012767248616022,0.4866135500373019
qwen-3.5-plus,1,196a1e,poster,41,0.2518928596815641,0.4107404793892906,1.9444541920197325,0.4432948936193184,0.6276838273060626,0.303807932884431
qwen-3.5-plus,2,1a03d5,desktop,46,-0.2933042467755417,0.3359849771805631,2.839717544902389,-0.4461015051933723,0.356565657225683,-0.3011739627808779
qwen-3.5-plus,3,1a03d5,desktop,36,-0.0109684403782906,0.2971218950061965,3.788095321396577,0.0125074560960963,0.5393519991979954,-0.0702571636744308
qwen-3.5-plus,3,193df9,poster,40,0.4248106863445926,0.4804422750898873,1.87951919357238,0.5591854882912158,0.6866807164647193,0.3512817568185807
qwen-3.5-plus,2,196a1e,poster,46,0.1090775609212675,0.4063253576928602,1.9740634437664193,0.2037455007914982,0.5593083698322465,0.1103014024282085
qwen-3.5-plus,2,193df9,poster,40,0.3491363974809365,0.4433781298463218,2.4994270715315787,0.5285323349578284,0.6430589067634753,0.312790854135213
qwen-3.5-plus,3,196a1e,poster,46,0.1154032877982871,0.4260986678942485,1.0600828754394402,0.3032841218300509,0.6045501877508687,0.1127175511650355
qwen-3.5-plus,1,1a27f3,web,40,0.4823078251585606,0.506121569236616,0.8838667155755086,0.9408054274109718,0.7573987354760178,0.4729977089198799
qwen-3.5-plus,3,1a27f3,web,47,0.1974912520995253,0.4116565641484042,1.2491512370232332,0.3978814884381396,0.6150259531468553,0.1724333688172601
qwen-3.5-plus,2,1a27f3,web,40,0.2485073608248332,0.4218942918145029,1.3941285378635973,0.5068229242907971,0.6231837134449189,0.2302006529702313
qwen-3.5-plus,1,1a3e47,desktop,48,0.476017778505592,0.4644723392041681,1.0592687479563918,1.1175629138313468,0.7306730568117688,0.4223733944376995
qwen-3.5-plus,2,1a3e47,desktop,51,0.336055284523727,0.4343897906911433,1.101443691412756,0.8035965447196127,0.7340363309508721,0.2748357095552369
qwen-3.5-plus,1,1a5c70,poster,50,0.1399448249055554,0.4056711782385662,1.6077580247905847,0.3089994737799104,0.6182815156983414,0.1983610917467241
qwen-3.5-plus,3,1a3e47,desktop,50,0.2235513675529511,0.3946419274889975,1.347269705399552,0.5985825041736377,0.6782139812249341,0.1497093706354098
qwen-3.5-plus,1,1a2169,mobile,33,0.3278894298305491,0.3316163205231975,2.67915334114914,0.7600161216652215,0.6750927081745517,0.1950375789298919
qwen-3.5-plus,2,1a2169,mobile,47,0.3368471326281748,0.3659120145763523,2.932330773613678,0.6464956558723647,0.6611638657218827,0.1219338773975078
qwen-3.5-plus,2,1a5c70,poster,40,0.2075450973672268,0.4559667605390934,0.9715045394117232,0.4003011780638986,0.6324552136087063,0.2091539334516141
qwen-3.5-plus,3,1a2169,mobile,41,0.5735736308166508,0.4950819722625015,2.4521316665485875,1.2509726010554223,0.7041137134097177,0.5240382768804733
qwen-3.5-plus,3,1a5c70,poster,45,0.4159786114980578,0.5001594021530927,0.8009384659047882,0.7999641026126071,0.7358633225968093,0.4496219988551158
qwen-3.5-plus,2,1a2fc7,mobile,47,0.5185047381692848,0.5624239062595463,1.5050326354943793,1.0467230998693997,0.794740731092806,0.4675342961025885
qwen-3.5-plus,1,1a2fc7,mobile,49,0.4327130925712372,0.4846644797696742,1.1864244334841032,0.8734471674036312,0.7660419442923587,0.3313714512875828
qwen-3.5-plus,3,1a2fc7,mobile,36,0.1802213600907724,0.3664693016105205,2.557157273042976,0.3450810996474241,0.6826790915069161,0.1085323652604457
qwen-3.5-plus,1,1ad1cc,poster,40,0.6000365305585658,0.5957744234501283,0.5511573758520465,0.9786430087794792,0.7764260060337356,0.53987726544703
qwen-3.5-plus,2,1ad1cc,poster,40,0.4855018756705336,0.5684393386093104,0.660966881660163,0.8411251557338708,0.7454625056711663,0.4059566817366121
qwen-3.5-plus,3,1ad1cc,poster,40,0.4654273083666297,0.5575603837918766,0.6829515389316425,0.8016151264919392,0.7336623479682506,0.4111503847923841
qwen-3.5-plus,1,1a9f12,desktop,47,0.2840564885243647,0.4663911814802483,1.1580084924325265,0.5431813185280493,0.657864143310248,0.2520730068480499
qwen-3.5-plus,2,1a9f12,desktop,64,0.2773593991996361,0.5138592256211321,0.8622484655449336,0.5081029854133402,0.6187384868200868,0.2735900457509091
qwen-3.5-plus,2,1acfdd,web,40,0.1922612875302809,0.3837209795598879,1.5455294739843155,0.3387088409183932,0.6455493286938118,0.2208512836648308
qwen-3.5-plus,1,1acfdd,web,32,0.0900816030751721,0.3340982835952624,2.0278358197141615,0.1781632248225261,0.6354658208666022,0.1209108808494796
qwen-3.5-plus,3,1a9f12,desktop,43,0.52941605471162,0.5495095222562466,1.3391909815666383,1.0114397807950783,0.7614190222250306,0.5171866735242612
qwen-3.5-plus,3,1acfdd,web,49,0.1895049885407966,0.3975004565008319,1.3895792087030945,0.3869975465414234,0.6576428182600356,0.1265974062910811
qwen-3.5-plus,1,1b0094,poster,45,0.073986809051108,0.4653517748212001,1.9430812908352029,0.2420670942683619,0.5626143981601474,0.023642424288537
qwen-3.5-plus,2,1b0094,poster,40,0.145253437030567,0.4675868809757368,1.4875383183818371,0.2301745063072917,0.5700302648841223,0.0907952426163194
qwen-3.5-plus,3,1b0094,poster,34,0.1367013860300892,0.4534650901573131,1.9267977512438177,0.2624670237493337,0.5815988814295173,0.0465068907790308
qwen-3.5-plus,1,1b3eec,web,40,0.1992751887163968,0.4707136756055577,1.3666289098680635,0.3315862302161481,0.6470644653427219,0.1676856043124301
qwen-3.5-plus,3,1b3eec,web,35,0.2109706717604154,0.467695326556551,1.4410298787038625,0.3449083613839319,0.6419115980199325,0.1992933620588543
qwen-3.5-plus,2,1b3eec,web,40,0.2606167326611369,0.4769056713789039,1.2278857272661,0.4156482231283269,0.6641993942510236,0.2136566033734803
qwen-3.5-plus,1,1b436f,desktop,47,0.4396910834361837,0.50880981192994,0.8662767335087058,0.7584537261962189,0.6938899931545351,0.3944829708942979
qwen-3.5-plus,2,1b436f,desktop,48,0.4686536333152469,0.5161305649105894,1.25506647678201,0.6957835754540376,0.7329914612027925,0.4593319728835284
qwen-3.5-plus,3,1b436f,desktop,48,0.4031196081626293,0.532905257905628,0.9066521314140156,0.6488807845601082,0.6705006348283069,0.3604352744447075
qwen-3.5-plus,1,1b307f,mobile,38,0.2843709554482627,0.3823707493201108,2.470350572625342,0.5303559892530151,0.6639716877367221,0.0986842508845431
qwen-3.5-plus,1,1b984b,desktop,137,0.5137774805723161,0.5724925091379854,0.7310173439547314,0.7922778667743295,0.7226672320386066,0.5113044814414122
qwen-3.5-plus,2,1b307f,mobile,54,0.3412888459181904,0.3482214451156276,3.600825081205934,0.7674580324471291,0.6795549161242088,0.162813875897471
qwen-3.5-plus,3,1b307f,mobile,51,0.3445053751205613,0.4243067507307256,1.596893629759992,0.8753772316166524,0.711569270175639,0.0852043413809615
qwen-3.5-plus,2,1b984b,desktop,109,0.2927692512681332,0.4853454202223253,0.9040817992313954,0.4345195182563156,0.6223854612351167,0.2007812250179531
qwen-3.5-plus,3,1b984b,desktop,50,0.5687426295338011,0.5935369331357998,0.5956189694562183,0.8802804935379643,0.7490841018860017,0.5276787455514017
qwen-3.5-plus,1,1ba5bc,web,48,0.4254579266367304,0.4678821735087571,0.9609380029627024,0.829881616586512,0.7384355911658037,0.2696705546084541
qwen-3.5-plus,2,1ba5bc,web,50,0.457166820526006,0.4503260061307925,0.9264115785191644,0.8685085470131964,0.738251632092342,0.2585253601778159
qwen-3.5-plus,3,1ba5bc,web,31,0.3955345204344542,0.4837036426350923,1.003559896725856,0.8196885296528366,0.7376692480349663,0.2544833579065373
qwen-3.5-plus,2,1bafe2,web,41,0.1074430344530003,0.3252054367442324,1.6157450147503922,0.1942388083662155,0.5588688026621838,0.1023516642268687
qwen-3.5-plus,1,1bafe2,web,41,0.2076118531964899,0.4136812903829283,1.3564712452693466,0.3432264387685109,0.6379594226792606,0.1159828423533749
qwen-3.5-plus,3,1bafe2,web,50,0.129860811563089,0.3800845393016977,1.4313398416164835,0.2037710148986869,0.6231161111404401,0.052524691095483
qwen-3.5-plus,1,1b4c8d,poster,40,0.1584249438358039,0.3390014022905908,2.9338402233346668,0.3723308719615005,0.5939968569191176,0.1545844003771996
qwen-3.5-plus,2,1b4c8d,poster,38,0.436259173408783,0.4614842043100716,2.367893986001477,0.8716997855473048,0.7236688182481785,0.4021067106748755
qwen-3.5-plus,1,1bf5c6,desktop,40,0.4746228798630798,0.4883398473316871,0.9978965142310424,0.9380661930623032,0.773609534705648,0.5998554330868257
qwen-3.5-plus,3,1b4c8d,poster,30,0.2098071010671175,0.3640718703421547,3.058323349146617,0.474044849990821,0.6641077103269657,0.1538224768540885
qwen-3.5-plus,2,1bf5c6,desktop,57,0.6793834497337019,0.614770795155544,0.9952541894827284,1.3135708834820357,0.808668501550302,0.6104257384136984
qwen-3.5-plus,3,1bf5c6,desktop,46,0.7419364110852729,0.6610658300324698,0.6187772757193113,1.4637660480751071,0.8433506164770248,0.7213736959728416
qwen-3.5-plus,1,1c2bc5,poster,40,0.6501406978027299,0.6236706137605997,0.4891289825669233,0.9695219087671472,0.7762584921307247,0.5410915776700432
qwen-3.5-plus,2,1c2bc5,poster,40,0.6807032918846505,0.6349231560185239,0.4613579816278043,0.9985766258144864,0.7775728610793645,0.5851870632708485
qwen-3.5-plus,3,1c2bc5,poster,40,0.542003918770321,0.5693717672786389,0.609978363478165,0.7696670394396882,0.7207319660032621,0.4945090869600561
qwen-3.5-plus,1,1c27b9,web,50,0.3713224116837183,0.457580954054515,1.353417282562674,0.8550926015189725,0.7864704125789742,0.3649947815710209
qwen-3.5-plus,2,1c27b9,web,60,0.3580645494647335,0.459008405337064,1.1479905681640137,0.8299564604409929,0.7840173994405304,0.3508009818319753
qwen-3.5-plus,3,1c27b9,web,79,0.171192153388879,0.349230578579627,1.6265126098294995,0.3840938836997117,0.7356314624672984,0.1654743016071958
qwen-3.5-plus,2,1bc531,poster,41,0.486924563944339,0.5087914331291218,1.390194665188182,0.8761429079927735,0.7603827500644949,0.4873954137657022
qwen-3.5-plus,1,1c381f,desktop,45,0.0837561132442373,0.3275933897894992,2.550192206154936,0.1129941861331998,0.5812844597078336,-0.041284943113354
qwen-3.5-plus,1,1bc531,poster,40,0.4777425161166662,0.4946400199799911,2.134334761324153,0.9181052457590896,0.726084392394733,0.5165160790706919
qwen-3.5-plus,3,1bc531,poster,49,0.4387479281484387,0.4825841659899358,2.0121241723780305,0.8772614631755992,0.7173922668799614,0.4502308549874593
qwen-3.5-plus,2,1c381f,desktop,50,0.3306155501850758,0.3953577866863316,2.072199793911846,0.6087821214670374,0.6502643622361983,0.2689387906264165
qwen-3.5-plus,1,1ce5f5,desktop,39,0.1454486174881614,0.2932722964382607,2.1802271465261347,0.2756889670676409,0.6567068545507843,0.0475776356650796
qwen-3.5-plus,3,1c381f,desktop,50,0.3697626634967935,0.394437147830147,1.882584653187908,0.6439566418649564,0.6287934977945672,0.3459433240270643
qwen-3.5-plus,2,1ce5f5,desktop,35,0.2794612569502794,0.304821260828114,1.853976526239457,0.7967476504160368,0.6929836485465026,0.2623599218713745
qwen-3.5-plus,1,1d0e96,desktop,35,0.6891921546754111,0.6475198769492859,0.491243977001446,1.2735501346407443,0.849656310415123,0.6587468104754914
qwen-3.5-plus,3,1ce5f5,desktop,41,0.452192022781695,0.3967945455502728,1.8145146590904817,1.1667340388718723,0.7475978472974262,0.3979925539328496
qwen-3.5-plus,1,1c375b,mobile,41,0.3934768821779676,0.4254340885975817,2.4379163121139173,0.6479281324041487,0.6653317254459888,0.3782815275842426
qwen-3.5-plus,2,1c375b,mobile,32,0.4006284582429726,0.4304314692210065,2.550526256302549,0.6437148017084721,0.6694856610630403,0.3781613389942516
qwen-3.5-plus,1,1d1d01,web,152,0.3293416525237709,0.4704694779707076,0.8400422893486199,0.5581542320279786,0.6436096478161099,-0.0170394887291782
qwen-3.5-plus,2,1d0e96,desktop,36,0.6845194766201135,0.6496652482233034,0.4224092699866083,1.2617003286025692,0.8524161594780293,0.6484760205823865
qwen-3.5-plus,3,1d0e96,desktop,32,0.5614779166084245,0.5611452178453146,0.6368584507880409,0.9891710963766582,0.8474567482651849,0.5263157435033706
qwen-3.5-plus,2,1d1d01,web,40,0.0879598247431628,0.3838676578893344,1.4979498650485392,0.1859591011912103,0.6489403914998324,0.0134046432936029
qwen-3.5-plus,3,1d1d01,web,48,0.0884180066599244,0.4254466393691636,1.1806254313499884,0.1888053116911487,0.6040743097119734,0.040862931203325
qwen-3.5-plus,3,1c375b,mobile,44,0.4401814463294853,0.5225697765737489,1.7348048745255968,0.6857941411486147,0.6806116200679313,0.3901326475267599
qwen-3.5-plus,2,1d26b4,web,46,0.1629237552569113,0.3510207839036597,2.272265797489749,0.3213895588477068,0.658714079224185,0.0911448416719238
qwen-3.5-plus,1,1d26b4,web,40,0.5425741959102407,0.4977045997006814,1.7900369648668866,0.9717780435563256,0.7108301453852008,0.465581910795842
qwen-3.5-plus,2,1d5a20,web,40,0.6151985802540922,0.6106075635900792,0.7299515584317662,1.3118759023306092,0.8553579334854943,0.4804029707215042
qwen-3.5-plus,1,1d5a20,web,50,0.74240762914493,0.6535565728539838,0.5110953897674545,1.5816838871693415,0.8701644011106209,0.6178435769650944
qwen-3.5-plus,1,1d99c7,web,40,0.180472389459889,0.4427455433066422,1.9589473156055817,0.402491657098721,0.6302314848626797,0.2833462035032727
qwen-3.5-plus,3,1d5a20,web,40,0.7689995006612879,0.7077188472553775,0.3701139000335101,1.6521420029811065,0.8862805314839017,0.6556521732797638
qwen-3.5-plus,3,1d99c7,web,90,0.1292417281353311,0.4867305100952822,0.9108857639370296,0.3055270756616405,0.5646919698473957,0.0160548765490082
qwen-3.5-plus,2,1d99c7,web,40,0.2984663444045376,0.4618066832550795,1.5662978312419995,0.564687637345317,0.6752063193309652,0.3507267818012859
qwen-3.5-plus,3,1d26b4,web,46,0.2659988433894568,0.4117409936631628,1.4820469358296309,0.5414522740536158,0.6551790218747866,0.1657997624748002
qwen-3.5-plus,1,1dd3f0,desktop,52,0.1680746598714549,0.2336741507610122,5.395950268711157,0.3925637504399052,0.5835225611257695,0.0717690233955918
qwen-3.5-plus,2,1dd3f0,desktop,47,0.2082904731758717,0.3794427583230697,2.058740757978921,0.2407712102905925,0.588802037663367,0.1320789347975628
qwen-3.5-plus,3,1dd3f0,desktop,31,0.0338243684073784,0.228626640017938,5.024115782383944,0.1518839222710706,0.5799777018631322,-0.0592466565773507
qwen-3.5-plus,2,1de187,poster,40,0.3001379189097304,0.4966530489226025,1.0516819093529954,0.522694348084962,0.665954047525731,0.1670085737308183
qwen-3.5-plus,1,1de187,poster,47,0.1957403147508999,0.4493422120908133,1.4873259836287511,0.3707313788144277,0.6134114366453758,0.1312299645834187
qwen-3.5-plus,1,1e1131,poster,49,0.2956179494122042,0.4406387963222447,1.1424024879657575,0.596420068159441,0.7151184196131467,0.2278375151994476
qwen-3.5-plus,2,1e1131,poster,45,0.4177637705783656,0.5052084691911036,0.8150511897704751,0.8441332760938455,0.7578635549252779,0.3180230108166991
qwen-3.5-plus,3,1de187,poster,47,0.2611362267367321,0.4640580666211642,1.268963885712994,0.4774935208080866,0.6469210379351713,0.1687924918273541
qwen-3.5-plus,3,1e1131,poster,40,0.5853417406763761,0.5951330901083376,0.6134213130734447,1.2023675548324508,0.8094780003249135,0.5103386888306465
qwen-3.5-plus,1,1dd09f,mobile,41,0.0335967773937581,0.2363930866150702,5.199999074547758,-0.0511483084359756,0.3870980508116668,-0.1397746628550127
qwen-3.5-plus,2,1dd09f,mobile,42,0.1399244252588469,0.3282644667270621,3.1296556249489593,0.2111429874932685,0.5612991042686828,-0.0168449082493711
qwen-3.5-plus,3,1dd09f,mobile,50,0.2141427614310719,0.3325926335022695,3.270473312249884,0.4035265465907914,0.6514074607119256,0.1631267227382108
qwen-3.5-plus,1,1e27b2,desktop,46,0.684868384842441,0.5827895226344213,0.7323523358933877,1.4280505836531845,0.8176973803134956,0.6401090917807182
qwen-3.5-plus,2,1e27b2,desktop,100,-0.0324655661495332,0.3357864515514032,1.3891889509948567,-0.0174836189943479,0.502405509447341,-0.0808920834971159
qwen-3.5-plus,3,1e27b2,desktop,50,0.726086164921719,0.5863347540447309,0.61894299408462,1.5604363438540203,0.8300745174059629,0.6684245602985139
qwen-3.5-plus,1,1eb64a,mobile,51,0.6766167497656501,0.5650692251808009,1.1479564289351296,1.2908949861197554,0.741529284497841,0.6344513643887412
qwen-3.5-plus,2,1e79f1,web,40,0.4508039759573984,0.5259405178501798,0.8506542270390409,0.8384164421088465,0.7628192072963784,0.4095867666309564
qwen-3.5-plus,2,1eb64a,mobile,50,0.4328439390402402,0.4366762681102559,2.2241061764996073,0.9202766420540937,0.6850796385736807,0.3779615801708986
qwen-3.5-plus,1,1e79f1,web,37,0.2825062147037317,0.4258717615107439,1.3593687408775532,0.5123301140670753,0.6606873702216153,0.2576291861937836
qwen-3.5-plus,3,1eb64a,mobile,40,0.6052225796350863,0.5140721334240433,0.8502249856978406,1.0935279398360804,0.7601967633023478,0.5734910165225188
qwen-3.5-plus,1,1ed970,desktop,48,0.4001826450465806,0.457332948373836,1.283038266572332,0.7055991359924982,0.6837543968402287,0.3101569370214548
qwen-3.5-plus,2,1ed970,desktop,40,0.451552559255974,0.4641113113669696,1.204848235957274,0.8403559845346981,0.6885307228067398,0.3629707927523745
qwen-3.5-plus,3,1e79f1,web,30,0.4592784913554218,0.5250729143709301,0.9075653838635568,0.8594145326461443,0.7622487718513712,0.4117573855416935
qwen-3.5-plus,3,1ed970,desktop,52,-0.0488883489972996,0.2467590292469946,2.518538517238922,-0.0987192936541144,0.526284366448712,0.0018409713416695
qwen-3.5-plus,1,1ee232,web,40,0.1935317671901834,0.47678920588863,1.1042896550521402,0.3184638446619789,0.623573859356651,0.1520222930073657
qwen-3.5-plus,2,1ee232,web,50,0.2405453109440831,0.4900063543679238,0.9937884834051522,0.3602424930296782,0.6172079178691285,0.2566966086501289
qwen-3.5-plus,3,1ee232,web,32,0.1138424655871898,0.4267372466152578,1.59797994753452,0.2085332257776837,0.5754991006360521,0.1362280473426304
qwen-3.5-plus,2,1f192b,web,46,0.231570481761014,0.4601509295765108,1.1940677419911951,0.3462368636639461,0.6304231690873163,0.2307254934685013
qwen-3.5-plus,1,1f0773,mobile,38,0.227717896725674,0.3353540880256398,4.064318069414009,0.421515856257696,0.5520099408693931,0.2341583256722759
qwen-3.5-plus,1,1f192b,web,50,0.2858063446896481,0.4678284868872616,1.0764940002129977,0.3984808020245092,0.6399526169080826,0.2558777016230906
qwen-3.5-plus,3,1f1736,mobile,38,0.2567879842784284,0.3743516668202508,2.4867044523233997,0.6820019942715235,0.6600825101718487,0.2543383872641538
qwen-3.5-plus,2,1f0773,mobile,40,0.3174258935544152,0.3954654870364543,2.0816712102841803,0.5745973071735471,0.6695186302586746,0.3485741300998659
qwen-3.5-plus,3,1f192b,web,50,0.2795957205012825,0.478840392597003,1.1944034310295528,0.4296279469428108,0.6106006109618496,0.267630138393254
qwen-3.5-plus,1,1f1fff,desktop,51,0.5272271040438399,0.5640625149964538,0.6096266865042083,0.8873446516611363,0.7664915747091764,0.4088395282165509
qwen-3.5-plus,3,1f0773,mobile,50,0.2629725880765751,0.4049011315526501,2.3432950381794404,0.40261181546951,0.6221771943734129,0.258774102713362
qwen-3.5-plus,2,1f1736,mobile,45,0.3270902782606631,0.4283887555245902,1.7853980916363743,0.7001636430643943,0.7018650233224586,0.2968939462562213
qwen-3.5-plus,1,1f1736,mobile,40,0.0448604119658913,0.292130373277946,3.2877653460594107,0.1934349780622362,0.5601971977194785,0.0592301987923294
qwen-3.5-plus,2,1f1fff,desktop,45,0.2202728435551452,0.4156095840918019,1.7188055956072257,0.3773471820358947,0.6459730087187823,0.0593505374622354
qwen-3.5-plus,3,1f1fff,desktop,49,0.3972869936452979,0.5290578442103124,0.7502161890256217,0.663699118487167,0.7135241787541664,0.305691540503393
qwen-3.5-plus,2,1f3437,desktop,40,0.7152984251608363,0.5801125916959732,0.7715680867715009,2.1958678761378225,0.8959054982308552,0.6487956601498387
qwen-3.5-plus,3,1f3437,desktop,49,0.6512148935714839,0.5431652892298898,0.8847405400453524,2.0002726994058935,0.8882851881123038,0.5854334532639607
qwen-3.5-plus,1,1f3437,desktop,45,0.5904639520436424,0.5230558452442934,1.2751591623386027,1.7478626719973251,0.8626734976841447,0.5112379560084722
qwen-3.5-plus,1,1fdbf2,desktop,50,0.4943332741401747,0.5389982193435061,0.8716982059316245,0.7015569411872509,0.6632338906969284,0.4672361712825676
qwen-3.5-plus,2,1fdbf2,desktop,40,0.560700130886262,0.5650655009294658,0.6134885980911664,0.8340518603590479,0.7120637160041109,0.5779106538985911
qwen-3.5-plus,1,1f5664,poster,46,0.2566543881255667,0.4788998922587127,1.5124919643732797,0.2905752832003848,0.5389669688123067,0.1848901158119739
qwen-3.5-plus,3,1f5664,poster,40,0.1320441639204345,0.4705924637097498,1.6796913986382969,0.1137696073703611,0.5313187207608954,0.0583795422213354
qwen-3.5-plus,2,1f5664,poster,36,0.1385211933342632,0.4436499992767501,1.7569641479070783,0.1935377232895076,0.5647399338288017,0.1133646396554693
qwen-3.5-plus,3,1fdbf2,desktop,40,0.4617158460271124,0.5504207117877298,0.6750076291054142,0.6675656230911684,0.7012786371030422,0.4731077721847923
qwen-3.5-plus,1,2019ad,web,40,0.2318798758868579,0.4894759423268501,1.1757830953056054,0.3359194745489416,0.623298781699283,0.1668600995568687
qwen-3.5-plus,2,2021b7,desktop,34,0.5766260447520689,0.5930458992780241,0.6848060711728017,1.172719183015614,0.8159608385159449,0.5269196613767382
qwen-3.5-plus,1,2021b7,desktop,48,0.5243130169796713,0.53613087645948,0.7569419798561756,1.058017914511089,0.7907196755419199,0.4668156141762277
qwen-3.5-plus,2,2019ad,web,47,0.1737817208985901,0.4439207979179738,1.3771334815108638,0.2175705509715738,0.589019361420646,0.1127184196984996
qwen-3.5-plus,3,2021b7,desktop,42,0.6380791338486741,0.6329221563227797,0.4938811493037567,1.2903463334530043,0.8491922295105834,0.6068352538456127
qwen-3.5-plus,3,2019ad,web,48,0.1750599779348349,0.4667782586851945,1.2309495738464624,0.2663408096804804,0.5973214969968236,0.1189667426439216
qwen-3.5-plus,2,207fd4,mobile,47,0.4567843544357288,0.4417295806604777,3.02765473831656,0.4940623059013004,0.6273098436708493,0.4484931408337937
qwen-3.5-plus,1,207fd4,mobile,46,0.2565694656449679,0.3826576067988271,3.067244729362342,0.324945671056969,0.6017380179145225,0.2628224483111055
qwen-3.5-plus,3,207fd4,mobile,46,0.3825908691654102,0.392359363881228,3.088137421902597,0.4958546377648746,0.6535393959354027,0.4038821625009693
qwen-3.5-plus,1,2089d4,poster,48,0.5462730098800754,0.5355629282435597,0.9378685597690756,1.2169642169280994,0.8012113274901724,0.5261937489387941
qwen-3.5-plus,2,2089d4,poster,50,0.7278323965458002,0.6217761286664878,0.5252933968281065,1.5115540387972757,0.8396521764443176,0.7238920745092465
qwen-3.5-plus,3,2089d4,poster,50,0.7386746211195712,0.6354385525625286,0.4585406828807384,1.5077497737464232,0.8424235571095988,0.7271597626095341
qwen-3.5-plus,2,20beb4,desktop,48,0.2596175505148299,0.4744305643259165,1.4387769233824002,0.453351522296715,0.623940110099631,0.2395630473639797
qwen-3.5-plus,1,20beb4,desktop,40,0.3509538550424323,0.492253322256853,1.042234535177205,0.5656961343309772,0.6438579101746525,0.3335718920053447
qwen-3.5-plus,3,20beb4,desktop,45,0.2861201259549663,0.4745690363367342,1.206290348359693,0.4472920187930426,0.6098139162665497,0.2728662723235932
qwen-3.5-plus,1,20bf03,web,49,0.0748694192637481,0.3392243349511342,2.0345635389546293,0.2389110503559051,0.5847033032680689,-0.0031889094898302
qwen-3.5-plus,2,20bf03,web,45,0.0563842818919977,0.3345454733936879,2.144176747700668,0.1830233430278802,0.579728327320319,0.0085764884563241
qwen-3.5-plus,3,20bf03,web,48,0.0943849345955366,0.3390574737916951,2.181128813502137,0.287467889973642,0.5939902915931963,0.0251282348956687
qwen-3.5-plus,2,1fac04,poster,51,0.157500417102337,0.2069999923869816,5.501214055913905,0.3241052865609821,0.4112011489338596,0.1236476195916882
qwen-3.5-plus,2,20e9c6,mobile,38,0.2664692852627767,0.4297634772803399,1.760355707580226,0.3885126594116974,0.6428579050236746,0.2355579938239567
qwen-3.5-plus,1,20eedb,web,45,0.0799790415085107,0.3713079162740837,1.542360708612197,0.0240888607476024,0.51438826757288,0.1580149101708181
qwen-3.5-plus,1,20e9c6,mobile,30,0.2384993658103789,0.3903274306463167,2.2209561718549726,0.3318324013328841,0.6247500364327893,0.2326332043572167
qwen-3.5-plus,3,20eedb,web,40,0.0693311519629666,0.3912894933118994,1.331991121989004,0.078551401750455,0.5715011175087601,0.1622184036737027
qwen-3.5-plus,2,20eedb,web,40,0.106169653255896,0.414815270131215,1.1585987559825834,0.1449514856969568,0.6175230820365111,0.2004593891156843
qwen-3.5-plus,3,20e9c6,mobile,22,0.2609832122060284,0.3612330670277072,2.8610292131013724,0.3899408408775292,0.6493593767351986,0.2309407445219616
qwen-3.5-plus,1,2103ee,web,81,0.1356074128429172,0.5520279773943967,0.7295592954798151,0.2339093891641883,0.562493249919136,0.0671887588314299
qwen-3.5-plus,2,2103ee,web,50,0.1114034718330324,0.438825908516434,1.794769809179283,0.2059835752840345,0.5594312898743204,0.108834930717098
qwen-3.5-plus,2,210e46,desktop,48,0.3097731611174789,0.509314191504004,1.0790145884020763,0.4117189802273797,0.6172480497204045,0.333602554371322
qwen-3.5-plus,1,210e46,desktop,57,0.4546889559709509,0.5776964648591996,1.0032932132339625,0.6434420474458812,0.6676347954512697,0.5023648693806354
qwen-3.5-plus,3,2103ee,web,81,0.1356074128429172,0.5520279773943967,0.7295592954798151,0.2339093891641883,0.562493249919136,0.0671887588314299
qwen-3.5-plus,1,1fac04,poster,48,0.2210598395517908,0.2394066678854831,4.690327548940566,0.6597159269102575,0.4934948185885526,0.2185930418315325
qwen-3.5-plus,3,210e46,desktop,47,0.3156219061334623,0.4906252944748469,1.3054380562265964,0.3927868464392567,0.6176040983152585,0.4097784745959933
qwen-3.5-plus,1,212589,poster,40,0.3916484245295484,0.5566753898644603,0.6579751732819774,0.4722717612390275,0.649224892540533,0.365919341978253
qwen-3.5-plus,2,212589,poster,40,0.1567405946242515,0.5021059011295363,0.785895104633878,0.1612330851936373,0.5954319188088256,0.2477532466704723
qwen-3.5-plus,3,212589,poster,48,0.4614930731628353,0.5965775896641555,0.5870753497368857,0.6382314461090072,0.6951028027110863,0.3152071418957717
qwen-3.5-plus,3,1fac04,poster,62,0.1817604859892599,0.2343599557657219,4.5227623047815815,0.3539450360059397,0.4917850055691337,0.1682965829288716
qwen-3.5-plus,3,2154a3,web,45,0.29964640907667,0.4767190914654314,1.3039354660535918,0.4970825216642678,0.647851691798912,0.2999924826914886
qwen-3.5-plus,1,2154a3,web,43,0.3755102636312701,0.5001544898133697,1.096455080021574,0.5478632857167948,0.6581471432763719,0.3607394235539572
qwen-3.5-plus,2,2154a3,web,51,0.374102252178098,0.4967397980168249,1.1500305054467754,0.5704063623653587,0.649932495203052,0.378990539838987
qwen-3.5-plus,1,215977,web,44,0.1622313150810399,0.4079649699942853,1.7527319322970505,0.2552869945976476,0.5846563853844178,0.1036210921734309
qwen-3.5-plus,2,215977,web,46,0.2940746622431558,0.4522833220738525,1.2758268346335095,0.4775476392731172,0.6705663641106808,0.239850716862867
qwen-3.5-plus,3,215977,web,45,0.2895616033603094,0.4529889311933236,1.262727567823597,0.4833868254674586,0.662045069712883,0.2347773852065279
qwen-3.5-plus,1,217749,desktop,39,0.440856456263913,0.5139230890033258,1.6129960593151065,1.0668250351224355,0.7789203051452488,0.285211384018266
qwen-3.5-plus,2,217749,desktop,36,0.4935041784048998,0.5318830200268808,0.945444352877502,1.2097199466710071,0.8423748076588415,0.420097888333147
qwen-3.5-plus,2,203a7b,poster,49,0.2269891972464727,0.2694243913911994,4.182156771018683,0.5055935734743924,0.510683049515486,0.2266898202159461
qwen-3.5-plus,1,203a7b,poster,38,0.215781404154176,0.2448751873275675,4.62637347617083,0.4780859857274293,0.4735522592516475,0.235665531054536
qwen-3.5-plus,1,215727,mobile,30,0.4614265270716791,0.4511751341877518,2.3932026190625137,0.7673367617849649,0.6938776636053622,0.4523135131894564
qwen-3.5-plus,3,215727,mobile,37,0.4436713850929472,0.4428584453487553,1.9290234589064783,0.6210105825566072,0.7226120929126841,0.432738260752199
qwen-3.5-plus,1,217ab4,mobile,39,0.2864881639089431,0.539879851470911,0.8216566248829367,0.4977013615718564,0.6268960455762831,0.3302736599786
qwen-3.5-plus,2,215727,mobile,48,0.3794004102888421,0.5036664772959734,1.2017865064415552,0.5733797040016313,0.6559736994750953,0.3348834838579309
qwen-3.5-plus,2,217ab4,mobile,41,0.2609982301291645,0.5893621734422436,0.6985046845211822,0.4827270176075825,0.6470576193261537,0.2002317360433655
qwen-3.5-plus,3,217749,desktop,37,0.3938798619104582,0.5051478991639294,1.0836249042065118,0.9316908345321496,0.8229354435021587,0.2367070408110152
qwen-3.5-plus,3,217ab4,mobile,50,0.3336044370442775,0.5934518409043725,0.6243368144415044,0.519050453680349,0.6447529223766988,0.288578228124253
qwen-3.5-plus,3,203a7b,poster,49,0.0611398039198303,0.1846831675561226,4.914677396154035,-0.0554370615141125,0.4264298183145395,0.0522797781869625
qwen-3.5-plus,1,21c674,web,59,0.0743865249222734,0.4256486945845968,1.4679651034690622,0.1426620557647116,0.5433177930396531,-0.0085744458930151
qwen-3.5-plus,2,21c674,web,45,0.1454497915273536,0.4008164373051281,1.6421354515378883,0.3173065393680258,0.6263746555256449,0.0991701717384891
qwen-3.5-plus,1,21d79e,web,32,0.1068192977671864,0.4116702618888529,2.6194337262138627,0.1838226846518108,0.550254895086727,0.0383471543628187
qwen-3.5-plus,1,22411d,poster,41,0.4281721052999923,0.4914588092278408,0.9653160459132484,0.7752047994432835,0.7211494304120806,0.3972605732186942
qwen-3.5-plus,2,221587,desktop,40,0.4066615717139898,0.527970176987716,0.9876344246201588,0.6203835509112053,0.6811401442798225,0.4705971766006289
qwen-3.5-plus,1,221587,desktop,51,0.233844992910526,0.4297983262235247,1.9646059217638665,0.3127184990197826,0.639714699190401,0.3399324442347354
qwen-3.5-plus,2,21d79e,web,50,0.025642521292353,0.4490588973063448,1.5887111224879549,0.073137439986079,0.5460774331469104,-0.0434337509264692
qwen-3.5-plus,3,21d79e,web,32,0.024080381099244,0.3626611387292366,2.819390507891881,0.059139961549656,0.5302380365714692,-0.0627020183937953
qwen-3.5-plus,2,22411d,poster,49,0.5067403049207408,0.5331608387961919,0.6789751259507542,0.920336554620502,0.7622685745258909,0.4841697513193236
qwen-3.5-plus,3,22411d,poster,50,0.4209746807571868,0.4911550615665865,0.7790328171035293,0.7193196671993187,0.7188953310075147,0.4200535078031887
qwen-3.5-plus,3,21c674,web,50,0.0611022066937263,0.3898185375727138,1.5939836210049467,0.0884040639827189,0.5319374559815,0.0258688653726825
qwen-3.5-plus,3,221587,desktop,50,0.2709068577485243,0.4978913895629629,0.9772938623341888,0.4342183905114554,0.6493645149468252,0.3057021799167383
qwen-3.5-plus,1,22651b,mobile,40,0.4057627310176724,0.5019804898715312,1.6886778741304964,0.6777842537679547,0.6972141580229807,0.3538377073394037
qwen-3.5-plus,2,22651b,mobile,43,0.2608522764049764,0.4614712562997958,1.863835971232641,0.3226028401953692,0.6270100569839276,0.2199654575582761
qwen-3.5-plus,3,22651b,mobile,35,0.340536983128601,0.4445756640929575,2.2444021615520136,0.4510253768200684,0.6868295740381302,0.2844828570528542
qwen-3.5-plus,2,226f76,mobile,34,0.2728943501865488,0.4389073163886924,2.441996903477055,0.4202464785045578,0.5989018796084893,0.2986428790049267
qwen-3.5-plus,3,224be3,poster,39,0.2990085317311624,0.368199799060776,3.672588326374524,0.5655735964354133,0.6014453307553002,0.3293960812543957
qwen-3.5-plus,1,224be3,poster,40,0.5775839842447239,0.5167164908016547,1.7933290208545478,1.0622023513328505,0.7659795709173365,0.5877471469359904
qwen-3.5-plus,2,224be3,poster,49,0.5528643571414482,0.5450239874403057,1.2941903199316929,1.053058211040499,0.7480572778464505,0.5878564969038776
qwen-3.5-plus,1,226f76,mobile,39,0.2604058192836266,0.4581504466378557,2.0455062657234584,0.4299393686560696,0.6078352605774202,0.2823670489951444
qwen-3.5-plus,3,226f76,mobile,40,0.2681865557829832,0.4770941978291579,1.721144441968066,0.4459153547262675,0.6074771235832586,0.2334617834163398
qwen-3.5-plus,1,229d89,desktop,47,0.3931680267049139,0.4940867640739896,0.9060074126048342,0.6602347724778271,0.6428442458171263,0.3590777168644524
qwen-3.5-plus,2,229d89,desktop,40,0.7155587668404744,0.5923771867972539,0.9948226967358584,1.3245759253902647,0.7522677614084698,0.7222557041186644
qwen-3.5-plus,3,229d89,desktop,53,0.4334428549582634,0.5213878190874489,0.8122789681010032,0.7586435798040383,0.7023290914672545,0.4333597152087716
qwen-3.5-plus,1,22dd48,desktop,45,0.2123908194697518,0.4291880529387116,1.320748759813131,0.3869569740095814,0.6732008061401319,0.2831562826214648
qwen-3.5-plus,2,22dd48,desktop,38,0.402454936434848,0.4669292253500353,1.6914614493561972,0.7175501648977308,0.6943623642961003,0.4385798744472771
qwen-3.5-plus,1,22eaed,poster,40,0.2381814428422216,0.3859181633625478,1.237080800702849,0.448042211444311,0.6411453771170973,0.0075000530839532
qwen-3.5-plus,2,22eaed,poster,48,0.1315421244407312,0.3649687737802622,1.3442959733121245,0.2142134422573868,0.572318360747395,-0.1005381786254739
qwen-3.5-plus,3,22dd48,desktop,46,0.2740368949517774,0.4635896167179586,0.9305701440248269,0.4756385880175057,0.6432215838957382,0.3035655416976119
qwen-3.5-plus,3,22eaed,poster,50,0.3516294825693929,0.4534991021633679,0.930926403308172,0.7147773661551388,0.7062594447318005,0.0349882727900484
qwen-3.5-plus,1,2298de,poster,40,0.6518780382691921,0.5317787968547508,2.4629385562038792,1.293265675305016,0.7259731494828942,0.6341674086510845
qwen-3.5-plus,2,2304c8,web,50,0.5784470628846272,0.5797903164578088,0.6303608966836876,1.2495928412448731,0.8303697599378966,0.4048336976488559
qwen-3.5-plus,1,2304c8,web,38,0.4737281948754379,0.5388969397258171,0.7882213260423796,1.0811458475636564,0.8117758920573751,0.3324748856202522
qwen-3.5-plus,3,2304c8,web,39,0.5125297782440446,0.5532544928572949,0.7337848166107228,1.1350493888626094,0.8151051754658741,0.3688904942319703
qwen-3.5-plus,2,2298de,poster,39,0.513229636148053,0.4290966524697862,3.1282225473340155,1.2314576026895174,0.7171799649224199,0.4819751130012195
qwen-3.5-plus,3,2298de,poster,46,0.5636218816945384,0.509132017434764,1.7036110148958783,1.2677222988100034,0.8044288953664321,0.5356455909750206
qwen-3.5-plus,2,230d6a,poster,51,0.2369454390256854,0.4703597604407752,1.477591922515112,0.3937030666534434,0.6154946592060621,0.1156997445100348
qwen-3.5-plus,3,230d6a,poster,50,0.1616903071469697,0.4232312683272877,1.8559259271032968,0.2578700086851095,0.5860682322917682,0.1409520660652831
qwen-3.5-plus,1,230d6a,poster,48,0.1487014325835973,0.4125400517072281,1.8604717434171616,0.2487233423436942,0.5929428647584655,0.1480694449337993
qwen-3.5-plus,3,235508,mobile,40,0.3642761440900566,0.5920580056296969,0.7515751784551018,0.5587453925398871,0.6583552581663792,0.2812625058235143
qwen-3.5-plus,2,235508,mobile,50,0.5571895967066587,0.6334281219449834,0.6148873467077329,0.8435878665139396,0.7124750379185939,0.4146735120542389
qwen-3.5-plus,1,235508,mobile,41,0.559003512977537,0.6451495395387619,0.5723629880194758,0.8147518895226036,0.7136930554415852,0.4047568790043146
qwen-3.5-plus,3,2336ff,mobile,40,0.3898089371647517,0.3934174178586517,2.7259154300013213,0.7561072254576067,0.7005907167780671,0.3489534937899433
qwen-3.5-plus,3,237216,desktop,80,0.6192467864682116,0.5736936827023489,0.7434105938503612,1.0337572421352383,0.7688059982583377,0.5609201046576416
qwen-3.5-plus,1,2336ff,mobile,48,0.478338415295555,0.5117572895786031,1.649869661949308,0.7460808623644574,0.6827112524944966,0.4512605290736038
qwen-3.5-plus,1,23981a,poster,33,0.5985240872475148,0.5963904219715641,0.4926216850749568,0.8554685036649907,0.7614920580100458,0.5982208410326596
qwen-3.5-plus,1,237216,desktop,40,0.5627408434312956,0.5629213251544551,0.6700441108773624,0.9659765254543669,0.7567898119021621,0.5255288569999201
qwen-3.5-plus,2,2336ff,mobile,46,0.3319298283170615,0.4502313907360621,2.1655124965709196,0.5630389143934207,0.6864613376206128,0.3090099304843231
qwen-3.5-plus,2,237216,desktop,63,0.5502417520242595,0.5574989487014678,0.6628701258563066,0.952932152057718,0.7493464944163524,0.5297444607703824
qwen-3.5-plus,3,233a4c,mobile,49,0.2607862228414236,0.4526736082282009,1.3408152976722176,0.3434292638515503,0.6758946294313152,0.017574262255478
qwen-3.5-plus,2,23981a,poster,30,0.4481323396177951,0.5682866363219721,0.5798071474675573,0.6303954439468464,0.6959498263883449,0.4512113467063682
qwen-3.5-plus,3,23981a,poster,30,0.5334737884894469,0.5738593646551851,0.5612594508908363,0.8055683859587502,0.7306482534788769,0.554151955500329
qwen-3.5-plus,1,233a4c,mobile,30,0.2917184525630251,0.4285226295976319,2.057058597211918,0.3897882161451409,0.6514026954316461,0.1413542731278013
qwen-3.5-plus,2,239f23,poster,54,0.2768247670692841,0.4621682680875745,0.971728092840979,0.5056742482365731,0.6741226489188845,0.2752611843308832
qwen-3.5-plus,1,239f23,poster,60,0.3606137927441093,0.4990047193313431,0.8806838709455652,0.6410800859297361,0.696410337429518,0.3486801828383314
qwen-3.5-plus,2,233a4c,mobile,40,0.3090061930724731,0.4268648059267255,2.0766430529583384,0.4269075921365574,0.6704726229729783,0.0386392450692757
qwen-3.5-plus,3,239f23,poster,50,0.3256145266092569,0.4706454975367732,1.543843534182168,0.5597258110623197,0.6503647526107068,0.3108367083891519
qwen-3.5-plus,1,2428cc,poster,45,0.1319022765602564,0.4931145805033513,0.9763849038364348,0.229402065759717,0.5680279346957593,0.03960409687005
qwen-3.5-plus,3,2428cc,poster,40,0.2167168701389074,0.4813221306474184,1.5215602407623887,0.3179768650421513,0.5943963013133676,0.0716712071366734
qwen-3.5-plus,2,2428cc,poster,47,0.0718026580264312,0.4497672086559064,1.0851992172092308,0.1072862986068789,0.5416090483172148,-0.0036352372659493
qwen-3.5-plus,1,24425e,web,41,0.1786847548980571,0.3874136638151954,1.692210121382527,0.2386726373500451,0.6432230215707735,0.0979568441581957
qwen-3.5-plus,2,24425e,web,49,0.0793804511592551,0.3472944905123587,2.2367518720910935,0.085142267462578,0.6217881830004336,0.0704039040848931
qwen-3.5-plus,3,24425e,web,49,0.1457489120425739,0.3994261028114318,1.5826941510857524,0.2446697688259215,0.6649375270175607,0.1149371875535899
qwen-3.5-plus,1,23b246,mobile,50,0.3823226832020843,0.4914670468933365,1.303210282434889,0.6241873814653982,0.6898640517544874,0.2988463787737469
qwen-3.5-plus,1,23f03c,mobile,50,0.1478819812688888,0.2772026119406693,4.464450340278563,0.2467462550026275,0.5060584661499572,0.1285953269565385
qwen-3.5-plus,2,23b246,mobile,47,0.3903690635706649,0.4681481336924322,2.4632611049504978,0.6970731766596261,0.6706886081519139,0.3288302052935584
qwen-3.5-plus,2,23f03c,mobile,40,0.4691181252746119,0.4674656170604214,2.278966678136595,0.944317229076142,0.6719907765964571,0.4407192371084971
qwen-3.5-plus,3,23b246,mobile,45,0.3813887725112605,0.4536395381709517,2.4150662064709323,0.6521203530938686,0.6777198776961555,0.305530141910226
qwen-3.5-plus,3,23f03c,mobile,34,0.112115857332372,0.3653891063817555,2.828075958006836,0.0821940321535613,0.5294445015171994,0.1019419428350119
qwen-3.5-plus,2,244817,desktop,39,0.4644098382706238,0.5765980154368561,0.9628670774105376,0.6545895542413718,0.6664858007816985,0.4639053771383719
qwen-3.5-plus,1,244817,desktop,40,0.4137914786683025,0.562096174624479,0.8682340090035975,0.6063419220069045,0.6561098308885626,0.4137636268190307
qwen-3.5-plus,3,244817,desktop,37,0.1902076382330771,0.4518415087339692,2.8991594947266055,0.2448048086982164,0.5523801077080766,0.1895452725359945
qwen-3.5-plus,1,244dfc,desktop,49,0.5743633350749051,0.5840104275428218,0.7414810616443377,1.1474803551183024,0.7817650747589001,0.5801818136257216
qwen-3.5-plus,2,244dfc,desktop,35,0.6499300463543787,0.6019448070388137,0.6854676979784666,1.2122690620824643,0.7861086244424351,0.6536781604618783
qwen-3.5-plus,3,244dfc,desktop,37,0.5713833786630904,0.5551013842022969,0.7612731888380779,1.1766701212586468,0.7622522566378278,0.5720909656045527
qwen-3.5-plus,2,24776f,web,35,0.4268242085833362,0.5109493494470037,1.1262337931003907,0.7147656487475621,0.7183276582438851,0.452009918075639
qwen-3.5-plus,3,24776f,web,40,0.3795535879960758,0.4856447057658511,1.1431361540273774,0.6395450110053367,0.7194145980278194,0.4110937080056698
qwen-3.5-plus,1,24776f,web,40,0.5319881601044154,0.5680313165368623,0.7969498506488255,0.8621695368405676,0.7532096737208253,0.5434099752891526
qwen-3.5-plus,2,2481a3,web,45,-0.009916736596583,0.3941599063217532,2.2352595438953404,0.0129537664666176,0.5401318893403416,-0.0713274211385934
qwen-3.5-plus,1,2481a3,web,45,0.1908324150246107,0.4950771068416844,1.263857700404159,0.2447423060892783,0.585607274166676,0.1250738503888024
qwen-3.5-plus,3,2481a3,web,46,0.320394274988078,0.570689802337478,0.9192453768502762,0.4110313256587776,0.6323006293924935,0.2773856656155823
qwen-3.5-plus,3,24f619,desktop,51,-0.0784821481664998,0.168139834215452,6.339253934071644,-0.1312608615831005,0.4279731771705271,-0.1195895502145079
qwen-3.5-plus,2,24f619,desktop,50,0.348439577968121,0.4737622372661985,0.8943080958583839,0.6299436220946065,0.6841380283192094,0.4353359532276077
qwen-3.5-plus,1,24f619,desktop,50,0.3846137669744087,0.4772646126438267,0.9462521536291484,0.7267799836541472,0.691791431231462,0.3934964916857092
qwen-3.5-plus,1,2511d9,web,48,0.1235688338877203,0.4716925251763635,1.2561355914437096,0.1815961131128378,0.5736987250163299,0.0899795864917156
qwen-3.5-plus,3,2511d9,web,47,0.1493817919688995,0.5100234484983135,1.086417703241657,0.2110667497376135,0.5708104409045012,0.1270442990041199
qwen-3.5-plus,2,249820,mobile,29,0.0261914415373147,0.2875386494933822,3.872825711449934,0.1359887049805919,0.5073713956604916,-0.0270947524767697
qwen-3.5-plus,2,2511d9,web,47,0.2363644478977961,0.5072179312737417,1.3702307256742985,0.344152356638143,0.6281712216431314,0.1829987601582969
qwen-3.5-plus,1,249820,mobile,38,0.0196377480409306,0.3102446347493597,3.880277126302019,0.1224980816598129,0.4938376797861527,-0.0260356500664165
qwen-3.5-plus,3,249820,mobile,40,0.0351214572327295,0.2915346358095718,3.871005784731027,0.1861589618614778,0.5086287668319077,-0.0270637711435066
qwen-3.5-plus,1,251672,web,39,0.3501012009250061,0.5104778156498061,1.0099771593884777,0.5852764344120561,0.7096939975197288,0.3467546173606866
qwen-3.5-plus,3,251672,web,50,0.5583419578657471,0.6064679743374057,0.9401910056013232,0.9017275828291068,0.7338704797985266,0.3993975903465352
qwen-3.5-plus,2,251672,web,91,0.5575005591201676,0.5856504150967696,0.6011902536672769,0.9310165116576185,0.7546290934459368,0.3658733797549601
qwen-3.5-plus,1,24ff3e,poster,32,0.5032671881905049,0.4817660362606414,1.8361204980080768,1.2697245123545342,0.8101890750942567,0.4731100828713959
qwen-3.5-plus,1,25265d,web,51,0.5305750590390662,0.5787616672737992,0.6787195281778811,0.8515994275103893,0.7349442996566483,0.4611902852394948
qwen-3.5-plus,2,25265d,web,40,0.2885344950157412,0.501095399145318,1.1902239712293907,0.3841036541280898,0.629857849669528,0.2315478341549097
qwen-3.5-plus,3,24ff3e,poster,40,0.5039399590755168,0.4827776388857863,1.4153504811427475,1.3491886456178912,0.82695625002266,0.4644458633032402
qwen-3.5-plus,3,25265d,web,38,0.2010175688833219,0.4608870608846465,1.5955867220680835,0.3140792110514643,0.6107440845550998,0.091832470737741
qwen-3.5-plus,1,25426d,web,35,0.4223246036319712,0.5491678648883596,0.8789177270901614,0.6647036508528551,0.6896169539252419,0.3619500952838294
qwen-3.5-plus,3,25426d,web,45,0.3234599732358622,0.4984395478708205,0.9966404949209612,0.5191333231961134,0.6532461514655507,0.3118835056210114
qwen-3.5-plus,2,24ff3e,poster,40,0.4815615032608189,0.4604899541840154,1.3569426186206963,1.375834329488546,0.8386056411855332,0.455338139973282
qwen-3.5-plus,1,256121,desktop,44,0.6173436648113831,0.5417933043086899,0.9313391288084784,1.20222669517246,0.770813511822507,0.6207582521971418
qwen-3.5-plus,2,25426d,web,50,0.1338501831495815,0.4541113220717125,1.1171701618689274,0.2399135696966532,0.5911136725663192,0.093757978046439
qwen-3.5-plus,1,256ef1,desktop,40,0.4865082223785777,0.4852956219624588,1.4710225692309855,0.9481630934519834,0.7187505976186741,0.4568951157324757
qwen-3.5-plus,2,256121,desktop,40,0.5960897550053401,0.5388304429114239,0.8041588603088193,1.207590791038097,0.7851403469896556,0.616515076802302
qwen-3.5-plus,2,256ef1,desktop,40,0.5475410792802289,0.5234637299986346,2.02460095296807,1.0302578715337487,0.7209407813719912,0.4357319112940322
qwen-3.5-plus,3,256121,desktop,41,0.5049540780707701,0.5238599032135933,0.7765643794247148,1.028235965189222,0.796098150411405,0.5502379262761599
qwen-3.5-plus,3,256ef1,desktop,40,0.5270831875829858,0.535424558382893,0.8953839394663275,1.0068725262370437,0.7861183756497407,0.458444850381704
qwen-3.5-plus,1,2586ee,poster,41,0.506213825792731,0.6475853102390858,0.5376016559987422,0.6914427237015008,0.7020969645136174,0.4106718994944505
qwen-3.5-plus,2,2586ee,poster,40,0.5220791893800489,0.6524033219652694,0.9687307645124288,0.745408413294387,0.7023236843677252,0.450400585710522
qwen-3.5-plus,3,2586ee,poster,46,0.5544276569105352,0.6570110419443713,0.9411745018690552,0.8067413386319896,0.7122858567483568,0.4837625832104326
qwen-3.5-plus,1,259405,web,40,0.1303825771319219,0.3960021455862438,1.5739754576270997,0.1663872601501851,0.5563670453899943,0.1201289815180199
qwen-3.5-plus,2,259405,web,40,0.1026241836124544,0.3818631185812413,1.6883910410837564,0.1629154151688485,0.5588372454283929,0.0736835454851817
qwen-3.5-plus,3,259405,web,45,0.0962001979771474,0.3898004408961485,1.5650972658132831,0.1530568287371163,0.5487764247443483,0.0761353064344357
qwen-3.5-plus,1,25acbb,web,50,0.5762019286365184,0.5463929705876319,1.467746529627454,1.141015176151322,0.767771784384212,0.5822690471624136
qwen-3.5-plus,3,25acbb,web,49,0.6813903801705707,0.619347265335082,0.6115699119806369,1.45343236194411,0.840183052866614,0.6927086754256656
qwen-3.5-plus,2,25acbb,web,48,0.5201326827786309,0.4778671474338951,1.8519303129324125,1.0881754736839877,0.7437540328407013,0.5437515126947926
qwen-3.5-plus,1,25c458,mobile,47,0.4145166932142521,0.5633941506620169,0.6387626620546967,0.5620751374112494,0.6657873943927219,0.2139610072861067
qwen-3.5-plus,2,25c458,mobile,30,0.3142242643877446,0.5253939671117385,0.857044250837268,0.34635557440191,0.600525683948862,0.0751944455207536
qwen-3.5-plus,3,25c458,mobile,46,0.3891319072568223,0.5520380713324742,0.6285784344925228,0.5079108608789187,0.6630506427426102,0.2728561677901857
qwen-3.5-plus,1,25d2e6,poster,49,0.1019530152020341,0.545153156819984,0.7546987128723701,0.1660391075815301,0.5463443177124698,-0.0857850612334678
qwen-3.5-plus,2,25d2e6,poster,40,0.106286199900049,0.5155856994966299,1.001454073218361,0.1793231409513225,0.5449488480807233,0.0764287859940408
qwen-3.5-plus,3,25d2e6,poster,46,0.1532822657843617,0.5216640140587054,0.9242187491491264,0.2259209375539208,0.5779773967747235,0.1064623292216427
qwen-3.5-plus,1,25bf7b,mobile,35,0.3079564840599233,0.4537761432903833,2.031170841393664,0.4213588739116488,0.6829432524980956,0.2710772090470179
qwen-3.5-plus,1,25d5bc,poster,46,-0.0813702503863287,0.5111218869016301,0.9433887212412044,-0.0524623081427817,0.4959594804539661,-0.0313998619632933
qwen-3.5-plus,2,25bf7b,mobile,30,0.3355025355495371,0.4647159167704892,1.9918481421956924,0.4636971601707766,0.6949119548528567,0.2848287611442353
qwen-3.5-plus,3,25bf7b,mobile,44,0.3483201733863383,0.504434726446605,1.344634560274291,0.5058642254222168,0.7443052610199427,0.3505395820064874
qwen-3.5-plus,2,25d5bc,poster,43,0.0001793804118694,0.5252992761125931,0.8927278593366982,0.0339819453239093,0.5290426363240908,-0.0109551411112825
qwen-3.5-plus,3,25d5bc,poster,49,0.2447838512944953,0.5962148789899838,0.6280499864731326,0.3647102860734805,0.6015709845289418,0.1676905995332139
qwen-3.5-plus,3,25e2f5,desktop,39,0.4103198681203414,0.4643824273150135,2.175353660740832,0.6464612463480033,0.6768879681167483,0.341441592845713
qwen-3.5-plus,2,25e2f5,desktop,49,0.6213334944465676,0.5942168488579249,0.8372629424841107,1.01183815583267,0.770987441439609,0.6102364908230942
qwen-3.5-plus,1,2675a8,desktop,48,0.3036730888684636,0.3692580194687493,1.4551014249141043,0.6025198795226138,0.6911256306407584,0.2367065695245773
qwen-3.5-plus,1,25e2f5,desktop,35,0.4308587236267152,0.4431509160788466,3.1385715164217247,0.6836938421281675,0.6169872772135083,0.4158001115447923
qwen-3.5-plus,2,2675a8,desktop,82,0.3540788036664749,0.4064031443342629,1.0779140885883376,0.8423798330073559,0.7436734180308145,0.0718062041221609
qwen-3.5-plus,3,2675a8,desktop,40,0.4078502295135748,0.4385844259223071,1.2114096074829086,0.8563983609822695,0.7375700857787688,0.2870342417085317
qwen-3.5-plus,1,26781f,web,49,0.120023111899969,0.4628769280441928,1.0014665405010508,0.1418711452179267,0.5932503722461108,0.1617658846316406
qwen-3.5-plus,2,26781f,web,40,0.2987031760164915,0.5306001065496291,0.7729568580257561,0.4246742614752355,0.6873259764656147,0.2707486937330197
qwen-3.5-plus,3,26781f,web,46,0.163778989286172,0.4796262498875963,1.042919648731134,0.2489563305563245,0.6240690690235969,0.1632999526010668
qwen-3.5-plus,2,268f27,web,37,0.2619663455069266,0.4850144389282482,1.5691913041528376,0.4314464643247087,0.6111592143093355,0.271902257307712
qwen-3.5-plus,1,268f27,web,50,0.3827169110938367,0.5355444637891569,0.9809663585039188,0.6231150535132123,0.6710642529726889,0.3631253804746809
qwen-3.5-plus,3,268f27,web,48,0.217290275027005,0.4753021613855521,1.2822377586853733,0.3688531138628579,0.6133396460416438,0.2849492398717209
qwen-3.5-plus,1,26fb2d,desktop,48,0.775260707140983,0.6112753852017784,1.1061674971933488,2.743417000142254,0.8451161334580152,0.7729778890608963
qwen-3.5-plus,2,26fb2d,desktop,50,0.4721927895913347,0.4469990318797643,2.3861244214127453,1.5870311469045968,0.7877402915774652,0.4588651373021704
qwen-3.5-plus,3,26fb2d,desktop,45,0.739346934746996,0.6109739556935274,1.1115733411738566,2.6093645166589283,0.8439770292842528,0.7340760338969121
qwen-3.5-plus,1,26c4ef,mobile,48,0.6970076811248849,0.6038260382221319,1.1461195476692403,1.6110751310423457,0.799928286252601,0.6647820185971225
qwen-3.5-plus,3,26c4ef,mobile,40,0.4614957407979241,0.4539835076312929,1.794791236193289,1.0830301709724268,0.7883413391180006,0.4154793055707063
qwen-3.5-plus,1,271112,web,40,0.6196526168029934,0.5399517733653696,0.9935293854410344,1.127521985004811,0.7595638253880088,0.6156476549337886
qwen-3.5-plus,2,271112,web,49,0.6023584432253392,0.5307014567150328,1.004442346987002,1.1149145782977168,0.7555303507905964,0.5964236537448213
qwen-3.5-plus,3,271112,web,40,0.7125800722497869,0.6126647952238043,0.6703599927440991,1.3837951486191051,0.8320482306511223,0.7088985173980709
qwen-3.5-plus,2,26c4ef,mobile,40,0.3324300338780609,0.4104341923307769,1.4920545280069182,0.6473611060173395,0.7400014041627159,0.2707236930278066
qwen-3.5-plus,1,2711d3,poster,39,0.0614863474250141,0.3681172342776135,2.231965285206349,0.1737390288790647,0.544726985067431,0.0342250333037307
qwen-3.5-plus,2,2711d3,poster,40,0.0766827730808735,0.3741445584230598,1.9572649160063065,0.2014002632432474,0.5581135802446466,0.0402009662534816
qwen-3.5-plus,3,2711d3,poster,48,0.0922254908173824,0.3878483463766929,1.4514129413785275,0.2493262720007465,0.5883329839893553,0.0621541721714375
qwen-3.5-plus,1,27b0cb,web,40,0.6630674612188593,0.5019237112285604,1.4511762068403722,1.64251516826162,0.8104959100241604,0.6473281043290016
qwen-3.5-plus,3,27b0cb,web,54,0.15552389735479,0.3007880082632642,1.8476903308722088,0.3832371540853807,0.681221026331742,0.2706296168268072
qwen-3.5-plus,2,27b0cb,web,45,0.4767851419937279,0.4244914132312332,1.121862855395683,1.1466760195249286,0.7730378739551036,0.480104235766264
qwen-3.5-plus,1,274fcc,poster,40,0.0832140057001744,0.3949699497039423,2.275252927877158,0.1324669296309091,0.5418323621281622,-0.0470345539869339
qwen-3.5-plus,3,274fcc,poster,49,0.0642364714791072,0.3930991018875387,2.320683513087674,0.1002107207920077,0.5288976266251357,-0.0114408110496656
qwen-3.5-plus,2,274fcc,poster,40,-0.0457315329926958,0.3499688507875212,3.6400671050694746,-0.0098043671691061,0.4518677059372375,-0.1576504258621643
qwen-3.5-plus,2,257df7,poster,49,0.1638650827381192,0.2233965803231362,4.721843995411351,0.5178707186887156,0.5170706483294962,0.1675670852674288
qwen-3.5-plus,3,257df7,poster,46,0.0871163678145272,0.1813153659256508,5.428609209617706,0.2718851068569506,0.3931881646596126,0.0973470844609188
qwen-3.5-plus,3,27d67e,web,40,0.2310369004107543,0.4379179181667716,2.1104237625521107,0.5300897432108524,0.6338063456814049,0.1785651426469132
qwen-3.5-plus,1,27d67e,web,42,0.2271393324677866,0.4483978574308871,1.3185293188150842,0.4806938698081089,0.6670144268262573,0.1597456673370933
qwen-3.5-plus,2,27d67e,web,50,0.0599960976813336,0.4266459068385134,1.8143636590526224,0.1708777251471054,0.569459445558343,0.0029967936597931
qwen-3.5-plus,1,257df7,poster,46,0.2577939085221045,0.25642679451677,4.396080493783437,0.8232455636727039,0.5528752611143208,0.263549171070591
qwen-3.5-plus,1,27e29a,desktop,40,0.3440081292636444,0.4518683520635476,1.6899678564324174,0.5976910292556393,0.6609762528649611,0.2175791561471012
qwen-3.5-plus,2,27e29a,desktop,48,0.3249806767111314,0.4634704101507354,1.0750031288878,0.6164094724349226,0.6770844375559687,0.289147180239978
qwen-3.5-plus,3,27e29a,desktop,50,0.3609870077263408,0.4769998113001833,1.0726045152787318,0.6783362961291292,0.6972916705460566,0.2337924292054209
qwen-3.5-plus,1,27f3f7,desktop,40,0.48393318363692,0.6160711029181751,0.58628134438955,0.7247654626596869,0.7247393845988449,0.3858983545571051
qwen-3.5-plus,1,28422f,mobile,40,0.6148310377473346,0.6235533737061001,0.4664741824724927,0.892645579205384,0.756050336471938,0.3751931545072258
qwen-3.5-plus,1,27c37d,poster,48,0.4671010688809687,0.4978158913915928,2.1873108811024218,0.7446714381315285,0.693019944561891,0.4374787442914256
qwen-3.5-plus,2,27f3f7,desktop,41,0.4882175728483933,0.6043261187641649,0.6482089539407279,0.6989662571533242,0.696927217936275,0.4160793860123301
qwen-3.5-plus,3,27c37d,poster,40,0.434483386003004,0.3816822537952153,3.946096626352647,0.7844777785793491,0.5872060018346809,0.4009965036943875
qwen-3.5-plus,3,27f3f7,desktop,40,0.4842256715116873,0.6153536724567717,0.6033730365577998,0.708578950353822,0.7141812185265504,0.4086269740455077
qwen-3.5-plus,2,27c37d,poster,40,0.4569153562365309,0.4761911074077182,2.0887929850842553,0.8639888114068468,0.7439099003658998,0.4159521252806634
qwen-3.5-plus,2,28422f,mobile,37,0.6554606046144574,0.6617943806535729,0.46397409484619,0.9660426334591162,0.7694923626314513,0.5252388813880087
qwen-3.5-plus,3,28422f,mobile,40,0.5963583145055513,0.627479656389262,0.5046815968022158,0.8696004831575724,0.7547989912008355,0.3936354734680668
qwen-3.5-plus,3,285c1c,desktop,48,0.2421915360438635,0.4749799029224281,1.5104385046696578,0.6102580535371613,0.6613530643169618,0.2119015770744764
qwen-3.5-plus,1,285c1c,desktop,47,0.2553178626058891,0.4601611799777998,1.1727563157808407,0.6738561642617961,0.6610625764219173,0.2510008879594724
qwen-3.5-plus,2,285c1c,desktop,40,0.4376427532498947,0.5106893857991716,0.8589903075833978,1.1226314501618089,0.7535113915034594,0.4031366838005653
qwen-3.5-plus,1,286b3f,desktop,50,0.3655080817171113,0.3371402431246164,3.548517445712573,0.9467763358816014,0.6549303682554026,0.3450579772897437
qwen-3.5-plus,2,286cb0,desktop,45,0.6054198417201769,0.5470680896995378,0.9794097362056868,1.0407423047730842,0.7119673894163825,0.605469237886732
qwen-3.5-plus,1,286cb0,desktop,45,0.6460316215111573,0.6074963132116695,0.7187911339029179,1.1165542452447237,0.7241064201869984,0.6428732883349135
qwen-3.5-plus,3,286cb0,desktop,48,0.3730735400969965,0.4996937370969746,1.570133078563068,0.6860138349927904,0.6611148033388379,0.3650231342298978
qwen-3.5-plus,3,286b3f,desktop,50,0.3132316594088319,0.3589275920771687,1.6054283773859506,0.813116735255855,0.6906503649427476,0.2932228208048156
qwen-3.5-plus,2,286b3f,desktop,50,0.4391763241768559,0.4108290875624157,1.8184194595254544,1.12332338114311,0.730681585708735,0.4222145765652823
qwen-3.5-plus,1,28867f,web,43,-0.0131327784770291,0.4288906065365916,1.4424421644692835,0.0053532770608006,0.4953353107214954,-0.1368206216831608
qwen-3.5-plus,2,287cec,poster,40,0.5373293799981249,0.555877027212501,0.630492932004511,1.0702407976988688,0.79515480135486,0.5388998942386161
qwen-3.5-plus,1,287cec,poster,40,0.5285979663299314,0.5572895280303352,0.6785155226568711,1.110191817573018,0.7997894013478728,0.5285064520690698
qwen-3.5-plus,3,287cec,poster,36,0.6000330153690143,0.5971371226604631,0.5341541645482895,1.1752372170757626,0.8120622478046067,0.5895934347723091
qwen-3.5-plus,2,28867f,web,49,0.2332486509936064,0.5349777253134588,0.9541599871730186,0.4620999693199468,0.630645773295889,-0.0639843320581776
qwen-3.5-plus,3,28867f,web,58,-0.020837352781459,0.4422968799034858,1.365406217191971,0.016206590599269,0.5049874529984859,-0.1605816240537322
qwen-3.5-plus,2,28d46f,poster,45,0.1966539965810192,0.6598729127997287,0.4127262058649463,0.2286186844025422,0.5653628686600521,0.0913108306030635
qwen-3.5-plus,1,28d46f,poster,49,0.3225799605074688,0.6685761583011816,0.3773510994198793,0.2872811319193949,0.5936708796010757,0.2399183989174406
qwen-3.5-plus,3,28d46f,poster,40,0.2241800544101739,0.6595125373412303,0.435322497781281,0.2704093218897487,0.5767378581399027,0.0982340312207167
qwen-3.5-plus,1,28cf69,web,37,0.5445910314268048,0.5824021048973623,0.6130764442547145,0.7469900874390318,0.7133732717465683,0.4989300382318605
qwen-3.5-plus,2,28cf69,web,33,0.3486508595162782,0.5153317807292289,0.9973264667382472,0.4904093752186664,0.6752839937476103,0.2580392529812231
qwen-3.5-plus,1,28a531,web,40,0.6051900609284592,0.5219506404671126,0.928522056270777,1.2116746950833956,0.7873961972497938,0.5668832108748708
qwen-3.5-plus,2,28a531,web,50,0.6260588143886333,0.5069580904456112,1.2558743428731762,1.254956064353438,0.7868644810921013,0.608002535296904
qwen-3.5-plus,3,28cf69,web,45,0.286498683353437,0.5042811220263446,0.9374346789648972,0.4197964839624779,0.6748205798215863,0.2048292000509511
qwen-3.5-plus,3,28a531,web,47,0.3930739807458562,0.4353924979712944,1.0921676242637213,0.8883598367820128,0.7487461256706028,0.2908643544450153
qwen-3.5-plus,1,290bcd,desktop,50,0.252785604072415,0.3368846153069194,4.105098238829172,0.4353640371834271,0.560658877998908,0.2281141325061383
qwen-3.5-plus,2,290bcd,desktop,48,0.5240148196465704,0.5552085940539762,0.6616474282608518,0.9699009258190242,0.7619690643760051,0.514862291043676
qwen-3.5-plus,3,290bcd,desktop,51,0.4212968230388907,0.4886755992210239,1.0294362897639424,0.7612624366154942,0.6997583708830173,0.4034535147582176
qwen-3.5-plus,1,2917cc,web,33,0.5197691432716359,0.5347786274168667,1.1598346567370283,1.0801883353359745,0.8126946379088353,0.4261136822944329
qwen-3.5-plus,2,2917cc,web,46,0.2974584274155496,0.4326111546011306,1.5761092595942054,0.6115106681449612,0.770579971340286,0.2313544844814779
qwen-3.5-plus,3,2917cc,web,40,0.4944440885666039,0.5529203351069779,1.1073299237285996,1.031900653089619,0.7929049565737459,0.3785299873327832
qwen-3.5-plus,2,297a9c,poster,30,0.2371476277267407,0.42480317175084,1.6837140985988588,0.4406444276503912,0.6472476461017559,0.2552692458353199
qwen-3.5-plus,1,297a9c,poster,30,0.2722839475662516,0.4343124159965855,1.5678680796514028,0.5173670423632472,0.6497886854690267,0.3304685625346373
qwen-3.5-plus,3,297a9c,poster,40,0.3892706974321908,0.4794441011557955,1.307507050005083,0.6587235011293147,0.6742820451208763,0.4124795160410283
qwen-3.5-plus,2,29227b,web,46,0.1668184964593521,0.3284397718769103,2.2522928432110603,0.3262703488595021,0.6868770112941462,0.1689246824129057
qwen-3.5-plus,3,29227b,web,48,0.2902536262647209,0.4043894319542597,1.580560029295228,0.6415265212372077,0.6989698370983064,0.253885227698512
qwen-3.5-plus,1,29227b,web,48,0.2616149539309065,0.3999307440400266,1.9693410019706343,0.5222563211607436,0.6900307450454048,0.2302243255527416
qwen-3.5-plus,1,29b4ce,poster,49,0.1571982533080947,0.4307687406734521,1.878731450102632,0.1297251231011729,0.5561924658197139,0.0590940570078162
qwen-3.5-plus,2,29b4ce,poster,39,0.1683759818083971,0.3960184839635547,2.366898578313317,0.4586325169286854,0.6271531464752489,0.133291454222352
qwen-3.5-plus,1,298ce9,poster,73,0.406551110118752,0.4031708064764694,2.6327759678133105,0.6745489192690802,0.6664645206571396,0.4546066171919635
qwen-3.5-plus,2,298ce9,poster,46,0.1787243136355555,0.329998755416583,3.0390535936426497,0.3430753142620578,0.5887971451098486,0.1250614278529007
qwen-3.5-plus,1,29d7dd,poster,39,0.2895868625569453,0.5410965772764382,1.2698994885124806,0.3579345438553115,0.6027430573620012,0.0906177633539512
qwen-3.5-plus,3,29b4ce,poster,40,0.1636969936746098,0.3919879928189285,2.348764852203094,0.394428375687823,0.6341700269046241,0.1435435461923716
qwen-3.5-plus,3,299635,poster,38,0.1782635436790694,0.3555029772879916,3.2981397979034672,0.1497526707779091,0.5854269875592945,0.0993178877540425
qwen-3.5-plus,2,29d7dd,poster,47,0.2701268103753569,0.5806952082043091,0.7665900567780443,0.3474661311055681,0.6118837670680307,0.1450316661107415
qwen-3.5-plus,3,298ce9,poster,49,0.2417679652450085,0.3415708147226298,2.7132292246357412,0.4022501511594715,0.6533583841638616,0.2205759194540162
qwen-3.5-plus,2,299635,poster,35,0.1238338542722188,0.315737182642019,3.830864767376476,0.0459216961232989,0.5283031967859719,0.0791109612446788
qwen-3.5-plus,1,299635,poster,35,0.0462689092247475,0.2810430972289955,3.911464980671127,0.0245774694992025,0.518770508867008,0.0129086437912734
qwen-3.5-plus,1,2a1907,web,49,0.6797925483646667,0.6410459002003237,0.4709332470892968,1.295195177671126,0.846532830578047,0.6582208788246124
qwen-3.5-plus,3,2a1907,web,37,0.5560153160152234,0.5535601711086822,0.9416284344060106,1.0492812764500326,0.8082730120761424,0.546469262389124
qwen-3.5-plus,2,2a1907,web,47,0.434604943663327,0.4846615335535182,0.8559742427126876,0.8172321094493777,0.7369662305084879,0.3532726635236539
qwen-3.5-plus,3,29d7dd,poster,40,0.3589918379119348,0.567881355599106,1.2961949972386595,0.5295554662032256,0.6269046547397293,0.2020319626738052
qwen-3.5-plus,1,2a4ccc,desktop,38,0.1810953666824644,0.3583175230848702,2.15425487785557,0.3467606670563623,0.6244243115303024,0.2737430818837858
qwen-3.5-plus,2,2a4ccc,desktop,40,0.3133134418399604,0.4173075470660719,1.6045147109553846,0.5996528134577822,0.682173876343613,0.3477391879391243
qwen-3.5-plus,3,2a4ccc,desktop,40,0.2209780539468114,0.3931159717974233,1.5992682220529266,0.4323568724138255,0.6466089694871355,0.2694142503700024
qwen-3.5-plus,2,2a4b2d,desktop,43,-0.0087454725872586,0.3488318619352486,1.80372983020504,-0.0677544244930224,0.4895914190671446,-0.1040630463093602
qwen-3.5-plus,1,2a4b2d,desktop,83,0.1560966887724396,0.4198858081749486,1.10732535154691,0.2367840868613342,0.58158649898335,-0.2751670870883922
qwen-3.5-plus,3,2a4b2d,desktop,34,0.4828171952363341,0.5447906352412224,1.0223442491194072,0.7167438462815354,0.7159927785743618,0.3706109003899413
qwen-3.5-plus,1,2a5307,web,49,0.4985257226537367,0.5577162675464501,0.7058210120518245,0.7735377282317983,0.7498824187762627,0.5084156903065772
qwen-3.5-plus,3,2a5307,web,47,0.4836600260052538,0.5603708524531229,0.662719605011063,0.7744886857092109,0.7450634560053817,0.4923353256492868
qwen-3.5-plus,1,2a8ea5,desktop,39,-0.0851892338892215,0.4818295431232977,1.0939861955060628,-0.1033122103619607,0.4803386380909037,-0.0831847276966102
qwen-3.5-plus,3,2a8ea5,desktop,47,0.1452865276694215,0.5375024816387508,0.7195939586443818,0.1432997598175843,0.566227083804502,0.1515235337562736
qwen-3.5-plus,2,2a5307,web,49,0.4749833738130812,0.5481132648392059,0.7126669783591937,0.7276133996120943,0.7314935182883238,0.5038850694555846
qwen-3.5-plus,2,2a8ea5,desktop,40,0.1588996290890149,0.5400458291672335,0.7195860320123146,0.161256505673864,0.5770695017714851,0.1651155552578898
qwen-3.5-plus,2,2a3bf3,mobile,34,0.1082919606968244,0.3365639155427652,3.415537291002124,0.3845454713580732,0.5394522546144277,0.1125989671799195
qwen-3.5-plus,1,2a3bf3,mobile,49,0.1294592684531762,0.3522236424166804,2.679382565801,0.2741047724094664,0.6029494267240942,0.1559554780584479
qwen-3.5-plus,3,2a3bf3,mobile,33,0.1692139210520639,0.3476538194031042,3.4102168696575186,0.4990400567445763,0.5592761377030876,0.1830389228366
qwen-3.5-plus,1,2a8f6b,desktop,35,0.3287956643831712,0.4210136906656866,1.5992930619716557,0.6241822045651925,0.6738329785517697,0.2335968625486166
qwen-3.5-plus,2,2a8f6b,desktop,85,0.3286676773753664,0.432070025314594,1.0117439943284414,0.594996643255005,0.6753716570704282,0.164377411029378
qwen-3.5-plus,3,2a8f6b,desktop,41,0.3957584377582836,0.4862271381331053,0.8967039408920284,0.6969045591528834,0.7084577676416988,0.3917812314883592
qwen-3.5-plus,2,2a97ca,web,44,0.0979599067175894,0.3932297821663437,1.9465850978938968,0.1470899578351197,0.5773425152025679,0.140767366234733
qwen-3.5-plus,1,2a97ca,web,39,0.1516068528511205,0.4094349987173008,1.869688194124186,0.2128998923549451,0.5804308710145467,0.2088587574058114
qwen-3.5-plus,3,2a97ca,web,41,0.1917426064036853,0.4421222152928449,1.404358694853676,0.2787029408246286,0.6095624233312065,0.2106273377519902
qwen-3.5-plus,1,2ad31e,poster,45,0.0897041500710196,0.4029021397518948,2.0240683976279787,0.0817567365994264,0.5293033738064546,0.1522043116329402
qwen-3.5-plus,1,2ab326,mobile,40,0.062270463561262,0.3680718705254531,3.2963652886652928,0.1279067921540788,0.5041008288217218,0.0235614869535355
qwen-3.5-plus,3,2ad31e,poster,40,0.3242434369998812,0.4922334802007281,1.758994751270629,0.5432915987469881,0.6145328903398698,0.3277909463657369
qwen-3.5-plus,2,2ad31e,poster,50,0.2334373900491907,0.4751048633918511,1.6080246160284428,0.4086140310161253,0.6001356692985671,0.2516942275840587
qwen-3.5-plus,2,2ab326,mobile,39,0.0674902333280729,0.3905281023440137,2.39641352636222,0.1726171952995709,0.5484841064125444,0.0773079414773582
qwen-3.5-plus,3,2ab326,mobile,40,0.1311231249624043,0.420542307503792,2.328267605660616,0.1324485822216929,0.5671533704137135,0.021678048698434
qwen-3.5-plus,2,2ab8bb,mobile,37,0.2526130641487728,0.3650208489929492,3.2857002764871086,0.5741124775349893,0.6469429101157529,0.0700203821771968
qwen-3.5-plus,1,2ad4e3,poster,27,0.1544027911465618,0.4348913652257471,2.79111974895737,0.19148340763397,0.4971829618372702,-0.0893487037572322
qwen-3.5-plus,3,2ab8bb,mobile,30,0.2564684146068314,0.3886628115566117,2.581284483937804,0.5299663114869114,0.6537596902456784,0.0881035967429921
qwen-3.5-plus,1,2ab8bb,mobile,50,0.2702354963391228,0.4180171128432264,3.584498926068192,0.6563760489503592,0.5600815021469039,0.1110272236292871
qwen-3.5-plus,2,2ad4e3,poster,30,0.0107397939237057,0.4025070520123947,2.9528544031250816,0.0012442650572268,0.4682937719861921,-0.1388634408696138
qwen-3.5-plus,3,2ad4e3,poster,50,0.0810457386509391,0.4547838837424274,1.129308594481249,0.1539499535918665,0.556087569114928,-0.0508244817971937
qwen-3.5-plus,1,2adbfe,web,40,0.5769429258335144,0.5862409097921717,0.6614509717628597,1.0251878352197707,0.8145711074850116,0.539147720749612
qwen-3.5-plus,1,2ad467,mobile,49,0.4611271315666485,0.4865966521884427,1.227011242223439,1.024939216073249,0.7664520773335141,0.3791127193638294
qwen-3.5-plus,3,2adbfe,web,50,0.3294338740181669,0.4444990575382199,1.3430966100689097,0.5499126567693471,0.7696238601194494,0.3397706795578634
qwen-3.5-plus,2,2adbfe,web,50,0.4186372740533685,0.4910103092494337,1.0236211790245089,0.7592205010653361,0.7513164505160153,0.4245477845886334
qwen-3.5-plus,2,2ad467,mobile,51,0.4228292757423021,0.450360416236761,1.1431234591499315,0.9697299843958777,0.7712296049863875,0.3322178731953458
qwen-3.5-plus,3,2ad467,mobile,45,0.3370909407514324,0.4394941278478997,1.37830333411309,0.7518328773916952,0.7626470799853196,0.243886336508028
qwen-3.5-plus,1,2b30aa,mobile,40,0.5879835257218254,0.5490218030247402,1.4974471641132574,1.051295868663633,0.7393350267784495,0.5645989305539827
qwen-3.5-plus,2,2b30aa,mobile,40,0.5747635977501822,0.5222684080104776,1.9617807258220104,1.07745549259042,0.7235166452266792,0.5526209483612249
qwen-3.5-plus,3,2b30aa,mobile,40,0.5775498950578993,0.5438424123480272,1.1217402195737174,1.076534562978027,0.7541159275528441,0.5504136013874322
qwen-3.5-plus,1,2b48a6,web,50,0.3005068462544199,0.4678287108777025,1.1104949869461285,0.5617513558769557,0.6886274069825762,0.1082306973015245
qwen-3.5-plus,2,2b48a6,web,37,0.1582001710481886,0.4045465796725299,1.5376669141950985,0.3229085970141488,0.5975108284216633,0.0764872273109964
qwen-3.5-plus,2,2aff6a,web,40,0.0805122875489404,0.3208850278542695,3.9712054076578864,0.0777073282323542,0.4761534700836045,-0.0017713323565947
qwen-3.5-plus,3,2b48a6,web,50,0.2896263908697583,0.4485465608660579,1.0726582601230232,0.5254526112078851,0.6441673687413354,0.1576826647653871
qwen-3.5-plus,1,2aff6a,web,45,0.3144635457190535,0.4045111480974028,2.485179616198916,0.4508338000941255,0.6277753758601468,0.3020659144240262
qwen-3.5-plus,3,2aff6a,web,41,0.1024089851913501,0.3331724614680496,2.7061473545479013,0.1541380837014281,0.5598421073503748,0.0398357910148514
qwen-3.5-plus,1,2b56f2,web,37,0.1063934448568521,0.3115432248908752,2.1993501445696357,0.1958022627737182,0.5456440667884845,0.2024850200544974
qwen-3.5-plus,2,2b0b4e,mobile,46,0.4360338913566728,0.456288387821133,1.808092076416859,0.655773380867676,0.6912037428747821,0.4277360526066441
qwen-3.5-plus,2,2b56f2,web,48,0.4058808589103312,0.4051831639168788,1.2116640064011446,0.8336010950801632,0.7093242961666347,0.4265568002125646
qwen-3.5-plus,1,2b0b4e,mobile,52,0.404954350703773,0.4355930319209472,2.60674501041453,0.6043109214810839,0.7032945760000838,0.4244461924654925
qwen-3.5-plus,3,2b0b4e,mobile,40,0.2677081392950999,0.4355328722944083,1.5317928424368974,0.3603787339863423,0.6828780089491993,0.2912639806162655
qwen-3.5-plus,3,2b56f2,web,43,0.2946415237244224,0.3627704550264754,1.9690688693825715,0.5676273375041458,0.6141487893900859,0.3350998352015233
qwen-3.5-plus,1,2b837f,web,51,-0.0165332882374632,0.3401855976973217,1.709901505222564,-0.0585868354343288,0.4846827426888819,0.0072148663750906
qwen-3.5-plus,2,2b837f,web,53,0.0986118206016237,0.3974778376731915,1.400187041541992,0.2218245824050083,0.568015068835155,0.0348082373306308
qwen-3.5-plus,3,2b837f,web,41,0.1047343718627697,0.37127698119509,1.6985971986388857,0.2283662866073175,0.5832645078978682,0.0739309559079212
qwen-3.5-plus,2,2b7751,mobile,35,0.5103566626618093,0.5137643634252648,1.4438229059848116,1.1803591884334266,0.8051154581345932,0.4599318579256002
qwen-3.5-plus,1,2b7751,mobile,37,0.3147686518109403,0.4438241981953519,1.62529401237206,0.6756757958799573,0.7199936566460372,0.164575024563525
qwen-3.5-plus,3,2b7751,mobile,43,0.5075622959399899,0.5190575575344851,1.2966237840162222,1.007655565646416,0.7977468843111749,0.4242290481692847
qwen-3.5-plus,2,2bb7d4,desktop,43,0.3899620506181894,0.534611744526386,0.8282996401744601,0.721361705508287,0.7098397968842144,0.3883232906531311
qwen-3.5-plus,3,2b80bb,mobile,39,0.4080331562303221,0.4720962093868545,1.718269215492263,0.5816334924519465,0.7106552552341712,0.3117469117588362
qwen-3.5-plus,1,2bb7d4,desktop,40,0.2001754658919317,0.4777839806703525,0.8610235707340044,0.3597561423906018,0.6082155996866555,0.2262738114819503
qwen-3.5-plus,3,2bb7d4,desktop,50,0.3732612625429651,0.4925728567866022,1.3047747190004366,0.6498529560065219,0.6724401205858543,0.4031804150064932
qwen-3.5-plus,1,2b80bb,mobile,38,0.414105896014086,0.424114977049237,2.5010914637202912,0.6322758592110809,0.6578984502601477,0.3519353736271534
qwen-3.5-plus,2,2b80bb,mobile,35,0.2220295138190788,0.3669338533876465,2.6814129662157016,0.2989943028273994,0.619760455297664,0.1441136948012047
qwen-3.5-plus,1,2c6579,desktop,51,0.3241784832536609,0.4082078407136258,1.7117136976823544,0.5834228823909432,0.7115837740413206,0.3315350973528395
qwen-3.5-plus,3,2c6579,desktop,50,0.2019055606905764,0.3505760029559007,2.269502123176413,0.3747737002613245,0.5563177238573488,0.2024207409393233
qwen-3.5-plus,2,2c6579,desktop,45,0.6065916583968678,0.5268391052303995,1.1833104255482183,1.203350600604493,0.7876630396728821,0.6218943830433483
qwen-3.5-plus,1,2c663c,desktop,40,0.5355930688994222,0.5784687212394681,0.6135178738125662,1.041028221511399,0.7790416449731505,0.4559003097460833
qwen-3.5-plus,2,2c663c,desktop,40,0.5393648860679237,0.584308941106255,0.5629940242911164,1.0427834814048422,0.7872481466468052,0.4559788507871234
qwen-3.5-plus,3,2c663c,desktop,40,0.5544470322925187,0.5904940020129557,0.6571896632084389,1.0543063385805205,0.7845525656095451,0.4587968046102302
qwen-3.5-plus,3,2c9c76,desktop,48,0.1988618761122715,0.3021727298308485,1.561421582587362,0.432015427324657,0.6420614776502754,0.1850714728292249
qwen-3.5-plus,2,2c9c76,desktop,45,0.4263382885129669,0.4218095047444261,1.2742118945129528,1.1494348488138864,0.793822305341559,0.4368962450734713
qwen-3.5-plus,1,2c9ce5,web,40,0.239305422222012,0.3876402086110807,1.414499627791299,0.602333579240989,0.7093973725253679,0.2039218597669685
qwen-3.5-plus,1,2c9c76,desktop,42,0.5998211153894495,0.464841778921792,1.138938666574104,1.554040134314174,0.8090032758285333,0.5982410623483274
qwen-3.5-plus,2,2c9ce5,web,51,0.4229564024627079,0.409108954875271,2.4440122760498504,0.9064584325913853,0.6237152627813538,0.3639697425566057
qwen-3.5-plus,3,2c9ce5,web,50,0.2178425223140976,0.3443455177160328,2.9236659782495105,0.3289651441426441,0.5495120838638393,-0.0377445458197515
qwen-3.5-plus,1,2c29d4,mobile,40,0.0632846653849759,0.3392105572298652,3.431035832819486,0.0570304444477606,0.5032265338565693,0.0057687115844434
qwen-3.5-plus,3,2c29d4,mobile,47,0.1621346614861465,0.4101865486378301,1.9137579020250357,0.1453264009391984,0.5964159452357344,-0.0018807109245287
qwen-3.5-plus,2,2c29d4,mobile,38,0.0517192461810737,0.3333261722552664,2.6986217026191257,-0.030944801997919,0.5174970708498811,-0.0853606044229094
qwen-3.5-plus,2,2cf681,mobile,48,0.4123051715341015,0.4432946587955225,1.1617741121278229,0.6842883697523675,0.7661552774053946,0.3112072580515373
qwen-3.5-plus,1,2cb6b4,desktop,48,0.3297186585004913,0.3989328984777652,1.551699977354997,0.953891342810954,0.7662400245620534,0.2083737244726129
qwen-3.5-plus,2,2cb6b4,desktop,40,0.3871486580636912,0.439158028115809,1.3746074544951936,0.9694985577842994,0.7645054314494382,0.3247003939803232
qwen-3.5-plus,1,2cf681,mobile,41,0.6679920046783756,0.6102543958112875,0.98120298091227,1.3539627948098505,0.7945135686897405,0.624658749017679
qwen-3.5-plus,3,2cb6b4,desktop,47,0.3072266167195953,0.3936620359025962,1.3496382887501972,0.874426146811586,0.752446439189779,0.3209820552462383
qwen-3.5-plus,3,2cf681,mobile,49,0.7827267055677744,0.6576876084104606,1.0621746960503256,1.6376898907693682,0.7992454974195882,0.7490233632676401
qwen-3.5-plus,2,2d23e1,poster,45,0.4851475588801912,0.5888003099379144,0.6681376376573868,0.705086659813956,0.695861454131471,0.4803491808508885
qwen-3.5-plus,1,2d23e1,poster,40,0.4655942375785022,0.5884325979327778,0.7414279642381545,0.6417776369225884,0.6965565983564133,0.4611691328575972
qwen-3.5-plus,3,2d23e1,poster,40,0.3974551029582234,0.5493628286188165,0.8725291628133888,0.5703628231691574,0.6805365886194672,0.3915892910718913
qwen-3.5-plus,1,2d170d,mobile,40,0.3794474480216439,0.4428789360146727,1.8813764483539872,0.6256818855311195,0.6741074035077825,0.3323789332368888
qwen-3.5-plus,2,2d170d,mobile,29,0.167547252127549,0.2753293128628714,4.587274190572084,0.3140703895609213,0.5169837749940314,0.1415174630450278
qwen-3.5-plus,1,2d86fb,web,45,0.1419516405419134,0.3718343640462798,2.06198281720355,0.3118216529907496,0.631076448596928,0.0228090505399601
qwen-3.5-plus,3,2d86fb,web,39,0.1331037274935474,0.3627428429242127,2.3101087623018586,0.2595417955359418,0.6150208198930085,0.0109611464766684
qwen-3.5-plus,3,2d170d,mobile,40,0.4271834978891972,0.4815443735150695,1.9343129291809995,0.6114748275461422,0.6925579978030496,0.366171133102452
qwen-3.5-plus,2,2d86fb,web,35,0.0954820320075715,0.3528132795334924,2.363414771341807,0.2209639683556724,0.6150996851151228,-0.0142156034666651
qwen-3.5-plus,3,2d811c,mobile,40,0.285038201914366,0.4762147851675892,1.4383367494739183,0.3529903888001494,0.6416069281903688,0.330041979874178
qwen-3.5-plus,1,2d811c,mobile,40,0.3041632421059667,0.4823379922982083,1.3752973171124858,0.3868401239149658,0.6412989572148687,0.3380551415336523
qwen-3.5-plus,2,2d811c,mobile,32,-0.011863635720891,0.2874304561657504,4.173252101103868,-0.1052606801071297,0.4405544747206699,0.0031107255202921
qwen-3.5-plus,1,2dfd9c,poster,40,0.3970567315438217,0.543121674626207,0.8183256920948707,0.6077652729864101,0.677805768313239,0.3431274184444301
qwen-3.5-plus,3,2dfd9c,poster,53,0.383273797206356,0.5174409105821667,1.4249725296993516,0.7084087864912982,0.6696207814049561,0.3152793136614275
qwen-3.5-plus,2,2dfd9c,poster,30,0.4461719297548137,0.5197308605807287,1.51490606105004,0.733065837598586,0.6757096028339276,0.3711414091248895
qwen-3.5-plus,1,2e5cd6,desktop,50,0.723465599786032,0.5767495503127693,0.949773953175706,1.539376380515576,0.8079367120505737,0.6841436133488481
qwen-3.5-plus,2,2e5cd6,desktop,58,0.4858076523549319,0.4430050033246199,1.2354166099840624,1.0140951864098855,0.718359037036716,0.4049071647699573
qwen-3.5-plus,3,2e5cd6,desktop,31,0.1718467391407021,0.2905614373549126,3.0218912546410253,0.3229226585773662,0.6435904271190112,0.3403467701893621
qwen-3.5-plus,3,2e93e6,desktop,40,0.5673419950203451,0.5539149021802424,0.6946665223273314,1.0372386421542803,0.763075262175745,0.4519731603250466
qwen-3.5-plus,1,2e93e6,desktop,40,0.6062807736065726,0.542200848390884,0.8782528164685924,1.0809296410777915,0.7510510244291876,0.4880254655663649
qwen-3.5-plus,2,2e93e6,desktop,48,0.3821477374470957,0.4764528897351678,0.985673045221498,0.6802532261624489,0.7048633014027428,0.2510090611279527
qwen-3.5-plus,2,2e122d,mobile,50,0.5025878599002261,0.372649205093758,3.380522615856915,1.028995331324693,0.5910816262856284,0.4448789710904819
qwen-3.5-plus,1,2e122d,mobile,46,0.5285469326575458,0.4784596406555507,1.8977676577593272,0.987067263240748,0.6797686120314481,0.419612874496856
qwen-3.5-plus,1,2ef49e,desktop,40,0.7046245197540395,0.5518174346062652,0.6883105845479112,1.560836288190792,0.8488654541369439,0.6571895280138699
qwen-3.5-plus,3,2e122d,mobile,49,0.3161812071665744,0.4066067665083447,1.726553344992153,0.4971965493294781,0.6741253791652221,0.1168356905719134
qwen-3.5-plus,1,2ea01b,poster,40,0.1352810523051167,0.4843699529633297,1.0784320405906442,0.2629336821004116,0.5792698052859927,0.0358048115792359
qwen-3.5-plus,2,2ea01b,poster,40,0.1632887906114217,0.4941508864558474,0.9623125622038832,0.2149845959946845,0.5861770984763608,0.0772567156820231
qwen-3.5-plus,3,2ea01b,poster,40,0.0841954170418548,0.4696152790666879,1.220439129463676,0.1786590807047491,0.5392802217412471,0.0585325659557382
qwen-3.5-plus,2,2ef49e,desktop,38,0.7380819243674455,0.6106430865885744,0.6432202452559485,1.6568004002377792,0.8564699182043602,0.6982117775883812
qwen-3.5-plus,3,2ef49e,desktop,30,0.654751579038135,0.5665890568825069,0.9826611591512452,1.499791770846309,0.8329332855607017,0.6255802556827488
qwen-3.5-plus,1,2e9a8b,mobile,39,0.6184387280594341,0.4953480375270436,1.6857902218880372,1.2587732540649812,0.7343245861965932,0.5050765751602111
qwen-3.5-plus,2,2e9a8b,mobile,38,0.6094882269586921,0.409369403388338,3.422936491781789,1.1957454979511115,0.6559642809553898,0.5266156542730918
qwen-3.5-plus,2,2f0568,web,50,0.3688482434951186,0.4672696285036032,1.15667629590331,0.7584501273977484,0.7410146271868796,0.2998677566340859
qwen-3.5-plus,1,2f0568,web,47,0.3733670281261212,0.4639923608324167,1.1546418485202967,0.7550149523246416,0.7387450632519516,0.3128663948854021
qwen-3.5-plus,3,2e9a8b,mobile,40,0.6059008391263325,0.4268828698092439,2.8017598686174305,1.1764725883361735,0.7405856167448923,0.525026260200482
qwen-3.5-plus,3,2f0568,web,50,0.3795804313620851,0.4711027526995905,1.1203450547673866,0.7740476364187769,0.7416850901121679,0.3025091102882791
qwen-3.5-plus,1,2f5041,web,50,0.2130219742701582,0.2943049338626898,2.005364934808203,0.6412674296736189,0.6504198789392918,0.2134483861096959
qwen-3.5-plus,2,2f5041,web,50,0.0597390335666621,0.2616913250256863,1.9625853443865016,0.0757898299661935,0.5358094395867119,-0.0015507758998953
qwen-3.5-plus,1,2f6fcd,mobile,36,0.2652191517505606,0.416855957702908,1.328196448357736,0.5100760750547911,0.6254738729006206,0.139404078856617
qwen-3.5-plus,2,2f6fcd,mobile,40,0.3758261338648375,0.4920548745358136,0.8334945011824928,0.6854826728671286,0.7573501367059254,0.1677564465525286
qwen-3.5-plus,3,2f6fcd,mobile,40,0.4866674005553608,0.5395907034344277,0.7023168742346699,0.866243898896341,0.7808024055692593,0.3889380114846693
qwen-3.5-plus,3,2f5041,web,40,0.212952919957888,0.3025448517338254,2.279173184578816,0.5226790460815068,0.6083334172695855,0.2032965867304568
qwen-3.5-plus,1,2f8185,desktop,40,0.5282497002301298,0.5371035771065641,0.9510880377038222,0.9733825425857546,0.7745846224460556,0.4826034801958856
qwen-3.5-plus,3,2f8185,desktop,46,0.3542266130598889,0.4777562934786877,0.9471632828771755,0.6185066114332438,0.715724035628409,0.3183411265749379
qwen-3.5-plus,2,2f8185,desktop,45,0.3755734213485616,0.4847031274301439,1.1748688238658938,0.7288375506721692,0.709693243008,0.3273566732727923
qwen-3.5-plus,1,2f57d8,mobile,41,0.1999097130229691,0.2792841911344813,3.4075193825123486,0.5880997910126712,0.6139249786780993,0.1686833280121457
qwen-3.5-plus,2,2f57d8,mobile,41,0.1748906751980337,0.314761737312469,2.4580643590591325,0.4181866432180318,0.6789372232920654,0.1483284222414518
qwen-3.5-plus,3,2f57d8,mobile,39,0.0599934295327795,0.1954223039423455,5.41840294556213,0.1550284299291821,0.5543413342276854,0.0719567191094373
qwen-3.5-plus,1,2fe128,desktop,40,0.1905319976775884,0.4380343055865275,1.1596269296984834,0.3382750301244469,0.6829831568559017,0.2124759873749927
qwen-3.5-plus,1,2fd907,poster,40,0.4427578075875944,0.5326492935684934,1.02308714467911,0.857026801456995,0.7544411137517194,0.3211372081287612
qwen-3.5-plus,2,2fe128,desktop,39,0.1122584485472743,0.3964971831256957,1.2719604105844289,0.1648675003406791,0.574984062079923,0.123659162559539
qwen-3.5-plus,3,2fe128,desktop,40,0.1777378387618598,0.4347071541237718,1.1816399708525085,0.2739409519260564,0.6477786497456381,0.1964030692399282
qwen-3.5-plus,2,2fd907,poster,39,0.3313153817497531,0.4268000776190725,2.435608872238869,0.6489852895194054,0.6630554994069537,0.2604079911162369
qwen-3.5-plus,3,2fd907,poster,40,0.4189659956999477,0.4772051080496245,1.6973259353452976,0.8243621215490397,0.7219804010787361,0.2904664688173064
qwen-3.5-plus,1,2fdaaf,mobile,36,0.245300607780956,0.4222795165623494,2.0868384765874906,0.4270576679356195,0.6255434615835439,0.2505903975032785
qwen-3.5-plus,2,2fdaaf,mobile,31,0.2249592461776047,0.4046532320233369,2.290685633322677,0.2907347132091503,0.6146247081477036,0.219873365212909
qwen-3.5-plus,3,2fdaaf,mobile,33,0.2995190136317236,0.4360265781964965,2.0828964670394163,0.3990915654692556,0.6378810527341621,0.3036975907178096
qwen-3.5-plus,1,2ffa4a,poster,49,0.1608037356239382,0.4280405983317239,1.0900783683487472,0.2818417494841506,0.5806527688282491,0.2521205993637001
qwen-3.5-plus,2,2ffa4a,poster,49,0.1386115187271072,0.4391940463634304,1.1081838457253623,0.175266193304639,0.5577208832219703,-0.0332797110096854
qwen-3.5-plus,1,305533,poster,46,0.5544538741744865,0.5771301187304477,0.6845582761983323,0.9515305831007602,0.7499392203928311,0.5653761052794714
qwen-3.5-plus,3,2ffa4a,poster,43,0.1323396259020412,0.4399664027345163,1.1800059432278378,0.229984651499652,0.5683734225917341,0.1786872990771838
qwen-3.5-plus,2,305533,poster,35,0.6419986232585572,0.5965877620052682,0.5786824700652908,1.059501576897996,0.7675845724999201,0.6415654852280341
qwen-3.5-plus,3,305533,poster,40,0.6375168479156204,0.5875468590746883,0.6773941761928772,1.0652708802598956,0.7709523395994697,0.6370103888311921
qwen-3.5-plus,2,302489,desktop,48,0.6248769034795936,0.5772048879417148,0.8295224050132596,1.4993842748086164,0.8348591442701412,0.5576945024918555
qwen-3.5-plus,3,302489,desktop,49,0.341277586392159,0.3659850089896075,1.9954966877021711,0.8554160065149183,0.6497236097360413,0.195975257339351
qwen-3.5-plus,1,302489,desktop,40,0.372512433048335,0.4877814540512963,1.3942483301902675,0.8327996418343568,0.7402191894899336,0.2872841787481124
qwen-3.5-plus,2,2fe3ac,mobile,40,0.3206542790328904,0.405617617143013,3.181243038957124,0.4045717967038861,0.5697125137413808,0.2486911976672773
qwen-3.5-plus,1,2fe3ac,mobile,48,0.3395665516584437,0.4769150560782781,1.677606427701134,0.4640731548311488,0.6538541733087504,0.3427997674681988
qwen-3.5-plus,1,306281,desktop,50,0.1483215398269821,0.2679175046824907,4.712409416985805,0.3080943753633113,0.5027780326121412,0.0563337207609868
qwen-3.5-plus,3,2fe3ac,mobile,50,0.0879152321032749,0.3508250280253497,2.553021809778659,0.092855807096976,0.5585394382622519,0.0995155206123466
qwen-3.5-plus,2,306281,desktop,43,0.3454396280386989,0.4354269109758957,1.0752537304172625,0.6524303668874809,0.6820982292245442,0.2634271704703387
qwen-3.5-plus,3,306281,desktop,36,0.2571322725001131,0.4055963479329259,1.6099083010075232,0.4383215886181654,0.6831370760139942,0.3479051953279145
qwen-3.5-plus,1,3076c2,desktop,49,0.0947880712877919,0.3682390672338894,1.251123021167842,0.1996140170379589,0.5667775812981471,0.0404557111897477
qwen-3.5-plus,2,3076c2,desktop,40,0.1092438132205769,0.3163697956162924,2.474831161714708,0.139098371337267,0.5792947844576924,0.2061739296019532
qwen-3.5-plus,3,3076c2,desktop,40,0.1193742861566641,0.2974975074827186,3.1008678540680443,0.1920278512177284,0.5478415496295383,0.1310419692567909
qwen-3.5-plus,1,3088d0,web,40,0.2898188154087323,0.4549184186497553,1.176561640569449,0.520014579164218,0.6962153785191108,0.2336679249957198
qwen-3.5-plus,2,3088d0,web,90,0.1572156738512481,0.3968618688641264,1.2323423884687803,0.3630071895414497,0.6176476974846017,-0.0161959240662683
qwen-3.5-plus,3,3088d0,web,45,0.3593962691243422,0.5080258272751008,0.9455322712825712,0.7123771126291164,0.7340432888424119,0.2380748522918057
qwen-3.5-plus,1,30bf75,desktop,41,0.4383627440312668,0.475714093730195,0.8984586679203701,0.7464201335390168,0.697836282346949,0.3257187072130855
qwen-3.5-plus,2,30bf75,desktop,48,-0.1600416825873757,0.2341707991186359,6.313139884041346,-0.1973317928547314,0.3174034840766702,0.0088262002536812
qwen-3.5-plus,3,30bf75,desktop,51,0.4293315784787949,0.4559345894797156,0.9401054590055088,0.7465110190860815,0.6707228411301607,0.3064555644178875
qwen-3.5-plus,2,312489,desktop,40,0.3846996475326924,0.5067684727761728,1.3419146520212335,0.5730749981265048,0.6920565964865824,0.332647115419552
qwen-3.5-plus,1,312489,desktop,41,0.2817828989893481,0.4518781327573763,1.4687589910235033,0.3909817749563994,0.6776250020718142,0.2313533123678359
qwen-3.5-plus,3,312489,desktop,41,0.4137955263685505,0.5160749616173174,1.3226803561065763,0.6265979904195571,0.6992843232524029,0.3533587624470931
qwen-3.5-plus,1,314e90,web,44,0.468338416002123,0.5717212835967428,0.685266950695636,0.7517252309215287,0.7304128364144896,0.1664870046076174
qwen-3.5-plus,2,314e90,web,50,0.4141031612294582,0.5381902929505852,0.790256770146887,0.6670762332512661,0.7167265439109275,0.098691336666559
qwen-3.5-plus,3,314e90,web,52,0.5099657130274785,0.5924271327609687,0.6484379698947712,0.7784151929605945,0.7227242007343424,0.3270342145958235
qwen-3.5-plus,2,3141d9,mobile,29,0.3245572561287484,0.3909138784031455,2.4916475396073245,0.5075777137692324,0.6221740901509376,0.3382388524541944
qwen-3.5-plus,1,3141d9,mobile,30,0.2255811861585397,0.3961748262664312,2.4972523584920774,0.3443710633378053,0.6123697156563844,0.197847984098005
qwen-3.5-plus,3,3141d9,mobile,41,0.3741994950905253,0.4872717992395538,1.4072129940042617,0.5619461438292743,0.6704387654026718,0.3469677500615848
qwen-3.5-plus,1,317639,mobile,40,0.471399004658268,0.4968376713482152,2.6953652506350747,0.731093759990789,0.631541433829195,0.4716137044275191
qwen-3.5-plus,1,31b0f0,web,40,0.1767066293987914,0.4683546067637263,1.1061193910214322,0.2868664984189588,0.6147020435937433,0.1430520660729228
qwen-3.5-plus,2,319181,mobile,40,0.4419568549759385,0.4521041773831898,2.3842316860255277,0.9021978009650246,0.703089614703991,0.4483431502089099
qwen-3.5-plus,2,317639,mobile,40,0.381417168825472,0.4296878224662715,2.412574139894033,0.6222544872486171,0.691691294186569,0.3839289340556531
qwen-3.5-plus,3,31b0f0,web,36,0.1057332015468891,0.4290200903335482,1.9161082451706128,0.1938403394151618,0.5554818768470958,0.0445743472422207
qwen-3.5-plus,3,317639,mobile,45,0.4015021944914508,0.5231902539139764,1.4538102558994273,0.5560964843871932,0.6839868090162713,0.3898425994945179
qwen-3.5-plus,1,319181,mobile,46,0.4275742100045211,0.4852057079583887,1.4594347183115777,0.6897927979449566,0.6894450377606177,0.4353895917915789
qwen-3.5-plus,2,31b0f0,web,45,0.1951594345872471,0.4649959599331144,1.1919425479802104,0.2459907739951431,0.5834536589916235,0.1320455281100576
qwen-3.5-plus,3,319181,mobile,32,0.361875234633466,0.387971288453684,2.6633193633798236,0.8948691762313012,0.6932997109513667,0.4177965334259527
qwen-3.5-plus,1,324a81,poster,47,0.5515231860984655,0.6147288129767579,0.5578514989061839,0.775798743355849,0.7472163191830453,0.4157531915525266
qwen-3.5-plus,2,324a81,poster,37,0.4944870811814139,0.584758673377039,0.6113304054660962,0.696276577948565,0.7289391465663687,0.3629006502799206
qwen-3.5-plus,3,324a81,poster,41,0.4436739736223226,0.5584977607781152,0.8448140541562391,0.6059718264276536,0.7058859228256291,0.3254367423262072
qwen-3.5-plus,1,3250cb,web,50,0.2194643367841285,0.3939172994016475,1.4779629125402818,0.4430554260639304,0.6797585925341492,0.1104788361822707
qwen-3.5-plus,1,31bba3,mobile,36,0.0112218611983448,0.2155262569629752,5.849153914757165,0.1785443987879013,0.385163874740981,0.1111141086383045
qwen-3.5-plus,2,3250cb,web,40,0.2406872238447351,0.3820967182839209,1.4798167535509217,0.4727913081254742,0.6821613718834483,0.1138757879720482
qwen-3.5-plus,1,325d49,poster,40,0.4454857761634976,0.4952513785093581,0.8591000973797112,0.7153361015951963,0.7237005073110356,0.3753985493125003
qwen-3.5-plus,3,3250cb,web,45,0.1912403289756847,0.3748547545127227,1.387820830959579,0.3308263691946259,0.6580360535531874,0.1368868123788533
qwen-3.5-plus,2,325d49,poster,47,0.5692686106844743,0.5638020042701781,0.6764548088711675,0.9432388521891104,0.7503786713487998,0.5388006088792857
qwen-3.5-plus,2,31bba3,mobile,33,0.0832499823575155,0.2327810762932,5.096894424662735,0.3717324029128393,0.4588547909399992,0.0517058689871058
qwen-3.5-plus,3,31bba3,mobile,48,0.1115233540541453,0.3645402108011817,2.68022093828004,0.2902992417183193,0.576662978980491,0.0856009196639496
qwen-3.5-plus,3,325d49,poster,49,0.4298337945076242,0.5239480750871546,0.7217491753139799,0.7518857030246956,0.7294695383109782,0.456532934537571
qwen-3.5-plus,2,31eed9,poster,49,0.764916635612874,0.6690712993038996,0.977061846464726,1.8291137046415664,0.8707488765881354,0.7368852983155834
qwen-3.5-plus,3,31eed9,poster,46,0.7089497146578282,0.6249371965975709,0.9215393905091044,1.745932780135086,0.8775700460361274,0.6778850841486274
qwen-3.5-plus,2,325da3,desktop,50,0.3273921507914205,0.4083108120838903,1.6237086440549884,0.7382912690202227,0.713483077783061,0.2341870439005092
qwen-3.5-plus,1,325da3,desktop,52,0.3179267102257336,0.4428818810760075,1.339488882081587,0.689530567489881,0.7399346893237247,0.1911306804904627
qwen-3.5-plus,1,31eed9,poster,48,0.5035769718625269,0.4774273137249499,2.477357775184934,1.1649376951401258,0.7628553123934222,0.4832569134034254
qwen-3.5-plus,3,325da3,desktop,40,0.1613072893110828,0.3592254392801035,1.6624077419170855,0.3472017993310528,0.6743134754604415,0.0856121115356854
qwen-3.5-plus,1,32c969,web,45,0.3713780297472485,0.4868519105900526,1.4234147261357937,0.7727773800160174,0.7837473832767305,0.2736188375768652
qwen-3.5-plus,3,32c969,web,40,0.3776270877896432,0.5025459142698389,1.120398447222854,0.8034645975274572,0.7870265235810343,0.2913093650524913
qwen-3.5-plus,2,32c969,web,40,0.4761523159667311,0.5274572109557838,1.5860115483264423,0.9919338973333108,0.7804107726888208,0.3544393726180355
qwen-3.5-plus,1,32cce0,web,40,0.3468030388353589,0.3753809534465964,1.6130704902602586,0.906499294448197,0.7006568998054208,0.3041205225827406
qwen-3.5-plus,3,32cce0,web,30,0.2465211253595471,0.3330011726919256,1.9592240582525888,0.6042908581986456,0.693487666111757,0.2147228673000385
qwen-3.5-plus,2,32cce0,web,34,0.1711815930451977,0.3710019885519303,1.6367798054901077,0.3678906659013564,0.6625759882764777,0.1218365862404098
qwen-3.5-plus,1,3304d5,desktop,45,0.5727762225316391,0.55178463554618,0.6264126060444954,1.099706998181913,0.8047426077136535,0.5633016940143469
qwen-3.5-plus,1,32fcbf,poster,40,0.3738257983872217,0.5058990311789268,1.4651593906442388,0.4392564131435029,0.625691817592368,0.3774386696457356
qwen-3.5-plus,2,32fcbf,poster,44,0.3592002697079649,0.5087062166628266,1.4753170626014174,0.4671722637189809,0.6234261949130183,0.3958949424951591
qwen-3.5-plus,3,3304d5,desktop,49,0.5879629189064879,0.5494939127107787,0.6714090215187659,1.1116490536238075,0.7911480967107684,0.5783603822389856
qwen-3.5-plus,3,32fcbf,poster,49,0.2048053081060698,0.4453869910327493,1.78966086594597,0.211177141037583,0.5813373741908049,0.1916764703414969
qwen-3.5-plus,2,3304d5,desktop,50,0.4975239795133397,0.4998464956997543,0.753164138271308,0.9728916748387136,0.7723557772195149,0.4843426068794348
qwen-3.5-plus,1,330777,web,45,0.2308421063802967,0.4041313469301832,1.854923516005923,0.455773376595288,0.6452594019677885,0.2573475772726842
qwen-3.5-plus,1,33214a,web,48,-0.0306890115565702,0.1978713128816288,3.0823455686262324,-0.094210002638405,0.5033796860947886,-0.1946539009381998
qwen-3.5-plus,2,33214a,web,32,0.3648862016862468,0.3810579915474712,1.446534370766063,0.9911734662009066,0.7956650819785037,0.1350622231789185
qwen-3.5-plus,2,330777,web,46,0.3308410644538828,0.4666181578838471,1.204880024013835,0.6436148531741813,0.6803891656646529,0.2975608980426572
qwen-3.5-plus,3,330777,web,41,0.2304598752270971,0.4062936267397115,1.6513538125399023,0.4724080421042033,0.6569795819264895,0.2228852654720894
qwen-3.5-plus,1,333ba8,desktop,50,0.7610564123655315,0.6648991581742119,0.4861278156239372,1.4114096549038484,0.8329364091806408,0.748588606515941
qwen-3.5-plus,3,33214a,web,51,0.2783383059292822,0.3350133146100562,1.6483951791756364,0.6881048898628435,0.7223442037100212,-0.0165369009924583
qwen-3.5-plus,2,333ba8,desktop,46,0.5839207572152594,0.5860212951863013,0.7081265649870634,1.1258565140957295,0.786526573269525,0.5630736488803005
qwen-3.5-plus,3,333ba8,desktop,40,0.5170465916903766,0.525933476571451,1.4363973123330236,0.9737613126299038,0.7550707721231892,0.5007025084407212
qwen-3.5-plus,1,3351c6,desktop,50,0.1356411243975598,0.3614823989586998,2.640783233919567,0.2300610189896942,0.5670623919335793,0.0991327575431021
qwen-3.5-plus,3,3364c6,web,42,0.2469187781011065,0.4586470735147774,1.0169761353435542,0.4984804748471996,0.6486331971841316,0.1723153833322017
qwen-3.5-plus,2,3364c6,web,44,0.2018685036701343,0.4503905823963801,1.1318923557967118,0.4106450970054014,0.6393832255831312,0.0688942580281543
qwen-3.5-plus,1,3364c6,web,46,0.097616683260041,0.4662950770117844,1.2055423349257943,0.2774679686092692,0.5907738747808768,-0.1253323649633203
qwen-3.5-plus,3,3351c6,desktop,40,0.2209212399035274,0.4348665501953827,1.330980860453995,0.4261874281513683,0.6311851729504508,0.27208768163841
qwen-3.5-plus,2,3351c6,desktop,50,0.4239737137251855,0.5272680518147131,0.7675260436423272,0.7575539278000623,0.7257144871943242,0.3490936143550084
qwen-3.5-plus,1,3364ed,web,40,0.3600997371472697,0.4952461848352097,1.0281455085315443,0.6160885694729278,0.7136676910961698,0.288289181459169
qwen-3.5-plus,3,3364ed,web,40,0.3881854712869081,0.5232387856792033,0.908007541029858,0.6850626001897567,0.7251117139364456,0.3073687173007234
qwen-3.5-plus,2,3364ed,web,40,0.3599037981341096,0.5136340619261807,0.98220549175062,0.6018592131685544,0.713803441915127,0.2716123438073259
qwen-3.5-plus,1,33c037,desktop,48,0.3259231141249311,0.4531665055636241,1.5367484780005114,0.4776904041081887,0.5791979424091594,0.2161478978751077
qwen-3.5-plus,2,337990,web,40,0.3571691481836503,0.477187680242203,1.0271827000678535,0.7020620188092827,0.7284503901145348,0.3396630793189408
qwen-3.5-plus,3,33c037,desktop,48,0.2421511730361734,0.4672829897856546,1.1166516321850304,0.401731994635488,0.60876733320704,0.1083484263239998
qwen-3.5-plus,2,33c037,desktop,50,0.4088141838237233,0.5149892034178607,1.0945486908841973,0.64233065039183,0.6611827491518009,0.3581594405456759
qwen-3.5-plus,1,337990,web,38,0.0095663887818164,0.3246385264706045,2.486883361760089,0.0039651537126087,0.5551987526912581,0.035280229393674
qwen-3.5-plus,3,337990,web,32,0.1018628355337472,0.3756478868807989,2.3347126322409144,0.2174279500547427,0.6372147167709065,0.0629855076553262
qwen-3.5-plus,1,33cc24,desktop,36,0.3313500077711815,0.3600043443217655,2.612811240865736,0.8195086620569547,0.6628224955289513,0.1424290282220749
qwen-3.5-plus,3,33cc24,desktop,56,0.3411695610518057,0.3534908317354202,2.777867557831166,0.7853789854561818,0.6051923145127182,0.1781780351430836
qwen-3.5-plus,2,33cc24,desktop,49,0.7233204135692539,0.5470042996098962,1.0896709226747283,1.8680443868164056,0.7832902362517071,0.6438721589347652
qwen-3.5-plus,1,33fdee,poster,49,0.4768193114111539,0.6962413878380871,0.3578391861647406,0.4524880698800933,0.635088403575875,0.4166835034769313
qwen-3.5-plus,1,33d2a6,web,47,0.1006908658589372,0.406792495021101,2.511166893395397,0.1424018900062249,0.5394349368464703,0.0843893576300914
qwen-3.5-plus,2,33d2a6,web,41,0.022955573366522,0.3576187813320042,3.147685871814978,0.0232964103983756,0.4995459180182836,0.0516314391901488
qwen-3.5-plus,2,33fdee,poster,46,0.4697782287127767,0.6340280074089065,0.6952560421453072,0.4208080087493511,0.6256284436456994,0.4117702230449134
qwen-3.5-plus,3,33fdee,poster,30,0.4303144884341263,0.685258967878497,0.4937965818869874,0.4142792665158384,0.618297097333987,0.4185770022889539
qwen-3.5-plus,3,33d2a6,web,48,-0.0300731208462664,0.3743790056071053,2.034509231466584,-0.0747229311859293,0.504214646403653,0.0386143322345012
qwen-3.5-plus,2,33eb5e,desktop,48,0.2783085905900794,0.4366893802229923,1.1649028350621249,0.6338697522422565,0.6716656240537884,0.2459988724861886
qwen-3.5-plus,3,33eb5e,desktop,30,0.502423231296013,0.5318356273492786,0.802143163613355,1.1566541491662083,0.7805427049643149,0.4834648357702231
qwen-3.5-plus,1,33eb5e,desktop,49,0.259490199657585,0.4199214502863749,1.3083010403878583,0.7650545881723736,0.6773252631120403,0.2355239094895879
qwen-3.5-plus,3,34558c,desktop,48,0.131695892565167,0.4506569016312963,0.9444960592902782,0.2452480560180424,0.5761584436600812,0.1787003787831388
qwen-3.5-plus,1,34558c,desktop,50,0.456119601560119,0.5236632236648007,1.4676133442054624,0.7092110710370813,0.6850617982421056,0.4389017331010791
qwen-3.5-plus,2,34558c,desktop,40,0.2997175868682691,0.4761592702246796,1.043736503825333,0.5185345527646733,0.6322972148271909,0.3086012445247593
qwen-3.5-plus,2,3478a7,web,40,0.553824703888993,0.6059020603358618,0.9757107791099956,0.8148426524512132,0.7498581345735251,0.3347738048051102
qwen-3.5-plus,3,3478a7,web,40,0.4795026178931155,0.5495333597313523,1.4167659187228838,0.7067990111249597,0.7234041496196328,0.2207663387491269
qwen-3.5-plus,1,3478a7,web,39,0.5006333848801507,0.5726053831596469,0.8792576813727718,0.7111999304828648,0.7329980903415214,0.3443941820373035
qwen-3.5-plus,1,343781,poster,39,0.2010197052466668,0.3844664029186637,2.2695196385048972,0.3463001400927248,0.5965841388922788,0.1773697059813559
qwen-3.5-plus,1,345b44,mobile,30,0.7523604505847972,0.5860689580396987,1.704958987140574,2.0481855112524863,0.7712744777549022,0.7311364976325203
qwen-3.5-plus,2,343781,poster,48,0.0739890339778372,0.3714866255266458,2.369596602823973,0.0623558240274116,0.541970425634653,0.0460770603913227
qwen-3.5-plus,2,345b44,mobile,48,0.5687625077719554,0.5183047837905186,0.8910667270736037,1.5486071358596871,0.8277068006944709,0.48660288155644
qwen-3.5-plus,1,348c74,web,55,0.1126584546787249,0.4552248767015956,1.434539342507371,0.1746360568301576,0.5468814800006998,0.1053375244932696
qwen-3.5-plus,2,348c74,web,45,0.0838911681843978,0.4551732452924018,1.3998871425497474,0.1690547851541884,0.5447228374627038,0.0785424987037474
qwen-3.5-plus,3,343781,poster,42,0.2237920312750567,0.4059487096286068,2.000115478254264,0.3379672207587424,0.6154129375004571,0.175606885836162
qwen-3.5-plus,3,345b44,mobile,43,0.745444364508273,0.617488704158273,0.8636640678240968,2.0441911051027324,0.8531701828984924,0.721259863595645
qwen-3.5-plus,3,348c74,web,49,0.1921498841473365,0.4741962314221695,1.4193200941532966,0.2873351839129063,0.5665658690688784,0.1766226169142519
qwen-3.5-plus,2,34c262,poster,40,0.1681419187572094,0.5850929024675671,0.9730008083954006,0.2292510762786141,0.5628635451087198,-0.0107756282336068
qwen-3.5-plus,1,349e93,web,46,0.2317135547100786,0.4576009243787846,1.6054784313236112,0.3418104117170125,0.6213577800515903,0.2426615832359764
qwen-3.5-plus,3,34c262,poster,35,0.1578370913269586,0.533379150934146,0.8491495590072042,0.1246714182246538,0.5329945152463047,0.1260779841554194
qwen-3.5-plus,1,34c262,poster,48,0.0758735137747773,0.5169808375795346,1.0214981855656742,0.0889742955599477,0.5426692397354517,-0.0071009220910002
qwen-3.5-plus,3,349e93,web,40,0.2383215492688801,0.462954973741975,1.55212354748929,0.4134250461734524,0.6205078746761116,0.2279256624460004
qwen-3.5-plus,2,349e93,web,41,0.2055794705930695,0.4668413029427258,1.5421506365326885,0.3744803871470584,0.607920824507688,0.2103517993198224
qwen-3.5-plus,1,34a3b6,mobile,41,0.4034165452329207,0.4522540529336938,1.551017266936359,0.7504757605253568,0.7497423063505971,0.4119933948940448
qwen-3.5-plus,2,34a3b6,mobile,55,0.6553794306133739,0.6396391162609392,0.7702582103384753,1.1624590045505303,0.8061470764984098,0.6209918347489769
qwen-3.5-plus,3,34a3b6,mobile,48,0.4874744453528374,0.5083718418345883,1.274438053938518,0.9710385951922008,0.7719445920189593,0.4572898296444158
qwen-3.5-plus,1,356da5,mobile,33,0.3023527320137599,0.3822736390866201,2.565279115649047,0.4088899007850725,0.5636609152390091,0.183893812576725
qwen-3.5-plus,3,3578cd,mobile,47,0.3632228610517501,0.4553341948946475,2.289350967539873,0.5260016122529924,0.6648659786681066,0.3615533787464662
qwen-3.5-plus,2,3578cd,mobile,38,0.2020172775886634,0.393776407119602,2.3933379938451877,0.3895288007594621,0.6607795034786095,0.1926359288600032
qwen-3.5-plus,2,35a756,web,48,0.3385464441251288,0.4649189597407499,1.3986643337447888,0.5000616668540356,0.6502618933966335,0.2954685004936208
qwen-3.5-plus,2,356da5,mobile,50,0.2529157859166805,0.3720725250929779,2.776370628561681,0.2618786065034531,0.5344638683507004,0.1984930060751135
qwen-3.5-plus,3,35a756,web,46,-0.0511925694966283,0.2124969707324199,5.092813796052104,-0.0858999825965067,0.4800140193654167,-0.1760975012814262
qwen-3.5-plus,3,356da5,mobile,48,0.3547685790239047,0.473316184092563,1.974896954368942,0.4781806321901225,0.610982562705948,0.1952134136049497
qwen-3.5-plus,1,3578cd,mobile,40,0.0453832462309514,0.3355579600333908,3.7500646174128383,0.0863722961275439,0.5076730470564301,0.032615559132802
qwen-3.5-plus,1,35a756,web,50,0.0710470206462042,0.3489853722204005,2.078933287784961,0.1054230571391738,0.6042042971198558,-0.0126142460448937
qwen-3.5-plus,2,35ba73,web,45,0.287500644448762,0.5095490260115103,0.8676581302603477,0.4272421209543961,0.6299424121722469,-0.0442904885951363
qwen-3.5-plus,1,35ba73,web,17,0.2893614605261978,0.4945738322373512,1.1437599896430983,0.4604843915313873,0.6782175687258597,0.0900420531098582
qwen-3.5-plus,3,35ba73,web,51,0.3377313351314474,0.5278872104914383,1.0219346200933717,0.4931512848832318,0.668272365433694,0.0323969496259163
qwen-3.5-plus,3,35bd1e,web,33,0.2548748512528297,0.3639978441576469,3.5248661659632337,0.3716967550153437,0.5522080943914218,0.1081012633960058
qwen-3.5-plus,1,35bd1e,web,48,0.2865882548245081,0.4263323075201213,1.2760496462447235,0.4661296317255848,0.6237785174503416,0.2015138155762367
qwen-3.5-plus,2,35bd1e,web,53,0.2547809668863436,0.426506978001191,1.3277496334583736,0.4173319445003957,0.6444833371200294,0.1281577750222498
qwen-3.5-plus,1,35aa58,poster,41,0.3103808089852213,0.5257085017422797,1.3222657384205598,0.6062214370971462,0.6698554125913179,0.2338923361110625
qwen-3.5-plus,3,35aa58,poster,38,0.1588232582076177,0.4388442020974244,2.0697962498417386,0.2991081862737316,0.6026160894331489,0.0659224731621964
qwen-3.5-plus,3,35c59b,poster,45,0.1935868241066242,0.4682295984997322,0.9161460286130528,0.3480265289688836,0.6084764353917986,0.0197133655178757
qwen-3.5-plus,2,35c59b,poster,50,0.1184120882100197,0.4632102429335573,0.9965767509210532,0.2005999881050411,0.5623670865871283,-0.0166359252603434
qwen-3.5-plus,2,35aa58,poster,46,0.2628024751956812,0.4688497692691041,1.358086859997583,0.4390083019565556,0.6376166862334036,0.1949432584763222
qwen-3.5-plus,1,35c062,desktop,31,0.1509661934703412,0.3575250554096494,1.6931219155980148,0.3084653084457595,0.5934121860619697,0.0980640986884165
qwen-3.5-plus,1,35c59b,poster,38,0.2307596205439167,0.4807311812124197,0.8606400634422519,0.35445889948833,0.5925619834506928,0.0719170953668641
qwen-3.5-plus,2,35c062,desktop,47,0.2892061702359828,0.4363589488254052,1.0536883009601414,0.6219811957702929,0.6816676137213877,0.2486333983663585
qwen-3.5-plus,3,35c062,desktop,49,0.5659626558782735,0.5534495859028414,0.8395653911234928,1.089757139616659,0.7678774054244397,0.5387402738099042
qwen-3.5-plus,1,363885,desktop,45,0.3478817859603488,0.5031675697947036,0.8522939040730562,0.672228026923892,0.7022390913986897,0.2331584485565441
qwen-3.5-plus,2,363885,desktop,43,0.256661251985585,0.4497774082058459,1.09857102971843,0.4706470505089435,0.6464525071252334,0.1664908509677103
qwen-3.5-plus,2,3628ee,web,40,0.3389761352128479,0.3906166767324872,1.511878856291266,0.8291411100749039,0.721783728245756,0.2836850053959979
qwen-3.5-plus,1,3628ee,web,40,0.4952048462053308,0.44521986675407,1.6464287430135724,1.07177439237516,0.7651482814558771,0.4336588218629025
qwen-3.5-plus,3,363885,desktop,36,0.3751860586711514,0.490041377873169,0.9764710446143816,0.6957378300358934,0.6939401578004726,0.3033422305206468
qwen-3.5-plus,3,3628ee,web,36,0.077736822546222,0.2789161279786298,2.1407212831040336,0.1738195544027139,0.5778745685504811,0.0130240204272406
qwen-3.5-plus,3,362dcc,web,40,0.3247803957015888,0.4712278240151538,1.567888698706887,0.5473701167623155,0.6545640124007943,0.3265692950861194
qwen-3.5-plus,2,362dcc,web,31,0.2123167215834482,0.3995923394665888,2.2997714722836973,0.377173646676897,0.6159094532621159,0.2536485276120111
qwen-3.5-plus,1,362dcc,web,37,0.1606294724461792,0.3894101919060173,2.07735131658579,0.3079306612255307,0.60569762497647,0.1720481945230097
qwen-3.5-plus,2,3664a3,mobile,30,0.6961424539949942,0.6573285115207733,0.4214660278819968,1.06650329290938,0.7914353682640141,0.7219137664482914
qwen-3.5-plus,1,3664a3,mobile,29,0.6085755658677925,0.6153520862211135,0.6069481688590672,0.9386719385657684,0.7630918178006724,0.6950847296111342
qwen-3.5-plus,1,36602c,desktop,40,0.4311930513591167,0.5962411513231664,0.6211791622803041,0.6146965277765345,0.6665779241566059,0.3951634793486928
qwen-3.5-plus,3,3664a3,mobile,28,0.7056127226095394,0.6705407915490296,0.746606460186485,1.155706965736709,0.7876026378648902,0.7313198209421785
qwen-3.5-plus,2,36602c,desktop,40,0.4986822309356186,0.6192638188959203,0.521118976601566,0.7530501293329367,0.7054532128955554,0.4788094569398996
qwen-3.5-plus,3,36602c,desktop,40,0.4590060367409893,0.6027503347532019,0.615511188942672,0.7314338764000786,0.6862571533835776,0.4596145219195313
qwen-3.5-plus,1,36ca43,desktop,35,0.5568572041251532,0.5374044527798444,0.9691795845379656,1.344612470517103,0.8426670965271779,0.494490752592654
qwen-3.5-plus,3,36ca43,desktop,50,0.4678343450724894,0.5082902987683203,0.932300207881228,1.1155082030303594,0.8383018360069346,0.4271390709765428
qwen-3.5-plus,2,36ca43,desktop,45,0.621778578043797,0.5902296322108461,0.6548327082793456,1.4726741522708675,0.8693195686837875,0.5793342761563287
qwen-3.5-plus,1,366c6f,poster,46,0.5671007401694261,0.4586443663821694,3.0886815259017446,0.8354502951981767,0.6482747558427001,0.513739821460101
qwen-3.5-plus,2,366c6f,poster,49,0.3349719395704246,0.3267455846589465,3.816322289531467,0.4818681027603774,0.5908165336579119,0.2661684018116015
qwen-3.5-plus,1,370302,desktop,40,0.5332804298328219,0.521575475542837,0.9404600760080336,1.2346601328962967,0.8016960690188946,0.4530725298941401
qwen-3.5-plus,2,370302,desktop,40,0.553770570088786,0.5305999049879561,0.7363252480147461,1.1933209760254366,0.8113317070023313,0.468807581630391
qwen-3.5-plus,3,370302,desktop,37,0.0834143523005274,0.3378446459659416,1.5349267605164405,0.0919728263471408,0.5902551233042288,-0.1123874758738784
qwen-3.5-plus,3,366c6f,poster,49,0.6592855479133888,0.5368387668292909,2.0350254132855174,0.9810697194964692,0.7704590210150367,0.6047046647333024
qwen-3.5-plus,1,368917,mobile,40,0.5063500801135035,0.361622572993858,3.433779022291078,1.155516749735375,0.6294041085203114,0.4709911090856709
qwen-3.5-plus,3,368917,mobile,47,0.4725714661782094,0.3489765576512535,3.916827824183291,1.0833294391823696,0.5847391696478994,0.4365484958165525
qwen-3.5-plus,2,368917,mobile,40,0.5076581436841568,0.3798719186598581,3.658110945410006,1.127418838503653,0.6176224061473617,0.4912635682450608
qwen-3.5-plus,3,37123f,desktop,50,0.5620794595125842,0.5609710611862769,1.0171939110297257,1.0729606146684616,0.7673536039936054,0.4325387905713757
qwen-3.5-plus,1,37123f,desktop,48,0.5713344778018097,0.5210801196066472,1.8182763219274911,1.1224069332248474,0.7262199262161397,0.4684225183133467
qwen-3.5-plus,2,37123f,desktop,37,0.4683347478003448,0.4726454946040098,1.9324563173784275,0.9999873490426798,0.7174451462689949,0.3949280589028683
qwen-3.5-plus,3,3734cb,poster,50,0.5007379420525631,0.5569123254089287,1.3178179681390905,1.096387556985421,0.8140563017874346,0.4684373893727072
qwen-3.5-plus,1,3734cb,poster,51,0.2531279841429317,0.3939575640867839,1.7499650385616898,0.5705490477357023,0.6852568087384138,0.2105667332742699
qwen-3.5-plus,2,3734cb,poster,48,0.3597813228523015,0.4314806929506323,1.041514281104537,0.7752169696865349,0.7232506812898594,0.1901264430119632
qwen-3.5-plus,2,3766a5,desktop,43,0.2277174754560697,0.5242739567837607,0.7897452027163947,0.310509147420227,0.5944873164790152,0.0552547904661719
qwen-3.5-plus,3,371069,mobile,48,0.3915970857188302,0.4804659477533732,1.9538060505605843,0.5806820729214893,0.7185494417332934,0.3664100751129373
qwen-3.5-plus,1,3766a5,desktop,36,0.4695546284622353,0.5817549019387427,0.6190499299773411,0.6436092948037576,0.6724844104551452,0.2134999192227383
qwen-3.5-plus,3,3766a5,desktop,34,0.4195817540351626,0.5509290131019703,0.7479834336561914,0.594400155016503,0.6642386303987198,0.2700158609541753
qwen-3.5-plus,1,371069,mobile,40,0.2735943860757603,0.4329572134610612,2.095456931053799,0.5431736285913759,0.6465423371638268,0.2115244078408597
qwen-3.5-plus,2,371069,mobile,32,0.1804542014790671,0.3912078880527111,2.6173553561071725,0.3092271305481469,0.5966487884136414,0.117017068534827
qwen-3.5-plus,1,37ad54,desktop,47,0.153390150390912,0.3950047924261045,1.7936255222005115,0.391489851430363,0.6109603099853588,0.1048751187234962
qwen-3.5-plus,1,37446a,mobile,38,0.4750252906552333,0.5352319902585759,1.1597817615792874,0.6711884508946634,0.7169009385795652,0.4526743754513128
qwen-3.5-plus,3,37446a,mobile,38,0.4343688689190489,0.5187906457628119,1.1810384992683989,0.66206936767309,0.7200080694980053,0.3814608272618467
qwen-3.5-plus,2,37ad54,desktop,40,0.2696918907767708,0.3990529284877679,1.6099891512874471,0.6154443651994135,0.704786503991659,0.2377821304658287
qwen-3.5-plus,2,37446a,mobile,34,0.4179413601658719,0.4991145275837801,1.2988913131736477,0.5825879629830659,0.7062074240168255,0.3924841714650177
qwen-3.5-plus,3,37ad54,desktop,40,0.2377964223317238,0.3981162687650345,1.6894301419195925,0.5355331809525564,0.6572107811550614,0.2125831549461109
qwen-3.5-plus,1,378c6a,poster,47,-0.0438844253334812,0.3642002331220665,3.626649302143697,-0.0128555037860368,0.4677756061455193,-0.0608753780747732
qwen-3.5-plus,3,378c6a,poster,38,0.0843470609520161,0.4606538951935031,2.076871503965599,0.0087684956318884,0.5124060621341999,0.0686026442439044
qwen-3.5-plus,2,378c6a,poster,44,-0.0807317471991215,0.4339665876755339,2.262234312961893,-0.1387995318031987,0.4480354170715846,-0.040373439075134
qwen-3.5-plus,2,37c0ca,desktop,44,0.1217446531070797,0.3423872596823772,2.0688029077335917,0.1518191754710643,0.5345269451775159,0.1314296069856609
qwen-3.5-plus,1,37c0ca,desktop,50,0.0584780755476944,0.3326958270544453,3.744617319824064,0.164256078038149,0.51670711973734,0.0588781181877686
qwen-3.5-plus,3,37c0ca,desktop,48,0.1398732786667935,0.3342528591713781,2.6836295307349376,0.2091802194985003,0.5611951378928258,0.1771073022442217
qwen-3.5-plus,1,37cecc,mobile,39,0.1848888298103339,0.374183748834719,1.9524314499763955,0.3333716193503496,0.6654265049440236,0.0132221408319575
qwen-3.5-plus,1,3839b1,web,49,0.306145243227465,0.5067393423728483,1.1715650520937362,0.6286155010506109,0.7395574342706215,0.107627238845724
qwen-3.5-plus,2,37cecc,mobile,46,0.2205897007892035,0.3775111261111459,2.3876005934555717,0.4461156221781467,0.6534750353353028,-0.017398667163883
qwen-3.5-plus,3,37cecc,mobile,52,0.335204156590697,0.3807839948993844,2.8713130830620206,0.6207716744394216,0.7130328824204549,0.0987351866583803
qwen-3.5-plus,2,3839b1,web,40,0.4549934535787038,0.5659084427573369,0.8565799972603575,0.9448712000692888,0.7841488992752437,0.2055982063396518
qwen-3.5-plus,3,3839b1,web,47,0.3355061838168914,0.515814558793229,1.1105347153621214,0.7037396115850879,0.7408006427559969,0.10933874623147
qwen-3.5-plus,1,381869,mobile,51,0.2236386515084453,0.4541210510686744,2.137142481084816,0.3976793157338552,0.6819854000797998,0.1969370498801566
qwen-3.5-plus,2,381869,mobile,50,0.4174300094550882,0.5574469730852525,1.335336077278633,0.5651260020077487,0.6878118551561674,0.3906096793589605
qwen-3.5-plus,3,381869,mobile,67,0.3402833416252335,0.5517148140230625,1.0091330404673764,0.4906637627137392,0.681020706000929,0.3430304023082084
qwen-3.5-plus,1,385881,web,40,0.3481759878140604,0.4890563611983276,1.2471056600702146,0.709367808625274,0.719586711345131,0.3302041873656616
qwen-3.5-plus,1,387531,desktop,32,0.3095863123477362,0.5637974728490818,0.7593828464413342,0.3962840092952864,0.6280188645688214,0.3611181198517987
qwen-3.5-plus,2,387531,desktop,48,0.3080901673679956,0.5629513125580864,0.7426596431814886,0.3819178650532532,0.6189845537252937,0.4070947743866674
qwen-3.5-plus,3,385881,web,49,0.3339934402699723,0.4864925884922131,1.0789821614356687,0.5937560670836173,0.6848308963870132,0.3260070932423289
qwen-3.5-plus,2,385881,web,40,0.2077474765722908,0.4377236169503125,1.5074631726988017,0.4590309315367004,0.6513135445088595,0.1961009184274204
qwen-3.5-plus,3,387531,desktop,32,0.2446500286708516,0.5453409978309636,0.8174024049495721,0.3260548806074115,0.6035526509805034,0.3599360787375203
qwen-3.5-plus,2,38ad0c,desktop,41,0.4898943350978617,0.5563388395914163,1.2733433081600751,0.9863362117173528,0.7769704623813748,0.4516142279541529
qwen-3.5-plus,1,38ad0c,desktop,48,0.6540289730795563,0.6185642462404142,0.7838175519381203,1.35928502510244,0.8180435129831004,0.635854929116098
qwen-3.5-plus,3,38ad0c,desktop,50,0.4569741935706219,0.5086394351991785,0.8808211853656976,0.9789334651257864,0.7640584412630095,0.428511508929938
qwen-3.5-plus,1,38a100,web,49,0.3811828832019259,0.4282977906472808,2.231450254869576,0.6562447608552788,0.7033321695688525,0.3391790049853984
qwen-3.5-plus,2,38a100,web,39,0.4335773053083884,0.4458144502346295,2.3423719022505636,0.8609628578192692,0.7409352053007522,0.4151497382482258
qwen-3.5-plus,1,38c9d5,desktop,45,0.4044339612298013,0.4501413283327009,1.0840874507067686,1.0665188016623486,0.7887522670327152,0.3190512589178617
qwen-3.5-plus,3,38a100,web,30,0.4531663495676959,0.4871405552906674,1.5566099147291348,0.8002446951238995,0.7518870643360396,0.3983539141337811
qwen-3.5-plus,3,38c9d5,desktop,41,0.2514161881102474,0.3962652352541302,1.366657654161037,0.6056156065633005,0.716220089715708,0.1867413375829844
qwen-3.5-plus,2,38c9d5,desktop,40,0.522526880019857,0.4900011830100813,0.8519974774370306,1.2332483655361377,0.8077234518760772,0.4890048826434358
qwen-3.5-plus,2,38a251,mobile,48,0.5672342883859425,0.5078935517246904,1.107616712878145,1.3483569618666824,0.8173602845372726,0.3944986428879973
qwen-3.5-plus,1,38a251,mobile,47,0.4156471512703734,0.4132445124957151,2.8846718191388003,1.0049491557725352,0.7116498184974271,0.2429614047090405
qwen-3.5-plus,3,38a251,mobile,39,0.4745803933678161,0.4551346133250014,2.397715371163272,1.2677877045274326,0.7625136960815532,0.3012285735986503
qwen-3.5-plus,1,38d067,poster,45,0.5533411000227596,0.519302300608148,1.2414321445035892,1.1258073213786235,0.7813972106857346,0.5452164386076758
qwen-3.5-plus,2,38d067,poster,49,0.7071960071697581,0.5622699466583392,0.6053819330217335,1.3755639178305692,0.8328733725711644,0.7092409086067052
qwen-3.5-plus,3,38d067,poster,40,0.6186414204119571,0.5375078386475327,0.7090658151607543,1.248599629706964,0.8211633149954664,0.6148593354824085
qwen-3.5-plus,1,393327,web,48,0.2763581628654734,0.3659832345686031,1.5711617380692842,0.5401993481372582,0.6902663049968298,0.2505009780763492
qwen-3.5-plus,2,393327,web,50,0.2042090617189572,0.3536577251702339,2.793921819192236,0.408324762562589,0.560689803693549,0.0448561652971842
qwen-3.5-plus,3,393327,web,50,0.1457127712143334,0.3191376975011386,1.7514102290231954,0.2290905859081312,0.6364778230643433,0.1053543841330391
qwen-3.5-plus,2,3930bc,poster,40,0.7336607318220623,0.6116082956917411,1.623908232511878,1.6507435545178306,0.8402356090249988,0.7258708625143874
qwen-3.5-plus,1,3930bc,poster,30,0.4865499097694887,0.4642917144572778,2.561090412982024,0.9929944176677916,0.7699741850873569,0.4365978368599483
qwen-3.5-plus,3,3930bc,poster,48,0.2449706404374667,0.2752942163205131,4.759265992676168,0.5437580169309608,0.5512010390664802,0.2232215857116417
qwen-3.5-plus,1,38dec1,poster,43,0.1988033814330459,0.3647966864528261,3.299667955266168,0.2103300538507718,0.5540398634106245,0.1963456777924797
qwen-3.5-plus,3,3962ab,mobile,42,0.0174656822936858,0.3449775653486134,2.65582208152189,-0.0481784492590113,0.5252582387906611,-0.0515849483895473
qwen-3.5-plus,1,39b696,desktop,26,0.0965451275973587,0.4373925391623794,2.639617484745055,0.1319735705660985,0.5090184746145949,0.0063396447520103
qwen-3.5-plus,2,38dec1,poster,30,0.1734211220222952,0.3005997224096929,4.126628904423565,0.3126438181231386,0.5219127844290647,0.1372703392927087
qwen-3.5-plus,2,3962ab,mobile,40,0.3281831842075363,0.4606197217755453,1.5826660955731988,0.681036721170336,0.7056088263625756,0.2944714373040742
qwen-3.5-plus,2,39b696,desktop,39,0.6011769602621564,0.6186966979696154,0.511681644263449,0.9246811931584352,0.7537278449239391,0.543036397783084
qwen-3.5-plus,3,38dec1,poster,47,0.0426119260716193,0.3335539106022592,3.705074045166183,-0.0198547026213891,0.4676821155970037,-0.0089060037272999
qwen-3.5-plus,1,3962ab,mobile,38,0.0221498349731749,0.3369021049490703,2.742162234688923,-0.0341996565438226,0.5306092980797029,-0.0049892557132588
qwen-3.5-plus,1,39a8fb,poster,40,0.1438524758137063,0.4984046944746498,1.2904620792308434,0.1641076364857605,0.5660600990266942,0.0868251755575364
qwen-3.5-plus,3,39b696,desktop,51,0.4277067435270614,0.5816457447181247,0.5900671946141307,0.6830373744494197,0.7011402767937999,0.3472394641429054
qwen-3.5-plus,2,39a8fb,poster,48,0.2475931121678855,0.56488723533671,0.7071399269169784,0.3603405671672181,0.6188475049796031,0.1758924487140417
qwen-3.5-plus,3,39a8fb,poster,33,0.2054158644846864,0.5200848000246072,0.9911282498689356,0.2870195218859518,0.59844718250137,0.1838814382671277
qwen-3.5-plus,2,39fd3b,desktop,40,0.4076396323766526,0.4662839381399529,1.1335174867420128,0.8356632059826545,0.7582944331015151,0.2243612328786086
qwen-3.5-plus,3,39fd3b,desktop,41,0.5401889850554175,0.5027620533351774,1.255430332661696,1.04690748087645,0.7840392107088995,0.3993808769571857
qwen-3.5-plus,1,39fd3b,desktop,48,0.3250302652371258,0.3834162215282749,1.8233759441711577,0.6766983298116827,0.6122756831327145,0.2092009155860172
qwen-3.5-plus,1,3a0d2b,mobile,40,0.3000580781274379,0.5175299709226505,1.615154514490102,0.3101395716809335,0.6003751306166991,-0.0286676742098866
qwen-3.5-plus,2,3a0d2b,mobile,54,0.3894603348513237,0.5454734881814087,1.657212517513443,0.3940690525227948,0.6259116976573703,0.0546310137721536
qwen-3.5-plus,3,3a0d2b,mobile,40,0.3421697586042387,0.5489361149896415,0.9396957909426574,0.3584897381929638,0.647788043606094,0.0586869237692237
qwen-3.5-plus,1,39fa7c,mobile,39,0.4094273153319731,0.4695653504834572,1.6021729792220174,0.7715579826316359,0.7141062887573884,0.3981361705443275
qwen-3.5-plus,3,39fa7c,mobile,30,0.2671135986944127,0.3927500204018923,2.5480786032595555,0.3852239423226333,0.6292827154175893,0.2132383690803377
qwen-3.5-plus,2,39fa7c,mobile,41,0.2586414269878785,0.4177287162139741,2.1597010913012493,0.3705272114851303,0.6467049365009931,0.1973041932385956
qwen-3.5-plus,1,3a1d22,web,36,0.4792790342201264,0.4301221570645702,1.9444457918450953,1.420231397276981,0.806331820667753,0.4476241458956237
qwen-3.5-plus,2,3a1d22,web,40,0.4407049411913604,0.4235268223475898,1.7790318233224318,1.286476985722032,0.8033072112586537,0.4186395549565053
qwen-3.5-plus,1,39f80c,mobile,28,0.4058659579513138,0.4862916782989301,1.7052739936835388,0.4151541977515028,0.6930299170396501,0.4069381799168137
qwen-3.5-plus,3,3a1d22,web,48,0.3173846243544307,0.424292730534341,1.3911810559091338,0.8217133351746572,0.7910505888983531,0.2822798396509879
qwen-3.5-plus,3,39f80c,mobile,39,0.0253264096849581,0.2992261580547691,3.79253386656571,0.0061874995670024,0.5070485948258068,-0.0775859282264322
qwen-3.5-plus,2,39f80c,mobile,39,0.2731494262664298,0.4049949504680614,2.445628969258118,0.2738975443212491,0.6533551818388323,0.225174363507096
qwen-3.5-plus,1,3a6075,web,39,0.0092245747525406,0.2454033981587719,2.843753936771818,0.090152732230439,0.6522260725050242,-0.1765232038908724
qwen-3.5-plus,2,3a6075,web,35,0.1161102096227366,0.2905371163354752,1.9242700552676688,0.2897217477587462,0.7249529067163097,-0.1008271350708534
qwen-3.5-plus,3,3a6075,web,48,0.0328254941644413,0.2566481741387931,2.4973939839023,0.1425714690889911,0.676203624476611,-0.0752955282084373
qwen-3.5-plus,1,3a2d21,mobile,42,0.324735763743974,0.4205688114534368,1.8708815916383092,0.5593241836841528,0.6541579923812845,0.3473729891061415
qwen-3.5-plus,2,3a7320,desktop,46,0.7260921588972555,0.6198404634115657,1.1503855512227228,1.485226855321416,0.802308255948947,0.723058644610454
qwen-3.5-plus,2,3a2d21,mobile,41,0.5243506862181191,0.4491059474751538,2.921842786018284,0.928624951487312,0.5942381161964843,0.550862296251738
qwen-3.5-plus,1,3a7320,desktop,50,0.7322938996905928,0.614963127441577,0.7052596476937492,1.5773452125165977,0.8294391624226746,0.7142739845019626
qwen-3.5-plus,3,3a7320,desktop,48,0.7262670498727952,0.6292338163351654,0.7356949606152025,1.4815605176393305,0.8335905147967436,0.7077523944679304
qwen-3.5-plus,1,3a564f,mobile,41,0.5211969264865244,0.5241325789865334,1.168396914558905,1.1267145131258234,0.8359392736766806,0.474403812616061
qwen-3.5-plus,3,3a2d21,mobile,40,0.4096899427865387,0.4264308136033014,2.000373462561597,0.6380343266333013,0.6159229274269865,0.4059976169809633
qwen-3.5-plus,2,3a564f,mobile,35,0.2639492674586108,0.3312648761898915,4.040376175517129,0.7546389251635048,0.6092068789722256,0.1839577282132476
qwen-3.5-plus,3,3a564f,mobile,50,0.6256178145258913,0.6009935941247723,0.8809281879769582,1.4089628607092284,0.8395252252688693,0.5697157404595822
qwen-3.5-plus,2,3a8a8b,desktop,36,0.2702607834713486,0.4108841459873357,1.3942709118296692,0.5651471956905443,0.6963178762050658,0.206269875511669
qwen-3.5-plus,1,3a8a8b,desktop,50,0.5668181256935587,0.5230915896679288,0.8069557081231673,1.240748325351387,0.7778335412912663,0.5320716482732889
qwen-3.5-plus,3,3a8a8b,desktop,40,0.3612043067214338,0.4225562263618763,1.1215451482040542,0.7422168470555581,0.7128949784792912,0.307050461385251
qwen-3.5-plus,1,3a8c09,desktop,55,0.5605135007739532,0.530020962936049,1.099821870553704,1.130044185462186,0.7679863907707047,0.5452006691532496
qwen-3.5-plus,2,3a8c09,desktop,48,0.6159319740550961,0.5352701831993559,0.7976000339662289,1.2865087407565454,0.770952668827826,0.5960405173410108
qwen-3.5-plus,3,3a8c09,desktop,30,0.6506103601005269,0.5566245191392662,0.6594130965074159,1.3628793433350264,0.7803885810934016,0.6362238720335858
qwen-3.5-plus,1,3a9ac6,desktop,42,0.1569180814487588,0.4683400953658696,1.1597335449931767,0.1352729124638198,0.5764811103556042,0.1954324007105812
qwen-3.5-plus,2,3a9ac6,desktop,50,0.4054609826635956,0.5886854642962731,0.6457329352674659,0.4907150500599495,0.64032389472757,0.345127421473451
qwen-3.5-plus,3,3a9ac6,desktop,45,0.2637762236293399,0.5289556324737541,1.011841849293548,0.3295219901671339,0.5951093564037077,0.3555667582494698
qwen-3.5-plus,1,3aced2,desktop,45,0.1308368434712067,0.3500851666268473,1.5747136676805806,0.2985432221238854,0.6111266408922162,0.0428775364590387
qwen-3.5-plus,2,3aced2,desktop,53,0.0105286041658738,0.3351530279116582,2.812189675555,0.0569760959952149,0.4926150408602023,0.0134514092541945
qwen-3.5-plus,3,3aced2,desktop,35,0.0937806779771998,0.3524109074386828,1.6460293874459304,0.1881218913222149,0.5599204480705966,0.1383748960250174
qwen-3.5-plus,3,3a98e9,mobile,55,0.1750024290396549,0.4665433126334503,1.8448052971910325,0.2390477789739897,0.5621792475078461,0.0153818083457389
qwen-3.5-plus,1,3a98e9,mobile,49,0.280680404283972,0.5189106023431636,1.5714748043169575,0.3570516454288842,0.6025753354943112,0.1237757376974885
qwen-3.5-plus,2,3ae59a,web,49,0.3593950779079986,0.4506037197409002,1.0050703933267604,0.6617788388806102,0.6968189567136988,0.3289866691613174
qwen-3.5-plus,1,3ae59a,web,40,0.2704850901187479,0.3833152253621797,1.423735057165476,0.4774684529846953,0.7067445000071431,0.250283924045281
qwen-3.5-plus,2,3a98e9,mobile,70,0.2701214596815438,0.5236961844410501,1.2878555613864189,0.3149096203252163,0.5758110612293121,0.0447108000682497
qwen-3.5-plus,3,3ae59a,web,30,0.3178129961817199,0.3949696860792388,1.554512390533228,0.6265409567405571,0.7212027513098832,0.3206580079886271
qwen-3.5-plus,1,3ae6bb,web,49,0.5460245603712234,0.5032193626305919,1.0134605933555434,1.138953568835701,0.7906204126798023,0.5053597823799875
qwen-3.5-plus,1,3aecb7,desktop,37,0.723620687839551,0.6463590220596102,0.8548451526851515,1.034312605685353,0.7422682918573527,0.7009577515011615
qwen-3.5-plus,2,3aecb7,desktop,49,0.7152458405621841,0.6658047582345827,0.5380340393194616,0.9942811361248604,0.749940303519775,0.7089715855403758
qwen-3.5-plus,2,3ae6bb,web,50,0.3113161703391572,0.3767001401853071,2.4051385115054913,0.624484449174426,0.694671001221679,0.2718470937066213
qwen-3.5-plus,3,3ae6bb,web,40,0.5752462538031972,0.5098421613266179,0.9875107005618222,1.2101255165629643,0.7981705242005872,0.5363184389730564
qwen-3.5-plus,3,3aecb7,desktop,47,0.694537891239558,0.6448793218899058,0.6372118012463572,0.9862571334658932,0.7383658570492848,0.6886938725208909
qwen-3.5-plus,1,3b203e,desktop,92,0.2780643675185246,0.3828170533324068,1.1257754964016988,0.5836509851263363,0.6644869714906875,0.1268374715611554
qwen-3.5-plus,2,3b203e,desktop,50,0.5964739268945077,0.5448023575864531,0.9817677598769456,1.0750147947770952,0.7476634574760583,0.5732143322125078
qwen-3.5-plus,1,3b1c3e,web,45,0.4798447958557679,0.5490368905348373,1.0211549895018923,0.619950938712495,0.6859076943688147,0.4788765763724323
qwen-3.5-plus,3,3b203e,desktop,42,0.3580553582129563,0.4403656888471152,1.400820567702869,0.6231008556246146,0.6741289296923825,0.3079652510641778
qwen-3.5-plus,2,3b1c3e,web,46,0.5158019092831443,0.5673336570770926,1.1074336036920311,0.6778351724582359,0.6927061733948761,0.5325550250119636
qwen-3.5-plus,3,3b1c3e,web,41,0.2007418368584046,0.4276627451072338,2.276747491196212,0.2866378996201997,0.6024888495295774,0.180911928145608
qwen-3.5-plus,1,3b078d,mobile,48,0.2308227713375502,0.3931786541644628,3.143600069763715,0.3297578447804336,0.5830594981016767,0.2130984478096483
qwen-3.5-plus,2,3b078d,mobile,37,0.1046428197480676,0.4039888103575804,1.9642224379553253,0.144953408045775,0.565372625310967,0.1063386095604495
qwen-3.5-plus,3,3b078d,mobile,42,0.0867434852693147,0.4163779755942359,1.927856775834773,0.0554474026640716,0.5228874409169484,0.0599459412262604
qwen-3.5-plus,2,3b4d85,web,40,0.3353801179178672,0.5104838871460243,0.9365803281507143,0.6579321166423706,0.697848498100137,0.2833639130161895
qwen-3.5-plus,1,3b4d85,web,31,0.3928956189458446,0.5164175862688494,1.2972420992386848,0.753968568420649,0.6849677455059491,0.3598928571392643
qwen-3.5-plus,3,3b4d85,web,39,0.4023300530670024,0.534331795624421,1.0365136119818334,0.7551150145162957,0.6986236354947434,0.3323033076690297
qwen-3.5-plus,1,3bb8f9,mobile,40,0.4711911311586093,0.5749023120417546,0.6386606530240485,0.7262709366053659,0.7166734259566139,0.2800451357771187
qwen-3.5-plus,2,3bb8f9,mobile,52,0.3654892727641089,0.5412907171309833,0.6663941138038879,0.4890790166800775,0.6330323889763927,0.1525302949962894
qwen-3.5-plus,1,3bc098,poster,46,0.5106892822019446,0.549849474418086,0.6362091533264885,0.8427152376396613,0.7278731464354959,0.4466689507804514
qwen-3.5-plus,3,3bb8f9,mobile,40,0.3602303688869309,0.5480408470282696,0.6361083746075903,0.5794445795442583,0.6787528981765856,0.1750329103166832
qwen-3.5-plus,2,3bc098,poster,48,0.5824978747885483,0.5943937459765013,0.5401841367156166,0.9683530318348492,0.7617530039287526,0.5435004805504179
qwen-3.5-plus,3,3bc098,poster,47,0.6270206933344502,0.5986847883420341,0.5268921195280876,1.0368614584517524,0.7720191738318084,0.5748759944977805
qwen-3.5-plus,3,3bc419,desktop,50,0.451865416403815,0.4871461604396544,1.2923045201589436,0.5571949279505842,0.6478837247542992,0.458811608358021
qwen-3.5-plus,1,3bc419,desktop,50,0.391904899590231,0.4591848846317087,1.279538889448932,0.4093918818937085,0.6014220308734488,0.3871327850963991
qwen-3.5-plus,2,3bc419,desktop,40,0.5652139257735435,0.5821874534455818,0.6848701805077688,0.7323528974245007,0.7102606577754662,0.557585752516771
qwen-3.5-plus,1,3b6541,mobile,48,0.1077100414050332,0.37570316807707,2.7350020473766783,0.169043902504356,0.5455906191138247,0.1205725814853212
qwen-3.5-plus,3,3b6541,mobile,41,0.0860277362455494,0.3984329798795603,2.3151246411170354,0.1008061579738598,0.5604914493363212,0.0962494008533334
qwen-3.5-plus,2,3b6541,mobile,40,0.3008295813534355,0.4524663967873631,1.9751361914033527,0.4740205112436014,0.6493703553631599,0.3104325451246056
qwen-3.5-plus,2,3c465a,mobile,50,0.5110671249266923,0.5599571530543024,0.6411402821079621,0.8027358274672828,0.707306678373578,0.435813903081087
qwen-3.5-plus,1,3c465a,mobile,40,0.2040933888918356,0.5293575424953237,1.0575286266998054,0.3067885697695277,0.5739930579070485,-0.0021193750374239
qwen-3.5-plus,3,3c465a,mobile,30,0.208062674165444,0.5337704850495105,0.9484687344372148,0.3126088819157677,0.5852735344822804,0.1027306500576924
qwen-3.5-plus,2,3bdf30,mobile,39,0.214959124187355,0.3929889482169592,2.6286452622262817,0.2797219933131697,0.6026471710051609,0.1144480739536301
qwen-3.5-plus,3,3bdf30,mobile,50,0.0632123637201018,0.2263137403058955,4.950656637214839,0.0999411532461207,0.4503147089640845,-0.0028695928361655
qwen-3.5-plus,1,3bdf30,mobile,47,0.1908574814476938,0.3869975039380953,2.2010245748698556,0.3304427384495162,0.6277179446637107,0.1142109401475513
qwen-3.5-plus,1,3c29dc,poster,29,0.4352775823264748,0.5274422740607692,1.6468404026993202,0.6132256056920288,0.6966777667327683,0.3408315629162389
qwen-3.5-plus,2,3c29dc,poster,38,0.4081398198370031,0.5341498962042991,1.6560957274869026,0.5178626617182283,0.6699295331186743,0.3106660422699328
qwen-3.5-plus,3,3c29dc,poster,47,0.4820653767701315,0.5842943370850348,1.287642115951641,0.6821405148511133,0.7024266659923887,0.3754545144894984
qwen-3.5-plus,1,3c9088,desktop,50,0.3257245091436413,0.466932847904315,1.190265814498541,0.5379864692962579,0.669054062728017,0.3197755751076582
qwen-3.5-plus,3,3c9088,desktop,30,-0.015948895501437,0.2598520784462949,3.745456622457107,-0.0534266255577861,0.4996337331325556,-0.038512471781754
qwen-3.5-plus,2,3c9088,desktop,50,0.1365830185328164,0.4112847133465499,1.3317008733227436,0.2256484751995929,0.5682755814577672,0.0301400809659301
qwen-3.5-plus,1,3c674f,mobile,46,0.420428415995678,0.4738424915603024,1.7492852981583369,0.6492946665245537,0.6723755384914439,0.3590289363918992
qwen-3.5-plus,3,3c674f,mobile,38,0.311670316087862,0.371667132602511,3.72862749606211,0.4446473264185683,0.5407131660403247,0.2412521514100508
qwen-3.5-plus,1,3cc438,web,47,0.0984300635045779,0.4403606809037652,1.4011540058337073,0.1039643064965088,0.5410958394184667,0.1103693265944905
qwen-3.5-plus,2,3cc438,web,42,0.1478895092981635,0.4537233011416581,1.2891277035382296,0.1810196557079516,0.5685862704120043,0.1317389014190477
qwen-3.5-plus,3,3cc438,web,45,0.0667182158353556,0.4289041208295946,1.584954654817672,0.0612553977013517,0.5357308214853774,0.0754755680579702
qwen-3.5-plus,2,3c674f,mobile,45,0.1835126942730442,0.3024237584141843,4.038703607741645,0.2062369886833878,0.5384830960839744,0.0981756929394183
qwen-3.5-plus,1,3cf90e,web,40,0.5042258608101029,0.5565985481255192,0.8450110302799236,0.8553825208620534,0.7688506656053096,0.3703841644756794
qwen-3.5-plus,2,3cf90e,web,47,0.5905120115745304,0.600279069491751,0.6053218255674683,1.069290107254014,0.7954853409462523,0.4261855684893059
qwen-3.5-plus,1,3d5500,web,42,0.5604921184021623,0.5831209193651632,0.8020779221290999,1.004566527016739,0.7720112324512355,0.4116022451495976
qwen-3.5-plus,2,3d5500,web,53,0.5141883306714993,0.5399073111570052,0.7729210269984357,0.9356184980192775,0.7644095190350525,0.4195622801643498
qwen-3.5-plus,3,3d5500,web,38,0.5883614109294955,0.5676053415741878,0.7536830765058264,1.0423314781969577,0.7699952703986319,0.4922416871189656
qwen-3.5-plus,3,3cf90e,web,32,0.3755188224778762,0.5130739603505838,0.9751373781497388,0.7028249639473765,0.7546389967015464,0.2978201450368209
qwen-3.5-plus,2,3d6147,desktop,46,0.3726913451694615,0.4830001826900705,1.0082426739051886,0.8212147650340608,0.714631886629092,0.2638137648045774
qwen-3.5-plus,1,3d6147,desktop,40,0.3768464182020994,0.514248733381907,1.6765550569176213,0.7442756448594978,0.6768633866671664,0.3475125320045623
qwen-3.5-plus,3,3d6147,desktop,29,0.5327524313404832,0.5442948294993819,0.7210157574727555,1.2403743890775378,0.796611787800506,0.4806186574389493
qwen-3.5-plus,1,3d29ac,mobile,35,0.2429248570506357,0.4413242711446208,1.7562910545150214,0.3063159997852926,0.6183260455673639,0.0846559774211625
qwen-3.5-plus,2,3e3ebf,desktop,44,0.1479437623989681,0.3510306016685592,1.473901517051122,0.2607582733939514,0.575114212978518,0.1193474557577224
qwen-3.5-plus,1,3e3ebf,desktop,43,0.013429188398592,0.3095529752402014,1.9533352550824927,0.0126710064727465,0.5251229772946251,0.0754165012370671
qwen-3.5-plus,2,3d29ac,mobile,39,0.1641603058865258,0.4138869656534694,2.0416346566315444,0.1670555884952785,0.5978732987416099,0.0602663861750824
qwen-3.5-plus,3,3d29ac,mobile,44,0.1361179391508226,0.3988360667552102,2.0637669787427697,0.1195971374340427,0.6132650781456441,-0.0264609629994803
qwen-3.5-plus,3,3e3ebf,desktop,48,0.184027515543478,0.3803424354894313,1.2920996725172331,0.3916880364332913,0.6141074714969684,0.1775475715519802
qwen-3.5-plus,3,3e8fe3,mobile,30,0.1828335120371831,0.3570011786789117,2.97413798500758,0.3185825736409767,0.6066611422703543,0.1243056163551195
qwen-3.5-plus,1,3e8fe3,mobile,40,0.2325951526437314,0.4048727820496091,2.539331961126302,0.4700453468579782,0.6174402340030616,0.2089854893613678
qwen-3.5-plus,1,3ea1d8,mobile,16,0.1024917510402797,0.272020517745201,4.648044856133999,0.1038191940082089,0.5004455370153926,-0.0588620708054778
qwen-3.5-plus,2,3e8fe3,mobile,38,0.183773195858401,0.3833037475818014,2.650374667839002,0.3519442996387854,0.6155641091048161,0.1912900137851259
qwen-3.5-plus,2,3ea1d8,mobile,38,0.0505392836832868,0.3430117811908786,3.1294473009345976,0.0542773670985439,0.4824929546103553,-0.0577835469922302
qwen-3.5-plus,1,3ea9d8,desktop,45,0.5118561796771881,0.507550321910808,0.8905067416653638,1.064193570472337,0.794358304296221,0.3238822753277921
qwen-3.5-plus,3,3ea1d8,mobile,38,0.0931826428963651,0.3753485279733746,2.414746339311856,0.055305976925434,0.5332747482090283,-0.0213636433793589
qwen-3.5-plus,2,3ea9d8,desktop,48,0.501619570093043,0.5145505719644579,0.8521192726697202,1.043487786644178,0.7879883376567446,0.2685558803769694
qwen-3.5-plus,3,3ea9d8,desktop,46,0.491347631390449,0.5061656605232878,1.0111006655900434,1.0163894035353915,0.7957287807767949,0.335010470727233
qwen-3.5-plus,1,3ec21e,desktop,35,0.695313382803478,0.6433204880924155,0.4569822822081725,1.3149539905719498,0.8223134931181614,0.6705916820644372
qwen-3.5-plus,1,3eb8f9,web,49,0.5236391198057118,0.5959286552888441,0.5662030412740513,0.8573081015298116,0.7529667542461017,0.4680582518382135
qwen-3.5-plus,2,3ec21e,desktop,47,0.6130143385157025,0.5607379565535487,0.6620597777809344,1.200356813788518,0.7890633658149508,0.5750969020850402
qwen-3.5-plus,3,3ec21e,desktop,46,0.6812904749882367,0.6145505116825943,0.5446064595041329,1.267255317910169,0.8014600044792595,0.6556910158666365
qwen-3.5-plus,2,3eb8f9,web,50,0.5091044303965813,0.5970657901669036,0.5506341674808244,0.8420579525787691,0.7542558329612546,0.4485534967934772
qwen-3.5-plus,3,3eb8f9,web,50,0.4860136048725582,0.5854662330502601,0.5789536153175926,0.801079735386717,0.7440967293900318,0.4237818852552005
qwen-3.5-plus,1,3ec6d5,poster,37,0.390084922541089,0.5607806276846963,0.9176024927216342,0.5947526926123243,0.6931541833393051,0.3543891989465907
qwen-3.5-plus,3,3ec6d5,poster,45,0.5994437946672533,0.6567374064779422,0.4232877376679545,0.8573630864455085,0.7563577558508693,0.5859121369728424
qwen-3.5-plus,2,3ec6d5,poster,37,0.5695336447050958,0.6391395078277629,0.4293988161856515,0.8093737800824643,0.7285772033384941,0.552904830368041
qwen-3.5-plus,1,3f177a,desktop,50,0.2746876595132569,0.3946824776715701,1.5185604269759838,0.4742557366064017,0.6567081033055204,0.2459916235913367
qwen-3.5-plus,3,3f177a,desktop,40,0.4759621114481743,0.4660774115941249,1.978859954925501,0.724870604788747,0.6482639839988121,0.4645826485283484
qwen-3.5-plus,2,3f177a,desktop,45,0.1206305861392474,0.3727788693016111,1.327287298701079,0.2257545831029449,0.5577878391885289,0.1165731363278813
qwen-3.5-plus,1,3efe00,mobile,47,0.0376984099553242,0.3470002379521739,2.532401817248319,0.1097394616766468,0.532839147903003,0.0597341939996062
qwen-3.5-plus,2,3f1f0d,web,50,0.310206187520142,0.4770077891783776,1.0752856049945398,0.4427398837673588,0.6402352593825371,0.2979321774980315
qwen-3.5-plus,1,3f1f0d,web,48,0.3221544582262567,0.4761632421483376,1.3460294857363135,0.4698229683135789,0.6592619347479227,0.2563001944079793
qwen-3.5-plus,3,3f1f0d,web,52,-0.074946929136886,0.3152324784483152,2.9281411729220563,-0.0298896113988137,0.4895901613893408,-0.1354721702326753
qwen-3.5-plus,2,3efe00,mobile,44,0.1902088999998481,0.3765804118925241,2.206099078650608,0.4473618089100237,0.6352139303792815,0.1864932479582222
qwen-3.5-plus,3,3dbc95,poster,40,0.0519311456049352,0.2090721140815289,4.705270878821969,0.0884008604370074,0.4731865165412763,0.0726359615399517
qwen-3.5-plus,2,3dbc95,poster,48,0.0001078369436223,0.2033919301992196,4.926358702116823,0.0039667037074181,0.3625525458992436,-0.0266146530256187
qwen-3.5-plus,1,3dbc95,poster,38,0.0109833174435804,0.1869841011628624,5.143070624276059,-0.0827911989265716,0.3738473294981801,-0.0111478003184876
qwen-3.5-plus,3,3efe00,mobile,39,0.0835453713130551,0.3232161259153918,2.7061318811082646,0.1472601852273035,0.5850483940395612,0.1221099662458257
qwen-3.5-plus,1,3f6cd4,desktop,49,0.2861050819961764,0.469600443948344,1.244054327166917,0.578295546712884,0.63674392789358,0.3069926734332845
qwen-3.5-plus,2,3f6cd4,desktop,49,0.2588085668131744,0.4751739448462044,0.8821934756882306,0.5260945622353639,0.6637203285884864,0.2545569561424229
qwen-3.5-plus,3,3f6cd4,desktop,50,0.2584269492699635,0.2247968734760366,6.433443531884115,0.4490678913851978,0.4100638384448547,0.2516377156195901
qwen-3.5-plus,1,3f3349,web,49,0.2957233150590431,0.4756551547653753,1.4500899316247788,0.3725860660029568,0.6361579482486013,0.2222483540064672
qwen-3.5-plus,1,3fdde1,web,49,0.1915987285628712,0.4386113849850434,1.3532499913203595,0.210280953271553,0.5594222358002721,0.2075063463387262
qwen-3.5-plus,2,3fdde1,web,30,0.2270596340586864,0.4233877988831476,1.4937227940083506,0.2746721211702983,0.5874199438510344,0.233013215226702
qwen-3.5-plus,3,3fdde1,web,30,0.2817464226492535,0.4753475305463152,1.4222512672802434,0.3958589991368161,0.6193845538633729,0.2602418406070855
qwen-3.5-plus,2,3f3349,web,48,0.2501649395776802,0.4127904222607082,2.369437748581655,0.246812729593708,0.5701409471040082,0.2110905792114627
qwen-3.5-plus,1,4014f1,web,38,0.2465065379961031,0.5711406092159436,0.7092923021926149,0.4034065216332735,0.6458189494617522,0.0885798716126419
qwen-3.5-plus,2,4014f1,web,50,0.1803386583457656,0.5501677439488644,0.665975495190831,0.3121443356372186,0.6333726929716195,0.1085905912743632
qwen-3.5-plus,3,4014f1,web,41,0.2379528956165606,0.5680764239471399,0.6876597601939726,0.3978077002862967,0.6426363067813793,0.1179973961835887
qwen-3.5-plus,1,3f9682,mobile,32,0.2542228646757863,0.3776234652804676,3.536626243639714,0.459797168940195,0.5569739993499432,0.3869250472983219
qwen-3.5-plus,3,3f3349,web,36,0.3857098241996429,0.4283230494773639,2.7080105435791553,0.5075327189512154,0.5985696236825483,0.3618827631564615
qwen-3.5-plus,3,3f9682,mobile,48,0.4488521766466884,0.4682327101569681,2.3800106069817324,0.6609824226753932,0.6419250013569222,0.5015730475662981
qwen-3.5-plus,2,3f9682,mobile,49,0.4720630129995559,0.4527665832711259,2.2347907786704595,0.6862679493629573,0.6728630144112047,0.4645123421180225
qwen-3.5-plus,1,406fb2,web,33,0.5047685945690323,0.5313347323863573,0.8412755349261148,1.2764357458098137,0.8633771061303935,0.4503143538166553
qwen-3.5-plus,2,406fb2,web,44,0.3100556134585385,0.3908456405072452,1.3576601185625252,0.7888359671404456,0.8066061866738999,0.2818744575055025
qwen-3.5-plus,3,406fb2,web,53,0.3582779853919194,0.4122348097680111,1.258020912523186,0.896391897075679,0.8321499370550361,0.3588472238674733
qwen-3.5-plus,2,40ca07,web,50,0.2631021511587533,0.2883039963161712,3.869175676452439,0.5162921707056621,0.6350539202327513,0.1926112973323286
qwen-3.5-plus,1,40ca07,web,50,0.3897654718503465,0.4317058637245613,2.121623148947358,0.8714539089893922,0.7100233612008239,-0.0433240783485546
qwen-3.5-plus,1,40e990,mobile,35,0.3532086648380877,0.542220589806607,0.8188502975299728,0.4536814424080781,0.6769748940705069,0.2910776160214825
qwen-3.5-plus,2,40e990,mobile,41,0.3031107357665388,0.475898297670878,1.2531588849913808,0.343976564712879,0.6502891837225894,0.291646351035957
qwen-3.5-plus,3,40ca07,web,41,0.1586187121215506,0.3362448748231874,1.75484785611548,0.3664599486987191,0.7017220571511268,0.0607566200729219
qwen-3.5-plus,3,40e990,mobile,44,0.2424874444085706,0.4512885285953977,1.7630385062629166,0.3166703887315837,0.6223556667890436,0.013404553745012
qwen-3.5-plus,1,410cbd,poster,38,0.8037751680927289,0.7110742766550249,0.4046021116185692,1.5843361820897943,0.8557377820170904,0.7935092335104135
qwen-3.5-plus,2,410cbd,poster,45,0.5752238888029926,0.5257640044965075,1.4244888007058512,1.147237238060437,0.7422205969242989,0.5451131884181865
qwen-3.5-plus,3,410cbd,poster,48,0.7466635292781097,0.6774276220695792,0.7239768442169227,1.4914538274123748,0.8363750435620697,0.7325869099107332
qwen-3.5-plus,1,40f316,desktop,48,0.5696406715608751,0.5186984014522137,1.870448136995992,1.088478664201567,0.7047580530507164,0.580933374575112
qwen-3.5-plus,2,40f316,desktop,40,0.5445280044297249,0.4925402678033453,0.996440236272918,1.0453872388516547,0.7306245296404169,0.5554619009426298
qwen-3.5-plus,3,40f316,desktop,42,0.3926244396544094,0.4392808382581368,2.0129053479539705,0.7984711357429938,0.72242250528261,0.4211246866465387
qwen-3.5-plus,3,4093f0,poster,34,0.1287098582644981,0.206944161269156,5.469188510227074,0.1540336025073221,0.4650229517551678,0.1539362228695224
qwen-3.5-plus,1,4093f0,poster,46,0.7125840448163566,0.6268733413847762,0.7009333042470696,1.645011528640214,0.8836873346884598,0.6723259434285012
qwen-3.5-plus,2,4093f0,poster,30,0.5869924451613754,0.5332730326430586,1.3066861226490565,1.5459963294411556,0.8621943331864931,0.563040328389053
qwen-3.5-plus,1,417f2b,mobile,42,0.1493898954747769,0.3905185408142828,1.964078594693131,0.2689716840093631,0.6321439293161913,0.1946051100657262
qwen-3.5-plus,2,4238a0,desktop,48,0.4434445876280266,0.4980049010049418,0.8299436466669956,0.7908678295409581,0.7062477757981549,0.4108769542633337
qwen-3.5-plus,1,4238a0,desktop,46,0.3929279842402869,0.4819121681344262,1.0299502692873472,0.7025675832490718,0.6642043895110186,0.3499732063113661
qwen-3.5-plus,2,417f2b,mobile,32,0.3874589906458958,0.4853089312865003,1.366890834208045,0.5332491104622726,0.7465107256924288,0.3676931407793817
qwen-3.5-plus,3,4238a0,desktop,73,-0.0554350099464319,0.2593219056997234,6.345020222217409,-0.0607774960622017,0.331053335762237,0.0690880290704347
qwen-3.5-plus,3,417f2b,mobile,32,0.2237539631801873,0.4193046924161078,2.2696102634619457,0.3336291215121212,0.6321143305830367,0.214672151116513
qwen-3.5-plus,2,4193f2,mobile,50,0.4488207625403512,0.4705849358834399,2.160330826958043,0.6946557154418317,0.6842996675379468,0.4498104009784725
qwen-3.5-plus,1,4193f2,mobile,38,0.4528737668439723,0.45758484166391,2.25949827387731,0.8319082652002362,0.6890209171781221,0.4549094150558064
qwen-3.5-plus,3,4193f2,mobile,48,0.4653696038423831,0.4816135436744002,1.5325136144675595,0.8571588290643243,0.7470920597637816,0.4659460574402108
qwen-3.5-plus,1,426a6a,web,40,0.1891671265562625,0.4033404790501209,1.3195180856870887,0.4573248537674707,0.6406684090483524,0.1418736780268631
qwen-3.5-plus,2,425384,desktop,49,0.4890760781025722,0.5742168836995598,0.6861412315457283,0.7171438453422563,0.7196760137524676,0.3796235905734587
qwen-3.5-plus,3,425384,desktop,47,0.3819097255978569,0.4944610179586648,1.219226022413972,0.5978075262106655,0.7349140766078017,0.3175329543307282
qwen-3.5-plus,2,426a6a,web,46,0.1744688568168627,0.3866057089734232,1.433464026956003,0.476256488798723,0.636695211762875,0.188683729203036
qwen-3.5-plus,1,425384,desktop,41,0.396998898802367,0.5208443568747396,0.9097079370084202,0.626882227359728,0.7014155761729087,0.3467783562413572
qwen-3.5-plus,3,426a6a,web,40,0.0048188377926693,0.3478153964044589,1.830417514147577,0.106089541910168,0.5508683362460882,0.0173220818669181
qwen-3.5-plus,1,423c3e,poster,49,0.6248666026022112,0.5871682255100258,0.7753777512886009,1.112164355787712,0.7828229677758438,0.5681915717457529
qwen-3.5-plus,3,423c3e,poster,49,0.3643920949993467,0.4446798154902061,2.3078909429568837,0.6008562134385956,0.6520691047798647,0.1765497807200759
qwen-3.5-plus,2,423c3e,poster,48,0.2813051658132817,0.3490807639944481,3.5944767317033515,0.4841415739600956,0.6137602937517506,0.3468311669474701
qwen-3.5-plus,1,42941c,web,40,0.315387504728695,0.4640413021836475,1.373196805459865,0.6463854752636222,0.6648798276960175,0.2819708149764747
qwen-3.5-plus,2,42941c,web,48,0.2326650607298566,0.4110121629839597,1.4404441277814422,0.4323098305386079,0.6195286654641514,0.2136463172689755
qwen-3.5-plus,1,42826d,poster,47,0.6826157699312573,0.5614878549800851,1.9717158929432617,1.4175118952311334,0.7351700601594487,0.6219023427803492
qwen-3.5-plus,3,42941c,web,41,0.3304377964296515,0.4681722949879007,1.163217814055053,0.6598625106416867,0.6982029194072861,0.308211482107817
qwen-3.5-plus,2,4288cb,mobile,40,0.2391903873390322,0.3693788953272822,2.7886770699733443,0.390119503361624,0.6023690561532724,0.0644778462046932
qwen-3.5-plus,2,42826d,poster,50,0.6522551856513442,0.6246740642729389,0.7346333102385882,1.2494388345482186,0.8367330279716854,0.5819725832080775
qwen-3.5-plus,1,4288cb,mobile,30,0.1034906243109125,0.290468196236223,3.847760424271429,0.2061401369007905,0.5084128248924442,0.0348258357133879
qwen-3.5-plus,3,42826d,poster,40,0.552454002283799,0.5490705996241068,1.4042617548895662,1.050567136122032,0.80037300435631,0.525636356047206
qwen-3.5-plus,3,4288cb,mobile,41,-0.0424277709879572,0.2970814691545489,3.59497063553463,-0.1034314023508619,0.4601585023166023,-0.1069223420681955
qwen-3.5-plus,1,42a9cb,poster,35,0.4452657402650838,0.5588605438223117,1.42695379791842,0.5534291644512692,0.6579686828086092,0.3934437453345803
qwen-3.5-plus,3,42a9cb,poster,38,0.3915533470463398,0.5484566195384033,1.402946498308081,0.513967503789495,0.6484195864184954,0.3910086388415227
qwen-3.5-plus,1,42b098,desktop,40,0.3144665910092039,0.4754724960283097,1.0880414880932183,0.576047468542575,0.6631668106531061,0.269582439255727
qwen-3.5-plus,2,42a9cb,poster,35,0.2809688505931759,0.4959974816881949,1.8621155822704925,0.386966642371756,0.6197132829646214,0.2848004356098051
qwen-3.5-plus,2,42b098,desktop,40,0.3074279276150817,0.476971369287761,0.9483949223464264,0.5711596619841574,0.6769060791918511,0.2684646962991864
qwen-3.5-plus,1,42c444,mobile,30,0.0875173869982377,0.3921093438221257,1.511229450488722,0.1513956555849356,0.5580927026070417,0.0054718652893194
qwen-3.5-plus,3,42b098,desktop,40,0.3350091225779277,0.4999740359463779,0.942451692690626,0.5728573865772909,0.6647352658614805,0.3100191875908645
qwen-3.5-plus,1,42962f,desktop,50,0.2127459311421332,0.3513351420148436,2.9297506993190736,0.4033622207517457,0.575660846929426,0.0817851105696366
qwen-3.5-plus,2,42c444,mobile,41,0.0008469982185902,0.3687645091846941,1.6997312220770295,-0.0147207757579455,0.5090545837884467,-0.0205318773064332
qwen-3.5-plus,3,42c444,mobile,36,0.1522218623177595,0.3889042124272928,1.4021214643867466,0.2732164167809346,0.6822637190350986,0.0400889788453163
qwen-3.5-plus,3,42962f,desktop,50,0.2385358007840431,0.376175834843395,2.495506344831612,0.4387184143571447,0.5968282628216106,0.0705377587528389
qwen-3.5-plus,2,42962f,desktop,50,0.222875972807431,0.3576546068638649,2.866226713376872,0.402547577381983,0.5748221281082722,0.0746584495116347
qwen-3.5-plus,3,42c4ea,web,51,0.1722018168688187,0.4797313978423165,0.904252396426796,0.2600260555037266,0.5964287810511483,0.1254946755333789
qwen-3.5-plus,1,42c4ea,web,50,0.1734268950468241,0.4619020894024624,0.962139208839782,0.1959339036414702,0.5725325891013092,0.1252032284124352
qwen-3.5-plus,2,42c4ea,web,48,0.1969585372279357,0.4819396400452341,1.2471330234774285,0.272860204013877,0.5958991505776025,0.1444905784235952
qwen-3.5-plus,1,432066,desktop,43,0.1480436175130247,0.3514865733890079,1.8843571787233404,0.2807796269234682,0.6006518180919491,0.1703977735102783
qwen-3.5-plus,2,432066,desktop,42,0.2891930183409289,0.4491092155320301,1.2215747532182957,0.6094358897816059,0.6760522356967028,0.2647907331115873
qwen-3.5-plus,3,432066,desktop,40,0.2490537775645978,0.4018869207691088,1.5792979689087503,0.4655714022701551,0.6609976022753665,0.2462907504257927
qwen-3.5-plus,1,4376ed,web,40,0.3220555091653462,0.4583091485132785,1.4971285004390935,0.5139779602254227,0.6506921582043469,0.3165113385095028
qwen-3.5-plus,2,4376ed,web,46,0.3549590978289046,0.5001696268318265,1.4700029812507251,0.579691618182713,0.6325975351495432,0.378818091836536
qwen-3.5-plus,3,4376ed,web,38,0.1789644914244414,0.4603376677124237,1.5760541878230725,0.3062244928594597,0.5965219537194626,0.2035692486425252
qwen-3.5-plus,1,439c14,web,45,0.4927638378396004,0.5173911692071558,0.9819717815219308,0.8675875508024443,0.7069191997356168,0.3931596259778205
qwen-3.5-plus,3,439c14,web,40,0.3573603328338612,0.4730837541855182,1.034933476373555,0.7254951627031008,0.7073999507686692,0.3356067818313875
qwen-3.5-plus,2,439c14,web,48,0.1205098178612721,0.3722025454602464,1.448726862243429,0.3118618208880229,0.6050087218343045,0.210972870069671
qwen-3.5-plus,1,43a952,poster,49,0.2130006291821205,0.4044289878944562,1.7450901488880102,0.4364682149396687,0.6394298957082256,0.2167942060980876
qwen-3.5-plus,1,441395,web,50,0.1339864861082493,0.4047571163973777,1.4211235077170845,0.2857752685504048,0.6081924633536944,0.0408637055517123
qwen-3.5-plus,2,441395,web,47,0.1211968609299005,0.3252082160013229,2.863700431402759,0.273121253172969,0.5995609421043537,-0.0114599969181348
qwen-3.5-plus,3,43a952,poster,48,0.3080588960538714,0.4822234491932218,1.1272837416108272,0.571285967099951,0.6613442635978379,0.239674551426166
qwen-3.5-plus,2,43a952,poster,38,0.2399150964798312,0.3892228878651319,1.783324259238614,0.4633257688296457,0.6612948827389855,0.2127828812465735
qwen-3.5-plus,3,441395,web,48,0.0522839597811772,0.3214780736530525,2.6565390774633415,0.1691190854939241,0.559528826680322,0.0117742738224345
qwen-3.5-plus,1,446969,web,32,0.1731895947965189,0.4973771517370847,0.9288207184998578,0.1996299283299428,0.5695777716243017,0.1064908324034735
qwen-3.5-plus,1,449b4f,mobile,40,0.5755679221118388,0.6429208240722621,0.4416256962122757,0.7756111600520323,0.7149651853688038,0.4271677556576353
qwen-3.5-plus,3,446969,web,39,0.3568251393852969,0.5811620502061718,0.6605562728135297,0.4737890367515084,0.6494733640284474,0.1811027495115093
qwen-3.5-plus,2,449b4f,mobile,38,0.5089911100606407,0.6243040274425087,0.490452471939116,0.6354274535930722,0.6870365736519077,0.345304769014066
qwen-3.5-plus,2,446969,web,40,0.4477360874186741,0.6142480793299886,0.5205747999970874,0.6038687077488111,0.6844889045226059,0.3203049071861908
qwen-3.5-plus,3,449b4f,mobile,40,0.5541194395111033,0.6383113317764546,0.4635722516528059,0.7591803807020475,0.7077686026961466,0.3470128778175382
qwen-3.5-plus,1,44c36b,desktop,40,0.3565051616175925,0.5132369440749227,0.8788039819887695,0.6303793347396789,0.7047033335107704,0.2363436291786727
qwen-3.5-plus,2,44c36b,desktop,40,0.0359165386956476,0.3967119322904656,2.052840976506172,0.0913753038325385,0.561770335649197,-0.1931468993037898
qwen-3.5-plus,3,44c36b,desktop,100,0.2760520146676897,0.4811415282322016,0.851672100660386,0.4896323644696638,0.6515550815131806,0.0131183885158555
qwen-3.5-plus,1,4458ae,mobile,31,0.4820379852562839,0.5053904178828338,1.627055641049414,0.7564391835775078,0.7250578701747897,0.4755130582152188
qwen-3.5-plus,1,450720,web,40,0.2176928960238773,0.5372224728838393,0.8035893597405203,0.3202067687760856,0.596733633218314,0.1365915005780115
qwen-3.5-plus,2,4458ae,mobile,55,0.1921873257207927,0.3835376493931764,2.7337654856735947,0.3510330664004623,0.6068804032743039,0.0966576724063915
qwen-3.5-plus,2,450720,web,35,0.1828598291036432,0.5095529868743038,1.083354104310327,0.2493954266428177,0.5843078938826697,0.1559271183518395
qwen-3.5-plus,3,4458ae,mobile,41,0.3419247359067923,0.4655705093318878,1.6250305656452866,0.4838157232338603,0.6752159843035525,0.3276033390671816
qwen-3.5-plus,3,450720,web,45,0.2703095883152367,0.5390307585591101,0.7906271303002025,0.3661552894525816,0.613538577784748,0.19655504070051
qwen-3.5-plus,1,452a6c,web,45,0.5286741189071369,0.557780113777496,0.8645577768014701,0.9447866139199756,0.731426591725866,0.5275159965233223
qwen-3.5-plus,1,454f59,web,40,0.260953083492546,0.4043441807429052,1.5917571153714007,0.5576271763830519,0.7026268427634148,0.1746668665450947
qwen-3.5-plus,2,452a6c,web,43,0.5418715943635296,0.5559542094985495,0.829852513591296,0.9442090797902288,0.7329401377414152,0.5014513490114623
qwen-3.5-plus,3,452a6c,web,40,0.4910049774231055,0.547092049844522,0.8848481162731452,0.8578148602303823,0.716263955876386,0.4196570891841185
qwen-3.5-plus,3,454f59,web,48,0.2260714227289527,0.4090158806354783,1.5017740229250336,0.4803698313693227,0.6607899741001152,0.0960595747572613
qwen-3.5-plus,2,454f59,web,53,0.3493931114106948,0.4498764325194746,1.1479901146987854,0.7659361750427595,0.7294662614462455,0.159835647817531
qwen-3.5-plus,2,44efc4,mobile,40,0.3335997877067503,0.4187409910563597,1.988030981962882,0.565232324068076,0.6810690025474951,0.3206946271972943
qwen-3.5-plus,3,44efc4,mobile,46,0.2582653919187136,0.4268951400929083,1.4354347315905955,0.336753847837642,0.653621594503002,0.1890136480157508
qwen-3.5-plus,1,4571a8,web,44,0.1177143520239657,0.3975108618382618,3.411415781168615,0.1574311029854586,0.5203093000200625,0.2351111003175638
qwen-3.5-plus,1,44efc4,mobile,48,0.3428935779222823,0.4502738179740817,1.6278804512459888,0.5413948682058877,0.7137905445799774,0.3108614727628953
qwen-3.5-plus,2,4571a8,web,98,0.267743823896609,0.444982867806437,1.3368228771709332,0.4090267020302264,0.6140527638787865,0.0224167308337596
qwen-3.5-plus,3,4571a8,web,36,0.2119710660160818,0.3981837154307491,3.4524419790648437,0.299524733706576,0.5575003400581484,0.2819503714619927
qwen-3.5-plus,3,457230,web,18,0.4805111842425152,0.4583219681368357,2.530979798237921,1.012127098529681,0.7314944238417566,0.3688267493960692
qwen-3.5-plus,1,457230,web,18,0.4708818333644112,0.4533690521901358,2.627978288032488,0.9735332842427132,0.7264194264372247,0.359389247206955
qwen-3.5-plus,2,457230,web,21,0.4740934323459293,0.4773475905480091,1.690646574662261,0.988130623641855,0.7764572293798813,0.3257669739921316
qwen-3.5-plus,1,458458,web,50,0.2077537567060959,0.4371249543340152,1.0725022491995018,0.3785759433103659,0.6857014901348539,0.1366403708615925
qwen-3.5-plus,2,458458,web,49,0.0925216791456153,0.3407557375888085,1.998980614221423,0.1644897720200185,0.6073829868760303,0.2400930351844634
qwen-3.5-plus,3,458458,web,49,0.1039836374159983,0.3415847640240537,2.9626358179084527,0.1388608396092855,0.5210151156457137,0.0865246097925202
qwen-3.5-plus,1,4587b5,desktop,40,0.6293869133974515,0.529277788355745,0.8559207617841281,1.748754609035666,0.846947225563783,0.5856028158681374
qwen-3.5-plus,2,4587b5,desktop,30,0.5190834930039733,0.474284721215412,1.2197809510221829,1.2536947894583186,0.8110400074690997,0.4731680783266145
qwen-3.5-plus,3,4587b5,desktop,40,0.6372162996469267,0.5215190741737684,0.9170813572225962,1.6265809246964382,0.8366631070452935,0.607155759009078
qwen-3.5-plus,1,457f63,poster,51,0.3467270764576844,0.395109596868068,1.379246385235785,0.8297518579779892,0.7523960496944274,0.3037485378794717
qwen-3.5-plus,2,457f63,poster,40,0.6323306668221217,0.5219182835514604,1.5684687023326138,1.6081085689346164,0.8256770936670385,0.6144278541827535
qwen-3.5-plus,3,457f63,poster,38,0.5585085724911878,0.4635618858567108,2.436705999810542,1.394457632592169,0.7610529205374625,0.539970549879347
qwen-3.5-plus,1,460bf9,desktop,40,0.3526066777921666,0.4038946652938859,1.379515239052774,0.8013304636371166,0.7606720961388791,0.3961013948960752
qwen-3.5-plus,2,460bf9,desktop,38,0.1884989562036323,0.3458149855268922,2.1277997633664545,0.3962014530746962,0.6928216235458171,0.2074144862385357
qwen-3.5-plus,3,460bf9,desktop,48,0.3172504987649719,0.3758809911306751,1.4169830302191186,0.7872749497118219,0.7585189784717825,0.4046019054341022
qwen-3.5-plus,1,45d01a,poster,40,0.1972430382297263,0.3788441296844328,4.156372227535781,0.4709974842361219,0.5498991807703015,0.1810044049807958
qwen-3.5-plus,2,45d01a,poster,51,0.1907549706099842,0.2659409766852899,6.0617262996234516,0.4460179437791575,0.3694993331155315,0.1234198965761514
qwen-3.5-plus,3,45d01a,poster,50,0.2254543321053285,0.4229030470429579,2.2244223096740328,0.3217274777647128,0.6246231235295239,0.1737226630721533
qwen-3.5-plus,1,468f66,poster,32,0.0721693038718836,0.3674739086075527,2.706329396035727,0.1160813448588752,0.5434154803192923,0.0009478291337832
qwen-3.5-plus,2,468f66,poster,37,0.042238333881893,0.3737873108264924,2.539284271133463,0.0990697871210918,0.5160660799334514,-0.0248235895439233
qwen-3.5-plus,3,468f66,poster,41,0.3182663871500732,0.4737913089301533,1.8967459056241027,0.521476164105105,0.6235594678516712,0.17031366126538
qwen-3.5-plus,2,46ced7,web,41,0.3359992960456284,0.5088894245993836,0.8659281127579751,0.5201416855482183,0.6576389182163432,0.3004498921355534
qwen-3.5-plus,1,46ced7,web,54,0.3899731554760174,0.539995558905954,0.6842789253948708,0.6617866088612265,0.7084563172436042,0.2297422277546212
qwen-3.5-plus,3,46ced7,web,40,0.2554748205591738,0.5056783818992635,0.8383876934157337,0.4429494507616116,0.6643801502803095,0.1886979730622078
qwen-3.5-plus,2,469579,mobile,49,0.411155662609277,0.470966035563553,2.1110315294782955,0.6306197825510226,0.6711468688058883,0.3004290831294416
qwen-3.5-plus,1,469579,mobile,40,0.3330932374364923,0.4629141237802649,1.9333509690708317,0.4542315337418898,0.6875522364669062,0.2077337009064829
qwen-3.5-plus,3,469579,mobile,43,-0.0866468102081982,0.2273714902709303,4.1581790517679735,-0.1737780691202785,0.4806821286593003,-0.0112469008975199
qwen-3.5-plus,1,46e6ec,desktop,50,0.071773247103779,0.4234305277644077,1.501859712683641,0.08162967003735,0.5043331660445284,0.0384595837320556
qwen-3.5-plus,2,46e6ec,desktop,49,0.3433908220194305,0.5059865141646736,0.9625683858400548,0.4609720480393013,0.6377740917244871,0.2742045020026766
qwen-3.5-plus,1,46bc27,mobile,41,0.0103266991786879,0.289384236313693,3.605472918368138,0.0361597744370061,0.5659529589068674,-0.2266349169501513
qwen-3.5-plus,2,46bc27,mobile,50,0.2014129909489993,0.3998014645233655,2.0506645755657646,0.460746227289708,0.6946201537963651,0.0406928063881282
qwen-3.5-plus,3,46e6ec,desktop,47,0.3837770497750828,0.4846013991028753,1.124733033098971,0.5555678462414971,0.6423305102669163,0.3455537380571292
qwen-3.5-plus,3,46bc27,mobile,48,-0.0870794692593456,0.2440603922868675,4.624028591497251,-0.1022500755992932,0.3964900094745387,-0.1216786635111746
qwen-3.5-plus,1,46e99f,poster,41,0.3998274304566848,0.5768769372795426,0.6532858999903101,0.6249445983329731,0.61881786073782,0.3160834465154594
qwen-3.5-plus,2,46e99f,poster,50,0.467050976122404,0.6093103928797801,1.2742086664885472,0.6739905289668935,0.6712443700351923,0.5000514795066696
qwen-3.5-plus,3,46e99f,poster,48,0.3470486967971454,0.5147735265142838,2.155148036111461,0.4873036703331274,0.6273247324343333,0.3042788832897191
qwen-3.5-plus,1,46e638,mobile,41,0.2324305187134353,0.4486519957754757,1.8911534400058687,0.3332353458556095,0.6277479109802481,0.2101694195471157
qwen-3.5-plus,2,46e638,mobile,30,0.2711166120042741,0.4304138171288311,1.9920565370051395,0.5154462343036491,0.6709449886971962,0.2721281334276482
qwen-3.5-plus,1,47033b,web,46,0.3166706094267536,0.4668043412053796,1.5226863726757838,0.4762969384458745,0.6515725917781264,0.2933353817795306
qwen-3.5-plus,2,47033b,web,50,0.5775621653360492,0.5612062566927968,1.365615459574603,0.9145469436742808,0.7227490207594746,0.5473511693953335
qwen-3.5-plus,3,46e638,mobile,39,0.2930568626610472,0.4596920708385437,1.8432224047800436,0.3984712537128047,0.6275042807355021,0.2353562660270544
qwen-3.5-plus,3,47033b,web,57,-0.0583528646400311,0.2754575902444909,3.2550581270240997,-0.1673264695997098,0.4520191694510078,-0.1401253027125781
qwen-3.5-plus,1,47293c,web,45,0.263345815085262,0.4510185288093604,1.232588890727245,0.5143267422983759,0.6637586765468351,0.261179719982883
qwen-3.5-plus,3,47293c,web,48,0.2029328801968476,0.405914342345046,1.4100187733996412,0.2873455163592661,0.5790847882315858,0.1862617633020062
qwen-3.5-plus,2,47293c,web,50,0.3622313783353523,0.4922385740854619,0.934452121597826,0.6950267632632788,0.7078568468903469,0.3362843027449526
qwen-3.5-plus,1,479d3c,web,40,0.2070154200173093,0.4460177268990108,1.8389098522508351,0.3395028450721746,0.6006980768661097,0.0791275983179416
qwen-3.5-plus,2,479d3c,web,40,0.2985151450067135,0.493660321003944,0.8604650331737167,0.4784676812381802,0.6805220343523724,0.1735749113996612
qwen-3.5-plus,3,479d3c,web,41,0.0999592188927352,0.4254749468241673,1.1837541832894325,0.2122964620545582,0.5946311528823589,0.0097095826263727
qwen-3.5-plus,2,472a87,mobile,50,0.1672367410314759,0.4364754700565114,2.04212545672664,0.3706278862009721,0.583585396819197,0.1013287300306246
qwen-3.5-plus,1,472a87,mobile,40,0.364343256342228,0.4252247378117351,2.264812360987302,0.5091676768310065,0.6156515474415923,0.3592540611428715
qwen-3.5-plus,2,479245,mobile,43,0.3736923217185389,0.5189129161604182,1.5692184542758842,0.4762406203702866,0.6817644412159447,0.2083942766105034
qwen-3.5-plus,1,483fb9,web,118,0.0821665863930781,0.2841477094012862,1.5063662367905344,0.3461341589158999,0.6035551103814747,-0.0492967580573037
qwen-3.5-plus,2,483fb9,web,49,0.2612501422868444,0.3547073653998422,1.5263861220661397,0.6944862598752608,0.7052522071739878,0.070641202717404
qwen-3.5-plus,3,472a87,mobile,37,0.362746605876876,0.4338267641761817,2.0026743586671993,0.4686647550199074,0.6293599285264394,0.332378474243497
qwen-3.5-plus,3,483fb9,web,52,0.3391531565984056,0.4305290018777352,1.291501539425718,0.757414061118861,0.7626347422286672,0.1114183012746939
qwen-3.5-plus,1,479245,mobile,50,0.1610328725231839,0.4462195197569611,2.1659637782639636,0.2104081499370333,0.6049452672874285,-0.0620624036295127
qwen-3.5-plus,3,479245,mobile,39,0.0540446489148995,0.3680591403950748,2.924625908251617,0.1053627472308054,0.5267356108134329,-0.0601667943727283
qwen-3.5-plus,2,4867f6,mobile,32,0.4775244916636695,0.5743642292705988,0.7105486435968946,0.5369628670383993,0.6490215532995396,0.4924419354805568
qwen-3.5-plus,1,4867f6,mobile,40,0.5651497297636741,0.6226404570680826,0.4998746660925376,0.6550580657418842,0.6917408574962556,0.4877481740959604
qwen-3.5-plus,1,4863ea,web,50,0.338262032359667,0.5031179765893004,0.9058369023690852,0.5974087789467141,0.6901606011691066,0.1701043333598763
qwen-3.5-plus,2,4863ea,web,50,0.413529880997143,0.5308441085217706,0.7974168893160067,0.7476823082509955,0.7173897421076568,0.2746170853010494
qwen-3.5-plus,3,4863ea,web,40,0.1389181912373899,0.4202307333196216,1.1029232047174435,0.209775135464005,0.5523802207847283,0.0448905748873251
qwen-3.5-plus,3,4867f6,mobile,39,0.5929672951092803,0.645184603473236,0.4315969882643379,0.6535987855333799,0.7004553271008511,0.5686964833248436
qwen-3.5-plus,3,486fbb,web,45,0.2139661473374452,0.4706060877935312,1.092612329589271,0.4090273276494786,0.6502844368689218,0.2296398660740596
qwen-3.5-plus,1,486fbb,web,44,0.1552094455268255,0.4286998099422173,1.3409797145950038,0.266675514706979,0.615959305266824,0.1735289324619079
qwen-3.5-plus,2,486fbb,web,48,0.1961477176887303,0.4724522077790305,0.9691199151078062,0.3685606727207968,0.656086917067453,0.2403771869407759
qwen-3.5-plus,1,48806f,web,47,0.2398540399091086,0.516237729854072,0.9809719400419736,0.3884351730457614,0.6307291063838641,0.2179268123429356
qwen-3.5-plus,2,48806f,web,40,0.4639696809533147,0.5094413314852104,1.1072860040248638,0.679033036440936,0.651555984725123,0.4736416152220031
qwen-3.5-plus,3,48806f,web,40,0.3525013791096142,0.4614826414121136,1.3741042234140064,0.4843246277785655,0.6262057267099347,0.3539059028771323
qwen-3.5-plus,1,48a58b,poster,50,0.505962948403279,0.5777716055012023,0.7420824409520188,0.859709168921345,0.7533120535551057,0.4971827418554068
qwen-3.5-plus,2,48a58b,poster,40,0.6630834901127227,0.6360591158243233,0.5861875923694821,1.137113967717574,0.789535664271151,0.661719399640525
qwen-3.5-plus,3,48a58b,poster,49,0.6249030633282562,0.6324145697348895,0.6119623047266102,1.067981508203193,0.7835890791347925,0.6111022564347471
qwen-3.5-plus,1,48a5a0,desktop,42,0.5218209637667606,0.3851218615650316,1.1786955881653114,1.6344348570778255,0.8551690778824882,0.5233545209536763
qwen-3.5-plus,2,48a5a0,desktop,50,0.727787362642159,0.5854748048618679,0.6640612954778635,2.203282365262287,0.9014637189868429,0.7094804804425038
qwen-3.5-plus,3,48a5a0,desktop,48,0.7638591385333195,0.6057880417069463,1.0129656461270256,2.4198122041764996,0.8403058316394053,0.7417291729774136
qwen-3.5-plus,1,489252,mobile,40,0.093470543337959,0.3866489507832581,2.300917717495462,0.156630388537621,0.5640000588023969,0.049912269132706
qwen-3.5-plus,2,489252,mobile,34,0.1878258621009237,0.4422104160798602,1.6812799211930456,0.184574969370219,0.580859458027215,0.1107429229181507
qwen-3.5-plus,1,48a71e,desktop,48,0.1929997720385944,0.4270375240551594,1.4807320068111969,0.2913521151835858,0.6088203609487746,0.1989226296400809
qwen-3.5-plus,3,48a71e,desktop,40,0.258924091938966,0.4670227682630327,1.1150522027854408,0.4451700761290725,0.6698453141226798,0.2403378656214429
qwen-3.5-plus,3,489252,mobile,40,0.227680792393107,0.4633389106771061,1.6216092517188718,0.30100634224936,0.6100680394212279,0.1124481838520051
qwen-3.5-plus,2,48a71e,desktop,48,0.1280992610325345,0.4143755509762462,1.2678419448199838,0.2483539611467494,0.5926448997657288,0.0652232933766722
qwen-3.5-plus,1,49046b,desktop,40,0.6089215229037678,0.5362905098638338,0.7357801489187582,1.4419382583347875,0.7959279296859261,0.5257117828526544
qwen-3.5-plus,2,49046b,desktop,40,0.6426896507258042,0.5447285023771813,0.7821779041285433,1.3894817387122478,0.7768933136610634,0.5888941032285626
qwen-3.5-plus,3,49046b,desktop,40,0.4920638992517441,0.465880640795139,0.9586994712677496,1.169653233894028,0.7463969607022756,0.3920659203188235
qwen-3.5-plus,2,493d3c,poster,40,0.2257687492889194,0.3893548998614078,2.6099175993379653,0.3382726010141592,0.5930742424926728,0.2431571091839704
qwen-3.5-plus,1,493d3c,poster,56,0.2564817422804007,0.4720990219378602,2.1242924574888775,0.369414747061656,0.612686489744137,0.1358642605485867
qwen-3.5-plus,3,493d3c,poster,43,0.1444402091201892,0.3358199628805497,3.3328683548536144,0.2045066794274881,0.5104417887997731,0.1896911084961899
qwen-3.5-plus,1,4954fe,poster,48,0.2210474678771135,0.4859436272451491,2.173213656879522,0.3084898004547455,0.5945526836722925,0.2235382248162541
qwen-3.5-plus,2,4954fe,poster,50,0.068956964484658,0.4365221872077705,2.0613250799958824,0.1630156462019476,0.5314702998293228,0.0315148750833831
qwen-3.5-plus,2,48582c,poster,40,0.0268542069618673,0.1517038409480945,6.158992029678146,0.0529755619869426,0.3437012185175331,0.0337719977303184
qwen-3.5-plus,3,4954fe,poster,45,-0.0439083676166412,0.3176268513779973,3.232833149421009,-0.0268464264386357,0.4853727717094744,-0.06834387100678
qwen-3.5-plus,1,49e0ba,desktop,32,0.5768727994217735,0.5792897489259553,0.6909421535607027,1.1157629035797831,0.8072669071445998,0.5601682904891024
qwen-3.5-plus,1,48582c,poster,40,0.2187681941300243,0.2750081659413069,4.1881429460187265,0.4840163692256203,0.5560171512694668,0.2409407115954612
qwen-3.5-plus,2,49e0ba,desktop,36,0.5293564388097709,0.5542464336995676,0.9380378855223218,1.0166082998216552,0.7706234208979829,0.5579865145575114
qwen-3.5-plus,3,48582c,poster,40,0.0988429017024422,0.2049272814550441,5.459704359235216,0.2203686637671352,0.3959996471109667,0.1176708532154335
qwen-3.5-plus,1,49e72e,desktop,45,0.3696702971812091,0.4816915381601901,1.3677214720300572,0.883096452406696,0.7246515622498265,0.3602850150506513
qwen-3.5-plus,2,49e72e,desktop,47,0.2504072288702942,0.4253504280238958,1.6809663865615077,0.6471921045737262,0.6742454010576621,0.2777501280502692
qwen-3.5-plus,2,49b3fd,mobile,50,0.17975871231397,0.4889894685695903,1.2921013300732465,0.139566110969742,0.602419210674904,0.1561254022447039
qwen-3.5-plus,3,49e0ba,desktop,46,0.5210887704948134,0.5548212605269104,0.7152146552981937,1.021963308423786,0.7917659796571337,0.54276861052985
qwen-3.5-plus,1,49b3fd,mobile,43,0.3202429775618518,0.5177220419749564,1.287488174266301,0.3827968278111607,0.6536717201234956,0.3077596658316617
qwen-3.5-plus,3,49e72e,desktop,47,0.2132389376643961,0.3751255785147037,1.5748937088959838,0.5583616016113144,0.6901866123162069,0.1364516489463869
qwen-3.5-plus,3,49b3fd,mobile,40,0.2193669655713444,0.4526433888213378,1.7567063911540657,0.3789946471165001,0.6248656393951149,0.215497577894467
qwen-3.5-plus,3,49fc6a,desktop,33,0.554133129171475,0.5838642177221007,0.8368098711551331,0.8028003781511672,0.7458483750387777,0.4889740274033441
qwen-3.5-plus,1,49fc6a,desktop,35,0.3906952926391279,0.4439064161348992,2.01075319525032,0.5724452095626207,0.6780448072855416,0.3112701568713992
qwen-3.5-plus,2,49fc6a,desktop,32,0.3797176867029607,0.5164036837674304,1.2989665772563126,0.5574402986184642,0.6930156700072838,0.3333105351778153
qwen-3.5-plus,1,49e81b,mobile,30,0.1305632682125351,0.3267075589344876,3.343234340555438,0.3023594185672472,0.5825404051882955,0.1698748035868934
qwen-3.5-plus,2,49e81b,mobile,40,0.4234950807574407,0.5014549888796704,1.6373213041697263,0.6419422426260109,0.6900577622516062,0.3757757979675758
qwen-3.5-plus,3,49e81b,mobile,40,0.2624550897952722,0.4300265929473461,2.009065873038601,0.4053661837885939,0.6104565910068342,0.1886802400075691
qwen-3.5-plus,1,4a2527,poster,50,0.2270424082691115,0.3128507236701351,3.958995011747957,0.4436295677189599,0.648052509619832,0.2052327210114273
qwen-3.5-plus,2,4a3f51,mobile,30,0.13092498529514,0.3200891477669105,2.6569393710381277,0.310792807434933,0.6375572228972698,0.1022440005916156
qwen-3.5-plus,3,4a3f51,mobile,40,0.476413564037097,0.4473773499102598,2.3634906591294085,0.8340336799045873,0.6792398298088769,0.4356569455397655
qwen-3.5-plus,3,4a2527,poster,41,0.4068854366203888,0.475012742081363,1.6129307082960045,0.7696875607011183,0.7351478536175029,0.4019920559177945
qwen-3.5-plus,2,4a2527,poster,50,0.2750336721653556,0.4297537191312244,2.369798010837709,0.551901190870762,0.682364480900706,0.2606176982025268
qwen-3.5-plus,1,4a3f51,mobile,32,0.1975927141453283,0.3728393800129393,2.4199181392670988,0.3179727488944195,0.6493731046720429,0.1489502369321454
qwen-3.5-plus,1,4a97e1,poster,50,0.4623777420604429,0.5640950100804376,0.7987461469870833,0.7430208506959632,0.7034693402114576,0.4521084550200636
qwen-3.5-plus,2,4a97e1,poster,52,0.478186868867121,0.489782552590872,1.3897410100378325,0.8160536496584061,0.7551381771487505,0.4246285922045973
qwen-3.5-plus,3,4a97e1,poster,50,0.3979798378329007,0.5177094152071613,1.257664059007772,0.6385803818994862,0.7047451066881578,0.3876897071046965
qwen-3.5-plus,1,4adea3,mobile,48,0.3568334425958628,0.5487191038397892,1.2309212522047717,0.5556198042738918,0.6140402191859455,0.27423213952668
qwen-3.5-plus,2,4adea3,mobile,51,0.3350414958582388,0.5759573410030537,0.7134751531915802,0.4886309812799995,0.6855649198234305,0.2657734844206429
qwen-3.5-plus,3,4adea3,mobile,50,0.2157417896786358,0.4772352162191154,1.9877940061428616,0.3523087297498284,0.5796743521286372,0.0455507787980958
qwen-3.5-plus,1,4a784d,poster,46,0.1456754022431716,0.4091155319065808,2.3888564407558555,0.1963000919784502,0.5688706848308897,0.1087376354888596
qwen-3.5-plus,2,4a784d,poster,40,0.127085345569792,0.388790561778701,2.8567870919734495,0.1112926891187239,0.5363476089196586,0.0554033448452825
qwen-3.5-plus,3,4a784d,poster,40,0.1737288396063077,0.3816286525585749,2.8665836961834086,0.2349674027478788,0.576382078282646,0.1285452437032583
qwen-3.5-plus,1,4ab184,poster,50,0.3608455512518401,0.4330543528679422,3.1601838031692773,0.6255756389769194,0.5865121482572812,0.4192992045224248
qwen-3.5-plus,3,4ab184,poster,40,0.4683932833434259,0.4540950875517474,2.9134505528480283,0.7535052938343182,0.6313900508726349,0.4861526884397275
qwen-3.5-plus,2,4ab184,poster,48,0.5373591564814597,0.52328175772358,2.326912503634503,0.83980104348994,0.6513447027158197,0.569625455438869
qwen-3.5-plus,1,4af601,desktop,50,0.5270581359600768,0.4657927074401141,1.7303277845722262,1.112475078621528,0.7688719735878747,0.4312358241327473
qwen-3.5-plus,2,4af601,desktop,80,0.1024657684539856,0.3560350926045327,1.452604238676013,0.2645472405486641,0.5994482640170621,0.1326777803504187
qwen-3.5-plus,3,4af601,desktop,35,0.2403109213222093,0.3801490129644675,1.859677459425626,0.5784268534863235,0.6775424664786198,0.1628055656236909
qwen-3.5-plus,1,4ae90b,mobile,40,0.2860153080735845,0.4034334731078034,2.4660612263694155,0.4904146242214228,0.6559524139178189,0.1775198354588397
qwen-3.5-plus,1,4afbad,web,40,0.3984824214358046,0.4739098514719068,1.2377070071278156,0.6187014753185013,0.6845354545227337,0.2327924664465978
qwen-3.5-plus,2,4ae90b,mobile,37,0.2565748790256652,0.4591907991877297,1.90213732175222,0.3925820248077652,0.6526323827798745,0.1371585400544554
qwen-3.5-plus,2,4afbad,web,43,0.258880051142693,0.4415978543395827,1.2257630668073378,0.3683898986273191,0.6437451594112064,0.1161261934500887
qwen-3.5-plus,3,4afbad,web,43,0.3447581075204384,0.4676190185070679,1.4397847362360428,0.5415471457393242,0.6723008404811516,0.1742986512751749
qwen-3.5-plus,2,4b2bd1,desktop,41,0.3139511617688909,0.4911985256748639,1.6390170462953153,0.4604086875563571,0.6073371754791678,0.1696359870880275
qwen-3.5-plus,3,4ae90b,mobile,41,0.2432242577888689,0.4467851808660754,1.9213300584919704,0.4463044290130991,0.6670511220821684,0.1729204691575272
qwen-3.5-plus,1,4b2bd1,desktop,40,0.3469022568544703,0.508604537410112,1.3198011902289617,0.5645995109909764,0.6359351973274955,0.2424785684151237
qwen-3.5-plus,3,4b2bd1,desktop,40,0.4484578048750216,0.5427533065306382,1.1413683592609465,0.7402695599905981,0.6829573155964668,0.3176766856232052
qwen-3.5-plus,1,4bb6dd,desktop,48,0.3683569216053464,0.5727031427438509,0.5898071845161456,0.55201769969723,0.6768952442108493,0.3626364866166622
qwen-3.5-plus,3,4bb6dd,desktop,50,0.3993319844348151,0.5940250930416242,0.5816064688107319,0.6088512229417509,0.6889128524348305,0.3742784961871395
qwen-3.5-plus,2,4bb6dd,desktop,50,0.3585906674377142,0.5794541688562637,0.6341945369287865,0.5276632403114964,0.6604044375547589,0.2968343825771774
qwen-3.5-plus,1,4b3eb7,mobile,40,0.5021611065701894,0.518794124954925,2.2154912001852782,0.7637395809755994,0.6442661741593219,0.4770695168190946
qwen-3.5-plus,2,4b3eb7,mobile,48,0.491784312971142,0.5174098465178314,1.325643285539985,0.8274180986887488,0.7435617817541943,0.4325514910845223
qwen-3.5-plus,1,4c739f,poster,45,0.3514581772681705,0.4927210816734977,0.8999582501492478,0.5347207815647024,0.5860321991371249,0.3141722707378344
qwen-3.5-plus,2,4c739f,poster,48,0.6389512707332166,0.4914053973281477,2.9250153930682057,0.9453251129650267,0.6349912477395395,0.5790231310057359
qwen-3.5-plus,1,4b9fd2,mobile,39,0.2632350247031756,0.4187371358808671,2.5753727123360663,0.2751096978339255,0.5926807883605066,0.2407729464256502
qwen-3.5-plus,3,4b3eb7,mobile,49,0.3786712238347018,0.4897172578899945,1.532970648992215,0.716643302929256,0.6942426670840982,0.250682070901048
qwen-3.5-plus,3,4c739f,poster,45,0.3217092024571433,0.5079609941481391,0.8518615191307269,0.529608318257448,0.6259513419329147,0.332485388238901
qwen-3.5-plus,2,4b9fd2,mobile,30,0.262626320945325,0.4386871543717339,2.1097002141156236,0.3632932228420413,0.6113614175863146,0.2363890294326568
qwen-3.5-plus,3,4bcfc3,poster,50,0.3030642674770885,0.4480430620283926,2.790806962938902,0.3311345532468985,0.6344076759092648,-0.0126054335862633
qwen-3.5-plus,3,4b9fd2,mobile,40,0.2082883361249334,0.4547634304043588,2.003065603654203,0.1775499639475786,0.5688883081061185,0.1950863071512277
qwen-3.5-plus,1,4bcfc3,poster,56,0.1418792218869419,0.379259377653014,2.8508091963501316,0.2345352739971096,0.5824858178572151,0.0228623395678684
qwen-3.5-plus,2,4bcfc3,poster,64,0.1592900445660873,0.3952536982763418,2.3748238313243695,0.3332683178782937,0.5767398431841199,0.0963827730160946
qwen-3.5-plus,2,4cd863,web,40,0.3501265134975316,0.563010253199175,0.6661956637008122,0.498051467302642,0.6819817395427175,0.1879289823581733
qwen-3.5-plus,1,4cd863,web,50,0.2863688369079318,0.5464937010858428,0.7003131843347489,0.4159385926691542,0.6563340349132614,0.1049799508193098
qwen-3.5-plus,2,4cc35a,poster,55,0.3251000462982087,0.476986111877254,1.079229115056406,0.5605850186390181,0.6478242792006053,0.3169092297592236
qwen-3.5-plus,1,4cc35a,poster,40,0.5604349686102155,0.5682611050398402,0.6469605655742456,0.9281230816041516,0.7338358612058904,0.5346368871694395
qwen-3.5-plus,3,4cc35a,poster,48,0.294304087555788,0.4998812709779462,1.269381123529426,0.55803003945915,0.6636186908385099,0.3323609414206765
qwen-3.5-plus,3,4cd863,web,42,0.2185184134891668,0.5089248746380076,0.9180316308059918,0.3022068710278366,0.5886822686652986,0.1433078493379763
qwen-3.5-plus,1,4d0fc2,poster,45,0.4386066528635571,0.5879641903846728,0.5479699942383464,0.5777774439433446,0.6743735681381473,0.3798334747149389
qwen-3.5-plus,3,4d0fc2,poster,50,0.4603762189154496,0.5844583498570569,0.5520155445153736,0.5872697694496579,0.6790295308581338,0.4306912721762489
qwen-3.5-plus,2,4d0fc2,poster,50,0.3901924282468108,0.5569406567307587,0.6392454370534486,0.4971818495522468,0.6546248316984089,0.3583553448504656
qwen-3.5-plus,1,4cdee3,desktop,45,0.4711624100783442,0.535939815366723,0.8578937096733787,0.8559632020357992,0.7164433309572606,0.491024562022978
qwen-3.5-plus,2,4cdee3,desktop,36,0.5295174218590594,0.5499735192105356,0.7081306005928132,0.9606722981121852,0.7548192717440515,0.5232663916332205
qwen-3.5-plus,3,4cdee3,desktop,50,0.2065333182311305,0.3872142000690258,2.614267382790856,0.2775282819829036,0.5766895957290029,0.0857323566999927
qwen-3.5-plus,1,4d3cc1,desktop,50,0.6498915624426055,0.5488568056436006,1.5133015190475356,1.2203623204005571,0.7625626613688639,0.5580078328765817
qwen-3.5-plus,2,4d3cc1,desktop,40,0.6293323328326982,0.5082623973394212,2.4301301308556265,1.2549307870088755,0.7464020074233487,0.559315354436249
qwen-3.5-plus,3,4d3cc1,desktop,49,0.4902707257902025,0.4633320166770226,1.4695408073160332,1.001447503253735,0.7788462264111945,0.3049448783650315
qwen-3.5-plus,2,4cd989,mobile,30,0.2142139152654003,0.3903544709740263,1.9819565112757096,-0.0080762839642454,0.5978678315101702,0.0297678066707392
qwen-3.5-plus,1,4cd989,mobile,31,0.173866875484821,0.3804127447933527,2.0512844919390547,0.1347462996741589,0.5842731669923146,0.0258283305768494
qwen-3.5-plus,1,4d78ff,desktop,54,0.4313262443746236,0.425746452838127,1.0115483788338682,0.9525728453199452,0.7609147345916075,0.3643130001319794
qwen-3.5-plus,3,4cd989,mobile,39,0.5268831474776592,0.5748970190058802,1.123184019458085,0.5610960732237014,0.7176548381491866,0.3241957489240957
qwen-3.5-plus,2,4d78ff,desktop,50,0.2707417657296302,0.3959852015129081,1.212559548529233,0.5819241687401254,0.6809338724482933,0.1790562525803558
qwen-3.5-plus,3,4d78ff,desktop,48,0.3922356723514635,0.4446618319189011,1.0828695742351986,0.8439063708401736,0.7300914212101733,0.3900524705397989
qwen-3.5-plus,1,4d987b,poster,45,0.4423645088924671,0.5237198196774728,0.8239334593955274,0.7666675389597156,0.7168729061497872,0.3994434942564859
qwen-3.5-plus,3,4d987b,poster,53,0.2559746495468293,0.431891008404524,1.2416962316108766,0.459762348662958,0.6452537387484613,0.2352118564296339
qwen-3.5-plus,2,4d987b,poster,40,0.25034532403911,0.4334852665221442,1.1779734014723595,0.3957788037285554,0.600127440665255,0.2509649464679639
qwen-3.5-plus,1,4d17b7,mobile,49,0.2717296420449491,0.513853968299588,1.3668812502799446,0.1930266903674775,0.5908157854055478,0.0928624664993034
qwen-3.5-plus,2,4d17b7,mobile,40,0.2679520184524693,0.4685302685620752,1.8694000565573037,0.3604023419175746,0.6102911715301236,0.1233384048525461
qwen-3.5-plus,3,4d17b7,mobile,46,0.3217937517934786,0.5135892724216657,1.408806715514046,0.2906493943949959,0.6158604052739395,0.2034483800583172
qwen-3.5-plus,1,4de4af,web,48,0.1361684642081486,0.4091777915976308,1.2921450442583324,0.2635393859623277,0.67162508017425,0.0850769224077168
qwen-3.5-plus,2,4de4af,web,41,0.3543322265671919,0.498010599531977,0.9056610195055388,0.6926432860221743,0.7483122722115997,0.1940353989879359
qwen-3.5-plus,3,4de4af,web,40,0.3604559591907432,0.5182751265219473,0.9356016788604276,0.7076910008754338,0.7559687975605832,0.2202179545803689
qwen-3.5-plus,1,4dae22,poster,31,0.3177465506144996,0.3988675471192594,2.0076243409338135,0.7052812999304963,0.7246999890418251,0.3317614873145116
qwen-3.5-plus,2,4dae22,poster,30,0.0767450982513913,0.272138303905994,4.655069314298368,0.1195864125028887,0.4815959162876457,0.0863308772320907
qwen-3.5-plus,1,4e14f5,mobile,46,0.2396905844276708,0.4289737669782839,1.6286212707087502,0.5058848675361756,0.6406939124969641,0.1096088713174188
qwen-3.5-plus,3,4dae22,poster,31,0.2060990298830917,0.37820418114895,1.8919494716949463,0.336712518888583,0.7148948121505702,0.192851852440861
qwen-3.5-plus,3,4e14f5,mobile,38,0.0063041493329583,0.3192045969262305,3.1617668553502627,-0.0865710004887675,0.4629478690792518,-0.0221072994547804
qwen-3.5-plus,2,4e14f5,mobile,40,0.2672197541566167,0.40729914900458,1.883378044320665,0.4211082198190056,0.6208309138765392,0.0848814714895321
qwen-3.5-plus,1,4e2a75,mobile,40,0.5095618010162297,0.4666431742799968,1.9082590429364472,1.243437960268554,0.7408961071435977,0.4076883226385066
qwen-3.5-plus,3,4e2a75,mobile,38,0.3766939899419714,0.4024714702965389,2.6075669503953476,0.7621800741698938,0.7353523290650492,0.2687723563766844
qwen-3.5-plus,2,4e2a75,mobile,45,0.5471387797074959,0.5036698648809126,1.795889431171689,1.442028671007912,0.7670803915303772,0.4503178715181685
qwen-3.5-plus,1,4e729d,web,47,0.2869837545598762,0.349676625370653,1.4854002026927111,0.5653084001925742,0.6673300772722829,0.2228408561887463
qwen-3.5-plus,2,4e729d,web,45,0.2192192391576958,0.343871912113324,1.579601625744261,0.6283128179001316,0.6769674802053893,0.1442937514794521
qwen-3.5-plus,3,4e729d,web,46,0.4237860700925153,0.3903911419415505,1.224876083297942,1.0127892139545018,0.7494814596510808,0.3843884123424386
qwen-3.5-plus,1,4e81ec,web,45,0.304678462842645,0.4964846699722911,0.8819512971341027,0.4588522196731682,0.6829431023544805,0.3272261125696673
qwen-3.5-plus,3,4e81ec,web,40,0.3816620493640431,0.5407354033449034,0.7489623963414748,0.6300379792779338,0.7226031723504726,0.3287777776253332
qwen-3.5-plus,2,4e81ec,web,38,0.382470917945416,0.5242370646782146,0.8203639427311668,0.5737018395950857,0.7136712494484084,0.3372907068945137
qwen-3.5-plus,1,4e3225,mobile,35,0.2764828260879911,0.3226417220891668,2.914983785125616,0.6489486039160453,0.6257736130303834,0.1909304457878262
qwen-3.5-plus,3,4e3225,mobile,44,0.4802385528852824,0.5000956846596506,1.0455409433437783,1.2234054470663525,0.8398114794034202,0.3840922090277686
qwen-3.5-plus,2,4e3225,mobile,46,0.1055308828309015,0.2138600124378266,4.151346795355677,0.3080694907591337,0.4776572556094924,-0.0174692702068187
qwen-3.5-plus,1,4ea758,poster,40,0.5964575450935905,0.5516484183146544,1.3376201699096562,1.269501131198364,0.8147298142872679,0.5617855629277888
qwen-3.5-plus,1,4f2d13,desktop,47,0.5022258566407218,0.6548487312390152,0.4555756063842296,0.6335849171674989,0.6863338501923469,0.4297594178498415
qwen-3.5-plus,1,4f357d,poster,45,0.5562971034996687,0.578009882100939,0.5876796599093003,1.10636313065567,0.8008980054949504,0.5450402818181397
qwen-3.5-plus,2,4f357d,poster,46,0.5153937762168976,0.5715213975995099,0.720107316706169,1.01005925962303,0.7835203148470355,0.532562638566313
qwen-3.5-plus,3,4f2d13,desktop,37,0.3964826589609784,0.6153779864200564,0.5566338358478516,0.5242327441208003,0.6508257764902187,0.3628514629354561
qwen-3.5-plus,2,4f2d13,desktop,51,0.5693067227301134,0.6756926087264697,0.4364108023063517,0.7524308982179793,0.7166285235222425,0.5093363780986534
qwen-3.5-plus,2,4ea758,poster,50,0.4279106272000427,0.4783825671283415,1.5072634372574374,0.918455871203597,0.7527400495755481,0.4588051838141513
qwen-3.5-plus,3,4f357d,poster,48,0.4164182578294458,0.5028282940933464,1.1149953370307015,0.7685883587530296,0.7238557823447196,0.4476425579730627
qwen-3.5-plus,3,4ea758,poster,40,0.61142649990929,0.5621814308451621,0.8870166625681505,1.306245740112039,0.8138427331365665,0.5759885323284565
qwen-3.5-plus,1,4f5fe8,poster,41,0.3689436042073615,0.5166684452661704,0.7463958781864806,0.6355206977445375,0.6851418118516963,0.2893172578384002
qwen-3.5-plus,3,4f5fe8,poster,40,0.3542799978252333,0.5222142420489442,0.7475254280606645,0.6102197010994419,0.6882891670355381,0.2227758410701124
qwen-3.5-plus,2,4f5fe8,poster,35,0.3301014490438703,0.5181214659745503,0.7524526673681814,0.5768403620223692,0.6750067292553313,0.2031060899417242
qwen-3.5-plus,1,4f3f84,mobile,40,0.5280640569943316,0.5188108105867117,1.3921742814665357,0.9807387772999794,0.743976895216387,0.5111706700435175
qwen-3.5-plus,3,4f3f84,mobile,50,0.5005556343001798,0.4212931986342247,3.315088281109037,0.8457407674980385,0.6619609022894577,0.5024690067111105
qwen-3.5-plus,2,4f3f84,mobile,47,0.5010556931969733,0.5059340146691723,1.6362455923124235,0.8230363149186277,0.7535991753371477,0.4385972117587844
qwen-3.5-plus,1,4f9082,desktop,46,0.4735910110651263,0.5245760098706134,1.190401396031869,1.1832705338175145,0.833214623101727,0.365801136432015
qwen-3.5-plus,2,4f4f19,poster,41,0.4598341113566005,0.4028868746551416,2.2999275340728964,1.1124161039217637,0.7314502097436878,0.4767941372747865
qwen-3.5-plus,1,4f4f19,poster,50,0.3208349804743614,0.3874971734440169,1.570482838547896,0.7728446556211311,0.7241973093002937,0.3099873179713412
qwen-3.5-plus,2,4f9082,desktop,44,0.4850461715145125,0.5292218459416776,0.9520886145199902,1.1785752630124913,0.8378159070274831,0.3715375230049401
qwen-3.5-plus,3,4f4f19,poster,40,0.2775717374859751,0.3328342534944009,3.2513612849777944,0.6801603130113003,0.6350940411290222,0.2689435737224902
qwen-3.5-plus,3,4f9082,desktop,40,0.5046809423231607,0.5305346523882207,0.9190952996420312,1.1863631278981042,0.8514063940263836,0.3762901527052114
qwen-3.5-plus,1,4f7447,poster,47,0.1281050697436284,0.3010190085396892,2.7912089648916707,0.1936108686658896,0.5432412116516677,0.0980155799905952
qwen-3.5-plus,3,4f7447,poster,50,0.1568139779872849,0.3290986397520809,2.750026384892692,0.3945834561603189,0.5905101048627499,0.1095416845477351
qwen-3.5-plus,1,4fa3d2,web,46,0.0948728025317451,0.399917910824478,1.4661146132876932,0.2074540728580528,0.5779436237152222,0.0706641125272104
qwen-3.5-plus,3,4fbc40,desktop,48,0.6706935092430509,0.5020385132001642,1.051616168087391,1.8216990356137823,0.8639378276602705,0.6276615437609036
qwen-3.5-plus,1,4fbc40,desktop,70,0.5077588354944871,0.3944018574098922,1.320212511764868,1.4702716548532755,0.7788460112546969,0.4532595504147717
qwen-3.5-plus,2,4fa3d2,web,41,0.0629023230636093,0.4062572126994803,2.0662841098384135,0.1612475646872,0.5465655597553509,0.0310674753625722
qwen-3.5-plus,2,4fbc40,desktop,45,0.2246011580090976,0.2468410601713839,1.8412032965882967,0.7434052357302046,0.7030029584726516,0.0651776923146247
qwen-3.5-plus,2,4f7447,poster,50,0.2222925331761371,0.3522953141842478,2.419767212213638,0.2525944693803638,0.6022377848315132,0.1819323229252197
qwen-3.5-plus,1,5062ba,desktop,50,0.5282934740327121,0.5413971947836297,0.828051750975986,0.9591007174045156,0.7462043369265454,0.5154474454733061
qwen-3.5-plus,3,4fa3d2,web,57,0.1090031691549024,0.4066883281624394,2.0588481941266488,0.2015426038694064,0.5553312483158683,0.0840706190096542
qwen-3.5-plus,1,5009b5,web,40,0.2362941043445433,0.4055180814627259,1.941061656724616,0.3961745205909647,0.6170352433051363,0.1533415915011781
qwen-3.5-plus,3,5009b5,web,44,0.2017884215917844,0.3949291718400979,2.2678174635301787,0.3468155630994131,0.5803215869481061,0.1237754461223841
qwen-3.5-plus,2,5062ba,desktop,50,0.3510286629006722,0.4829718700602338,0.9658683211505288,0.6622761837168804,0.7206536496001591,0.3444941296623728
qwen-3.5-plus,2,5009b5,web,40,0.2478927447132338,0.4180056824528564,1.50090606517985,0.3991600272503939,0.6521966396507405,0.1315990590654693
qwen-3.5-plus,3,5062ba,desktop,55,0.385446335345772,0.4848932099022589,1.080330297814538,0.6969787276183691,0.6911505440653496,0.3891454013678319
qwen-3.5-plus,1,5073f5,web,51,0.2644037986027117,0.469520803624311,1.374510312108986,0.4119145194188654,0.656859187534361,0.2238151171604125
qwen-3.5-plus,2,5073f5,web,48,0.0725613072460062,0.3929539982474849,1.4451390108458813,0.0927256589300489,0.5529951544126817,0.0428292206531079
qwen-3.5-plus,3,5073f5,web,40,0.1526335647529861,0.4035590611701637,2.0197202491300996,0.2412228837759512,0.5716066877950747,0.1172320238088569
qwen-3.5-plus,2,50802a,mobile,41,0.2752798871670009,0.431244246933096,2.42748942170771,0.2925245620866796,0.5854317514942283,0.2311253749931514
qwen-3.5-plus,1,50802a,mobile,49,0.3103907611655253,0.4966269142218149,2.156999243647317,0.3743844446019291,0.580934924237638,0.3288404314637853
qwen-3.5-plus,3,50802a,mobile,29,0.2296212439991126,0.3910776766854912,2.898360238518751,0.2254741372488001,0.5523504556829855,0.2184150612326215
qwen-3.5-plus,1,509783,mobile,45,0.1353821188373,0.4256158705657591,1.820893310899092,0.2714877721176455,0.6033750988259209,0.0942721331432349
qwen-3.5-plus,3,509783,mobile,41,0.1077425799293837,0.4592412391324452,1.6269868117324322,0.2638168247387791,0.584169021238221,0.0718609137911683
qwen-3.5-plus,2,509783,mobile,44,0.1417815760828606,0.3867115295960207,2.007781172334532,0.1620662669701665,0.5616006201121998,0.0475102924393129
qwen-3.5-plus,1,50ebe2,desktop,75,0.4070991935565059,0.6288105743198724,0.5479501261468447,0.4899686367086587,0.6279924788289181,0.4383720067674376
qwen-3.5-plus,2,50ebe2,desktop,85,0.2897938111360594,0.6199020571431315,0.4569448843914829,0.3251678458941349,0.6032010091871636,0.2987006957113259
qwen-3.5-plus,1,510093,mobile,55,0.2769046758834476,0.5610921256911201,0.6005948794883684,0.3507370143633457,0.6181178104065487,0.0341327116258853
qwen-3.5-plus,3,50ebe2,desktop,50,0.3821164456207795,0.5922117191734788,0.5855797548739813,0.4860605787871821,0.6168210021435228,0.4745541091282386
qwen-3.5-plus,3,510093,mobile,46,0.2151830717026127,0.5072942331812258,0.8997565801618582,0.2915207060327799,0.5895054324428454,0.1435359670480903
qwen-3.5-plus,2,510093,mobile,39,0.1590824246011584,0.4984295161186555,0.9660389164647034,0.243372284892188,0.5492671576414885,0.200542213111986
qwen-3.5-plus,1,510db4,poster,40,0.1987867967827493,0.5299010501707196,0.8618867712828833,0.3444580730403919,0.6230763301792186,0.1396929605503514
qwen-3.5-plus,2,510db4,poster,42,0.1758429890812705,0.5194428895660496,0.9183757647492704,0.3047488023645173,0.6142654754623649,0.1242951844012222
qwen-3.5-plus,3,510db4,poster,42,0.2176537684898136,0.5430933148703115,0.834402902233176,0.358607447471182,0.626825197662532,0.1231656596622463
qwen-3.5-plus,1,511db2,web,48,0.0418523909502989,0.4356827974737453,1.3264353961806403,0.0482046998105814,0.5268328404118894,0.0527910170926463
qwen-3.5-plus,2,511db2,web,48,0.2500582585487301,0.5227629637404354,1.0588873208720195,0.2880901333615499,0.6001283559867341,0.2355295532838396
qwen-3.5-plus,3,511db2,web,48,0.0798623232110909,0.459947859080473,1.3293484476811652,0.121021678341446,0.5440771713179179,0.1208233886953062
qwen-3.5-plus,1,511f7b,desktop,47,0.2463787904728776,0.4348516902671282,2.13260516523419,0.4169304004552818,0.5980509408875632,0.319507214795907
qwen-3.5-plus,2,511f7b,desktop,40,0.3193043972654633,0.4913389599560732,2.0973956329430457,0.5666433115715512,0.6330294062283975,0.3273814324931221
qwen-3.5-plus,3,511f7b,desktop,50,0.2986525039168841,0.5027076924675663,1.2223640049891673,0.528997398574462,0.6654020699385081,0.2601019306505681
qwen-3.5-plus,1,51582e,poster,36,0.2680925653320237,0.5701277310593372,0.6331842848488438,0.3730245737909654,0.6000019811483657,0.1938955783134268
qwen-3.5-plus,1,512240,desktop,49,0.3037342177317551,0.4907843448268933,0.9682499658300696,0.6123548179484168,0.7018638420824554,0.4195215219238573
qwen-3.5-plus,2,51582e,poster,40,0.3667223663774537,0.5967541636672402,0.5791969246833855,0.4840659469317239,0.6346313781841898,0.2630730442266656
qwen-3.5-plus,3,512240,desktop,49,0.4423896774871229,0.5009589804772354,1.4022424283498671,0.7859276397066052,0.6638733658588932,0.5029079922152631
qwen-3.5-plus,2,512240,desktop,49,0.2716547285492802,0.4593483827746162,1.3772606380560788,0.5209868604210232,0.6689687264421686,0.4062664930616571
qwen-3.5-plus,3,51582e,poster,46,0.1958195116233234,0.5528588033391724,0.6897533319872612,0.2408344306423862,0.5719995732963851,0.1792099126079211
qwen-3.5-plus,1,51e1ce,desktop,47,0.4806869616676447,0.5469204260885934,0.8578022709921739,0.8067076649104039,0.6616652971929049,0.4980233536250518
qwen-3.5-plus,3,51e1ce,desktop,40,0.5724228830214586,0.5978267551069945,0.7817466435833265,0.873656178037342,0.7251343342182657,0.5591103110792139
qwen-3.5-plus,2,51e1ce,desktop,48,0.543157672899423,0.5660462792597332,0.8113714277977254,0.8790069864909514,0.6827580376754366,0.536193838979845
qwen-3.5-plus,1,51e73b,poster,40,0.5261083895219676,0.4941273638873787,0.8115807611368968,1.151100333889149,0.8071001822996278,0.5324010491369218
qwen-3.5-plus,2,51e73b,poster,47,0.5183001392233555,0.4721804233630675,0.8617859263691455,1.122510815217961,0.798892529207902,0.5201140014596218
qwen-3.5-plus,3,51e73b,poster,40,0.5013122125015117,0.4921235569354968,0.8202130870836289,1.09209817499076,0.7890626734031565,0.5053419328156434
qwen-3.5-plus,1,51f12a,mobile,49,0.2919946997939623,0.4952757448731731,1.1322822558350585,0.415140586837761,0.6157282494357754,0.2666374126252185
qwen-3.5-plus,2,51f12a,mobile,47,0.4009493686331219,0.4827220708835767,1.4948591285441233,0.7526367244288072,0.6939894294026862,0.4148849359119577
qwen-3.5-plus,3,51f12a,mobile,40,0.4338698442992932,0.5219383649277727,1.4110574368241473,0.5811864674430182,0.7032308414582382,0.4090191568993649
qwen-3.5-plus,1,51f811,web,47,0.610852143557916,0.6510936041547424,0.4302548681621213,0.8945675281701169,0.7451351428098705,0.4487706037804079
qwen-3.5-plus,2,51f811,web,37,0.5297134752886968,0.6056035304535551,0.6751033751893376,0.8014664510223972,0.7178586988401764,0.4317646086205212
qwen-3.5-plus,3,51f811,web,47,0.4781655014209466,0.5946328277818591,0.5353440390809313,0.674200773700309,0.7100062815160044,0.3645040422071927
qwen-3.5-plus,1,51f8bb,desktop,190,-0.2194483584506713,0.4410362414047489,1.057870583344433,-0.2128401650232009,0.4351680364318005,-0.3117861495517738
qwen-3.5-plus,2,51f8bb,desktop,46,0.6090840611252946,0.5906194558211058,0.9621213484509072,0.9560823920664582,0.7317910619868936,0.59938428569525
qwen-3.5-plus,3,51f8bb,desktop,49,0.4724702617213292,0.5324433233806822,0.9707392967161854,0.7678655893115505,0.6963254587491242,0.4577452577112108
qwen-3.5-plus,1,51fd1b,mobile,48,0.3975530081724404,0.4612617202312876,1.8385564500327032,0.6428920977672048,0.6300849522328271,0.3805856000110176
qwen-3.5-plus,3,51fd1b,mobile,40,0.3436048018667014,0.3858877246733868,3.2852756314984237,0.5521254937592208,0.5886212214010533,0.2918297643689075
qwen-3.5-plus,2,51fd1b,mobile,48,0.3545183887814842,0.5188245338891819,1.2213577768537704,0.5957957756083452,0.6625375370479569,0.3147018120810979
qwen-3.5-plus,1,51db8e,poster,48,0.0228566483055264,0.2432420389422775,4.316376004075309,-0.0337842406252782,0.4192411118598994,0.0090582722191898
qwen-3.5-plus,2,51db8e,poster,48,0.0643281026264725,0.281458857907667,4.131011134607183,0.0387320722659385,0.4836199685659924,-0.0050950192128049
qwen-3.5-plus,3,51db8e,poster,47,0.1269145093283549,0.2906000012499963,3.7569289837634448,0.2053160126758447,0.5137155763804668,0.0982457083523049
qwen-3.5-plus,1,52658e,mobile,50,0.3657093477535711,0.4382858876481075,1.967930853678377,0.5419288583516941,0.6950402706406138,0.2636414690316611
qwen-3.5-plus,2,52658e,mobile,45,0.3987891099873745,0.396154909737602,2.366280451504939,0.595913453620171,0.728893262246148,0.377118484361412
qwen-3.5-plus,3,52658e,mobile,48,0.3184879790375258,0.4279616106809055,2.883993828196804,0.4519565404005085,0.6102317069088364,0.2426327576460634
qwen-3.5-plus,3,520b4a,poster,48,0.0607409565737386,0.3527246324076394,2.7687430813039406,0.1475966738196598,0.5310454005101997,-0.0662804123562761
qwen-3.5-plus,2,520b4a,poster,41,0.078246976558502,0.3122375678568548,3.565766315020687,0.1489655262288885,0.5146437677253409,0.0117323952290687
qwen-3.5-plus,1,520b4a,poster,50,0.0043885314592866,0.3158034105482684,3.290181667274668,0.0508123534140399,0.5150755383379255,-0.0470873506113533
qwen-3.5-plus,1,529ce0,desktop,32,0.7309383193370147,0.6609245800548924,0.7656482104926827,1.2206809509838217,0.8103790017232759,0.6950358402788485
qwen-3.5-plus,2,529ce0,desktop,35,0.5902056461634254,0.5900478162948722,0.9340293572720224,0.9620898634898608,0.7794082302488072,0.5407274595859752
qwen-3.5-plus,3,529ce0,desktop,34,0.542392233461251,0.5302167710893971,3.053326551124099,0.8495657956196507,0.6515185463803812,0.560112505366797
qwen-3.5-plus,2,529401,mobile,31,0.2319452007142975,0.3936927569178635,2.121938345589255,0.461091491171244,0.6628325390460429,0.2413812856186386
qwen-3.5-plus,1,529401,mobile,40,0.2743434561035263,0.3999097540936521,1.8928660088638696,0.4840105937900953,0.6425755662520517,0.3030103582659243
qwen-3.5-plus,3,529401,mobile,27,0.3153885756556969,0.3907725519744481,2.3933780690825768,0.5916539872953045,0.6570756768537278,0.3565333782657075
qwen-3.5-plus,1,501b73,poster,41,0.0665039459176502,0.1526394452177094,5.464619832534779,0.1438905183159693,0.3409179754567411,0.0644128313640642
qwen-3.5-plus,1,52a3d2,web,40,0.332075895225749,0.4040768874670508,2.0240742571524826,0.5850181835889718,0.7149030440318108,0.2867523788305282
qwen-3.5-plus,1,52fbfe,desktop,40,0.5085334466232339,0.5471911917006709,0.692929019533811,0.9475610918574668,0.7641634506075472,0.3651931311163948
qwen-3.5-plus,2,501b73,poster,40,0.073431907975197,0.1413905903608452,5.497358965873267,0.0811650993406707,0.2999944803073419,0.0642789509464438
qwen-3.5-plus,2,52a3d2,web,33,0.2657412250576516,0.3561785279162292,2.8103461861935553,0.4527366779139524,0.659350315136889,0.2550486337700271
qwen-3.5-plus,3,501b73,poster,40,0.0960916708178681,0.1480306670680699,5.458599577613811,0.1947613198110324,0.2954684758248196,0.0917675340301182
qwen-3.5-plus,2,52fbfe,desktop,48,0.1841786182688507,0.4301929633137589,1.1739523829773866,0.296885114740662,0.5751880190726794,-0.0245842263934777
qwen-3.5-plus,3,52a3d2,web,40,0.3264915585012694,0.4120927317805226,2.3679748627400654,0.5368865311597372,0.667746773433233,0.2594056550392524
qwen-3.5-plus,3,52fbfe,desktop,45,0.3624837509533567,0.4512405306585256,1.3804977178376532,0.7428325790995901,0.6815564074083845,0.3592056699885955
qwen-3.5-plus,3,52b67f,mobile,38,0.4451136156284162,0.4991033957670106,1.6598027062682266,0.4634050283292786,0.6766190777170741,0.3338167468000488
qwen-3.5-plus,1,52b67f,mobile,45,0.3927600224862633,0.4766850023409938,2.348051549964243,0.3629223446774848,0.625938016362015,0.2967740070672154
qwen-3.5-plus,2,52b67f,mobile,50,0.2829933567532099,0.452159777325942,1.7860573127100263,0.3564681315605912,0.6358943082783142,0.118984401122005
qwen-3.5-plus,1,533099,mobile,50,0.5576360345469116,0.5310294460357053,1.5685192378858646,1.5176854467562677,0.7846208605943565,0.5274558260144302
qwen-3.5-plus,1,5305a4,desktop,48,0.3230581947060089,0.4036283355095555,1.5679538789584122,0.6475511993705872,0.7054522912545685,0.2927493483438471
qwen-3.5-plus,2,5305a4,desktop,36,0.588777446349128,0.5257348989751403,1.308031331544986,1.3769322355510096,0.798920842137633,0.5696221778280336
qwen-3.5-plus,2,533099,mobile,52,0.6402315444770237,0.5643717904083149,1.166764003739984,1.6091336150918487,0.8171445919165821,0.6005894267662635
qwen-3.5-plus,3,5305a4,desktop,33,0.5442873238611768,0.5625009144148467,1.286367032374209,1.181121556084593,0.7896815881661307,0.5036831776012712
qwen-3.5-plus,3,533099,mobile,48,0.4532313600222684,0.4532680217378012,1.525671427523739,1.2111951996896135,0.7878250434284044,0.3769071692960042
qwen-3.5-plus,1,536e7f,mobile,40,0.507632569167289,0.5289453977218406,1.0514223193393832,1.1369456160477418,0.8350230454837171,0.4368148497951284
qwen-3.5-plus,2,5300d8,mobile,42,0.1517649214026558,0.3551225079438184,2.6289984848557872,0.1229210135225974,0.5669481757255331,0.0788614553901957
qwen-3.5-plus,1,5300d8,mobile,40,0.2232908077833446,0.2892476087739349,3.8173423244436377,0.3180060164807413,0.6239162062627974,0.0421638984740673
qwen-3.5-plus,2,536e7f,mobile,40,0.46951219155068,0.4896246672682658,1.5102023231146982,1.011907678555841,0.8006764793688144,0.402727420975403
qwen-3.5-plus,3,536e7f,mobile,41,0.5808659593569818,0.547548822500268,0.8546439473570426,1.232169315526693,0.8442329517311513,0.5283115336195415
qwen-3.5-plus,3,5300d8,mobile,39,0.0249394704874336,0.3131515257419601,2.6630633693422308,0.0135615522684579,0.5500759602915405,-0.0816247301456863
qwen-3.5-plus,1,538ccc,desktop,51,0.2895206614929211,0.4295322665165642,1.524920931293058,0.4856608960404124,0.6249847156483515,0.1692488806638959
qwen-3.5-plus,2,538ccc,desktop,40,0.6678210402444535,0.6502121300316599,0.6290817497751299,1.139087247643562,0.79758666913343,0.5281038063058245
qwen-3.5-plus,2,538c08,web,39,0.407234155815774,0.5114518188869333,0.9217019233820872,0.7073686610683456,0.7211739730503306,0.3355635885936412
qwen-3.5-plus,1,538c08,web,48,0.4891812404053186,0.5560637905066272,0.7703558854849714,0.8530158325492373,0.7471226793468092,0.3823490233554397
qwen-3.5-plus,1,533daf,mobile,40,0.4515539647593244,0.3405525342355643,3.825244100422494,0.8385236268229498,0.6096565273063869,0.4157699633667246
qwen-3.5-plus,3,538c08,web,31,0.3369710683483384,0.5014210125248905,1.5979994623865024,0.5816422970746772,0.6835709017398552,0.2103353216103503
qwen-3.5-plus,3,538ccc,desktop,52,0.5155286623060146,0.5189479242689818,1.7982961498452144,0.905655294359571,0.7031558621690317,0.2944275939130332
qwen-3.5-plus,1,540107,poster,50,0.1561012823333086,0.352293261454074,3.971638577799845,0.2199419335340523,0.5126647700122904,0.1678517422949129
qwen-3.5-plus,2,540107,poster,36,0.3447493669929306,0.4447247772472292,0.9676109542258348,0.6372121226510614,0.6890086705857179,0.3441284935687345
qwen-3.5-plus,3,540107,poster,41,-0.0625882974160695,0.2779976835952708,1.9541702658262987,-0.1470838458649147,0.5167309817015309,-0.0568202513371847
qwen-3.5-plus,2,533daf,mobile,47,0.3881346023985618,0.4690492407489705,1.7511152590734012,0.6421752498701048,0.6436574468605241,0.3834206652276001
qwen-3.5-plus,1,53faa2,web,40,0.1268340092935267,0.3249332474050149,2.814913775884637,0.4339928432869783,0.6268936623427628,0.1121242770272743
qwen-3.5-plus,1,544816,poster,49,0.3813941310312538,0.5591420837722021,0.6498973484413308,0.5333646751489893,0.653810809730701,0.3887300894383722
qwen-3.5-plus,2,544816,poster,46,0.2888023076364804,0.5354371201861596,0.7027783514434133,0.3721735362041606,0.6301196492522173,0.2887694321005626
qwen-3.5-plus,3,544816,poster,47,0.4038879489891196,0.5698312811838988,0.6453431511174326,0.5221735726244224,0.6505657370399386,0.4036868469609947
qwen-3.5-plus,3,533daf,mobile,49,0.5540979951891938,0.5451112339626217,1.319069017934629,0.9246381419111428,0.7380015422056788,0.5519875594268995
qwen-3.5-plus,2,53faa2,web,30,0.0533276457353706,0.277453985894903,3.2615864522229487,0.2277991521902836,0.6185520772554143,0.110658000813979
qwen-3.5-plus,3,53faa2,web,40,0.1573959448216296,0.3488665296008735,1.9105627404275491,0.4415144462210087,0.69261431466368,0.1681522146794436
qwen-3.5-plus,2,54bc51,web,53,0.213430850922971,0.412196097222547,2.169467132238604,0.2856645431951349,0.6515991997210916,-0.009148968411551
qwen-3.5-plus,1,54bc51,web,38,0.290578819777968,0.4522778494751009,1.4668580037013492,0.320550338248092,0.6132360157565884,0.2177569814396341
qwen-3.5-plus,3,54bc51,web,51,0.364465432082824,0.4314894392499849,2.05027434490644,0.5622375761132306,0.6384321653345179,0.3240451083024819
qwen-3.5-plus,2,54f52f,web,50,0.291057941108652,0.4909927727445971,0.8558734995652407,0.5076692438149061,0.6877002744016789,0.2562188883226199
qwen-3.5-plus,1,54f52f,web,46,0.3437944911282727,0.5000130662141984,1.0936871802999548,0.637389190465643,0.6988831713015384,0.1337467184781368
qwen-3.5-plus,1,548c01,mobile,38,0.3720364216386109,0.4733183684505124,1.6176967108510214,0.4610452883288644,0.7164618630800378,0.340208038958043
qwen-3.5-plus,3,54f52f,web,40,0.3734362733899626,0.5007476345597722,0.917720317107702,0.6315784647789042,0.7193630713443762,0.3265970186372943
qwen-3.5-plus,2,548c01,mobile,47,0.391416092741175,0.5123899740907245,1.287123322295507,0.547320801189565,0.7199366723464417,0.3376770320300296
qwen-3.5-plus,3,548c01,mobile,49,0.2780686672399148,0.3838113374867639,2.5942580468355736,0.2788858131338413,0.6882979698453009,0.2266776282819279
qwen-3.5-plus,1,55079d,desktop,38,0.2389988549023338,0.4650594904816679,1.1190345665765404,0.3560963426883304,0.6191558675927644,0.2438914891151591
qwen-3.5-plus,2,55079d,desktop,53,0.2099269469094244,0.4589994344666083,1.1322590161085044,0.2806633039312677,0.576680672444547,0.2125607755087582
qwen-3.5-plus,3,55079d,desktop,41,0.0507221945329467,0.3940107969236176,1.5728609148365127,0.109560188094805,0.5593790254873311,0.0949891409007268
qwen-3.5-plus,1,55251b,desktop,43,0.689108140735941,0.6136379040063797,1.3125535593335995,1.4342762391566053,0.7605003035690157,0.7186492130294433
qwen-3.5-plus,3,55251b,desktop,32,0.6380029318285305,0.5673436381227301,1.331151564600603,1.248517197701993,0.7516213772103536,0.6587433992556594
qwen-3.5-plus,2,55251b,desktop,43,0.7254986818460645,0.6380350925597593,1.2605612669087898,1.5115038716048963,0.764495828714568,0.7480297324712546
qwen-3.5-plus,1,555c68,desktop,40,0.5615549402488125,0.5383113234022834,0.8902011048589618,1.116837275424189,0.7993370262986889,0.4471192189160994
qwen-3.5-plus,2,555c68,desktop,40,0.5892405472972837,0.5351738798709327,0.8114640847679833,1.158578708170339,0.8035438824920589,0.4994859858660113
qwen-3.5-plus,3,555c68,desktop,50,0.3325428115556458,0.4418718145719071,1.0470364296243664,0.6220061553903917,0.7417900381706308,0.0979066748794165
qwen-3.5-plus,1,54d9cf,poster,48,0.2529824587438879,0.3831445425715797,2.5047323341471968,0.7021462395287255,0.6617198030894221,0.219284087116337
qwen-3.5-plus,2,54d9cf,poster,50,0.132683082281781,0.326890336148843,3.5934299705262127,0.3627892139930548,0.5697026354946396,0.0979061944521373
qwen-3.5-plus,3,54d9cf,poster,48,0.3615430450654065,0.4154113046137357,2.1021513919579093,0.7951597153352382,0.7299320423886916,0.3566074477778621
qwen-3.5-plus,2,557221,poster,40,0.3662438529409253,0.388298516395245,3.31491950292568,0.4537821505603527,0.6463999268472724,0.2039749802032757
qwen-3.5-plus,1,557221,poster,35,0.2940305530292539,0.3653703684319159,3.821779143970626,0.4180415251266874,0.6006300432181959,0.1852268283918685
qwen-3.5-plus,3,557221,poster,40,0.3623845789689126,0.4619485088932986,2.8631639218838787,0.5173825005435032,0.6337812280524051,0.200078610415078
qwen-3.5-plus,1,55b7b4,poster,37,0.0881270192676274,0.424819773252556,1.82629246275388,0.0835761688193503,0.5373811721968027,0.0397809119286026
qwen-3.5-plus,1,55aa06,mobile,50,-0.0740811213097733,0.2878239900845488,4.279587238028896,-0.1572160054997749,0.4157029649160063,-0.1515828090301996
qwen-3.5-plus,1,55c555,desktop,35,0.0931288071549548,0.3127678032594522,3.3072987361738937,0.1384570351082366,0.5682005854338359,0.0721300385171278
qwen-3.5-plus,3,55aa06,mobile,41,0.1545828629158397,0.3924518225911917,2.0473499309415817,0.2888064439797527,0.5825354485043608,0.1445839652593216
qwen-3.5-plus,2,55c555,desktop,39,0.4895301450439649,0.5312937754448454,0.9455861524345462,0.8372883709047878,0.7092137799475446,0.3587239746265167
qwen-3.5-plus,2,55aa06,mobile,38,0.1831030705069408,0.3915128477005277,2.3224378491017483,0.2667022934457995,0.5782771427259584,0.1658115803284701
qwen-3.5-plus,3,55c555,desktop,87,0.5424831881573948,0.5564081994841192,0.6335307753895227,0.8496247671040259,0.7345042174102769,0.2804316186496726
qwen-3.5-plus,2,55b7b4,poster,47,0.2290598884097375,0.4502124585146402,2.0427270709837657,0.2295853811647491,0.5930532044619938,0.0744700763707409
qwen-3.5-plus,3,55b7b4,poster,54,0.1684174394455826,0.4454956115021551,2.172504844216533,0.1842698203023055,0.5637827832302907,-0.1070954922237204
qwen-3.5-plus,3,55d16d,web,50,0.2966008770765361,0.4661738976089969,1.8918806619428337,0.5662193474212993,0.6505892125541844,0.1474049642044565
qwen-3.5-plus,2,55d16d,web,46,0.4056213150202356,0.5209408272227449,0.787928765271382,0.7477116682687248,0.7334127793985025,0.3607393118361667
qwen-3.5-plus,1,55d16d,web,45,0.377909920685877,0.5256549624175879,0.7516593300694941,0.6519851085262236,0.7251028547764343,0.2678040075817062
qwen-3.5-plus,2,55d981,poster,37,-0.0104103454595533,0.4887828774595745,1.476526848902201,-0.027471335010686,0.5010195345100953,-0.0670527073972806
qwen-3.5-plus,1,55d981,poster,31,0.0218560327155766,0.4787149310834432,1.5274120621576517,-0.0033428426253823,0.514717505477081,-0.0741160095122638
qwen-3.5-plus,3,55d981,poster,38,-0.0155336107855596,0.5325024941249372,1.8153933689537936,0.1479056763792134,0.5320131767020094,-0.1144401903015058
qwen-3.5-plus,3,55ce87,mobile,40,0.3411698254915062,0.4466991342277492,1.4921388126979354,0.4917051915650484,0.6944095665259881,0.2225988924654652
qwen-3.5-plus,2,55ce87,mobile,40,0.0775107788919193,0.2663596655601745,4.027346252288078,0.0769414554098308,0.5128448609844302,0.0586475997477204
qwen-3.5-plus,1,55ce87,mobile,49,0.0476547648758754,0.2803773262340993,2.93836004922356,0.2574722774623123,0.5486811938899969,0.0530460181859719
qwen-3.5-plus,1,563395,web,32,0.1872960270584874,0.427216330024897,1.7502550179918854,0.3455864378740865,0.6649669786893445,0.1532292507993879
qwen-3.5-plus,2,563395,web,40,0.1034151487204869,0.3922417040296417,1.6229629656241378,0.1646645486912424,0.6123111499971461,0.0678628362839537
qwen-3.5-plus,3,563395,web,40,0.1211192971805914,0.4050355298566346,1.4170712485942452,0.193350199660328,0.6174669784691368,0.09054083127653
qwen-3.5-plus,1,5620ab,mobile,41,0.3163360462382378,0.4556516852611457,1.3430443055013273,0.615869376439201,0.742048007937217,0.2735478442892802
qwen-3.5-plus,3,5620ab,mobile,40,0.3836043987302359,0.432779409849774,2.177658189407267,0.7601398845740808,0.7475467614451091,0.3732204649360946
qwen-3.5-plus,2,5620ab,mobile,36,0.1641856088246671,0.3562657080000845,3.48796697271579,0.1838767554569355,0.5583190431751334,0.026124497125388
qwen-3.5-plus,1,56d63a,web,41,0.4019985155040037,0.5104789300200496,0.9940479694064266,0.5437115807031629,0.6305688307155091,0.3677757688659764
qwen-3.5-plus,2,56669a,mobile,51,0.4960661101427335,0.519256000699488,1.3962458830746929,0.6592281498464302,0.7320915838220929,0.1858372943907847
qwen-3.5-plus,2,56d63a,web,50,0.092648105342776,0.441289099094769,1.4276123055592262,0.1486969370469924,0.5528979344842269,0.0587192037276538
qwen-3.5-plus,3,56669a,mobile,40,0.4083156032930514,0.4395994989130444,2.180886047586134,0.428667275224862,0.6619627676213826,0.1662975432629077
qwen-3.5-plus,3,56d63a,web,51,0.1826069875759999,0.368228731507169,2.2825345668058867,0.1959694627390381,0.5818120513548064,0.020159942773129
qwen-3.5-plus,1,56669a,mobile,40,0.4243268703790895,0.4584485020687697,1.8624789852376065,0.4354023180434418,0.6859423365432,0.175545710801724
qwen-3.5-plus,1,567366,web,40,0.3195939737870981,0.4157478665379899,2.3161061688950797,0.486177809052817,0.6669379124574439,0.2854436254280275
qwen-3.5-plus,3,567366,web,40,0.3335266704616086,0.389826604057838,2.907550192977073,0.4931574108350302,0.6470495744958578,0.2863746172254842
qwen-3.5-plus,2,567366,web,38,0.2346712796526893,0.3844704920561574,2.6945714648021397,0.3585367712567231,0.6737897734915603,0.210699506147007
qwen-3.5-plus,1,56ed0e,poster,40,0.0500755848010601,0.5030648188148417,1.7104663040273442,0.1504931086565367,0.5562854441841185,-0.0859049649832337
qwen-3.5-plus,3,56ed0e,poster,50,0.1214967759286771,0.5136905852790955,1.2445597857610753,0.2316851432494439,0.5857622999958263,0.0622114818823647
qwen-3.5-plus,2,56ed0e,poster,48,-0.0518490361799468,0.5140240139682488,1.8007676998738749,0.0515529361052524,0.5056190947907295,-0.2633797320829497
qwen-3.5-plus,1,574bac,web,48,0.1221698826112069,0.4013478032194573,1.93452004875072,0.2576426071202205,0.5853881758619549,0.0466649873156057
qwen-3.5-plus,1,56ea71,mobile,41,0.1419611420249252,0.4040655865059134,1.643716161184397,0.239989031527703,0.6098943656282252,0.1449740680016936
qwen-3.5-plus,3,574bac,web,51,0.2088428264928428,0.4408847606644758,1.215692725670809,0.3581392440787549,0.6184078522351788,0.1463021471125208
qwen-3.5-plus,1,576a9f,poster,50,0.4331510778879037,0.4823023989203302,0.8492002382382222,0.9454719929317912,0.7621223291833029,0.3590855974703372
qwen-3.5-plus,3,56ea71,mobile,46,-0.0961510066800801,0.281087821560196,4.190843353931458,-0.2148282684129982,0.3844895120096414,-0.0603794984844401
qwen-3.5-plus,2,574bac,web,45,0.3541783294989507,0.4801182891687632,1.0922519273117983,0.6057711339546189,0.6855639539933734,0.2671096595789168
qwen-3.5-plus,2,576a9f,poster,36,0.4599477102392469,0.4969274717112018,0.8633792490877453,0.961819215513006,0.7480817875079131,0.3939805852589079
qwen-3.5-plus,3,576a9f,poster,48,0.3933348289919132,0.4660100033505569,0.9080645517671754,0.8171195297418107,0.7324839885802077,0.3057189249237647
qwen-3.5-plus,2,56ea71,mobile,48,0.0821791820154728,0.3882736258915419,2.065412295600773,0.1450522199891883,0.5323398986142798,0.1053857407745255
qwen-3.5-plus,1,57879f,web,49,0.2765047494547181,0.3933883125259191,1.268355449327662,0.4071939230987241,0.7055038623438891,0.2624717713774837
qwen-3.5-plus,2,57879f,web,72,0.1612550276336282,0.3669648353776772,1.3216378313296668,0.3637495265848071,0.6071625977619113,0.0087388417039487
qwen-3.5-plus,3,57879f,web,50,0.2883048534977819,0.3992461636159462,2.1898717765642446,0.6021904355116244,0.6842539805356413,0.1055784884814833
qwen-3.5-plus,2,57bb95,web,36,0.1332221922419279,0.2544186050705269,5.417132876229493,0.3143211452679791,0.4561279091643956,0.002047808878571
qwen-3.5-plus,1,57bb95,web,50,0.4365718664066961,0.4611216244572381,1.997734185204056,0.8356025127902417,0.6583762636489358,0.3008730879672787
qwen-3.5-plus,3,57bb95,web,50,-0.0027411272319186,0.2849285336751433,4.385274546590061,0.0163647158044518,0.4709480268246663,-0.0371778837843174
qwen-3.5-plus,1,57f74a,desktop,55,-0.1299750799579661,0.456290533577701,1.1372554141647393,-0.0909217065700891,0.5032087488879843,-0.148344621356577
qwen-3.5-plus,1,579621,mobile,40,0.4301614022372106,0.3547674653439028,3.471919668347744,0.854854780533617,0.674931656998888,0.3824286298845484
qwen-3.5-plus,2,57f74a,desktop,32,0.2053851774457367,0.5459968778797908,0.799501025932491,0.2427179606888792,0.5669836418442149,0.1694385440733858
qwen-3.5-plus,3,579621,mobile,41,0.4127179991176309,0.4709509315126512,1.4720555560413306,0.9051187659315444,0.7455898283909039,0.3186967631583225
qwen-3.5-plus,3,57f74a,desktop,52,-0.1367356579776718,0.4877140239223698,1.009697354200802,-0.0838416987365093,0.4894937222209506,-0.1639104012227835
qwen-3.5-plus,2,579621,mobile,48,0.5124541664399576,0.5258818422950489,1.241852218154439,0.9713716269660584,0.7557311474500698,0.4150388031899445
qwen-3.5-plus,3,583824,desktop,53,0.2131074709621362,0.328685916730361,1.5636127348855755,0.463577642160513,0.6640638054652996,0.2558190964096415
qwen-3.5-plus,1,583824,desktop,83,0.4749174887469097,0.3772096235011826,1.2005682274478429,1.0978875484852018,0.7238878884271753,0.4503819107884927
qwen-3.5-plus,2,583824,desktop,31,0.4197951555637215,0.3925253079456507,1.5286238195652606,0.9844762153603224,0.7470375216654066,0.4156104032763141
qwen-3.5-plus,2,58033d,mobile,40,0.4161887816147886,0.5113533106235862,1.3703695315440316,0.6752411369367874,0.6933698730159126,0.3724963995388413
qwen-3.5-plus,1,58033d,mobile,47,0.3959150130157518,0.4672817334103579,1.8275792619556563,0.7343806595058434,0.6686083398202437,0.3433829541738694
qwen-3.5-plus,3,58033d,mobile,49,0.4595979159186918,0.4707755590611867,2.1801203183300704,0.8013549121105364,0.6893427562072063,0.4207774312317718
qwen-3.5-plus,1,5845fb,poster,50,0.4496093809403844,0.5177839047654197,1.754922363983733,0.6631270627604585,0.6958298297756191,0.2826674065287987
qwen-3.5-plus,2,5845fb,poster,48,0.2072862833554339,0.4032256595754231,3.395868940526619,0.3352999660335952,0.5377049106098724,0.0361017269821054
qwen-3.5-plus,3,5845fb,poster,43,0.4415830255747809,0.4898680468346602,2.154973673054994,0.7287327302334753,0.6678038062995058,0.306774307812878
qwen-3.5-plus,1,587857,mobile,40,0.2082566442905868,0.3419249803408007,3.394941906030994,0.3468853944341227,0.5754743520530292,0.0944275776540015
qwen-3.5-plus,3,587857,mobile,48,0.3537134419551047,0.3475955406144362,4.049916628228335,0.6448161863286455,0.5712359742129987,0.2907398330066003
qwen-3.5-plus,2,587857,mobile,46,0.3250814254542269,0.4571564917931376,1.48363085690198,0.508111494718759,0.7093947115510377,0.2674589070045275
qwen-3.5-plus,1,5887a5,web,50,0.0988297675521502,0.3402979105934703,1.9707322183388625,0.1810554904736892,0.6628268683201275,0.1756840108463565
qwen-3.5-plus,2,5887a5,web,48,0.4291858921284125,0.5300430186802114,0.7763249783994323,0.7452310954321473,0.7479966077628079,0.2100587551135241
qwen-3.5-plus,3,5887a5,web,32,0.4168193407635904,0.498629884680539,1.0491441508734969,0.710144670358783,0.7719803149700389,0.3679672123908289
qwen-3.5-plus,1,58a60d,mobile,43,0.671365359906194,0.570491630414976,0.9939661414285208,1.381241135955351,0.7911837370886964,0.556013720565948
qwen-3.5-plus,2,58a60d,mobile,47,0.6215642508815482,0.5292565094427902,0.9673528009106782,1.2891704243992743,0.7840061814354036,0.520622214185573
qwen-3.5-plus,3,58a60d,mobile,44,0.7187599695763947,0.6074977303108703,0.795813278202276,1.481035157718631,0.8102366094271514,0.5893693155539115
qwen-3.5-plus,1,58b56c,mobile,44,0.32878433624115,0.4293800297089636,1.8976354168204748,0.3231704252985692,0.6154686897288681,0.0671876989665442
qwen-3.5-plus,3,58b56c,mobile,45,0.3225054744421863,0.3832559260558862,2.574810622261635,0.3544731956036438,0.5889891901221945,0.1211557870629714
qwen-3.5-plus,2,58b56c,mobile,45,0.5256907861100892,0.5116184719740697,1.4590300340463456,0.7545559639342347,0.7300078474634034,0.3343544256214703
qwen-3.5-plus,1,58e0a1,desktop,40,0.6950475762562831,0.6502636270311764,0.6356297409844563,1.3087440090320983,0.8278431289932864,0.717769670133615
qwen-3.5-plus,2,58e0a1,desktop,40,0.720361350233192,0.6610467339372506,0.6228886905373542,1.3530711272192728,0.8291268165642377,0.7386575511913019
qwen-3.5-plus,3,58e0a1,desktop,48,0.6894456010304304,0.6575346740972721,0.620767653865407,1.3382948332684848,0.8250790615303798,0.7027412120514396
qwen-3.5-plus,1,591218,mobile,38,0.0290892905981814,0.3573052174727636,1.8352887065727028,0.1075844404467055,0.5640345415491699,-0.1132306797431698
qwen-3.5-plus,2,591218,mobile,47,0.4221698169634205,0.5204695937025473,0.9525865510055384,0.8127509415906682,0.758113856938106,0.112856879393394
qwen-3.5-plus,3,591218,mobile,50,0.4394178715997546,0.5212279763465728,0.7778687130105404,0.827720978567381,0.7643607870072681,0.1396135431360312
qwen-3.5-plus,1,591317,mobile,31,0.1538650009005924,0.320685111568402,3.5522105620887485,0.17776247640022,0.5744262018356345,0.0797238825843737
qwen-3.5-plus,2,591317,mobile,35,0.1407306810702822,0.3289824982946514,3.185529387628216,0.1648674108344776,0.611386233688181,0.162271531192115
qwen-3.5-plus,3,591317,mobile,31,0.3874088286050703,0.4067607981797997,2.62439541308201,0.5635936253027842,0.6876391302310632,0.362251709307667
qwen-3.5-plus,1,592a12,desktop,40,0.6541929886232408,0.6075493842351591,0.5635470068323323,1.1932467839259029,0.7833552735962033,0.6530296457274672
qwen-3.5-plus,2,592a12,desktop,40,0.6983834101340555,0.6266020211524193,0.5845888207050077,1.2811396934760555,0.7947570994648601,0.7005343865345829
qwen-3.5-plus,3,592a12,desktop,36,0.6537908461320554,0.6124316531779737,0.5607479370509517,1.2061600847827512,0.7900013670505497,0.6637239756804301
qwen-3.5-plus,1,592b58,desktop,42,0.5449679995370438,0.5583909088446601,1.2495112000645154,0.9452559371634868,0.7388451647250415,0.5446489569481995
qwen-3.5-plus,2,592b58,desktop,47,0.3165463619290003,0.4587718039667492,1.0519218878563992,0.5659639736457743,0.6522933672666067,0.3246261404173202
qwen-3.5-plus,3,592b58,desktop,49,0.373681558582152,0.4744556532282688,1.0954507689626154,0.6034301333541301,0.6583103425148953,0.3399398018757346
qwen-3.5-plus,2,592d83,desktop,49,0.5124338191524025,0.5759757893068596,0.7704282198041419,0.6455760263549832,0.6769860822039495,0.4724699182533252
qwen-3.5-plus,1,592d83,desktop,40,0.4188793343370913,0.495634044870257,1.084959271564613,0.519161233730126,0.5888915637349867,0.4108510035420549
qwen-3.5-plus,3,592d83,desktop,121,0.1506848530208585,0.3255315609522031,3.1434076442539105,0.2242761896238669,0.5098220805945022,0.1959637274338564
qwen-3.5-plus,1,59354f,mobile,34,0.4060895902180664,0.3688407752863917,3.615744717226591,0.5762146285060098,0.5803544006116675,0.4340749600106119
qwen-3.5-plus,3,59354f,mobile,30,0.4417455201930462,0.4481178336395851,2.4707127440424914,0.8593094719133327,0.6682047627305698,0.4824124913350568
qwen-3.5-plus,2,59354f,mobile,40,0.4210532725108439,0.4474755733400647,2.4317738203622694,0.5890856068879498,0.6470474935554378,0.4090284586592427
qwen-3.5-plus,1,598d81,mobile,45,0.515570965613247,0.506940560803486,0.7451543697567236,0.96326186758702,0.7587599724358238,0.5229701626257747
qwen-3.5-plus,2,598d81,mobile,46,0.4223515254647441,0.4682360426555686,0.9760074854197572,0.7932047880734526,0.6997348125134067,0.4288369886477382
qwen-3.5-plus,3,598d81,mobile,72,0.0861851289485037,0.3838473495819391,1.1354244443837986,0.111231434191926,0.5785198588396603,0.0668206570517571
qwen-3.5-plus,1,599a18,mobile,46,0.1514164371477425,0.3586348364599703,2.904581669263788,0.1457862921828846,0.5432863834670809,0.0530951760634742
qwen-3.5-plus,2,599a18,mobile,30,0.0712734366314188,0.3415462802843431,2.6780013843351753,-0.010974159159931,0.5323129475625719,-0.0209298636647021
qwen-3.5-plus,3,599a18,mobile,45,0.1129531203504597,0.3830431727268447,2.2575148786217554,0.1104320316049393,0.5666245894609598,0.0607319043867315
qwen-3.5-plus,2,59b238,mobile,40,0.2398553187569163,0.3674152203136565,2.446787403752752,0.4409810635435514,0.6779898606462513,0.2375158209171384
qwen-3.5-plus,1,59b238,mobile,30,0.1324591657614836,0.314451361722763,2.399791193115901,0.3056602851741184,0.6881473362495326,0.1280602653368122
qwen-3.5-plus,3,59b238,mobile,50,0.1852572161978668,0.3743581353116316,2.1961112153532647,0.3457254561812883,0.6596111432817929,0.1829933790956947
qwen-3.5-plus,2,59cb6e,web,46,0.0781843849202233,0.3819375345137517,1.909069503205668,0.0827991079614144,0.5476707290021615,0.1053738461476075
qwen-3.5-plus,3,59cb6e,web,40,0.3675561875175025,0.4842213596003757,1.5248729102163927,0.5261254951547003,0.6455003405552304,0.2719848134212479
qwen-3.5-plus,1,59cb6e,web,40,0.1564517076723656,0.4254189402438523,1.5502840249442515,0.2436161426286376,0.5722081776588801,0.1038559107388444
qwen-3.5-plus,3,5a19e3,web,42,0.1216615361366346,0.4025256353584165,2.479160921531737,0.1725922886375576,0.5800538123139893,0.0534496831237881
qwen-3.5-plus,1,5a19e3,web,43,0.0976699148912861,0.404858961996803,2.2272406373484683,0.128186256697185,0.5725128637566368,0.0250161226738184
qwen-3.5-plus,2,5a19e3,web,45,0.1151406250531504,0.4157863355295355,2.1793393594893757,0.1842703271341482,0.571857907719405,0.0627456497926761
qwen-3.5-plus,1,5a5935,web,44,0.1531865710869726,0.3929900520074411,2.1708359640218458,0.2305931255989594,0.5532859810335509,0.1488731589854531
qwen-3.5-plus,3,5a5935,web,38,0.1045073366267241,0.3879311258858298,1.7674682373116886,0.1690206915340027,0.5497075163061031,0.1064558069732061
qwen-3.5-plus,2,5a5935,web,45,0.1557851106592862,0.3879144671053718,2.2247273611082963,0.1932458576020621,0.5466299734209645,0.151652143043772
qwen-3.5-plus,3,586b04,desktop,48,0.0397494339314244,0.1489161550050134,5.317211871300598,-0.0064824505798751,0.3410669604569782,0.0216242753010083
qwen-3.5-plus,1,5a64a8,web,40,0.4384667550941564,0.4524250935197539,1.3939047869763412,0.9013284288558426,0.6961982413752524,0.3667102452781853
qwen-3.5-plus,2,5a64a8,web,48,0.3080896981170868,0.3896080734877121,2.189127379337457,0.6728060421629922,0.675574482094702,0.2607140991078941
qwen-3.5-plus,3,5a64a8,web,45,0.3568255435167437,0.4326644284885353,1.536108576385375,0.7694108952401012,0.6981887496234118,0.3254851336874465
qwen-3.5-plus,1,5a6a69,desktop,48,0.3626298937486358,0.5080345945478382,1.3313794086474164,0.63762867035401,0.6875053502830664,0.2847316057129322
qwen-3.5-plus,2,5a6a69,desktop,49,0.4582348195306847,0.532709435643851,1.2063340671184872,0.790476585026365,0.7213621744397367,0.3545976877630077
qwen-3.5-plus,3,5a6a69,desktop,45,0.2945087558882456,0.4692735890591835,1.7270330385529662,0.541102910856446,0.671344674066008,0.2322586401275549
qwen-3.5-plus,1,5a6efa,web,45,0.1107431762658674,0.3887671428922063,1.535966358753797,0.227304398957865,0.5801787432576613,0.0798379788058023
qwen-3.5-plus,2,5a6efa,web,46,0.2109276623604157,0.4077806037090593,1.7099597781821283,0.4187094779911405,0.6347219090132198,0.2458088553363421
qwen-3.5-plus,3,5a6efa,web,40,0.3158822833593402,0.4702730049771049,1.032857231469836,0.519042277665941,0.665936579390421,0.1754781997807303
qwen-3.5-plus,1,586b04,desktop,51,-0.0048665727150211,0.14515300075938,5.5093558941885235,-0.0174480612909925,0.2980102676393352,0.0027954511817037
qwen-3.5-plus,2,586b04,desktop,40,0.0868804286632356,0.1552002119212523,5.354805422500769,0.2047282298047049,0.3417939863255758,0.0890199763132766
qwen-3.5-plus,1,5aa40c,desktop,51,0.1151907336530526,0.3617117102526918,2.055793333041756,0.148699866344156,0.5507621159485935,0.1436422846978043
qwen-3.5-plus,1,5a97ec,web,50,-0.1082099036635063,0.2497103378232311,4.452213750214641,-0.165284558132284,0.4667638565085629,-0.1398054223412376
qwen-3.5-plus,2,5a97ec,web,54,-0.1418417881353386,0.2965059906721629,4.274661321162485,-0.156816532813194,0.4186091442666855,-0.2960503713893528
qwen-3.5-plus,3,5a97ec,web,43,-0.0501116903109426,0.2571674474949141,3.656141277405649,-0.0645976230385328,0.4853207819202668,-0.0470368915516764
qwen-3.5-plus,2,5aa40c,desktop,48,0.0914893271170027,0.3157563343914327,2.606089672982121,0.1659280953633102,0.5955706173943033,0.1316340451873031
qwen-3.5-plus,3,5aa40c,desktop,49,0.2043504868251555,0.4174774474057041,1.2435009217010746,0.3245172215202357,0.6313203173022892,0.2452253472538718
qwen-3.5-plus,1,5ac518,web,40,0.4482823913199223,0.4357583253746475,1.489772687380793,0.8105020680723439,0.7082784582114681,0.4645163600230089
qwen-3.5-plus,2,5ac518,web,41,0.3665634245917493,0.4082946415128725,1.565039825865248,0.7108460479760296,0.6984350475241101,0.3757494771232501
qwen-3.5-plus,3,5ac518,web,40,0.3481754771263387,0.3875833888701725,1.577715024336542,0.6591012937766735,0.6934155103588913,0.3630806181540564
qwen-3.5-plus,1,5ad367,poster,38,0.1677793539485216,0.4384680269620362,1.9613162529906123,0.2495891930056359,0.571608145702021,0.2050984571187795
qwen-3.5-plus,3,5ad367,poster,40,0.1575800046808314,0.4073748035576624,2.2395493136749276,0.2761330682640616,0.5754562270723422,0.1144911524907106
qwen-3.5-plus,2,5ad367,poster,37,0.1694647361931357,0.4286789072197441,2.00768001423294,0.2568461234271728,0.5867274098810756,0.1559506571159348
qwen-3.5-plus,2,5b04c4,web,50,0.5180408496638004,0.5954982131805698,0.5579858605642184,0.8271724853421819,0.7367808991046108,0.3627448995410012
qwen-3.5-plus,1,5b04c4,web,40,0.341727497548761,0.5160397745560767,0.9702878517775838,0.6180275580064133,0.6907015737453358,0.2979346479541008
qwen-3.5-plus,2,5ae7ba,poster,49,0.5120291927647016,0.5461231924178143,1.5936956398893585,0.9543250460603224,0.7631824325015525,0.4303208261135634
qwen-3.5-plus,3,5ae7ba,poster,40,0.5596127927845085,0.5799293883948278,1.2038763080714787,0.9541401976469348,0.7733852630962159,0.5018069139003877
qwen-3.5-plus,1,5ae7ba,poster,50,0.031982417930187,0.2553582934981894,4.3091192898194794,0.0355276337176949,0.4994898776183436,-0.0169371083212938
qwen-3.5-plus,3,5b04c4,web,50,0.4582229571686034,0.5737544979033671,0.6314806206080515,0.7115775345859656,0.7233782904745185,0.3709871713674617
qwen-3.5-plus,2,5b0cba,poster,30,0.0417595938038062,0.3024286826106791,3.2493930486154334,0.1094223703736398,0.5677513167232233,0.0711109211753563
qwen-3.5-plus,1,5b0cba,poster,50,0.1337986425621441,0.4110753371508208,2.1650009873187877,0.1781947026076749,0.5910831772191039,0.0202851312851256
qwen-3.5-plus,2,5b51c9,mobile,40,0.2732460958910438,0.3485079944304473,2.3321745673310126,0.6290143010035509,0.6584710417897597,0.1644071618047272
qwen-3.5-plus,3,5b0cba,poster,48,0.1425959932224715,0.4044919641620705,2.296489520305378,0.1932643963197863,0.5665540975744783,0.0380504045774082
qwen-3.5-plus,1,575851,poster,38,-0.0044795808522877,0.0848511884986239,6.041180493155636,-0.0447765991489972,0.1692597417103285,-0.0416367424337343
qwen-3.5-plus,3,5b51c9,mobile,30,0.0945317967589526,0.3000984636446725,3.282675220692051,0.1325164241892995,0.5944241668691921,-0.0083880709177487
qwen-3.5-plus,1,5b51c9,mobile,40,0.2711053802016152,0.3355811053621474,2.6023621170810056,0.6115268791340439,0.6855157391473012,0.1453009100078279
qwen-3.5-plus,1,5b5a0c,desktop,38,0.3635592642931147,0.4829305102724771,1.160363098068781,0.6212461135214057,0.6317495725495752,0.2955457084578127
qwen-3.5-plus,2,5b5a0c,desktop,47,0.2738068853970236,0.5282605533791059,0.9269467343818067,0.3235202612338106,0.6030303982008338,0.2413106816437092
qwen-3.5-plus,3,5b5a0c,desktop,48,0.2977386849373848,0.522168155885225,0.839664533550523,0.4141440516859854,0.6255173107824544,0.2290898960008506
qwen-3.5-plus,1,5baa74,web,47,0.3471612709429049,0.4651534458446208,1.0604103833457452,0.6253485616939577,0.6694487382977605,0.2247234123387406
qwen-3.5-plus,2,5baa74,web,48,0.3124349907789187,0.4667669959458729,1.0312239394989229,0.5729149248182751,0.6666751757035693,0.1891633305181523
qwen-3.5-plus,3,5baa74,web,46,0.3554773345728498,0.4674034177481055,0.9815779481947742,0.6514510662193737,0.6882284035218533,0.2369418920526859
qwen-3.5-plus,2,575851,poster,50,0.0572820777533846,0.1350410934469749,5.461611110161562,0.0305964346512996,0.2852213526146883,-0.0007960436283663
qwen-3.5-plus,3,575851,poster,48,0.0145818577782312,0.1135286348142579,5.711539855041936,0.130170169962076,0.2766526239442323,-0.0084476609507428
qwen-3.5-plus,3,5b5e85,mobile,49,0.4536514121804901,0.5066354663289319,1.505930977034669,0.6509355420536167,0.6697527326477537,0.292135783241736
qwen-3.5-plus,1,5b9261,mobile,40,0.4087400456058928,0.4754342535582262,1.275906425638821,0.7484017261050742,0.7276964152699713,0.2880005117306095
qwen-3.5-plus,2,5b5e85,mobile,51,0.2892045656195624,0.4238902444462368,2.4349239724018186,0.3608201582191145,0.6239789049567851,0.1480443626940779
qwen-3.5-plus,1,5b5e85,mobile,40,0.2052600242509973,0.3880954007210696,2.1484065438743327,0.2840124703746742,0.6315551770161183,0.0827312145941782
qwen-3.5-plus,2,5b9261,mobile,49,0.4181836502814193,0.4753789937926103,1.1903355077268372,0.7600222956277641,0.7148788837923686,0.3283490506405592
qwen-3.5-plus,1,5badb5,web,48,0.0086333606144763,0.4565819561583932,1.5058014365591097,0.0186837864696618,0.5135067852239298,-0.0137409372509322
qwen-3.5-plus,3,5b9261,mobile,40,0.4432664370672236,0.4933036504882847,1.1564479887789978,0.7734752045768892,0.7330748292525266,0.360084807444028
qwen-3.5-plus,3,5badb5,web,49,0.0795994968744218,0.4793756580498217,1.074016198622357,0.1247276521116539,0.5428391459961415,0.0674733885086129
qwen-3.5-plus,2,5badb5,web,45,0.2237512153252742,0.4569487070446802,1.7539164142694217,0.2577789903361377,0.5776368816236425,0.188409559126392
qwen-3.5-plus,1,5bcc14,mobile,49,0.2725471302647276,0.4491354179903469,1.607491035961464,0.3561659799320317,0.6816372674988115,0.2259761089399253
qwen-3.5-plus,1,5be5fa,web,33,0.0926386213430811,0.2113783330902571,2.9782178236784076,0.286894187829229,0.6850959087237436,0.0888539684772458
qwen-3.5-plus,2,5be5fa,web,51,0.3264782229980701,0.3579590540814999,2.280885199380274,0.9664284986906336,0.7780149007074101,0.3047427015747093
qwen-3.5-plus,2,5bcc14,mobile,49,0.4993725552261548,0.5490063161731553,0.9012184369866996,0.829501296007442,0.7651797506658665,0.4439743770746852
qwen-3.5-plus,3,5bcc14,mobile,46,0.3042073254809319,0.4691035940261867,1.284884933203388,0.4353664856427358,0.7070226772107884,0.2632906459134299
qwen-3.5-plus,3,5be5fa,web,53,0.2736915671397514,0.3115391536222254,1.796211312512824,0.6131628924581604,0.6947355791415055,0.2690271193116094
qwen-3.5-plus,1,5bdff0,mobile,31,0.2738894840566467,0.3649313816869605,1.6930840925665016,1.008101786728814,0.7582373498092139,0.2213017975538845
qwen-3.5-plus,2,5bdff0,mobile,48,0.0143971894652003,0.2488370427472804,4.80239365297226,0.0669044503332239,0.5154619619468966,-0.1837033667729712
qwen-3.5-plus,1,5c0bcf,desktop,46,-0.4005533082694554,0.4225465594416359,1.193584524920725,-0.4717645238456246,0.3554170450779681,-0.1983598680736432
qwen-3.5-plus,2,5bf483,poster,40,0.3260389408216555,0.4527043853452431,1.0659685704098123,0.6008985074588242,0.6762048884657189,0.1557541348124076
qwen-3.5-plus,1,5bf483,poster,40,0.0940886200152405,0.3873215790195679,1.5888742899385055,0.1574918132950223,0.5557268503602786,-0.1259385382058147
qwen-3.5-plus,2,5c0bcf,desktop,38,-0.3793620105041153,0.4441919085102704,1.056025446664694,-0.42288068577845,0.3617961464410744,-0.1701625850258667
qwen-3.5-plus,3,5bf483,poster,50,0.2512314576181373,0.4584186942535825,1.3286692731501433,0.4843834353582795,0.668999674918141,0.0267795936967008
qwen-3.5-plus,3,5c0bcf,desktop,38,0.1203804286831593,0.5354002161681799,0.8031269370892247,0.171017715614734,0.5302190770440591,0.0908254123279268
qwen-3.5-plus,3,5bdff0,mobile,29,0.4884066277169758,0.4910266083866557,1.266912280219466,1.2099433485152382,0.8080678059005314,0.4368642779086149
qwen-3.5-plus,3,5c5b71,web,40,0.4544803616514246,0.523890873621252,0.8027152006759474,0.7464501172807593,0.7195772322205302,0.4399770896638247
qwen-3.5-plus,2,5c5b71,web,36,0.4329000540840304,0.5139308916457399,0.8478953374038845,0.7195073770083923,0.7184828440552639,0.4171864521458084
qwen-3.5-plus,1,5c5b71,web,45,0.463029727800563,0.5254611010466577,0.8075462643123291,0.8030900491139353,0.7223813927154777,0.4492708472039387
qwen-3.5-plus,1,5c88b8,web,39,0.2811030030947581,0.4253663213631705,1.4296111540651362,0.5119637709327037,0.6854395397200406,0.2248161038368372
qwen-3.5-plus,2,5bfe3d,poster,59,0.0771723397794521,0.380495963144789,2.672762500047528,0.0873657254699371,0.5220915328188697,-0.0880470738057328
qwen-3.5-plus,2,5c88b8,web,48,0.269485351198108,0.4276687055680224,1.279142786377875,0.4849277376564798,0.6903165229492643,0.2241139300279463
qwen-3.5-plus,1,5bfe3d,poster,40,0.0906852699808206,0.3748231938067465,2.7979537168369557,0.0405183478370981,0.4972910119033885,-0.1224759170110938
qwen-3.5-plus,3,5c88b8,web,49,0.236469621102963,0.3697355250938635,1.6413492369999336,0.4192169962790559,0.6524312037161508,0.217563515686185
qwen-3.5-plus,3,5bfe3d,poster,42,0.1143399449929698,0.3671151972406519,2.921355104425032,0.1670929441864659,0.5013527421249612,-0.0236211230766675
qwen-3.5-plus,2,5cadcf,mobile,35,0.4404179947393645,0.4816828836435449,1.987832069471422,0.5644170188419545,0.6435149664154594,0.400880248118239
qwen-3.5-plus,3,5cadcf,mobile,41,0.4776253879816917,0.4727002243658635,2.1774664681414304,0.5795255336793173,0.6527278150886845,0.440918444778165
qwen-3.5-plus,1,5cadcf,mobile,30,0.2224500049219721,0.3871108195064528,2.357061064136639,0.3012308274353716,0.6265704859848061,0.1812405531784441
qwen-3.5-plus,1,5d47cf,mobile,30,0.1691450679589868,0.3895308890999652,2.305767261800224,0.2583762125884184,0.5670011495673554,0.1270396018554418
qwen-3.5-plus,2,5d47cf,mobile,39,0.3183619299782013,0.4700560255661494,1.779494361759456,0.4396110178237359,0.6079889083860428,0.2519775098333159
qwen-3.5-plus,3,5d47cf,mobile,42,0.1375530872845206,0.4308973568455004,1.9722798040114695,0.1246937133918133,0.5464877496031642,0.0992716284365113
qwen-3.5-plus,2,5cfc08,poster,48,0.4646494204174649,0.4844392158684832,1.9409728172223797,0.8578252212754469,0.754355690761181,0.4259708551394643
qwen-3.5-plus,1,5cfc08,poster,49,0.4239711433878774,0.4552492565438673,2.0122511329799764,0.7377815145647574,0.7376620806869149,0.3920556847003009
qwen-3.5-plus,2,5d4c5e,desktop,49,0.1215555108598369,0.3892253379682932,2.1498089633306883,0.2105534883503869,0.5813432404174703,-0.0041691547191526
qwen-3.5-plus,1,5d4c5e,desktop,50,0.3658541678408321,0.4843559344086982,1.7790381593717193,0.7163472880253322,0.6953659793406842,0.2627717786793645
qwen-3.5-plus,3,5d4c5e,desktop,48,0.0394307398436156,0.3672558398839233,2.1214399020614336,0.0061662973770691,0.491588987367106,-0.1217465145559048
qwen-3.5-plus,3,5cfc08,poster,50,0.1004525521610103,0.2593368357630634,5.5067871252049025,0.2427680248700053,0.4583751314266947,0.0254708085654139
qwen-3.5-plus,1,5d66d2,poster,40,0.4172036985014518,0.4604033962654714,1.454813044807084,0.7820366443317187,0.7466595144273638,0.3872746965839138
qwen-3.5-plus,2,5d66d2,poster,49,0.3683617188867288,0.4122575399451507,1.73316217165554,0.6817231495404739,0.700736686246903,0.3440407704541501
qwen-3.5-plus,3,5d66d2,poster,50,0.4359564677205046,0.459680630436555,1.5657329193957787,0.8326324144268132,0.7089206461399945,0.4084404539492159
qwen-3.5-plus,1,5d7115,web,38,0.0073457032509603,0.3079455209511227,2.6149697599554824,0.0149473791055277,0.5189179906315057,-0.0144706468650111
qwen-3.5-plus,1,5db7bc,poster,49,0.4595097762090687,0.5076220756945499,0.8802830184040435,0.7459601788808164,0.7054152762546559,0.4457149904347244
qwen-3.5-plus,3,5db7bc,poster,35,0.2640352376969755,0.4365500034353203,1.1724823241636328,0.4385549420744204,0.6392551891685302,0.2882829033215837
qwen-3.5-plus,2,5db7bc,poster,45,0.4585104737191033,0.5239455580859942,0.9451764868417928,0.8015980901267082,0.6996986292161468,0.4365440972675604
qwen-3.5-plus,2,5d7115,web,72,0.1104001298152502,0.3708574964163819,1.879919126425815,0.2440396087921939,0.5931802202738037,-0.0424594604265982
qwen-3.5-plus,3,5d7115,web,50,0.1682105000579758,0.3856189523466073,1.615517529616462,0.2043843769856508,0.627710969982516,-0.0293393094173363
qwen-3.5-plus,2,5dbe49,desktop,40,0.5208318627348866,0.5401319039593442,0.67010996746523,0.9289201378370616,0.7432058508328189,0.4991717913336499
qwen-3.5-plus,1,5dd542,poster,50,0.3528568463623391,0.5477188797479061,0.8468131877944436,0.6573033125821941,0.6810812428937547,0.2473756200637084
qwen-3.5-plus,3,5dd542,poster,53,0.1401967331613807,0.2672355812991165,5.851600653356731,0.2476098984882161,0.4881291262969389,-0.032364339622274
qwen-3.5-plus,1,5dbe49,desktop,50,0.4454157193511557,0.5074689026509056,0.9148995961298206,0.8070707924205769,0.7365943245179407,0.4699327622433233
qwen-3.5-plus,2,5dd542,poster,43,0.343466739845935,0.5546680513643379,0.8722073089042545,0.6215360418048668,0.6760133786957374,0.1870363149250428
qwen-3.5-plus,3,5dbe49,desktop,53,0.2647379943231028,0.4596328253377048,0.9712639168846028,0.5165432188002379,0.6608744815680089,0.2990415407655098
qwen-3.5-plus,2,5e22c9,poster,47,0.6336604321397354,0.5387309023773446,0.6759349628391653,1.1762804597656076,0.8141515118373304,0.6010840519896335
qwen-3.5-plus,1,5e22c9,poster,48,0.6198281463649136,0.5302580275492191,0.7011532013444708,1.165654249246357,0.8081990749710655,0.5844380207276016
qwen-3.5-plus,3,5e22c9,poster,50,0.609883281500426,0.5261577469164429,0.69111132519405,1.1501240651083358,0.8081365262145437,0.5741817470549148
qwen-3.5-plus,2,5e0dee,web,45,0.0776705152500097,0.357538389084543,1.8019425908538496,0.1991300407885454,0.5960038973024405,0.208330587656289
qwen-3.5-plus,1,5e0dee,web,53,0.2627409642963431,0.4304633023518509,1.486829344819227,0.5137813954297928,0.6496382494969702,0.3377763929972598
qwen-3.5-plus,3,5e0dee,web,51,0.1366596378485344,0.3589511773684778,2.215230363133859,0.2872106784614725,0.6263053871367388,0.2193536983729679
qwen-3.5-plus,1,5d7024,poster,49,0.2136519276638998,0.3523381411893976,3.2849298204224096,0.3555884685287876,0.6082443580175974,0.0453285909360795
qwen-3.5-plus,2,5d7024,poster,40,0.3524499643286554,0.4554784377464894,2.3962058959200543,0.6288774224133807,0.7147655673297595,0.2069201798698368
qwen-3.5-plus,3,5d7024,poster,40,0.3689320261867311,0.4467258079865809,1.939179630440677,0.6665244786093448,0.7425507236329625,0.2794244799685548
qwen-3.5-plus,3,5e2ff9,mobile,35,0.4460568646359666,0.4524398479866984,2.042409551996416,1.1498104345241542,0.7216899470314191,0.4710089583784824
qwen-3.5-plus,1,5eb5e5,desktop,38,0.6871596965789475,0.5452071727531902,0.685435894520409,1.710083283101352,0.8682275745596743,0.603321790923633
qwen-3.5-plus,2,5e2ff9,mobile,30,0.4629623373544839,0.4366469509599182,1.7243025942184802,1.1744420944302043,0.75261827137959,0.4137857296475357
qwen-3.5-plus,2,5eb5e5,desktop,40,0.4000088787605779,0.3662273246372154,1.2879165309540035,0.9609586894611638,0.7109520317255331,0.3113111060464847
qwen-3.5-plus,3,5eb5e5,desktop,40,0.5420878322605992,0.408823267134104,1.1812657856555773,1.3897450322297435,0.781777610898425,0.4790544805927359
qwen-3.5-plus,1,5e2ff9,mobile,40,0.6585662441178312,0.5361233397055908,1.5478798855768705,1.775344567741299,0.7936178330972942,0.6349137132689593
qwen-3.5-plus,2,5ee443,poster,43,0.3515850760100031,0.6148561555974302,0.5288207372304491,0.3513994336320035,0.6167298427201184,0.2873785075333313
qwen-3.5-plus,1,5ee443,poster,45,0.3117339370863244,0.6254818059081648,0.5085263298841232,0.3447777034874205,0.6053078654951203,0.1272525499637705
qwen-3.5-plus,3,5ee443,poster,47,0.3460703900298185,0.618086225065075,0.5797247103894682,0.3252878043401891,0.5918011908028457,0.21950650106049
qwen-3.5-plus,3,5ea384,poster,40,0.4653248234036861,0.4922371593120653,1.5289896178557456,1.127662225399384,0.7783368365427557,0.4556772774402545
qwen-3.5-plus,1,5ea384,poster,36,0.4721505188402362,0.467586881130615,1.698970761452181,1.0141574871246652,0.7735738424020793,0.4752689327385289
qwen-3.5-plus,2,5ea384,poster,40,0.2362583069370203,0.3647095895649455,2.291316256413706,0.630770606273039,0.7056216768593266,0.230101129555876
qwen-3.5-plus,2,5efd27,mobile,36,0.1139104860710963,0.3802038383406027,2.2410500936891653,0.2010732896329141,0.6162114356440397,0.0050925295417114
qwen-3.5-plus,3,5f1d69,web,51,0.2375233336269761,0.4453972443787535,1.3412928853110495,0.3893712559626056,0.6570072620525859,0.0874065124368346
qwen-3.5-plus,1,5efd27,mobile,35,0.0972318902852065,0.3841587658729012,2.2925875908846436,0.1935491662252091,0.620980833078748,-0.029237285627676
qwen-3.5-plus,1,5f1d69,web,46,0.1406716318537943,0.3982758499281747,2.0869920240713533,0.2798687082482469,0.5848956734370039,0.052111625373878
qwen-3.5-plus,2,5f1d69,web,45,0.1713387272515408,0.4021248829659314,2.028259584194911,0.315727732995513,0.610714621220769,0.0960078652913076
qwen-3.5-plus,3,5efd27,mobile,36,0.1518391840815428,0.4043208078289863,2.0582469102633807,0.2940327501304599,0.6355447949258836,0.0439041333621685
qwen-3.5-plus,2,5f07a6,mobile,41,0.0509440243425456,0.3890134190605938,2.216378237765977,-0.0402521486770164,0.5074672389629346,-0.0449716114559353
qwen-3.5-plus,1,5f07a6,mobile,40,0.1297546154565318,0.4117592320496358,2.2920286038988853,0.0917909474150098,0.5398288675265122,-0.0038939175183498
qwen-3.5-plus,3,5f07a6,mobile,44,0.0614209290262548,0.3952961236933503,2.3426082278805715,-0.0297944049871827,0.498072899958752,-0.0445317197127408
qwen-3.5-plus,1,5fb771,web,49,0.277136763499364,0.4660859446598775,1.453683088150183,0.4937812786970003,0.6537464072954314,0.1826643518716062
qwen-3.5-plus,3,5fb771,web,30,0.2984864592346432,0.426794255941806,1.7888126001460865,0.3710028097050213,0.6352407192521075,0.202603639293957
qwen-3.5-plus,2,5fb771,web,49,0.2978793402872869,0.4760729979852461,1.1516162642133303,0.5302865892602404,0.6590386223760769,0.1812839760160242
qwen-3.5-plus,1,5fc8c2,desktop,45,0.5299280037552294,0.5562946842371249,0.8818997510762591,1.0027402107636427,0.7898145733522621,0.5432093656167938
qwen-3.5-plus,2,5fc8c2,desktop,39,0.5513390745005388,0.5203948463940413,0.8815156533015263,1.0516364388017845,0.7745615296957674,0.4455448131386524
qwen-3.5-plus,3,5fc8c2,desktop,30,0.5583372666818606,0.5807128326969153,0.7730206412831406,1.0645967532880296,0.80120899519083,0.5604943815998503
qwen-3.5-plus,1,5f4902,poster,49,0.4999319309027419,0.5155984326871355,1.563219712306218,1.0119462279238471,0.7750688106852622,0.3536826762958506
qwen-3.5-plus,3,5f4902,poster,49,0.3634328188701978,0.4501929835901583,1.8603135194643337,0.6454576022352091,0.7199493232350997,0.2332904316272897
qwen-3.5-plus,2,5f4902,poster,49,0.3965834259301944,0.4022553664302069,2.7841542999320925,0.7548595997285165,0.6657048656121951,0.285941376165777
qwen-3.5-plus,1,5fcb22,poster,40,0.101218332883083,0.4041733007584598,1.8597587347544715,0.253793758690901,0.5696090823194416,0.0351129393247445
qwen-3.5-plus,1,5f562b,poster,33,0.040489622558465,0.2917207169342727,3.830456239793072,0.0451978987313733,0.4532756878635684,-0.0020044258754051
qwen-3.5-plus,1,5fd00b,desktop,49,0.4105640442163595,0.4893894732920423,0.809261644789133,0.7740309627451056,0.7509014876802056,0.317134078091882
qwen-3.5-plus,2,5fd00b,desktop,47,0.2886561811089743,0.4444322950228151,1.965259731756484,0.6166170767531141,0.6726139987787727,0.2588883466846485
qwen-3.5-plus,3,5f562b,poster,40,0.0809042001017169,0.3260013177151326,3.468938283264583,0.1435885865596073,0.5129517746383417,0.0472951109683084
qwen-3.5-plus,2,5fcb22,poster,47,-0.0621716830798393,0.3662882993918622,2.9586561537009257,-0.1036570485444975,0.467421744530104,-0.0901015716572521
qwen-3.5-plus,3,5fd00b,desktop,35,0.1746040465415999,0.3897660738520042,1.2591133096809366,0.3221864168568857,0.6560703288025371,0.1517925071490972
qwen-3.5-plus,3,5fcb22,poster,40,-0.0160297050788479,0.3446885568821108,2.3731522084239565,0.0328799776480212,0.535686432792579,-0.0485270126449579
qwen-3.5-plus,2,5f562b,poster,51,0.0320099327117363,0.3649728825203328,2.6652717558756573,0.0731321350363821,0.5113931951825854,-0.0264759641066104
qwen-3.5-plus,1,5fe2ce,web,39,-0.0142590700961195,0.3743189456814604,1.9601513558979629,-0.0167627435970426,0.4982913677633018,-0.0681905741258952
qwen-3.5-plus,2,60593d,web,28,0.0998227075436718,0.3720784598014878,1.8438427177630403,0.1821254128589238,0.6140138860382099,0.1257703747103337
qwen-3.5-plus,2,5fe2ce,web,46,0.1520795009792505,0.4477337810120191,1.4152194350544425,0.2837892783388132,0.6072324622686067,0.0768000999534945
qwen-3.5-plus,3,5fe2ce,web,43,-0.0681738955351871,0.3648264687663645,1.7309425074627436,-0.0804734853347659,0.4845515403320845,-0.0233436724264404
qwen-3.5-plus,1,60593d,web,49,0.2255161060963975,0.436345159274748,1.0700168362611506,0.3934899974816024,0.6307285694626585,0.1193059425527085
qwen-3.5-plus,3,60593d,web,40,0.2200379861662748,0.4035943529403765,1.235931546681326,0.354740611772197,0.6354597453234871,0.148539684640088
qwen-3.5-plus,1,6047d3,web,40,0.3662365447185502,0.5082369096774917,1.0280818128417055,0.8387142740976631,0.7308215756711093,0.3521058136958932
qwen-3.5-plus,2,6047d3,web,40,0.3559491294840694,0.4854105657155613,1.3283666045746323,0.7979239046708312,0.7217803061567302,0.3702562987434118
qwen-3.5-plus,3,6047d3,web,40,0.3052530987854486,0.4574325401293894,1.3660542430302032,0.7229615846392066,0.7180388151189173,0.3413245372922246
qwen-3.5-plus,1,60ab80,web,50,0.6675961223448147,0.6203649218576154,0.5129895717772608,1.221468508709508,0.8122005480739252,0.535622160070365
qwen-3.5-plus,1,609262,web,40,0.4270316562853503,0.5250808230300373,0.8609125143544558,0.6842695859065026,0.7373387092085328,0.2543737120647349
qwen-3.5-plus,3,609262,web,40,0.3492154790771438,0.4887770813795712,1.200728400341085,0.4962512567281698,0.6783279886195406,0.2098884818448729
qwen-3.5-plus,2,609262,web,31,0.3780624655730913,0.4793689973672989,1.404600061775123,0.5635361038686247,0.7058067674756076,0.2730813726766694
qwen-3.5-plus,2,60ab80,web,57,0.5009423451700885,0.5293445014512326,0.6957242032110462,0.8613972217425159,0.7538164698684702,0.2946358638617638
qwen-3.5-plus,3,60ab80,web,46,0.4455084087710298,0.5301622149982831,0.7058738106392478,0.7787756026673965,0.7615132444426015,0.2514100584366991
qwen-3.5-plus,1,605f70,mobile,45,0.1673363474158491,0.4067270372095365,1.574998119599214,0.2453892317299456,0.6082025335238344,0.1645922396208134
qwen-3.5-plus,1,60caa9,web,40,0.3992310529271926,0.4670575583009385,0.9803711236251887,0.6854558345381139,0.704639774747854,0.3573432938911241
qwen-3.5-plus,2,60caa9,web,42,0.5107922467620309,0.4943721262324699,0.8852097497347744,0.8582785274209529,0.7209026708975267,0.5064174447143079
qwen-3.5-plus,3,605f70,mobile,47,0.1520819460095936,0.4205863578244353,1.5983103428569645,0.3323970771714837,0.6137102966905024,0.1486829381250857
qwen-3.5-plus,3,60caa9,web,35,0.4392427424671826,0.476311338056477,1.0254719521525313,0.7520998582767123,0.7163246693535069,0.423170129376807
qwen-3.5-plus,2,605f70,mobile,44,0.2128677265481752,0.4046727916158453,1.9256437719586448,0.3365541362282166,0.6317265242639896,0.2133680009642658
qwen-3.5-plus,3,60b012,mobile,48,0.6041215176744894,0.587200128952166,1.0665726289079236,1.0752847073015022,0.7641211383794676,0.5487420688348362
qwen-3.5-plus,1,60fd02,poster,33,0.1093581414953734,0.3655273611487683,3.411893966864409,0.1668440133361965,0.5274283861416796,0.0486020644455403
qwen-3.5-plus,2,60b012,mobile,48,0.5616211546110927,0.5080972036928608,2.056562155440803,1.0148616306638616,0.7500882569518426,0.5244236419387588
qwen-3.5-plus,1,60b012,mobile,41,0.4637895097781269,0.4921042454444843,1.6625608666162746,0.7097090643575639,0.699798288881223,0.4339706897090091
qwen-3.5-plus,3,60fd02,poster,41,0.2417220992805149,0.4344810967631922,3.267875306725721,0.3533896371060069,0.5655782106314532,-0.0767029340645569
qwen-3.5-plus,2,60fd02,poster,40,0.1185179228134988,0.4050901958966185,3.1195684710423035,0.1553740704635302,0.5305555257634215,-0.0116936116000367
qwen-3.5-plus,3,61707e,web,38,0.0206296631572299,0.3786877949357694,1.6725366236069563,0.1353409553908378,0.5512634018526996,0.038085323645788
qwen-3.5-plus,1,61707e,web,42,0.0956552442846611,0.4280536043158073,1.4417772650490042,0.3006399729516462,0.5810099559619563,0.0925538247390343
qwen-3.5-plus,1,6177fb,desktop,45,0.575408591279434,0.6183590045807439,0.6201952374691774,0.8062707808714078,0.7365040359403027,0.5614330417310104
qwen-3.5-plus,2,61707e,web,50,0.1210326165139401,0.4555966848721066,2.0201823253218034,0.2798561550059026,0.5851945048402794,-0.0480175724425401
qwen-3.5-plus,1,614eae,mobile,30,0.0912229693891375,0.3172136676478107,3.5777761751975703,0.1508370453424836,0.5428046870976253,0.1232173429022128
qwen-3.5-plus,2,6177fb,desktop,45,0.4247865486808898,0.5669245917195633,0.6478865109384508,0.6009655404442642,0.7196609008562438,0.3915266527530694
qwen-3.5-plus,2,614eae,mobile,31,0.1723603278141997,0.3730357250593539,2.6102536917434493,0.286962685193608,0.5946813355892853,0.1637759808462845
qwen-3.5-plus,3,6177fb,desktop,72,0.0181590519196545,0.4385806687242243,1.465362769023408,0.0366890416139385,0.53272751402619,-0.1120419540808159
qwen-3.5-plus,3,614eae,mobile,48,0.203138460450862,0.3887257896413838,2.6640709827034694,0.491102306524704,0.573564007935654,0.1582345833622785
qwen-3.5-plus,2,6193f8,web,48,0.0188108684336797,0.4098590709401094,1.8391781665539817,0.0583972152445743,0.5456297130232279,-0.0444366151892779
qwen-3.5-plus,1,6193f8,web,61,0.0423090232243276,0.5238640017753935,1.169419628590381,0.0461681650068789,0.5123155729394517,-0.1435043961384928
qwen-3.5-plus,1,61a325,web,41,0.1738697937468504,0.4264891146452411,1.63781428934622,0.2596836923094402,0.5882290669527294,0.1162795798312798
qwen-3.5-plus,3,6193f8,web,50,-0.0619952759530194,0.3724714571011942,2.5488404904509547,-0.0364500403255048,0.4859528700370873,-0.0216677287730335
qwen-3.5-plus,2,61a9f0,desktop,50,0.5200731684438262,0.5606270787647188,0.7456269085692347,0.8775763432055621,0.760561241965632,0.2791700471497289
qwen-3.5-plus,1,61a9f0,desktop,91,0.0829654789484123,0.3785862947976546,1.2487268787331178,0.1273499208399379,0.5351113152661776,-0.3439358068613273
qwen-3.5-plus,3,61a9f0,desktop,40,0.369870139726574,0.4912744976685915,1.023753526013924,0.7268500218688116,0.7088377711812744,0.1304011112488705
qwen-3.5-plus,3,61a325,web,40,0.2683191017509144,0.4524957315868736,1.3627937424839591,0.4366698984014082,0.6281143538728589,0.1928915571703639
qwen-3.5-plus,2,61a325,web,46,0.2374696311408593,0.4588406993893664,1.4048528583200954,0.3653217467661642,0.6068065194763113,0.1708734308394387
qwen-3.5-plus,1,623ccb,mobile,51,0.0089566044752243,0.4041216177606409,1.3718966952330942,-0.0380064628610222,0.5261339360681507,0.0015948323087851
qwen-3.5-plus,3,623ccb,mobile,40,0.3042487690328829,0.5084379626769984,0.9198122773303984,0.3963122599570183,0.603798653658912,0.2319522795188271
qwen-3.5-plus,2,623ccb,mobile,40,0.172530135076484,0.4654055518853167,1.2924768881140225,0.1861497469964358,0.5314387439357455,0.1193633711642139
qwen-3.5-plus,1,61ea3d,desktop,45,0.555139779413231,0.5341906407251473,0.8167563521414646,1.1321725483096197,0.7911347849895153,0.5249433385477156
qwen-3.5-plus,2,61ea3d,desktop,52,0.1936516179116299,0.3922717284285525,2.0858667597841367,0.4517784046116696,0.6904928528759979,0.1060763943500084
qwen-3.5-plus,3,61ea3d,desktop,50,0.4859045661758355,0.5055905276639548,0.9112121121117394,0.968952751602356,0.7844727422699236,0.4505970719137222
qwen-3.5-plus,1,628715,desktop,46,0.4551861093167567,0.531003318072409,0.6728600103607154,0.7552318297042674,0.7300552415277484,0.2323234416794738
qwen-3.5-plus,2,628715,desktop,35,0.5529641011431112,0.5741008894570565,0.619308123692867,0.8311243350533732,0.7352966859352321,0.3929079959813757
qwen-3.5-plus,3,628715,desktop,46,0.3825643929006829,0.5151351471309673,0.7110890353519261,0.6047208515632492,0.6815619355796274,0.126894937301447
qwen-3.5-plus,1,61e6d0,mobile,32,0.0021337221825784,0.3103496216105562,2.9638767791520912,-0.0785268236262978,0.5029970965768609,-0.099224736355175
qwen-3.5-plus,2,61e6d0,mobile,49,0.1118536048865882,0.3885107364731174,2.0532785310633805,0.0944177592227435,0.5628221096356854,-0.0272947216308575
qwen-3.5-plus,3,61e6d0,mobile,51,0.0324480568067278,0.3460085703987366,2.5107930806986993,-0.0446578786232161,0.5091051608791203,-0.0840951306580029
qwen-3.5-plus,1,6294a2,desktop,50,0.5850877888403077,0.6065125424575373,0.7351626003708335,1.0806356862111353,0.7717315783990699,0.5402713910218263
qwen-3.5-plus,1,624c91,mobile,47,0.2515655563296903,0.4152125665112243,1.6862429145989457,0.3643083147554307,0.628352049344818,0.1410200402594746
qwen-3.5-plus,2,6294a2,desktop,37,0.532414330078743,0.5880643530929586,0.728824324358855,0.9242082241678116,0.7484336371462831,0.4045277894277537
qwen-3.5-plus,2,624c91,mobile,40,0.1758729543783448,0.404189656519365,2.2896728267881903,0.3249946108969532,0.6395764392832232,0.0158007640517786
qwen-3.5-plus,3,6294a2,desktop,30,0.4883519997340911,0.5368114401874701,0.8474665390233352,0.8958167164868296,0.7219788816611156,0.4439071447135208
qwen-3.5-plus,3,624c91,mobile,30,0.2649980156488603,0.3980091519413408,2.42331581965664,0.4296405425493652,0.6445472965550862,0.1034817345301908
qwen-3.5-plus,1,62f428,mobile,31,0.6274060830630417,0.5631101644419649,0.7281650786018647,1.4084665084524324,0.8119664681584879,0.5903705589834702
qwen-3.5-plus,2,628c6e,poster,30,-0.023982515126728,0.2426292223563624,4.966587456526206,-0.0650335957786934,0.4012440442232066,-0.0475700590286675
qwen-3.5-plus,1,628c6e,poster,35,-0.0118156203786064,0.2628920631156942,5.0140994367777125,0.0008450385254973,0.3978640234042525,-0.0270625507851363
qwen-3.5-plus,2,62f428,mobile,46,0.8869310055682436,0.7187720635703656,0.31503225664895,2.0028623440102726,0.8837375301237818,0.8779055854460264
qwen-3.5-plus,3,628c6e,poster,43,0.0188270734137537,0.3688149573510767,2.585295588082273,-0.0060030288456183,0.5042384589490749,-0.0260889385544101
qwen-3.5-plus,3,62f428,mobile,44,0.7685959043549303,0.645427311881497,0.6327237626998098,1.7781630700218587,0.8403596840522637,0.7675550920403106
qwen-3.5-plus,1,631068,web,45,0.4781216042083624,0.5142877586537864,0.9271129269915676,0.8444411472530343,0.7568049211597484,0.4186072524520144
qwen-3.5-plus,1,631570,desktop,49,0.43591257876176,0.5480642352257719,0.9117933021699324,0.53543133222277,0.6326561896551498,0.3563326254713194
qwen-3.5-plus,2,631570,desktop,40,0.4239109776360814,0.5288164664923223,1.19204961636834,0.4842026448921178,0.62628196774549,0.3526184665429268
qwen-3.5-plus,2,631068,web,50,0.4604913409836425,0.541113913201283,0.8205896845981059,0.8900413110447365,0.7898500333873136,0.3251153177146701
qwen-3.5-plus,3,631570,desktop,40,0.3473331579691709,0.5244365758268187,1.0893914197749464,0.4882876901648188,0.6497359717195865,0.2882891247229312
qwen-3.5-plus,3,631068,web,48,0.4558692915252326,0.4993543515984842,1.1411715732895198,0.7999667300446772,0.7621486929969354,0.4070773093802234
qwen-3.5-plus,1,63508a,web,30,0.2102112627575028,0.4700156897718948,1.4471443931060763,0.3296181760847089,0.6611806847505296,0.2313254834757152
qwen-3.5-plus,1,62fedf,mobile,40,0.0864995173652017,0.4054974210546782,2.42658506223891,0.187320298179491,0.5425188845322517,0.0749443064532139
qwen-3.5-plus,3,63508a,web,40,0.3236255361892364,0.5333649633340867,0.8645998113964996,0.4760625298941047,0.6896202428129538,0.3099420170441542
qwen-3.5-plus,2,63508a,web,31,0.2703344750775548,0.4913019444887022,1.1570221881730882,0.4383447263811547,0.6893350978108282,0.269975649669625
qwen-3.5-plus,3,62fedf,mobile,40,0.2293741294980505,0.4599976333427304,1.6185929400358452,0.3052921123447709,0.6149755659599043,0.1502558596680804
qwen-3.5-plus,2,62fedf,mobile,32,0.2473127214571329,0.4449070613626205,2.0399686582671777,0.3656714679203858,0.6179854658512003,0.1817623775707418
qwen-3.5-plus,1,641719,poster,46,0.2941860729533012,0.5613353822208016,0.8858740201088421,0.3689888632658542,0.6125574219128054,0.2201828996751091
qwen-3.5-plus,2,641719,poster,38,0.2339552158409774,0.5589886538460016,0.6977688152601034,0.3211937188419634,0.6022225560132963,0.2025253976947832
qwen-3.5-plus,3,641719,poster,40,0.2983917703332758,0.5603335434289286,0.6464711015288716,0.4105572752563391,0.6314159830528979,0.276400042625072
qwen-3.5-plus,1,63de16,web,52,0.6212853750481029,0.5726298880575771,0.7661864707192108,1.2193245093323832,0.8187969510415755,0.6280458979902737
qwen-3.5-plus,2,63de16,web,37,0.5598383905725473,0.5694491346124009,0.7919004817277455,1.0925504856073711,0.8181622201041396,0.5467333008469968
qwen-3.5-plus,3,63de16,web,50,0.4770928950536448,0.504375992657977,0.9106675731447572,0.961592139310096,0.7867965875615732,0.4277751165476939
qwen-3.5-plus,1,63aef5,poster,40,0.5045952322619649,0.5017323570847221,2.247344338161274,0.8125794065315297,0.6951059391346918,0.3692348730145272
qwen-3.5-plus,3,63aef5,poster,48,0.5401996775900236,0.5434060919530966,1.853068223296468,0.7300204978641348,0.691654123244728,0.3776912396272836
qwen-3.5-plus,1,6428b2,web,40,0.210767144172055,0.4845276705638468,1.7448668974154622,0.3494547297066251,0.600883476051186,0.1834871968190621
qwen-3.5-plus,2,63aef5,poster,49,0.5359059440720226,0.4870421227841981,2.7063660752310628,0.8201586980035076,0.6257235412196108,0.4188073731102497
qwen-3.5-plus,1,6457e0,desktop,48,0.2509550726791923,0.4420289089271861,1.483202815603332,0.4595315185536994,0.6519000775798863,0.234812883104515
qwen-3.5-plus,2,6428b2,web,40,0.3879110780761815,0.5280116711944501,1.0374233158322037,0.5675006435866602,0.6803632375467229,0.4149468121435314
qwen-3.5-plus,3,6428b2,web,92,0.2772910035675058,0.509335639688455,0.7665403836392488,0.4439015317332832,0.6223040186366017,0.1768292888889543
qwen-3.5-plus,2,6457e0,desktop,45,0.1598031730410677,0.3875337159514848,2.182652921884932,0.2907942046846216,0.6151132000100221,0.1486580256456303
qwen-3.5-plus,1,65576e,poster,48,0.421777197813595,0.5478507878931248,0.7708782678195802,0.6454592565132655,0.6821886366286509,0.4041038686970424
qwen-3.5-plus,3,6457e0,desktop,50,0.2178178473749516,0.4215269054825598,1.2744562838672366,0.4067788151648555,0.6478996139716401,0.253393261354038
qwen-3.5-plus,2,65576e,poster,44,0.3419890996746704,0.533495022952855,0.7282029164656232,0.5421506912747502,0.6723224525327486,0.3157260143207365
qwen-3.5-plus,3,65576e,poster,40,0.4785777765443032,0.5515512096880721,0.8719109255710206,0.7405890105709109,0.7157047518996236,0.4110295493669067
qwen-3.5-plus,1,658f2d,mobile,46,0.6359452200154446,0.6365261384469625,0.5291728592006747,1.083247429271476,0.7910156336070695,0.4261350119802272
qwen-3.5-plus,1,6581b4,desktop,46,0.5265564709663216,0.5022419659480089,1.177163621754178,0.97840277366896,0.7167405104420966,0.4039714742578823
qwen-3.5-plus,3,6581b4,desktop,50,0.7104447755199836,0.5193429385638814,3.241266177412148,1.3041838204222875,0.6031548905239585,0.6665305046662615
qwen-3.5-plus,2,6581b4,desktop,57,0.1378258003956621,0.3890927517666752,1.8948635155587472,0.3555068854492977,0.5882926752302029,0.0222248780506705
qwen-3.5-plus,3,658f2d,mobile,40,0.7190451920403023,0.6748853901185505,0.4387252425772961,1.2078269072195806,0.8033846825985309,0.5345956235983049
qwen-3.5-plus,2,658f2d,mobile,49,0.6758786778729318,0.657815275883803,0.4518134357491752,1.2236788627435804,0.8187983557555649,0.4337345081223305
qwen-3.5-plus,1,65a2cf,poster,50,0.4040463465133346,0.4108636027643968,1.228838779815033,1.1068065515194774,0.7703629054525152,0.3628596645578554
qwen-3.5-plus,2,65a2cf,poster,50,0.3913460121432106,0.4078661897731338,1.099958260164786,1.0128888855163785,0.7724364489347112,0.347138326307857
qwen-3.5-plus,3,65a2cf,poster,40,0.3862817992324956,0.3920249501902746,1.2613966949417863,1.114963440623199,0.7612369687205843,0.3523948131169468
qwen-3.5-plus,1,65b50e,web,41,-0.066111717464694,0.3287167085561943,3.723697593120883,-0.0518160271431945,0.471746062834921,-0.0737663484557748
qwen-3.5-plus,2,65b50e,web,36,-0.0253416375234582,0.334568494190606,3.291432111884526,-0.0256728306109106,0.4793509526264531,-0.036424269909154
qwen-3.5-plus,3,65b50e,web,40,0.1595307985222823,0.4541935559056982,1.2687552047908164,0.3135123740916605,0.593925363335492,0.144321148118997
qwen-3.5-plus,2,66058d,web,49,0.2699853935918649,0.4238580573939469,1.4574009967614543,0.55406609993285,0.6469517779920799,0.0522003217241352
qwen-3.5-plus,1,66058d,web,49,0.012721605804475,0.3046346331266122,2.1451653786886,0.0255858169515815,0.6009415779527759,-0.1287657171517983
qwen-3.5-plus,3,66058d,web,50,0.3369191267664522,0.4616592731785601,1.0866403158376323,0.6438708491428524,0.7102650542027892,0.1560801707166523
qwen-3.5-plus,2,660b15,web,38,0.4275892454298561,0.5007397619849034,0.8938116519432834,0.8974966007619605,0.7449149186709109,0.366250727516943
qwen-3.5-plus,1,660b15,web,37,0.5960945132503677,0.5743920972737073,0.7470457506232153,1.1768805065930392,0.7848199888690256,0.573987111804614
qwen-3.5-plus,3,660b15,web,50,0.6068069198378052,0.5839361263941453,0.653086307043379,1.2207940883707016,0.7837263435340761,0.5890042896219535
qwen-3.5-plus,1,647100,poster,46,0.2547999372061622,0.3895882194399962,2.6175320974235063,0.3691164999414738,0.6470444285406131,0.1663069802897674
qwen-3.5-plus,2,647100,poster,39,0.2215198133038632,0.3573157547904191,3.0439210087665987,0.4741649763777877,0.6301430183537174,0.1194186490083367
qwen-3.5-plus,3,647100,poster,40,0.2594751049204419,0.350920967497584,3.223240822521515,0.4052834018881188,0.5927285859145235,0.1759311769319947
qwen-3.5-plus,2,661898,mobile,48,0.4318863679648628,0.5294811860134538,1.1936698016339755,0.590741494807867,0.683874911109112,0.3280275262424217
qwen-3.5-plus,1,661898,mobile,40,0.4717214065751835,0.5181475395537547,1.4698240488380008,0.676430985157994,0.7031255990519021,0.3713237989452387
qwen-3.5-plus,3,661898,mobile,44,0.2993415453789162,0.463840706885485,1.5650206969015232,0.3866800002581347,0.6425918760410649,0.2296512836542313
qwen-3.5-plus,2,661e84,mobile,45,-0.0240958835342351,0.2849552896290967,4.032905315714546,0.0309472135157278,0.5046422813145776,-0.1769890216818961
qwen-3.5-plus,1,661e84,mobile,40,0.1113912574622954,0.3462056597802443,2.860166710690311,0.2207507869065199,0.5661740502496477,0.0316469827487482
qwen-3.5-plus,3,661e84,mobile,40,0.0612741703249355,0.3179933228521245,3.902451138277969,0.1815773430772688,0.5378081234288494,0.0194732232973495
qwen-3.5-plus,1,6628d7,mobile,42,0.4106302609956472,0.4484362349684606,1.8392085244526375,0.728806452219849,0.6844874818340276,0.4118498703284516
qwen-3.5-plus,2,6628d7,mobile,45,0.4746223111396838,0.4681690388198204,2.1309766014813034,0.873109597496687,0.6533300698511075,0.4824651698446095
qwen-3.5-plus,3,6628d7,mobile,37,0.4441809805333174,0.4503902448577666,1.7146960200554786,0.8667844571262573,0.692350060572223,0.4441980153073725
qwen-3.5-plus,1,669937,desktop,40,0.5721684820343126,0.4495205920749776,1.1481173701716827,1.285033926585247,0.773633958076865,0.5648624903817281
qwen-3.5-plus,2,669937,desktop,46,0.2354174103731018,0.336521467392438,1.606376307191356,0.5121862107471077,0.6698516352118713,0.2215275860801949
qwen-3.5-plus,1,665c4e,poster,46,0.3154668344116567,0.3834082283804461,4.059942713753022,0.631456086165749,0.5367971839756334,0.1443766480077172
qwen-3.5-plus,3,669937,desktop,48,0.3357750518819395,0.3644951481779843,1.4102992846281222,0.7913946416527802,0.7119170398179505,0.3695092715112992
qwen-3.5-plus,2,665c4e,poster,48,0.5217140163334636,0.5053009094402686,2.237726380391414,1.0083174887717892,0.7243194841069908,0.4150413708609212
qwen-3.5-plus,3,665c4e,poster,40,0.5773283676414981,0.5457956914329102,1.537538020762106,1.062421848985894,0.7609852144492852,0.4525568044690153
qwen-3.5-plus,1,66935b,mobile,49,0.4047103390526732,0.4733941471193731,2.3480202288814445,0.6119789152429638,0.6431661760341344,0.4450183873552182
qwen-3.5-plus,1,67225a,desktop,55,0.266264683556099,0.4070185467531175,1.1724957563955885,0.5819455794676571,0.7293754849725681,-0.1140229211704345
qwen-3.5-plus,3,66935b,mobile,46,0.4916536403983879,0.5274051092818697,1.8816562851415135,0.7195059364342243,0.6874277192272237,0.4621025597693737
qwen-3.5-plus,2,67225a,desktop,50,0.380503082734859,0.4679475116797222,0.8696202567467112,0.7529583587675001,0.7672847749927274,0.0276443614059624
qwen-3.5-plus,2,66935b,mobile,50,0.4503597228927092,0.5365480675716076,1.2972685838828044,0.6557670023421667,0.6886837586042635,0.3613273618646304
qwen-3.5-plus,3,67225a,desktop,30,0.146095692456343,0.3443920540172202,1.6264702760920204,0.3032605973023953,0.6710343277529242,-0.207165521593821
qwen-3.5-plus,1,6722bc,desktop,50,0.0478047008055674,0.4132179879529852,1.7118839961237613,0.1255006378547929,0.5639864691023216,-0.0255448106062575
qwen-3.5-plus,2,6722bc,desktop,40,0.3856377753988278,0.5289046717035731,1.3085564294521492,0.60174606077998,0.6868237171212895,0.327723853625962
qwen-3.5-plus,3,6722bc,desktop,40,0.3625179926724203,0.5235677957050582,1.1137006905517572,0.6229826544402649,0.6658743020406578,0.3216151199432353
qwen-3.5-plus,1,66b3ff,mobile,35,0.4782647374082088,0.4523731781275354,1.4436829016450297,1.50799082682966,0.861673994880719,0.4073538696639286
qwen-3.5-plus,3,66b3ff,mobile,34,0.625919129442773,0.5375767178212607,1.0764249985389538,2.01278300328247,0.8770916935331192,0.543717586891248
qwen-3.5-plus,2,66b3ff,mobile,40,0.4534437626093686,0.3958262840693514,1.5426891499074462,1.3582803231902618,0.8139779333227664,0.3313204766666356
qwen-3.5-plus,2,6763e2,poster,40,0.3842286421909536,0.4909454655726567,1.4304198434105289,0.5032909773289683,0.6472424869399984,0.3716329756881268
qwen-3.5-plus,2,67522f,mobile,41,0.5278385587189979,0.5263248644410412,1.328158778450239,1.0368673508299098,0.7959973745445716,0.472128130589577
qwen-3.5-plus,1,673d4f,poster,30,0.1913094810820463,0.3300315278650073,3.952485368615801,0.3464548025245477,0.577689251612647,0.1927724824219087
qwen-3.5-plus,1,67522f,mobile,40,0.4879885164451482,0.5285010649156705,1.0831970263012327,1.0206689157371038,0.8160062991952617,0.4022464734314695
qwen-3.5-plus,1,6763e2,poster,30,0.195079914201273,0.4088260153691591,2.383183598777759,0.1893820734468566,0.5918009433273542,0.0962956946891593
qwen-3.5-plus,3,6763e2,poster,30,0.2129694832195135,0.4079478611595888,2.3737192856072578,0.224893688602031,0.5697076299802519,0.1631437088816121
qwen-3.5-plus,3,673d4f,poster,40,0.3420835725911212,0.4550389703923311,1.4810128812133794,0.5913450697123077,0.734121337119357,0.3032999179843469
qwen-3.5-plus,3,67522f,mobile,34,0.5240500022213903,0.5263137273661525,1.2416703257244823,1.0465371450233545,0.8137031671125483,0.4542331046543514
qwen-3.5-plus,2,673d4f,poster,40,0.3065944500183183,0.3874342372490467,3.4370589897722628,0.5300027943281119,0.5915323768020554,0.2752155950009357
qwen-3.5-plus,1,685482,desktop,49,0.430604440730769,0.4975536214549215,0.9773152540521926,0.7460970517821229,0.707892256026296,0.3841985559889296
qwen-3.5-plus,3,685482,desktop,56,0.3429464328625071,0.3910070394354663,3.902917285480445,0.486175678842367,0.5655285935694286,0.2523164886015276
qwen-3.5-plus,2,685482,desktop,56,0.3429464328625071,0.3910070394354663,3.902917285480445,0.486175678842367,0.5655285935694286,0.2523164886015276
qwen-3.5-plus,1,689a18,web,50,0.4572723037616005,0.4660194796187725,1.3668620669011151,1.0274982830772763,0.802066353460892,0.3241330937160822
qwen-3.5-plus,2,689a18,web,49,0.3685101369015843,0.430008999389643,1.5221144006351632,0.7793294248428904,0.788924458029311,0.1968516958143344
qwen-3.5-plus,3,689a18,web,38,0.4652663338402111,0.4613707140174939,1.823406080689217,1.052451300975256,0.7935520394237815,0.3181012854276096
qwen-3.5-plus,1,6975a8,poster,45,0.7496148107584328,0.6354802498285509,0.439436364922529,1.301901402040597,0.8277491708762454,0.7350999967654057
qwen-3.5-plus,2,6975a8,poster,48,0.6940496090722057,0.6196037075499781,0.4629619890636963,1.2108249842482837,0.8188549341876737,0.6748969761378016
qwen-3.5-plus,3,6975a8,poster,48,0.6475160404811398,0.5981933228791698,0.5736336816226216,1.1100569465044954,0.8062435568996265,0.6282732447183395
qwen-3.5-plus,1,698985,desktop,46,0.2232464998945868,0.5798802517572921,0.7090124673390701,0.2014127611211716,0.547918671078779,0.1871752656510123
qwen-3.5-plus,2,698985,desktop,47,-0.0135565151718899,0.5252771958430292,0.8538509844332116,0.0609417393895998,0.5242700813526641,0.1093434311438007
qwen-3.5-plus,1,699734,poster,50,0.525497142435999,0.6221664848647908,0.5359168633766651,0.6455836783119198,0.6918108255436125,0.3754526840679918
qwen-3.5-plus,2,699734,poster,50,0.6392691297612465,0.6632964585158555,0.4255496730067374,0.7811811002863943,0.7263582801411825,0.511094786883359
qwen-3.5-plus,3,699734,poster,38,0.6233559284695682,0.6696319883406157,0.4581795568015073,0.7674237999009595,0.7242188987567535,0.4806279978044238
qwen-3.5-plus,3,698985,desktop,47,0.2218161140706515,0.5720042117077432,0.7358580761343269,0.2725802180406917,0.5782865648174437,0.1938949080330457
qwen-3.5-plus,2,6915dc,mobile,33,0.4049845161783053,0.4638532745879976,1.621659821709149,0.7253139271743679,0.7295244542199311,0.4181124002821822
qwen-3.5-plus,3,68d170,poster,48,0.2943803391491464,0.3916118505148434,4.051663062789563,0.6469507419820875,0.5584967525675095,0.2360755468636002
qwen-3.5-plus,1,68d170,poster,48,0.4552028188913803,0.4986002277052231,1.1604483976541298,1.026005286873361,0.7926336388763775,0.4110283951446995
qwen-3.5-plus,1,6915dc,mobile,50,0.1072718844113638,0.3548535066290315,2.120912857689733,0.2305819591775468,0.6524998171454377,0.0984243429187131
qwen-3.5-plus,3,6915dc,mobile,48,0.43831492075841,0.5032121027716776,1.4837574039709127,0.7778917180225665,0.7350758718402328,0.425188892156114
qwen-3.5-plus,2,68d170,poster,41,0.4658753884681476,0.4716370880724743,1.0945067715641263,1.0113564270667943,0.7873711189949874,0.4373311129619216
qwen-3.5-plus,1,69a8c4,web,66,0.2174891359499057,0.4638315618515973,1.734360243317266,0.4077107074613605,0.6084036957396255,0.1016439228173362
qwen-3.5-plus,2,69b497,poster,35,0.205695414961181,0.4561150470382708,1.2089383916644254,0.4386560952256558,0.625768816245017,0.0081916752067346
qwen-3.5-plus,1,69b497,poster,44,0.443827601323253,0.5388064399543524,0.925255187015504,0.7864553763209663,0.6946161143054422,0.2812069840432154
qwen-3.5-plus,3,69b497,poster,40,0.37816292838371,0.4793495461385043,0.9757327930989976,0.6540226539070396,0.6905099198542433,0.2174787100950905
qwen-3.5-plus,2,69a8c4,web,60,0.2556250427698225,0.4778625989416968,1.89640851707729,0.430884045465798,0.6090280600899524,0.1531699197902112
qwen-3.5-plus,3,69a8c4,web,51,0.3008951460729706,0.4954427392427762,1.724671328696663,0.5431439094193675,0.6382548004054763,0.198301414284531
qwen-3.5-plus,2,69ba30,mobile,50,0.2293003576182294,0.4941131456064076,0.9927350885026356,0.3850165753120235,0.6110641931040313,0.0130741496914925
qwen-3.5-plus,1,69ba30,mobile,43,0.1545314994594374,0.4636211468124513,0.9622361358575512,0.322281608019147,0.6333509618094907,-0.1322522852642404
qwen-3.5-plus,3,69ba30,mobile,45,0.3174408117402742,0.5137078600560883,0.8940827742650421,0.5119247128270261,0.6422162330837298,-0.0048914448835851
qwen-3.5-plus,1,69cd24,desktop,48,0.3559101579481099,0.4989643366989996,0.8875985322954494,0.5720166708595958,0.6834165572831924,0.2592910434463692
qwen-3.5-plus,2,69cd24,desktop,38,0.4924515110521646,0.5457476929703606,0.8286294356460515,0.7812890923374957,0.7325015334792916,0.4227366406659479
qwen-3.5-plus,3,69cd24,desktop,40,0.3837017380338543,0.5215042763676143,0.9652942541492108,0.6069822398285336,0.6902690832342337,0.292696405696224
qwen-3.5-plus,1,69a953,mobile,31,0.2089567050347016,0.3666981607593046,2.5750434968424822,-0.0282292989973451,0.6340722573581925,-0.1019130071231497
qwen-3.5-plus,2,69a953,mobile,31,0.3909682500487947,0.457579167852158,2.0277138115106688,0.3796509599830136,0.7066250204808461,0.1330207537690056
qwen-3.5-plus,3,69a953,mobile,49,0.3476089066297272,0.4089922764477484,2.964582688818537,0.4010375397565877,0.6594276082995871,0.0351486852469037
qwen-3.5-plus,2,69df54,mobile,40,-0.0295371394789872,0.2145028524336006,5.842221589713835,-0.0663552458715585,0.3401554202532793,-0.1364700194549736
qwen-3.5-plus,1,69df54,mobile,34,0.3660585935258364,0.4092909373678086,3.2222283746998763,0.6749400142582025,0.625216554247411,0.3803051255476584
qwen-3.5-plus,1,6a889e,poster,49,0.3422249097293741,0.5283856585033756,0.8457964846408254,0.5887081214478103,0.6698068528564713,0.3192167970525432
qwen-3.5-plus,3,69df54,mobile,48,-0.0018076035179664,0.3210667883192102,3.9551171499618185,-0.0099319779189604,0.4717580342894143,-0.0923084699516777
qwen-3.5-plus,2,6a889e,poster,46,0.5634472569121739,0.5758782026029385,0.6345125376303571,0.9577994895386048,0.7595289082170447,0.5390612346345599
qwen-3.5-plus,3,6a889e,poster,45,0.6048155959790399,0.5733676908566365,0.5941745762287187,1.01229227459526,0.7567506253820385,0.5871665887557487
qwen-3.5-plus,1,6a4f04,web,40,0.359087706078538,0.4059532383285146,1.743999263677996,0.77791863815549,0.7431838105517374,0.2556034715647339
qwen-3.5-plus,2,6a4f04,web,40,0.5470754047928286,0.4734407069094362,1.3148627711335976,1.3773534798995315,0.8156539393565223,0.4785212846799302
qwen-3.5-plus,1,6a7b1c,poster,43,0.3210197258566531,0.464436617930631,2.1348993941941297,0.3230314087217709,0.6519380391045514,0.3099947151021401
qwen-3.5-plus,1,6a8c97,desktop,48,0.1986870499508188,0.41789855352727,1.46714691851221,0.3146129076277954,0.5939379804040714,0.1787609415961029
qwen-3.5-plus,3,6a4f04,web,40,0.4862050449668387,0.4494930254284126,1.8229031181232551,1.1477440004360062,0.7973303405242842,0.4173248143728282
qwen-3.5-plus,2,6a8c97,desktop,50,0.2828958171330873,0.3936257230491565,2.0542844111196317,0.5084242609907249,0.6887758068540373,0.2466505379926921
qwen-3.5-plus,2,6a7b1c,poster,48,0.1166042548933868,0.4304345711870999,2.389972783068595,0.089985150641855,0.5446583464320037,0.1131497015826165
qwen-3.5-plus,3,6a8c97,desktop,50,0.356813313403885,0.4361939902666691,1.1861052118476254,0.5661275257546835,0.6660203960549755,0.3485231206300996
qwen-3.5-plus,3,6a7b1c,poster,48,0.219126434784258,0.4657765768048514,2.0463415964654073,0.2166992997769107,0.5771017566497586,0.1688522073377787
qwen-3.5-plus,1,6aa903,poster,35,0.2354414848386083,0.4395408291071983,1.2133084679817154,0.4393283418610439,0.6413510524364874,0.1691962942028496
qwen-3.5-plus,3,6aa903,poster,35,0.2289985311221464,0.4383659211296075,1.2010363250710598,0.4248072399193033,0.6411402719852322,0.1725887111397397
qwen-3.5-plus,2,6aa903,poster,36,0.2554500044061802,0.4498954567599226,1.1592382035328035,0.4788296028073568,0.6465800599529344,0.1688953610098815
qwen-3.5-plus,1,6af818,mobile,47,0.7346642510913642,0.6100470259786935,0.6212893204873512,2.140639174214868,0.8785567478392434,0.6548243998011543
qwen-3.5-plus,3,6af818,mobile,40,0.4738565599622479,0.4289673744461153,1.617518887598427,1.3352177246295662,0.8156644071258125,0.327652991148301
qwen-3.5-plus,2,6af818,mobile,40,0.5374467967754325,0.4676689528757377,1.100663794862193,1.475370430200912,0.8315476837101683,0.4134578069754338
qwen-3.5-plus,2,6afc6f,mobile,46,0.1720019966059002,0.4147978790352471,2.4858569800912207,0.1818147679634765,0.573576859192383,0.2304761354601012
qwen-3.5-plus,1,6b173a,poster,52,0.2707000982236461,0.3226447630799657,2.477629935543141,0.5633970799004848,0.6887973258774298,0.3305137967317773
qwen-3.5-plus,3,6afc6f,mobile,48,0.2156003310220007,0.4493902393997316,2.088489324768006,0.281849117593026,0.6025301916326942,0.157316910267612
qwen-3.5-plus,1,6afc6f,mobile,40,0.012469356820793,0.3205810929323803,2.9885842869798855,0.0166373239364649,0.5336802641680974,0.0666699131276131
qwen-3.5-plus,2,6b173a,poster,49,0.4117647655784243,0.495721367759873,1.1071834562294702,1.040046970266303,0.8264684778250028,0.3776344582611347
qwen-3.5-plus,3,6b173a,poster,49,0.3721990051057179,0.4195606548081828,1.2796449211454477,0.8097863434378313,0.771268311700338,0.3603658355028738
qwen-3.5-plus,2,6b1bcd,mobile,47,0.5567762788544287,0.4584391202825019,2.4450660957713604,1.7753418977874893,0.793521735551001,0.517850698394634
qwen-3.5-plus,1,6b1bcd,mobile,41,0.5680508513411857,0.5354989296407948,1.2421188403759582,1.61934046235128,0.8590185568238796,0.5123363251774475
qwen-3.5-plus,1,6b2df3,web,48,0.3584077960383595,0.4648782472057616,1.2579869125757883,0.7051327582345978,0.6654985733694919,0.2530978627599582
qwen-3.5-plus,2,6b2df3,web,40,0.154496864754131,0.3914787581201635,1.3495410009253566,0.2533567676111252,0.6063607319652674,-0.0047391231495041
qwen-3.5-plus,3,6b2df3,web,40,0.1088296972825915,0.3662244598560604,1.501159436203079,0.1722956803483596,0.5844160473046529,-0.0034906558091064
qwen-3.5-plus,3,6b1bcd,mobile,72,0.2589822441870592,0.2889233092141706,2.559535094574948,0.9173593217513892,0.6645400252578381,0.0249379191700642
qwen-3.5-plus,1,6ba20c,desktop,41,0.3505503936387294,0.5362497649276126,0.9208199639251844,0.5304796616000685,0.6425995648995171,0.3767680339841256
qwen-3.5-plus,2,6ba20c,desktop,51,0.3896434043505993,0.531822803390884,0.6909742818160811,0.6477503729629249,0.6898057553446717,0.3311721275153831
qwen-3.5-plus,3,6ba20c,desktop,43,0.3631869953221813,0.5400109585679796,1.0160852876685933,0.5806440615873331,0.6358645016602404,0.3926131408689093
qwen-3.5-plus,1,6b7c75,web,48,0.3572114196786131,0.4419708126643361,1.2079149879143831,0.7028937703610305,0.6683816621533567,0.3755060510922337
qwen-3.5-plus,3,6b7c75,web,40,0.4308064470350091,0.4522072019921682,1.2674238997521208,0.8922308142943245,0.7136506909941573,0.4363320123730662
qwen-3.5-plus,1,6b51ee,mobile,39,0.3892709555927471,0.488118713074427,1.6533145876032744,0.6891028455086908,0.7385533200267135,0.2630656018061357
qwen-3.5-plus,2,6b7c75,web,48,0.407865311640063,0.4262900377212522,1.984385029527531,0.8980942386715448,0.6663737473368623,0.3850795804606128
qwen-3.5-plus,1,6bc1d8,mobile,42,0.538800498587746,0.6149451448602652,0.4998613946952024,0.7935449860529952,0.7179302938912012,0.4366514966920234
qwen-3.5-plus,2,6b51ee,mobile,41,0.4745763044923478,0.5128284008333266,1.7024724232704391,0.7568208081511573,0.7490547800550191,0.3885077721432609
qwen-3.5-plus,2,6bc1d8,mobile,47,0.542523176568946,0.6044067459546544,0.5377756535688306,0.7357873984018084,0.7038064220570296,0.4248617109827612
qwen-3.5-plus,3,6bc1d8,mobile,40,0.5519971399094982,0.6329306141563271,0.4315986194402283,0.7343948515860147,0.715422878763724,0.3557883855547875
qwen-3.5-plus,3,6b51ee,mobile,46,0.5157136390775903,0.5417838001304782,1.419575851836598,0.8487768095554765,0.7731445370497854,0.436065972344426
qwen-3.5-plus,3,6c392e,mobile,29,0.2807689527982058,0.4028159900147159,2.4212770435369864,0.5005422653711799,0.6854209186185073,0.2590206034283486
qwen-3.5-plus,1,6c392e,mobile,44,0.386900674928904,0.4928901145934336,1.9259884918374328,0.6108504076096176,0.6846404201458518,0.3228210500797404
qwen-3.5-plus,2,6c392e,mobile,31,0.4117168186389,0.4396714502383223,2.0372974611559505,0.7863500990504261,0.735704893392596,0.3611076253225421
qwen-3.5-plus,2,6c5780,poster,40,0.5021943439561343,0.4978210339381999,1.704889495013593,0.9772072234480436,0.7788813647548551,0.4679947391785147
qwen-3.5-plus,2,6c678c,poster,40,0.390584435469165,0.4428904190697713,3.0117684088528667,0.6661847314663014,0.6674923256711579,0.4248817902786698
qwen-3.5-plus,2,6c8b71,mobile,46,0.483019538046435,0.6287717070329473,0.5525098214895714,0.6334740239844499,0.6782115340744858,0.1592478487411188
qwen-3.5-plus,1,6c8b71,mobile,51,0.3701817671233307,0.5609569686003889,0.8869200669757205,0.4738524972166571,0.6355229205165762,0.0800265316562256
qwen-3.5-plus,1,6c678c,poster,49,0.3478117717410386,0.4137484798327087,3.2909193472321463,0.578918496087494,0.6330758851573991,0.3894377781280264
qwen-3.5-plus,3,6c5780,poster,30,0.4529661152133534,0.4316003295021507,3.032369612615295,0.8879206368322724,0.6482837754590257,0.42479208770092
qwen-3.5-plus,1,6c5780,poster,36,0.3180268314994769,0.4052675227545577,2.006872956045751,0.5514466049394867,0.7273350866846326,0.2807974668191324
qwen-3.5-plus,3,6c8b71,mobile,40,0.3772947029999493,0.5828005128911792,0.6602966486081817,0.4922288981399126,0.6952108811663227,-0.0659767752348539
qwen-3.5-plus,3,6c678c,poster,48,0.2947065606967903,0.4702322446570721,2.5110724217364444,0.5417316657690736,0.6159521726610987,0.3419275668429785
qwen-3.5-plus,1,6cb077,desktop,51,0.5470437819747307,0.5320667984557079,0.8529387899660432,0.998674521456319,0.7602561465515743,0.4250479418146739
qwen-3.5-plus,2,6cb077,desktop,209,0.3398246526565259,0.4724535927285558,0.8814801933709622,0.6323850103954107,0.7114444947489053,0.133762019731243
qwen-3.5-plus,3,6cb077,desktop,209,0.0144277041302555,0.3830905621461278,1.1855075408253215,0.0583922103671903,0.5426904253338962,-0.0394846506419014
qwen-3.5-plus,2,6cb6d4,mobile,40,0.2351765176456496,0.4175781513682149,2.699866588824861,0.458018324592432,0.611897494837007,0.213310970002934
qwen-3.5-plus,1,6cb6d4,mobile,40,0.3083815376938258,0.4650088695435933,1.757686061853858,0.4076505734259935,0.621401163920184,0.2721885661876033
qwen-3.5-plus,2,6d15ce,mobile,44,0.5568001428427031,0.5461030969901671,1.335052082477623,0.949007044070289,0.7680204137893429,0.5339039014523034
qwen-3.5-plus,3,6cb6d4,mobile,40,0.3106865354735921,0.460132684175113,1.76755314585717,0.4310636408733166,0.651117481782133,0.3059508207376512
qwen-3.5-plus,3,6d15ce,mobile,36,0.3942699335205177,0.48253207246809,1.6921072756628976,0.7216380532639711,0.7143664427875503,0.3670369922925157
qwen-3.5-plus,1,6d15ce,mobile,48,0.5410567304479286,0.5258760931522029,1.381325246742335,1.03189507177122,0.7718015768060503,0.5236307252509639
qwen-3.5-plus,1,6d294c,mobile,30,0.7212463464119516,0.6565189834915681,0.8286896430315682,1.2966565316255296,0.8184699981660511,0.7247914000018448
qwen-3.5-plus,2,6d294c,mobile,39,0.563633616298801,0.5828006265611531,0.838892223749923,0.7721776446636665,0.7580006481964477,0.5442795792909227
qwen-3.5-plus,3,6d294c,mobile,47,0.5938512654818975,0.5869484288514779,0.6931293623216276,1.140130279514718,0.8083724905456929,0.5740817777216725
qwen-3.5-plus,1,6d4031,desktop,48,0.3189283181733175,0.4040410606321199,1.1175268134843033,0.7283087023522029,0.6670652513650726,0.220927572283077
qwen-3.5-plus,2,6d4031,desktop,40,0.2529546929801718,0.3788065551891804,1.5665082827701289,0.6000223932668954,0.6596416781832555,0.361933845314649
qwen-3.5-plus,3,6d4031,desktop,48,0.2283170219060907,0.3911983461375294,1.2226230076299784,0.4190223644557256,0.625620389336502,0.1660410138806894
qwen-3.5-plus,2,6d8534,desktop,49,0.574592951208035,0.487107813879241,3.147854510669414,1.059092798270178,0.6331722906623235,0.6019027198283238
qwen-3.5-plus,1,6d8534,desktop,40,0.5382310538461946,0.5032130003354296,1.4146828268679918,1.016482032118795,0.7016717521229858,0.5620082002216804
qwen-3.5-plus,3,6d8534,desktop,48,0.4474224003883872,0.453964005862836,2.5461695417405377,0.8387580106846899,0.6799023357646024,0.5039289065972283
qwen-3.5-plus,1,6d8af6,web,48,0.1867992577628826,0.4068447637443221,1.3983900335747523,0.3959780105993761,0.6631737518530875,0.0442633520797973
qwen-3.5-plus,2,6d8af6,web,51,0.1753463309902059,0.3942945739798388,2.0275039801826265,0.390594914938696,0.64281687909165,-0.0224831756233188
qwen-3.5-plus,1,6dc873,desktop,32,0.5024442664203997,0.5791511274756689,0.7827026542901074,0.7497664481233683,0.7290119632642402,0.4281102223280942
qwen-3.5-plus,2,6dc873,desktop,50,0.5052380093970095,0.5809191077244951,1.2607588721531635,0.7470572547330456,0.6894316159016608,0.4437447442124396
qwen-3.5-plus,1,6e09d5,mobile,40,0.1758426720110376,0.4123147292837549,2.089574134614819,0.2468912682044111,0.5948390491241401,-0.0503736707870242
qwen-3.5-plus,3,6d8af6,web,40,0.2115710376653415,0.4028298864967705,1.8440376375258969,0.4674113486608192,0.6605949766030748,0.0440006248519452
qwen-3.5-plus,3,6dc873,desktop,51,0.4712453028962592,0.5703221003042782,0.9102180496960056,0.7257778410782527,0.7086904476459872,0.4089306945240618
qwen-3.5-plus,2,6e09d5,mobile,40,0.197488950388055,0.4602582533531733,1.3010359859364629,0.2742573527646153,0.6280143744940924,-0.0096208422503099
qwen-3.5-plus,3,6e09d5,mobile,40,0.1359096395189586,0.4214515278768231,1.5416771892117689,0.2016983771489851,0.6150718259676795,-0.0366103768994498
qwen-3.5-plus,1,6e6737,web,39,0.1057557949641059,0.4687165202837121,1.1495801787145905,0.1673247934259275,0.6033120922511306,0.1786236578419163
qwen-3.5-plus,1,6e2c8e,desktop,48,0.4575943806176487,0.5658195366837181,0.7133048897992853,0.6968511038477676,0.7117058298532419,0.4835472823931953
qwen-3.5-plus,3,6dacc6,poster,48,0.6915052111018659,0.5117461251784354,1.0586233726071554,2.569133997343736,0.8793155872223858,0.6731966554988982
qwen-3.5-plus,3,6e2c8e,desktop,32,0.3869363490243159,0.5357501474133344,0.837094751812056,0.6631948393265579,0.7123170021769165,0.4260684417935325
qwen-3.5-plus,2,6e2c8e,desktop,45,0.1968606915995623,0.477673080125466,0.9462241878856184,0.3090437962923271,0.5934323073420837,0.2127872686601543
qwen-3.5-plus,2,6e6737,web,47,0.0557550026052798,0.5185334634939025,0.833638675047378,0.1204034327419444,0.5463318789806012,0.1345178799564214
qwen-3.5-plus,1,6dacc6,poster,30,0.6916042186387421,0.4822506746392914,1.173813201316232,2.4521199580921373,0.8682996947989909,0.6826593905052005
qwen-3.5-plus,3,6e6737,web,42,0.0206414539594953,0.448986270391098,1.265382094367938,0.0658787803373993,0.5409044038038604,0.0461076778164768
qwen-3.5-plus,2,6dacc6,poster,40,0.7455804687510319,0.5057280195944417,0.9541683481521986,2.691936505183808,0.876479860303793,0.741526343073395
qwen-3.5-plus,1,6e6daf,poster,50,0.3542585267128944,0.6028691729165191,0.5237462792246955,0.4954048562601076,0.6454988140809229,0.3190595430903911
qwen-3.5-plus,3,6e6daf,poster,40,0.6676277721058206,0.6691654854980675,0.5214743840846787,0.7387755137040694,0.6984215323945817,0.6042969717596834
qwen-3.5-plus,2,6e6daf,poster,49,0.5481346120440901,0.6443640699277616,0.4668486169277064,0.5759539761361266,0.6565280330056337,0.4477463062885807
qwen-3.5-plus,2,6f11a2,desktop,40,0.7868425568803478,0.646953698936106,0.5585489408007666,1.7892730774316732,0.8744715074880867,0.7467919556466319
qwen-3.5-plus,1,6f11a2,desktop,38,0.627818787547027,0.5357002785713634,0.9959300593889688,1.3762147900550814,0.8185008716695482,0.5512617372047395
qwen-3.5-plus,3,6f11a2,desktop,45,0.7215639469060223,0.6082391371612274,0.6391884348178349,1.6638982602131067,0.8670076513910241,0.6573668196243974
qwen-3.5-plus,1,6eb290,mobile,40,0.2857684862923018,0.3930402159539456,1.9680385968704168,0.6548433715675056,0.652716933432247,0.2630257260021441
qwen-3.5-plus,2,6eb290,mobile,50,0.5293539048728026,0.4988182911399319,1.3264336729551391,1.0165262390645762,0.7443840293218204,0.5749963938109889
qwen-3.5-plus,2,6eb097,poster,50,0.5062623101663257,0.5213922492212071,1.366296600838461,0.953959202992012,0.7635551321409282,0.4933728972276625
qwen-3.5-plus,3,6eb290,mobile,48,0.4465946867652993,0.4900077082692191,1.0658369199501432,0.8197759241596922,0.7134907775835885,0.3486609167014088
qwen-3.5-plus,3,6eb097,poster,48,0.1601366252700065,0.3720269298823296,2.093589718152122,0.2894246750950392,0.5738871006567189,0.160073711796875
qwen-3.5-plus,1,6eb097,poster,40,0.3850850371606019,0.4734889616208525,1.6777800148393005,0.8100830758794648,0.7221360695750276,0.3991555015334729
qwen-3.5-plus,1,6f401f,mobile,25,0.0872263640783887,0.2262816403592598,4.924894381617119,0.3830935418528542,0.4858086139561564,-0.0322269626525783
qwen-3.5-plus,2,6f401f,mobile,46,0.3950743711786972,0.4526117133080835,1.5801472696164809,0.9124854405945584,0.7480524570966159,0.2989857280142924
qwen-3.5-plus,3,6f401f,mobile,40,0.2681453349599975,0.3863741054484185,2.5582105787974396,0.7164032013186674,0.7156631101933387,0.1478353390108356
qwen-3.5-plus,1,6f9e1b,web,45,0.4772272586193475,0.4811286457510061,1.1026546075714734,1.0568858402861625,0.7688375332842161,0.3916215498660707
qwen-3.5-plus,2,6f9e1b,web,48,0.6348494748972511,0.5521962877791982,0.7418456712335955,1.4660886851452488,0.8347226006567069,0.5347479615353639
qwen-3.5-plus,1,6fd016,poster,40,0.4523623887944299,0.5315968739487046,0.7030448430100813,0.9235840829681532,0.7653693592833929,0.4389674469179832
qwen-3.5-plus,3,6f9e1b,web,49,0.6909712802024366,0.5693586703909819,0.5492918929380319,1.6641509911007402,0.8779274455591554,0.5881281196666833
qwen-3.5-plus,2,6fd016,poster,40,0.4234987028742711,0.483046038836648,0.823565978376709,0.7616671521376809,0.698788065048046,0.4096741409905512
qwen-3.5-plus,3,6fd016,poster,38,0.4634837060130778,0.5389943485639483,0.7018232436145129,0.991092046713155,0.7827266207928201,0.4517562119476201
qwen-3.5-plus,1,6fbe76,desktop,72,-0.0803193944790195,0.3236855712778271,2.4212328421562854,-0.1023209923057165,0.4836844531529154,-0.2179107613815897
qwen-3.5-plus,2,6fbe76,desktop,135,0.4469133821247189,0.4623060079666857,0.948467183590696,1.0426130117645154,0.7611466806706142,0.3283589752466626
qwen-3.5-plus,3,6fbe76,desktop,157,0.3563878764202013,0.4159983018012116,1.0995455348560348,0.8366922825445215,0.7281115832634104,0.2096057629014094
qwen-3.5-plus,2,700dbf,web,50,0.3760547406489546,0.50804487278531,2.627363376597546,0.5128313907171526,0.6134510396394047,0.0891081973145703
qwen-3.5-plus,1,700dbf,web,42,0.4902654379123344,0.6100174940243176,0.6817368755347651,0.7958069704743721,0.7383986860733677,0.409847675293411
qwen-3.5-plus,3,700dbf,web,62,0.3923475640266544,0.5814761157852404,0.5819142496224011,0.6283055317744557,0.6753732240956614,0.2323686276914702
qwen-3.5-plus,1,6f5978,poster,50,0.1305662098184964,0.3457286091387272,3.556464056613093,0.1920245620639271,0.5384957760708168,-0.0020518044774425
qwen-3.5-plus,2,6f5978,poster,46,0.0065786395973634,0.320563961718632,3.402717672165793,-0.0951963338353541,0.4744350636135886,-0.1159342368343967
qwen-3.5-plus,2,700a42,mobile,40,0.1191293314328578,0.3817120752090405,2.837634023338647,0.1328537255744986,0.5040777505506379,0.064023513549055
qwen-3.5-plus,1,708a08,poster,40,0.1301358941512576,0.5073762966392936,0.9344798557497044,0.2645916503034275,0.5873847664325784,0.1083560293993596
qwen-3.5-plus,1,700a42,mobile,42,0.0888469373932816,0.3777170450761585,2.263210462100572,0.013105653520188,0.5328716766367642,0.074162134147301
qwen-3.5-plus,3,700a42,mobile,30,0.064158255738981,0.3194774753542938,3.47047453995993,0.0735771121434681,0.4875688887747973,0.043539543875041
qwen-3.5-plus,2,708a08,poster,31,0.3547670084308337,0.5275777134317037,1.119453015153393,0.4790828016542658,0.6150335253900072,0.2687988422169686
qwen-3.5-plus,1,709b8f,desktop,46,0.575473169026651,0.5474185969082055,0.7696943295226868,1.1797072051541366,0.7976661527125267,0.5660417078332906
qwen-3.5-plus,3,708a08,poster,48,0.1363050837405865,0.4871311461125686,1.0346748967374526,0.139653590339621,0.5399161729316847,-0.0688300725158969
qwen-3.5-plus,3,6f5978,poster,47,0.0037120688800927,0.3346245171702423,3.2031982970952937,0.0339681278318304,0.5290941849099478,-0.0547843513901877
qwen-3.5-plus,3,709b8f,desktop,47,0.5085104964885607,0.5216497508863419,0.8121287387250711,1.020972797203972,0.782471312085214,0.510251631788845
qwen-3.5-plus,2,709b8f,desktop,80,0.087251649505909,0.3508749140242503,1.5870884744455775,0.2892640149170238,0.5966767793681016,-0.1815936488570655
qwen-3.5-plus,1,7142a6,desktop,48,0.3685854553687442,0.4329298783574499,1.4200994270427314,0.6970359136957107,0.6481902618011608,0.364667447882896
qwen-3.5-plus,2,7142a6,desktop,40,0.4424025479789421,0.4827861903071779,1.211041995077446,0.8259778657609765,0.6972182702960958,0.444883337484568
qwen-3.5-plus,3,7142a6,desktop,36,0.5679836416292956,0.4928525842265981,1.491451159051032,1.0307585228548664,0.6966213308148846,0.5692825271101607
qwen-3.5-plus,1,714584,web,50,0.2263544702493408,0.4609944040183857,1.1759401538144671,0.4418659122632414,0.6440729460103962,0.1798140205860009
qwen-3.5-plus,2,714584,web,49,0.2577904339930533,0.4603532763455442,1.2451905910829055,0.4923797425773521,0.6545963001727596,0.188361515253787
qwen-3.5-plus,2,70e38d,mobile,49,0.3627613137376975,0.4211778329592107,1.5268521300574935,0.8216067223368502,0.6746286641980378,0.2640453059395795
qwen-3.5-plus,3,70e38d,mobile,48,0.4415194877860644,0.3896899522108972,2.4888962839748485,1.1058313347404851,0.682045706105086,0.4107169683598512
qwen-3.5-plus,1,70e38d,mobile,56,0.2480227959483325,0.3759294566641532,1.5766113856232942,0.5424741743545176,0.6819505992533544,0.0974382810316484
qwen-3.5-plus,3,714584,web,48,0.2007873677693087,0.4600855714967011,1.1567272434538192,0.393369541535338,0.6281523033442293,0.1473951831603809
qwen-3.5-plus,1,70d755,mobile,46,0.465110606077456,0.4663603309176573,1.980569195716221,0.7395871974327574,0.7431960960668054,0.4719707524002022
qwen-3.5-plus,2,70d755,mobile,40,0.4076914018746853,0.4376619710818347,1.876574530971916,0.6175171974809641,0.705701787891993,0.4302740974481165
qwen-3.5-plus,3,70d755,mobile,50,0.5028574426881417,0.5205082081817585,1.6703024499863235,0.941901077290242,0.7662217292636633,0.5072084308281294
qwen-3.5-plus,1,719127,poster,55,0.3919126538197143,0.4337792730627052,2.169308478021004,0.6934692447879213,0.7436858125908767,0.3227064001154313
qwen-3.5-plus,2,719127,poster,40,0.4620182502498742,0.4583258481812187,3.3369507002147483,0.7185030095954313,0.6240727599599535,0.3925224119609916
qwen-3.5-plus,2,719c30,poster,50,0.6025680721210778,0.5059435005069955,1.7914455020173818,1.2115730918251757,0.7549518662285924,0.5060212117665828
qwen-3.5-plus,3,719127,poster,48,0.6891895262549219,0.5526064986083771,2.2527406157927254,1.322328887383684,0.7234597061591357,0.6414833895717262
qwen-3.5-plus,1,719c30,poster,48,0.6251993560614442,0.6059337920982748,0.7718904670215059,0.9812334366983764,0.7866315441276381,0.5427521911236195
qwen-3.5-plus,3,719c30,poster,40,0.4055053294548505,0.4101644773063457,2.936070212092077,0.6879629400347554,0.7561556296066999,0.3737647287416542
qwen-3.5-plus,2,71a0b1,mobile,40,0.5341521731611425,0.4910313794112792,2.433101960963985,0.8777254204082604,0.5916451988320175,0.5444772112198488
qwen-3.5-plus,1,71a0b1,mobile,45,0.4351115613257362,0.4653946251648745,1.406542870787123,0.873642916475662,0.6986230207757392,0.435185202782044
qwen-3.5-plus,3,71a0b1,mobile,32,0.5563950569082459,0.4778335653061018,2.1846479814194755,1.100322692009336,0.7041196882817442,0.5733042964351875
qwen-3.5-plus,1,71e30d,web,40,0.303713006703819,0.4812961038563592,1.2989279221089594,0.4981613925328245,0.640400916152633,0.2236537858183285
qwen-3.5-plus,2,71e30d,web,47,0.3851500549755804,0.524310558435725,0.9676130681868296,0.6687504437337719,0.6834588486379096,0.2976268394982561
qwen-3.5-plus,3,71e30d,web,46,0.1810668015113338,0.4482042910742019,1.3190933908313536,0.2929114515023978,0.5984076722768981,0.0982301643586289
qwen-3.5-plus,1,71bf79,poster,40,0.3979244621901628,0.4100327976678093,3.2106343344980255,0.8239479044766926,0.6479707189146445,0.3750974808870362
qwen-3.5-plus,1,721348,desktop,40,0.589672824317055,0.5691843273373047,0.6530248568741985,1.4129566075807802,0.8480738633850369,0.529043606274206
qwen-3.5-plus,3,71bf79,poster,46,0.4157939232966949,0.4194456540664851,2.8710130680207246,0.8551524864529184,0.6545037715976565,0.4134837903129381
qwen-3.5-plus,2,71bf79,poster,40,0.4090586333854312,0.432450688658377,2.135599013443881,0.8286889934291573,0.7332406972181905,0.3950606698438321
qwen-3.5-plus,2,721348,desktop,49,0.6246951558591805,0.5275531523499835,0.7082424986144101,1.4773937867271478,0.8669297488578656,0.5805350018495208
qwen-3.5-plus,3,721348,desktop,48,0.5878028220551044,0.5392750063873883,0.7042552115259008,1.3852232776030873,0.8468457532475318,0.5315172857910361
qwen-3.5-plus,1,72156f,poster,48,0.0752252765108041,0.4339284851785307,1.1255130624450294,0.095199769724343,0.533634205297918,-0.0077411588755082
qwen-3.5-plus,2,72156f,poster,40,0.1218534353002784,0.4460206108017505,1.0713055166950451,0.229041358649576,0.5700427325422588,0.0087546802215527
qwen-3.5-plus,1,72062c,web,34,0.4377324460923493,0.4469857706883384,1.7875715103805805,1.1149212208721424,0.805163243184586,0.4206706360403309
qwen-3.5-plus,3,72156f,poster,39,0.0410207404531693,0.3947770930792425,1.4649478736305537,0.0957381785102029,0.5445920749747698,-0.0193125066349253
qwen-3.5-plus,2,72062c,web,30,0.2712389412193331,0.3305452533469936,3.3643097834048867,0.5828768267889942,0.6859980014662335,0.2585216030485617
qwen-3.5-plus,1,722b8c,poster,45,0.5545864308569292,0.583481883696046,0.6235673736946961,1.139391252976543,0.7860416697743908,0.5757953393610981
qwen-3.5-plus,2,722b8c,poster,43,0.6367232649114489,0.5791400413704426,0.5824619766858009,1.21732716694411,0.8037292323345708,0.6494945643050775
qwen-3.5-plus,3,722b8c,poster,40,0.4751251587205168,0.5439161513695037,0.7346252933385294,0.9984521511810976,0.7698404352082976,0.5128797285541835
qwen-3.5-plus,3,72062c,web,50,0.3429488857835767,0.3625591356436365,2.3510235238756896,0.93510555675907,0.6736681078581979,0.3740272465583865
qwen-3.5-plus,1,72b54f,desktop,50,0.5603670262700341,0.4264132136638855,1.1123899814114284,1.3979705374131777,0.7866076050748648,0.5774855878605862
qwen-3.5-plus,2,72b54f,desktop,45,0.6010209140578142,0.4736387697682367,0.9428879612708224,1.4364408081929478,0.8216212268647701,0.5663591075488682
qwen-3.5-plus,3,72b54f,desktop,48,0.4906813223808374,0.4228472598629836,1.043855052131751,1.1542738508800678,0.7843103078518022,0.3103247685779466
qwen-3.5-plus,1,72cfd2,desktop,36,0.5330545578160062,0.6210566928052463,0.6142260166129141,0.7648581310969957,0.7166113921428038,0.5210186506966944
qwen-3.5-plus,2,72cfd2,desktop,40,0.3580122611076193,0.5566883087611112,0.7986693238196438,0.4847442231141198,0.6453770684278394,0.3109661807272246
qwen-3.5-plus,1,72aff7,mobile,48,0.3598579616392624,0.3981128458298174,2.628528384111256,0.6250873983138917,0.6423278824626009,0.2518392113112126
qwen-3.5-plus,2,72aff7,mobile,50,0.3947778216289449,0.446983931480763,2.3130340945325063,0.6572377342624265,0.730275567932883,0.2738167838566407
qwen-3.5-plus,3,72cfd2,desktop,64,0.3317882401031408,0.5476629828578,0.6783873195020467,0.4172230961710086,0.6410357325204266,0.1401393330376266
qwen-3.5-plus,3,72aff7,mobile,40,0.4317333138152649,0.4748975808268147,2.077952272502369,0.7356274414464071,0.7411162190945582,0.2973445133015538
qwen-3.5-plus,1,72e45e,web,62,0.5189918641593707,0.5681194348283857,0.8446751331026879,1.2019737417366836,0.8233175824896272,0.268441310954821
qwen-3.5-plus,2,72e45e,web,52,0.1065613883712953,0.3009865141323417,2.0045467240903996,0.1991629048105884,0.580553880522531,-0.08159862984739
qwen-3.5-plus,3,72e45e,web,38,0.1525876958727011,0.3910614278461536,2.254282345455219,0.4401056354511077,0.7188521931059665,-0.2223732621372323
qwen-3.5-plus,1,73386c,desktop,45,0.6027049700769457,0.5786684672277513,0.7407705333036299,1.1444484338716836,0.7825368793358964,0.5916096543909781
qwen-3.5-plus,2,73386c,desktop,40,0.5430385900534935,0.5244260377887568,0.8674394611290996,1.0969776876374295,0.7476345370887693,0.5271609318537049
qwen-3.5-plus,3,73386c,desktop,48,0.0845394084661155,0.3115411878653966,2.427687723085795,0.1601933130130941,0.5532393280726497,0.005572727567154
qwen-3.5-plus,3,731c85,mobile,41,0.0644134484678105,0.3717760700693709,2.106612349749267,0.0489234423163401,0.5162411200165973,0.0018269926817937
qwen-3.5-plus,1,731c85,mobile,35,0.1254597694923628,0.3442628585510618,2.7115178320801365,0.2005259832169298,0.5501170323648032,0.0599576969215101
qwen-3.5-plus,2,731c85,mobile,45,0.149103906978096,0.4015607587873399,1.9162182794917555,0.178539546902703,0.5615289421592987,0.0807947285380144
qwen-3.5-plus,1,73ada1,desktop,40,0.428881768540204,0.476338096237682,1.490564982762932,0.9822803871732362,0.7689113418470797,0.3933852920905527
qwen-3.5-plus,2,733bb9,mobile,35,0.2054096229192638,0.388282708290728,2.2124246213685224,0.3959988156137455,0.6466637729245241,0.2073788517698052
qwen-3.5-plus,1,733bb9,mobile,42,0.2992133821921278,0.4294311758221252,1.6451931697413178,0.7045154516287505,0.700371909209439,0.3112343147235339
qwen-3.5-plus,3,73ada1,desktop,49,0.4137646741256834,0.4763403975269797,1.3471494085914313,0.9404634644629218,0.7633001761800966,0.3275548350352672
qwen-3.5-plus,2,73ada1,desktop,49,0.3593668413940376,0.4349174443623413,1.321184725029071,0.8256452937424479,0.7405667783675808,0.3353646256135147
qwen-3.5-plus,1,71bc07,poster,48,0.4091458930955178,0.3101426122601513,4.286688021866238,0.7739345064667087,0.5213521367646503,0.3752924536744059
qwen-3.5-plus,1,73bdee,web,42,0.2458545641521197,0.4835087336192698,0.9523745562829063,0.4154308147908099,0.6259992787246317,0.0682808128858205
qwen-3.5-plus,3,733bb9,mobile,41,0.3454697519729967,0.4352435542017988,1.630106745528212,0.8255861482114357,0.7136208273959921,0.3612048760013193
qwen-3.5-plus,2,73bdee,web,52,0.5138064052298421,0.5776782422320501,0.592173176919857,0.7856772416070978,0.7423272072240485,0.33783346256132
qwen-3.5-plus,3,71bc07,poster,40,0.2262531074194221,0.217597043606349,4.875330050538112,0.4429054863061986,0.4165264019566406,0.2009808216959002
qwen-3.5-plus,3,73bdee,web,41,0.3620031633755168,0.5030208788671612,0.9825701953170682,0.5739023383057524,0.6933007303541152,0.1946509950261148
qwen-3.5-plus,1,73d5d7,web,40,0.2070950084329715,0.4714021653605155,1.110008991999876,0.2979503410408189,0.5979477027956916,0.1224525630653329
qwen-3.5-plus,2,73d5d7,web,49,0.1392441928552257,0.4252644996717384,1.952951530581633,0.2278231804622542,0.5606544649074511,0.1139249520576925
qwen-3.5-plus,3,73d5d7,web,56,0.076393549434411,0.3825320017582059,2.3845778508822137,0.1022037820521448,0.5140285254215196,0.1358354950571927
qwen-3.5-plus,2,71bc07,poster,50,0.4816328899067327,0.4004901316591005,3.2060612100210695,1.1935175773123228,0.6552697482985728,0.452900929452981
qwen-3.5-plus,1,742a95,desktop,41,0.5441136384828265,0.5285692019820929,0.8004451173556175,1.0979847344914684,0.8289158531640004,0.5579646135413856
qwen-3.5-plus,2,742a95,desktop,45,0.2954064561345844,0.3954072914260759,4.198973732943745,0.5970764914260763,0.5390006493821593,0.328732670233692
qwen-3.5-plus,3,742a95,desktop,40,0.5755235540336257,0.565556006873773,0.6904802168904238,1.124614335139312,0.8173261341918274,0.5869734876679572
qwen-3.5-plus,1,74afe3,web,40,0.3024195139692629,0.4856883983538141,1.343981488404974,0.4673991905009868,0.6777516505386224,0.2694497762525638
qwen-3.5-plus,2,74afe3,web,50,0.2775818701337376,0.4513183470174559,1.18540409609101,0.4487042596418714,0.625585138084694,0.2347156373768857
qwen-3.5-plus,3,74afe3,web,46,0.318713687919033,0.4665463405676128,1.3912404423039906,0.485915184184772,0.6534599870401041,0.2969127375910331
qwen-3.5-plus,1,741c3a,mobile,44,0.4181138428312145,0.5022265699386008,1.3843220460047905,0.6884333922716788,0.7399254639860463,0.24794897597474
qwen-3.5-plus,1,74db3f,mobile,49,0.4707935905299688,0.5068404740141661,0.8055508373061859,0.902730458223693,0.7381110729225583,0.4524763982272036
qwen-3.5-plus,2,74cb9f,poster,39,0.3346800821035357,0.5131928533637697,1.0802553412559917,0.5721565886024336,0.6607338340508995,0.3501607492889858
qwen-3.5-plus,2,74db3f,mobile,47,0.5666377221227057,0.5204615143812024,1.7283095950558418,1.0160316320807483,0.7477638057448607,0.5448854559497285
qwen-3.5-plus,2,741c3a,mobile,43,0.3256278284573016,0.4362419712061889,1.9792145406783712,0.6017949920425976,0.7172893572365362,0.1070683544049812
qwen-3.5-plus,3,74cb9f,poster,46,0.370704619556625,0.5299181954007401,1.0602276571628526,0.6889272299589165,0.672893107901813,0.3554420894914055
qwen-3.5-plus,3,74db3f,mobile,45,0.4258910039943163,0.5071586284260188,0.8737946674861017,0.8181457163497522,0.6912615400725441,0.3924958671530672
qwen-3.5-plus,1,74cb9f,poster,46,0.2779504588665402,0.5103791728703374,1.1325367266765856,0.5415181656003509,0.6461600789835089,0.2885683142387669
qwen-3.5-plus,3,741c3a,mobile,30,0.3662266321631793,0.4541753536644555,1.6867979638886768,0.6468556206722583,0.7722465920177869,0.1776547718604771
qwen-3.5-plus,1,7527bb,mobile,40,0.4131638462936488,0.4470024164200682,2.0836464720431596,0.7005139075085315,0.7017912451982229,0.4358941039391991
qwen-3.5-plus,2,7527bb,mobile,44,0.3279464722747134,0.4804078443980121,1.197611344883636,0.5553900866046341,0.7038125280318003,0.3836552041855176
qwen-3.5-plus,3,7527bb,mobile,40,0.4551499255004205,0.5198861386117767,1.1285712060833188,0.7550984570825633,0.7401023646202258,0.4565314238343644
qwen-3.5-plus,1,74e427,mobile,40,0.1915277385319431,0.3744703876451263,2.088223542379433,0.3862210769482156,0.5963668979136547,0.2781258145874527
qwen-3.5-plus,2,74e427,mobile,41,0.1977117344791744,0.36589744437532,2.404214069662473,0.3668965287970133,0.5761533011143276,0.2813693390140964
qwen-3.5-plus,1,74edd4,mobile,30,0.1759817639507485,0.3612202573613069,3.527610255183329,0.285275561980725,0.5330501555969207,0.0104306901433553
qwen-3.5-plus,1,7542d4,poster,66,0.6713642034997356,0.5481165010826465,0.6634587672217973,1.5675615997093089,0.8572449121475161,0.6256276658533363
qwen-3.5-plus,2,74edd4,mobile,50,0.0791918875870846,0.4189956291288138,2.4747746267462545,0.0668948165713112,0.538636849100893,-0.1155967436185804
qwen-3.5-plus,3,74edd4,mobile,45,0.1312243186539425,0.3854016598421041,2.2265701968583205,0.1201439503227569,0.5719077941254747,-0.0284019939161707
qwen-3.5-plus,3,74e427,mobile,40,0.2594556518074254,0.4419409271154313,1.850613057139677,0.3383423360404794,0.6139847905035065,0.2198541894708497
qwen-3.5-plus,2,7542d4,poster,45,0.6446883175027522,0.5635204437515391,0.6556452504051293,1.5529780015438688,0.8585235084894315,0.5945286988130966
qwen-3.5-plus,3,7542d4,poster,43,0.6690028364672533,0.5542616248884872,0.7097561958223761,1.5942475316480604,0.8443008180073432,0.6226136318670199
qwen-3.5-plus,1,75361f,mobile,50,0.055161769399738,0.2460686005957936,4.507914843105558,0.0076363240167301,0.4455739964899028,-0.0241423987267841
qwen-3.5-plus,2,75361f,mobile,39,0.037601734445417,0.3350177805032584,2.805396821736272,-0.0240375828504865,0.4963154486200654,-0.0297389011588863
qwen-3.5-plus,3,75361f,mobile,50,0.0808684898762824,0.3757740500341942,2.7139240048252375,0.0561173353560617,0.4998023230376197,-0.0741206770505432
qwen-3.5-plus,1,755429,mobile,40,0.5481653951099288,0.509714930127184,1.603685290109496,1.145239679417542,0.7940030141170524,0.4937134825977944
qwen-3.5-plus,2,756eac,mobile,48,0.4054525554458336,0.4394228878317814,1.49617526828882,0.862246966275044,0.7186624267738608,0.3462688112306662
qwen-3.5-plus,3,755429,mobile,45,0.4981390667892119,0.4901397180010155,1.5286673557239991,1.0742656739443075,0.78417408882384,0.4434761084793463
qwen-3.5-plus,2,755429,mobile,50,0.5606351230412756,0.4972025691222067,1.5525395429283009,1.079367649716222,0.7725123371514403,0.5120473625805293
qwen-3.5-plus,1,756eac,mobile,40,0.3877254808226752,0.4287794775800047,1.4493854970165758,1.1903708584200148,0.750359600967605,0.3456851462217722
qwen-3.5-plus,2,757ade,mobile,31,0.3030439451819831,0.3905929167170585,2.822974590945773,0.5502373709621222,0.5974671296714965,0.323363091189583
qwen-3.5-plus,3,756eac,mobile,40,0.4414301164583261,0.4290402866421905,1.6771216444346986,1.1301710084204983,0.7256815026275435,0.3989397492651908
qwen-3.5-plus,3,757ade,mobile,40,0.2148730979783356,0.3737520211022543,3.2479145721074834,0.4722803542104386,0.560264146639275,0.248730008853025
qwen-3.5-plus,1,757ade,mobile,48,0.3534352662693601,0.4729964721251505,2.1075300857493904,0.6085337474381096,0.6116324731992228,0.3687370762118092
qwen-3.5-plus,1,7613f2,desktop,38,0.6925212908407543,0.6323709912813278,0.6236710272805177,1.4819248305169062,0.8407127550663677,0.7125149300298917
qwen-3.5-plus,2,7613f2,desktop,72,0.6203576075152657,0.5280033179546038,0.9620997940479202,1.2855179781003865,0.7777466089501208,0.5823442980848385
qwen-3.5-plus,3,7613f2,desktop,49,0.6888016072076444,0.5912972568735968,0.6874387086884501,1.446598027147931,0.8280399042605396,0.6919169146923545
qwen-3.5-plus,1,75c4ec,poster,40,0.1815030639251643,0.4025013084266863,2.0220280973117495,0.3291637508619245,0.6092274485238459,0.1124306328275446
qwen-3.5-plus,3,75c4ec,poster,40,0.1126622728045244,0.3772082771580991,2.1281455618965355,0.1990345248895907,0.5993657216911107,0.0869565749699144
qwen-3.5-plus,2,75c4ec,poster,54,0.1923366135561,0.4048937816949317,1.7490412982442467,0.3233645324326097,0.6176628872902554,0.1538160572975535
qwen-3.5-plus,1,759dc4,mobile,34,0.0940224077995468,0.3424520191419695,3.3978744000096124,-0.0018949584131604,0.5211373901778108,0.0276811097978832
qwen-3.5-plus,1,762fc4,desktop,47,0.415825209367586,0.5180019160280549,0.8624154216532838,0.8685330767420603,0.736198920760411,0.2891357253489639
qwen-3.5-plus,1,761c36,web,31,0.1292942025029307,0.3797531361033112,3.7473114853275833,0.3195493382390392,0.5411052592137062,0.1241433674781121
qwen-3.5-plus,2,759dc4,mobile,32,0.1629658865105582,0.3619566897496097,3.015615906506835,0.0093016416664943,0.5478612601802417,0.0971403909252928
qwen-3.5-plus,3,759dc4,mobile,50,0.2267312047570003,0.4339508652799496,1.9027230472923324,0.1690819810777553,0.5978723684224583,0.1438313782558985
qwen-3.5-plus,2,762fc4,desktop,49,0.5741033842899999,0.5765313221459485,0.5948753962179416,1.1508184884958423,0.8080820940474569,0.4865310455849238
qwen-3.5-plus,3,762fc4,desktop,45,0.4662392343813913,0.5089768548527358,0.7518489315350219,0.9028103641545564,0.757556916549214,0.3793539768306821
qwen-3.5-plus,1,763161,mobile,40,0.6001772454010325,0.6090020865866509,0.8004137741382095,0.8355551699539387,0.7285853521554935,0.411183165884931
qwen-3.5-plus,2,761c36,web,49,0.3660274825594405,0.4941848360197707,1.122164714344004,0.8049291802818304,0.7340220649334227,0.3660455944014741
qwen-3.5-plus,3,761c36,web,41,0.4871036018998141,0.5073655184770469,1.2694313551834313,1.0022543967867266,0.7373235925730885,0.4858084675027213
qwen-3.5-plus,2,763161,mobile,40,0.6186930396865581,0.6423639398348013,0.7313705177386176,0.8992134141629387,0.7232985943782871,0.4370732982263
qwen-3.5-plus,3,763161,mobile,40,0.6035954404320638,0.5984062068071676,0.8443112581506712,0.8472629273318896,0.7218905120672232,0.4500636437351061
qwen-3.5-plus,1,76822c,desktop,49,0.2366281888177678,0.348043435364325,1.4161195012503878,0.4921212614859991,0.6481876492631169,0.2523779918119235
qwen-3.5-plus,1,763560,desktop,48,0.5286235753724035,0.6032185133470012,0.560655909636078,0.8856926249820608,0.7529757384636048,0.442215373616375
qwen-3.5-plus,2,76822c,desktop,41,0.200781859840551,0.3178290234352297,1.5275039320131871,0.5023581728971389,0.6275002831761873,0.1896212798822366
qwen-3.5-plus,3,76822c,desktop,50,0.0031097454082325,0.2608507753722708,1.9270886665738416,0.1183918970320496,0.5707181645182811,0.0337692346819538
qwen-3.5-plus,2,763560,desktop,31,0.5039903301260138,0.5673745027253232,0.9344714100906456,0.7902713319639659,0.7360476700409472,0.4775097551875634
qwen-3.5-plus,3,763560,desktop,37,0.3305223314662667,0.4900771922254852,0.9562268948337138,0.5513852002515653,0.6416348401962072,0.3556260683578177
qwen-3.5-plus,1,76b63f,desktop,30,0.4411859713538725,0.4950116790062735,1.268190684370023,0.7753253677129941,0.6825602811312154,0.4372795503952705
qwen-3.5-plus,3,76b63f,desktop,47,0.3458925053565333,0.433468255345385,1.7237674075933538,0.5852354125810536,0.6483494991349847,0.349057816091067
qwen-3.5-plus,2,76b63f,desktop,50,0.4701912894217215,0.5252685088932054,0.9422625951515688,0.9052882086497868,0.7182194723923874,0.4746817379359606
qwen-3.5-plus,1,76dc6b,poster,50,0.2242765009534386,0.440986342028466,1.1552819880218876,0.4058909570016799,0.6478090035010271,-0.0545382576374908
qwen-3.5-plus,3,76dc6b,poster,39,0.3376913749152536,0.490954162906302,0.9755947707548688,0.6265403320983901,0.697740587209047,0.0950617953756807
qwen-3.5-plus,2,76dc6b,poster,37,0.3236917395004289,0.4709080439693914,0.9746338989319644,0.6118456218656393,0.6853282483544024,0.1456638032367233
qwen-3.5-plus,1,774bc4,web,40,0.246213058037733,0.4413154259292244,0.9726505306211962,0.3402418281053897,0.6436488480939513,0.2531157369347561
qwen-3.5-plus,1,773f17,web,40,0.164127408601138,0.4288507737938116,1.527003114288596,0.2655687502399264,0.6257918223968103,0.1499941221442028
qwen-3.5-plus,3,774bc4,web,35,0.1527807809961987,0.4034829462414873,1.2109552738010658,0.2358351187273044,0.6215159373479824,0.169223660768812
qwen-3.5-plus,3,773f17,web,40,0.166277545277546,0.4244442420282135,1.4875648375211354,0.252993510902287,0.6121000236672078,0.1489548387390753
qwen-3.5-plus,2,774bc4,web,58,0.1237778071716892,0.4452231422864882,0.9752900826560676,0.1975852186802795,0.5377920597474488,0.1473170418375422
qwen-3.5-plus,2,773f17,web,48,0.0879189773670929,0.421100883671807,1.543293592778075,0.0939783955780285,0.5404214736197348,0.0782301910668007
qwen-3.5-plus,1,7760b5,desktop,45,0.1352516526769054,0.2845051177556639,1.9954344788097256,0.2036969096426954,0.5835341880875051,0.1065656078997851
qwen-3.5-plus,2,7760b5,desktop,40,0.4028096794398497,0.3919161714204769,1.861307729352392,0.8222514482867137,0.6737589998991432,0.3478515784025438
qwen-3.5-plus,3,7760b5,desktop,50,0.1137824329227119,0.3031334993137435,2.1900615381007507,0.1910640456378426,0.6047837952019564,-0.0345358324819611
qwen-3.5-plus,1,76e1d9,mobile,31,-0.0119253781179597,0.2330617765032803,5.5045411152845105,0.0550459621328593,0.3881667787945602,-0.1367674719915105
qwen-3.5-plus,3,76e1d9,mobile,49,0.0360151843641634,0.3116191155062629,2.8816670231933545,0.1748602116274418,0.560795106390876,-0.0211877818034282
qwen-3.5-plus,2,76e1d9,mobile,46,-0.1321565412492502,0.2325188895836736,5.45204975809139,-0.1807087532624622,0.3771445263116841,-0.3028779092588387
qwen-3.5-plus,1,781b7e,web,53,0.0593855756589013,0.3367714212542633,2.1501872830532456,0.1263504604498007,0.60269364251223,0.0407956323269408
qwen-3.5-plus,2,781b7e,web,51,0.0141362332911471,0.3495083133656813,1.9545006715007052,0.0620993552393571,0.5409250822650373,-0.0348527716186567
qwen-3.5-plus,3,781b7e,web,49,0.0339060110197604,0.3175156322036966,2.4477706484506054,0.1216870967939688,0.5847924594686061,0.0244236272294803
qwen-3.5-plus,1,7786e5,poster,30,0.3726299424101676,0.4333304731313953,2.5540228458184493,0.8381538869384757,0.6501476637283525,0.2907909009966189
qwen-3.5-plus,2,7786e5,poster,47,0.3379078313694196,0.4387796073269462,1.565201080775248,0.7069977568729188,0.7007014654686936,0.2791495729078824
qwen-3.5-plus,3,7786e5,poster,49,0.4385739447358954,0.5016688928878037,1.2570618015403745,0.9564574785293856,0.7223883859613215,0.3517984693605684
qwen-3.5-plus,1,786754,desktop,40,0.4751044913290559,0.4507634340776721,1.102089402129397,1.1028451801624135,0.8013217900282906,0.3830150973183273
qwen-3.5-plus,2,786754,desktop,48,0.2560451625353008,0.3433055336183271,1.578359230408377,0.6143382965956528,0.6583700117565204,0.2416487819289416
qwen-3.5-plus,3,786754,desktop,48,0.7064872065141615,0.58381643241338,0.8101729275413208,1.7030900346422155,0.8413707929006108,0.6406414305741542
qwen-3.5-plus,1,787aa3,web,40,0.5664841743294595,0.5735147893879025,0.8185024998058266,0.9520690180222336,0.7795158768240847,0.5043551707989021
qwen-3.5-plus,2,787aa3,web,40,0.4675889850866354,0.5327401385956042,0.8472686230764161,0.8081487221914949,0.7697746111917871,0.4147126343162861
qwen-3.5-plus,3,787aa3,web,40,0.4088207470652523,0.5047083890438829,1.0553003863538806,0.681463111734634,0.7637863618931885,0.3734478678746049
qwen-3.5-plus,1,78666b,mobile,48,0.2859663953091756,0.4676168115488412,1.6896786770922412,0.4219687998335062,0.6152590187865026,0.3100280437788981
qwen-3.5-plus,3,78666b,mobile,39,0.3358158765349226,0.4424924649331364,2.0192907015168156,0.5265305584562219,0.6373122112267577,0.3430347587252042
qwen-3.5-plus,2,78666b,mobile,30,0.3228698966679962,0.4235230907095916,2.0696311582051856,0.5325652737165932,0.6466636089275468,0.3194183506738491
qwen-3.5-plus,1,7881e5,web,43,0.1861221972011291,0.4534373189679805,1.4094900647209827,0.3192378535094152,0.6071880562500545,0.1877677125841479
qwen-3.5-plus,2,7881e5,web,39,-0.013951070960973,0.4035782928161783,1.3302586126674978,0.0682116220068449,0.5291704136094043,-0.1184157844741033
qwen-3.5-plus,3,7881e5,web,45,0.2910310601644873,0.4983479066185989,1.2420997174799346,0.5122496923659523,0.6475823912616686,0.2476269073240936
qwen-3.5-plus,1,78b10c,desktop,50,0.3621613105574092,0.4971439937325658,0.9630038082499212,0.5892127555348307,0.6873285750016969,0.3303956462666119
qwen-3.5-plus,3,78b10c,desktop,47,0.3651538325376128,0.5002889889833915,0.9504103629893508,0.6089417317178778,0.6913414396565907,0.3418097911463095
qwen-3.5-plus,2,78b10c,desktop,48,0.4528079874917619,0.5128229659465972,0.9034526352053176,0.7263980197618275,0.7115479133825279,0.4353837363304557
qwen-3.5-plus,1,781596,poster,44,0.0595493617911403,0.3035308858771164,3.711081097083663,0.0599422685707727,0.4637157057078146,-0.0049269845577267
qwen-3.5-plus,1,78ddbd,web,38,0.1612988662321529,0.3943346815891065,1.5447104906893323,0.2055538587050171,0.5622517416435261,0.0600940377620891
qwen-3.5-plus,2,78ddbd,web,48,0.2184939832031196,0.4180179526191729,1.3116237405857574,0.3415523115601866,0.5929887696052701,0.0159947089884898
qwen-3.5-plus,3,78ddbd,web,29,0.1271237559460824,0.375013871358055,1.9869704156478671,0.1858704590337725,0.5575506816985847,0.0185843878368653
qwen-3.5-plus,3,781596,poster,41,0.0544252934818169,0.2759198020147227,4.187601729579745,0.1515608433665832,0.4577850649530568,-0.0515559598675962
qwen-3.5-plus,2,781596,poster,54,0.0446844739702754,0.3208401140585136,3.214664835188344,0.030926012440834,0.5143215145985831,-0.0783639946157861
qwen-3.5-plus,2,78fccc,web,45,0.438128211259381,0.5407353761565202,0.8024417883388071,0.8731914292665268,0.7742094356259159,0.3865216168921735
qwen-3.5-plus,1,78fccc,web,48,0.3838893129510244,0.4860134218875946,1.1853456950810397,0.6897341130251218,0.7449585942638572,0.3842751610342514
qwen-3.5-plus,1,78cb76,poster,47,0.6191144513022462,0.5271050388788954,1.3666232733693446,1.470684160176169,0.8388005918569216,0.5910732177664525
qwen-3.5-plus,3,78fccc,web,49,0.3270560743695268,0.4525432457097572,1.0857741638386105,0.6615592282840443,0.6902146296991001,0.2155187605318402
qwen-3.5-plus,3,78cb76,poster,40,0.5317814519485369,0.5112474091546506,1.8087854953569549,1.196323028013166,0.8206493485071719,0.4828772360456167
qwen-3.5-plus,2,78cb76,poster,40,0.5886310094170878,0.5353763968581311,2.0676559426368346,1.369941215906473,0.7980852169498803,0.5286378782006559
qwen-3.5-plus,1,79e0cc,desktop,40,0.6245491592652213,0.4327959493823532,1.001154065814978,1.7461654300718976,0.8185861703350769,0.5795021391723496
qwen-3.5-plus,2,79e0cc,desktop,50,0.4933923397582063,0.4280756768565266,1.1177637877957172,1.3841566135523098,0.8128341108740149,0.458922546018418
qwen-3.5-plus,1,79672d,mobile,30,0.3288374239164046,0.4786522943819697,1.7383970876986377,0.4145458925926319,0.6652007968236958,0.2475911895694602
qwen-3.5-plus,3,79e0cc,desktop,30,0.6776995019925769,0.4697561591429369,1.0737301698619706,1.89132356967478,0.8000682163216066,0.6391338066096679
qwen-3.5-plus,2,79672d,mobile,40,0.5265099752348473,0.5497896191765494,1.4858230247340976,0.6931075518799577,0.7051533195513503,0.460998499795278
qwen-3.5-plus,3,79672d,mobile,24,0.4262514739711841,0.4509337838321195,2.1384690523944165,0.594790038546287,0.6801992497799251,0.3950013530391008
qwen-3.5-plus,3,79dba2,poster,41,0.5038465903828423,0.4633851608806074,2.7002959916441247,0.9625511987581894,0.6672391213803859,0.4860279070486147
qwen-3.5-plus,2,79dba2,poster,47,0.3880440953230882,0.3697164020773869,3.553543025346523,0.9225392194400788,0.6660250724094818,0.3612172172953514
qwen-3.5-plus,1,79dba2,poster,48,0.612182434017897,0.4982235880483918,2.017786100787776,1.2124800247243974,0.7540430519580136,0.5964943665002685
qwen-3.5-plus,1,7a9967,mobile,30,0.354745398716437,0.4466128613974752,2.189126424513652,0.5556806082094342,0.6829766655072431,0.3574228584403306
qwen-3.5-plus,3,7a9967,mobile,46,0.2979198910404852,0.4596781290834197,1.755011038988322,0.4879381944508939,0.6655071665721327,0.283518849183099
qwen-3.5-plus,2,7a9967,mobile,51,0.3742586472503237,0.4760536916227564,1.681168501164046,0.7050563062095581,0.7083372034898746,0.3565000333096539
qwen-3.5-plus,1,7ac1c6,web,38,0.3514717659137543,0.5494603905905717,0.9343625574725484,0.6028219603085765,0.7006113533928167,0.2628597248767884
qwen-3.5-plus,3,7ac1c6,web,48,0.4290537068129321,0.5888746590401256,0.7692853640427906,0.7434044982436878,0.7111534753956377,0.3429422084692515
qwen-3.5-plus,1,7aad84,poster,51,0.7103457079542728,0.5955283273365513,2.096967065492907,1.1625846096912582,0.7051602171117829,0.6442606962774381
qwen-3.5-plus,2,7ac1c6,web,40,0.3167842997704938,0.5371355257967569,0.989204563250778,0.5646743906078614,0.6890754494457016,0.2340755064528525
qwen-3.5-plus,2,7aad84,poster,30,0.7008784828096503,0.61809103691368,1.1937286973554009,1.222161569887811,0.7986397272488329,0.6650207924600793
qwen-3.5-plus,3,7aad84,poster,46,0.72058302917719,0.619091581233049,1.193785873530497,1.3327302359020603,0.8255839844808645,0.6973454411116586
qwen-3.5-plus,1,7ace2f,poster,42,0.0428938020914574,0.4514901561582681,1.5622857381804174,0.0593037336319523,0.5233342733692933,-0.061883378877248
qwen-3.5-plus,2,7ace2f,poster,40,0.1777091153701312,0.4777490722442996,1.547882934970137,0.2324051797473544,0.5765129519604002,0.115040254343215
qwen-3.5-plus,3,7ace2f,poster,44,0.1307701223207088,0.480684882671225,1.411234022567691,0.2068849118481189,0.5687824896251319,0.0813660898464529
qwen-3.5-plus,2,7afd03,mobile,48,0.4251845406535458,0.4662655963220964,2.235344071722352,0.8367195575093053,0.7057890347962452,0.3576306688967406
qwen-3.5-plus,1,7afd03,mobile,33,0.4784476279031931,0.4201844116605766,2.8943535938870704,1.016538091682916,0.6728642156723581,0.3634435405930258
qwen-3.5-plus,3,7afd03,mobile,30,0.3548314108152479,0.3834466709110879,2.718786100187178,0.664160339106542,0.6566330827031307,0.2908368586551648
qwen-3.5-plus,1,7b6601,web,50,0.5034246164527995,0.515787196733415,0.9382783734515184,0.7668568070760318,0.7354211012363162,0.4660299690521137
qwen-3.5-plus,2,7b6601,web,40,0.2697124340479666,0.4329147096006986,1.1716587102741045,0.4260482416491074,0.6700905082312965,0.2202244958803286
qwen-3.5-plus,1,7b3c72,mobile,40,0.3662584805606109,0.4432115815565879,2.329436379553771,0.3805993849472515,0.6776153447457305,0.2597047492788627
qwen-3.5-plus,2,7b3c72,mobile,45,0.3725507398340967,0.4537271481258346,2.3589933736696733,0.496716083414334,0.6966406802864941,0.2722662810337166
qwen-3.5-plus,3,7b3c72,mobile,46,0.3324955857970034,0.4116954612452756,2.856065334493878,0.5057654838940552,0.6575953754735293,0.2793445288799683
qwen-3.5-plus,3,7b6601,web,40,0.3027193813581348,0.4447154905785004,1.1820225255376906,0.5091982495208371,0.6668514603149744,0.2835009909220116
qwen-3.5-plus,2,7b6c15,mobile,41,0.4146896186576876,0.4641918143608975,1.082626823649209,0.8607616454911139,0.7344361438170457,0.3244302940985106
qwen-3.5-plus,1,7b6c15,mobile,30,0.5555437090339793,0.537654726732768,0.946912211122324,1.3735160551861645,0.8048672327510038,0.5209407347900583
qwen-3.5-plus,1,7b8443,web,40,0.2143584688866513,0.3888757529718275,2.6677791198358447,0.2907810160972831,0.5755962075805936,0.1281781176860295
qwen-3.5-plus,3,7b8443,web,46,0.4249868414940824,0.5052653649412786,1.552207437668678,0.7084796472461244,0.6885948648388408,0.3287933901734233
qwen-3.5-plus,3,7b6c15,mobile,48,0.5626992344043285,0.5463158083149827,0.9691986567968393,1.512287400878076,0.7943501787517238,0.5183926995102457
qwen-3.5-plus,2,7ba4bc,mobile,48,0.4911696659732435,0.4628488972079082,1.6045758314865362,1.1007351338698164,0.7116544070576186,0.4805014796683144
qwen-3.5-plus,1,7ba4bc,mobile,32,0.487920340022653,0.3910577806573458,3.0654259736069704,0.8596447618563338,0.6009564559365602,0.4486681280433758
qwen-3.5-plus,3,7ba4bc,mobile,31,0.5546713197971791,0.4301607298344462,2.6197057439062523,1.241416227159735,0.7066956703787572,0.5591501597119689
qwen-3.5-plus,2,7b8443,web,46,0.256843272075683,0.4090418246451858,2.7045908268052696,0.4112291194359803,0.5682762793402498,0.255304833896774
qwen-3.5-plus,1,7bed0d,desktop,40,0.5721892673734783,0.6379258998065791,0.5440626669501115,0.9368890989805178,0.7617230752550646,0.5600566341214798
qwen-3.5-plus,1,7c352d,poster,45,0.3828297247450593,0.5682988729505739,0.5881804859524682,0.4557455671451223,0.6479808382333982,0.0754618928309417
qwen-3.5-plus,3,7c352d,poster,50,0.4041065325649122,0.5643579771763556,0.5787473039894953,0.496292508269977,0.638835424270669,0.1213507531654528
qwen-3.5-plus,2,7c352d,poster,51,0.2741317778343294,0.5725143758545543,0.6004782770682134,0.3069511193079013,0.5919591464374572,-0.1164397025757765
qwen-3.5-plus,2,7bed0d,desktop,66,0.3717535070442309,0.5526341709782191,0.8843134940554471,0.5573187549211561,0.6751188547167561,0.3006267759441297
qwen-3.5-plus,1,7c2883,web,52,0.3040713025886756,0.5043354318058444,0.8636101192104024,0.4598478342873249,0.6307805314605733,0.3021155651466731
qwen-3.5-plus,2,7c2883,web,40,0.6427583703030564,0.6103479575115738,0.5300944624243011,1.174414843393079,0.7784136807485579,0.644700117468978
qwen-3.5-plus,3,7c2883,web,52,0.2744504845537097,0.5000164367780342,0.8804038606179259,0.4346399794595331,0.6239682145483282,0.2722001760902514
qwen-3.5-plus,3,7bed0d,desktop,40,0.633665836829079,0.6581253045063662,0.492945254851527,1.0281242444946264,0.7737946074380834,0.6017459080277818
qwen-3.5-plus,1,7c4cae,mobile,28,0.1891445073128493,0.3495351560974473,3.1437605742638763,0.5044272824255707,0.5875982989868627,0.1870096945541664
qwen-3.5-plus,3,7c4cae,mobile,40,0.123741287069375,0.36537613051321,3.1296204353057973,0.3784324771359806,0.5645951834658615,0.0803005744820782
qwen-3.5-plus,3,7c5f79,poster,41,0.510467551606423,0.4966416113224278,1.4325939394912997,1.2945598096720017,0.8053250729138083,0.4900260847663578
qwen-3.5-plus,1,7c76a1,web,46,0.4007192386348103,0.5899316295268573,0.5818710807929599,0.5927490179862542,0.7014723423309382,0.2415177505003145
qwen-3.5-plus,1,7c5f7f,mobile,46,-0.1590499378021522,0.2166516534295921,4.872529976148262,-0.1972772767199053,0.3913113469893673,-0.1553484752842949
qwen-3.5-plus,3,7c5f7f,mobile,30,0.0206584325414645,0.2888455470195166,3.851240000403813,0.0918627907687581,0.5079036871358114,-0.0448335913348621
qwen-3.5-plus,2,7c5f7f,mobile,30,-0.0660690059639754,0.2104510032654055,5.197426630274316,-0.0397690492606569,0.4362056777897508,-0.1408460898164604
qwen-3.5-plus,2,7c4cae,mobile,41,0.2318786767362919,0.3881872603144369,2.812022178486509,0.6709261798057233,0.6153153186519942,0.2690690566763128
qwen-3.5-plus,2,7c76a1,web,43,0.2604804430131983,0.5344180527344898,0.7462267213953052,0.3860063703786329,0.643223029799103,0.1666016072636761
qwen-3.5-plus,2,7c5f79,poster,40,0.5684399020130444,0.5129880233896332,1.1549132266453903,1.4468383272211909,0.8425290449526864,0.5441389663817899
qwen-3.5-plus,3,7c76a1,web,40,0.3160474293532482,0.5534994220093323,0.6967670778132629,0.4576971717057012,0.6735934283708708,0.1956337289930425
qwen-3.5-plus,1,7c5f79,poster,45,0.3970887308243879,0.4212514453623614,1.189295534449295,1.06365785365353,0.8020113918101938,0.3681230890741001
qwen-3.5-plus,1,7c8c61,web,48,0.2767012376206493,0.4184378429322035,1.660827822456019,0.5433844958081206,0.5835496770945873,0.2597267553407618
qwen-3.5-plus,2,7c8c61,web,50,0.1369619602278994,0.3726272353618157,1.725017210808995,0.287499602952307,0.629653204123065,0.0847212105075315
qwen-3.5-plus,1,7c98c6,web,45,0.529775155451174,0.5108749573294701,0.7991197983183926,0.9955094913305512,0.7435623254046906,0.4863859164269205
qwen-3.5-plus,3,7c8c61,web,269,0.1940796719985794,0.3962411777472945,1.5798795684102906,0.3315090466693183,0.58977388142916,0.1534638437257085
qwen-3.5-plus,2,7c98c6,web,40,0.579404466451258,0.5362112331190904,0.8087410806629572,1.1691325530425956,0.776982132890191,0.5373392268528501
qwen-3.5-plus,3,7c98c6,web,47,0.5955962994294571,0.5299958463724894,0.820407676789245,1.1625300796353488,0.7593728109087767,0.5655745757251313
qwen-3.5-plus,1,7caa99,desktop,48,0.2810326633321844,0.4773414379472718,1.0215985117674258,0.5887912786821874,0.659556845421573,0.2664970524295446
qwen-3.5-plus,3,7caa99,desktop,45,0.1552886993337887,0.431446373022085,1.192359399822057,0.3533750004540765,0.6128356737125131,0.1728149356485204
qwen-3.5-plus,2,7caa99,desktop,40,0.3718082842736341,0.5025138220676425,0.8898432203956883,0.7405120326133168,0.7418576594431352,0.4044491202673019
qwen-3.5-plus,1,7cc04a,desktop,37,0.5129767257334601,0.5173640192423181,1.0348791285092458,1.067626513743127,0.7779142070444319,0.4478361880328481
qwen-3.5-plus,3,7cc04a,desktop,39,0.5634131367117161,0.5389364662671738,0.6757164080350313,1.1307787826993756,0.793616034268329,0.5236194457716253
qwen-3.5-plus,1,7cf580,poster,51,0.3406712149453024,0.4899154457199663,1.652543414782041,0.5272045849253258,0.6870366097232223,0.2499177520687618
qwen-3.5-plus,2,7cc04a,desktop,35,0.4341961586300413,0.5023799634503608,0.8535476400452844,0.8586976987366552,0.7517402766606164,0.429276462494102
qwen-3.5-plus,1,7cd2e0,poster,48,0.3917968390505341,0.5504318871537439,1.122040253019108,0.5061760345990532,0.6398212330943669,0.362989075249873
qwen-3.5-plus,2,7cd2e0,poster,36,0.5213295095527308,0.5999769294351676,0.8031317647224006,0.7510539883501924,0.7147712221106389,0.5090581488645353
qwen-3.5-plus,2,7cf580,poster,40,0.5109715759627973,0.61151137107604,0.5673121414023715,0.6829923207493601,0.6826883690892769,0.4669537377348409
qwen-3.5-plus,3,7cd2e0,poster,43,0.4666231874051245,0.5783323232506976,1.1295911654238524,0.6287140163201688,0.6948636021191754,0.4544934097499678
qwen-3.5-plus,3,7cf580,poster,40,0.4064179133296778,0.586553076467851,0.8326042858673561,0.5782939428716429,0.6277952495434848,0.3347326091386071
qwen-3.5-plus,1,7d53b3,desktop,40,0.5464296814218894,0.5120672312173995,0.825549023389998,0.919635325316285,0.750927126876039,0.2477354565262068
qwen-3.5-plus,2,7d53b3,desktop,40,0.4701166586348271,0.500267237088693,0.9526911884206026,0.7258706561054011,0.7212386630796331,0.2424557398191991
qwen-3.5-plus,1,7d1335,web,40,0.464240122464141,0.5900959878229908,0.6078214269778506,0.681208434209956,0.7028634746904331,0.4385514494913938
qwen-3.5-plus,3,7d53b3,desktop,49,0.5198575893163725,0.459436483354403,0.8627005384052642,0.93978533275316,0.7699547610201019,0.2521336865069556
qwen-3.5-plus,3,7d1335,web,40,0.3950562375340525,0.5638895179545744,0.8367880263333849,0.5332129164883199,0.6764538386487042,0.3219573938460304
qwen-3.5-plus,2,7d1335,web,45,0.4914302191701701,0.612385378528533,0.5442577609095063,0.6932911366929908,0.699949983211755,0.4244687065798778
qwen-3.5-plus,1,7d5fb2,desktop,40,0.3127825576230405,0.4327394483350349,1.2805026123367145,0.5859978576840528,0.6792467829593307,0.3250025491763396
qwen-3.5-plus,2,7d5fb2,desktop,35,0.3311245627145234,0.4477637057700258,1.4276819562843843,0.6482774807777174,0.7003969997079289,0.3046241702592211
qwen-3.5-plus,3,7d5fb2,desktop,48,0.273098426856423,0.4413517749761606,1.0112164518210751,0.5102663762130574,0.6753694845768894,0.1997037884879605
qwen-3.5-plus,1,7d61f6,poster,48,0.3932527228153107,0.600324047350238,0.6539445533886051,0.5588062585527586,0.6570558231275297,0.3805099841319687
qwen-3.5-plus,2,7ce6d3,poster,36,0.5350190822253038,0.3173175603022595,4.24983903209902,0.8007148267554322,0.538229747590956,0.5206497857509378
qwen-3.5-plus,3,7d61f6,poster,50,0.3619350997266507,0.5587191574873867,0.954795230021918,0.4639955328401152,0.6037122250243439,0.3758139841410633
qwen-3.5-plus,2,7d61f6,poster,43,0.1268613965737057,0.4892776872894138,1.1532586523880484,0.1765206817936868,0.5663722395507224,0.1251374443600119
qwen-3.5-plus,3,7ce6d3,poster,50,0.4121545505195562,0.494906852166358,1.9763542717476112,0.6564898962966337,0.6536285445644516,0.3884181672019222
qwen-3.5-plus,2,7dd59a,poster,40,0.5166476630946206,0.6079538627586496,0.6392687218029196,0.5964994840711036,0.6794917114380656,0.4978394038524288
qwen-3.5-plus,1,7dd59a,poster,40,0.3611689997284972,0.5460503842813826,1.1699466508470282,0.4016230663730553,0.6345131370176665,0.3751928021177753
qwen-3.5-plus,1,7ce6d3,poster,40,0.5774165316321146,0.4557153543255617,2.6419005298796323,0.9210904524421004,0.6746032880026033,0.58237946325954
qwen-3.5-plus,3,7dd59a,poster,50,0.4016618153992983,0.5851930933939284,0.8556463439364477,0.4343374826093209,0.6388847817765684,0.3953979953434624
qwen-3.5-plus,1,7db957,mobile,30,0.4315586147139164,0.4527047010381049,1.7465060574332034,1.063658963953187,0.8027832249176888,0.2843804476090346
qwen-3.5-plus,2,7dec89,poster,40,-0.0094683384407898,0.3991647811003915,1.7940973291600413,-0.0391549327326038,0.5116576596832189,-0.0277421581823071
qwen-3.5-plus,3,7dec89,poster,40,-0.0846036300812239,0.4574508835453271,1.5143748019248988,-0.1902025102232139,0.4520705558176692,-0.1474124659169677
qwen-3.5-plus,1,7dec89,poster,41,0.0887858480606222,0.4897965282638011,1.3268852875817556,0.0755841581560501,0.5354038514796507,0.0289709581777305
qwen-3.5-plus,2,7db957,mobile,42,0.5099379768437278,0.5251900655920796,1.18931816697532,0.975664554813794,0.7980654963074507,0.5367365091696907
qwen-3.5-plus,3,7db957,mobile,30,0.4909115730563753,0.5267342976461542,1.0967409497558005,0.9349672468455557,0.8165831675856285,0.4663323610552685
qwen-3.5-plus,1,7dea7a,mobile,40,0.3863052955717305,0.3658971986721984,3.811709077382468,0.619125313142943,0.5745450353956911,0.3820746818818265
qwen-3.5-plus,2,7dea7a,mobile,46,0.261527842190724,0.359387013145038,3.1414450477067497,0.4243253404200586,0.6130880272731668,0.2600990645889982
qwen-3.5-plus,3,7dea7a,mobile,35,0.4830623952372361,0.4564354502139892,2.543843641513538,0.7618265196552032,0.7251641726899544,0.4940383372848047
qwen-3.5-plus,1,7decae,mobile,40,0.3585441177619838,0.4486525244849321,2.442877182103921,0.7330844059608278,0.6894133450238985,0.3187541495210979
qwen-3.5-plus,2,7decae,mobile,35,0.3183748682048674,0.4352672506059085,2.033526482738128,0.5343602965117598,0.6800140489991975,0.2356024599733818
qwen-3.5-plus,1,7e01b8,poster,48,0.5083665098211081,0.4000229376017627,3.1308500391851295,0.8223610047447129,0.6950818602824715,0.504381874120907
qwen-3.5-plus,2,7e01b8,poster,45,0.5337023432131693,0.559740543754192,1.0487268902283828,0.8293459223574033,0.7417155722123683,0.5090981514051683
qwen-3.5-plus,1,7e2e98,web,30,0.3660616948041824,0.5056992930025268,1.071977075988206,0.645389158039783,0.7329537284571024,0.2616639937200454
qwen-3.5-plus,3,7decae,mobile,47,0.5586978899933257,0.5568995123036214,1.0489681078129391,1.0790588788657334,0.7750770766270557,0.5436836208488728
qwen-3.5-plus,3,7e01b8,poster,50,0.6472810261719724,0.5689824738278353,1.607761322046263,0.9760751201750992,0.7791154701123664,0.6429441807253493
qwen-3.5-plus,2,7e2e98,web,50,0.3261783835932146,0.4782876574828055,1.0644518976328168,0.6295026661341339,0.7143817929369717,0.1973485699558896
qwen-3.5-plus,1,7e305e,desktop,48,0.2523446442691467,0.4389982276682849,1.0642935361846075,0.5378253181021845,0.7276750709673189,0.1101205234372551
qwen-3.5-plus,3,7e2e98,web,40,0.3286117170492806,0.4882008759917934,1.015255877532537,0.5768132488268163,0.6974653222899453,0.2192481878201374
qwen-3.5-plus,2,7e305e,desktop,46,0.358423953420228,0.4625902089378325,1.087927191327126,0.7736889489368793,0.7262535810277677,0.2114246798502383
qwen-3.5-plus,3,7e305e,desktop,46,0.2023324244872932,0.3886536229767039,1.3482785704746478,0.4492407953667493,0.6545764264903632,0.2036873690525505
qwen-3.5-plus,2,7e3369,mobile,40,0.2758135689867909,0.4931883377489089,0.8376737834294228,0.410226341968973,0.6389336794256428,0.2268712309437509
qwen-3.5-plus,1,7e3369,mobile,40,0.3710709496117609,0.522553984046066,0.733190676326255,0.6170227929482577,0.6953337768879692,0.314731838070693
qwen-3.5-plus,3,7e2533,poster,44,0.5585985917077716,0.5595689599818447,1.207247500876492,1.0892651367207895,0.778940836605591,0.5515052205400648
qwen-3.5-plus,2,7e5b71,poster,47,0.3510182574702938,0.5659691754663174,0.6126157556765617,0.4453201825535581,0.6379997802752138,0.3998025977066194
qwen-3.5-plus,2,7e2533,poster,51,0.4283370494010686,0.4714650211269819,1.8311936583253152,0.7638363341426043,0.7189927909151475,0.4728389093861943
qwen-3.5-plus,1,7e2533,poster,50,0.4403241102739754,0.4724151165807059,1.990808520568252,0.7779110575482308,0.7287040065848537,0.4379038588950439
qwen-3.5-plus,1,7e5b71,poster,43,0.4291748410663229,0.6021771071858956,0.5033124207587123,0.5693010090164928,0.6861938271861563,0.415593563853866
qwen-3.5-plus,3,7e5b71,poster,49,0.1885627173026098,0.5224348524491966,0.7786750518798617,0.260668194249309,0.5829020258007673,0.2605521392485229
qwen-3.5-plus,3,7e3369,mobile,40,0.3913076392011331,0.5031080714718772,0.7641183909363759,0.6198056103264626,0.6934430562220093,0.3645506529337285
qwen-3.5-plus,1,7ec75a,poster,47,0.1759692474526756,0.3464199229179757,1.7513051497196042,0.3951777634294104,0.6466396247775978,0.101885655739173
qwen-3.5-plus,2,7ec75a,poster,40,0.1313857709833054,0.3153027049510588,2.189749279347899,0.2279787393605115,0.5952592409042603,0.0943797408406067
qwen-3.5-plus,3,7ec75a,poster,35,0.263818947697185,0.3469789940439831,2.1113203248012167,0.7270572955965727,0.6475376953151389,0.2154527554167005
qwen-3.5-plus,1,7f0091,poster,38,0.1174237862808683,0.5090743697681789,0.9056734688062096,0.1406005667895749,0.5451016814356933,0.0862815645052766
qwen-3.5-plus,2,7f0091,poster,40,0.1422396370975541,0.5390798717041211,1.0269727790179335,0.1296620606415882,0.5419598826277897,0.0829289079446485
qwen-3.5-plus,2,7ee34f,mobile,30,0.3022326050830852,0.3772819229016318,2.9783740352273114,0.5238621031199491,0.6120261898100313,0.1590114454990619
qwen-3.5-plus,3,7f0091,poster,45,0.196919753245721,0.5315137638037792,1.1265375043042023,0.2473691114775786,0.5735778903651096,0.0366178597982376
qwen-3.5-plus,1,7ee34f,mobile,30,0.3483846192894058,0.3928281723538521,3.1267190711678805,0.6783522670308244,0.6241162888423802,0.1724610710155986
qwen-3.5-plus,1,7ee781,mobile,65,0.2150244584845542,0.5615186542633636,1.3051524210759449,0.3047193566302455,0.5874485882724599,-0.0132230336895599
qwen-3.5-plus,2,7ee781,mobile,46,0.1786593560090218,0.5019026653977623,1.6577301312477704,0.3169032805983034,0.5872929860097895,-0.0656882429270362
qwen-3.5-plus,3,7ee34f,mobile,40,0.621825046644507,0.5569909492514513,1.8544314104520911,0.9623807425259115,0.7429322129834015,0.4808309871383576
qwen-3.5-plus,3,7ee781,mobile,50,0.0647879450958216,0.4884979285743551,1.8969924231609228,0.1022985971159435,0.545328608852822,-0.1798105712535885
qwen-3.5-plus,1,7f066d,desktop,47,0.3291224746598939,0.4794813509030803,1.0603784597247257,0.5578240152367593,0.6786313298814086,0.2531396625990861
qwen-3.5-plus,2,7f066d,desktop,40,0.2384247871944609,0.3946038224956846,2.3584755693185953,0.4376142374827986,0.6758050620646576,0.1627229501278807
qwen-3.5-plus,3,7f066d,desktop,47,0.2437381168045402,0.4381703457819281,1.5573928012639917,0.4675417281982567,0.6455349100197164,0.1791206279597662
qwen-3.5-plus,1,7f6c14,web,46,0.2387857591181059,0.5071283806147253,1.1662007941146424,0.3393133580426952,0.6223459882191589,0.19464420256582
qwen-3.5-plus,2,7f6c14,web,40,-0.0354231545882521,0.3020209267428652,3.9104576293280258,-0.0138834380872829,0.5371203570775189,-0.3166312058001611
qwen-3.5-plus,3,7f6c14,web,50,0.1079743310038899,0.4535098073849332,1.609164572697023,0.1250298657964245,0.5723880883999335,-0.003229276693965
qwen-3.5-plus,2,7f6f8f,desktop,57,0.6081680214955388,0.4884765090521106,1.8200818395174112,1.5579738085352506,0.7437187315482915,0.5878619640569679
qwen-3.5-plus,1,7f6f8f,desktop,49,0.66677664896248,0.5083805007040769,1.9896489460496696,1.6170476470758592,0.7202023461603511,0.6439884350521854
qwen-3.5-plus,3,7f6f8f,desktop,50,0.7349084449223289,0.5493587430141049,1.2166932806999695,1.7978616455704275,0.75927176413138,0.7174256578250154
qwen-3.5-plus,1,7f9e3a,desktop,48,0.4538717649547993,0.532099934399388,1.4422708752289817,0.6974666310892246,0.6764092304693468,0.4765221767996139
qwen-3.5-plus,2,7f9e3a,desktop,184,0.0625275766465442,0.2589719783445743,5.258217873397365,0.1608420721083241,0.4293318953185073,0.0266429448914424
qwen-3.5-plus,3,7f9e3a,desktop,50,0.3806938860414985,0.5342122918067852,0.9431185033654158,0.5570959519900583,0.6712490344337022,0.3983214073655819
qwen-3.5-plus,1,7fc716,desktop,43,0.2172322061325335,0.3696299808603369,1.9610847758227845,0.380109741041553,0.6266590953395061,0.2333244003597669
qwen-3.5-plus,2,7fc716,desktop,29,0.1210817480353981,0.3617356986452752,2.348360970362431,0.2278748339290978,0.5816280538467791,0.082802856286078
qwen-3.5-plus,3,7fc716,desktop,44,0.0833528014888432,0.3416570024771527,2.45884897754171,0.1536732018025576,0.5519568002957495,0.1032259758170317
qwen-3.5-plus,3,80126c,web,40,0.6562349443952173,0.6345124720510482,0.5246722440171815,1.0610049975440294,0.7746285872107926,0.6028134526998137
qwen-3.5-plus,1,80126c,web,40,0.7277696923812706,0.6735010508271173,0.4835766910505361,1.2164624105738215,0.7926657254645275,0.6795027511601929
qwen-3.5-plus,2,80126c,web,40,0.69439796083792,0.6265165487576174,0.7294768094101024,1.1370180232102636,0.7694186749976144,0.6361781797029366
qwen-3.5-plus,1,7f957a,mobile,47,0.7564520982284992,0.6696527238516099,0.9409600440229968,1.314903281676464,0.799220924953989,0.6815857198232893
qwen-3.5-plus,2,7f957a,mobile,45,0.7650205576614217,0.661550381518644,0.8598253954729089,1.329910524916992,0.7926108608359197,0.7003725096360132
qwen-3.5-plus,3,7f957a,mobile,40,0.5983010826998292,0.6024889389717534,0.8424490266191837,0.9473005076932534,0.7775113835492494,0.48995085642867
qwen-3.5-plus,1,8087da,web,42,0.4567003155626526,0.4829747273108092,1.285975133033321,0.881337429511008,0.7254159708707767,0.4394344004787625
qwen-3.5-plus,2,8087da,web,40,0.5581163907151308,0.5385476133857223,0.9160676189766976,1.1550592264771289,0.7890043225981964,0.5395536794605176
qwen-3.5-plus,3,8087da,web,40,0.4977611161903585,0.5127237972516935,0.9051924104068506,1.035748420381424,0.7649366231514164,0.4558229551609667
qwen-3.5-plus,2,804d56,mobile,40,0.1935106229987948,0.3483373504284333,2.584270266301498,0.4206689541741231,0.6207090862509785,0.114839927253444
qwen-3.5-plus,1,804d56,mobile,39,-0.1414519861746151,0.2444065424566372,4.584721532649818,-0.2406167610551792,0.3859634101180334,-0.3332622209322202
qwen-3.5-plus,3,804d56,mobile,51,-0.1061099989919861,0.267532111981941,3.5049559608449643,-0.1759125445163472,0.5141050240065143,-0.3817626883392939
qwen-3.5-plus,1,80e896,poster,28,0.120664779463654,0.3600490416718197,2.393146313794981,0.1601171262471304,0.5965174573469697,-0.1608929634629319
qwen-3.5-plus,1,809460,poster,39,0.3650097938990971,0.4107706919896871,2.493110878572618,0.7086662499816474,0.7030700647933052,0.371244677070988
qwen-3.5-plus,2,80e896,poster,49,0.0101413893353787,0.3974133976948643,1.590577352533295,0.1299790556485409,0.5512070320817005,-0.2641293109924924
qwen-3.5-plus,3,809460,poster,49,0.3411814323881447,0.4234474513572029,2.3217303205444138,0.6837857620917049,0.6723318563132261,0.3192090320424602
qwen-3.5-plus,2,809460,poster,32,0.2157230930335058,0.3296391294989401,2.9755615948155953,0.4072360820258784,0.6568092913287215,0.2824792805366888
qwen-3.5-plus,3,80e896,poster,40,-0.0988596386994443,0.2806819197817758,3.2732475473332494,-0.0335368912408651,0.5024233341392593,-0.1838145790569186
qwen-3.5-plus,2,80e107,mobile,50,-0.0289527872392726,0.2827425120578255,3.210652690563027,-0.1419430095824251,0.4363780581279797,-0.0859021528498386
qwen-3.5-plus,3,80e107,mobile,40,0.1537436897382495,0.3057846499001669,3.8837370204553263,0.1721828971742021,0.5989952170510197,0.1276406833662972
qwen-3.5-plus,1,80e107,mobile,41,0.4398608340136585,0.5034513587989646,1.4044253098494426,0.7267690839359471,0.7662202880793686,0.4320707467316169
qwen-3.5-plus,1,815511,desktop,40,0.4826224670355485,0.5563397626603176,0.6913960352537873,1.105035929622735,0.8183529169303501,0.4636068228341822
qwen-3.5-plus,3,815511,desktop,51,0.47771571226197,0.5494206481439021,0.6584451012522563,1.09831727073129,0.8303828190034314,0.4742132203630679
qwen-3.5-plus,1,8118a1,mobile,40,0.1383909554402151,0.3813385867649572,2.838509473060197,0.1612238669341094,0.5516445721224171,0.0862990692433661
qwen-3.5-plus,2,815511,desktop,50,0.5668226626826726,0.5771793783661929,0.5813027354667756,1.2444251046017722,0.8374076591487272,0.5024715754700404
qwen-3.5-plus,2,8118a1,mobile,51,0.3956850665333133,0.504222539071382,1.9631396862067183,0.3741231672693719,0.6228461319922273,0.2932974510491759
qwen-3.5-plus,3,8118a1,mobile,40,0.2388490425975166,0.44182515252887,1.890991011026092,0.2863130216916624,0.6252374989817336,0.1694883744383419
qwen-3.5-plus,1,815859,desktop,40,0.0691383165444421,0.366193961368313,1.449939210460126,0.180139209010819,0.5789127310866546,0.1248770116106351
qwen-3.5-plus,2,815859,desktop,48,0.3904378129345017,0.4378577234533367,1.3260200224976206,0.5915876788318979,0.6914128264447841,0.3971834549444722
qwen-3.5-plus,3,815859,desktop,45,0.466666632861173,0.4737916671316889,1.2616706380290823,0.8409154841474527,0.6904039525917077,0.5080221365887747
qwen-3.5-plus,1,8160e7,desktop,39,0.3448629596253573,0.3570421742232699,4.235272644157411,0.5053153071800435,0.5475992758537205,0.2990560327040566
qwen-3.5-plus,2,8160e7,desktop,62,0.1262023821983637,0.2491449975895768,4.682650070322501,0.1421532699744974,0.5276741595428988,0.0325191328183845
qwen-3.5-plus,3,8160e7,desktop,50,0.5142743604308275,0.5367179345795914,0.9115472194870692,0.841509635227742,0.7034492999808066,0.4616875416912142
qwen-3.5-plus,1,81e5e3,desktop,46,0.628814608723141,0.5916901309242065,0.6300762082668602,1.4015643541833978,0.8452757208422175,0.5538127148763325
qwen-3.5-plus,1,81627a,web,32,0.3558862062142465,0.4610845948683238,2.079517442768488,0.7611718668505827,0.666949088554925,0.3095966276926988
qwen-3.5-plus,2,81627a,web,40,0.2674489359225843,0.4587844408375231,1.706443169803622,0.5560590217945419,0.6270178823851985,0.1871661413374484
qwen-3.5-plus,3,81627a,web,45,0.5721674967024855,0.5520377032882013,0.8546395301668147,1.134570852357677,0.767193457832279,0.5317078350782316
qwen-3.5-plus,2,81e5e3,desktop,40,0.4156152766553879,0.4960374828788905,0.9252469460384598,0.85706320321095,0.7820576216181608,0.2929381182700601
qwen-3.5-plus,3,81e5e3,desktop,46,0.6392732515322617,0.5878225190938505,0.6177893718719141,1.4342736703097032,0.8458634993603109,0.5693345641686146
qwen-3.5-plus,1,822454,web,40,0.2843054206934677,0.4147643486100484,1.3055966988886605,0.5601077170579724,0.7189009895076082,-0.0457639956341194
qwen-3.5-plus,3,822454,web,40,0.2494852846805356,0.4146613390041232,1.523582141600831,0.507370126606195,0.7314236495199078,-0.0362162701579923
qwen-3.5-plus,2,822454,web,49,0.2817105170836409,0.41458989237663,1.3498543516514698,0.5683774053580501,0.7236598569844854,-0.028735955241419
qwen-3.5-plus,3,82361c,desktop,41,0.5682017127594012,0.5310621265335377,1.4245486891359689,1.292343143171235,0.7802921452404737,0.5436468302419628
qwen-3.5-plus,1,82361c,desktop,46,0.4278475679100858,0.4331647117082873,1.936840211185649,0.9362009788839932,0.7339096626972632,0.3878630097785774
qwen-3.5-plus,1,81f2f3,mobile,36,0.1462499489195485,0.3693035260471808,2.780310062606608,0.1540025888217746,0.5996632432713753,0.0358591663513121
qwen-3.5-plus,2,81f2f3,mobile,48,0.2136848148562408,0.3991852145668552,2.427982322208735,0.2731839230921474,0.6383445586621695,0.0976752851955411
qwen-3.5-plus,2,82361c,desktop,51,0.4277444282890871,0.4511744422287156,1.3794173233363207,0.8918375302315693,0.7000677019032873,0.365752706372625
qwen-3.5-plus,3,81f2f3,mobile,40,0.1398539063559751,0.3799833055016676,2.710713388718069,0.2023715913878503,0.617641244492036,0.0301421872936477
qwen-3.5-plus,1,824f2b,desktop,48,0.2565052944025084,0.3997084895503408,1.464810715216191,0.5342238545259184,0.6343150642407249,0.1284898664329813
qwen-3.5-plus,2,824f2b,desktop,39,0.3855403139564433,0.4446228777298448,1.177607187360874,0.7499770737856225,0.6718864392296741,0.280153607696161
qwen-3.5-plus,3,824f2b,desktop,49,0.4828183182445742,0.5243799938901255,0.8849374677604045,0.9416330020384502,0.7592098207900052,0.3934852897310315
qwen-3.5-plus,1,82a8ca,web,30,0.5623646649427919,0.5283880904782833,0.7999048773726416,1.2401772945235652,0.848765291267183,0.3634790208831353
qwen-3.5-plus,2,82a8ca,web,50,0.7627287600125126,0.6512914590750017,0.3958073604820998,1.6818815735700758,0.8882930973623344,0.624158262614753
qwen-3.5-plus,3,82a8ca,web,40,0.7356152305927319,0.6515763246858074,0.4965915687827399,1.5587300816872107,0.8737721261373955,0.5932753444501231
qwen-3.5-plus,1,825f33,poster,40,0.5351645363909229,0.5445695863098651,1.3785031465319866,0.8887395117565842,0.737052898000498,0.451756828294107
qwen-3.5-plus,2,825f33,poster,40,0.3923641204475991,0.4578189709167375,1.696791838640825,0.7047586049638201,0.6968216813357344,0.2817670830036876
qwen-3.5-plus,1,82dad4,web,40,0.5216840927972989,0.5266466837756729,1.148147484507761,1.0424099827763864,0.7780729452330876,0.4903580062357326
qwen-3.5-plus,3,825f33,poster,50,0.6002317762552043,0.5656351256857088,0.9777697393112624,1.162536505137536,0.7554247730905163,0.5068633373122383
qwen-3.5-plus,2,82dad4,web,41,0.420292889599863,0.4522326417796914,2.027219979736482,0.7170254642272335,0.6991751874684259,0.4568728087618827
qwen-3.5-plus,2,813384,poster,30,-0.0097561284461901,0.1293344385654169,6.227254575952003,-0.1150155723193324,0.2281698411521792,-0.0286160306240322
qwen-3.5-plus,3,82dad4,web,37,0.3975812820934052,0.4355380058191057,1.6556183711519616,0.7441980274513574,0.6907665850100013,0.3761642738834495
qwen-3.5-plus,1,813384,poster,34,0.0323181934396489,0.1702935288995742,5.565755053011441,-0.013861807858617,0.3548588476360583,-0.0178203929281288
qwen-3.5-plus,1,82dca6,desktop,50,0.3203325118686565,0.5063871583106233,0.9263230514055676,0.4202278082377286,0.6385490253778435,0.2214000268897976
qwen-3.5-plus,3,82dca6,desktop,45,0.3166180629911956,0.5006059418553188,0.963606541977062,0.4501685125408629,0.6536809859296133,0.253825662855017
qwen-3.5-plus,3,813384,poster,47,0.0791291940922453,0.2359813433937663,4.864757849306137,0.0690479779328306,0.3853567786308449,-0.0540025647081682
qwen-3.5-plus,2,82dca6,desktop,36,0.1717766765149631,0.4480876528863396,1.6503135836218026,0.2027916380431816,0.5872611996801517,-0.0123137378483747
qwen-3.5-plus,1,832f18,desktop,41,0.4185092110536587,0.5491520712374942,0.8843664845638797,0.682481394800212,0.6990315453219158,0.4088921078492828
qwen-3.5-plus,1,83440d,poster,49,0.4828598862877511,0.5179021617044672,0.7675008789010596,0.8098638487740307,0.7396948505126784,0.4753810062913227
qwen-3.5-plus,3,834258,desktop,40,0.2360975241065089,0.4157342913345099,1.4185990773730282,0.3938895021962119,0.6362724072094041,0.2017738526524214
qwen-3.5-plus,1,834258,desktop,40,0.3167938125389887,0.4726848390930201,1.1114722180434635,0.5807307355467157,0.7038793437027772,0.304388344769876
qwen-3.5-plus,2,83440d,poster,48,0.4999532305595521,0.5251201296635906,0.7540529547660723,0.944470075985326,0.7605275655388625,0.4354273207630175
qwen-3.5-plus,2,832f18,desktop,35,0.4903495348962201,0.5704694937246919,0.7184032980553493,0.7968500633534662,0.6986228941989172,0.484226764005363
qwen-3.5-plus,2,834258,desktop,51,0.1201949383714956,0.3957070331955807,1.2147363196255427,0.1812928166946523,0.5732563088172197,0.0872139525909802
qwen-3.5-plus,3,832f18,desktop,48,0.2183662759685784,0.5199681813216629,0.8506853692842047,0.3251557388534319,0.5938693665988708,0.1450962215257819
qwen-3.5-plus,3,83440d,poster,45,0.4355425288207021,0.4801414401017716,0.866407687458808,0.6982330416768012,0.7083301096593658,0.3998449150785855
qwen-3.5-plus,1,837df2,poster,50,0.3802316595933079,0.5133233160801036,0.7768367856035139,0.6405622693999464,0.685896551459602,0.3148515866243354
qwen-3.5-plus,2,837df2,poster,49,0.600044549821503,0.6059276291945087,0.5009824196612495,1.0536024890159053,0.7842680370400094,0.5711530229991864
qwen-3.5-plus,3,837df2,poster,39,0.3223546509634315,0.5188992380465266,0.796967689883924,0.5575774611570883,0.6639927044745619,0.2654011230085848
qwen-3.5-plus,3,83a338,poster,62,0.2975310322203649,0.5067325205486727,1.2801636731749304,0.4339702089979293,0.6097403170361528,0.2920618822701559
qwen-3.5-plus,1,83a338,poster,49,0.3409005437086017,0.5411793533104503,0.7892725768943294,0.494558444277856,0.6453963150884685,0.3409875854488013
qwen-3.5-plus,2,83a338,poster,44,0.2727216969399928,0.4976248565319774,0.7790183376459644,0.4033163847000992,0.6024177603879837,0.2978699556281229
qwen-3.5-plus,2,83575e,web,40,0.1317085690394078,0.3731255529040622,2.825637406253832,0.2079255150722858,0.5242835616580563,0.1273658377931686
qwen-3.5-plus,1,83b5c8,desktop,49,0.3796847722817917,0.4641195244914721,1.2234071881102446,0.8300263209567382,0.7904026191828994,0.182668707110733
qwen-3.5-plus,1,83575e,web,50,0.0581652555837172,0.362231632355223,2.950441310566962,0.0730872504621135,0.5115756074337493,-0.0243305950472281
qwen-3.5-plus,3,83575e,web,40,0.2717570796220361,0.4463059569885253,1.9654077141289472,0.4932969456441007,0.6189079466003192,0.2704058263521471
qwen-3.5-plus,2,83b5c8,desktop,50,0.5071825191230703,0.4552187015122002,1.0333470842068777,1.0919346711270013,0.7548645780810318,0.3446236149596944
qwen-3.5-plus,1,82e138,poster,38,0.294775029459862,0.3869047542519419,1.7805653232878202,0.5938449051068391,0.7626064644839373,0.3172357500101628
qwen-3.5-plus,3,83b5c8,desktop,66,0.4535607512293695,0.4406201579723255,1.0987755652782067,0.9685355779626528,0.7398616355916352,0.2809460966196885
qwen-3.5-plus,2,82e138,poster,50,0.3409642103345148,0.4178252125032374,1.5141092437093235,0.6573892670074513,0.7716668767625977,0.3614875762862384
qwen-3.5-plus,3,82e138,poster,43,0.3403417668040616,0.3973198963131074,2.0262533776123592,0.6798550825038823,0.7399683658636221,0.3687286545804241
qwen-3.5-plus,1,83c9ba,poster,39,0.0813819460994223,0.4259149430460751,1.5711921420787236,0.0952627039799176,0.5487004979268343,0.0218205028677313
qwen-3.5-plus,2,83c9ba,poster,37,-0.029699830341159,0.3859522614122632,1.7507141419248151,-0.0324976238250625,0.5053524634417548,0.0086091341800339
qwen-3.5-plus,1,83ba29,web,49,0.5546268991563357,0.5226707100644001,1.4464179332002804,1.1416448182626768,0.794822997144521,0.4895266755789799
qwen-3.5-plus,3,83c9ba,poster,40,0.0450359003281042,0.4483580455831901,1.467342200784388,0.0304838394448116,0.5153699689068626,-0.002711440139141
qwen-3.5-plus,2,83ba29,web,52,0.5376681483434258,0.5126330173446711,1.4372096674267048,1.1125946774417228,0.7963790440306062,0.4736183508863022
qwen-3.5-plus,3,83ba29,web,51,0.5243963935459843,0.5360004361857442,1.09152653492546,1.023742539442531,0.7807548325817404,0.4168790124852889
qwen-3.5-plus,1,83b886,desktop,48,0.4604338576353485,0.4489005187362796,2.821302630433748,0.9221609220065198,0.6761128796259085,0.4132492650055864
qwen-3.5-plus,3,83b886,desktop,120,-0.0350854240108671,0.3464199577654082,1.38172660719736,0.0202420995550969,0.5179343385947003,-0.0850840861742218
qwen-3.5-plus,2,83b886,desktop,302,0.4029004497133576,0.4543178572697277,0.9119140548255148,0.6311154934724715,0.692812987684013,0.3864254924823037
qwen-3.5-plus,1,83df37,web,37,0.044041414470133,0.3258567065908778,1.658862044374679,0.0130937786708637,0.5540891056159121,0.0327648420999825
qwen-3.5-plus,3,83df37,web,40,0.2517326459724198,0.4017680908318998,1.4562895302158996,0.3150928971567507,0.619356547806194,0.2359818488017555
qwen-3.5-plus,2,83df37,web,40,0.2843892640021682,0.4151740537618721,1.26416578412799,0.3812163578342191,0.6349305753423393,0.2734142791207179
qwen-3.5-plus,1,83f4bd,web,47,0.3424336662432272,0.4579293488322757,1.102142634126607,0.718030707682667,0.692411974747237,0.2359264889239229
qwen-3.5-plus,2,83d7ce,mobile,40,0.129228972718206,0.344864693729132,2.919456054668791,0.4339654341484369,0.6732393911741048,0.0656368730678585
qwen-3.5-plus,2,83f4bd,web,40,0.3337496124638861,0.4814803556388745,1.0838254671975545,0.7424621390812352,0.713328653458603,0.1888678923419612
qwen-3.5-plus,3,83f4bd,web,49,0.3160378562465489,0.4457830723677133,1.0921013317659307,0.7163489865775422,0.6926548523405552,0.2259797528007525
qwen-3.5-plus,1,83d7ce,mobile,40,0.3851235467001266,0.4161081715783041,1.7596651702322137,1.0880897867830976,0.7555622283718993,0.3102542270033959
qwen-3.5-plus,3,83d7ce,mobile,41,0.5262014358679784,0.4906220622837883,1.6863101781988177,1.516629424971521,0.8246121651808617,0.4828246376387323
qwen-3.5-plus,1,848e55,poster,40,0.108573942749099,0.538085824501665,1.3523077065723186,0.1839524503981774,0.5523772509777611,0.0835707708301305
qwen-3.5-plus,3,848e55,poster,48,0.3260014181847581,0.601247701090061,0.7540488053455822,0.397400714829056,0.6027454434074502,0.3230061413733705
qwen-3.5-plus,2,848e55,poster,35,0.1508523132762842,0.5339305363247359,1.0390709605659416,0.1688945604878232,0.5524268482468707,0.1335583329343101
qwen-3.5-plus,1,840bb8,mobile,30,0.1227805578933756,0.294713464152832,4.101077078779732,0.2067890668402807,0.5346528108792582,0.0632975541476922
qwen-3.5-plus,2,840bb8,mobile,40,0.2870858580009626,0.440654487837543,1.6444269077634237,0.4563108266639775,0.732095626748605,0.1915552769603168
qwen-3.5-plus,1,84dc61,desktop,50,0.5578739530701085,0.5482866110938047,1.292046735909007,1.297452369569506,0.8109117223722002,0.5693506750631859
qwen-3.5-plus,3,840bb8,mobile,48,0.2225049895601915,0.3980630110343766,1.7188167224743225,0.3495452907382793,0.67019112459343,0.1390377051172543
qwen-3.5-plus,2,84dc61,desktop,49,0.5530424915552521,0.5241621227479213,1.54337454633546,1.3339906801817436,0.7928576378135685,0.5584977092297876
qwen-3.5-plus,3,84dc61,desktop,50,0.3573617971066251,0.3976655025952954,3.824292450371906,0.9508508114188872,0.6448355185557264,0.4547338978167305
qwen-3.5-plus,1,853933,desktop,43,0.5294858902983186,0.542196593689627,0.9288251787159582,0.7766517989141081,0.6541101890426596,0.5355430748706594
qwen-3.5-plus,1,853a11,web,47,0.4691593948676854,0.6048086788368554,0.5542528446675351,0.685997319326235,0.6855820889790345,0.2754700980891869
qwen-3.5-plus,2,853933,desktop,41,0.4478220628652121,0.5436291868516963,0.9662034268041192,0.6778923431795706,0.6653255901596551,0.4658544717430718
qwen-3.5-plus,3,853933,desktop,50,0.6046522072205454,0.5923375072279189,0.602135309587532,0.941988258752516,0.6927053025736563,0.6091438077986949
qwen-3.5-plus,2,853a11,web,32,0.400579526430216,0.5558428331673511,0.7328545284409681,0.5291985543756355,0.6472508584849977,0.135156910217725
qwen-3.5-plus,3,853a11,web,35,0.353818711661249,0.5719006336810288,0.7325508298286031,0.515656019312617,0.6475333868275979,0.2033051682065022
qwen-3.5-plus,3,849f25,mobile,49,0.2827693765796026,0.354671354587806,2.72518270262152,0.4168632122457466,0.6763536205456422,0.2257460976645642
qwen-3.5-plus,2,849f25,mobile,42,0.1924782265943653,0.3980458071473828,1.825700439760588,0.3166445585979819,0.6200459829405167,0.161894034570819
qwen-3.5-plus,1,849f25,mobile,31,0.2605474205444372,0.4010277757571936,2.310062651411762,0.4674011731157264,0.6475517331969397,0.2010845683879722
qwen-3.5-plus,2,856a72,web,48,0.2658672673523354,0.4166333034623439,1.427396135013475,0.4976931172000812,0.6754855854062775,0.1567434054294221
qwen-3.5-plus,1,856a72,web,55,0.2017724243662721,0.4019300340094311,1.6270740660647798,0.3726315833323344,0.6398587672027388,0.1011345902984197
qwen-3.5-plus,3,856a72,web,41,0.2531554923676488,0.4194123355961128,1.6547518735451916,0.4697036267505725,0.6532547808806819,0.1264064217900122
qwen-3.5-plus,3,85e5ac,web,50,0.5748757677943717,0.5908060182296008,0.6498593958632818,0.8869423724338856,0.7385038474750226,0.5687747799866981
qwen-3.5-plus,3,85b582,poster,32,0.1402456674413683,0.5089235682127597,1.430866399656929,0.1755562563468442,0.5674837140522289,0.0319962722936013
qwen-3.5-plus,2,85b582,poster,35,0.1841064633161553,0.5340994575452478,1.385910640380558,0.2341421932731824,0.580596933896984,0.110356705915372
qwen-3.5-plus,1,85e5ac,web,47,0.6143951454754457,0.6058326896431057,0.530662835775603,0.9948504787871916,0.7448739194061653,0.610892844141243
qwen-3.5-plus,1,85b582,poster,40,0.2020988423918767,0.5526484254152498,1.0986409676463156,0.2605429129835769,0.5914806784893893,0.1329620221791377
qwen-3.5-plus,2,85e5ac,web,111,0.3791078171128045,0.4922832453423977,0.7912444097965212,0.6790268944276086,0.6317042162554408,0.4081675441091878
qwen-3.5-plus,1,857721,mobile,44,0.3333852281944907,0.4638352732242161,1.678795282646645,0.6225355500886168,0.7204370883508846,0.0991097516207672
qwen-3.5-plus,2,857721,mobile,34,0.417450850774521,0.4707443793162944,1.7968974090292562,0.7085061880338883,0.7583358885890441,0.2373234318090953
qwen-3.5-plus,1,862f3a,desktop,48,0.4528849671523791,0.5691455834325754,0.7017583119933308,0.7624517757543585,0.705083678734606,0.3560526964448262
qwen-3.5-plus,2,862f3a,desktop,51,0.3231252191169128,0.5042951810337135,0.8005072707588317,0.4693031645602264,0.6527303380158288,0.2019629818028721
qwen-3.5-plus,3,862f3a,desktop,40,0.4553409184742867,0.5441372714028286,0.8503769272018966,0.7438159006448231,0.7020001198162505,0.4122700756014553
qwen-3.5-plus,3,857721,mobile,40,0.4386649212691733,0.4567327879354931,2.352574262898879,0.7471238925232622,0.6966471699396766,0.275873553494727
qwen-3.5-plus,2,865942,poster,40,0.6213314035597655,0.5666592634529293,0.575865379951715,1.349969062082201,0.8531943240718403,0.5380032088842728
qwen-3.5-plus,1,865942,poster,48,0.6074506462711928,0.5740390268513542,0.5500305447822482,1.3343446137341866,0.8542973009734043,0.5214194120757635
qwen-3.5-plus,1,86500d,desktop,50,0.1791722895400406,0.3674044454659235,2.7075100007469084,0.3173979900798213,0.5922042540008199,0.2691084220191919
qwen-3.5-plus,3,865942,poster,40,0.6079220705283073,0.5794342755977226,0.5696081491295187,1.3561006814753156,0.858048463768591,0.5239020984226511
qwen-3.5-plus,3,86500d,desktop,36,0.2874356781704317,0.4856819316799305,1.0041548571408492,0.4673525520198203,0.6392102082484895,0.2212722661847883
qwen-3.5-plus,2,8675c8,desktop,48,0.0688268399069245,0.3776674005709216,1.715676803995845,0.1056845999150428,0.5478797340994735,0.0683530850883609
qwen-3.5-plus,2,86500d,desktop,50,0.3943449669073876,0.5137868930221987,0.8904474110386189,0.6564150841797034,0.6912319689299147,0.2353378706386417
qwen-3.5-plus,1,868823,poster,40,0.0266138312121326,0.3980419911947922,1.1796753294744955,-0.0338128353255603,0.5569123955429368,0.0883065253933385
qwen-3.5-plus,1,8675c8,desktop,50,0.1616571477568867,0.3789934801503163,3.038865652800304,0.3272177530002518,0.540629434829602,0.0605166312202646
qwen-3.5-plus,2,868823,poster,48,0.260845610899455,0.4946933418313559,0.8759559982518257,0.2844588671030204,0.5945064821624647,0.2925387982807312
qwen-3.5-plus,3,8675c8,desktop,40,0.3371972782930202,0.4770195150328942,0.9198793447485116,0.498705937268178,0.6738572145762131,0.4293913158141975
qwen-3.5-plus,3,868823,poster,50,0.1911954534340954,0.4540751742556503,1.2422795385617549,0.2373894932020989,0.5702046418060821,0.1857198986916605
qwen-3.5-plus,1,862bf5,mobile,40,0.4793362340269047,0.5155135452050849,1.0885101086887667,0.8256883306367474,0.795518472968162,0.3624908755137238
qwen-3.5-plus,3,862bf5,mobile,45,0.3718189690034459,0.4182320276442289,2.342532940718094,0.6338096619062675,0.6640762205296278,0.2861762994004935
qwen-3.5-plus,1,868efa,poster,42,0.5376159899997341,0.5497144051938194,0.7602937700839849,0.9939042361817068,0.7388863523542113,0.4988401550812535
qwen-3.5-plus,3,868efa,poster,48,0.5924968428792161,0.5755094259846832,0.7142322040989131,1.0602133210102789,0.7541897141760318,0.6046238264977853
qwen-3.5-plus,2,868efa,poster,45,0.3978349361270767,0.4925444551574759,0.909371525759538,0.7653883069967699,0.7050238719117511,0.4241674789269098
qwen-3.5-plus,2,862bf5,mobile,40,0.3962740572263997,0.4624862427634343,1.5817747187376383,0.7016813317499808,0.7245717028529819,0.2727297871161263
qwen-3.5-plus,1,86c651,desktop,30,0.4525771192573239,0.4274819083032578,1.289400989172165,1.4562512213640415,0.8900938335596436,0.4508664451569282
qwen-3.5-plus,2,86c651,desktop,47,0.7043603849221595,0.574877294574416,0.6294913623968819,2.158304397880321,0.9132973328543836,0.6709534550458982
qwen-3.5-plus,3,86c651,desktop,44,0.4958926297048496,0.4429416085154234,0.996155697110667,1.4492039022628571,0.8605987767813041,0.4465241336284886
qwen-3.5-plus,1,8709e4,poster,45,0.3660440465798495,0.5264807229763989,1.001643826779233,0.6466071783795376,0.6848064016314326,0.2673998813914598
qwen-3.5-plus,2,8709e4,poster,40,0.4112722100068945,0.5101274427702305,1.4247705380172615,0.6546599576851635,0.6469912386976748,0.3062730842351571
qwen-3.5-plus,3,8709e4,poster,50,0.5168000359263836,0.558289314698467,1.0437160783596449,0.8709617897758318,0.6935034385360784,0.407423780907255
qwen-3.5-plus,1,869868,web,32,0.2636975402716701,0.3923206184678899,2.1878668597201285,0.5334344008362237,0.6867574343975569,0.3050999449277173
qwen-3.5-plus,1,8740d9,web,39,0.4818779319945203,0.5726028323066981,0.5874642903499027,0.751914273465254,0.7184390964147622,0.3607830562319506
qwen-3.5-plus,3,869868,web,50,0.2868254938456871,0.4168226545434139,1.8674900180986729,0.582330243340378,0.7163799821082245,0.2385893632103894
qwen-3.5-plus,2,8740d9,web,36,0.2883960150775382,0.4969352406687431,0.7964215450443507,0.4224228855270122,0.6351923684263283,0.2340136825144926
qwen-3.5-plus,2,869868,web,49,0.3664093367298107,0.4540836822904951,1.593058214657414,0.7331373967259572,0.7202993355993658,0.3197715222600857
qwen-3.5-plus,3,8740d9,web,42,0.4528882951798477,0.5430216660808376,0.6521197310847876,0.6890265734079715,0.6901302665705218,0.359846990517456
qwen-3.5-plus,1,87475d,web,50,0.4008997217887196,0.5086812562073564,1.0937828095604254,0.693623794571586,0.6979792376984613,0.3459043073513604
qwen-3.5-plus,2,86d1d4,mobile,45,0.1278218661539887,0.3767491415578793,2.2121435777798064,0.2386558450712932,0.5887713278487583,0.0270046206824686
qwen-3.5-plus,2,87475d,web,41,0.1462485993563186,0.3910698335352235,1.8454809262511396,0.2930329323321847,0.5797021514112075,0.0735900685049079
qwen-3.5-plus,1,86d1d4,mobile,45,0.161621918850652,0.4056554802852294,2.2230489353494756,0.1503812313995945,0.5704211701552591,0.0817799489968966
qwen-3.5-plus,3,86d1d4,mobile,35,0.2941892244627477,0.433560746596125,2.144157691413367,0.4296676547015375,0.6436370606884759,0.2916657788032696
qwen-3.5-plus,3,87475d,web,45,0.2704940704216017,0.4415264910295574,1.4225261354218792,0.4567333701433432,0.643161058744665,0.2001221891016068
qwen-3.5-plus,2,87b278,poster,49,0.1355404648347058,0.3069715171629278,1.9133129449694024,0.2661577105536252,0.6020751272180245,0.101339046122177
qwen-3.5-plus,1,87b278,poster,49,0.3922271602483345,0.3506244687819013,3.312996104243087,0.7122563711690907,0.6540284424623011,0.3125711746025176
qwen-3.5-plus,3,87b278,poster,48,0.1573071066679381,0.314483017954995,1.8717134243318572,0.1696083058111583,0.6279291034306655,0.1055707786014833
qwen-3.5-plus,1,8770ed,mobile,40,0.3282937190044667,0.4544604504231281,2.039193965292962,0.5333184436302788,0.6420764327746206,0.095588438435706
qwen-3.5-plus,2,8770ed,mobile,40,0.3403918824874002,0.4324566477982602,2.7589494769684997,0.4024487252905486,0.5930453908311568,0.0267721139871244
qwen-3.5-plus,3,8770ed,mobile,30,0.2320568072347767,0.3521628941192941,3.6138750605124,0.4315087232736146,0.5398790979164125,-0.014489707645133
qwen-3.5-plus,1,87f3a0,desktop,30,0.3592119561088375,0.47285991874547,1.523762854260551,0.6344777440926084,0.6703547503128735,0.3471505549172612
qwen-3.5-plus,1,87b0c1,mobile,35,0.5142952253411258,0.5361547010352795,1.1682361867849522,0.8961473559064544,0.7862645914931793,0.2982810799215031
qwen-3.5-plus,2,87f3a0,desktop,48,0.5702890116707977,0.5436794008719341,0.8106200070259174,1.033219728283667,0.7252245465387692,0.5692286154470345
qwen-3.5-plus,2,87b0c1,mobile,40,0.4677973057786818,0.4854052042323749,1.7829193715183818,0.7799390165041665,0.7117531341466558,0.2297738909018566
qwen-3.5-plus,3,87b0c1,mobile,34,0.2465563689713246,0.3900765501883195,2.001880139895354,0.3770590491900994,0.6504133689753744,0.0371916878906943
qwen-3.5-plus,3,87f3a0,desktop,46,0.4918447815379697,0.5315482830070406,1.0941253936671067,0.8262128833845354,0.7231519984987297,0.4910448350353442
qwen-3.5-plus,1,884333,mobile,48,0.550467206328876,0.6149138850345487,0.4762941877666188,0.7703931184268726,0.6868581559251065,0.497201118830979
qwen-3.5-plus,1,882e01,web,31,0.3379686336321834,0.4579220126677432,1.7081354801399231,0.485241502405514,0.6715738453442587,0.3295099566564771
qwen-3.5-plus,3,884333,mobile,20,0.3649521492426493,0.5097369665621927,0.9582447694519292,0.5417371154335339,0.6673744713035209,0.3138060024052951
qwen-3.5-plus,2,884333,mobile,36,0.5970145471949697,0.6278372913439838,0.6047278430500616,0.8493819325348172,0.7156490851058956,0.5388635804131022
qwen-3.5-plus,3,882e01,web,37,0.330306603707257,0.4570343799442062,1.7393339267816177,0.4959114633149027,0.667220191417155,0.3220168081510038
qwen-3.5-plus,2,882e01,web,39,0.2199072968750452,0.4502948234059755,1.303433728847193,0.3063351913023557,0.6306403333679392,0.2203655457196189
qwen-3.5-plus,1,88927a,desktop,58,0.102316457875501,0.3760088067161135,2.0439978930199323,0.2086394013309281,0.5771072416598637,0.2807687627168517
qwen-3.5-plus,1,8898cb,desktop,48,0.6261360206243645,0.4839063502994332,1.7806301809369012,1.513254251062672,0.7413265914772342,0.620051474622151
qwen-3.5-plus,3,88927a,desktop,50,0.1788804310136661,0.402044397366036,2.057344226270919,0.254379561566495,0.5861060506072331,0.1526526168980681
qwen-3.5-plus,2,88927a,desktop,50,0.4071414235775694,0.4871729154720726,1.7880973298815102,0.6546086415340181,0.7043153670766503,0.4539945807526729
qwen-3.5-plus,3,8898cb,desktop,50,0.6217744730310533,0.5176687736553113,0.7864035179200646,1.4306421174259707,0.7857545412822673,0.6142736443572264
qwen-3.5-plus,2,8898cb,desktop,47,0.5961715033818089,0.4661856336585727,2.0646131222728776,1.4325824539309668,0.7128521879826989,0.589908686723179
qwen-3.5-plus,1,8869c8,poster,40,0.4639663152062291,0.5036964891427318,2.012749864163844,0.9460297742761502,0.6928638612198954,0.2835828099721503
qwen-3.5-plus,2,8869c8,poster,40,0.4055697289451678,0.4436517483604382,3.400935103355966,0.7683584676074001,0.5773075079728255,0.2559273450457996
qwen-3.5-plus,3,8869c8,poster,40,0.4270895111083059,0.4790171950916703,2.4099882640403743,0.8631140579761107,0.6931040393540165,0.2997434255412622
qwen-3.5-plus,1,88c36b,poster,48,0.3117933664515624,0.4592903498482847,1.101366411854592,0.7661986470971819,0.6859843092016134,0.2232025294538182
qwen-3.5-plus,2,88c36b,poster,46,0.2258321667066184,0.4297061805859632,1.3637534838744545,0.527620927396321,0.6422873771473869,0.148333709039043
qwen-3.5-plus,3,88c36b,poster,48,0.394739813872441,0.4825818394248372,1.0620676080413864,0.9111257864492752,0.7013932078186115,0.3463737352286949
qwen-3.5-plus,2,88a176,mobile,32,0.5715940064298606,0.5128215035098345,1.583466035647204,1.022612662580768,0.7305101980978039,0.4906130734748996
qwen-3.5-plus,1,88a176,mobile,53,0.1608175403669972,0.3931603652556803,1.7002156544600635,0.2745714748237172,0.5704130752148359,0.0370919621538843
qwen-3.5-plus,3,88a176,mobile,50,0.3761589986866761,0.4614413228506487,1.6591302879723933,0.6984289675024103,0.6779623890768888,0.2639237868536624
qwen-3.5-plus,1,88f13f,poster,45,0.0944985111507676,0.4136223807298111,2.952074258605802,0.1780095116085328,0.5135727496464904,0.0356467396107442
qwen-3.5-plus,3,88f13f,poster,41,-0.1298685674127418,0.3923864741185636,3.568266326764104,-0.1221887504404639,0.4175280745398372,-0.2858253840993603
qwen-3.5-plus,2,88f13f,poster,48,-0.0208410550799055,0.355607166754062,3.3040642032957046,0.0041082987142841,0.4727196952900347,-0.0402860026838673
qwen-3.5-plus,1,88c9d1,poster,48,0.6759220263916556,0.5220471931661288,2.560725948691334,1.0840836482610954,0.661259445502163,0.6566415369423043
qwen-3.5-plus,3,88c9d1,poster,30,0.5892964021942778,0.5248047534131137,1.603776406681258,0.908055282158102,0.79093645338048,0.5415932139978918
qwen-3.5-plus,1,890d33,desktop,38,0.4590295930840528,0.5550813995562146,0.6924499892196323,0.6623511200666267,0.699290725176559,0.422275504810141
qwen-3.5-plus,2,890d33,desktop,34,0.276053359460399,0.4551124412831219,1.3141895404679131,0.3538739602452838,0.5878576887584409,0.2384688698466743
qwen-3.5-plus,3,890d33,desktop,49,0.343119069971825,0.5354868027635733,0.7920275679761994,0.4916451927790671,0.6605179794033986,0.3476169476258064
qwen-3.5-plus,2,88c9d1,poster,48,0.5319445047810298,0.4752004622911122,2.423547904796542,0.7604747837726581,0.7068666743822911,0.4629569550255623
qwen-3.5-plus,1,8a1565,desktop,49,0.1641210346295526,0.4235960106978982,1.1233048358409683,0.3462343793233661,0.6478070531923877,0.0944056110382511
qwen-3.5-plus,2,8a1565,desktop,48,0.2349213946655667,0.430292861908263,1.3323786617482218,0.4435064454151625,0.6195113368988965,0.1643368731662174
qwen-3.5-plus,3,8a1565,desktop,30,0.3540912881300914,0.4512652558942415,1.2790830868952296,0.7440635893802138,0.7061931226387486,0.2878268230745127
qwen-3.5-plus,3,88fed8,mobile,36,0.5822858406456364,0.4811043491760333,1.8229173576076687,1.4990849060641045,0.7254636048675877,0.5686504219128261
qwen-3.5-plus,2,88fed8,mobile,40,0.3749977751153837,0.4133128157405465,1.678858597738663,0.9603159810823608,0.6979773216791396,0.3446378377247472
qwen-3.5-plus,1,88fed8,mobile,39,0.2698308374248094,0.3855819602675688,2.4910447917608796,0.7075141183228367,0.6256440233440758,0.206659668467532
qwen-3.5-plus,1,8a530f,mobile,50,0.3768211157785075,0.3722732413764808,3.1939899989573326,0.7144242061329767,0.6695841952308719,0.3085331417335659
qwen-3.5-plus,2,8a530f,mobile,36,0.2924562338625438,0.3977091844826886,2.700216378738232,0.4899535416053354,0.6234253813909553,0.2917629278962511
qwen-3.5-plus,3,8a530f,mobile,30,0.4727876199595416,0.4537893460561185,2.221115411856557,0.8169771503992229,0.711111243276065,0.4322112567019312
qwen-3.5-plus,2,8a770a,mobile,35,0.3205720907581112,0.3698344574358413,3.711126556983297,0.5572698535525591,0.6127715427933448,0.3349883383325229
qwen-3.5-plus,1,8b0b52,desktop,32,0.3033459083863107,0.5263231734595497,0.9000509222533564,0.3893861690459436,0.6557876490543805,0.306068359769303
qwen-3.5-plus,2,8b0b52,desktop,306,0.0606115329646149,0.4546946984966088,0.9940090976134276,0.1023797682490585,0.5371867689617438,0.0710807110650053
qwen-3.5-plus,1,8a770a,mobile,40,0.5354637714918196,0.4967810652917915,2.233729574349812,1.0890678339679645,0.6961404966008092,0.530826989836848
qwen-3.5-plus,3,8b0b52,desktop,42,0.3940853520438433,0.5641284991020725,0.908330755687624,0.4929999336791894,0.6475921302580749,0.3832181214044854
qwen-3.5-plus,3,8a770a,mobile,48,0.5111852449423924,0.4240212977601334,2.9825181365092113,1.0047662776112352,0.705502300029799,0.4932496286463939
qwen-3.5-plus,1,8afe09,mobile,33,0.2972342010274024,0.4509401868417575,1.8835958158633663,0.4875248209995597,0.6628312104890084,0.3089818838523245
qwen-3.5-plus,2,8afe09,mobile,37,0.237925837248199,0.4239794854618106,2.065935594606601,0.428194398085265,0.632506029039879,0.2485740357529682
qwen-3.5-plus,1,8b12a0,poster,48,0.2827006931010042,0.4473039435477172,1.4827675446369213,0.620399398734876,0.6481722111425107,0.2518421753714442
qwen-3.5-plus,3,8afe09,mobile,30,0.3215147050669064,0.4284680368050981,2.403268492948774,0.5424531722727968,0.6297074141366852,0.3336644166401078
qwen-3.5-plus,2,8b12a0,poster,49,-0.0226383046995232,0.3369153011983964,2.0554743285295,-0.0252977566038136,0.5019704769856916,-0.0139850367431675
qwen-3.5-plus,1,8b14c2,desktop,36,0.2220640768240288,0.3575859883551774,1.790052504323167,0.4158119512141329,0.6327269907507949,0.2276745026127013
qwen-3.5-plus,2,8b14c2,desktop,46,0.2726842270594965,0.3804709069978194,1.4019842415641182,0.5480236617661609,0.6567716033604077,0.276490502363808
qwen-3.5-plus,3,8b12a0,poster,45,0.3203699336876277,0.43183550313349,1.4427754413242646,0.5416038593154405,0.6463282743616585,0.3193505888089901
qwen-3.5-plus,3,8b14c2,desktop,40,0.2371299513732623,0.3759570106472706,1.5629236357674814,0.5210463575206021,0.6689764670173677,0.2472319536168065
qwen-3.5-plus,1,8b2ea2,desktop,50,0.3249662805666242,0.4830764421408616,1.1272120018368517,0.4711814811383524,0.6384590537457816,0.357171030067647
qwen-3.5-plus,3,8b2ea2,desktop,41,0.3522998231104262,0.506682019486617,0.8708071690555548,0.536479111349753,0.65440850803117,0.3220284709495087
qwen-3.5-plus,1,8b4008,poster,45,0.4974809158941636,0.5687218788246247,1.010686491249731,0.8144306773116536,0.6388086143487719,0.4491039789905099
qwen-3.5-plus,2,8b2ea2,desktop,40,0.3248587339362992,0.482629137027223,1.0586839636505403,0.5224242361760044,0.6797065978374008,0.346663342705771
qwen-3.5-plus,3,8b4008,poster,40,0.4657854774163324,0.5492839663479905,1.037398288893336,0.7977516074349161,0.6260353299582517,0.4040776706048529
qwen-3.5-plus,2,8b4008,poster,32,0.5371798603545406,0.573167015205102,0.743402434221198,0.9119902272183016,0.7115215534844826,0.4489567928690746
qwen-3.5-plus,1,8bb83b,web,48,0.5475308089564064,0.5701599683928651,0.9427445649276274,0.8360037407895322,0.7390769342207406,0.4982556890003425
qwen-3.5-plus,2,8bb83b,web,40,0.4770145318744973,0.5329244095881162,1.0696841369250698,0.7672443711238279,0.7257068954342906,0.396964518237735
qwen-3.5-plus,3,8bb83b,web,43,0.5579008054281585,0.5696609641240791,0.9489256662887956,0.8297797773119938,0.739000586406267,0.4969331791630664
qwen-3.5-plus,1,8b41ed,mobile,40,0.2423799602837993,0.3549322881880223,2.1872527764438146,0.4749192523231236,0.6652974887532228,0.1633094992985919
qwen-3.5-plus,1,8b6299,poster,44,0.1882765745966149,0.3726802488588202,2.6034707224335656,0.2910007589203905,0.5852561122559434,0.198844250754251
qwen-3.5-plus,3,8b41ed,mobile,31,0.2229138490190811,0.338116482712129,2.4403335747129757,0.4357981205556422,0.6623756753411849,0.2469487603656372
qwen-3.5-plus,2,8b41ed,mobile,45,0.271905325154825,0.3546876580489063,1.941113997026665,0.735631205572129,0.7181780731575254,0.1433441158992369
qwen-3.5-plus,2,8b6299,poster,43,0.2308891478495734,0.4248393851987824,1.7077117515748816,0.4646249372506114,0.6302682303433944,0.1999185274374467
qwen-3.5-plus,3,8b6299,poster,45,0.1480356882191718,0.3908294847022093,1.93834438850793,0.2663936258703832,0.5858806775381374,0.1149124651478253
qwen-3.5-plus,3,8bc82b,desktop,48,0.5013753978785715,0.4739050999240967,0.892189545724957,0.9906497982276984,0.7462806561696894,0.4354046699497881
qwen-3.5-plus,2,8bc82b,desktop,46,0.770180785466217,0.6485314313653714,0.6061417094566541,1.5416251829903087,0.8169855652235036,0.7491257459067292
qwen-3.5-plus,1,8bc82b,desktop,40,0.5094383939050409,0.5037643152208737,0.9850753679448396,1.0225484058743646,0.7463053941155824,0.4558893571920665
qwen-3.5-plus,3,8bcc12,web,48,0.4121646062812325,0.5655611880285186,0.8599000895857664,0.6860756776915609,0.6980714732827564,0.1294072351922455
qwen-3.5-plus,2,8bcc12,web,50,0.4381794254817422,0.577118569716578,0.6612002128781886,0.7083404201303143,0.7138130100283548,0.1566507795919784
qwen-3.5-plus,1,8c2c62,desktop,40,0.8171854271083405,0.6185543367216009,2.039764194531867,1.4716288867867238,0.6760071665525527,0.7852353966294034
qwen-3.5-plus,1,8bcc12,web,47,0.2956104589349571,0.532229088374019,0.9351327231694496,0.4798280868237037,0.6589931475178675,0.0641136948485336
qwen-3.5-plus,2,8c2c62,desktop,40,0.7807872364859926,0.6123087820575874,1.647666480184177,1.3809089583858551,0.7145291648464455,0.7433492296949084
qwen-3.5-plus,3,8c2c62,desktop,40,0.8129625869023982,0.6331462400442851,1.017080700462178,1.480980802936589,0.7281452048650945,0.7762349533196468
qwen-3.5-plus,1,8cb7cc,desktop,45,0.27220726468237,0.4917635919709255,1.0476052939594094,0.4508743950458252,0.6374965286860239,0.2901307547441958
qwen-3.5-plus,3,8cb7cc,desktop,40,0.2540966434703207,0.4871162845011845,1.2717241338756795,0.4301628290109221,0.6256392244013282,0.3059770033252278
qwen-3.5-plus,2,8cb7cc,desktop,40,0.2995204618754042,0.5034360798745106,0.9974301982382224,0.4061526684066355,0.6194242230148095,0.236684441816108
qwen-3.5-plus,2,8c6298,mobile,47,0.2950304571195625,0.4663639646178441,2.0385294546464436,0.489188037425456,0.6631452799651353,0.0232624870577616
qwen-3.5-plus,1,8c6298,mobile,39,0.118425743933654,0.2900757008924559,3.9851140616606657,0.200923187853441,0.5664114267453969,-0.080688813043697
qwen-3.5-plus,3,8c6298,mobile,30,0.1283391825670706,0.3456496537025734,2.8555133081373776,0.1584802974538347,0.6247831058016089,-0.0199031087841689
qwen-3.5-plus,1,8c765a,mobile,40,0.437169880001664,0.4999764796895191,1.3020942740998425,0.5992206906190866,0.7174468010389501,0.2936602607644288
qwen-3.5-plus,3,8c765a,mobile,40,0.410900204666349,0.4935557993811631,1.6928172920499622,0.393250756781393,0.6665628968559664,0.2263201902420426
qwen-3.5-plus,2,8c765a,mobile,41,0.46484242925329,0.5237147504165852,1.8640806353239163,0.7320597688950788,0.7008606357819855,0.3511247258625158
qwen-3.5-plus,1,8d2ab9,desktop,37,0.4200537525496934,0.5187089152375266,0.9349600414813778,0.7079325841469933,0.7095466489045225,0.3523116623264123
qwen-3.5-plus,3,8d2ab9,desktop,40,0.3043458920537741,0.4472841850363359,1.5825740240572057,0.5406346525019641,0.6841351204510817,0.1535484985755003
qwen-3.5-plus,2,8d2ab9,desktop,40,0.3975353382541883,0.4901936379054597,1.0681711875119708,0.6547494798929399,0.6917601125345438,0.3302507518432798
qwen-3.5-plus,2,8d7422,poster,41,0.1821365796865622,0.4911099838891679,0.8482591478820054,0.256332120747729,0.5823354754675867,0.2218839655532666
qwen-3.5-plus,1,8ce365,mobile,35,0.1759667524417575,0.4125717404399701,2.159678373308901,0.3592854134685135,0.5947012860473093,0.1427922577814981
qwen-3.5-plus,1,8d7422,poster,40,0.0520887099535114,0.4527524202750989,1.15545336389425,0.0803501709490985,0.5226380825647872,0.1374342845458287
qwen-3.5-plus,3,8d7422,poster,48,0.165718564483659,0.4895952046814759,0.8678905624242679,0.2198880091978602,0.5653314483851904,0.1961930092855526
qwen-3.5-plus,2,8ce365,mobile,47,0.1032646717414586,0.4089625916218676,2.133005867608994,0.204469002830666,0.5500738568813133,0.0608188072991997
qwen-3.5-plus,3,8ce365,mobile,30,0.1391567521104725,0.3554090985230136,3.400958648015013,0.2623842050036837,0.5402087469313551,0.0907630061176014
qwen-3.5-plus,2,8d908a,poster,49,0.3568746204121378,0.5760128376703708,0.7289575480934405,0.4639247286072135,0.6292232509805238,0.1931313401405594
qwen-3.5-plus,2,8cf0d4,mobile,40,0.1221863331365133,0.4324542713482314,1.9086416387031089,0.2685532886292811,0.5828303476873344,0.1578728520532714
qwen-3.5-plus,3,8d908a,poster,51,0.3470028974224871,0.545645488380304,1.329851045582053,0.4668678319560689,0.626305403281278,0.2408106274789226
qwen-3.5-plus,1,8d908a,poster,41,0.0930253357556076,0.4951039531507034,1.267372047802205,0.148508702432898,0.5486153852048419,-0.0688529558176441
qwen-3.5-plus,1,8cf0d4,mobile,40,0.1318320590052183,0.4160045907658123,2.199266459122045,0.245758433175992,0.5661125993125787,0.0701245543801321
qwen-3.5-plus,3,8cf0d4,mobile,34,0.1582722190039804,0.4012225142043065,2.260796797843914,0.3600472684552824,0.5871478739645708,0.1360842372051851
qwen-3.5-plus,1,8d98e4,web,30,0.0701570529979419,0.3717056887145177,2.0392300851935428,0.1200769974872372,0.5558668598082042,-0.0303855785341609
qwen-3.5-plus,2,8d98e4,web,55,0.150472924073774,0.4396970432782322,1.241775259683934,0.2284468950221074,0.5795358757177731,0.1022061294666823
qwen-3.5-plus,1,8da42b,poster,49,0.343657852062902,0.4381242518008138,1.6698382237734692,0.5598190430859931,0.6606558982109536,0.3724332429172745
qwen-3.5-plus,3,8d98e4,web,38,0.1527325549403758,0.4132526171741079,2.009687176485091,0.3139347954875344,0.5631181958095343,0.2062739355482038
qwen-3.5-plus,2,8da42b,poster,47,0.3128997190905326,0.4560833373768196,1.283455874986993,0.5201038007938779,0.646209905563364,0.2990741942489122
qwen-3.5-plus,3,8da42b,poster,45,0.3409354386987283,0.4699160882338041,1.1801249473952284,0.537267780500395,0.667281799858318,0.3615982365667354
qwen-3.5-plus,1,8daca7,desktop,40,0.6380432700825673,0.6619845510555298,0.5202866605770017,1.1595433090168423,0.804389774201244,0.6047340312213971
qwen-3.5-plus,3,8daca7,desktop,40,0.5915335077309836,0.6229380520753445,0.5903919972875692,1.0131088664123689,0.7771516671021651,0.5538249570289809
qwen-3.5-plus,2,8daca7,desktop,41,0.5464852915119565,0.5716641840480915,0.6433398284191205,0.9835933152196128,0.7526123042985647,0.521448233002023
qwen-3.5-plus,1,8dcfba,web,42,0.3385401358581809,0.4765727758463944,0.9432408955512817,0.5571212062530693,0.684594799427843,0.2849184262668451
qwen-3.5-plus,3,8dcfba,web,84,0.1976942242176693,0.4505901521914361,1.02292812266097,0.3502714073766744,0.610465536039224,-0.0422168652959248
qwen-3.5-plus,2,8dcfba,web,38,0.2418256572158168,0.444663100620697,1.0450021225790276,0.4189034469313496,0.6719633517455552,0.1766319892644636
qwen-3.5-plus,1,8dfdc1,desktop,49,0.6674855992022238,0.5530996827152154,0.6749237259758722,1.5021699647168492,0.8451666751526468,0.5971976468603425
qwen-3.5-plus,2,8dfdc1,desktop,41,0.7040687416761404,0.6252425725814641,1.000808894822235,1.57029195290749,0.8505154682437415,0.6626421379729697
qwen-3.5-plus,3,8dfdc1,desktop,40,0.732714681749971,0.634171090245788,1.2046928208711454,1.663006452249503,0.8295253695893083,0.6979510987866099
qwen-3.5-plus,1,8e0c5b,desktop,53,0.1241826516717683,0.4208041622414499,2.214860506443315,0.21765669908364,0.55230081859867,0.0787867253499512
qwen-3.5-plus,2,8e0c5b,desktop,50,0.037555525333431,0.1864231339716398,6.810316804600868,0.0674259119615957,0.3282557000060897,-0.1108585058336742
qwen-3.5-plus,3,8e0c5b,desktop,50,0.2847113000283805,0.4533449091439465,1.908121194896767,0.5302469189986702,0.6388555587895133,0.194864885762095
qwen-3.5-plus,1,8e3198,desktop,37,0.4224583196013673,0.5495655915580644,0.7372068885823112,0.7581190191872959,0.7207353974019135,0.4110382457911126
qwen-3.5-plus,2,8e3198,desktop,40,0.3246537920817338,0.4953523022439249,0.8781580921956444,0.6093287419375406,0.650052216818416,0.3363233347330064
qwen-3.5-plus,1,8e4e71,mobile,36,0.4410823098283707,0.5255375819025303,0.949457403450465,0.7299105178974143,0.7132867692280556,0.3153663242506047
qwen-3.5-plus,3,8e3198,desktop,40,0.4221077664829616,0.526882408816316,0.7514319905638458,0.7665000484988662,0.699877870551904,0.4148504235789971
qwen-3.5-plus,2,8e4e71,mobile,36,0.3524630327324396,0.4472276576444719,1.8575118563351831,0.6271973604582931,0.6866117949455502,0.2252362043797144
qwen-3.5-plus,3,8e4e71,mobile,45,0.3417151014251661,0.4578215664348689,1.4985259152646613,0.6109087774004167,0.6706192848637341,0.1783473593326368
qwen-3.5-plus,1,8e467d,poster,49,0.2313894050181869,0.4586946671014694,1.7976448622471413,0.5023013346666045,0.65816804935114,0.1861294278684362
qwen-3.5-plus,3,8e467d,poster,40,0.1695190860069892,0.4004873904865787,2.5544230983159766,0.4345698914304225,0.6123485629860432,0.1093222756683777
qwen-3.5-plus,2,8e467d,poster,48,0.1556753570936013,0.4425517725098452,1.5463132000412023,0.402232643572595,0.6004173289900157,0.1261243460206113
qwen-3.5-plus,1,8ea477,desktop,42,-0.0551982026926975,0.2939806551431246,2.241888335469675,-0.0924040087602595,0.4938607717885094,-0.0444002883176378
qwen-3.5-plus,2,8ea477,desktop,36,0.3915302200296812,0.473072058849434,1.032310612514838,0.7476225618976228,0.7246076626798902,0.3516257795425654
qwen-3.5-plus,3,8ea477,desktop,45,0.1491358455493427,0.3611926093701755,1.7658342174494812,0.2685933822652465,0.5886505636587533,0.1392100995246776
qwen-3.5-plus,1,8e8767,poster,39,0.7459584085299533,0.5680131211579716,1.7179496156602794,1.240149550053276,0.8225364674514473,0.7239978996008383
qwen-3.5-plus,3,8e8767,poster,40,0.7054731636302662,0.4841676157310938,2.5085349538598214,1.1558457551535517,0.7625938549205836,0.6915308232150904
qwen-3.5-plus,1,8ee0c9,poster,49,0.2184461101001477,0.4511141522192994,0.9231641539335408,0.3013205694420897,0.5962321205433425,0.2143173852304021
qwen-3.5-plus,2,8e8767,poster,40,0.7585102108036839,0.5611194856637277,2.231079319076185,1.2733933813016234,0.7314267954801646,0.7176130069822937
qwen-3.5-plus,2,8ee0c9,poster,40,0.5022569091273945,0.5423559759364155,0.6478364262110121,0.8402455645631974,0.7455990148780617,0.4861375909243206
qwen-3.5-plus,1,8ed8ac,desktop,40,0.4290243248900513,0.4752669089611089,1.5068695418952285,0.780386010692124,0.7364985685806785,0.3745500041838608
qwen-3.5-plus,2,8ed8ac,desktop,91,0.0339423893671483,0.3757368553090817,1.3513332315051927,0.1094625646788648,0.5537309750084562,-0.055304058657393
qwen-3.5-plus,3,8ee0c9,poster,40,0.2370437771020229,0.469293341711922,0.9372688089742436,0.3768608398538058,0.6127500602177579,0.1992602680736148
qwen-3.5-plus,3,8ed8ac,desktop,211,0.0979651161558589,0.3758317332353925,1.1740030748298167,0.1993243737522877,0.5762365803178238,0.0614790133419788
qwen-3.5-plus,1,8ef737,desktop,50,0.6145782596047358,0.5953815915764601,0.7118931014044118,1.3678374790936916,0.8375351173972727,0.5660655253036211
qwen-3.5-plus,2,8ef737,desktop,40,0.72953015097364,0.6666071956303101,0.5748768190165372,1.6725713542591218,0.8637652927297979,0.7035473582178197
qwen-3.5-plus,1,8efd51,desktop,46,0.5130682668333809,0.4824963343006686,0.915762956994748,1.4720253077415557,0.8339905036706153,0.4982600134176376
qwen-3.5-plus,2,8efd51,desktop,45,0.3914232165161182,0.4266411175358269,1.3359075304716648,1.0582430684265294,0.7870928429419013,0.3743090430622263
qwen-3.5-plus,2,8f0277,poster,44,0.5131000780560018,0.5122738475437653,0.7619424758455119,0.969386751764334,0.7490260526778315,0.4569328990196221
qwen-3.5-plus,3,8efd51,desktop,30,0.1599558804973509,0.3451053726272822,2.1028016368217557,0.5284612536084812,0.6628615967899222,0.1741648028238839
qwen-3.5-plus,3,8ef737,desktop,64,0.3973461679099223,0.3995627524164465,1.181432854056431,0.9105962370554648,0.7615005146086908,0.3272548832848911
qwen-3.5-plus,1,8f0277,poster,45,0.589280188692866,0.5554655277514464,0.8088245132647061,1.1476557425711742,0.7581040130801243,0.5541066131082841
qwen-3.5-plus,3,8f0277,poster,32,0.6425774605118546,0.5846597152431915,0.6476593693314466,1.244422725374562,0.7973988620679963,0.6002949942983459
qwen-3.5-plus,1,8f64ff,web,48,0.5159522068875537,0.6467031394793126,0.4739946186361344,0.642871018714856,0.698296712493591,0.4508712927818963
qwen-3.5-plus,2,8f64ff,web,133,0.3664710296395366,0.6587054109498838,0.4870571170264154,0.4653682771983488,0.6305035830288566,0.2297399789053121
qwen-3.5-plus,3,8f64ff,web,54,0.5100017983538683,0.634027995211497,0.5648644843132282,0.6147440335307912,0.6795284699175815,0.4751575332812231
qwen-3.5-plus,2,8f38c9,mobile,40,0.1543473591651058,0.3771610944912671,2.4267716947490143,0.1790658238926595,0.5980478169987602,0.1403444330089731
qwen-3.5-plus,1,8f669a,poster,47,0.0789131867703949,0.392334752297605,1.6922493828079794,0.0493912042519423,0.529489374580058,0.0113863174583489
qwen-3.5-plus,1,8f38c9,mobile,44,0.23704162162626,0.4206595096324293,2.1869914738602505,0.2734885050493794,0.6112636250946352,0.2589752712363018
qwen-3.5-plus,2,8f669a,poster,39,0.1436721487611017,0.4089314076024419,1.8945558893515264,0.1996340801837735,0.5550653629053118,0.0331446935337883
qwen-3.5-plus,3,8f38c9,mobile,40,0.2627504822210147,0.4193323660740284,2.1814770174893305,0.3150686198318156,0.6182951581436478,0.2431078003946487
qwen-3.5-plus,3,8f669a,poster,40,0.1690427726959651,0.4083738536276055,1.6500718476377243,0.2837584824298038,0.5703886487403849,0.1458608190924137
qwen-3.5-plus,1,8f7ad5,web,48,0.3087816836344218,0.4930504240706507,1.0706778013218268,0.5918280719373786,0.6588057626781687,0.2500333262122211
qwen-3.5-plus,2,8f7ad5,web,73,0.4185571496271614,0.5277313503610537,0.7077559586506559,0.6029350740072237,0.6773387470047502,0.2962089485968047
qwen-3.5-plus,1,8f9844,web,40,0.1657315518561109,0.3944730777176113,1.672946501714874,0.3546819499787333,0.6281995220884342,0.1672147907383535
qwen-3.5-plus,3,8f7ad5,web,50,0.2297376708135244,0.4678548767372314,1.0858051500384756,0.4198497957010988,0.6415596260717957,0.2149090673342103
qwen-3.5-plus,2,8f9844,web,40,0.2417827215219947,0.4561560005556361,1.113395764678013,0.4531648851521756,0.6489492782545208,0.3061742408556721
qwen-3.5-plus,3,8f9844,web,40,0.1515424939582038,0.3943600759584355,1.97439562291084,0.3057331287966369,0.6083734777248861,0.2725048799260501
qwen-3.5-plus,2,8fd96b,web,39,0.264160088020872,0.4266820860444611,1.5127625955223638,0.4503924847944284,0.6437868293615474,0.2200978006107664
qwen-3.5-plus,1,8fd96b,web,40,0.3799632153643653,0.4846360553183906,1.3614347615052984,0.6435295453882788,0.6702200915106263,0.3590047626318444
qwen-3.5-plus,3,8fd96b,web,40,0.4937821455101042,0.5430041232655114,0.9320445344154076,0.8637798968613389,0.723148446123557,0.4830773180579717
qwen-3.5-plus,1,8fcaf4,poster,36,0.1712949815875049,0.3896734954663671,2.373489203293306,0.2253331241541674,0.5778226163241899,0.0873231163018062
qwen-3.5-plus,3,8fcaf4,poster,45,0.072580276752833,0.3641432030798153,2.712521472848077,0.0690767598954749,0.5442686781418613,0.0990519886830636
qwen-3.5-plus,2,8fcaf4,poster,49,0.1178433981241523,0.3668323743120845,2.4686647260193677,0.1721849918744352,0.5751013141949461,0.1399811746676756
qwen-3.5-plus,1,90032b,poster,42,0.1715740118384678,0.4519844858022074,1.2761644697667758,0.29867593791538,0.5898429274762732,0.2039882591638652
qwen-3.5-plus,3,90032b,poster,42,0.0767076392041616,0.4085362446421158,1.4763527605898177,0.1513599205523042,0.5730400241764063,0.0957528874992246
qwen-3.5-plus,2,90032b,poster,40,0.0525565518407855,0.4119687987014102,1.3640928100863017,0.1236290079669147,0.565176018145107,0.0655135764967383
qwen-3.5-plus,1,8ff998,poster,49,0.4367039249898834,0.4495150514093071,1.4140818040958674,0.978268046573124,0.8284918315345867,0.436245351169214
qwen-3.5-plus,1,901003,desktop,55,0.2460372368937948,0.6498686559532593,0.397836760371911,0.2524452705303991,0.6069054747559989,0.0235606766380017
qwen-3.5-plus,2,8ff998,poster,43,0.3613621372183496,0.4271242985829784,1.5872152702922628,0.7113074955358943,0.7682659120525963,0.3411432281580266
qwen-3.5-plus,3,8ff998,poster,46,0.5820979931646427,0.5481785598782041,0.9549844260296904,1.233536742870706,0.83403019684133,0.5666751185810257
qwen-3.5-plus,3,901003,desktop,50,0.3367596435918651,0.6713976345616504,0.3480498703305783,0.34831023756084,0.5958128489255337,0.1011601006536153
qwen-3.5-plus,2,901003,desktop,45,0.280626225584793,0.6497077545802721,0.4373078615070264,0.363034327411659,0.6027546469850875,0.1650210210495631
qwen-3.5-plus,1,90271a,poster,50,-0.0481872790647468,0.373265054128577,1.9951493658701984,-0.0077991422030301,0.4988738433648079,-0.0616591571130013
qwen-3.5-plus,2,90271a,poster,40,-0.0435776524955653,0.3717508036833173,2.397990756921039,0.0234224660799441,0.4834958756932811,-0.0921708162176836
qwen-3.5-plus,3,90271a,poster,40,0.0245510210373389,0.3888079393269403,2.4639049597258733,0.1319517469606891,0.5155367869735329,-0.0019415695751787
qwen-3.5-plus,3,90181f,mobile,50,0.2687078684431699,0.444325171561673,1.786749387927054,0.3332642019421052,0.5939375785916743,0.1813123033581671
qwen-3.5-plus,1,90181f,mobile,32,-0.0040960332743619,0.3027883701166957,3.457933533797743,-0.0163257049243178,0.437719979353896,-0.0178185600532612
qwen-3.5-plus,2,90181f,mobile,29,-0.0382244600332745,0.2781432193291662,3.7677446677378783,-0.0938983132264069,0.4285731959345452,-0.0144845931904775
qwen-3.5-plus,3,906624,mobile,45,0.316844922724355,0.4956631459405712,1.8099652392224364,0.4810602793350335,0.6595068738271533,0.2887284952610607
qwen-3.5-plus,2,906624,mobile,34,0.4062150834868863,0.4776303499937013,1.8229197715529035,0.6217518507604839,0.6890349363812658,0.3978376930338045
qwen-3.5-plus,1,906624,mobile,50,0.5087453260804443,0.5398696546300574,1.2796051828637005,0.8502103986532946,0.7459596826256957,0.5017520009072716
qwen-3.5-plus,1,906fd8,mobile,47,0.2927658185539848,0.4315889900921204,1.5521058975716508,0.6577596794740475,0.7170612264157501,0.0360277836723735
qwen-3.5-plus,2,906fd8,mobile,48,0.2906426889627251,0.4267537530051143,2.190099787613756,0.4929352668804771,0.6758038988612239,-0.0163595555532889
qwen-3.5-plus,1,9073f0,mobile,32,0.0062023223552601,0.31471959504137,3.538101140042653,-0.0520628233965824,0.493332669674345,-0.0504003977263292
qwen-3.5-plus,3,906fd8,mobile,47,0.2269690714112783,0.3873557709550216,2.192777149130705,0.5159826835999776,0.6817267793889904,0.0269744325601014
qwen-3.5-plus,1,90888b,desktop,34,0.1433163835800158,0.3980851646817501,1.8714302346843876,0.174802143218861,0.541990520064768,-0.1442289254998806
qwen-3.5-plus,2,90888b,desktop,45,0.0672776125312177,0.4795728771697065,1.040531212114885,0.1055826320536781,0.5314330572908804,0.0475165348284114
qwen-3.5-plus,3,9073f0,mobile,42,0.0651787022555491,0.409119331319746,2.566060534148584,0.0352981797517344,0.5284437151111909,-0.1492436262152103
qwen-3.5-plus,2,9073f0,mobile,42,0.0664847188563848,0.3916105717197291,2.5180571037144,0.1037877281317668,0.5611882241694846,-0.0290152069240655
qwen-3.5-plus,3,90888b,desktop,43,0.1618952817693416,0.478607603623485,1.2738732690202117,0.3070511755375187,0.599671119676075,0.2479178104228377
qwen-3.5-plus,2,909a4f,web,45,0.2340785684371062,0.46065500027708,0.9786085363461592,0.4009183741328312,0.6293013941084477,-0.0110657656056308
qwen-3.5-plus,1,909a4f,web,41,0.3552072364192815,0.50755635525672,0.8322414015401516,0.5914635889957987,0.6908019091136565,-0.0469499514685719
qwen-3.5-plus,3,909a4f,web,46,0.4950141769854919,0.5851852616441439,0.5957309358200972,0.8576115778402879,0.7689441107082738,0.2338782130333334
qwen-3.5-plus,2,912a36,web,40,0.3247938224770983,0.4944045519821494,0.9346650085326812,0.4504246681110052,0.6423183839973551,0.314276413400879
qwen-3.5-plus,1,912a36,web,49,0.2638494272458341,0.4817797332574304,1.074166146267982,0.3311101617614994,0.6196367002598328,0.2357565737009128
qwen-3.5-plus,3,912a36,web,48,0.4154369811733608,0.543125409846265,0.8604680666878326,0.5685977207678876,0.6654620349276801,0.3823110177800135
qwen-3.5-plus,1,91138f,poster,46,0.2500109349990368,0.4229839857716025,2.9243637593164635,0.2190917506522062,0.5397361546001991,0.1532859568280965
qwen-3.5-plus,2,91138f,poster,40,0.2714866765274921,0.4022127222642333,3.2087205968486026,0.2535471101802896,0.5096022264992748,0.1656087173927566
qwen-3.5-plus,1,917a4f,mobile,40,0.2907197673287797,0.4795857222735436,1.5338349587774422,0.4829791882095456,0.6191362227573365,0.0579655490399422
qwen-3.5-plus,3,91138f,poster,47,0.1238056340515991,0.4105493256918193,2.4596640270691275,0.0931424116529064,0.524162026430832,0.0656365883772359
qwen-3.5-plus,2,917a4f,mobile,54,0.1993061512775167,0.4242194497379025,1.783977950872644,0.3161299208184773,0.6375604007811568,-0.0958316271440903
qwen-3.5-plus,1,8e5bd8,poster,40,0.3345658510093893,0.2128156427399641,4.9042776097565355,0.9720558564118152,0.4451200549733884,0.3353470941612158
qwen-3.5-plus,3,917a4f,mobile,37,0.1600525428074851,0.4494576770214311,1.1836808057617092,0.3020630846081289,0.608825357648887,-0.0598199768903182
qwen-3.5-plus,1,919716,desktop,50,0.6745832306341567,0.6063412287457848,0.5696459241808893,1.1905941602469376,0.7741278057591405,0.6602592084650745
qwen-3.5-plus,1,9199de,poster,50,-0.1320209157514901,0.2952489079937159,3.4862274099849926,-0.099488029683821,0.45129647396857,-0.1204615624359784
qwen-3.5-plus,2,919716,desktop,50,0.1956939290704744,0.396541737571739,2.719371481197166,0.3565956736888184,0.5744911862889495,0.1586556348076166
qwen-3.5-plus,3,919716,desktop,50,0.364416394444753,0.465436340907034,0.9110203472182956,0.6350399502312215,0.6657790946415243,0.3179096236897726
qwen-3.5-plus,3,9199de,poster,48,0.4524582834503434,0.5524723148081208,0.8554893646926525,0.4933362791016341,0.6486853216339904,0.4504554147695644
qwen-3.5-plus,1,91795a,poster,46,0.0080824707320577,0.3380396079355584,2.6651591799387484,-0.0684077595559661,0.4943378093967122,-0.106132040960208
qwen-3.5-plus,1,91b127,mobile,34,0.210964409472745,0.5447531538553058,0.6879416152165968,0.2383733173612548,0.5857117818779403,-0.0276606976218846
qwen-3.5-plus,2,91b127,mobile,33,0.2990211853290775,0.6011361072294623,0.5857169139184233,0.3784633969900758,0.6140358984196256,0.2805187201864771
qwen-3.5-plus,2,9199de,poster,45,0.2863547846218123,0.527771055862818,0.9730248757763256,0.3594863043387619,0.6238042397943594,0.2816026319189965
qwen-3.5-plus,2,91795a,poster,48,-0.0689263425661365,0.2986664272150399,3.203272911941708,-0.1320018714953134,0.4765211750993652,-0.0925255083167171
qwen-3.5-plus,3,91795a,poster,46,0.2127408149637854,0.404364966113195,2.054469467268616,0.3855017907980463,0.6372738582588758,0.0866433196241407
qwen-3.5-plus,3,91b2d6,poster,50,0.5691540300433968,0.5719298502141421,0.6435145130866124,1.0686617750826934,0.7942632017327331,0.5149770617099751
qwen-3.5-plus,1,91b2d6,poster,40,0.5185729308393021,0.531878531311625,0.7074708066826758,1.0280377581206646,0.7869738866657515,0.4556842765169174
qwen-3.5-plus,2,91b2d6,poster,48,0.4906724557044684,0.5334887984707847,0.7658404938384807,0.93717676719103,0.7552495334211446,0.4621771830434406
qwen-3.5-plus,3,91b127,mobile,30,0.5356608407638077,0.6720572597037471,0.4198099587652241,0.660522032553253,0.694945964663144,0.4231778480399071
qwen-3.5-plus,3,8e5bd8,poster,51,0.3323052704431367,0.2885721198476405,4.167582544023042,0.683306382482537,0.5359704509493727,0.3320293133621101
qwen-3.5-plus,1,91d919,mobile,50,0.2882120090147296,0.3323466178697012,1.612270576837305,0.674028670888483,0.6717644822273913,0.0671832603969223
qwen-3.5-plus,2,91d919,mobile,46,0.7406909755609791,0.6012233627276865,0.4906126055872499,1.689078182210245,0.874585228751485,0.685620061249717
qwen-3.5-plus,3,91ce42,desktop,49,0.503233947653456,0.5080309194025607,1.2585614124107467,1.0150159445521338,0.7329277324049488,0.5216836369190384
qwen-3.5-plus,1,91ce42,desktop,46,0.6168554894634556,0.5306953321134389,1.4247971526372314,1.2611438450099737,0.7384189424161809,0.6149338415142717
qwen-3.5-plus,2,91ce42,desktop,40,0.7015755005381719,0.5875438111690972,0.6608570002166193,1.4369734635979252,0.7707556212175277,0.6935440136260388
qwen-3.5-plus,3,91d919,mobile,40,0.7779018826479183,0.6618345232689263,0.4469676945515628,1.7995466747439648,0.8799436988410541,0.7344037159598171
qwen-3.5-plus,2,8e5bd8,poster,48,0.1820861438175397,0.1981772734870231,4.690684073779327,0.4413165036204127,0.5054401193498868,0.1822810683223382
qwen-3.5-plus,1,91c8f3,mobile,38,0.3594956427476541,0.4264742754878088,1.3950265208624184,0.979548756457128,0.7653953023989152,0.2448289924969656
qwen-3.5-plus,3,91c8f3,mobile,35,0.4718430504233471,0.475804385509592,1.4610044414655488,0.8595924098622825,0.7728179692209419,0.3888974495630309
qwen-3.5-plus,2,91c8f3,mobile,48,0.3904097099546481,0.4145577271928519,1.9361198596699216,0.794132289505636,0.6994330054957815,0.3682206368122439
qwen-3.5-plus,1,92510f,web,63,0.268108285808475,0.4770110135603209,1.1032943690260109,0.4166673492948621,0.6665351159191062,0.2591875169874409
qwen-3.5-plus,2,92510f,web,39,0.2681900618615151,0.4463865447608589,1.42541635270226,0.4097227014591056,0.6749366082606905,0.3428020796833985
qwen-3.5-plus,3,92510f,web,53,0.2909596484748015,0.470352168238508,1.083005327601558,0.4522277915455272,0.6808785241976396,0.3154124680949108
qwen-3.5-plus,3,9204ba,poster,40,0.2977984879244369,0.4292102717419012,1.5210191661396069,0.50579627882887,0.703520089706892,0.2586843077346266
qwen-3.5-plus,1,92159f,mobile,48,0.5026685965998228,0.5468580493849129,1.0261839388247302,0.9035924915045688,0.7595303725541016,0.4278456081934159
qwen-3.5-plus,1,9204ba,poster,48,0.2793401560342186,0.4333235410188235,1.9385160048339705,0.5419457194875562,0.7032084067033254,0.2750786351649965
qwen-3.5-plus,2,92159f,mobile,48,0.5666987876177176,0.5370067416524651,1.4730426838233193,1.3144670722752136,0.8235250342306181,0.5293672490463688
qwen-3.5-plus,1,9251bb,desktop,50,0.4433799147513383,0.5042269213899792,1.1437641465811283,0.7474198715600959,0.7071020921627251,0.3679188231256159
qwen-3.5-plus,2,9204ba,poster,49,0.2414227869416241,0.3745369853716291,2.4335619303686045,0.4432314725205304,0.6700892958968064,0.22597839958189
qwen-3.5-plus,3,9251bb,desktop,40,0.6865885741756683,0.5734097811400511,1.5904350697572538,1.2448159391988585,0.7431546279129081,0.6620697040591093
qwen-3.5-plus,3,92159f,mobile,49,0.4844514370285203,0.5304359032860966,1.2557617174855276,0.9720169138093728,0.7577272827060388,0.4227194664402448
qwen-3.5-plus,2,9251bb,desktop,47,0.2984763602992774,0.4194848065760033,1.1927230049717308,0.6396004296461187,0.7305112168688195,0.2465917654513758
qwen-3.5-plus,1,927a3c,web,40,0.2627734225856943,0.3987621664932839,1.17211768502848,0.5617740886252179,0.6683123693865278,0.2411361764100328
qwen-3.5-plus,2,927a3c,web,45,0.4910293107533101,0.4302237514889524,1.0363642777912032,1.007650750183969,0.7011680911671903,0.4571526526978208
qwen-3.5-plus,3,927a3c,web,50,0.2821210211075388,0.3950344315696636,1.1470704643433474,0.5753881795423527,0.6778931065432507,0.2697225727896024
qwen-3.5-plus,3,92b95d,web,47,-0.003074430439596,0.417090799186823,1.269456773390783,0.0255972604285496,0.5457988287227324,0.0164768375737279
qwen-3.5-plus,1,92b95d,web,41,0.0270947182766187,0.4498156175004946,1.0554796223461462,0.0408537143016879,0.5679903870888232,0.0138568182156034
qwen-3.5-plus,2,92b95d,web,42,-0.0214615940791672,0.3845843063937923,2.0019954659433568,-0.0418487693001581,0.5005320378434882,0.0115496174769213
qwen-3.5-plus,1,93016d,poster,40,0.3988935301873362,0.5476439274593621,0.6735666192734854,0.7441252917956517,0.7169202634429025,0.3787372745999978
qwen-3.5-plus,2,93016d,poster,50,0.5967926811685488,0.619338968517259,0.5180688729291487,0.97124377586809,0.7491909028115942,0.5854246729946257
qwen-3.5-plus,3,93016d,poster,35,0.6739160254931686,0.6284038076588305,0.4403627036067619,1.1073518736004138,0.7651406338244596,0.6634734896728023
qwen-3.5-plus,1,92c389,desktop,50,0.1006634589927031,0.4041169307697865,1.2357688721140758,0.184518589072553,0.5547620569794007,0.1235244209299575
qwen-3.5-plus,3,92c389,desktop,43,0.2986738636637072,0.4477307997901765,0.9978635209644594,0.628241968425692,0.6817142971660213,0.2942746772221042
qwen-3.5-plus,2,92c389,desktop,49,0.2254590830089439,0.4218472412211326,1.1805394623723386,0.4553398622707368,0.63643394769559,0.1609525840249007
qwen-3.5-plus,2,927918,mobile,48,0.5301961796020298,0.4644649081809421,1.8431580303532276,1.2265339840468226,0.8035714528258693,0.4660362548559576
qwen-3.5-plus,3,927918,mobile,36,0.2874760882741298,0.355057691077741,3.30979124589029,0.7514400145743421,0.6515864874247225,0.2334285295963561
qwen-3.5-plus,1,927918,mobile,45,0.3807145746139937,0.3877165390234425,2.341517789161207,0.9810751525630766,0.7325242275010375,0.3661596460751938
qwen-3.5-plus,1,93527f,desktop,40,0.8544377950243682,0.7102960553738118,0.5451781572567482,2.2755198032208552,0.8828512498930043,0.8514932104297034
qwen-3.5-plus,3,93527f,desktop,49,0.7853790703273946,0.646635072875797,0.5483191812982546,2.2155563177011244,0.8859615659992272,0.7796444277317437
qwen-3.5-plus,2,93527f,desktop,31,0.9125034970093848,0.7590589513852797,0.4506826115171503,2.5825561818119507,0.8957977154900215,0.9107071055240322
qwen-3.5-plus,3,935066,poster,42,0.1615680302799023,0.4548435501767396,1.970278423644508,0.2671205054814376,0.5779293739141727,-0.0493912505469574
qwen-3.5-plus,1,935066,poster,33,0.1413926922335701,0.4233952756194344,2.2992467131393335,0.3375292666427104,0.5512129546860659,-0.037247897715328
qwen-3.5-plus,2,935066,poster,29,0.2366692497423587,0.4153291137607401,2.399918754140198,0.4564560724540977,0.5782521589008878,0.0933445075771799
qwen-3.5-plus,2,93749b,poster,47,0.2110474673626764,0.5008344316355513,0.7648417873168856,0.2820333873742436,0.5534755962806088,0.1640638359982363
qwen-3.5-plus,1,93749b,poster,45,0.2589139560706561,0.5071284976707713,0.7566586719374975,0.398804816441723,0.6181503238725363,0.1345309930783906
qwen-3.5-plus,3,93749b,poster,50,0.2285069722856914,0.5065418977238909,0.7725353919247696,0.3836049056968311,0.614263674113433,0.0980374045428117
qwen-3.5-plus,1,93562f,mobile,49,0.1895479659672541,0.4543383550975298,1.8773398763488471,0.2023600017183512,0.5718843188359464,0.1455258028128475
qwen-3.5-plus,2,93562f,mobile,49,0.0876021918026619,0.3610851596359374,3.001271414217307,0.115301652896134,0.562843502050054,0.0466896898604039
qwen-3.5-plus,3,93562f,mobile,36,0.3035760417991703,0.4496869722907857,1.855260545299922,0.3777263933260714,0.6336638451399432,0.2719415901541883
qwen-3.5-plus,2,9378c2,desktop,35,0.3360403806078659,0.4531854262427283,1.1132017124811997,0.6109340087595297,0.655509156216407,0.3525517939262407
qwen-3.5-plus,1,9378c2,desktop,46,0.2311686897807948,0.4545441915839474,1.3895549095051982,0.4854834254039263,0.6229464850040408,0.2139623270804357
qwen-3.5-plus,1,935ba3,mobile,30,0.3271318017568035,0.4551641386942567,1.8532265862680233,0.4298720728815201,0.654337806869123,0.3335566672227398
qwen-3.5-plus,3,9378c2,desktop,39,-0.0283247904730708,0.3230074482464542,2.894517801588676,0.0095054062094869,0.5161707591919328,-0.0474372147144002
qwen-3.5-plus,3,935ba3,mobile,50,0.2849212589369396,0.4139386847937774,2.277141379012522,0.3494375053964264,0.5959246376306135,0.2830195420501159
qwen-3.5-plus,2,935ba3,mobile,43,0.2459763179155735,0.4499385964133335,1.7526841619268214,0.3224980885930923,0.6240508779849617,0.2561116182610982
qwen-3.5-plus,1,94460d,desktop,41,0.0492333283013196,0.404486854305552,1.388287231294135,0.1146264215880109,0.5312230400449858,0.1912107767457536
qwen-3.5-plus,2,94460d,desktop,50,0.4003919415454441,0.5171804075680483,0.8993560910584468,0.6035326223858299,0.6637038811151417,0.2981365593028092
qwen-3.5-plus,3,94460d,desktop,44,0.3642990303527136,0.5153696900202567,0.863301210246711,0.6359934090779746,0.6920279756974178,0.3880140672874537
qwen-3.5-plus,1,93f7fb,mobile,50,0.182015541316843,0.4508361273255795,1.604881874885752,0.1111899656835133,0.5661309664446593,0.0615338844228771
qwen-3.5-plus,1,9466ef,web,50,0.3869267711176847,0.461410436399075,1.3116431485260889,0.6495880797741133,0.6698708088158956,0.3849260693549822
qwen-3.5-plus,2,93f7fb,mobile,50,0.0263285105015288,0.3703094000792432,2.5092114937058136,-0.0145285676024585,0.5093139745146484,-0.046051237126906
qwen-3.5-plus,2,9466ef,web,49,0.3512033573628444,0.4546159598923242,1.4002913742151764,0.5912740076705164,0.6599189217865559,0.3234707458473101
qwen-3.5-plus,1,943fdb,mobile,30,0.4425927017794446,0.4035273219030678,2.277713859058587,1.4506588320980656,0.7261504171759696,0.3923552540935003
qwen-3.5-plus,3,9466ef,web,50,0.2503230473098482,0.4106698931483653,1.539444850420309,0.4194218007623792,0.6253762627890622,0.2928708521408879
qwen-3.5-plus,3,93f7fb,mobile,40,0.0666992425397507,0.3582201479010387,2.4536801968428357,0.025567717179911,0.5278933682258617,0.0026306158290757
qwen-3.5-plus,2,943fdb,mobile,40,0.3300501804907146,0.413431560589978,1.5629241568569945,1.0539198658802995,0.7400367129707373,0.2549038050290284
qwen-3.5-plus,3,943fdb,mobile,49,0.3032907622417487,0.3796522926814359,1.4527755039033332,1.017045590317552,0.7417635713075726,0.1937323865159534
qwen-3.5-plus,1,949f72,poster,40,0.3719772972730473,0.5944713642747042,0.8272877359753097,0.5185808189501075,0.6579410445910708,0.3187718616080751
qwen-3.5-plus,1,947b62,desktop,48,0.2229726848242192,0.3760739099388925,1.6484592464339158,0.5872543524538649,0.7055019513817775,0.1240136511653708
qwen-3.5-plus,2,947b62,desktop,30,0.2929554215541783,0.4261881311623733,1.3209250587647037,0.7533751601272366,0.7548828614666189,0.1827450928149872
qwen-3.5-plus,2,949f72,poster,40,0.3183227336921167,0.5759527631420986,0.8056434614946187,0.4056189096056914,0.6233228475989138,0.2836156306712538
qwen-3.5-plus,3,949f72,poster,48,0.2497385957463324,0.5541620111926033,0.724603756489239,0.3491985206548285,0.6190715937798712,0.2249634315719174
qwen-3.5-plus,1,949207,desktop,56,-0.0940766887523421,0.1726396993782722,6.074565045047727,-0.1647168564209373,0.389454624448491,-0.1702368105824937
qwen-3.5-plus,3,947b62,desktop,40,0.3795873255150696,0.497556538353322,0.8923920244268377,1.0018743638782617,0.8031026299627714,0.2328767831878557
qwen-3.5-plus,2,949207,desktop,50,0.4616162295864527,0.5464612662943917,0.8327824692730184,0.8108861236918268,0.7293438146061602,0.3870710547122753
qwen-3.5-plus,3,949207,desktop,50,0.0033492463874006,0.2935348556779674,3.7839836520233,0.0259705907533483,0.5008746685001197,-0.1618730240257924
qwen-3.5-plus,1,94bf23,desktop,50,0.2904294721983809,0.4689535664006168,1.3436058352376987,0.4705159540467744,0.665815759787634,0.1553688232949287
qwen-3.5-plus,2,949fd0,web,40,0.4183027494487691,0.4663844092386541,1.4845850846510595,0.7713472409985769,0.7973250500521825,0.3445864772751437
qwen-3.5-plus,1,949fd0,web,39,0.4895667970428856,0.5038794963952905,1.3915926120283062,0.990707090475756,0.7938694662677792,0.4413459337735507
qwen-3.5-plus,2,94bf23,desktop,51,0.1143011689585024,0.3866639879625003,1.4612796868412214,0.1643503569717041,0.609253208267899,0.1063858275702578
qwen-3.5-plus,3,949fd0,web,30,0.4741787730586867,0.5016115378939575,1.405582929690082,0.9174345203876978,0.7954274719795499,0.4224124758084148
qwen-3.5-plus,3,94bf23,desktop,52,0.4680979469428291,0.5458841599150502,0.7533836826117977,0.8487454210031844,0.7379949582360307,0.4208544335838093
qwen-3.5-plus,1,94b1bc,mobile,40,0.1597375995512296,0.3991148940137924,2.0192648662164294,0.1425105652885913,0.5596925160782922,0.0957924314866865
qwen-3.5-plus,1,94d7be,web,40,0.2425343598409747,0.4507273470337661,1.2502813733142746,0.44749043851138,0.6671111285252598,0.2281102817107533
qwen-3.5-plus,2,94d7be,web,40,0.2728551552174301,0.4459691299447745,1.2482030918300857,0.4655573034469618,0.664166852640667,0.2480160805683288
qwen-3.5-plus,2,94b1bc,mobile,40,0.229614910573841,0.4195130198293884,1.9672217863829484,0.2568200311319791,0.5744754333361204,0.1134577755645075
qwen-3.5-plus,3,94d7be,web,42,0.3852344660917666,0.5184906136237724,1.1453022303989602,0.6496341772314805,0.710833002337195,0.364415494476731
qwen-3.5-plus,1,94dc20,desktop,40,0.4247069936355309,0.485574477396907,0.8878351338271436,0.8412625926154146,0.7640085575927922,0.3315827513026161
qwen-3.5-plus,3,94b1bc,mobile,38,0.2189548159315733,0.4273859306660764,1.933399901057074,0.2526463895012922,0.5762386705491204,0.1391351519510209
qwen-3.5-plus,2,94dc20,desktop,40,0.6169555990932547,0.5374879644886692,0.9236052387329192,1.1951105220952984,0.7854566883680888,0.5116742391594177
qwen-3.5-plus,3,94dc20,desktop,41,0.478016713567311,0.5209824840281329,0.83844615651993,0.957354999703868,0.7880942863717462,0.367732934946007
qwen-3.5-plus,1,94d9ed,mobile,44,-0.0747825741076149,0.2720858348170232,3.7546150136901177,-0.106546551493612,0.5135710849851565,-0.0155472754309521
qwen-3.5-plus,1,95044c,desktop,50,0.5255507105604527,0.540874044086147,0.8306497752042281,0.7038457230027388,0.6753107163908451,0.5108797150425779
qwen-3.5-plus,2,94d9ed,mobile,35,-0.1623395687035518,0.2244441178468673,4.155770417383911,-0.2318027983485118,0.4021441744041331,-0.1459768328038878
qwen-3.5-plus,3,95044c,desktop,47,0.5319967182915322,0.5197814817522481,1.10020791615176,0.6876023376454203,0.6469737980659745,0.5246084245055871
qwen-3.5-plus,2,95044c,desktop,45,0.3568018764209668,0.4615448556173491,1.1629301039514128,0.4740399428557202,0.5957790345012838,0.3724304587749006
qwen-3.5-plus,3,94d9ed,mobile,49,-0.0280770458743826,0.3076664543696643,2.724455315113724,-0.0583149076049424,0.5289699604832636,-0.0014984974279671
qwen-3.5-plus,1,955a79,poster,40,0.5581948297912316,0.6040270131369132,0.5541382677696397,0.906648705172951,0.752256553674631,0.5012525828621943
qwen-3.5-plus,2,95b24c,desktop,29,0.3633595644970371,0.5322893052840774,0.7688791357496056,0.6127566450764389,0.6870360201163279,0.2773640348485894
qwen-3.5-plus,3,955a79,poster,46,0.4652806030407839,0.5572146928622761,0.7851446897753105,0.7093254907290523,0.7092401130956881,0.4089045566904318
qwen-3.5-plus,1,95b24c,desktop,40,0.5377962434026633,0.5846815435114909,0.5927370399456342,0.7474515873979942,0.7190672684244513,0.4496733122614678
qwen-3.5-plus,2,955a79,poster,50,0.5172455176744404,0.5752961304284968,0.624343057103276,0.7591328638405779,0.7145252515621815,0.4683687569000472
qwen-3.5-plus,3,95b24c,desktop,65,0.465739168351994,0.5524673577192438,0.9387248152469576,0.711807614295925,0.6889316156301746,0.3472444317919423
qwen-3.5-plus,1,94e7b4,mobile,40,0.1520443808485266,0.4072852897697067,1.900250094887563,0.2164020066982418,0.6127709661754747,0.0956519206203462
qwen-3.5-plus,1,95b2d2,desktop,36,0.8270871577756398,0.7030809571279902,0.8780214540515147,2.0573829852989975,0.845740709914779,0.7952279087277501
qwen-3.5-plus,2,94e7b4,mobile,41,0.0270899380905526,0.3739009607132702,2.349720267196597,0.0351991514946554,0.506101193550039,-0.0378400749448012
qwen-3.5-plus,3,94e7b4,mobile,34,0.106267467976473,0.3590686694670238,2.6290102107450624,0.136788863227189,0.56414102281638,0.1030063175522035
qwen-3.5-plus,2,95b2d2,desktop,48,0.5981624202036175,0.559188671170977,1.1321786212727811,1.4657752583484305,0.8154619290237699,0.5101185030306736
qwen-3.5-plus,3,95b2d2,desktop,40,0.7264557322490899,0.5891710680244518,1.0398766519829326,1.7922032157410728,0.8366787575993727,0.7086732903952685
qwen-3.5-plus,1,95b733,web,50,0.203194100831508,0.4559013215959446,1.143740404391212,0.2936240645698589,0.5817532425493446,0.1965817055334484
qwen-3.5-plus,3,95b733,web,49,0.0662959979912786,0.4420220498612164,1.411300729772125,0.0959732655519805,0.5487080388196712,0.0972748419135959
qwen-3.5-plus,2,95b733,web,46,0.1755179705049896,0.4409827314850095,1.4623415844545318,0.2984061333713275,0.608470275997541,0.3674403200427577
qwen-3.5-plus,1,95ce3a,web,40,0.0975093089253552,0.3671985684650063,1.8465946803931472,0.3057982780159528,0.6100200290610532,0.1147943202738481
qwen-3.5-plus,3,95ce3a,web,40,0.0398072807444632,0.3352259896250196,1.873583789937551,0.0754543126451014,0.560287621301886,0.0345422182132064
qwen-3.5-plus,2,95ce3a,web,37,0.160241774441896,0.3851530070167735,1.868314752473336,0.3799346754874537,0.628195021436337,0.1634511224280181
qwen-3.5-plus,1,9609c8,web,30,0.5631086772421996,0.5714034539528421,1.0034362414963285,0.940921034395962,0.7584069940443301,0.4608971938328034
qwen-3.5-plus,2,9609c8,web,50,0.4991534631130111,0.5356139856391883,0.7526005842022415,0.8490493576670539,0.740768563113801,0.3936855514991404
qwen-3.5-plus,3,9609c8,web,40,0.5865412015650373,0.5872309585588937,0.6862418564620614,0.9702716445618478,0.7655036151116358,0.5185430073700982
qwen-3.5-plus,1,95d2d7,mobile,40,0.2920584785378018,0.4630583152869085,2.085650050581543,0.4846919297029206,0.6283734463263482,0.2727100864706406
qwen-3.5-plus,2,95d2d7,mobile,40,0.3067659556296296,0.4750856822186451,1.8620608308990587,0.422538891074564,0.6509544702569813,0.2653828583939407
qwen-3.5-plus,3,95d2d7,mobile,40,0.320579709814795,0.4760896856374549,1.8039071300594205,0.3996006778052257,0.6475626931790263,0.2831539730231978
qwen-3.5-plus,3,95fc3f,mobile,30,0.1162215097807683,0.3790678773629684,2.5391485056609797,0.118103761264065,0.5390843346054897,0.0805240601332975
qwen-3.5-plus,2,95fc3f,mobile,45,0.2170391127680205,0.4262128328051522,1.9519677250832532,0.2922420356125222,0.5753448762196207,0.2254592242225418
qwen-3.5-plus,1,95fc3f,mobile,42,0.3282741774735531,0.5115711586557972,1.520044956946848,0.4095329716600578,0.6489865662907988,0.3054370160989744
qwen-3.5-plus,2,964f81,poster,35,0.4676809262263647,0.5682547737739423,0.5900931923453742,0.6580234117070851,0.6917446735332292,0.313932733733743
qwen-3.5-plus,3,964f81,poster,36,0.5187677371457182,0.5772331249474113,0.5799959046185962,0.74129678223633,0.7038360453404188,0.4134549981023235
qwen-3.5-plus,1,964f81,poster,35,0.540931834891767,0.5822724304685565,0.5548854973520364,0.7528575711408403,0.7119838638619828,0.4068223016208437
qwen-3.5-plus,1,96c596,web,50,0.3498110948695388,0.4311250835650803,1.476510384594495,0.7987755368758858,0.725341644904858,0.3547136634931448
qwen-3.5-plus,3,9620b2,mobile,41,0.2890957483491547,0.4162348297802777,1.452365040020698,0.4524451271706972,0.6885305670156076,0.2619769155268923
qwen-3.5-plus,1,9620b2,mobile,40,0.4720744884284013,0.499615011132747,1.3802718301553092,0.6967059140693489,0.7407395933981984,0.4440117080352834
qwen-3.5-plus,2,9620b2,mobile,39,0.2964495031944433,0.4258732470615289,2.268611866499344,0.4230336018277902,0.6575438211503042,0.2270629319148543
qwen-3.5-plus,2,964429,mobile,40,0.2236651962582432,0.4162041977184601,2.1351961492690243,0.3640775002722451,0.6335626178027061,0.0977536810256692
qwen-3.5-plus,1,964429,mobile,50,0.2135859190866153,0.4124104596994914,2.2034548406121224,0.3505004014871985,0.6561780314955455,0.0427176397049745
qwen-3.5-plus,2,96c596,web,29,0.3642763440171713,0.440571929305103,1.2157128946425564,0.9063514310128348,0.8008331484109434,0.363038302176682
qwen-3.5-plus,3,96c596,web,50,0.3587859055725023,0.429295032291901,1.1864112337438046,0.8533220857684799,0.7493507049278947,0.3463954867480003
qwen-3.5-plus,1,96d95b,mobile,82,0.6363093776184735,0.5657192748791762,0.6248548209454294,1.0708853327646524,0.7448294781290234,0.5526987414821192
qwen-3.5-plus,3,964429,mobile,47,0.1546578614756138,0.3868397987174337,2.4361964363961004,0.2863760013690402,0.587139556303826,-0.0300367472178849
qwen-3.5-plus,2,96d95b,mobile,37,0.4850333784212743,0.5389585535247362,0.7446183627822243,1.0123018407792903,0.7607991410730292,0.4398595723946545
qwen-3.5-plus,3,96d95b,mobile,47,0.6620893484082955,0.5959448483724479,0.4936740062370614,1.1564381061777338,0.7836220829595502,0.5883746434845631
qwen-3.5-plus,2,96f6e0,web,33,0.2904170055925742,0.4291472772220739,2.4436942246580347,0.5217137246155288,0.5921019441493486,0.2764732900785741
qwen-3.5-plus,1,96f6e0,web,40,0.1533860240620006,0.3921679768455497,2.219076771297936,0.2791918727683949,0.5739237391052701,0.1428177340523246
qwen-3.5-plus,3,96f6e0,web,40,0.1726088916868525,0.4287826472437234,1.6996125881933195,0.3019159941197605,0.6070694079434662,0.1583251058539576
qwen-3.5-plus,1,972486,poster,40,0.2780336410815133,0.380910069179955,1.5344212756912616,0.5989805150766389,0.6712038789844964,0.2871448181791762
qwen-3.5-plus,2,972486,poster,48,0.0340025462545332,0.2786890008304173,3.489607137915325,0.0063816519770972,0.4822579982020289,-0.1102386377551048
qwen-3.5-plus,2,972cc2,desktop,51,0.4186910259001831,0.4813491713586991,0.8406838504926903,0.7398469952742084,0.7117304402928318,0.3331138311774927
qwen-3.5-plus,1,972cc2,desktop,42,0.5028472622722633,0.5805012175604576,0.7500491644253269,0.9022628738461596,0.7534355227182246,0.2852958703786198
qwen-3.5-plus,3,972486,poster,47,0.1088271900354855,0.3133944571485171,1.9254230492283364,0.2401613833764264,0.5947504438047959,0.1842592949882358
qwen-3.5-plus,3,972cc2,desktop,49,0.5114347666180532,0.5586641674772115,0.6253202459667837,0.9133113404749242,0.7652547726645389,0.3181622668610643
qwen-3.5-plus,2,96db53,web,44,0.4600339020494644,0.4843945600407204,1.6835521945638037,0.7502920210596414,0.6924314978765064,0.4504019436156928
qwen-3.5-plus,3,96db53,web,40,0.3899492157365762,0.4527687029536155,1.915726645105269,0.6270757698461755,0.6614216417249353,0.3898891718804346
qwen-3.5-plus,1,96db53,web,40,0.5127084053271552,0.4859607082200338,1.8857932828528008,0.7935904472226777,0.7111366412239165,0.4957022899424242
qwen-3.5-plus,1,9780b8,desktop,35,0.2364917616623098,0.5056893974095089,1.1070001670585143,0.3324827530823596,0.6001659159524302,0.2368904788741979
qwen-3.5-plus,2,9780b8,desktop,36,0.340015231272936,0.5430664651638436,0.9718900542591182,0.4824313398761606,0.6424026884723262,0.3342649885082728
qwen-3.5-plus,3,9780b8,desktop,36,0.3214652912641234,0.5372370158319382,0.9944818264445004,0.4562900667920707,0.6367016706798431,0.3195301706832477
qwen-3.5-plus,2,97cc00,web,45,0.4238493083833111,0.4920059723252762,1.5109381790541896,0.7776443814330736,0.7504630172893476,0.4156385667769436
qwen-3.5-plus,3,97cc00,web,43,0.391679689888547,0.4962078422028767,1.2266518686065224,0.7110523267567664,0.7460295872824498,0.3911943919184286
qwen-3.5-plus,1,97cc00,web,48,0.3238885484095887,0.473636321169846,1.2574273757207122,0.6194642739594244,0.7008834210468139,0.2929418689181156
qwen-3.5-plus,1,98474c,poster,38,0.7597757310704065,0.6900420476372398,0.3721206985267475,1.1740597583991736,0.8028386524230295,0.7430907817885377
qwen-3.5-plus,2,97c1a1,mobile,40,0.3657896362995994,0.4572100881783266,1.7600901910753886,0.524998817937534,0.6995715592514355,0.3593538514027888
qwen-3.5-plus,1,97c1a1,mobile,40,0.3242179150529622,0.4603584895654604,1.4808129144127289,0.5528703213597583,0.6711470064193749,0.3117894065071253
qwen-3.5-plus,3,97c1a1,mobile,40,0.342633267050435,0.500748028481399,1.2566507226853785,0.4954649330289848,0.6611922996405667,0.3161854548978298
qwen-3.5-plus,2,98474c,poster,40,0.7085677201278822,0.6636290645099665,0.4186356654972359,1.108314194890502,0.7932021320609677,0.6904462896814831
qwen-3.5-plus,3,98474c,poster,40,0.619987631179568,0.6005376244556624,0.529751310282904,1.01368483672644,0.7644601712414912,0.5912777469816017
qwen-3.5-plus,1,980144,mobile,37,0.2640470125474223,0.4572999270063205,1.9723979128574964,0.3080262855302144,0.5931513725290327,0.1853672079456697
qwen-3.5-plus,1,985d8c,desktop,48,0.0859068811209324,0.3614969072146707,1.5506818614602698,0.1779798452144673,0.5746720848821343,0.0636546623392968
qwen-3.5-plus,3,980144,mobile,39,0.3050570060893123,0.4578293700816235,1.9721915454504295,0.3628085490859519,0.5979488082627864,0.2168416159395676
qwen-3.5-plus,2,980144,mobile,46,0.2123136183815599,0.4208749971097841,2.224389078282885,0.3083567107123123,0.576611920369709,0.1758503058208773
qwen-3.5-plus,2,985d8c,desktop,37,-0.088866131892304,0.2844244532651132,2.569662281613283,-0.2096594721847313,0.4614994657711283,-0.0581732007426209
qwen-3.5-plus,3,985d8c,desktop,48,0.2502628805693053,0.4221082230733035,1.607016891315146,0.578710514797055,0.6637621311610418,0.2572146478548497
qwen-3.5-plus,1,98b958,poster,47,0.3765002025480111,0.5599003889676464,0.7944731575278896,0.6663889762893613,0.6858764316655435,0.3920463572481526
qwen-3.5-plus,2,98b958,poster,47,0.282026421880887,0.5324489714392244,0.7224358264842017,0.4690056776972834,0.6480441706200515,0.2731918620502835
qwen-3.5-plus,3,98b958,poster,40,0.4049952581625772,0.5703113555394456,0.6021423251413477,0.65861796675454,0.6957103804262517,0.2666619821355357
qwen-3.5-plus,2,99004f,desktop,46,0.5048444265589358,0.5092149500247104,1.502143796317679,0.9055980259729964,0.7397792767169927,0.4500713175051084
qwen-3.5-plus,1,99004f,desktop,40,0.4369673735447502,0.4871418075307542,1.485707909919443,0.7984333716225599,0.7232417060595921,0.3818726343569809
qwen-3.5-plus,1,98df26,web,48,0.3319644105307184,0.5314362579474949,0.9671016993067568,0.5616859219047751,0.6660353248042585,0.3403381802202019
qwen-3.5-plus,3,99004f,desktop,40,0.6029703127241779,0.5677595627499009,1.164907633059289,1.0869058392237223,0.7604351746333494,0.5742881563212241
qwen-3.5-plus,2,98df26,web,45,0.0165581127050162,0.4484473376791462,1.1795815426032177,0.1450400254691575,0.5578235843985064,-0.0081535710896461
qwen-3.5-plus,1,98ae63,poster,49,0.4737236716462504,0.4592046039570826,1.5303543084358922,0.7099807934607637,0.7751228936501138,0.3983533034256022
qwen-3.5-plus,3,98df26,web,49,0.2411828020751162,0.5038686814489285,0.9219507209580632,0.4072814006372116,0.6166596399860145,0.2432555415500323
qwen-3.5-plus,2,98ae63,poster,50,0.6850080713243144,0.5386206284692423,2.344572521036938,1.118820073715252,0.7198629406507158,0.6255627254171412
qwen-3.5-plus,2,991446,mobile,48,0.2822242350345332,0.4155421059205239,2.24609119367277,0.4941555859198697,0.565021917055156,0.1770920754335503
qwen-3.5-plus,1,991446,mobile,40,0.1515835672057518,0.4066855641133825,2.505009852121425,0.3245030348333508,0.5434978246930384,0.0285712915971376
qwen-3.5-plus,3,98ae63,poster,40,0.5335175116735068,0.4751806274599102,2.4274879586336167,0.957884077778581,0.7259453612073746,0.4599660813014971
qwen-3.5-plus,3,991446,mobile,40,0.2395455351636078,0.4351515163827258,1.303722784667308,0.4152871635509166,0.583166059263003,0.1954959100151423
qwen-3.5-plus,1,992c50,mobile,36,0.2682948109361145,0.3891930381731641,2.552645146803936,0.5494192768924157,0.6381350637845271,0.2751352404929927
qwen-3.5-plus,2,992c50,mobile,30,0.3707526070545842,0.4304163131133071,2.176168705740364,0.7505174075291661,0.7109820550118603,0.3854645590506115
qwen-3.5-plus,1,9951b0,mobile,29,0.2682436370478657,0.3669696351360179,2.4578821807943663,0.4695183671235539,0.6770994068446433,0.2048843755173686
qwen-3.5-plus,2,9951b0,mobile,30,0.1280021263393319,0.3144019071195857,3.099699749839358,0.1015359528602821,0.574524853759441,0.0451246577204308
qwen-3.5-plus,3,992c50,mobile,40,0.4108702232650979,0.4705016033769705,1.9654930798757035,0.6881664474853378,0.6984993784803922,0.3826835209992984
qwen-3.5-plus,3,9951b0,mobile,45,0.1412178822570677,0.3646323614903388,1.9916315841470904,0.3422326107593609,0.6331671176804087,-0.0700863993390187
qwen-3.5-plus,1,9984d9,desktop,44,0.3865499101165507,0.5263081242939027,0.949774964692154,0.5988301473434067,0.6855096354498483,-0.0507398659675877
qwen-3.5-plus,2,9984d9,desktop,50,0.3364165436852853,0.5283419884546812,1.371857047091931,0.5058215972332698,0.6483891788147574,0.0506069538383301
qwen-3.5-plus,3,9984d9,desktop,40,0.5095653379938344,0.6096841184456688,0.6413547536580683,0.8238245672976884,0.7517741007365235,0.2289251963662906
qwen-3.5-plus,1,9a69c1,poster,40,0.446510205344708,0.6638861428448927,0.3790572679555674,0.5260634431663572,0.6570721549476428,0.4132332793709887
qwen-3.5-plus,2,9a69c1,poster,45,0.1756494393326374,0.5618400175552692,0.708230486907232,0.2132413330268556,0.5665694198088346,0.0414970426429975
qwen-3.5-plus,3,9a69c1,poster,40,0.3369523446468412,0.6350941940381689,0.4474744162548247,0.4126443289773193,0.6215969521251927,0.3164869068097988
qwen-3.5-plus,2,998d69,desktop,48,0.6705915521894447,0.5866900505328231,1.7605188426624427,2.049071120543396,0.8036945543970371,0.6833082067346271
qwen-3.5-plus,3,998d69,desktop,50,0.6958715531584155,0.6186251452650033,0.9954830264897356,2.2240132103747903,0.8889891962798347,0.700091020683942
qwen-3.5-plus,1,9aa231,mobile,40,0.5757000614234987,0.5924480153896312,0.882377696636307,0.8045968393035653,0.7339285781259088,0.4407946854457096
qwen-3.5-plus,1,998d69,desktop,317,0.5068995588520746,0.4419769447364846,1.32762098938409,1.4784911181130764,0.8130154665239345,0.468419166199398
qwen-3.5-plus,2,9aa231,mobile,40,0.5376237098147416,0.5959664061591845,1.4226726354328922,0.7625566605401938,0.6804416091524773,0.3993343695404988
qwen-3.5-plus,3,9aa231,mobile,35,0.6065452618608491,0.6487236551393836,0.4929629560215164,0.8201945912241643,0.7222075717031458,0.4900694609355013
qwen-3.5-plus,1,9aa968,web,49,0.3149927712927253,0.5453733469656488,1.001019825681717,0.4643983293598432,0.6336375438254794,0.3453977457401173
qwen-3.5-plus,3,9aa968,web,50,0.55720915455441,0.619922280513427,0.6230362522437097,0.7834887556746357,0.7075612112452183,0.5929703342444443
qwen-3.5-plus,2,9aa968,web,50,0.3349412923349386,0.5738868210237691,0.701142723825383,0.5127601826142035,0.6526166318678766,0.2927539091278318
qwen-3.5-plus,1,9aabba,web,40,0.2848523103178937,0.4379756834018931,1.3764910529676455,0.4574851955807469,0.6533410590949146,0.2816563464313234
qwen-3.5-plus,2,9aabba,web,35,0.0853072199436891,0.3701615941908781,2.869286480832638,0.142080108225526,0.5627668390414226,0.0867155717693341
qwen-3.5-plus,3,9aabba,web,35,0.1483615146776024,0.385526051895543,2.9678051076967513,0.2558993002101738,0.5749351715653541,0.130647327839905
qwen-3.5-plus,2,9afe5f,poster,45,-0.1376701756368632,0.5204064560703813,0.8207459700077944,-0.1716456340966667,0.446863488748524,-0.1023916740560035
qwen-3.5-plus,1,9afe5f,poster,48,-0.1164147467227084,0.5152224016355591,0.8712723007226809,-0.1545421750018559,0.458548833555285,-0.1516405539146349
qwen-3.5-plus,3,9afe5f,poster,50,0.0493696638225172,0.5692111899145016,0.6005319712910485,0.0493158044589829,0.5110998122355281,-0.0898684319016491
qwen-3.5-plus,2,9b2668,desktop,40,0.2349186384559795,0.514657316852524,1.3104023179224047,0.3774467320985292,0.6282780588273071,0.2765218671658894
qwen-3.5-plus,1,9b2668,desktop,30,0.2151652602261094,0.479597405352115,1.723431459554409,0.3373626913673741,0.6369248735398314,0.2240835583508807
qwen-3.5-plus,3,9b2668,desktop,52,0.2727828594111111,0.5261014104118269,1.6133052113992483,0.4299211903187878,0.6321507649425712,0.3697420985845804
qwen-3.5-plus,1,9952f0,poster,48,0.1358006317726005,0.2165496026536131,4.790686183515604,0.1240786519357052,0.4512079381936792,0.1525739940059603
qwen-3.5-plus,1,9b3896,desktop,40,0.1036115814992831,0.3357884012747517,2.3531979209652256,0.2232698391988791,0.6019143595883408,0.0991258352835202
qwen-3.5-plus,2,9952f0,poster,30,0.0269719931258477,0.1239049441710486,6.0081049943013465,-0.0339152491660453,0.2986982409014281,0.030497040737714
qwen-3.5-plus,2,9b3896,desktop,50,0.2167059249166693,0.3982224420410595,1.6964429419899287,0.4288448628276868,0.6170788872637867,0.1983864696344942
qwen-3.5-plus,1,9b41e4,web,49,0.3520403873061037,0.5197933492731275,1.027928436576519,0.5286772220990965,0.6765301328549496,0.2588955116531208
qwen-3.5-plus,3,9b3896,desktop,45,0.1339329659308875,0.3696083394501617,2.3519181368083952,0.2564359011991107,0.5853630387504316,0.1096578136329892
qwen-3.5-plus,3,9952f0,poster,47,0.1067774814401811,0.1930581089162629,5.129040492165576,0.3615560884191715,0.4248438052397144,0.1006320241964462
qwen-3.5-plus,3,9b41e4,web,45,0.3847616004796944,0.5317025978058758,1.0943380926947257,0.5940517766251846,0.6932289316643347,0.3056685556279353
qwen-3.5-plus,2,9b41e4,web,49,0.403747978014019,0.5306675938595931,1.0739047231226189,0.5970510672655626,0.6947506219968343,0.2472535658193242
qwen-3.5-plus,1,9b4285,desktop,46,0.7867732456452863,0.6619294396538473,1.209501491330698,1.7933353474707237,0.7805284011412023,0.7716567877722699
qwen-3.5-plus,2,9b4285,desktop,49,0.5793569634698174,0.4404770667932103,1.3761052711084154,1.342861111111483,0.7670159734692579,0.5535923994061265
qwen-3.5-plus,3,9b4285,desktop,50,0.8277627569368338,0.6843109063621923,1.054805019219785,1.927579037473136,0.8027533353689887,0.8109661685248138
qwen-3.5-plus,1,9b7610,web,40,0.5249757653226614,0.5811124200656079,0.8030427093346437,0.8442234311553423,0.7265265714992066,0.5047645469574725
qwen-3.5-plus,2,9b7610,web,40,0.4942307761157273,0.580769929811442,0.8182373435924888,0.8099354849677911,0.7190405810027898,0.469624375671035
qwen-3.5-plus,3,9b7610,web,43,0.5077095037374719,0.585000360780434,0.6766364216504257,0.8291514483865111,0.7301999507491013,0.5207227068867547
qwen-3.5-plus,1,9ab8bc,poster,48,0.0051530618528324,0.1577436573482841,5.427781581701842,-0.0221362689629297,0.3078718679877676,0.009997652645267
qwen-3.5-plus,1,9ba547,mobile,51,0.306988656907998,0.3865823228440944,2.64051844378281,0.7221978103680686,0.6802656429652262,0.2578667034698312
qwen-3.5-plus,2,9ba547,mobile,48,0.4465897650748356,0.4717956013136011,2.0443508188001456,0.8178391513542724,0.7344528663810063,0.4292308927161374
qwen-3.5-plus,1,9bbfdf,desktop,39,0.3245503422174301,0.4124336350709625,1.2934906585695642,0.795900725902534,0.6947724850438375,0.2454061551414817
qwen-3.5-plus,2,9b3421,poster,45,0.0145033230598824,0.1703667571539397,5.292227527500331,0.0234643211695806,0.4131695044974802,0.0171835502809299
qwen-3.5-plus,3,9ab8bc,poster,46,-0.0616678072418277,0.1370711040157973,5.8775871947245,-0.1232541714409836,0.2462514972109994,-0.0738420711828387
qwen-3.5-plus,3,9ba547,mobile,49,0.4031649236370276,0.4296782327827222,2.6258613731377776,0.8686735072385307,0.691268800071935,0.3877836651278757
qwen-3.5-plus,2,9ab8bc,poster,46,-0.0195056223582927,0.1561090827553753,5.5041895365422215,0.0680461789785443,0.3191623237208912,-0.0176313032926012
qwen-3.5-plus,3,9b3421,poster,48,0.0945604695900316,0.2256737376543779,4.4075213536444595,0.1325023472566995,0.4806787700469744,0.0803129918881442
qwen-3.5-plus,2,9bbfdf,desktop,46,0.4287476418947634,0.4487613726770082,0.953228652996544,0.8503591300362552,0.7223087560102246,0.3720922885318467
qwen-3.5-plus,3,9bbfdf,desktop,49,0.4119783033308418,0.4441382388813567,1.0438432444526278,0.8986770229046184,0.7169220635769954,0.3506996856546148
qwen-3.5-plus,1,9b3421,poster,42,0.0725637275976064,0.1789470686547856,5.150230183135904,0.0464266147445741,0.4327568419277768,0.0702339187497857
qwen-3.5-plus,1,9cb812,web,45,0.4165852673024076,0.4966844417405549,0.9211547778615898,0.7079324033150549,0.7157911068063251,0.3169641131804042
qwen-3.5-plus,1,9d1757,mobile,40,0.7013522963016952,0.6246273375491761,0.6028191036435616,1.1153211716513902,0.7584484717971345,0.6641623930360127
qwen-3.5-plus,2,9cb812,web,44,0.484183539804638,0.5155006813647648,0.9247408223352503,0.906445156461168,0.7513568443288294,0.4124153529810454
qwen-3.5-plus,1,9c07ef,mobile,40,0.4136519025123966,0.5124761245227014,1.4858583685736226,0.6253139678819946,0.7326549994077993,0.1576145632992499
qwen-3.5-plus,2,9d1757,mobile,48,0.6477456732257055,0.604451872022331,0.4884179511247724,1.0377342126883016,0.7569757464157867,0.6325144590814462
qwen-3.5-plus,3,9cb812,web,50,0.4639357148374767,0.4865467668956613,0.920893208668213,0.8239220106460898,0.7313824890947063,0.3942399598713149
qwen-3.5-plus,1,9bf988,mobile,39,0.3046340858971096,0.3977619324785066,2.6047652867945175,0.5180082363747379,0.611085800293488,0.3563461993481015
qwen-3.5-plus,3,9d1757,mobile,49,0.6202398109290581,0.5839594914456662,0.5560348228945765,1.001258997691109,0.743510655643335,0.6468520124883742
qwen-3.5-plus,2,9c07ef,mobile,40,0.3558106096897729,0.4568081187420924,1.8778352424289584,0.6327214737209792,0.695332363317196,0.1175674923477397
qwen-3.5-plus,2,9d3bb4,mobile,50,0.5147704552335104,0.6157202901069558,0.5326734994729606,0.6336042986642151,0.6913367460042414,0.1471422250267174
qwen-3.5-plus,1,9d3bb4,mobile,51,0.4566817656086846,0.5797399342064214,0.7160676140550034,0.5905336586620555,0.7013295074677229,0.1875131169900307
qwen-3.5-plus,2,9bf988,mobile,44,0.3760285995172479,0.4169083772865243,2.5352856815585127,0.5518403584179141,0.5958927485295177,0.4239541256335105
qwen-3.5-plus,3,9d3bb4,mobile,49,0.2823590973601637,0.5350542493520986,0.9879664456773926,0.312122236384678,0.598008510896445,0.0366770780123556
qwen-3.5-plus,3,9bf988,mobile,99,0.0714070088411508,0.4560822781305186,1.173110894389915,0.106450559326541,0.5349338364201247,0.0483646654303274
qwen-3.5-plus,3,9c07ef,mobile,40,0.3540672596903824,0.455533152858494,1.9939611817773788,0.5615149105132324,0.6531914361074324,0.1636677730073557
qwen-3.5-plus,2,9d7510,web,42,0.3228557188216756,0.5454550012568613,0.9062733440415872,0.4069681708524915,0.6403382326582129,0.1219771566643282
qwen-3.5-plus,1,9d7510,web,35,0.2287291681504436,0.51456603351446,0.8777129436807868,0.3242485125616425,0.6096897032963254,0.1633322266667171
qwen-3.5-plus,3,9d7510,web,45,0.3838303293414042,0.5339746613503996,1.082406500083433,0.4959764546081235,0.6559224769089846,0.290251498450265
qwen-3.5-plus,1,9dd93b,desktop,38,0.7649884901470506,0.5326725351396557,1.0386111472714403,1.7893488006506455,0.8023052442081744,0.7689714819982295
qwen-3.5-plus,2,9dd93b,desktop,48,0.6306186108687182,0.520854724145517,0.7994605551867326,1.5942803033141657,0.8227410942682194,0.6370795811578156
qwen-3.5-plus,3,9dd93b,desktop,50,0.7834235599197807,0.5302343423339959,0.802431990078607,1.8582861116435496,0.8052449459092936,0.7684329008923497
qwen-3.5-plus,1,9da4ef,poster,41,0.4200456729275263,0.459993372708403,1.800804098672257,0.9561437625240932,0.7585628393255622,0.4402904171855487
qwen-3.5-plus,2,9da4ef,poster,48,0.5970824450247542,0.541135640189652,1.1894956907948684,1.3118957147854364,0.808803094969338,0.5859785189973692
qwen-3.5-plus,2,9dd545,poster,100,0.3004882106074221,0.3113339972150716,3.474679667479239,0.7598852875169454,0.6142467639758618,0.212774766706039
qwen-3.5-plus,3,9da4ef,poster,41,0.643096200605401,0.591311686399572,0.9859678883249672,1.3186677239229936,0.8282497508487162,0.5889880042580854
qwen-3.5-plus,3,9dd545,poster,41,0.5234938717245944,0.5200224762687011,0.9821589748388266,1.000067219206222,0.80742924535203,0.4797755713915672
qwen-3.5-plus,1,9dd545,poster,41,0.4824569265046839,0.449567046873243,1.64133045767465,0.8497008330116808,0.8157753795102939,0.4220048548015376
qwen-3.5-plus,1,9e069d,poster,45,0.240326696065012,0.5002784608620675,1.2312197654420949,0.3662951494666896,0.6048265927845019,0.2094615768140434
qwen-3.5-plus,2,9e069d,poster,40,0.1366699976190984,0.4563899374794536,1.5467025882232466,0.2218544266831533,0.5586871219296212,0.1056510218105918
qwen-3.5-plus,3,9e069d,poster,50,0.1293704972238222,0.4374253881230048,1.5379886277935575,0.1921056345484043,0.5702691438852299,0.1471679478085087
qwen-3.5-plus,1,9e3ef2,poster,53,0.4096273722255981,0.429400530648909,1.4782426157555415,0.6619587952672491,0.7927091237614222,0.4613379318447771
qwen-3.5-plus,3,9e3ef2,poster,40,0.5841062587235599,0.5297399801165011,1.1092598052218707,1.1833913684320387,0.8046176857432403,0.571440508143635
qwen-3.5-plus,2,9e3ef2,poster,49,0.4985908787742484,0.4724566397230271,1.173241565700898,0.9371143529471762,0.7770257885873061,0.5082619170620869
qwen-3.5-plus,3,9e3970,poster,41,0.2300607747896054,0.3564126873242642,3.102732181583563,0.2874870802210156,0.586549733666383,0.1739992733093217
qwen-3.5-plus,1,9e3970,poster,40,0.2143771855920601,0.3492719098224185,2.9738301033428343,0.2690735864698701,0.6014510006311378,0.1487262799009575
qwen-3.5-plus,1,9e5962,mobile,36,0.3399354061938158,0.4241597385152477,2.2215813037956136,0.6438035689507153,0.7121627154317458,0.2892014913080021
qwen-3.5-plus,2,9e3970,poster,40,0.243102564529989,0.3313581335625277,3.486525052316,0.2884625589340809,0.5662288969377919,0.2047276529580864
qwen-3.5-plus,2,9e5962,mobile,40,0.3740504743210814,0.4509843849273935,1.7909028554388886,0.6192136584923075,0.6988620617474965,0.337132670990824
qwen-3.5-plus,3,9e5962,mobile,40,0.4893792347601665,0.4663591897798689,2.029885512129826,1.0321551964323363,0.7404744333833407,0.4562294206573368
qwen-3.5-plus,2,9e6898,desktop,44,0.7091278069743825,0.5931317003913801,0.7937062325743802,1.763814067335639,0.8195309370109357,0.6974169514543138
qwen-3.5-plus,1,9e6898,desktop,50,0.8435703270220762,0.633947239632757,0.7662378781127104,1.7679375505731127,0.7915891260814202,0.8388659462812561
qwen-3.5-plus,3,9e6898,desktop,49,0.2524456650566512,0.3198598798800783,2.21581898499564,0.4815868643682767,0.5704327624663799,0.2191791006023442
qwen-3.5-plus,1,9e68c7,poster,40,0.4586613482325797,0.5569632631007406,0.6335391423069512,0.7671387087536278,0.7297581733881606,0.4656302127391194
qwen-3.5-plus,2,9e68c7,poster,41,0.4722715042501004,0.5695422310338469,0.5972821732036622,0.7102130710129169,0.7192190923786081,0.5108588084378634
qwen-3.5-plus,3,9e68c7,poster,38,0.5125679594902858,0.5823178184544916,0.5533559413093849,0.7763610722394227,0.7293443414889533,0.5345501286388545
qwen-3.5-plus,3,9e5e48,poster,30,0.3650675359593848,0.4217486942554012,3.2356339928320925,0.6893629651050827,0.6211482183985884,0.2865173695677802
qwen-3.5-plus,2,9e5e48,poster,48,0.539708805543532,0.578123707973183,1.0826864475927689,0.983145036697878,0.7977512489525416,0.4379464647511114
qwen-3.5-plus,1,9e5e48,poster,48,0.5189127359509862,0.546947925726758,1.1289034784097756,0.918224094041578,0.7770868039761418,0.4087742810564609
qwen-3.5-plus,3,9ea1e5,desktop,40,0.6052048606278593,0.5486461897702192,0.83397985353993,1.545446834953364,0.8539507157295074,0.5391380799554929
qwen-3.5-plus,1,9ea1e5,desktop,50,0.5168029905510492,0.4668317116829062,0.913587902084098,1.3380155668369218,0.8504912257687031,0.3843959246720703
qwen-3.5-plus,2,9ea1e5,desktop,47,0.4331431557572637,0.4426177554208136,1.1963289121290923,0.9869555704514325,0.812226847338517,0.4243267429152609
qwen-3.5-plus,2,9e02bf,poster,48,0.0323792685705535,0.1833678171647738,5.4635448989240984,0.0641520007817761,0.2936364675434654,-0.0225193393569262
qwen-3.5-plus,1,9eb11f,web,38,0.385291787790597,0.5543815642437357,0.782815927498579,0.5485127344554589,0.6816363292044127,0.233277741265853
qwen-3.5-plus,1,9e8ff1,web,30,0.5029692264521242,0.4692768310155377,1.5543274875259456,1.1633271519591917,0.8130468751452106,0.4724138359181508
qwen-3.5-plus,2,9eb11f,web,49,0.2941504147472107,0.5102382452511804,0.7945958035986406,0.428146433274313,0.6448100422538757,0.2401846332547098
qwen-3.5-plus,3,9eb11f,web,90,0.5491293680309376,0.5776058543378392,0.5564934665225499,0.780939148938773,0.7300411175768808,0.2604547328461464
qwen-3.5-plus,2,9e8ff1,web,46,0.3977938484749656,0.4525626061437701,1.2235133769730695,0.8674975112344516,0.7804857809605676,0.3805321532882688
qwen-3.5-plus,3,9e8ff1,web,40,0.4400260121879084,0.4428987756911745,1.6327177477181276,0.9784116416735704,0.816845025429409,0.3977806169024963
qwen-3.5-plus,3,9e02bf,poster,40,0.0014902748259493,0.1554131209234692,5.645709769177387,-0.0025463686816416,0.3078067971402777,-0.0482169098522154
qwen-3.5-plus,1,9ec0f6,mobile,40,0.4995373232189992,0.565799802563331,0.8488062178264312,0.8949027944607787,0.7587738143498223,0.436545970626001
qwen-3.5-plus,2,9ec0f6,mobile,37,0.5760494160557665,0.6132926400459626,0.7014386538248604,1.0302257091586136,0.7870580647074591,0.5128452325948041
qwen-3.5-plus,3,9ec0f6,mobile,40,0.5070359320995781,0.5533404366915886,0.7250458862947666,0.9145320217966002,0.7825995078011484,0.4342672042343782
qwen-3.5-plus,1,9efc81,web,42,0.2547802904116865,0.527194859849567,0.9618572946137776,0.2782631992507807,0.5820393397595872,0.1316806403913047
qwen-3.5-plus,2,9efc81,web,52,0.2953954671055326,0.5460327396226092,0.9751076272632976,0.3959723968382604,0.5922148490968968,0.3191402594642469
qwen-3.5-plus,3,9efc81,web,50,0.2058377202337302,0.5226652229428947,1.154412394265202,0.2443149563455781,0.5883190488092518,0.0542558918155705
qwen-3.5-plus,1,9e02bf,poster,47,-0.0028119814158567,0.1726520646729986,5.405551892059982,-0.0362742487182326,0.3239908810781738,-0.0606628597176606
qwen-3.5-plus,3,9efcf0,web,40,0.4728058980680596,0.5041865747729521,0.9329437007340332,0.8661004727996221,0.7588501469375581,0.3575791802883592
qwen-3.5-plus,2,9efcf0,web,40,0.2862322267261298,0.4125164002876344,1.161220937665451,0.5528636220237786,0.6702213138454027,0.1138112693971364
qwen-3.5-plus,1,9efcf0,web,41,0.417342048504374,0.4713574221077828,1.150294477820127,0.7790165545552475,0.7233359934787682,0.2419767981895785
qwen-3.5-plus,1,9f2268,poster,30,-0.0110539300284404,0.3955582087956192,2.048302923439664,-0.0049521157662946,0.5046163372689045,-0.0239169898433048
qwen-3.5-plus,2,9f2268,poster,50,0.1068822620405966,0.4945739324619982,0.9814129794113736,0.0496167247895599,0.5401481340956843,0.1095018765307891
qwen-3.5-plus,3,9f2268,poster,36,0.1557290877089203,0.4705881326192223,1.4093281411321277,0.229139267944988,0.577780218151029,0.1667541989599026
qwen-3.5-plus,2,9f6fc9,poster,50,0.4087252806105121,0.6251311928365165,0.5559520411281457,0.5199176090798718,0.6561652665653792,0.4310768130669127
qwen-3.5-plus,1,9f6fc9,poster,40,0.4370142996390452,0.6535308522274186,0.4395222755276366,0.5207483468746777,0.6617907955458511,0.4611882967507312
qwen-3.5-plus,1,9f5081,web,42,0.4366106742937152,0.4649649906174928,1.0492881803641931,0.9205571937368212,0.7753799849950147,0.3900844512984783
qwen-3.5-plus,3,9f6fc9,poster,50,0.25596983449776,0.5910052294681828,0.5960864670956665,0.2851803676270878,0.5943381808409292,0.2697231671347876
qwen-3.5-plus,2,9f5081,web,50,0.3797978334812572,0.3703302904213518,1.5809063787526083,0.6957920901909035,0.6881002793898249,0.3998376414409745
qwen-3.5-plus,3,9f5081,web,48,0.4577156296595567,0.4278939851391211,1.296642513172943,0.9086703942873172,0.7262183846841225,0.4595477654551533
qwen-3.5-plus,1,9f1d52,poster,49,0.4432275622068264,0.4482701107128864,2.16017049669701,0.6623332338066424,0.7056586357836768,0.3534996889734272
qwen-3.5-plus,2,9f1d52,poster,48,0.621160911733916,0.573911709122477,1.5285228404250342,0.9363520170007104,0.7280609455437494,0.4702950629676338
qwen-3.5-plus,3,9f1d52,poster,47,0.6994969853266533,0.580292175273672,1.661009620636161,1.153653118101882,0.7528721680468896,0.6163828320669291
qwen-3.5-plus,1,9faf29,desktop,47,0.5546947057946781,0.576511841670352,0.7057889432329991,0.946962935771174,0.7583592889887233,0.5375685317666782
qwen-3.5-plus,3,9faf29,desktop,50,0.398580850835441,0.5101040327873272,0.8819505363306231,0.6722228116666019,0.7192039401864723,0.3526342035335675
qwen-3.5-plus,2,9faf29,desktop,50,0.3146871635284729,0.4693530547775951,1.1138073994032285,0.4740036856971743,0.6960882853375503,0.3493560631296142
qwen-3.5-plus,1,9fb0eb,desktop,66,0.7064725126549786,0.6686520795061482,0.4354871739526073,1.060949727867378,0.7702127536131869,0.6359243387167571
qwen-3.5-plus,2,9fb0eb,desktop,48,0.682636738380829,0.690946886203011,0.5041542768818957,1.0023039626670471,0.7799573746840277,0.6149403576374814
qwen-3.5-plus,1,9fad4b,mobile,41,0.4550038893320656,0.4636780510695202,1.703571831936885,0.8894953054580816,0.7452325772744056,0.4306210290806943
qwen-3.5-plus,3,9fb0eb,desktop,49,0.7287530387143979,0.704790678010411,0.3367537213502127,1.070953146441334,0.786583437674425,0.6548977747894743
qwen-3.5-plus,2,9fad4b,mobile,40,0.2946377399418402,0.3113929627125847,4.018556482895415,0.6212777957729413,0.61080041046487,0.2702329325990978
qwen-3.5-plus,2,9f7fe4,poster,47,0.5500308280225283,0.4627109574576109,1.2527681322231006,1.6639663579661157,0.8753762604595393,0.5270441366448542
qwen-3.5-plus,3,9f7fe4,poster,38,0.4925247490093469,0.4616565824010489,1.828924399008531,1.6184553417188825,0.8351026897205899,0.4604270194817286
qwen-3.5-plus,3,9fad4b,mobile,41,0.3028186627580059,0.3804343004154285,2.3284791836080245,0.4856256328124345,0.6360974178722955,0.2684983604723673
qwen-3.5-plus,1,a03205,desktop,42,0.6811108406247095,0.582666518961097,0.843325715752696,1.974150664593356,0.8815810901381056,0.6513094018350898
qwen-3.5-plus,1,9f7fe4,poster,49,0.5038159226665126,0.4238462416410863,1.339096356687657,1.602016673833364,0.8604157227609198,0.466748759348659
qwen-3.5-plus,1,9fce53,poster,39,0.1640422347571425,0.5035211677199566,1.4394461555898828,0.2348475678308479,0.5752333059517687,0.0004088761113742
qwen-3.5-plus,2,9fce53,poster,40,0.1098127888548236,0.5037146286731577,1.0030585538442098,0.1666788577540992,0.5699322404709939,-0.018361792828956
qwen-3.5-plus,2,a03205,desktop,40,0.6930957376480595,0.574415974957344,0.8550045257933678,1.988199097751128,0.8792430496080824,0.6652974627616427
qwen-3.5-plus,3,a03205,desktop,49,0.6992097212463263,0.5066169222768415,1.1163544104825784,2.0314640012458254,0.8391920295030592,0.6737171446053022
qwen-3.5-plus,3,9fce53,poster,33,0.2420225644710017,0.5277748916712324,0.8740279766447062,0.2885131579392585,0.594655610993962,0.1216376869140892
qwen-3.5-plus,1,a04c36,desktop,49,0.2397168880578679,0.4654120254770304,1.1302769151312992,0.36855857711573,0.6540974608139501,0.139631103922979
qwen-3.5-plus,3,a04c36,desktop,48,0.3202385581445408,0.5005941408569239,1.1052014543570154,0.5179483048349769,0.688248128827055,0.2685068459395138
qwen-3.5-plus,2,a04c36,desktop,48,0.1515530360714012,0.4170221648870663,1.2354851265559126,0.260768593386529,0.6493779245069133,0.0094076566319667
qwen-3.5-plus,1,a05750,desktop,49,0.3174289950333205,0.485015206164331,1.2231044988752768,0.5332647482699843,0.6698670196826516,0.1813310565092382
qwen-3.5-plus,2,a05750,desktop,45,0.4859818283248127,0.555793015025384,0.904535777898828,0.7774484662929265,0.7158879620874768,0.4390224541327606
qwen-3.5-plus,3,a05750,desktop,40,0.4872414203598052,0.5829268839497489,0.5696156055181651,0.7654677303611126,0.728864585062084,0.4376464324224277
qwen-3.5-plus,1,a069b7,web,34,0.1796145352251476,0.4547769090377961,1.4548454968527955,0.2974026149205392,0.6146804399821183,0.1210176825286583
qwen-3.5-plus,2,a069b7,web,36,0.2902775274020988,0.4897957829082644,1.2068519847842,0.4640474043419885,0.6582715805066194,0.2006903320531654
qwen-3.5-plus,3,a069b7,web,39,0.2060845628691516,0.4413529353806407,1.5231485393534894,0.3469857607607505,0.6304388667494599,0.1474846863409623
qwen-3.5-plus,1,a05670,mobile,49,0.4484771673503117,0.4313216424830793,1.3657933651446956,0.9321941699124536,0.7849107415180164,0.275221411808874
qwen-3.5-plus,1,a0992a,desktop,42,0.139017743976543,0.295996427084727,1.638718995920866,0.3113269354450788,0.6050455740427821,0.1134343083910122
qwen-3.5-plus,2,a0992a,desktop,50,0.1497395449209702,0.2840373614251797,1.806450982260759,0.3079394898232604,0.5666462668519895,0.1201146330242584
qwen-3.5-plus,3,a0992a,desktop,44,0.2679454038944627,0.3245195979806939,1.4581881740619134,0.5263925709949205,0.6402647639881305,0.2158089028306249
qwen-3.5-plus,3,a05670,mobile,29,0.5490719157792673,0.4691911517470478,1.723034676139377,1.4891090313149795,0.7321153942058973,0.4935756877564524
qwen-3.5-plus,2,a05670,mobile,47,0.4595328562296961,0.4371350849428416,1.328894057425365,0.736811735654649,0.7716715653140208,0.3577196689661558
qwen-3.5-plus,2,a09cbe,desktop,40,0.5400673922947352,0.5129350103404727,0.9926642401753646,1.1144878323814669,0.742898189497072,0.52368013236979
qwen-3.5-plus,1,a09cbe,desktop,49,0.613593335389508,0.5662796469787952,0.7703360315433967,1.24391943177582,0.7834062847390303,0.6001648568874337
qwen-3.5-plus,3,a09cbe,desktop,49,0.4263488509925827,0.4776904163595806,1.1985947584205685,0.8732912179395368,0.6844694842383643,0.4125900655003272
qwen-3.5-plus,1,a077e7,poster,44,0.5863253601972198,0.5610224603286782,1.4234173965478911,1.08379921119562,0.7858139096777109,0.583992748010561
qwen-3.5-plus,2,a077e7,poster,50,0.4967382391817128,0.5106450879015954,1.4741447236556176,0.9166882111981096,0.7447372636883095,0.4957199690452288
qwen-3.5-plus,3,a077e7,poster,48,0.5437394296626927,0.5290598014408914,1.4905916065960731,0.9911875537164264,0.7809938519909165,0.5527414668992588
qwen-3.5-plus,1,a0e299,web,50,0.3966976365515793,0.4771675210525976,1.4525196182869249,0.7015643990653242,0.6832791085867711,0.3273333907118002
qwen-3.5-plus,2,a0e299,web,37,0.3848617738669019,0.4296720446755015,2.3908132799174227,0.6604006157810148,0.6385018379932735,0.3248050204005885
qwen-3.5-plus,3,a0c0ff,poster,40,0.4223015772550851,0.3951312674046743,3.164859263646754,0.686827800545518,0.6358962447237881,0.4109512635833391
qwen-3.5-plus,1,a0c0ff,poster,40,0.3631842392603659,0.4544339173517455,2.154344470733337,0.5912708851564361,0.6862530662730467,0.2855635071699285
qwen-3.5-plus,3,a0e299,web,34,0.4192332113264728,0.4647963335728497,1.970640395908895,0.6587380957122105,0.6665264473111122,0.3507142037385588
qwen-3.5-plus,2,a0c0ff,poster,48,0.4841350198664745,0.4943261456165113,1.5924572172772995,0.8199959512418236,0.7224261559609546,0.4464985285385242
qwen-3.5-plus,2,a0d2e5,poster,40,0.0463203776206141,0.3509365927839714,2.692175117127623,-0.0256373098099535,0.5089974404697024,-0.0888253981594455
qwen-3.5-plus,1,a0d2e5,poster,40,0.1310729641460175,0.3983517117287533,2.6702085239595763,0.2882186393200125,0.5609416991930358,-0.0293829620915725
qwen-3.5-plus,3,a0d2e5,poster,47,0.0599098049349914,0.3631561001132827,2.654368170375823,0.1732487763562028,0.5432698578229235,0.0056503647862148
qwen-3.5-plus,1,a0f84b,mobile,40,0.2958796030834162,0.4935564130801505,1.7302783492925498,0.3393150396074819,0.6146407161280472,0.2271387582331027
qwen-3.5-plus,3,a0f84b,mobile,45,0.2543917801485462,0.4832077098385414,1.8815282052739155,0.3348707408230167,0.5874749444294377,0.1895829674638094
qwen-3.5-plus,2,a0f84b,mobile,43,0.227601165850112,0.4863090433334879,1.750781024009802,0.2592298197310453,0.594960014208419,0.1718336192615139
qwen-3.5-plus,1,a11833,mobile,31,0.2570677922181473,0.3939006532903748,2.549678558601097,0.3796942373363932,0.6033131079166925,0.258461279965313
qwen-3.5-plus,2,a11833,mobile,53,0.2760455933882496,0.379934287053211,2.856443953542919,0.3347740622570603,0.6115277414715753,0.2506587477447796
qwen-3.5-plus,3,a11833,mobile,40,0.3883930956366349,0.4249250329592375,2.281635354551372,0.5811999497433715,0.6674614058062545,0.3447461113078356
qwen-3.5-plus,1,a1379e,desktop,50,0.4733874424813481,0.4937194249206187,0.8641983983427067,0.8910363385439998,0.734520066721847,0.3790249845719026
qwen-3.5-plus,2,a1379e,desktop,38,0.6176322073402645,0.5796283719372899,0.8320319232985324,1.2423908421239591,0.7829436715152625,0.5742244708210619
qwen-3.5-plus,3,a1379e,desktop,33,0.5747591668803983,0.5042859219161699,1.0428039065665209,1.1005170649935931,0.7515438082658334,0.527100561691638
qwen-3.5-plus,1,a128c8,poster,33,0.4494147021803486,0.4808788258370579,1.6732126477287488,0.7793987988893659,0.7275049468550852,0.3951683829183988
qwen-3.5-plus,2,a128c8,poster,47,0.1577022860592042,0.3535475894353074,2.306877910732166,0.342431719593457,0.6438584758454733,-0.1098618812130588
qwen-3.5-plus,1,a16835,poster,30,0.3065987652187005,0.4571388357725727,1.2580336301344222,0.5072381208655503,0.676216834097698,0.305116970640792
qwen-3.5-plus,1,a15dc1,web,45,0.0547276069241671,0.4485049072335803,1.9583241428356903,0.1095324485121322,0.5476085941935352,0.2232161564723366
qwen-3.5-plus,3,a128c8,poster,49,0.4034001569515172,0.4644983858668962,1.5608190309678407,0.6872262068209778,0.6970676842233277,0.2468512247772615
qwen-3.5-plus,2,a15dc1,web,36,0.1660491896829314,0.4809119877205295,1.8518728722852904,0.2926591008347178,0.5788153401879038,0.2875774266343054
qwen-3.5-plus,2,a16835,poster,48,0.485375984117561,0.5308569261094257,0.7475617044314642,0.8674678150151385,0.7331142539587427,0.423268978396824
qwen-3.5-plus,3,a16835,poster,40,0.338887481170762,0.48309361962287,0.9762177071420138,0.5942219780441832,0.6740597631040566,0.3097956316863537
qwen-3.5-plus,3,a15dc1,web,40,0.2623998454131173,0.5040419438190222,1.820823862337322,0.4063320384915698,0.6111008180899664,0.3063170824367775
qwen-3.5-plus,1,a18b8d,poster,47,0.5305640110965776,0.5401854044946849,1.232971918234593,0.9810629354237788,0.7093490774732348,0.4985930493108432
qwen-3.5-plus,1,a19d22,web,40,0.2955168064596247,0.5354866563837904,0.7758190481818481,0.3775835031998401,0.6380887890444976,0.1787038131774621
qwen-3.5-plus,2,a19d22,web,48,0.2360329806069518,0.5129912121215319,1.130293394185527,0.2883328924286956,0.5945158920519779,0.2071982355185099
qwen-3.5-plus,2,a18b8d,poster,49,0.5599370721020165,0.5352779756205553,1.0616891875637648,1.0415942693517708,0.7459373273726881,0.5297269383185343
qwen-3.5-plus,3,a18b8d,poster,40,0.3628490819650337,0.424396500380457,2.39731655474156,0.6542650986436972,0.6709662203004781,0.3380911721845085
qwen-3.5-plus,3,a19d22,web,40,0.2660974738351623,0.5351499371083952,0.7603511651933326,0.3115995772594584,0.6181785182784273,0.2035259063614589
qwen-3.5-plus,1,a25cde,desktop,50,0.6020578246682772,0.5519664878921131,1.7161112437758144,1.0340302210621155,0.6944469007532401,0.5979067746858047
qwen-3.5-plus,2,a25cde,desktop,41,0.1746806279833548,0.4231880421491154,1.2428264266777085,0.2448570862776867,0.5836373861905705,0.1447875039759445
qwen-3.5-plus,3,a25cde,desktop,32,0.2603413266803018,0.3945855157166469,1.826461961643622,0.3945674809292693,0.6465965559481306,0.2352843311677125
qwen-3.5-plus,1,a2d191,web,49,0.3156791177772399,0.4273519023236595,1.7394842534769372,0.5331330758721503,0.6834583886879417,0.3346840407395607
qwen-3.5-plus,2,a2d191,web,40,0.5534553188792446,0.5419165499433246,1.3518455031426044,0.9795650980045124,0.7685566534371424,0.5546249002660432
qwen-3.5-plus,3,a2d191,web,40,0.4668419236472096,0.4757943901293395,1.8607840393644624,0.8233966528947709,0.7398103859204769,0.4631231453266609
qwen-3.5-plus,2,a26a7d,poster,43,0.3540200338067258,0.5681659958156088,0.8316401449827342,0.3302127419644406,0.6283712572155292,0.2125866957841712
qwen-3.5-plus,1,a26a7d,poster,35,0.0801267559290236,0.4653843279495871,1.245661834432941,0.0447421236787715,0.5299032245783584,-0.0237046006307868
qwen-3.5-plus,1,a2da71,desktop,40,0.5829942133726234,0.5648643650812034,1.14736090622185,1.2906120431283106,0.8124908119361037,0.5772051935464891
qwen-3.5-plus,3,a26a7d,poster,49,0.1639548737846469,0.5328895348487546,0.9589788088517086,0.2920137248534403,0.5958647427492735,0.0697329727396234
qwen-3.5-plus,2,a2da71,desktop,48,0.5118629815820004,0.515284077612205,0.9329466062824556,1.119199333454307,0.7916717955759958,0.5023467244110719
qwen-3.5-plus,3,a2da71,desktop,49,0.4546050014650062,0.4962205879664523,0.8868835244351834,0.9779110095674222,0.7719489893830068,0.3348969111320783
qwen-3.5-plus,1,a3d37d,web,40,0.5434654448963689,0.5226596306628856,0.905325054162158,1.1998557238032654,0.8084678069759884,0.5076104775062111
qwen-3.5-plus,1,a33aac,web,48,0.1147114129553028,0.3909176624464616,1.364603277872967,0.1830667277666173,0.5648711506760855,0.1120062125344498
qwen-3.5-plus,2,a33aac,web,45,0.1241696249646731,0.3870576885011177,1.4823297594363003,0.2874321759943752,0.6009012126153243,0.1138824367024346
qwen-3.5-plus,2,a3d37d,web,40,0.5915391915489039,0.5526443582287797,0.885976294044916,1.1944021366500792,0.7942429887795768,0.512252179947848
qwen-3.5-plus,3,a33aac,web,41,0.1852055775408401,0.4121227432536472,1.3267499394696414,0.396211241075526,0.6347524620230658,0.1797130112418087
qwen-3.5-plus,3,a3d37d,web,41,0.6035794844830396,0.5481589724352265,0.7712307500904603,1.3319068443518045,0.8200346413259598,0.5432246592447373
qwen-3.5-plus,1,a42ac8,desktop,46,0.3943249878751074,0.5735480234484778,0.6581105491124402,0.6979263725335788,0.7170257840779893,0.3711392459995779
qwen-3.5-plus,2,a42ac8,desktop,45,0.4194070393803339,0.5828862552995399,0.6080777421774963,0.7356080419960294,0.7300841089054144,0.3984198349082025
qwen-3.5-plus,3,a42ac8,desktop,36,0.0360068975065487,0.416872238340123,1.2118685804292058,0.1382252977173354,0.6083136167141148,0.0059517514070342
qwen-3.5-plus,1,a3fb58,mobile,36,0.5360757137808017,0.5189941440802143,1.4469551651524126,0.9738937120872018,0.7277915866781322,0.5048496042546621
qwen-3.5-plus,3,a3fb58,mobile,40,0.6254416046250554,0.568895079399661,1.0623618423661798,1.0783270226371824,0.7400158015573524,0.5894115029113752
qwen-3.5-plus,2,a3fb58,mobile,43,0.4528223120811945,0.4900934227662642,1.4161887039416354,0.7857746924629819,0.6653769749507434,0.4064682140160139
qwen-3.5-plus,1,a44696,web,46,0.1968218212858962,0.440454646052407,1.2912829200432356,0.3223215082780765,0.5974919481531341,0.1066331820276282
qwen-3.5-plus,1,a42b4e,mobile,35,0.1976456118362849,0.3830028429581346,2.7922923721355546,0.301863621286898,0.5735984943938273,0.2017566095843966
qwen-3.5-plus,2,a42b4e,mobile,32,0.0667071422940847,0.3097958401820536,4.053930370778803,0.1160141664681121,0.5832216206625237,0.0851646200395815
qwen-3.5-plus,3,a44696,web,39,0.2696806908489987,0.4569091688769934,1.597845952825652,0.412354252593576,0.6099593832821257,0.2350882210440122
qwen-3.5-plus,2,a44696,web,41,0.08809970526983,0.3690452636690352,2.3042636559275893,0.1929302493388264,0.5398141620808641,0.1195484424037188
qwen-3.5-plus,3,a42b4e,mobile,35,0.2090622400320119,0.4066335863790261,2.0658273997897902,0.2754235986622654,0.5973065788960941,0.2018013040022393
qwen-3.5-plus,1,a44943,web,40,0.3471298224561431,0.4800205731089144,1.3732144042344374,0.5949523113284946,0.6936112112872895,0.33406862287891
qwen-3.5-plus,2,a46e4b,desktop,49,0.3892751944754662,0.4408439983141255,1.0385016810304326,0.9076950447291492,0.7585680841776921,0.0667397886971999
qwen-3.5-plus,1,a46e4b,desktop,45,0.3420180977792239,0.3972763870818768,1.4131768254779076,0.7746042698044001,0.6964531534794818,0.1060115761448357
qwen-3.5-plus,3,a44943,web,40,0.2774682951547423,0.4560282102399733,1.4453812961372017,0.5018882016762727,0.6889241229206833,0.2594332138511795
qwen-3.5-plus,2,a44943,web,40,0.5455449342186112,0.5613072335360423,0.7756069062651281,0.9675173507282764,0.7659894867965791,0.508105474251833
qwen-3.5-plus,1,a4ac9c,mobile,40,0.5480479623849825,0.5939802255757374,0.7494501839773006,0.9675572685353095,0.7515968803498806,0.3365780128011001
qwen-3.5-plus,3,a46e4b,desktop,50,0.2740282655171705,0.3758928233662934,1.3802657273408827,0.6246130654688086,0.6729237267303202,-0.057588904437442
qwen-3.5-plus,2,a4ac9c,mobile,48,0.3733297521784005,0.5072769594319824,1.201394389499323,0.5776604661053711,0.6636130611199997,0.1420312477247539
qwen-3.5-plus,1,a2744a,poster,36,0.0305694513248617,0.1845617871172771,5.642935051383919,0.0204591327467275,0.3288096284951958,0.0019868824641414
qwen-3.5-plus,3,a4ac9c,mobile,40,0.497783518406484,0.565971683676907,0.8980742732718684,0.8821920923499702,0.7386357568540132,0.3469718589435986
qwen-3.5-plus,3,a2744a,poster,35,0.1729249298735817,0.2512757059190873,4.394893625280881,0.311064463931368,0.5318636123532573,0.1705553137945616
qwen-3.5-plus,2,a2744a,poster,39,0.2028586052421735,0.2713623447501881,4.297191449392688,0.3852747672649195,0.5349425686237497,0.2016282462814152
qwen-3.5-plus,1,a4d2a8,mobile,34,0.611397391708233,0.6660336132437534,0.4308559890564695,0.7939474314455383,0.733023505056405,0.5438295266350575
qwen-3.5-plus,2,a4d155,web,32,0.3686172866392664,0.4691565705555889,1.0820918909209771,0.7262523189636653,0.7820321551947376,0.324206398948444
qwen-3.5-plus,1,a4d155,web,40,0.4699617509005536,0.5045458445959652,0.8637922482952023,0.9232643846115716,0.7700355741181251,0.3832610972996576
qwen-3.5-plus,2,a4d2a8,mobile,38,0.5279689332381688,0.636735995369474,0.5007402658350806,0.6552216571892949,0.7055752754188516,0.4593154175133015
qwen-3.5-plus,3,a4d2a8,mobile,51,0.4165323674171581,0.584720412088088,0.8078399261746297,0.5498777303788515,0.6813896180144328,0.1986330263225897
qwen-3.5-plus,3,a4d155,web,46,0.4681754271765214,0.5004932010374336,0.8273979758484356,0.9371770553403894,0.771076046514717,0.4118165221679056
qwen-3.5-plus,1,a47405,poster,30,0.1399303807449379,0.2416364702157453,5.262682023326224,0.2123789637087841,0.4874411278557003,0.073804349506131
qwen-3.5-plus,3,a47405,poster,30,0.4266357244552162,0.4213675450377128,2.983834625822468,0.7705313732417425,0.6649723933178742,0.3517152359782817
qwen-3.5-plus,2,a47405,poster,40,0.5319298354791269,0.525727046654274,1.316899034760618,1.015922666628555,0.8111788638878898,0.4689860718376518
qwen-3.5-plus,1,a4eeef,web,48,0.2217152694325709,0.4339476110171953,1.1927680463633772,0.3950276173618625,0.6146122034323703,0.1996079120143796
qwen-3.5-plus,2,a4eeef,web,50,0.3309052152805013,0.4839195987392886,1.0705470990238437,0.61300018337952,0.6690904597144656,0.3223022142918518
qwen-3.5-plus,3,a4eeef,web,40,0.3461315321904337,0.4667235264099441,1.095000888649511,0.605828293009776,0.6542891428439851,0.3660993103675032
qwen-3.5-plus,1,a52e34,web,38,0.030287588589978,0.3591826286218827,1.7894027108546675,0.1023579783320537,0.5725927169285832,0.0117662538408918
qwen-3.5-plus,3,a52e34,web,45,0.0561136012195126,0.3804112117516862,1.6092167652401292,0.1243956115034814,0.5763001521093155,0.030815039010817
qwen-3.5-plus,2,a52e34,web,37,0.2283329618497048,0.4535716891532399,1.2382851170773228,0.4440814905840948,0.6696758090899079,0.2264050754498448
qwen-3.5-plus,1,a4f49f,mobile,40,0.1833744988892853,0.3848093364437005,2.4974810786854387,0.5251856271171382,0.6339457865756198,0.1113875217939807
qwen-3.5-plus,3,a4f49f,mobile,40,0.1371499592807095,0.3291559039301878,3.2345347124255097,0.3377649183393755,0.5846680825752694,0.0523496978746782
qwen-3.5-plus,2,a53761,poster,45,0.1258893071568788,0.4028179291850345,2.5198075583557418,0.0673801466430425,0.5465125315327666,0.042280534947412
qwen-3.5-plus,1,a53761,poster,41,-0.034637466822611,0.3288928289569152,2.7394072799761866,0.043458381112505,0.5067485646654465,0.0596490125725262
qwen-3.5-plus,2,a4f49f,mobile,49,0.0911912409859598,0.332413507181345,3.2180771885570447,0.3830122627579386,0.5747355095035556,0.1081511669242555
qwen-3.5-plus,2,a637f9,poster,45,0.6497142183714384,0.4992704511546901,0.7801788359285935,1.7123907097248774,0.8566170808692388,0.6487233754873472
qwen-3.5-plus,1,a637f9,poster,40,0.426291699635499,0.3970726264662012,1.1074108994237617,1.2572750001818036,0.7965212463987479,0.423816232419663
qwen-3.5-plus,3,a53761,poster,46,0.0145995119320048,0.350040602102403,2.8923084230663005,0.0425734114728913,0.4892697807470487,0.0172113766024029
qwen-3.5-plus,3,a637f9,poster,50,0.4297324448350716,0.4157552785411557,1.0488739642053957,1.047187829186654,0.7735646173236711,0.4279734988460464
qwen-3.5-plus,1,a6b429,poster,34,0.1200235424961317,0.5316254340050672,1.462332130099833,0.0785065696930584,0.5313634853055369,-0.0540750726838066
qwen-3.5-plus,3,a6b429,poster,36,0.1218244139497888,0.4789964495225206,1.836570387784725,0.1064856424139263,0.5419538213502471,0.0321488469008083
qwen-3.5-plus,2,a6b429,poster,48,0.1366752045106476,0.4972404531413348,1.791618458186294,0.0998086224870329,0.5256933412293112,0.0221474098329563
qwen-3.5-plus,1,a64332,mobile,32,0.4349115533295343,0.5096625659367968,1.7792872728669882,0.6864535739824208,0.6714951046736388,0.3989508276120644
qwen-3.5-plus,2,a64332,mobile,38,0.3708412581729741,0.4723162993738015,1.9442974018852897,0.5132001808998619,0.6151546749514567,0.3527383910691188
qwen-3.5-plus,3,a64332,mobile,32,0.4942257178254737,0.4897946614925402,1.9694147075331592,0.635017072361902,0.6568929033388298,0.4767313749432561
qwen-3.5-plus,2,a69a78,mobile,50,0.0279611984884939,0.389376689779449,1.6672068624642238,0.0857095235449616,0.5410468984065687,-0.0078738718136642
qwen-3.5-plus,3,a69a78,mobile,30,-0.0329224555222414,0.2707278826486681,4.542773022763198,-0.1254468371122759,0.4072378987254532,-0.0669388273990724
qwen-3.5-plus,1,a69a78,mobile,41,-0.0885935426460938,0.2707708507803174,4.4867315241286825,-0.12127112437521,0.4084174768501111,-0.1425079748423116
qwen-3.5-plus,2,a752c9,desktop,42,0.5216637830763315,0.5583832784497387,0.7116737924407833,0.975692031133558,0.7943571920823148,0.5208392419255329
qwen-3.5-plus,3,a752c9,desktop,41,0.3981771368529874,0.5447757618472447,0.9828920172733676,0.6962880832213715,0.7252366786070941,0.3622876319415283
qwen-3.5-plus,1,a6c640,mobile,32,0.0330332419811732,0.3563137919675133,2.9326830796979566,0.0589494300440679,0.5116779053395358,0.0362214393407277
qwen-3.5-plus,1,a752c9,desktop,45,0.5112702624415512,0.5776711319230587,0.5965069898792652,0.9404550226557732,0.7746207489307707,0.4889101446897844
qwen-3.5-plus,2,a6c640,mobile,40,0.3247274243998614,0.4963602083090244,1.4194364422275878,0.5245826666358155,0.6645582260234595,0.307475875595191
qwen-3.5-plus,3,a6c640,mobile,50,0.3313969334838518,0.4700320379626268,1.8959064713533684,0.4512702289007887,0.6399001446639633,0.3064244661759181
qwen-3.5-plus,1,a6f08e,mobile,47,0.1458863623877703,0.3797658508446759,2.8176618796163377,0.2555812028710194,0.5678225390985838,0.1033417708032812
qwen-3.5-plus,2,a76ed6,web,47,0.5510759483887743,0.5662092966521384,0.6168365967726399,0.9796119075241216,0.7725055662207687,0.3213900688845291
qwen-3.5-plus,1,a76ed6,web,40,0.5439492566624764,0.5842746355599431,0.6467155606418489,0.9883226776690244,0.7832784218196915,0.3033345075019569
qwen-3.5-plus,3,a76ed6,web,32,0.4276585612818046,0.4924841790328094,1.218142426242936,0.7405346947567681,0.7264910464761047,0.2350352212266883
qwen-3.5-plus,3,a6f08e,mobile,40,0.4750839852507942,0.4449311066516118,2.460047007404921,0.7040726681524703,0.6704172867435991,0.4326467918099144
qwen-3.5-plus,2,a6f08e,mobile,45,0.4760416575176061,0.4844679676913693,1.3026960435006962,0.6843070988649202,0.6985496001139535,0.3896244972478507
qwen-3.5-plus,1,a7789f,web,31,0.3009421901027193,0.402389966743729,1.7096313847470173,0.7248990947754469,0.8156571232530104,0.2155850449663052
qwen-3.5-plus,2,a78deb,web,48,0.6913536636660365,0.5577218409362757,0.7281212332841914,1.6849965918612435,0.8249362354068821,0.6720014257954152
qwen-3.5-plus,1,a78deb,web,40,0.7479385687354378,0.563485040414426,0.8391618616189394,1.8638150440548855,0.8081539899434251,0.7284630610729086
qwen-3.5-plus,3,a78deb,web,40,0.7997308210915168,0.6188679361898252,1.0420592377376576,1.940202267022085,0.8134438670271926,0.7909284293848766
qwen-3.5-plus,3,a7789f,web,38,0.3395812196261591,0.4519527916149057,1.5880681782600634,0.9175367996238516,0.8088528052041797,0.2603169533678089
qwen-3.5-plus,2,a7789f,web,34,0.3299432684746916,0.4344846045747185,1.8601625076305477,0.8494209079665975,0.8076703309164547,0.2524729802229521
qwen-3.5-plus,3,a77bd5,mobile,40,0.5308563673850146,0.4768761127104564,2.2650778898698456,0.8677719151589929,0.6996434339509482,0.5340807169430737
qwen-3.5-plus,1,a77bd5,mobile,41,0.4815477242546708,0.5116633310539566,1.8534561960342373,0.6391641951417871,0.6988304507674296,0.4982547951696154
qwen-3.5-plus,1,a7a074,web,48,0.0652716163928238,0.3224363479935397,1.7235293322526437,0.1868217166881632,0.5843957331579401,-0.0109703207827581
qwen-3.5-plus,2,a77bd5,mobile,47,0.4977250677883547,0.5111485825886047,1.6233934301309492,0.8180513395124183,0.7070741581057977,0.4815189763981097
qwen-3.5-plus,3,a7a074,web,40,0.0476759389693511,0.3135883400727406,2.0853476183744055,0.1922753519391896,0.5862539481952135,0.0320201382764063
qwen-3.5-plus,1,a7aa57,poster,40,0.1211100888773206,0.4448422452814036,1.0794666205482848,0.2464987367734549,0.5784301565631936,0.2739703249124215
qwen-3.5-plus,3,a7aa57,poster,48,0.5466470479522455,0.533251017425578,0.6886462257338382,0.9145076279232612,0.7459955514283341,0.5535644353938912
qwen-3.5-plus,2,a7a074,web,48,-0.0002447192896511,0.301248613528547,3.092112956525049,0.053942731915121,0.5367166531152531,-0.0113077241648463
qwen-3.5-plus,2,a7aa57,poster,47,0.3656157261403852,0.5001720544316886,0.8411659684363482,0.668295356825707,0.6900938097193579,0.4214230411638622
qwen-3.5-plus,1,a7a9da,desktop,40,0.515490590920058,0.5395977396963889,0.7275330744760791,1.0030444600106052,0.7787342997338185,0.483125182484086
qwen-3.5-plus,1,a7ac1b,desktop,40,0.4541617088120521,0.5613702857280948,0.6385750279430061,0.7024435980324157,0.7138160406923164,0.3536615417880386
qwen-3.5-plus,2,a7a9da,desktop,45,0.4918801909481511,0.5320111038185853,0.8509988464891107,1.009824641728723,0.7623431659775505,0.4479477412011539
qwen-3.5-plus,3,a7ac1b,desktop,44,0.3889184012783013,0.5402705716541526,0.6858713478857005,0.6061426912454689,0.6926139948068981,0.2776236597137384
qwen-3.5-plus,2,a7ac1b,desktop,46,0.1110143845620737,0.4493826544949887,0.986701983711502,0.2130799753256758,0.5797060265698301,-0.3346763309872076
qwen-3.5-plus,3,a7a9da,desktop,48,0.4900161352269777,0.5238472058698064,0.8361986864416184,0.9822284802280752,0.7653636631270243,0.4576116096764971
qwen-3.5-plus,1,a7f12f,poster,40,0.3989344142900902,0.4705426640215311,1.0995692802782862,0.7525111871258312,0.7472656143260322,0.400979089296686
qwen-3.5-plus,2,a7f12f,poster,49,0.3780672320747117,0.4852212337777528,1.0435845389317375,0.8053950057176507,0.7531605786993902,0.3635381481667024
qwen-3.5-plus,3,a7f12f,poster,48,0.5320632940619703,0.5244724846550824,0.7692636479264521,1.0117395220006349,0.7728602324661247,0.5268564889085964
qwen-3.5-plus,1,a7c035,poster,40,0.4485334821338539,0.5093845870016938,1.1166628251509825,0.9716263912655768,0.7349848598705239,0.4467445752015171
qwen-3.5-plus,3,a7c035,poster,38,0.3678646563960106,0.4766047912087336,1.1947901717980316,0.7089754999827348,0.7275840222126391,0.3513800036385359
qwen-3.5-plus,2,a7c147,web,41,-0.1292907995942024,0.2710061007678479,3.755601083618302,-0.217767912931099,0.4218346371283035,-0.1353216320893319
qwen-3.5-plus,1,a7c147,web,37,0.0599677859423669,0.3388835029325323,3.56436236613291,0.1415150640719034,0.4751107046958857,0.0769364124608329
qwen-3.5-plus,1,a7f467,poster,39,0.342079359724259,0.4677039228262829,1.4102017129436015,0.6310639497284946,0.6613092893196717,0.2742632260780508
qwen-3.5-plus,2,a7c035,poster,50,0.3009579157973159,0.4512386044476461,1.4092732488260045,0.6665430183715619,0.7135549623389283,0.3267295898797633
qwen-3.5-plus,2,a7f467,poster,40,0.0711308737273602,0.4164934747483397,1.2668085234683184,0.0966779023794264,0.5426613640615903,-0.071407972146682
qwen-3.5-plus,3,a7c147,web,47,0.0801691199795374,0.3739430798718488,1.70667091394822,0.1807237110154714,0.5627569060515833,0.0637981810878086
qwen-3.5-plus,3,a7f467,poster,47,0.1260126561475767,0.4246286191642335,1.1414862361931477,0.2469810258434495,0.5868369905121541,0.0419790728708252
qwen-3.5-plus,2,a85808,desktop,49,0.6300760260665581,0.5450260015119194,0.7693794987415434,1.2257566640831163,0.7685178225282062,0.6250514148615196
qwen-3.5-plus,1,a85808,desktop,40,0.5238136506670943,0.5099568020560001,0.833145110670778,1.0984203118457974,0.7572619276792003,0.4945783773586935
qwen-3.5-plus,3,a85808,desktop,47,0.5306100259653979,0.5233191752154618,0.7654955531457586,1.1502457052987594,0.7881957449530467,0.5255547298829114
qwen-3.5-plus,2,a80be1,mobile,36,0.2318806516921811,0.4399154004240382,2.408139523777137,0.3193458500018844,0.6331874329308467,0.1013598216661221
qwen-3.5-plus,1,a80be1,mobile,31,0.1080498721168948,0.3399090082504057,3.506112793764286,0.0598767132341968,0.5209988671618053,0.0973912403904294
qwen-3.5-plus,1,a87d4f,poster,46,0.4560473106867994,0.4941663321532114,1.2038892134949242,0.7967696605728459,0.7370068550127139,0.4237348133026959
qwen-3.5-plus,3,a80be1,mobile,39,0.1522846867621591,0.4293289644531031,2.1368311976903014,0.119636912383235,0.5815289793568063,0.0415704379138077
qwen-3.5-plus,2,a87d4f,poster,46,0.4338714305418606,0.4625789202071055,1.218081205705016,1.087741529154495,0.744764874029155,0.3898183227497654
qwen-3.5-plus,3,a87d4f,poster,40,0.505341824238994,0.505364764703987,1.438378249650787,1.1937524366889194,0.7709830818547282,0.4292327104828086
qwen-3.5-plus,1,a886c5,mobile,38,0.5368542157982822,0.4316999822251405,2.440595276709241,1.391223716534263,0.7492331126744061,0.5266620157750077
qwen-3.5-plus,2,a886c5,mobile,41,0.4433073913846027,0.4711829531197072,1.8795621423495976,0.961439895020381,0.7631031007532919,0.4243724907519178
qwen-3.5-plus,1,a8a8fd,web,40,0.4628516522521372,0.5030224630774824,1.0678537429781698,0.7974673226434736,0.7314711005600535,0.4784843733180748
qwen-3.5-plus,3,a886c5,mobile,30,0.5257826862103782,0.4757146277560348,1.6884262851515768,1.258935982839759,0.7949159856750998,0.5193980797220918
qwen-3.5-plus,2,a8a8fd,web,40,0.3316640998805865,0.4393139783712024,1.3340742859639678,0.5048150897567716,0.6929423165592533,0.3567109755337661
qwen-3.5-plus,3,a8a8fd,web,37,0.4475431194507084,0.4847536644497988,1.117321380362725,0.7324426052248478,0.7262625875711766,0.4728172439171208
qwen-3.5-plus,1,a8f275,web,36,0.3487750434824055,0.4579115757228361,1.6052524644609265,0.6887884110154968,0.727266617745763,0.2969322144480336
qwen-3.5-plus,2,a8f275,web,46,0.3025465844119082,0.4473147928359737,1.1496561676268655,0.598219429660664,0.6890405348420032,0.2572813761708387
qwen-3.5-plus,3,a8f275,web,36,0.2945766656731552,0.4352431506699171,1.3255976601737434,0.5552535946819827,0.668195510349977,0.2565439723206223
qwen-3.5-plus,2,a8e85c,mobile,35,0.2844226981405898,0.4590598822376282,1.5748064382757687,0.3447314622428368,0.6529541227679305,0.2502127378511742
qwen-3.5-plus,2,a8f62a,poster,39,0.5505928906394224,0.6318700749397266,0.6815576788553879,0.6714666145109786,0.7060966414481101,0.5178416956621374
qwen-3.5-plus,1,a8e85c,mobile,31,0.3742070179124623,0.4797111995802233,1.6599162232829854,0.5560296847879542,0.689760432002579,0.3383544823317201
qwen-3.5-plus,1,a8f62a,poster,39,0.4454757512426175,0.5995333415503182,0.8262635610347532,0.5714665914243902,0.6576545713448735,0.3855405548211334
qwen-3.5-plus,1,a91f25,web,40,0.4142244907192611,0.4761489627572998,1.076459579286595,0.88710358799332,0.7748795756944423,0.3872879656835902
qwen-3.5-plus,3,a8f62a,poster,37,0.4895615580764063,0.5971341637434036,0.9368379174577716,0.5741563214377722,0.6774288089203132,0.4713718001172695
qwen-3.5-plus,3,a8e85c,mobile,41,0.3404523574633843,0.4797837762950714,1.5091244521493574,0.4785716978035107,0.6565586213938843,0.3419890893759906
qwen-3.5-plus,2,a91f25,web,45,0.2084281472187539,0.3929445107675812,1.3404377730765795,0.3678270136185459,0.6236451650564464,0.1118519600670181
qwen-3.5-plus,1,a93c69,poster,48,-0.012656649197704,0.3745739020185388,1.515516107815916,0.003296641586751,0.5486577510299442,-0.2410127338121882
qwen-3.5-plus,3,a91f25,web,40,0.4389828009818501,0.48076752338214,1.0091281916970447,0.813621273639493,0.7601190328759668,0.4029599683915879
qwen-3.5-plus,1,a965f4,poster,45,0.3562007839638581,0.6461486026497221,0.7061277913936432,0.2641453001517445,0.579079855192496,0.2416996276133891
qwen-3.5-plus,3,a965f4,poster,30,0.1621013526296132,0.5612837784875265,1.2609180203104875,0.0942376075452979,0.5365984033158315,0.1296519451925674
qwen-3.5-plus,3,a93c69,poster,44,0.1058259648994011,0.436954710986189,1.306325922970351,0.0978863138168596,0.5484321255642508,-0.1971069326592522
qwen-3.5-plus,2,a93c69,poster,51,0.0520634512572821,0.4158578675040226,1.2587018134613568,0.0612874688088599,0.5617252462106676,-0.2620882489878518
qwen-3.5-plus,2,a965f4,poster,40,0.2793121102800654,0.6151669865293794,0.7410559782063726,0.2244053264532217,0.5687416106663927,0.2744306050524276
qwen-3.5-plus,1,a9793b,web,41,0.159512752124809,0.3726132309568578,1.838294837569628,0.3292702871853372,0.6011130732471927,0.1830198258025331
qwen-3.5-plus,2,a9793b,web,49,0.279158606292568,0.4113178296013881,1.8684880037645184,0.5105661127565616,0.65782194211588,0.2476588933464893
qwen-3.5-plus,1,a9ccfc,desktop,41,0.3352949602392766,0.4501728615556875,1.1969924614573422,0.6135713172927032,0.6924233490912446,0.3375445961211319
qwen-3.5-plus,2,a9ccfc,desktop,50,0.3730202047740852,0.4667073218422479,1.0641867817190838,0.6637247409286127,0.6715329656842067,0.3751522371706169
qwen-3.5-plus,3,a9ccfc,desktop,38,0.344519667838126,0.4337646735574421,1.5966614248056603,0.6312192122854908,0.6677408076564337,0.3713482227828959
qwen-3.5-plus,3,a9793b,web,31,0.2159093034955646,0.376516445653371,1.8365370529052747,0.4358536079653121,0.6254107938880765,0.2217087889999132
qwen-3.5-plus,2,aa063a,web,40,0.3527902968448078,0.4415800162323742,1.3048670586351925,0.6773452043189642,0.6662215805919828,0.3183599131214221
qwen-3.5-plus,1,aa063a,web,36,0.2404093376203234,0.4110411197499312,1.6061664228820764,0.423484539575896,0.6311278642546203,0.1696668666480739
qwen-3.5-plus,3,aa063a,web,46,0.2396707988476755,0.3685388751630746,2.255906412669044,0.4393075688425031,0.602772054881534,0.2164348503977006
qwen-3.5-plus,1,aa24d4,web,89,-0.0909464686310891,0.4103008149380762,1.6243003334572723,-0.0966890630240605,0.4694084293447033,-0.0111059282453998
qwen-3.5-plus,2,aa24d4,web,116,0.1434726832151991,0.5592334202905183,0.8702471413814451,0.180908738284643,0.557134558077282,-0.1590829141058904
qwen-3.5-plus,3,aa24d4,web,90,0.5019356349567985,0.636888913109475,0.6351221789130063,0.5189041845954084,0.6546762323013173,-0.0627853697596664
qwen-3.5-plus,2,aa635a,mobile,39,0.3895184490817761,0.4435983920730705,1.623169874233511,0.5528018225104477,0.6615362271346759,0.3114114955583643
qwen-3.5-plus,2,aa6f23,mobile,37,0.4534583504319617,0.4379321499238602,2.2539935485441553,0.8443087600361725,0.7176687235162506,0.4543626862052355
qwen-3.5-plus,1,aabc06,poster,40,0.4742692040084721,0.4700453907457428,2.128128979905657,0.9740620637886458,0.7177911301894121,0.4019083632527497
qwen-3.5-plus,3,aa6f23,mobile,35,0.4438757533370262,0.4691926156675666,1.3712622386557265,0.6829763148546818,0.7474201120977458,0.4375330900761577
qwen-3.5-plus,1,aa635a,mobile,40,0.6066417933271936,0.5925937962944169,1.0111569731150585,0.8959166474898026,0.7346665513329832,0.4908274175116655
qwen-3.5-plus,3,aa635a,mobile,46,0.4010604089724717,0.5122749720351214,1.3382828920961345,0.5773687531196987,0.6661895053993863,0.271158391618941
qwen-3.5-plus,3,aabc06,poster,44,0.3903820619033891,0.4152113115491844,3.25498335494843,0.6880383927303326,0.592243066156876,0.3430171136285272
qwen-3.5-plus,1,aa6f23,mobile,40,0.5159501303345313,0.4885685643123532,1.9337573018783385,0.9857532997324536,0.7316076457222351,0.5067382250259733
qwen-3.5-plus,2,aabc06,poster,47,0.1755873842612116,0.3511758121114509,2.4152838432020864,0.3689677167867021,0.6913984047240431,0.0496039234461636
qwen-3.5-plus,1,aac5d7,desktop,40,0.5706413307652176,0.5105008190840324,0.9115258791222364,1.262600051899874,0.7708616278497089,0.5385858236736962
qwen-3.5-plus,2,aac5d7,desktop,48,0.58055018987209,0.5216846631809298,0.8582224412456249,1.2382541621377807,0.7869746300513895,0.5481928732410498
qwen-3.5-plus,3,aac5d7,desktop,40,0.4238697059793435,0.4553820023501417,1.0760568158273027,0.9050949587205782,0.7379585041039496,0.4066303895918444
qwen-3.5-plus,3,aac976,desktop,40,0.6015957696544961,0.5813892484439912,0.6878717214675989,1.096577132816719,0.8064400705971642,0.5195950456179003
qwen-3.5-plus,2,aac976,desktop,40,0.5053917491062101,0.5305632759314564,0.7855551215398633,0.9538438349319026,0.7876229620692589,0.415579526041658
qwen-3.5-plus,1,aac976,desktop,50,0.4855043153250378,0.4997796681341175,0.8859156382878405,0.8675816880364514,0.7586783833628282,0.3658981727878775
qwen-3.5-plus,1,ab09c3,desktop,49,0.2856775319777068,0.372273111181749,1.7143678037625665,0.6411292618814747,0.6843458459792203,0.3886088894410545
qwen-3.5-plus,1,ab2461,poster,49,0.1712961332426178,0.5122547542654727,0.8515561854192748,0.1694562173221263,0.5637682777753774,0.1789617517656239
qwen-3.5-plus,2,ab2461,poster,48,0.3314926913858699,0.5447710954999492,0.7320625114762301,0.3647551872858032,0.6058505864250875,0.2779756254571247
qwen-3.5-plus,3,ab2461,poster,45,0.4342020161280364,0.5708138001954235,0.5642261057948604,0.5436039913577889,0.641120736836041,0.3510265242732286
qwen-3.5-plus,2,ab09c3,desktop,50,0.149193189124324,0.3271473843848224,2.882524002337263,0.3169052939644934,0.5767150704745782,0.0785774678454313
qwen-3.5-plus,3,ab09c3,desktop,50,0.2569978556632589,0.3385127710694386,1.6838740342422234,0.5382854975641258,0.6577042336332011,0.2464784535531214
qwen-3.5-plus,3,ab0c83,poster,34,0.3161328018480521,0.5137006671551189,1.3270412009243375,0.2880713759815868,0.6435553987338524,0.175325463279096
qwen-3.5-plus,1,ab0c83,poster,34,0.3165014332795651,0.5138258212997726,1.3285217724510108,0.2847284634185872,0.6434541355262272,0.1769706523689049
qwen-3.5-plus,2,ab0c83,poster,34,0.3090923840330338,0.4969126103652281,1.4630075922912795,0.3841423989954179,0.6490266461926986,0.0803115933485976
qwen-3.5-plus,2,aac709,mobile,14,0.2799365638892127,0.2961476965810354,3.9625673235578383,0.4203844354549263,0.5872934890130586,0.2154257749725396
qwen-3.5-plus,1,aac709,mobile,30,0.2254409110596936,0.3704454222841672,2.969619595392615,0.2816221891746897,0.5997222292349431,0.1542938132227896
qwen-3.5-plus,3,aac709,mobile,44,0.2718174330621253,0.425657902685761,2.222875220155332,0.3247705546305235,0.6246063041258114,0.2457800575850361
qwen-3.5-plus,1,ab4eb4,web,38,0.0452391955265251,0.3565157935273281,2.218039545586404,0.0962755165890837,0.5333206501502613,0.0297835278014947
qwen-3.5-plus,2,ab4eb4,web,40,0.2514602726395228,0.4531096717429487,1.1872140732059626,0.4095358324256626,0.627539016650539,0.2237888943749409
qwen-3.5-plus,3,ab4eb4,web,40,0.2629675955634097,0.4271628509244386,1.763879680865986,0.343018786803148,0.6002943519727721,0.2912092344156795
qwen-3.5-plus,1,ab32c7,poster,30,0.4743069895077343,0.4781588107125566,2.1123098989396354,1.1195288096211935,0.7698420789271382,0.4246926572037369
qwen-3.5-plus,2,ab32c7,poster,47,0.585843098648807,0.5416021596692406,1.8739193119139856,1.3705052618016933,0.8429586700936944,0.5619265555156396
qwen-3.5-plus,1,ab56ac,poster,46,0.134925333080772,0.4122093602210527,1.7206999403391992,0.1735161920412739,0.5194597650412828,0.0223807510357288
qwen-3.5-plus,1,ab4d1f,mobile,39,0.098685025550321,0.3391553353275135,2.24947240151971,0.2654090587016183,0.635226391056906,-0.0643638295386991
qwen-3.5-plus,3,ab32c7,poster,45,0.7158647306353574,0.5897343521840634,1.144927596484355,1.5975334010565063,0.8626032745558111,0.7114235497518524
qwen-3.5-plus,2,ab56ac,poster,46,0.1163053609962228,0.4117291191310462,1.6930763476437265,0.144474647808753,0.5071277358769519,-0.0400935521460439
qwen-3.5-plus,3,ab4d1f,mobile,40,0.1914639791540425,0.4069688293284723,1.652088993595147,0.3088573793400049,0.647200868572424,0.1410250385481262
qwen-3.5-plus,2,ab4d1f,mobile,45,0.5093119378548358,0.5562450224226156,1.1640482028958832,0.8594529122785862,0.7391164144847493,0.5589015844645688
qwen-3.5-plus,3,ab56ac,poster,50,0.3059246714044959,0.477930693735203,0.9516755255436136,0.4426308392471782,0.5991766971154804,0.2119180878183506
qwen-3.5-plus,2,ab791d,poster,48,0.1962629064845223,0.4840612783463547,2.252090281424175,0.2394419946115406,0.5585930058620807,0.2100553100932452
qwen-3.5-plus,1,ab791d,poster,36,0.0846695288798747,0.4792319329066755,2.2632186636928457,0.0832881498380514,0.5252395642286577,0.1205863562830522
qwen-3.5-plus,3,ab791d,poster,46,0.1421550243309561,0.4902437218300374,2.2554648177535817,0.1267991635808513,0.5307445308230733,0.0992514409014018
qwen-3.5-plus,3,ab87f5,web,51,0.2435370481165854,0.2563235429110331,5.148254060944137,0.521190106042457,0.5588432309586604,0.1763684331343691
qwen-3.5-plus,1,ab87f5,web,81,0.2230109636953601,0.2515060447691783,5.409620751158444,0.4833862486144257,0.5561012556110863,0.1545553013301654
qwen-3.5-plus,2,ab87f5,web,44,0.3203218752224158,0.3440650896170806,2.221715027336633,0.7862850710157155,0.7187845505442068,0.2763455857424807
qwen-3.5-plus,1,ab9e2a,desktop,40,0.7706571943286975,0.6057063163793671,0.6092261738234772,1.6548290013485325,0.8189176077334497,0.7404732120886239
qwen-3.5-plus,2,ab9e2a,desktop,40,0.6473706752693168,0.5484484977516088,0.7165798898192028,1.3866333580271308,0.811432115470463,0.6074183190733844
qwen-3.5-plus,3,ab9e2a,desktop,50,0.7287360355000129,0.5887511779008758,0.6698689161552716,1.5464958338245447,0.8135994845481932,0.698948854840722
qwen-3.5-plus,1,ab7961,mobile,45,0.2706683090308328,0.5021481390942913,1.4526630730205394,0.2741145324797772,0.5910767384449374,0.2079325845943288
qwen-3.5-plus,3,ab7961,mobile,44,0.33359646285361,0.501614963540492,1.6001497631297503,0.3980105872130448,0.6061738696867227,0.304090754484134
qwen-3.5-plus,2,ab7961,mobile,40,0.2618859736620196,0.4499943689462512,2.1939914065124264,0.2906967010732388,0.5718997107705354,0.2371715403933197
qwen-3.5-plus,2,abc926,poster,46,0.012317030521549,0.4487340156036139,1.6114631008602778,0.0313927992991375,0.5196002925133281,-0.0296483078795605
qwen-3.5-plus,1,abe796,web,90,0.4445907895920841,0.5767989659870485,0.5833335344485083,0.5880084771297373,0.6758277610213393,0.2191705188868808
qwen-3.5-plus,3,abc926,poster,32,0.0416863757602046,0.4400333300855471,1.667088203566632,0.0560239201411782,0.5396582842298394,-0.0559521350880353
qwen-3.5-plus,1,abc926,poster,44,-0.0502311004335513,0.4160113197135937,1.7279142231629754,-0.0541639359607183,0.5061269639757646,-0.086975736543297
qwen-3.5-plus,2,abe796,web,64,0.2485948155667406,0.5159058771403204,0.7519053181246133,0.4004897048741347,0.6289821603886371,0.1330316805504639
qwen-3.5-plus,3,abe796,web,51,0.1699539650296852,0.5051604031586221,0.9339640795169288,0.3087308054469915,0.5944284126123837,-0.0260667552657104
qwen-3.5-plus,1,abb05d,mobile,50,0.5793674863839202,0.5004638721045134,1.5735326821481077,1.2048403091092268,0.8226438845612081,0.5470330997483405
qwen-3.5-plus,3,abb05d,mobile,40,0.5808273267950799,0.5252340329310781,1.4874394800102473,1.240924371218569,0.8203864890378514,0.5619592538765998
qwen-3.5-plus,2,abb05d,mobile,51,0.5344633889127501,0.5166542180945781,1.3455701431553402,1.0131057183639127,0.7870030062415576,0.478244813497182
qwen-3.5-plus,1,abf2a6,mobile,39,0.0877117655712159,0.3517988020321037,2.8099717646445006,0.0519462036312033,0.52834211056423,0.0247456530192316
qwen-3.5-plus,3,abf2a6,mobile,40,0.3014092216811037,0.4229644482598678,2.1784997158978583,0.4831813110145136,0.69249518381697,0.2595829922147887
qwen-3.5-plus,2,abf2a6,mobile,46,0.2912495001918005,0.4569606136595826,1.6544476258296696,0.4367724766082734,0.6604406532797538,0.2004994034348503
qwen-3.5-plus,1,ad1e05,desktop,40,0.2913339562118465,0.5019431037392222,0.9217019044273416,0.5078438873987347,0.6637724428082008,0.2335204688927158
qwen-3.5-plus,2,ad1260,mobile,45,0.7069875635180989,0.6549770028363538,0.9464212578332944,1.2269394353509877,0.7765324638991072,0.6496068562196362
qwen-3.5-plus,1,ac484e,poster,45,0.4821307224506888,0.5082245306493257,1.35323251199263,0.9325556810509252,0.7598075391085914,0.3556352302214151
qwen-3.5-plus,3,ac484e,poster,49,0.3420100062025376,0.4792791055511253,1.8285709590797952,0.6690598149443535,0.7139662700409755,0.197114681457573
qwen-3.5-plus,1,ad1260,mobile,44,0.4756161315517982,0.4603875997680544,1.7208974568705613,0.824175115467613,0.7278051025200681,0.4074137353502656
qwen-3.5-plus,2,ad1e05,desktop,45,0.2955837409788399,0.4927281712334704,1.2010469245903643,0.5110956804075485,0.6215565769466489,0.3864750671751608
qwen-3.5-plus,3,ad1260,mobile,39,0.4111605448143757,0.4702709257570031,1.4576531875712628,0.7503171364640251,0.7195846567962498,0.3477263410925184
qwen-3.5-plus,3,ad1e05,desktop,40,0.3175861490438699,0.5002592589175736,1.6723516361149575,0.5704491245146525,0.6007884882659968,0.3032951137069906
qwen-3.5-plus,2,ac484e,poster,30,0.2234077048338082,0.3010856217825345,3.6809182525012063,0.3740455428316227,0.6140776496520224,0.1106833125593073
qwen-3.5-plus,1,ad5e9d,web,37,0.1355172283936749,0.4735014805211751,1.1041453149843257,0.3708310495384468,0.622271317889766,0.0837760891825504
qwen-3.5-plus,2,ad5e9d,web,49,0.2981540243132364,0.5360623308692137,0.7938758532157066,0.6682131845051935,0.692503951177236,0.1943388317645764
qwen-3.5-plus,3,ad5e9d,web,47,0.0679383080289073,0.4382433715385466,1.0735165336373538,0.2573642045200188,0.609105648750844,0.1429363669832386
qwen-3.5-plus,1,ad9e6b,desktop,48,0.358857378723973,0.4705359527035289,1.1312924865493934,0.5566496077463893,0.686250315380565,0.3477186558305357
qwen-3.5-plus,2,ad9e6b,desktop,48,0.3396185900777269,0.4710879920878011,0.9171084954221118,0.5392824295638302,0.6784058089079082,0.2779901945440414
qwen-3.5-plus,3,ad9e6b,desktop,41,0.356800759344258,0.4828068376930222,1.080060825886157,0.5804536047844039,0.6936997978364277,0.3854018591582571
qwen-3.5-plus,1,ad24c7,mobile,50,0.1003470155687626,0.433344580379922,2.1930254660765383,0.1937051485848713,0.5373181831505799,0.0621828981095107
qwen-3.5-plus,1,adf8ec,desktop,40,0.5653310773923625,0.4920847906894621,1.0788713690943843,1.616703537808664,0.8184647544429979,0.5509041063532151
qwen-3.5-plus,2,ad24c7,mobile,35,0.3308104873058255,0.4414224531928635,1.8633321372641185,0.5633921751899287,0.6500916693523404,0.3239634805240544
qwen-3.5-plus,3,adf8ec,desktop,50,0.6118728496161483,0.5290930387037032,1.0005472739421497,1.7044105309057436,0.8341578558413507,0.5844522317598427
qwen-3.5-plus,3,ad24c7,mobile,33,0.0959089526576686,0.3681329658851672,3.078250709028633,0.1583412932559654,0.5250881323844867,0.034466264633994
qwen-3.5-plus,2,adf8ec,desktop,46,0.5318018909671787,0.4499321151623385,1.307495238224457,1.451285388800604,0.7343164328890056,0.5007612600740508
qwen-3.5-plus,1,adbe00,poster,30,0.3051867624145612,0.3563599455089714,3.392632958263897,0.5326340585157843,0.6307074704884614,0.2958751809729904
qwen-3.5-plus,2,adbe00,poster,89,0.058658243035781,0.360755794438763,1.8258672795682112,0.0841641764111654,0.5251541218809445,0.0467896886155927
qwen-3.5-plus,3,adbe00,poster,40,0.4533103009979952,0.4504229417099386,2.7412403664204508,0.7540133961206511,0.6842690057450259,0.4125769245405962
qwen-3.5-plus,1,aed588,web,46,0.2167688744136857,0.3617296026853318,1.675561778367037,0.4403884991797257,0.6733282480322431,0.2191948497122375
qwen-3.5-plus,3,aed588,web,40,0.3476128463690778,0.4315187981132076,1.2945409697510677,0.8561206733607035,0.7370408038488188,0.3242030631091149
qwen-3.5-plus,2,aed588,web,36,0.1382380535174547,0.3267512975406395,1.9699078465967903,0.2847910620228993,0.6202418029800923,0.1996656623039959
qwen-3.5-plus,1,ae747f,poster,31,0.071093028457359,0.3498262619365719,2.537060437767482,0.0845097574755882,0.5595356253377386,0.0112269818843034
qwen-3.5-plus,2,ae747f,poster,42,0.288533595459978,0.4362369850528971,2.008071997946745,0.4874703391948564,0.6429488485378594,0.1800755267228514
qwen-3.5-plus,1,ae548c,poster,48,0.3573891284432771,0.4312098067132259,3.1779191515576444,0.64377009194452,0.6293311072308668,0.3363801578441554
qwen-3.5-plus,2,ae548c,poster,40,0.4617484252234913,0.4463373978822624,2.7366725763879103,0.8958629208923385,0.6895903728352848,0.4379494000976526
qwen-3.5-plus,3,ae548c,poster,40,0.3621499391128054,0.4180571260053513,2.4262912358889057,0.6550678682164502,0.7003571531537091,0.3203728453552019
qwen-3.5-plus,3,ae747f,poster,41,0.0887588725662991,0.3836873409123629,2.0821345031358893,0.1354230425429916,0.5304229414282977,-0.0164572251967144
qwen-3.5-plus,1,aef7af,web,47,0.1457354844240484,0.4311965068106195,1.4970994404432127,0.2334072513881727,0.5999136205309878,0.1025292836634893
qwen-3.5-plus,2,aef7af,web,39,0.1032459961977651,0.4172762637783788,1.3203739912846033,0.262264668693953,0.5775246731226439,0.0772266224480489
qwen-3.5-plus,1,aefb83,desktop,40,0.2001983425469624,0.4522403770097715,1.267640883693297,0.3405771449315412,0.6161711387356601,0.2030488041846169
qwen-3.5-plus,3,aefb83,desktop,49,0.1435923008158375,0.4492228159762162,1.4381101403092629,0.250685534753281,0.5720233005905254,0.0959165160966559
qwen-3.5-plus,3,aef7af,web,45,0.033854398424444,0.4164704637492458,1.195885809492888,0.0201615943536008,0.5080954903822222,-0.027968876808807
qwen-3.5-plus,2,aefb83,desktop,47,0.2024737089541918,0.4801390059320771,1.032770457930147,0.3823950796934212,0.6168770330462799,0.139654760018662
qwen-3.5-plus,1,af0d52,mobile,41,0.6139811055761091,0.5835826248052667,0.714979585013902,1.1949249684461931,0.7864124800415239,0.4796844992635624
qwen-3.5-plus,2,af0d52,mobile,40,0.696233396964693,0.6348607178431813,0.8448923711917047,1.4160888516020849,0.8198355418971692,0.6087598200727248
qwen-3.5-plus,3,af0d52,mobile,45,0.5704887978815834,0.5745140856339876,0.7941513860192866,1.1609179032707528,0.8068307789002982,0.4141511229351788
qwen-3.5-plus,1,af24f8,poster,48,0.1357312889569356,0.488062290215968,0.8834791308387779,0.2603809911783876,0.5798828938552143,0.1271096509542882
qwen-3.5-plus,2,af24f8,poster,48,0.2966188820363896,0.536038639988619,0.8003137878132704,0.5620403935809813,0.6679030206464874,0.3105828041129961
qwen-3.5-plus,3,af24f8,poster,51,0.0583876070894857,0.4573455703956208,1.3555401757941878,0.1291469746184232,0.5560737177424204,0.0414977354445101
qwen-3.5-plus,2,af1e2d,web,36,0.5147216996323112,0.5334637188248257,0.8227573902177214,0.8149064976494039,0.7303296464521976,0.5172329985289226
qwen-3.5-plus,1,af1e2d,web,41,0.5312203092957589,0.54859021922761,0.7799584285013965,0.7746377021271222,0.7147607145301897,0.5328136161214203
qwen-3.5-plus,3,af1e2d,web,41,0.4669096600624728,0.5203108410857795,0.8491462577987652,0.8230750667791945,0.7160423713683448,0.4847896738708983
qwen-3.5-plus,3,af4220,web,38,0.1817636225320067,0.4344137025854131,1.6708599249882676,0.254736070322567,0.6235024294620263,0.2645562601720524
qwen-3.5-plus,1,af4220,web,51,0.2859587973608413,0.5025869163269395,1.3054485271696483,0.4095450454458054,0.6670893732545087,0.2468661912660482
qwen-3.5-plus,2,aefca8,mobile,52,0.2062045085663453,0.4406021129427444,2.1591143003057094,0.2739046602676149,0.6057948194502489,0.0809229841401896
qwen-3.5-plus,1,aefca8,mobile,38,0.2192879523469521,0.391961625787008,2.817242948142961,0.2627701183200843,0.5928993739567269,0.1710950308160176
qwen-3.5-plus,2,af4220,web,51,0.1938241750227612,0.4421584543645726,1.6520189389406212,0.2986727578939406,0.6152743768471307,0.2063517476576649
qwen-3.5-plus,3,aefca8,mobile,39,0.2532300141296802,0.4158103965832358,2.419818187876084,0.3144012547947698,0.6211027588761698,0.2077121301154657
qwen-3.5-plus,1,af49df,mobile,45,0.3254988549887328,0.4522363639821252,1.6521828037803463,0.5975584466494988,0.66102086321679,0.2265300012205097
qwen-3.5-plus,2,af49df,mobile,40,0.2210452453654346,0.4140073036467815,1.4899304212485367,0.474136506161991,0.6248664767148644,0.1784335810741625
qwen-3.5-plus,3,af49df,mobile,46,0.3077675139214463,0.4109888331602598,2.444871286531053,0.5647629613094265,0.6590579084082485,0.2285965274862756
qwen-3.5-plus,2,af4f68,poster,41,0.4982199391374079,0.5916319123724234,0.5304238104532326,0.7427306146211806,0.7055500457857511,0.5161225024622678
qwen-3.5-plus,1,af4f68,poster,48,0.1815011456640949,0.5002434298839175,0.8649529079241904,0.3085628060990749,0.5986836130347734,0.2089424606606879
qwen-3.5-plus,3,af4f68,poster,42,0.1512335104175063,0.4669748211100993,0.8580689517383278,0.3424703708123905,0.6381587930079554,0.2097618023320184
qwen-3.5-plus,1,af5f27,desktop,50,0.3429426967645187,0.4134829895514268,1.447288465782711,0.6373546938217016,0.7230627058456162,0.3775889163531164
qwen-3.5-plus,2,af5f27,desktop,58,0.3184611264570341,0.3990208195280145,1.6994493906390011,0.5662558215317401,0.7141651594961037,0.3439720316549358
qwen-3.5-plus,3,af5f27,desktop,38,0.4960504020130146,0.4870330656153948,1.271873722170994,0.9959427872060082,0.7709071656194029,0.520507742129678
qwen-3.5-plus,1,af423a,mobile,50,0.0758857981189318,0.3214740804030052,2.8616244072153822,-0.069426130463001,0.4839592555169588,-0.0388062488270943
qwen-3.5-plus,2,af423a,mobile,50,-0.0375244452891801,0.3010449569256292,3.831875336845475,-0.1527406111092333,0.4477282183673177,-0.2551432067318692
qwen-3.5-plus,3,af423a,mobile,30,0.0155510643165423,0.2626060266988932,4.431282446642516,0.1190125881079768,0.5101765082553016,-0.0409384024136031
qwen-3.5-plus,1,afc676,desktop,48,0.4317623119344242,0.4998461732620893,1.8145923149338787,0.6085014793522873,0.660087750426452,0.482950456545435
qwen-3.5-plus,1,afdcf4,desktop,39,0.4973184445914909,0.5244705228747489,0.9595109386121686,1.1291584846647706,0.7783073406272929,0.4596625564988803
qwen-3.5-plus,2,afdcf4,desktop,45,0.4242432739252206,0.5059211653063127,1.123802206135049,1.043453246556042,0.7454281381347766,0.4184538190983645
qwen-3.5-plus,2,afc676,desktop,49,0.4277547252417537,0.5444450094571123,0.8506405055080662,0.5992197943830491,0.6724545134182233,0.4689036325330856
qwen-3.5-plus,3,afc676,desktop,40,0.5005344371329741,0.5383134130532148,1.2593064439908304,0.6780813841189152,0.6893875032470973,0.5351602686805357
qwen-3.5-plus,3,afdcf4,desktop,40,0.4573500593837779,0.5200528266099567,0.857517555550424,1.008729063471538,0.7844535816773827,0.4363356081760214
qwen-3.5-plus,1,aff2b7,mobile,41,0.2243548479817851,0.4620127572190906,1.4540550708214617,0.499207064744765,0.6257337892060111,-0.0530072319248221
qwen-3.5-plus,3,aff2b7,mobile,38,0.2241602698111791,0.4878765295901335,1.1904404516573708,0.4838200579841283,0.6480078950904969,-0.1062519716558958
qwen-3.5-plus,2,aff2b7,mobile,11,0.3745418696472261,0.5178428426071082,1.450504373169773,0.6788297508826189,0.7049450122704075,0.1361134148647645
qwen-3.5-plus,1,af9990,mobile,40,0.4343783935533995,0.4485977113733417,2.8441192975596596,0.715075828425997,0.6241852864715729,0.3084409208217119
qwen-3.5-plus,3,af9990,mobile,48,0.3609087105735495,0.4372762891149867,2.0285662090015,0.5953230224290508,0.6888508037223146,0.2385926704285284
qwen-3.5-plus,2,af9990,mobile,47,0.2215307703391198,0.3628499969674567,2.7548613647672497,0.3218255951425024,0.6194471938161656,0.0944173866449633
qwen-3.5-plus,1,b02217,web,49,0.2789213963911995,0.5031441163084054,1.0651871650007707,0.4148915656546885,0.6120135360081437,0.1094899725220322
qwen-3.5-plus,2,b02217,web,39,0.1333776052860073,0.4399919474791073,1.3724423860804946,0.1755391134056226,0.5776822492592981,0.1540704324558378
qwen-3.5-plus,3,b02217,web,41,0.1419110430531812,0.4395300686855216,1.4053785173241895,0.1821448047602108,0.573508052406158,0.1327807136280305
qwen-3.5-plus,1,b02b39,web,50,0.4488710175629372,0.5391584195878729,1.86306489318148,0.6799931934044567,0.6825732726433468,0.3294692636788381
qwen-3.5-plus,3,b02b39,web,49,0.1676824348370416,0.435246223326427,1.925345455752008,0.2679713630404088,0.6418550926434786,0.0328479573635586
qwen-3.5-plus,1,b0a63b,web,52,0.119255537145975,0.4525216545010321,1.0463171050498077,0.2516363932325525,0.574699687602324,0.1237694156974223
qwen-3.5-plus,2,b02b39,web,51,0.2947793870366748,0.4917713106606571,1.654633374424709,0.4294783701215521,0.6562928334879313,0.1814000457462487
qwen-3.5-plus,2,b0a63b,web,43,0.1230679258175937,0.3753629949793698,2.9411986817273688,0.2191686945919164,0.5466594137851908,0.0590939494521422
qwen-3.5-plus,2,aff6c9,mobile,37,0.4452078591013012,0.4834341352940224,1.513755482697276,0.9197435739393564,0.749532672110081,0.4672877655737168
qwen-3.5-plus,3,b0a63b,web,52,0.0793571018707507,0.467592776885153,1.0500712328853816,0.1583698507514821,0.5479522518742586,-0.0386927676242607
qwen-3.5-plus,1,aff6c9,mobile,39,0.2606106199368571,0.3685735907637671,2.3838272623268097,0.454190560593496,0.6402571380825066,0.2749854082620904
qwen-3.5-plus,3,aff6c9,mobile,48,0.390224545637327,0.4436574501168496,1.4516487414709482,0.6900597168153902,0.7352076050117188,0.374082987388902
qwen-3.5-plus,1,b0c3be,web,40,0.3212432756181521,0.4360810979111759,1.1829677942282373,0.6117569255571056,0.6777140418959144,0.2465536510210318
qwen-3.5-plus,2,b0c3be,web,45,0.1280871669674663,0.3938974126513859,1.274999450968196,0.3586029756453748,0.584373623510663,0.0245122137341118
qwen-3.5-plus,3,b0c3be,web,44,0.3995607453109046,0.465408815037161,0.9309912997956536,0.8253566786931029,0.7603305591879834,0.3456822746054426
qwen-3.5-plus,1,b11c7a,web,45,0.3058771506516844,0.4881763683086856,1.0619265156932929,0.5123535230160644,0.6456190198241699,0.2247830392561507
qwen-3.5-plus,3,b11c7a,web,46,0.3827789990972619,0.5083768304555986,1.1093091877835777,0.6578890184155807,0.659020584417156,0.293177756307895
qwen-3.5-plus,2,b11c7a,web,40,0.481442252257633,0.5478166863108582,1.0119035855671137,0.7937326086280088,0.7082477228906685,0.4127563105103473
qwen-3.5-plus,2,b2165e,desktop,47,0.0580790447934921,0.2857810548158715,2.0844563710045896,0.1264003174843304,0.5367561714839787,-0.0165693863257135
qwen-3.5-plus,1,b2165e,desktop,49,0.6607394272515723,0.5307042278654015,0.8851055893424323,1.5307382468339703,0.8251748905067936,0.618180199586679
qwen-3.5-plus,3,b2165e,desktop,49,0.2778150064641248,0.3249653539328073,1.5932666083791696,0.5769194866848302,0.6029800620486956,0.2321598242597133
qwen-3.5-plus,1,b0afe4,poster,35,0.2562462391882198,0.3392058323164509,3.631488075997755,0.2208133412074049,0.6363750476672587,0.1896086518686661
qwen-3.5-plus,2,b0afe4,poster,41,0.4017342514517811,0.4534963921930756,2.512992460732263,0.4589223743952018,0.6398922183540414,0.2543874238374025
qwen-3.5-plus,3,b0afe4,poster,48,0.419932707606381,0.5022140128672562,2.5435580502287607,0.5438732482164701,0.6676082073565996,0.2608481430615074
qwen-3.5-plus,1,b2b7a2,desktop,83,0.3714247638163756,0.4215005254876581,1.054316838486023,0.7312389018592867,0.7044884324304161,0.2625509064344728
qwen-3.5-plus,1,b28a85,web,50,0.120803721989709,0.3797139567315035,3.01365415225065,0.2307773594280935,0.5422351808477598,-0.1715972112062792
qwen-3.5-plus,2,b28a85,web,48,0.0804013242032334,0.4272679453770198,1.4454430564086522,0.1309283789739403,0.5659081503853829,0.0238549406393568
qwen-3.5-plus,3,b28a85,web,30,0.1278468167261525,0.444086559535939,1.496473275111103,0.2357422365894307,0.5826245717650387,0.1086535295663572
qwen-3.5-plus,2,b2b7a2,desktop,48,0.496272893691705,0.5009741491775788,0.9352916180303164,0.9171084962017582,0.7478099934625027,0.3908812949977369
qwen-3.5-plus,3,b2b7a2,desktop,40,0.5476460083677988,0.5455887459373565,0.8934252394422502,1.1281832413693704,0.8146325770532783,0.4885032593569531
qwen-3.5-plus,1,b264ce,mobile,39,0.5189732996855391,0.5324121740517586,1.8647559921905097,0.8131966485996858,0.7279680307437115,0.3040362667383088
qwen-3.5-plus,2,b2d2fa,poster,30,0.4949640844055856,0.5505990640579763,0.6159618080759333,0.8262174278805169,0.732893165556694,0.5280151387650406
qwen-3.5-plus,3,b2d2fa,poster,40,0.6438955145007661,0.6260505115850862,0.4692066568695874,1.0561872847124307,0.7760361757673898,0.6587176922703648
qwen-3.5-plus,1,b2d2fa,poster,42,0.3636720785788848,0.5124694310706607,0.8280572811763662,0.6567158093820104,0.6857855870373747,0.369332792594662
qwen-3.5-plus,1,b2c74f,desktop,46,0.1408288701007078,0.3346982121928021,1.8814118054944915,0.3755384872762125,0.6127029316957812,0.0877642378066361
qwen-3.5-plus,2,b264ce,mobile,41,0.485881579764509,0.442320000776658,3.2208405288552644,0.7827377647916649,0.6560463716176246,0.3046248674443489
qwen-3.5-plus,3,b2c74f,desktop,50,0.1669048624798008,0.3445000484479974,1.4585379216737329,0.4714610788732168,0.6544203152498329,0.031232952476583
qwen-3.5-plus,2,b2c74f,desktop,50,0.3106867342996963,0.4033165880701377,1.2823358132472045,0.8458091931010165,0.7540801598517612,0.2585151788748704
qwen-3.5-plus,3,b264ce,mobile,40,0.5265910195968215,0.567581971181615,0.8814876121156651,0.9342159213792725,0.7904590829504462,0.3569800411875632
qwen-3.5-plus,1,b32bc3,poster,56,0.3489546563745362,0.4197284609185395,2.575077634644189,0.3974469617383894,0.6291962016754256,0.196075080348399
qwen-3.5-plus,3,b32bc3,poster,315,0.151304462892699,0.3161634406208658,4.993718588489188,0.1930329359318295,0.4887953901106946,0.0575245904273312
qwen-3.5-plus,2,b32bc3,poster,48,0.214753007251437,0.4451330559506494,1.1060017067416532,0.4312001887245451,0.6330540766226639,0.1180912759696396
qwen-3.5-plus,1,b346f3,poster,49,0.6353580462748337,0.6147515937583192,0.5457166161735392,1.2862992429867397,0.8171197932373891,0.5385370639593342
qwen-3.5-plus,2,b346f3,poster,40,0.637721475505119,0.6232147759172761,0.4952425317321812,1.2647930843699389,0.8317840148540923,0.5264754363178615
qwen-3.5-plus,3,b346f3,poster,45,0.6630588318874369,0.6538968861097341,0.4403553470375856,1.2559187077978142,0.8288207543394327,0.5787350045956087
qwen-3.5-plus,3,b32f2b,mobile,48,0.4863331633898481,0.5321486347583182,1.1754802280131056,0.8479857580172895,0.7634784883194301,0.2910695662954775
qwen-3.5-plus,1,b32f2b,mobile,40,0.3513788450921457,0.4414733162944435,1.7541760310420722,0.5626156252250406,0.6636599497210829,0.2270702955849936
qwen-3.5-plus,2,b32f2b,mobile,47,0.5509227494595268,0.5050218859714405,1.751070084606586,0.8520166821398854,0.7481159604891859,0.4582927001918204
qwen-3.5-plus,1,b33b46,mobile,36,0.2091137560777998,0.3422458010101914,2.9676952881012797,0.4225308312635742,0.5833877498863164,0.1565199273253953
qwen-3.5-plus,2,b33b46,mobile,40,0.2256990989483207,0.3560762024859311,2.7690145081417477,0.522186122709718,0.6331286264313891,0.19073928802433
qwen-3.5-plus,3,b33b46,mobile,40,0.3014905391622071,0.4026849416619373,2.4194834350054535,0.6504763265830338,0.6711646384219129,0.3166333736642864
qwen-3.5-plus,2,b36130,mobile,48,0.2955880822206694,0.386132088135236,3.111951007756164,0.5235316161610566,0.6377150623338879,0.3364675734573324
qwen-3.5-plus,2,b37071,desktop,49,0.3254396583772093,0.4726549200184595,1.101223501162258,0.7506459837881817,0.7198772875883088,0.3220255818453814
qwen-3.5-plus,1,b3acff,web,40,0.2728994499265187,0.4162452180309991,1.4132220751257023,0.4845485518821983,0.6512692960835536,0.1851443265559333
qwen-3.5-plus,3,b36130,mobile,48,0.3194251200020833,0.3395823070554912,3.8405607945339,0.4914434167648405,0.5865494948190507,0.2923633437008596
qwen-3.5-plus,2,b3acff,web,46,0.1879156118998351,0.3937702772750149,1.4958878273417744,0.3062880903486188,0.6154811564587908,0.1598775268269065
qwen-3.5-plus,1,b37071,desktop,45,0.2237223543655233,0.4502091355749159,1.3706218564204236,0.68109142104676,0.6872796040894937,0.2068073339084574
qwen-3.5-plus,3,b37071,desktop,33,0.3868177924756646,0.5056744850718644,0.9617505633675822,0.8627519443123111,0.759892168105117,0.3784888846552328
qwen-3.5-plus,1,b36130,mobile,49,0.3316670243902605,0.435373453264339,1.79040200787027,0.5641455162793755,0.6529188498414419,0.32341135465918
qwen-3.5-plus,3,b3acff,web,55,0.1246027155774517,0.3700788653940593,1.5409231702111084,0.2151481858999763,0.6060138036821205,0.1440691411130118
qwen-3.5-plus,2,b3b208,poster,49,0.3773001705867448,0.617922002332163,0.6845997144643108,0.5910874781949904,0.6553002904880547,-0.0726488948049652
qwen-3.5-plus,1,b3b208,poster,50,0.3913334443184277,0.5885131875950376,0.5592877506650813,0.6334426370790892,0.7039196517299107,0.2094451455119055
qwen-3.5-plus,3,b3b208,poster,42,0.2956196400156004,0.5734132547830852,0.6672794029557734,0.5024329418525082,0.6570429038707021,0.0769926065526273
qwen-3.5-plus,2,b3bf42,web,43,0.3133019407047405,0.4931202102711811,1.113789090907551,0.4890655766110989,0.6596050358579879,0.3091468509997736
qwen-3.5-plus,1,b3bf42,web,45,0.3064468903567341,0.4910894662565697,1.0253618705274226,0.4529705675463463,0.6496803591287794,0.2751473665921691
qwen-3.5-plus,3,b3bf42,web,39,0.306913044745642,0.4881841388282531,1.0463235689270354,0.478759177545445,0.6705679879550452,0.2887362811451472
qwen-3.5-plus,2,b3b08a,mobile,40,0.6702860696283268,0.5288776239794597,1.6457433828676438,1.7765572471908953,0.7720051677431788,0.6167471840084813
qwen-3.5-plus,1,b3b08a,mobile,40,0.4517290323117593,0.4815936551864958,1.102875772524757,1.0689040242719696,0.7724604750996876,0.3435906831011709
qwen-3.5-plus,3,b3b08a,mobile,34,0.2638101062991955,0.346533364461694,2.1602149818907,0.8113584985932095,0.6842458814599213,0.1971877698676227
qwen-3.5-plus,3,b3c403,mobile,42,0.4458421585576297,0.4015820889568567,1.7700658978045931,1.197883015303028,0.7623583278739302,0.4041934055776147
qwen-3.5-plus,1,b3c403,mobile,47,0.3257314231340834,0.2909904510320978,2.1894168625063255,0.8998509059113777,0.6727257129161168,0.2645862066673607
qwen-3.5-plus,2,b3c403,mobile,32,0.3458512842459639,0.3551888119287821,2.292172653356003,1.0683642115533891,0.7406027823212861,0.2867727649102865
qwen-3.5-plus,1,b3e3d8,web,50,0.2105037150714471,0.4143812401581196,1.402570433229778,0.4035936836429571,0.6258013973018806,0.1557416809918789
qwen-3.5-plus,2,b3e3d8,web,40,0.2732190516593527,0.4326509999498183,1.2084897845170992,0.5319756355311147,0.6876710251530147,0.2462403261565951
qwen-3.5-plus,2,b3ddb5,mobile,38,0.2859318890441912,0.4016589195259393,1.944144792059349,0.4696078026985929,0.6476174538903211,0.1745465907046211
qwen-3.5-plus,1,b3ddb5,mobile,47,0.5872965571848481,0.6008318882958137,1.0186801951717317,1.1108759769823953,0.7959318559255316,0.5407861834839538
qwen-3.5-plus,3,b3e3d8,web,40,0.2527085778138361,0.3975071852030357,1.5688096718804907,0.4773889226541609,0.6704611299672324,0.2220028634148305
qwen-3.5-plus,3,b3ddb5,mobile,40,0.5535952225391595,0.5538683341545626,1.1891490910174487,1.1117763013661377,0.7597439081959648,0.5302551325669942
qwen-3.5-plus,2,b45744,desktop,44,0.2939984946714017,0.4282746149076403,0.9858366085881376,0.5547669002733734,0.678513175288481,0.2295702004070741
qwen-3.5-plus,1,b45744,desktop,40,0.5129589005260806,0.5319016114413453,0.7348129354300315,0.9321366549209166,0.7580287065781331,0.4428311142774114
qwen-3.5-plus,3,b45744,desktop,45,0.416597264771232,0.4781900467483292,0.9281868534949778,0.8061433278273396,0.7287419361889007,0.3635405349675097
qwen-3.5-plus,1,b46333,poster,50,0.2179807182399533,0.4259258239409485,1.1003631549885742,0.4480148349685766,0.6507706947994278,0.0687672609271372
qwen-3.5-plus,2,b46333,poster,36,0.2468228849927085,0.4418866260628408,1.1298850080803695,0.450333276513624,0.6648102960083648,0.1431636056209276
qwen-3.5-plus,3,b46333,poster,40,0.2776104057256067,0.4494462818342695,1.0154758201755614,0.4973982149210815,0.676239961555381,0.1513002936026334
qwen-3.5-plus,2,b434fb,poster,51,0.5569944370103743,0.507117709284449,2.281958774599715,1.3074910536310578,0.7883114263708518,0.5355193291623304
qwen-3.5-plus,3,b434fb,poster,50,0.5399535775336493,0.4837997450385704,1.2749834616643427,1.3247995908630643,0.8167497834311503,0.5179857799130833
qwen-3.5-plus,1,b434fb,poster,47,0.658443431034865,0.5564362945788244,1.118581395126937,1.6698950087345732,0.8526065235841938,0.6265257118508198
qwen-3.5-plus,2,b44e33,mobile,41,0.0829710341710631,0.3205846380019799,3.018159249947491,0.1771202554316175,0.543871538490891,-0.0040298632019271
qwen-3.5-plus,1,b44e33,mobile,43,0.1966866000096929,0.4677809521138308,1.544297596121126,0.2771984582270287,0.6263612772767401,0.0831656423425165
qwen-3.5-plus,1,b47f5a,desktop,49,0.3583073822444709,0.5541538928658061,0.8091505251383484,0.4963130314955033,0.6129492962490403,0.2569119660745935
qwen-3.5-plus,3,b44e33,mobile,48,0.1146184724843563,0.4242597026472711,2.04455554541884,0.2118821134299857,0.5453057581599546,0.034087414946408
qwen-3.5-plus,1,b49400,desktop,39,0.7427220103732588,0.6572934100641511,0.8413821931030954,1.459932185200675,0.8150370469765837,0.719284469220249
qwen-3.5-plus,2,b47f5a,desktop,48,0.3185686209951235,0.5146906027255589,1.0738527796551718,0.4329015674848667,0.6348425347079192,0.2581568150867116
qwen-3.5-plus,3,b47f5a,desktop,47,0.5377759421419332,0.6074870824340693,0.9090568572765392,0.7108192254559135,0.684544528120396,0.4928281885886793
qwen-3.5-plus,2,b49400,desktop,64,0.4875056732859775,0.5148068097841575,1.2175059223006228,0.9652250949901164,0.7525455281788103,0.4649566327221655
qwen-3.5-plus,1,b4a191,poster,40,0.5856363195183585,0.6464399648585197,0.4925159652130587,0.7104264110708267,0.7176453886284999,0.579410294816245
qwen-3.5-plus,3,b49400,desktop,100,0.424279280879839,0.4312289453787836,1.0668480555679123,0.8442045780996877,0.7429903549632573,0.316259913157094
qwen-3.5-plus,1,b4a27a,web,48,0.494779687790766,0.5580719896623773,0.6364678301590017,0.8158366925378141,0.7594731579858176,0.4164676650167517
qwen-3.5-plus,2,b4a27a,web,50,0.5026744689349785,0.5663413457327233,0.6456526559887231,0.8530834756555489,0.7543422057617027,0.4511978405651083
qwen-3.5-plus,3,b4a191,poster,39,0.4918051441168505,0.5842420523395389,0.8226521115124787,0.5673391330428758,0.7141574761934883,0.4728447933964961
qwen-3.5-plus,2,b4a191,poster,40,0.6478839163106436,0.6790093594262221,0.4188543905204986,0.8007739548831473,0.7277219451381136,0.6353503542831105
qwen-3.5-plus,3,b4a27a,web,52,0.5397468671377434,0.5625260212874377,0.6397368841605403,0.8897148255550605,0.7340030523749316,0.4439120281623841
qwen-3.5-plus,1,b4f37d,desktop,35,0.7478716277527588,0.6659199068963362,0.3897093839060004,1.2824603899849938,0.8279680017543488,0.6949952743254493
qwen-3.5-plus,2,b4f37d,desktop,49,0.3572939268658707,0.4598402892182,1.3359950453295568,0.6091461283820028,0.7161510977473856,0.2659067702249367
qwen-3.5-plus,1,b516e1,poster,40,0.5807471118362806,0.5962585499849514,0.9525911085491146,0.7153908081200716,0.6771372009733616,0.5784387319146378
qwen-3.5-plus,3,b4f37d,desktop,49,0.3494877224057575,0.4526040483629201,1.311235092691654,0.5939568852975965,0.7157466700758938,0.2535672002517261
qwen-3.5-plus,2,b516e1,poster,49,0.4333382055679589,0.5439504094990981,1.3561951040958191,0.5496438089957445,0.6506582295534387,0.4099214888594803
qwen-3.5-plus,3,b516e1,poster,50,0.5789318700627115,0.6110699756067599,0.7208478906713072,0.7726808030719148,0.7003339561563561,0.5548987230117811
qwen-3.5-plus,1,b5613a,web,47,-0.0202008886225881,0.375900395993351,1.6456442986921438,0.0042002301000939,0.5329829599167928,-0.0126209189120619
qwen-3.5-plus,2,b5613a,web,50,-0.0307214357986345,0.3787323932971473,1.7381804544065993,0.0049241088099091,0.5193656756572935,-0.0554503124175193
qwen-3.5-plus,3,b5613a,web,50,0.1602944168095024,0.4103335899878243,1.3727252980101563,0.302029499850193,0.6198764569975544,0.1778163351913181
qwen-3.5-plus,1,b57c53,desktop,49,0.6969732613277508,0.5805797363956137,0.9849497543593252,2.1042701888511353,0.8459666076878457,0.6471343408936621
qwen-3.5-plus,1,b5d3ae,desktop,51,0.2057524002789748,0.2497671212482855,5.181045746768652,0.3532161915697828,0.5436295458888691,0.1233586496915694
qwen-3.5-plus,2,b57c53,desktop,48,0.6875444279025158,0.5717874323791726,0.9507059666969098,2.1230214720095004,0.8383344236195358,0.6267482606156315
qwen-3.5-plus,2,b5d3ae,desktop,52,0.4839889259652691,0.4883556046255258,1.950428927604491,1.0286700360684171,0.6996571926496712,0.3734711507010406
qwen-3.5-plus,3,b57c53,desktop,46,0.5943104977772833,0.5174083604128048,1.300668573167613,1.796268361770659,0.8128853890142472,0.5209719685899891
qwen-3.5-plus,3,b5d3ae,desktop,49,0.3026286403750341,0.3780973805347729,2.827701796160095,0.6046873436189872,0.6698095909789074,0.2022992177228598
qwen-3.5-plus,2,b5dab9,desktop,50,0.4913864032348861,0.5390850989433027,0.8933540027905441,0.9954625757888468,0.791412083862252,0.4778697584058636
qwen-3.5-plus,1,b5dab9,desktop,48,0.3777440647149566,0.5216345095770406,0.8779534447141224,0.7416944916307094,0.7248735308946921,0.3121267281861211
qwen-3.5-plus,3,b5dab9,desktop,50,0.5047244734688678,0.5627306976667793,0.8461390751841866,1.0169611214561822,0.7875349954523757,0.4828176719265277
qwen-3.5-plus,1,b5edbf,poster,40,0.307899541936578,0.5019960494607347,1.3699462048056863,0.4732596889894722,0.6572604303387937,0.2528554769001748
qwen-3.5-plus,2,b5edbf,poster,39,0.1197768462570564,0.4705384425972655,1.4968293252876883,0.2107902779733255,0.5806355144711451,0.0808542094171132
qwen-3.5-plus,3,b5edbf,poster,25,0.3285827799252533,0.5028688408659647,1.507837952435281,0.5267521547955736,0.6940103309966952,0.2701238707728249
qwen-3.5-plus,1,b602c0,poster,45,0.6177927050854628,0.6144637247117535,0.5077955696824137,0.8071127090318684,0.7307608606680577,0.5735913036597473
qwen-3.5-plus,2,b602c0,poster,48,0.6711947943810971,0.6424057086160904,0.4025247465049923,0.9029626712826944,0.7452267557747561,0.6378880500793611
qwen-3.5-plus,3,b602c0,poster,40,0.5466644603080595,0.5697890624590622,0.8363590370577989,0.7047614039672345,0.6940118788445342,0.4886037040299836
qwen-3.5-plus,2,b5d9a8,mobile,40,0.4503801889423608,0.49123153777874,2.0684038000612923,0.8486492141857371,0.7098665925651192,0.3139832748926499
qwen-3.5-plus,1,b5d9a8,mobile,46,0.2850090058223323,0.4117223138606722,2.037609876804465,0.4901146538820901,0.6616912433284109,0.14287245792339
qwen-3.5-plus,3,b5d9a8,mobile,40,0.4107022942894622,0.4330288989036059,3.016477981044782,0.7785466917270436,0.6458866629259314,0.2736578754699745
qwen-3.5-plus,1,b66ff3,web,53,0.2118114873334169,0.4142018212154826,1.4169941440668223,0.3794501852358645,0.6314115325529183,0.3305801288139878
qwen-3.5-plus,2,b66ff3,web,41,0.3266362704918926,0.4947639349188398,1.368130201253169,0.6088684907264705,0.6832016775518907,0.417153169077137
qwen-3.5-plus,3,b66ff3,web,47,0.2900280628845552,0.4568572119161737,1.7096599941286588,0.4876381570201914,0.6682179807743086,0.4032822016418871
qwen-3.5-plus,2,b5f7cc,poster,48,0.3611275335472329,0.4127747766617085,1.5351578921370523,0.8746885555880832,0.7990889620561822,0.3439696740789346
qwen-3.5-plus,3,b5f7cc,poster,50,0.4867910908266398,0.4826829853720766,1.3046768482824709,1.281000678867074,0.8288199704146478,0.4627969653650249
qwen-3.5-plus,1,b5f7cc,poster,52,0.3535563069270441,0.3817972991360181,1.6581542612761129,1.019630840345753,0.7636498076098587,0.3310240533976117
qwen-3.5-plus,1,b67326,web,46,0.3840902084557067,0.4902395616980534,1.186795151302538,0.6658128494554529,0.6645763902608829,0.3197557179600403
qwen-3.5-plus,2,b67326,web,42,0.5652632821689063,0.5935853417566908,0.878549190711409,1.0061119016041913,0.7757837649415682,0.4968194419090166
qwen-3.5-plus,1,b65aeb,mobile,38,0.4015970105278976,0.3927275080793199,2.918298398744755,0.7274824245496497,0.6849858603446052,0.2783325280614019
qwen-3.5-plus,3,b67326,web,40,0.5631363520466256,0.5783680729561669,0.8798392529775657,0.9499281596833852,0.7644641741466068,0.4967910692195161
qwen-3.5-plus,2,b65aeb,mobile,40,0.4973651884069417,0.5187230428026448,1.4323142056404938,0.7957716387349174,0.7290798312862525,0.3491212285668362
qwen-3.5-plus,1,b68951,web,49,0.1580656154155739,0.4870221635676159,0.8545893405406151,0.2530211502445423,0.5984010399219054,0.0874051646648829
qwen-3.5-plus,3,b65aeb,mobile,40,0.4806625916859478,0.4923189912315676,1.605445948512746,0.7347828266283887,0.7211531155452142,0.3397933132548436
qwen-3.5-plus,2,b68951,web,45,0.165216953515543,0.4642263730155079,1.0158434725635366,0.2481382371708778,0.5978635248969207,0.1189118727417662
qwen-3.5-plus,3,b68951,web,47,0.2018791679472254,0.473047014238257,0.86618916252438,0.3167494155273858,0.6268619203557888,0.175227516841697
qwen-3.5-plus,1,b7690d,poster,44,0.2464932416423233,0.4361205837258382,1.6307186056380436,0.4253799295956696,0.6368619000128887,0.2282605653418365
qwen-3.5-plus,3,b7690d,poster,37,0.1073640917446966,0.3614515689986528,2.0556226922869048,0.1537876460891657,0.5694961583740965,0.1318893610152411
qwen-3.5-plus,2,b7690d,poster,49,0.2992058451580543,0.4615322717703454,1.7071741919643124,0.4874636043031712,0.6360573808228415,0.2945736984182727
qwen-3.5-plus,1,b80952,mobile,37,0.520265763478265,0.5944296342577672,0.556354791304624,0.8337728933829566,0.7522825929533398,0.2674311793788052
qwen-3.5-plus,2,b80952,mobile,25,0.261341815429374,0.4102416337981851,2.1439066029338996,0.4636968283391701,0.6687689223768902,0.2742045795213648
qwen-3.5-plus,3,b80952,mobile,40,-0.0845720732545365,0.3504645233981646,1.6125699192530576,-0.1638231121460264,0.4499951202345358,-0.2056417865109654
qwen-3.5-plus,1,b6c589,mobile,31,0.3176161594116469,0.4477224381493645,1.8641256054037787,0.59001301091429,0.6698094288098045,0.3069170016991737
qwen-3.5-plus,2,b6c589,mobile,29,0.2831495313198832,0.408585646266455,2.559341873043158,0.5153663915336348,0.6245679976884196,0.2966916757648286
qwen-3.5-plus,3,b6c589,mobile,41,0.1710793525108108,0.4334764143592042,2.875638075136175,0.3972291441463724,0.5697311096012715,0.1947790434505412
qwen-3.5-plus,1,b7c621,poster,49,0.2529274736617038,0.4926156173523376,1.4931283690664792,0.3275246970711022,0.631586437977963,0.1728403824049431
qwen-3.5-plus,2,b7c621,poster,40,0.4133121710557518,0.5175081896091169,1.143317982865326,0.6806007911964705,0.732213827732835,0.3203255584457696
qwen-3.5-plus,3,b7c621,poster,48,0.4485363227431192,0.548804022674467,1.279261797025566,0.7392088558760829,0.7225912154238635,0.3288951688502574
qwen-3.5-plus,1,b80cf5,poster,48,0.0448663999535894,0.3948927662542563,2.349674057085848,0.0083583839514683,0.5101799260748339,0.0977014480287142
qwen-3.5-plus,2,b80cf5,poster,51,0.3334310918898314,0.5132201095937483,1.2803798643894269,0.4345972079923245,0.6264089409139011,0.2632210229977336
qwen-3.5-plus,3,b80cf5,poster,49,0.0742819868160178,0.4192502163430739,1.6226453693612886,0.0283327564497204,0.5463108538065012,-0.0410772189019463
qwen-3.5-plus,1,b81b5a,web,50,0.1893070399248982,0.4191200105721753,1.6629982369319158,0.292113350265645,0.7034550511876356,0.1254791415645375
qwen-3.5-plus,2,b81b5a,web,47,0.1759460568194723,0.4092537172022309,1.6997911627039342,0.2678323229728635,0.6846061431971949,0.1212854691134977
qwen-3.5-plus,3,b81b5a,web,50,0.252806365281999,0.4407104443800569,1.6105352685127796,0.4098417333917267,0.6947223920509022,0.1747312884449715
qwen-3.5-plus,1,b86b7d,desktop,53,0.2422266963261095,0.2417049848956005,2.1548649374600135,0.6491765103472691,0.6244897953792313,0.2241478339177242
qwen-3.5-plus,3,b86b7d,desktop,50,0.4108696836101028,0.3408904733741376,2.325117312706521,1.1591313886441363,0.7440609648329983,0.3180237681575394
qwen-3.5-plus,2,b86b7d,desktop,55,0.413422492619044,0.3053066690135075,1.961137884893388,1.0947490548413328,0.6600119659663367,0.3640024909371452
qwen-3.5-plus,1,b87aea,web,49,0.5522121831425961,0.5684483852080847,0.7009572799700574,1.1003903736397105,0.8111286581618989,0.3596091045095726
qwen-3.5-plus,2,b87aea,web,40,0.491155728927871,0.5350907969353723,0.8484689224414597,0.9802257159650204,0.8077783573792761,0.3607932418877359
qwen-3.5-plus,3,b87aea,web,30,0.4901431195624305,0.5407803762965777,0.8769612522599398,0.9917803662283324,0.809590156533809,0.3290049355877681
qwen-3.5-plus,1,b83a7a,mobile,44,0.4421851195889126,0.4577619095132139,1.924747979843089,1.0488357738588894,0.7740011484574283,0.5016824452754256
qwen-3.5-plus,3,b83a7a,mobile,30,0.3867284472734464,0.4146633101552939,2.047281728113421,0.8110769757954915,0.7512720308026379,0.4250664157097748
qwen-3.5-plus,2,b83a7a,mobile,50,0.4426650353380703,0.447192239980174,1.6480563492437934,0.8316294831764739,0.7151506989477089,0.3635882287103962
qwen-3.5-plus,1,b889dd,desktop,46,0.4198425444744189,0.5013827029843265,1.1841249448664228,0.578022043389771,0.6335233789385998,0.4144292591358234
qwen-3.5-plus,2,b889dd,desktop,48,0.2773120858551551,0.4137588228705272,2.2031206859332086,0.3431051357931113,0.6053442464579534,0.3121855002382612
qwen-3.5-plus,3,b889dd,desktop,40,0.6265677015423683,0.5748944958332155,0.8939365618251826,0.958331894554168,0.7487630691114884,0.6269900696906496
qwen-3.5-plus,1,b87c56,mobile,40,0.1291599002430132,0.3467277334116908,2.4928504266489324,0.2013998441561484,0.5811101510421801,0.0624466622782145
qwen-3.5-plus,2,b87c56,mobile,37,0.102003922700659,0.2967540599219968,2.9976683333465557,0.2045043097076041,0.5839948767905191,0.0589133865843153
qwen-3.5-plus,3,b87c56,mobile,40,0.1425143410260488,0.3394334006085946,2.5832683958522566,0.2355802718431666,0.6164385882600071,0.0520462616856654
qwen-3.5-plus,1,b8b56d,mobile,45,0.4364921160195828,0.6270479964576536,0.5121108671874735,0.4843632586094147,0.6490870066784931,0.3736716591342569
qwen-3.5-plus,2,b8b56d,mobile,40,0.537827534206716,0.6540123728863316,0.4628369815022597,0.6102309596774597,0.687029768498015,0.4688416219104367
qwen-3.5-plus,3,b8b56d,mobile,50,0.3595124757794937,0.6020557468013631,0.6411460964432831,0.4595409327896232,0.651757270493189,0.1835682999400414
qwen-3.5-plus,1,b8a1c2,poster,40,0.3775628200799882,0.4255667608107919,1.476742161097165,0.7056783831685711,0.7456584819915197,0.3897147189594206
qwen-3.5-plus,2,b8a1c2,poster,47,0.6074850604171843,0.5395048297884464,1.145072948378097,1.2623652590053889,0.8391147827749259,0.6240373028689244
qwen-3.5-plus,1,b8a4ea,mobile,39,0.1474245862070383,0.3741785604116033,3.4131472147866884,0.1977622882304967,0.577106468794655,-0.0875400043011074
qwen-3.5-plus,3,b8a1c2,poster,40,0.6163434462745789,0.5347355267301138,1.0968705539040666,1.16451293692155,0.8306122181643113,0.6372186931406999
qwen-3.5-plus,2,b8a4ea,mobile,38,0.1750566323643215,0.4222816820698005,2.2301289665862236,0.1784759889578632,0.5774917002000943,0.0513021172575005
qwen-3.5-plus,3,b8a4ea,mobile,39,0.3337083729383185,0.479910796427049,1.816063015997922,0.5107570723511685,0.6752170067744259,0.2323469263314892
qwen-3.5-plus,1,b901b1,web,46,0.6452828863702537,0.6072462671517546,1.1119700002334665,1.1725668408634706,0.778326550763368,0.509530310161633
qwen-3.5-plus,1,b8c70a,mobile,30,0.2367917434802199,0.3661515243355657,2.5413922142856284,0.3307309325496257,0.63900443686689,0.1186804029675057
qwen-3.5-plus,3,b901b1,web,35,0.5742839713123298,0.5721435183035591,0.6705784996400665,1.0444208510193196,0.783925341366652,0.4411133414922246
qwen-3.5-plus,3,b8c70a,mobile,40,0.3243306735787259,0.4302280047653259,1.7552997241265187,0.5080056727779297,0.6927487970570392,0.2502224733997685
qwen-3.5-plus,2,b901b1,web,40,0.3776267011634613,0.4854042751744435,0.9766316630199192,0.6837229772741614,0.7232066443761495,0.2426031256750474
qwen-3.5-plus,2,b8c70a,mobile,44,0.1390867864146513,0.3458402703383602,2.3982771071840725,0.2061038043038345,0.5894689640205723,0.1337417153987972
qwen-3.5-plus,1,b908c7,web,46,0.4192182804428387,0.533239480923474,0.7956014505921519,0.7833195057627442,0.7312695064064588,0.3898292349064242
qwen-3.5-plus,3,b908c7,web,45,0.4032029647049527,0.5101065466840834,1.079812832654537,0.7618583493228231,0.7181393315723384,0.3945123364227679
qwen-3.5-plus,2,b908c7,web,40,0.3276489167718472,0.4874526970226603,1.2617116967020965,0.6388985770892726,0.7048772516808366,0.3272356759368486
qwen-3.5-plus,1,b901be,poster,49,-0.041426460760296,0.2990084677379466,3.562646844276841,-0.0301511411348121,0.4608321408633726,-0.1197344905941499
qwen-3.5-plus,1,b93b7e,web,42,0.1178745551824662,0.4406048844472884,1.564021025045145,0.1863979511964278,0.583129679963889,-0.0166433594915064
qwen-3.5-plus,2,b901be,poster,48,0.0538797980332863,0.3519387747383577,2.4166535038745067,0.0459002173230746,0.5380058847728255,-0.1370441981665297
qwen-3.5-plus,3,b901be,poster,40,0.0981257630319394,0.3398931649897685,2.8892243412216474,0.1483193373050416,0.5526529343635928,0.0105875116381401
qwen-3.5-plus,2,b93b7e,web,44,0.1121927392007982,0.4569089801748097,1.537200686662639,0.1809944627814998,0.575874617330371,-0.0032131199044265
qwen-3.5-plus,2,b92f85,mobile,50,0.4104079554842373,0.3475065179666934,2.692355597845117,1.5512354986640209,0.728252972699043,0.4623625064097006
qwen-3.5-plus,3,b93b7e,web,79,0.1555585800205511,0.5236734841581706,0.861040541236552,0.2546149370725425,0.5888565487104376,-0.0777439206001152
qwen-3.5-plus,1,b92f85,mobile,36,0.2464555690093754,0.3147744107323719,2.1889440112960736,0.8453178463718333,0.6823044676430008,0.2633873173415457
qwen-3.5-plus,3,b92f85,mobile,37,0.5235614295324637,0.4329247868362976,1.7959161324465884,1.601814451347778,0.7427556553503352,0.5462915983823022
qwen-3.5-plus,1,b9d4f6,poster,48,0.3512054361093766,0.5164251247931024,0.9115626650595916,0.5335972147255112,0.6142946704016465,0.2452274818862074
qwen-3.5-plus,2,b9d4f6,poster,48,0.2404284555052687,0.4610620239300821,1.0464569620686617,0.3796872971887094,0.5770985845960219,0.0990458653789007
qwen-3.5-plus,1,b9bf42,desktop,40,0.5885135043593838,0.5722671725212953,0.634952342939319,1.1657171803528186,0.8227932733340154,0.5034570963494485
qwen-3.5-plus,2,b9bf42,desktop,35,0.3493488400986628,0.4482392156974431,1.6264622020535395,0.7193501106958815,0.7747803391474903,0.2551884975615202
qwen-3.5-plus,3,b9d4f6,poster,49,0.1833196566743027,0.4548103008211397,1.1269918629431546,0.2695895536872477,0.5664785747357237,-0.0063650132463332
qwen-3.5-plus,1,b96ba4,desktop,50,0.1880169092527555,0.4377272373116106,2.1577642000105204,0.2765118090273493,0.5811207183421457,0.0935504108265004
qwen-3.5-plus,3,b96ba4,desktop,49,0.1650415834660741,0.4337697283293651,2.192323098244541,0.2273116879649269,0.5832087015042958,0.0633661143295621
qwen-3.5-plus,3,b9bf42,desktop,41,0.4938721683843986,0.5207029877301484,0.8758683825540169,1.0314553659745134,0.7683233007574046,0.400833990677686
qwen-3.5-plus,2,b96ba4,desktop,40,0.2319145968529483,0.4910317237381899,1.2330352589868323,0.3259115501993354,0.6349135595377771,0.188357219065225
qwen-3.5-plus,1,ba46a0,web,49,0.0527861495979892,0.4242917476892754,2.8538019603157654,0.0601641995234244,0.5062216085584201,0.1166679065683233
qwen-3.5-plus,1,ba648d,desktop,40,0.2890177660303369,0.472394530593498,1.0640083773682452,0.5186223823176062,0.7077620927985957,0.2220138999019455
qwen-3.5-plus,2,ba46a0,web,32,0.1148970173967823,0.4548500389797054,1.740722732614013,0.2352780106529821,0.5673054713457526,0.0265029115493733
qwen-3.5-plus,2,ba648d,desktop,33,0.4738758834234249,0.5332660815092665,0.8445939796633584,0.9107473791160025,0.7424265484158199,0.3204865157423735
qwen-3.5-plus,3,ba46a0,web,50,0.2418741398787559,0.4691363062811395,1.2945378231168316,0.377155497970217,0.6392403171316797,0.17216475773322
qwen-3.5-plus,3,ba648d,desktop,48,0.5403389584457388,0.5608992581554266,0.676683515958357,1.0429626619717418,0.779006978999262,0.4196411029725736
qwen-3.5-plus,1,ba6d0c,poster,36,0.2383639102630246,0.5568165810682062,0.9737841056230836,0.1578407372527945,0.5622657122202827,0.2341257280442403
qwen-3.5-plus,2,ba6d0c,poster,35,0.1777804927219163,0.5348772782904254,1.0460260207823882,0.090986580227266,0.5413391515457909,0.1982051592113021
qwen-3.5-plus,3,ba6d0c,poster,36,0.2220594370387103,0.5555240340843641,0.9810640288032988,0.1453189466040911,0.5588493863706171,0.2146382389489959
qwen-3.5-plus,1,ba9073,web,40,0.5998876573856653,0.5903808985303998,0.7188957630328522,1.0160127473682363,0.7731661875772816,0.4636537055749892
qwen-3.5-plus,3,ba9073,web,40,0.6968583180207834,0.6348924042238846,0.7264566429392039,1.1678745935183987,0.7991470339557916,0.6145478026142824
qwen-3.5-plus,2,ba9073,web,47,0.4618519837528125,0.521695994120567,0.9863393619820456,0.7828387170932255,0.695292563802496,0.3308261024404567
qwen-3.5-plus,1,baf38d,web,50,0.1579253808870218,0.4189733573846143,1.22823898428371,0.2858094318261948,0.6157395854616687,0.0841442404361338
qwen-3.5-plus,3,baf38d,web,39,0.2920421084551863,0.4692517260337747,1.2007833640098755,0.5668753568526285,0.6563518970994631,0.183348300374691
qwen-3.5-plus,2,baf38d,web,49,0.1789730968083579,0.4148382467378433,1.185368536896045,0.285251717896589,0.6377506418297184,-0.0216343068947433
qwen-3.5-plus,1,bb1ef8,desktop,40,0.7404765809338314,0.5669447467907531,0.8699118502184531,1.979748366875175,0.8493394844301261,0.6992598671768688
qwen-3.5-plus,1,bb23c6,mobile,30,0.6408916950912038,0.7015998996348385,0.3679635361494578,0.6550639768324751,0.6955441814875565,0.5356100212362503
qwen-3.5-plus,2,bb23c6,mobile,40,0.6425741296707639,0.7095256030644553,0.3159133870776539,0.654266229439796,0.7036300951328853,0.586335161760947
qwen-3.5-plus,3,bb23c6,mobile,35,0.6800805787880738,0.730565354689987,0.2741999382042256,0.6633915942216686,0.7046540983969275,0.6225893566993028
qwen-3.5-plus,2,bb1ef8,desktop,53,0.5137187044892293,0.3789689575187623,1.2169990552533505,1.409472680000069,0.7996987407338506,0.409748926981138
qwen-3.5-plus,1,bae388,mobile,48,0.3245470971882851,0.4489287963046607,1.8944880062298088,0.4173814643845777,0.6306990394998464,0.274721978321418
qwen-3.5-plus,3,bb1ef8,desktop,48,0.6445131883634387,0.4586053736223733,1.0209134461272429,1.7864506839216592,0.8408238228822702,0.6216119447994009
qwen-3.5-plus,1,bb3926,poster,40,0.611816254393522,0.6155034193089247,0.4875793265615748,0.9144704171487118,0.7371093175882691,0.6154912351401314
qwen-3.5-plus,2,bae388,mobile,40,0.5109893982141753,0.5281274157776041,1.471342731307529,0.6577169376960196,0.7051681740987077,0.4431730090200524
qwen-3.5-plus,3,bae388,mobile,45,0.4102539821966268,0.5169382495201608,1.361391727678676,0.6113137080263077,0.661649993887533,0.3816046708878134
qwen-3.5-plus,3,bb3926,poster,38,0.4963243769029596,0.5800026135207781,0.6114523995628651,0.7327206139340071,0.6865367761097168,0.4972243965899565
qwen-3.5-plus,2,bb3926,poster,50,0.6081257236800397,0.6148634515775018,0.6604343154572243,0.9082135458069928,0.7183356498230659,0.6314273589800664
qwen-3.5-plus,1,bb4af5,web,51,0.4597076173759051,0.4662558911335037,0.8360953642445608,0.8125801056839472,0.7172952693895247,0.4098238734581114
qwen-3.5-plus,1,bbc0fc,poster,54,0.2650483074478174,0.4708430534329884,1.0710594021162154,0.4430773159985796,0.6319755447438755,-0.0822475821439731
qwen-3.5-plus,2,bbc0fc,poster,46,0.357949707841836,0.5136390410007043,0.768810393907483,0.5913050616945597,0.6829812022802113,0.1589476641387161
qwen-3.5-plus,3,bb4af5,web,52,0.6204045649761833,0.5702270977113061,0.5871943992843022,1.0724528214400462,0.7966122376699722,0.4630263715073094
qwen-3.5-plus,2,bb4af5,web,40,0.4933556244923612,0.5207858369429499,0.7733249731738698,0.8809116116264131,0.7580350610714257,0.2024922909918784
qwen-3.5-plus,3,bbc0fc,poster,40,0.3765531182470003,0.5159726696072867,0.7598714401525506,0.5980842495838719,0.6854578397362341,0.0717901415640543
qwen-3.5-plus,1,bb56be,poster,40,0.4496727006237685,0.4749923327121308,0.9668209370091586,0.909370939358734,0.7185844886998056,0.4190543718269164
qwen-3.5-plus,3,bb56be,poster,45,0.4288364095409085,0.4487673261741611,1.189374671387376,0.8962248049411176,0.730725212104004,0.4233259833815357
qwen-3.5-plus,2,bb56be,poster,40,0.3104796360818823,0.4093085650270412,1.3526875372196696,0.6094060318285202,0.6647408962587376,0.3423689235646572
qwen-3.5-plus,1,bbc4d8,web,50,0.1617348821152658,0.4543252989161663,1.178828517990374,0.1852986169956123,0.5667412347819634,0.1194351512368774
qwen-3.5-plus,2,bbc4d8,web,40,0.1806839995398075,0.4685867351418974,1.070407451811523,0.196217916469659,0.6146231760089658,0.1483583299315313
qwen-3.5-plus,2,bb34f1,poster,49,0.6380843744410405,0.5665363017883968,0.837109803577514,1.1908723694411236,0.7965791886081307,0.5768396790002763
qwen-3.5-plus,3,bbc4d8,web,40,0.0187717708514418,0.4076438066442955,1.6777482402928032,-0.0179684929029506,0.5483023184887195,0.0130758352954016
qwen-3.5-plus,1,bb34f1,poster,40,0.4860133625748286,0.4927784767562304,1.212699496292149,1.047134784501899,0.784394902699268,0.4416586905835052
qwen-3.5-plus,3,bb34f1,poster,46,0.5612332660464504,0.5376114590719787,0.967990093766585,1.1365727823822,0.8086703396301562,0.5138349624635823
qwen-3.5-plus,1,bbd445,desktop,48,0.3962177337077892,0.5796713869780076,0.7010857959153618,0.6352300593025203,0.6907596320502193,0.2741578142923196
qwen-3.5-plus,3,bbd445,desktop,40,0.3128987721750454,0.5306731384224012,0.8400709733748966,0.4817776119030658,0.6704880864755189,0.2496944157719998
qwen-3.5-plus,2,bbd445,desktop,40,0.3112212163016993,0.500638144814746,1.071515489345312,0.5092414208193744,0.6652990944116643,0.2025774741738452
qwen-3.5-plus,1,bbffc1,poster,40,0.3367966738337111,0.3997924195806028,3.302269053971023,0.6164462532958432,0.6947727204432858,0.2795440607624226
qwen-3.5-plus,3,bbffc1,poster,41,0.3368040109663568,0.4365414721945805,2.674196380032438,0.7793298202689907,0.6475143396174801,0.3408737685333171
qwen-3.5-plus,2,bbffc1,poster,40,0.3577403073910661,0.4162440657986488,3.512169229855542,0.7093132724200544,0.666641777970162,0.4189176795013965
qwen-3.5-plus,2,bc25a7,mobile,35,0.0478554432971045,0.2456462873735127,4.499582082830568,0.0737207067084506,0.5318622199101186,-0.1749562538125473
qwen-3.5-plus,1,bc25a7,mobile,41,0.5496150933310655,0.5190988407837049,1.3075264599902874,1.069928876212619,0.7843605782177533,0.4693892298504862
qwen-3.5-plus,1,bc43bb,mobile,36,-0.1921204707260179,0.1644900385055643,6.4434783770635145,-0.2639876371164634,0.3308127971149435,-0.1312066062894244
qwen-3.5-plus,3,bc25a7,mobile,46,0.243289718959422,0.3532018953326131,2.170692829387837,0.6479645472670101,0.7034706329120995,0.0535775563148061
qwen-3.5-plus,3,bc43bb,mobile,46,-0.1917342113997614,0.2294661320075963,5.06265206157108,-0.2334727711795558,0.3723577429972547,-0.1766769612516693
qwen-3.5-plus,2,bc43bb,mobile,30,0.0052378164723041,0.255660107446366,4.489974474900074,-0.0540423261388083,0.4492107571464385,-0.0265544527692917
qwen-3.5-plus,1,bccea2,web,40,0.465283353803164,0.4876191418698344,1.0265829129930204,1.1404081886057125,0.784934011263902,0.4860468098037547
qwen-3.5-plus,2,bccea2,web,50,0.3152857268602968,0.4315960171847859,1.1702610946713832,0.7463416564748309,0.7157015757860777,0.3338715670312564
qwen-3.5-plus,3,bccea2,web,41,0.213233131518367,0.3487040042028171,2.4605408041692693,0.5755469980854379,0.7092029067126161,0.2222399336647591
qwen-3.5-plus,1,bcdde6,web,36,0.2782847062658507,0.4246859678884536,2.3366123933815692,0.4481636063312967,0.6125700304791214,0.1634828752759894
qwen-3.5-plus,1,bca872,mobile,30,0.1651168774515755,0.3796897411185131,2.5684084320556457,0.2680394893378651,0.6201521549272269,0.1714661162848465
qwen-3.5-plus,3,bcdde6,web,43,0.1562777417396653,0.4283211748183876,1.58848842606412,0.2372072967947973,0.6084100103152614,0.0219962125140219
qwen-3.5-plus,3,bca872,mobile,29,0.1735043797322127,0.3979224998227293,2.164603828308717,0.284312474401084,0.6227066407787912,0.1715204278435545
qwen-3.5-plus,2,bcdde6,web,189,0.3450525768365824,0.5333999908976039,0.7113108741826057,0.5296967169239047,0.6687012023495907,0.1731403461033032
qwen-3.5-plus,2,bca872,mobile,50,0.3346613903716627,0.4460874740365336,2.5838459134869445,0.6612358055488822,0.6637989957768228,0.3898693400588026
qwen-3.5-plus,1,bcc33b,poster,31,0.0745886068385271,0.2502441256317891,4.704723276084364,0.1662044864325551,0.4338079799079838,0.069765203296319
qwen-3.5-plus,2,bd57a3,web,46,0.1468299796144578,0.4109877442513259,1.2869031682004777,0.2577609711913534,0.6020483759574167,0.0901666902787716
qwen-3.5-plus,1,bd57a3,web,47,0.2233766200347114,0.4062252020506777,1.706218235543934,0.2955196298002285,0.6337538584964431,0.1017771321246963
qwen-3.5-plus,2,bd7a8b,poster,41,0.0052347949475416,0.3501262901119092,1.739392324911048,0.0477927783782826,0.5224419266899825,-0.0165317363537581
qwen-3.5-plus,3,bcc33b,poster,47,0.0304639655412942,0.2782276303864878,3.8789453591187506,0.0596359654008464,0.4689847479688311,-0.0324000239486144
qwen-3.5-plus,1,bd7a8b,poster,49,-0.0262263166718152,0.2865681596368419,2.6810223584269672,-0.0344679584171957,0.5098857314473398,-0.0879291894843758
qwen-3.5-plus,2,bcc33b,poster,46,0.0158322422679299,0.2460269626669804,4.6586425419350554,0.0577319598764348,0.4279570291069133,0.0070098711438336
qwen-3.5-plus,3,bd57a3,web,40,0.1645747521616017,0.3855325261098314,1.984533629129511,0.2140145075206106,0.640955466978607,0.0736785637949487
qwen-3.5-plus,3,bd7a8b,poster,30,0.2184553267537891,0.4078273764951274,1.626632423389338,0.4383778525471985,0.621391086117046,0.1298505502982404
qwen-3.5-plus,2,bd8797,poster,40,0.245555442179268,0.5549584577533183,0.7994225049122005,0.3381939947010106,0.6053699379813082,0.2089696588251663
qwen-3.5-plus,1,bd8797,poster,40,0.1728884030334631,0.487926599934933,1.052292271395694,0.2757545405180948,0.6110966375453692,0.1593863469533548
qwen-3.5-plus,3,bd8797,poster,45,0.238512129145039,0.5348372843320239,0.7532936729347943,0.3379419569017419,0.6283373697109483,0.2088233112749168
qwen-3.5-plus,1,bdeb92,web,41,0.2498901625755086,0.373178512713522,1.608820579476046,0.4971549396543729,0.6199860897554095,0.1954784024081195
qwen-3.5-plus,1,bdf30a,desktop,47,0.5709574807004414,0.622005979132601,0.5629597202754044,0.8454319434840714,0.7332959230792759,0.516352964114792
qwen-3.5-plus,3,bdf30a,desktop,50,0.2938282400999109,0.5124205485302852,0.9357587099816514,0.3778376130702999,0.6210502271958538,0.2367657389389285
qwen-3.5-plus,2,bdf30a,desktop,40,0.4247088645824737,0.5692418242931636,0.8020013883806769,0.6486306576470121,0.6864126787321138,0.3519294549027035
qwen-3.5-plus,2,be0882,desktop,47,0.4626181192138362,0.5243672396150015,0.9753855173976828,0.9172731879350982,0.7862386732275036,0.3329368430390669
qwen-3.5-plus,1,be0882,desktop,43,0.4732591198581534,0.5172827530559769,1.203156148845008,0.9560836851466926,0.800064685174074,0.3608263748750543
qwen-3.5-plus,3,bdeb92,web,40,0.5418480331376025,0.5139152238641779,0.8362627846605133,1.1383679219825351,0.811879647581456,0.4985054500565696
qwen-3.5-plus,3,be0882,desktop,46,0.4274072700004649,0.4972383741538845,0.9328523607171132,0.8785093109907038,0.7775778251459501,0.3215779210467121
qwen-3.5-plus,2,bdeb92,web,40,0.5398779120028577,0.4785293777129886,0.9196028132054748,1.160820499809463,0.7961399090975168,0.516680297094994
qwen-3.5-plus,2,bec3fa,poster,50,0.4651254483464703,0.5467803534351943,0.8522970901901714,0.7447320356584186,0.7229942177397866,0.5035741412600405
qwen-3.5-plus,1,bec3fa,poster,50,0.227239827374252,0.4704506690774593,1.1749935760593089,0.3059000277565694,0.5866972917468625,0.2823822557685916
qwen-3.5-plus,3,bec3fa,poster,40,0.372465567027897,0.529328895558737,0.8199002161281338,0.6227382546611657,0.6963868418280225,0.377896720516911
qwen-3.5-plus,1,be2ed1,web,40,0.2319856897972405,0.3961198581118299,1.6725369858345005,0.4402143591059748,0.6478470539690303,0.1255882305391198
qwen-3.5-plus,2,be2ed1,web,48,0.4344974663609114,0.471588095167871,1.2585252337979682,0.8466073810180091,0.7195914872976817,0.3380329041614403
qwen-3.5-plus,3,be2ed1,web,46,0.3254045521915556,0.4446982888637421,1.1285533383367998,0.6329441031546381,0.7095070204229623,0.1389582814508258
qwen-3.5-plus,2,bef09c,desktop,40,0.4155963727760287,0.518188050967621,1.2247849082422149,0.5987229158173184,0.6749370908759259,0.42167212779328
qwen-3.5-plus,1,bef09c,desktop,47,0.5252561467248094,0.5849408252853605,0.9437974676134248,0.7706671745699524,0.7168680188921598,0.5233257204765605
qwen-3.5-plus,3,bef09c,desktop,49,0.4615849983995955,0.5182996274530396,1.4241227086879156,0.6859965791156138,0.6716913345429631,0.4787352256827164
qwen-3.5-plus,1,bef1f3,web,45,0.5740208915938549,0.5518726914100476,0.6647919812347042,1.2101984490528372,0.8276986635211413,0.3335169514808115
qwen-3.5-plus,2,bef1f3,web,52,0.3339375944759783,0.4613653626844709,1.1752633421109302,0.6723603731226557,0.772997548157617,0.1837397631512919
qwen-3.5-plus,3,bef1f3,web,87,-0.0170360504778026,0.2754475655049819,1.701894628290953,0.0076422171889461,0.5327722189121773,-0.197948557734373
qwen-3.5-plus,1,bf05c8,desktop,47,0.275310030073094,0.4381047703123526,1.2391498378018115,0.4555085320430529,0.6283497292169039,0.2144826102245991
qwen-3.5-plus,3,bf05c8,desktop,50,0.2913816552184598,0.4375339253743933,1.7104483330502562,0.4704943499627038,0.6180365634941474,0.1400309094870661
qwen-3.5-plus,2,bf05c8,desktop,40,0.3420826625777709,0.4600677780894288,1.1723730460684996,0.5678447784577655,0.6696983778284846,0.2720166134321932
qwen-3.5-plus,1,becb10,mobile,40,0.0857726543067639,0.3242928949255854,2.4905707972271576,0.2756607940950477,0.569887754565321,-0.0751066177305509
qwen-3.5-plus,3,becb10,mobile,39,0.2357900254219364,0.4043706291666782,2.11394958047352,0.3890241144963504,0.620117508544384,-0.072977671436003
qwen-3.5-plus,2,becb10,mobile,35,0.3187871815672018,0.4047824439520938,2.200168216131249,0.513626305924874,0.683561389431804,-0.0041277256181458
qwen-3.5-plus,1,bf2da8,desktop,36,0.6410940489401403,0.5996011808837147,0.6255616252513199,1.0452270390669174,0.7704543739257882,0.6218346754548659
qwen-3.5-plus,2,bf2da8,desktop,37,0.4832137676152805,0.5474735787169459,0.8235198422259778,0.7902732959215829,0.7368284903559672,0.4442687228720771
qwen-3.5-plus,3,bf2da8,desktop,38,0.489484602156935,0.5576691500267156,0.7394740789789349,0.8206999977156703,0.7556855197502323,0.455199057388684
qwen-3.5-plus,1,bf4440,desktop,47,0.4045103215192193,0.4203313694572057,1.4694105598222726,0.8123811141804838,0.6845162795562174,0.2840381724171563
qwen-3.5-plus,2,bf4440,desktop,45,0.3795426296681334,0.4845600106399116,1.1583737698524468,0.7126130268113967,0.7615512005013433,0.198386671273107
qwen-3.5-plus,3,bf4440,desktop,49,0.3336336208296005,0.4373020525087358,1.2636134209563132,0.6118772322788937,0.7488696533612936,0.1277184615752154
qwen-3.5-plus,2,bf66e8,desktop,40,0.5643270818037613,0.5811202136896813,0.5977337998057375,0.9873311629604758,0.7792442384711962,0.5419299933457403
qwen-3.5-plus,1,bf66e8,desktop,40,0.6598607371618171,0.6151148735248375,0.6259930443054784,1.1782152157977397,0.7916924099186626,0.6377971457671748
qwen-3.5-plus,3,bf66e8,desktop,56,0.5069850576553082,0.540874325920321,0.7243116232871951,0.8835446851009996,0.7397206685385462,0.4562951792122997
qwen-3.5-plus,1,bf97aa,desktop,41,0.4373806278941897,0.5013040353296424,0.8556170997019683,0.8544371045568837,0.7765463564966677,0.3083855686441193
qwen-3.5-plus,2,bf97aa,desktop,45,0.5155268773559387,0.5488302164534041,0.8173380891639997,1.064106246132415,0.7989519642296614,0.386057330864873
qwen-3.5-plus,3,bf97aa,desktop,40,0.5495477226371293,0.5524650383829309,0.8619305779119081,1.1752619556894603,0.8054450814440238,0.4683633105680671
qwen-3.5-plus,1,bfa4f2,web,40,0.5297377615357169,0.5099073455382823,0.8912416669955852,1.0898416395083126,0.7807724868345802,0.5228296785494169
qwen-3.5-plus,2,bfa4f2,web,50,0.2766234035133464,0.4267268800265171,1.5145833047137796,0.5291957878306054,0.6516396516334495,0.2603099028709268
qwen-3.5-plus,3,bfa4f2,web,47,0.3457632821394182,0.4521952941739559,1.3115980197957544,0.6612312027962284,0.67546712855217,0.3312035506787521
qwen-3.5-plus,1,c00ba0,desktop,40,0.504973988335422,0.5341443201622814,1.9584116030942749,0.9583308615404628,0.6883429033836698,0.4841302287016209
qwen-3.5-plus,1,bf7fae,mobile,39,0.4342406346318424,0.4856671955889273,1.89449602626377,0.5092576840834847,0.6497598286939983,0.4040937238694245
qwen-3.5-plus,2,c00ba0,desktop,50,0.1775733849721307,0.4583964353996873,1.1504799483959154,0.3890581469328147,0.5905692005116271,0.1104002208239579
qwen-3.5-plus,2,bf7fae,mobile,48,0.0236214044247042,0.4564530832690375,1.3418568327084015,0.1479236274929023,0.527779139149037,0.030816450988997
qwen-3.5-plus,3,bf7fae,mobile,37,0.2702419263752658,0.4656478605820157,1.773412226047964,0.3676868473697278,0.5980795761263632,0.2397135209510528
qwen-3.5-plus,3,c00ba0,desktop,39,0.441274883297927,0.5161828685756893,1.305676604923741,0.7792138618081085,0.6626376146619399,0.4439085083226439
qwen-3.5-plus,2,c01b8e,mobile,36,0.3293694681162957,0.5192915007029621,0.8210352129848337,0.4635766819426776,0.6451835254453595,0.0726861992095298
qwen-3.5-plus,1,c01b8e,mobile,40,0.3454886567251514,0.5325034624178039,0.7406880931445947,0.5016989367991952,0.6596787126203647,0.1083375774693148
qwen-3.5-plus,3,c01b8e,mobile,48,0.3481404258580208,0.5295774504269328,0.7122429367134601,0.5068034995746944,0.6753640986181512,0.0958980807158466
qwen-3.5-plus,1,bfd9c4,mobile,32,0.5126642386553439,0.4760049684980761,2.3658075690333877,0.9444728277830264,0.7060895827563737,0.4955877838069596
qwen-3.5-plus,2,bfd9c4,mobile,49,0.4845528398760579,0.5139259633405161,1.4198124817273243,0.8563778224658627,0.7338833295527033,0.4646680134275812
qwen-3.5-plus,2,c01022,web,40,0.4586004657853523,0.5145640042348245,1.3451292396749674,0.8648923841037182,0.7553958250422239,0.4197277808582755
qwen-3.5-plus,1,c01022,web,47,0.3036944686008298,0.4575346021015088,1.15606106636617,0.5718974179096854,0.7019311979928156,0.1931808608054422
qwen-3.5-plus,3,c01022,web,46,0.5406703106051832,0.5507196079488909,0.7716623570238119,0.9560521209384776,0.7352245071446217,0.460475069446956
qwen-3.5-plus,3,bfd9c4,mobile,30,0.4145342446350836,0.4587053164704304,1.817988249940951,0.6452022771436308,0.7082725448044932,0.3992537074963111
qwen-3.5-plus,1,c0233f,desktop,40,0.3834251255241876,0.5758672118018513,0.6393494201122402,0.5280026260566638,0.6875084389671943,0.3137944036576812
qwen-3.5-plus,2,c0233f,desktop,35,0.3400054846771545,0.5385547816143288,0.7238356277241556,0.4230081250040643,0.6651549493128734,0.1929258322788911
qwen-3.5-plus,3,c0233f,desktop,44,0.3899487731629377,0.568066985901309,0.6006436268107535,0.5175442506419041,0.6719708442893857,0.2822469527626211
qwen-3.5-plus,1,c0422a,web,50,0.2096593807932895,0.4097158811321896,1.0907256774427172,0.3718754591197394,0.7052894690192226,0.1217611165542944
qwen-3.5-plus,3,c0422a,web,50,0.3118289461982402,0.4592012258453739,0.9193047134322696,0.5488456249160873,0.7196745810808516,0.2029556868293331
qwen-3.5-plus,2,c0422a,web,71,0.366653258036577,0.4832979526715907,0.8528884079813339,0.6775214407707292,0.7169059801660012,0.208500914277724
qwen-3.5-plus,1,c05976,web,41,0.0370164247321462,0.2782363542964259,2.7066830409923877,0.1174305444448942,0.5870251779296796,-0.1112452172135955
qwen-3.5-plus,2,c05976,web,42,-0.0106474243844612,0.2642983667857179,2.906957762934012,0.0310099807457093,0.5632620145062658,-0.1109185883216487
qwen-3.5-plus,3,c05976,web,40,-0.010090651721406,0.2362383540699212,3.091262350995464,-0.0499507568842919,0.5728617207591118,-0.0104558556195788
qwen-3.5-plus,1,c02580,mobile,30,0.3796750318712705,0.4466706157759881,2.173423434842225,0.754293901109955,0.6960780398071525,0.364474812293293
qwen-3.5-plus,2,c02580,mobile,50,0.4067297606827645,0.4847079665505936,1.5110289606138487,0.8927179993248509,0.7329824902556789,0.3751393715621379
qwen-3.5-plus,3,c02580,mobile,40,0.4897181171908927,0.5209537339076322,1.4062947084234785,0.8973624315689376,0.7345953590297758,0.4618913844320915
qwen-3.5-plus,1,c05a14,web,42,0.1570191667017701,0.4335061856939804,1.9679600179996073,0.267948647223818,0.6265739884368703,0.1236831253401475
qwen-3.5-plus,3,c053d2,mobile,48,0.4138768212029062,0.4422105538034104,2.208682349089904,0.774274101551033,0.7086940813217818,0.4071417102817748
qwen-3.5-plus,1,c05cd5,mobile,40,0.2340810228697942,0.4832926935578942,0.9151050089617968,0.3719035999908347,0.6204080640042816,0.3555597944911862
qwen-3.5-plus,2,c05a14,web,47,0.2865475853613853,0.4987111421051264,1.2632569749296694,0.4595544656992562,0.6650542336104973,0.1650083203450228
qwen-3.5-plus,1,c053d2,mobile,50,0.4112984812952033,0.4460743902237207,2.346184367156538,0.7726455184016802,0.6750183995017321,0.3990910746058763
qwen-3.5-plus,2,c053d2,mobile,51,0.3104289603062983,0.4185753597759892,2.378649718420675,0.5814490559886398,0.6670817687414367,0.3044161717497416
qwen-3.5-plus,2,c05cd5,mobile,41,0.4655513016681606,0.5799783201233575,0.6582761385249122,0.6914132867057668,0.6938021149986591,0.4792521471536187
qwen-3.5-plus,3,c05cd5,mobile,40,0.4722167815528169,0.5668417509901,0.7144815249538731,0.6505400939677858,0.6879574224101783,0.4815377983382299
qwen-3.5-plus,1,c08f50,poster,41,0.6027187034459516,0.6559564808571063,0.3978918937020568,0.7551588318483259,0.7252136569598596,0.4838430899179027
qwen-3.5-plus,2,c08f50,poster,55,0.2563496505501688,0.5344545769771823,0.814231837035752,0.3066982664219386,0.5992506087012242,0.0371689954968596
qwen-3.5-plus,3,c05a14,web,48,0.2222251883851469,0.4603400474273543,1.526035752025228,0.3787454435884271,0.6383566598581779,0.0983135664066634
qwen-3.5-plus,1,c0ad6f,poster,40,0.1127633672623794,0.4931510424530742,0.8160376256095702,0.1896020809174914,0.5401586952384911,0.1283988478158741
qwen-3.5-plus,2,c0ad6f,poster,40,0.149590543397685,0.4971378961202591,0.8986317242339559,0.2284300721959342,0.5618273789304478,0.1606038942734119
qwen-3.5-plus,3,c08f50,poster,40,0.5834446476236387,0.6501132291069146,0.3996904472946888,0.7241044484809082,0.7151528065422365,0.4159923206726863
qwen-3.5-plus,3,c0ad6f,poster,40,0.2606899570232661,0.5301386083393387,0.7529921098833219,0.3910941438022626,0.621742020765562,0.2580891881788402
qwen-3.5-plus,1,c0e167,desktop,40,0.543468573850939,0.4225059046999405,3.629842638768614,1.1076624309183194,0.6434334261979529,0.5052148356309818
qwen-3.5-plus,2,c0e167,desktop,84,0.1644423777728533,0.336182527627332,1.474331151042331,0.4153525917694295,0.5999696449382128,0.1460541039024286
qwen-3.5-plus,3,c0e167,desktop,48,0.5089610015129116,0.4343023576231817,1.0789035457242502,1.063335945051941,0.7432588522109579,0.4614952372443288
qwen-3.5-plus,1,c10e6e,web,40,0.2477564572183712,0.4305026608454761,1.4097980238563568,0.7164169086572961,0.7068290767123852,0.1616649988573263
qwen-3.5-plus,2,c10e6e,web,54,0.0341862582235936,0.2619435402374906,3.0960179384064017,0.0511610365529419,0.5188328229097882,-0.0580316439998525
qwen-3.5-plus,3,c10e6e,web,44,0.0719539375226934,0.2857886942450774,3.2608729341681535,0.2011022888836542,0.5567923336334842,0.007665483607374
qwen-3.5-plus,2,c143b6,poster,48,0.1352065921222733,0.4263179251861849,1.2731862674751264,0.2655603836051779,0.575191316964379,0.0645310920654604
qwen-3.5-plus,1,c143b6,poster,50,0.2946828777199974,0.4494804068014861,1.5104548322782692,0.4214875790116463,0.6304562481997015,0.3064471606309763
qwen-3.5-plus,3,c143b6,poster,48,0.2077564864919837,0.4525768294959054,1.2499077895841575,0.351901423353804,0.5912396337626711,0.1345277213151083
qwen-3.5-plus,1,c1ad1f,poster,34,0.2716107241110053,0.5080194134285241,1.151338784938555,0.2392153888937244,0.5614868887765851,0.2692383978641873
qwen-3.5-plus,2,c1ad1f,poster,40,0.2565975066509017,0.5072607715956199,1.4047731234536285,0.3231635646714205,0.5874781402899764,0.2342181405849605
qwen-3.5-plus,3,c1ad1f,poster,40,0.2675085062878132,0.5271865467620369,0.8976700862720128,0.3804345074961989,0.6167413467295042,0.2209235787342654
qwen-3.5-plus,1,c228a1,web,90,0.332082883097693,0.4324111806196902,1.0258055389083671,0.7013460618967862,0.7002770871413492,0.0780017251880515
qwen-3.5-plus,1,c25357,poster,315,0.292948697142524,0.4848967144639293,0.7988065677068084,0.3188654220276964,0.5920574296907342,0.2304079792247114
qwen-3.5-plus,1,c23e50,web,49,0.2412172016710013,0.5151652166588562,0.961243801976592,0.340181427602598,0.6349694037546749,0.2563638026752844
qwen-3.5-plus,2,c228a1,web,40,0.1627884673993093,0.3993495028405365,1.6449587706100597,0.3807795238314099,0.6428201333089162,0.0048538329363504
qwen-3.5-plus,2,c23e50,web,58,0.2514979704603602,0.5261412270750658,0.8603348204258657,0.3634167908200869,0.6479966299095696,0.2242873510939732
qwen-3.5-plus,2,c25357,poster,49,0.4056641119120235,0.5523089507817363,0.6418640365419266,0.5789173312235267,0.6971706928545752,0.2923856071583336
qwen-3.5-plus,3,c25357,poster,49,0.5404343791440749,0.5448327068758033,0.6503676527599844,0.6992475911290766,0.6929584683432253,0.4731811000400972
qwen-3.5-plus,3,c228a1,web,50,0.1814015903612948,0.3993987036434734,1.4578755452424013,0.4294085369314698,0.6325146974825874,0.0357937372011154
qwen-3.5-plus,3,c23e50,web,50,0.3163278869519151,0.5305576286807366,0.7890688925245348,0.4430798095685881,0.6545196715174436,0.3134596031159225
qwen-3.5-plus,2,c15cd3,web,40,0.077353354560215,0.3426476492120924,4.304197734402759,0.1897201349248265,0.4479135322088888,0.065994231350919
qwen-3.5-plus,3,c15cd3,web,38,0.0446629653612888,0.3611227741142875,2.9075634457496333,0.0636880792324466,0.5002552008747945,0.0361677507896867
qwen-3.5-plus,1,c15cd3,web,53,0.0295188937880668,0.3876410108149307,2.4635062468122837,0.0940202358365903,0.4943451661195411,0.0459176117179558
qwen-3.5-plus,1,c2a57a,desktop,30,0.2139789079349688,0.4274403430181671,1.7152253215843714,0.4151612628025676,0.6228120077686115,0.1055689718509394
qwen-3.5-plus,2,c2a57a,desktop,91,0.2196565917758363,0.4472990087421762,1.1695674889410914,0.344410415360148,0.6217803724955789,0.0033314885883385
qwen-3.5-plus,3,c2a57a,desktop,48,0.3049354724164957,0.4484679211866688,1.4871659543084164,0.564113442682642,0.6490913415899291,0.1706409668610262
qwen-3.5-plus,1,c27e4e,mobile,35,0.4740924876040436,0.5050611331164152,1.829734143482984,0.764224129438375,0.6863015787517119,0.5096039274431982
qwen-3.5-plus,1,c2c5ec,web,40,0.4222274988047194,0.4965249516402088,1.434199400201555,0.851019642497083,0.7416222472355889,0.3658967140892891
qwen-3.5-plus,1,c29a4e,mobile,29,0.1736181747742508,0.4083506437511536,2.2458128246797067,0.2787572317539972,0.5792618633676823,0.1350174362632014
qwen-3.5-plus,2,c27e4e,mobile,35,0.3489079863914632,0.4784788884208868,1.585631349561263,0.649544975910265,0.6731657213473965,0.3631325643089968
qwen-3.5-plus,3,c29a4e,mobile,46,0.1281004381654475,0.4429286385528629,2.0375342502860967,0.1831974550531332,0.5492182234954918,0.1173976196923951
qwen-3.5-plus,2,c29a4e,mobile,49,0.1658302096406855,0.470265876612115,1.6721779787320692,0.2567118314155847,0.5734384917245133,0.1460825290589304
qwen-3.5-plus,3,c27e4e,mobile,41,0.3925172011311235,0.5171478605444719,1.648720141168388,0.5205811329930737,0.6470096944211432,0.413563238253529
qwen-3.5-plus,2,c2c5ec,web,40,0.4556222825451915,0.5096853503535874,1.161952125724,0.9379902471038676,0.7575795986437659,0.3488101142926536
qwen-3.5-plus,3,c2c5ec,web,36,0.4534672718203674,0.4675384411743912,1.6999205854729698,0.86594551595354,0.7233986184933033,0.345141802805361
qwen-3.5-plus,1,c2db26,desktop,55,0.0009532283809697,0.3647756358275222,2.616322362607724,-0.0378172820650781,0.4787301403707625,-0.0093269471785312
qwen-3.5-plus,2,c2db26,desktop,48,0.2220473259296923,0.4408529606097481,1.4271473098442615,0.3122283101509933,0.5933163806379563,0.196551673942888
qwen-3.5-plus,1,c33956,desktop,30,0.2979088543895927,0.4837498077980159,1.5475752474086375,0.6548360047282668,0.6841168871132719,0.2896309681469287
qwen-3.5-plus,2,c33956,desktop,46,0.4666071305397071,0.5519242960893738,0.9862037916382332,0.9124055866979516,0.7235760620205322,0.4617956042288564
qwen-3.5-plus,3,c2db26,desktop,40,0.3732714625285285,0.5470102333491299,1.1809810827640803,0.6653535975969905,0.6973010436645064,0.3589942880609866
qwen-3.5-plus,3,c33956,desktop,47,0.5454339884862537,0.5780241889660522,0.7222097525499735,1.0182299701531798,0.7452322051234006,0.5621219787353663
qwen-3.5-plus,1,c31d79,web,40,0.5056175970088901,0.4368851256969522,1.2515347079799788,1.2056779282814094,0.7906848538186584,0.4986944906414627
qwen-3.5-plus,2,c31d79,web,35,0.5025682386691019,0.4386859613165491,1.139794296553326,1.269931562006673,0.8152915834422212,0.4947336192699547
qwen-3.5-plus,3,c31d79,web,40,0.4113557092390744,0.3962402034505417,1.5365787270046554,0.9521045019147522,0.7699806278049194,0.4050423303469198
qwen-3.5-plus,1,c35930,desktop,42,0.4082976202590425,0.4859594542337216,1.633089402470488,0.8022271976914769,0.7151434284516044,0.4046098102113747
qwen-3.5-plus,2,c35930,desktop,47,0.4027763793066284,0.4849792431675016,0.9850408422447886,0.8432640595692444,0.7544683208773725,0.3967250610566117
qwen-3.5-plus,3,c35930,desktop,41,0.6011527061510904,0.5739713005969294,0.8979462012029616,1.223136373091956,0.7859172357123815,0.600638984624675
qwen-3.5-plus,1,c36099,web,51,0.2054416608670979,0.4186777136587518,1.222675219912001,0.2907836657727911,0.6003061368481255,0.1938419707838832
qwen-3.5-plus,1,c3709c,desktop,40,0.47227026079415,0.4844684114095625,1.7036999440490892,0.766304666493718,0.7242394832624386,0.4613746719374896
qwen-3.5-plus,3,c36099,web,39,0.4084578368033563,0.4561493776113715,1.8681916204487776,0.7466763448093168,0.6654220802191017,0.4041526688076485
qwen-3.5-plus,2,c36099,web,42,0.263565639353333,0.3875311741289368,2.1216607941387164,0.4226130585095891,0.600406410029598,0.3069425596825911
qwen-3.5-plus,2,c3709c,desktop,39,0.295949634374469,0.4177812935054602,1.9312937845384015,0.4051091774220625,0.6090829542546302,0.2764432579745154
qwen-3.5-plus,3,c3709c,desktop,40,0.6559656448829261,0.6384783183138529,0.7049481301503715,1.0549888016049778,0.7697217385557212,0.6253281280400115
qwen-3.5-plus,1,c3ac4c,desktop,43,0.4037031374241553,0.4214586622641486,2.084062456169291,0.6376992136026707,0.6352261030195191,0.4104992465720619
qwen-3.5-plus,2,c3ac4c,desktop,48,0.6198561122270874,0.5448432115805287,0.7387252456175738,1.0920276101023518,0.7391750109200229,0.6179087624362622
qwen-3.5-plus,3,c3ac4c,desktop,48,0.5544373739642432,0.506913411925564,1.1600413779322625,0.9514042472886414,0.6945278446753279,0.5570764793329577
qwen-3.5-plus,1,c3cd6a,poster,40,0.3518112403417774,0.4316994414977712,2.387048393016566,0.6397138179498961,0.6460891198008802,0.2664587869077541
qwen-3.5-plus,1,c3c939,web,40,0.3149938799618133,0.4496590811763707,2.158398654336728,0.4446169020048786,0.6071065908886765,0.3617581266034114
qwen-3.5-plus,2,c3cd6a,poster,40,0.2746041666346658,0.394558059865258,2.514339312918136,0.5002413367346982,0.6188097404191172,0.1555720562326891
qwen-3.5-plus,3,c3cd6a,poster,40,0.2383578397964937,0.377258376826935,2.652652832979992,0.4204249401470548,0.5908301635316562,0.1405959177046057
qwen-3.5-plus,1,c3ce89,web,40,0.6579230800939011,0.6091735081040818,0.5533553680452368,1.6655175437942942,0.8875684161365277,0.5947698028379618
qwen-3.5-plus,2,c3ce89,web,40,0.6304250518000911,0.5873664047031381,0.7526379713606409,1.6608709097299126,0.884412210312984,0.5697614136562328
qwen-3.5-plus,3,c3c939,web,38,0.1563996585958299,0.3912965171877416,2.315233927350318,0.1996623950818255,0.5720079653675578,0.2828665482420592
qwen-3.5-plus,2,c3c939,web,40,0.270511188185178,0.4413586944197228,1.6444948570100943,0.3593374907469416,0.6258154659533633,0.3139720813039566
qwen-3.5-plus,3,c3ce89,web,41,0.6387858769556221,0.576562668377622,0.5581717226219612,1.6246166626184326,0.8808724886552359,0.580732563205539
qwen-3.5-plus,1,c40a65,poster,50,0.1920186089905035,0.4853570823007641,0.9028700510239568,0.2825773916456829,0.5930290582994043,0.2053694726940112
qwen-3.5-plus,3,c40a65,poster,49,0.2622646115319841,0.519986107696245,0.747701667344533,0.3586451736407119,0.6348366607240508,0.2246546596136689
qwen-3.5-plus,2,c40a65,poster,50,0.3007354867123656,0.5267768750276174,0.9188734979211186,0.4714814197998071,0.6617629638759593,0.2936187568384484
qwen-3.5-plus,1,c40db1,poster,45,0.5980476901630671,0.5529885472444804,0.836508937750238,1.1589159294760032,0.7995945593543332,0.6055167335114835
qwen-3.5-plus,2,c40db1,poster,49,0.5675696473411082,0.4529072484300266,1.034519432067328,1.111247036031641,0.7383141106197171,0.5792978709355451
qwen-3.5-plus,3,c40db1,poster,40,0.6366804081828952,0.5045583946926417,0.7721755612837299,1.2444910138219736,0.7943396373718434,0.6366813566457823
qwen-3.5-plus,1,c41f2f,poster,44,-0.1590329567739924,0.4140081798778037,1.357651959546878,-0.2069110004211729,0.440032943805354,-0.1704547117832334
qwen-3.5-plus,1,c3f5f9,mobile,49,0.2699720805655016,0.4145060236686465,2.875741082401748,0.2960388662538585,0.5480432998993432,0.2512936515528644
qwen-3.5-plus,2,c41f2f,poster,53,-0.2063589074562827,0.3802979170739025,1.70112238972657,-0.3279307264647345,0.3727132683398746,-0.1330644561879258
qwen-3.5-plus,3,c3f5f9,mobile,40,0.2884104637560379,0.4009096363415682,2.9979100219343526,0.368069413342954,0.598544814746589,0.3015685127808881
qwen-3.5-plus,2,c3f5f9,mobile,47,0.4782408517110412,0.5342821037794054,1.282146531589514,0.6280580096702458,0.7005211022928186,0.4468228023033586
qwen-3.5-plus,3,c41f2f,poster,41,0.0494632471416721,0.4781746019268174,1.0171203106741886,0.1189428967134983,0.523929811150518,0.0560335992923493
qwen-3.5-plus,2,c46c50,desktop,43,0.509825852221901,0.5763827567393898,0.6169638414763421,0.7677498708825223,0.7276320150024328,0.27887845376939
qwen-3.5-plus,1,c40b98,mobile,57,0.3375484464602413,0.4333550991216671,1.8671758776830407,0.5586856156048309,0.6927945480721949,0.2974082967607465
qwen-3.5-plus,1,c46c50,desktop,50,0.3275992519700497,0.4970781621561824,0.8863096323314766,0.4760839147318919,0.6483527003957497,-0.0404127866610374
qwen-3.5-plus,3,c46c50,desktop,49,0.5288984067272817,0.5766761924253097,0.5874686530691358,0.8126200626256809,0.7367584983775689,0.368972215806743
qwen-3.5-plus,3,c40b98,mobile,49,0.2966451625492684,0.4167199160184075,1.7666374536248215,0.5993683818620313,0.6642867721602399,0.2268637120346228
qwen-3.5-plus,2,c40b98,mobile,31,0.3310317832563047,0.4114508384172575,1.8639537627507312,0.9437423367320698,0.7289005927685959,0.2946490616120363
qwen-3.5-plus,1,c4be71,poster,40,0.3569989611794891,0.5836557355826513,0.6062611056158974,0.4683206155635521,0.6454061401335714,0.3193316082971488
qwen-3.5-plus,2,c4be71,poster,40,0.4715210794561223,0.6222506372910239,0.4812750093550927,0.619180685919982,0.6893319073442363,0.4451392073739711
qwen-3.5-plus,3,c4be71,poster,50,0.5462670694629586,0.6438056280249786,0.4442732888602584,0.6701480120398238,0.6986521338603932,0.5398821595518245
qwen-3.5-plus,1,c4b437,web,75,0.200698699791798,0.5020565519362576,0.8728512643753549,0.3168408771371435,0.6043492156914847,-0.0532874201210103
qwen-3.5-plus,1,c4b8a0,web,34,0.2189384488122189,0.3760906880261621,1.8233354450831625,0.3745486999150759,0.6330305834196626,0.0991528888293563
qwen-3.5-plus,2,c4b8a0,web,40,0.2638499565954115,0.4265413713805929,1.256810393750026,0.4589985814111732,0.6749730334337652,0.0760023628170173
qwen-3.5-plus,3,c4b8a0,web,37,0.2836956994599091,0.4660629224836872,1.1389815311185492,0.4714438296415839,0.6603259580641034,0.1033842513504749
qwen-3.5-plus,3,c4b437,web,75,0.1853038840399739,0.4993848552855857,0.883908007149741,0.2638991175111866,0.5849032067244688,-0.0787562960694152
qwen-3.5-plus,2,c4b437,web,50,0.0580534199481832,0.4046236687498842,1.695207348286239,0.1045627645191734,0.552417458241539,-0.0579932954683149
qwen-3.5-plus,1,c50a3d,desktop,36,0.1265177245704233,0.339566763791119,1.5802140932711772,0.2112360752571052,0.5755503941668197,0.1578505468292775
qwen-3.5-plus,2,c50a3d,desktop,43,0.1496448033518098,0.3585924764010587,1.481370518721368,0.2798028161080109,0.5556833309607123,0.1299680049409952
qwen-3.5-plus,3,c50a3d,desktop,48,0.1900969536474327,0.3621997761761283,1.385052173163684,0.2802359570369246,0.5682206438763326,0.1997529130408485
qwen-3.5-plus,1,c53dc2,poster,40,0.4022989509007362,0.5207537257487047,1.093276670721175,0.5639714784814487,0.655138296724341,0.3231940847218343
qwen-3.5-plus,2,c53dc2,poster,50,0.3479058240175082,0.5290727477687421,1.012231822640557,0.4596060269428703,0.6256346084407278,0.2921148383710805
qwen-3.5-plus,3,c53dc2,poster,40,0.3011986575333661,0.493099279042106,1.3556930665410734,0.4669441788252926,0.6505140722062255,0.2263596946923304
qwen-3.5-plus,3,c53c23,web,49,0.043673020927793,0.3536031084521259,2.457415104020338,0.126519523290797,0.5880707024255079,-0.0494247163665169
qwen-3.5-plus,2,c53c23,web,41,0.1809808489648209,0.4205310657028753,2.307152923262602,0.3576083199174725,0.5944030973169094,0.1210201761725729
qwen-3.5-plus,1,c53c23,web,69,0.1355342547940763,0.4242344242290111,2.180910665893772,0.2403281853994986,0.5826528411684183,0.0758160626218249
qwen-3.5-plus,1,c58003,desktop,42,0.1497287980455339,0.320842343544057,1.6389956481376362,0.3182678877838422,0.6007266061896455,0.1042902828508893
qwen-3.5-plus,2,c58003,desktop,46,0.2403325606859594,0.3424818741769083,1.3284972626720335,0.4102574396057829,0.6267176205677739,0.2591965260182897
qwen-3.5-plus,3,c58003,desktop,48,0.372843867868554,0.369310974851845,1.2236097057221211,0.7374165646069574,0.6719328728051477,0.3499112001442829
qwen-3.5-plus,1,c62001,poster,40,0.4225774206617901,0.5282442113610284,0.7912908025911312,0.8400551521173952,0.7334809449681114,0.4482755367018551
qwen-3.5-plus,2,c62001,poster,40,0.3651697109364994,0.5019383355609095,0.9453444156769406,0.7244031653499249,0.7638235360700469,0.3741693864954113
qwen-3.5-plus,3,c62001,poster,45,0.466102819708477,0.5489917899225663,0.7071971814663567,0.9186977092073888,0.753264999572942,0.483578207600467
qwen-3.5-plus,1,c642a8,web,34,0.5342411569552734,0.5552534681934423,0.6545318653724993,0.8947975724987469,0.7363596807684923,0.4946749660549324
qwen-3.5-plus,2,c642a8,web,40,0.4723185293664721,0.5274740976453488,0.7637767899658783,0.806505338035482,0.7202696164361762,0.4379958162427028
qwen-3.5-plus,3,c642a8,web,38,0.5406092960700865,0.5747173611058712,0.5932848175368656,0.937611204050835,0.7641434597948715,0.4872442761447915
qwen-3.5-plus,1,c5ea52,poster,45,0.3935700605761357,0.4747384768199775,1.4113059634657523,1.0414982766981375,0.7957623839908144,0.3734105611396396
qwen-3.5-plus,2,c5ea52,poster,38,0.3577074636882701,0.4546238659302368,1.3637530099708954,0.8680118611398151,0.7612601183369754,0.3313463081128058
qwen-3.5-plus,3,c5ea52,poster,45,0.4324340737421339,0.5032716363874825,1.3714605913849742,1.1764232129583518,0.810257950850148,0.4136139113664249
qwen-3.5-plus,3,c5fff6,poster,51,0.5940201391447353,0.4530561326187236,2.772221972471502,1.3729253584062824,0.7415126229019897,0.5921580834147591
qwen-3.5-plus,2,c5fff6,poster,51,0.4631137155470753,0.4048293971959927,2.9527026968019987,1.0985300343339115,0.7223539989579079,0.4504729691918007
qwen-3.5-plus,1,c5fff6,poster,41,0.5107542782879658,0.4910263500138819,1.4354290122127642,1.2127676316333773,0.8141453835390556,0.5016329036668346
qwen-3.5-plus,1,c68139,web,45,0.3817991670642138,0.5101596286917236,1.0666357092544072,0.6513321905980513,0.6566723982818875,0.3644229389480728
qwen-3.5-plus,1,c6a670,desktop,190,0.0992077283381756,0.4346402557661882,0.9864370894605,0.1477179325476809,0.5569965432592581,0.1279272523495438
qwen-3.5-plus,2,c68139,web,40,0.5334617726678572,0.564911325424095,0.7262188295926199,0.8863233533028295,0.7392545065515899,0.5226867805257611
qwen-3.5-plus,2,c6a670,desktop,49,0.3800235250623881,0.4744105563429932,1.3607062288524738,0.6501974185877227,0.626481854097042,0.3313020777772165
qwen-3.5-plus,3,c68139,web,48,0.4784948879383273,0.5383785983987007,1.1888108934845567,0.8047537032962176,0.7236980900409841,0.471253131726064
qwen-3.5-plus,2,c65666,poster,39,0.6848680046180295,0.5806820678866998,1.4487209413115885,1.1474414221129596,0.7755562945799221,0.6551203644092853
qwen-3.5-plus,3,c6a670,desktop,50,0.4553486989590194,0.5076208063315231,0.8026817529228923,0.7953623903174475,0.6903267747361506,0.3323669391427443
qwen-3.5-plus,1,c65666,poster,49,0.4863098015740589,0.5249489685789279,1.4150330229076302,0.8726470783914233,0.7528798588710357,0.4552496697498882
qwen-3.5-plus,3,c65666,poster,40,0.4355405813754247,0.4725655678271606,2.157753145780945,0.8094372180815322,0.722190260003219,0.3809159807070409
qwen-3.5-plus,1,c6a6d9,web,41,0.2288117069888971,0.5133142992426794,0.9753193334711076,0.3208941418363266,0.6413568840662891,0.1695596022073968
qwen-3.5-plus,2,c6a6d9,web,41,0.2804425530258313,0.5423226918881039,0.8069785036297883,0.4029386678342487,0.6617109333347796,0.2499728066095468
qwen-3.5-plus,3,c6a6d9,web,46,0.1731440854178215,0.4994767972429249,0.9650004747181316,0.2307378889747759,0.6101898786954549,0.2038303065251377
qwen-3.5-plus,1,c6c2cd,web,40,0.2800907505459304,0.3764091719476753,2.728150436952242,0.5563815131311368,0.5733607494193882,0.3330222687562193
qwen-3.5-plus,2,c6c2cd,web,40,0.4346661684611931,0.4231185545843302,2.4700385584250606,0.7884710534002078,0.6343309009504244,0.3924863044414286
qwen-3.5-plus,3,c6c2cd,web,40,0.5145307727205867,0.5102808376129517,1.2460879319431688,0.9863658678836518,0.7214072515890456,0.4804195689277928
qwen-3.5-plus,1,c6b002,mobile,32,0.4492179404484384,0.4942328435311721,1.7294964254089218,0.6736732826781116,0.721027302725813,0.4641253348245872
qwen-3.5-plus,2,c6b002,mobile,32,0.4925792971548718,0.5033660462856299,1.837671825105222,0.7873907683859365,0.7074740171986161,0.5061902866501697
qwen-3.5-plus,3,c6b002,mobile,41,0.3448338724058331,0.4862811479079556,1.7116075125444965,0.5157540190155239,0.6860003547300244,0.3117938810041027
qwen-3.5-plus,2,c6c08a,mobile,49,0.2956701423779105,0.3978426999253344,2.429867206670565,0.3731469757734164,0.6716271557384144,0.2330324817038304
qwen-3.5-plus,3,c6c08a,mobile,50,0.2876667367838726,0.4896289615946028,1.4458115887259937,0.3987360255453117,0.6182622971034886,0.2294408538438322
qwen-3.5-plus,1,c6c08a,mobile,36,0.0983224201622469,0.3775275766576319,2.6153697059445875,0.1501204194725545,0.5252094474102778,0.0444949613822848
qwen-3.5-plus,1,c71a6f,desktop,38,0.1927243159039366,0.4524536541510672,1.8354518261142856,0.2292084650882029,0.5749740093849388,0.2141002514966244
qwen-3.5-plus,1,c74797,desktop,40,0.1416914065323875,0.3883057940844041,2.062756290347359,0.3119099386796586,0.6591883779595216,-0.1068823967669665
qwen-3.5-plus,2,c74797,desktop,51,-0.0102355658108216,0.3689971169896159,1.434498122996405,0.0274931098254658,0.5167116526241953,-0.238361069374786
qwen-3.5-plus,3,c74797,desktop,40,0.2915561616144747,0.4766871576448419,1.2464761833612328,0.6035856005293305,0.7057694437172158,0.0721422758617306
qwen-3.5-plus,2,c71a6f,desktop,48,0.2530030737067699,0.497472587923255,1.546823028518362,0.3419678505952891,0.5813177819174771,0.2755275345126328
qwen-3.5-plus,3,c71a6f,desktop,46,-0.0623665964406598,0.1494436152181991,5.829969255738891,-0.0468185874954769,0.4144543942909758,-0.0987718638841443
qwen-3.5-plus,3,c75e3e,mobile,30,0.2273822409912723,0.5742327959986301,0.7200504657421704,0.2810423175989822,0.587880087765127,0.1638641034382048
qwen-3.5-plus,2,c75e3e,mobile,35,0.3108139264916899,0.5915753877293773,0.6248219748586705,0.3832647668274493,0.619122150792924,0.2651534555661353
qwen-3.5-plus,2,c6e9bb,mobile,40,0.3004500909549004,0.4433731269693701,1.808837473760282,0.404992029969375,0.6480997951864953,0.2290736319749161
qwen-3.5-plus,1,c6e9bb,mobile,40,0.289175108806401,0.4100168031098025,2.050519565774819,0.4775544487411338,0.6472414061810844,0.2481177954904343
qwen-3.5-plus,1,c75e3e,mobile,39,0.4314270228757612,0.6352780157594726,0.5154717948793933,0.5760919121265115,0.658209572631514,0.3806024165441846
qwen-3.5-plus,3,c6e9bb,mobile,46,0.3179828595862838,0.4427679414563869,1.7585811883616285,0.5424048162585655,0.6373520101661362,0.3125649622450085
qwen-3.5-plus,1,c78cef,desktop,48,0.4494690272967647,0.3575124686853539,1.3699779054047552,1.18658106426612,0.7474890507469638,0.4119853393447814
qwen-3.5-plus,3,c78cef,desktop,46,0.5006806294417423,0.4266415545332154,1.6509242267015505,1.3449623573773173,0.7924334693010903,0.4640777144822301
qwen-3.5-plus,2,c78cef,desktop,40,0.3985212963730491,0.3671284887155636,1.4615430039522588,1.083796782291152,0.7772901583644674,0.381847945006912
qwen-3.5-plus,1,c75d3f,mobile,38,0.2822248322494259,0.4221460101583883,2.155811037560391,0.5646912212200288,0.7117649048224781,0.1000661682826572
qwen-3.5-plus,1,c79430,poster,49,0.0869259142774117,0.4562723935864563,1.2654496374483222,0.1892500184419016,0.5730725988396913,0.1400668129209899
qwen-3.5-plus,2,c75d3f,mobile,39,0.4390478251374716,0.4792180230093034,1.627644562696387,0.7578927124305805,0.7422550345477751,0.2646930204174638
qwen-3.5-plus,3,c79430,poster,45,0.1227629175542229,0.4526289365595356,1.2239608132861826,0.2220726034927828,0.5722486297169282,0.2113485367045056
qwen-3.5-plus,2,c79430,poster,41,0.0311878862715114,0.4353882465424071,1.54486634719826,0.1278138151289733,0.5542973964346225,0.130467623558024
qwen-3.5-plus,3,c75d3f,mobile,24,0.3330570008124065,0.3674007413394989,2.9636578171833956,0.5713440995004412,0.6731513573974965,0.199773664805565
qwen-3.5-plus,1,c7af8c,web,47,0.1466839937948938,0.4822506660098217,0.9718363635299184,0.161901224781028,0.5466203145411451,0.0342939391944361
qwen-3.5-plus,2,c7af8c,web,40,0.1962744893142044,0.4754050367260289,1.4263764712471363,0.3318718024825662,0.6305968537098671,0.1321752381327304
qwen-3.5-plus,1,c7cfb6,poster,50,0.2702215803782768,0.551589672521035,0.8717465527226345,0.47111400361405,0.6204972972658378,0.1984534536567362
qwen-3.5-plus,3,c7af8c,web,50,0.1471717273609996,0.4784109052544357,1.2545670198840435,0.3201019562550302,0.5920776792159093,0.1680892763755577
qwen-3.5-plus,3,c7cfb6,poster,46,0.2039633522442002,0.5029460730875529,1.062218139241939,0.2927589645466629,0.6016767478818607,0.2658672786454333
qwen-3.5-plus,2,c7cfb6,poster,40,0.1352399114342679,0.4547113040863918,1.7889727939885502,0.1549039773363396,0.5319212074342555,0.1664142501334959
qwen-3.5-plus,1,c7db2d,desktop,40,0.2823480773490932,0.4461357503701995,1.192722322688581,0.4915228203998115,0.6278809659168143,0.0582211731960786
qwen-3.5-plus,2,c7db2d,desktop,47,0.4273317647809466,0.5118068890233145,1.0374958117279698,0.661358802486794,0.6908430005312703,0.2303466263891296
qwen-3.5-plus,3,c7db2d,desktop,40,0.4331105534451018,0.5058570480974525,1.069962146065127,0.7672489295037902,0.7055016991682052,0.2369578184081721
qwen-3.5-plus,2,c83c32,web,53,0.2388189350806361,0.4207025083476557,1.3889717329136373,0.4435074704755504,0.6455107346879312,-0.1434126983392299
qwen-3.5-plus,1,c83c32,web,49,0.2146541076738116,0.4080988977946398,1.255470134058148,0.4417156615293942,0.6306788074996276,0.0600885003334688
qwen-3.5-plus,3,c83c32,web,41,0.1652230723352822,0.4003766128967307,1.4785571511794702,0.3224610733124677,0.59050986587444,-0.0593201008730658
qwen-3.5-plus,1,c7e7cd,desktop,50,0.0997721614007024,0.4591103269779765,1.6146910851399514,0.1998690575001846,0.5554735220393857,0.0373922743304774
qwen-3.5-plus,1,c807dc,desktop,40,0.5248967762738194,0.5616650372908655,1.0085088746864377,0.9701430688020196,0.795280590244781,0.5139217815351604
qwen-3.5-plus,2,c807dc,desktop,40,0.5280523860054585,0.546629482870658,1.0017302867520363,0.9799775975877209,0.8038219169779974,0.5179237055891346
qwen-3.5-plus,2,c7e7cd,desktop,39,0.0972073121156206,0.4715075394907448,1.1335333957386224,0.2205590026655473,0.5610032160111681,0.0982154973998349
qwen-3.5-plus,3,c807dc,desktop,40,0.5094020380181713,0.5564627777659825,0.8008752874530063,0.9405043138865826,0.7772885936850972,0.5032541424859736
qwen-3.5-plus,3,c7e7cd,desktop,50,0.1195956313921381,0.4818422168446236,1.4092752485502489,0.2616375916134652,0.5863942648000152,0.0535763692334666
qwen-3.5-plus,1,c84353,poster,40,0.6438834646381231,0.5271219963360025,2.070968412892515,1.4014578059060394,0.7732564161808146,0.5709047248909112
qwen-3.5-plus,2,c84353,poster,40,0.5413137044901045,0.4753450668664158,2.514573092141291,1.0675967889042486,0.7450379526880808,0.4523120396595119
qwen-3.5-plus,3,c84353,poster,35,0.2078844296828679,0.2714919816099482,4.168004633425222,0.2624752585822233,0.5751950490657669,0.200223562931238
qwen-3.5-plus,3,c86562,poster,40,0.6257317987371921,0.5072287144365358,2.1666047548698453,1.065949689470573,0.7399782626989574,0.5892712852321204
qwen-3.5-plus,1,c8b126,desktop,40,0.4207477488994028,0.5013262100791814,1.036637373522385,0.7017124348869775,0.6937370550498408,0.1320174801781917
qwen-3.5-plus,2,c84d32,mobile,40,0.4081604162574684,0.4897199014637434,1.5130519344982345,0.772999923577624,0.6901109650723,0.3729384491657236
qwen-3.5-plus,2,c86562,poster,40,0.5820718884116308,0.490007819845955,2.187503927371852,0.8752655721874155,0.7674739756586417,0.5175174168612465
qwen-3.5-plus,1,c84d32,mobile,49,0.2494074338326445,0.4246122639833444,2.3674370990601505,0.28547534314863,0.5726199609041505,0.2220795317886017
qwen-3.5-plus,1,c86562,poster,38,0.4743157708171347,0.3737073924749451,3.8309135244820576,0.7636515696682311,0.5700304905840795,0.4302605287953002
qwen-3.5-plus,3,c84d32,mobile,40,0.3083496160600639,0.4506377217085314,1.4711567119550628,0.5317825740306014,0.675234314739021,0.1657856576361777
qwen-3.5-plus,2,c8b126,desktop,32,0.3382809384165168,0.4441021283775626,1.7789374682645658,0.585298728428509,0.6623158787493613,0.1192923050638826
qwen-3.5-plus,1,c9131a,poster,35,0.2835474227568109,0.559479122280894,0.6196973014836122,0.3476166858434456,0.6055063472743277,0.2324188229631933
qwen-3.5-plus,3,c8b126,desktop,33,0.4432079655905946,0.5111303460119849,1.1856831493301438,0.7653470562700903,0.7278739569992037,0.1420818377959745
qwen-3.5-plus,3,c9131a,poster,40,0.3204560183416725,0.575508160317253,0.5642789805659651,0.4009576781934928,0.6590004965326798,0.3293440168014727
qwen-3.5-plus,2,c9131a,poster,40,0.3116834129958778,0.538057453515446,0.8602242142268941,0.3379772038720162,0.5906065469105144,0.2049368650100456
qwen-3.5-plus,1,c905dc,desktop,46,0.5016537869388368,0.5144799028544048,1.0452650122291494,1.063631093954038,0.7464745767140468,0.3939423523311077
qwen-3.5-plus,1,c90ca1,desktop,48,0.8185600197094316,0.5567869355185365,1.0102932042434116,2.225655614342424,0.8247600284853164,0.8083894052384782
qwen-3.5-plus,3,c905dc,desktop,49,0.4221520436297263,0.4952984400449227,0.9040664528269424,0.8311227483952018,0.7037179234784073,0.2537063969597536
qwen-3.5-plus,2,c90ca1,desktop,41,0.6477117625014526,0.4933163882572177,1.1487564697154569,1.7931254448659493,0.8382519554451437,0.6381844684839295
qwen-3.5-plus,2,c905dc,desktop,41,0.4390908492613553,0.4984461570671464,1.077400965309902,0.9235473087978237,0.6911285567493042,0.3210063710352423
qwen-3.5-plus,3,c90ca1,desktop,40,0.6293702918599138,0.4920335054747613,1.1088898748265776,1.7420144084381608,0.8420999220535057,0.6163477169876707
qwen-3.5-plus,1,c92f85,desktop,40,0.3886426119060713,0.4775374912447134,2.292571647653496,0.6690012335675718,0.6339631418333399,0.389554393625365
qwen-3.5-plus,2,c92f85,desktop,43,0.4201240977816715,0.5032984936229601,1.4834522661623897,0.6981789519452245,0.6846418965035697,0.403927972137946
qwen-3.5-plus,3,c92f85,desktop,42,0.4253974318082826,0.5103251510472218,1.9087917330456956,0.7215837494854228,0.6617596291296923,0.4146019679061972
qwen-3.5-plus,1,c9898c,web,45,0.3122689563552795,0.443234626703992,1.1141976184522129,0.6185236822746278,0.6977562214380667,0.094702899235401
qwen-3.5-plus,2,c9898c,web,40,0.1121759087165412,0.3328720493408514,1.9920483345712177,0.1874183861889288,0.6666799587494807,0.1477570314607786
qwen-3.5-plus,3,c9133b,mobile,40,0.3200538331498976,0.4890966244745353,1.733858246644567,0.4970330351555643,0.6585090214777216,0.2193620980013061
qwen-3.5-plus,3,c9898c,web,40,0.1805216480529146,0.3705671703365941,1.9469283145561376,0.352369817994178,0.681466966265421,0.1078947280372261
qwen-3.5-plus,1,c9133b,mobile,40,0.2706108256889355,0.4500319395265429,1.9610852027526111,0.2291243585224837,0.6022349421209329,0.1929842400942495
qwen-3.5-plus,2,c9133b,mobile,30,0.065109251924294,0.3414610880582081,2.800865297287809,0.0348671571435253,0.5227391855242787,0.0380430934480151
qwen-3.5-plus,1,c9b04c,poster,44,0.4598406651780087,0.548681096403306,0.6237329612908442,0.8485896129194601,0.7534015151731867,0.5041697477697126
qwen-3.5-plus,2,c9b04c,poster,41,0.5272247592908161,0.5722284229404344,0.5863138627735345,0.9227414319691488,0.7463512374007134,0.5517304413408152
qwen-3.5-plus,3,c9b04c,poster,40,0.631736217151715,0.5865185326976048,0.5391714939446836,1.0862768302062027,0.7841789381719761,0.6200335566428671
qwen-3.5-plus,1,c98506,web,40,0.1878749583490465,0.3575444654416362,2.2533248813096725,0.3128079502120739,0.6102237643422865,0.1330173199452431
qwen-3.5-plus,2,c98506,web,51,0.1484415962372683,0.3586279854625782,2.1440172672599456,0.1736505891341306,0.571170838904793,0.0819340896167422
qwen-3.5-plus,3,c98506,web,40,0.1401641005036335,0.3358499455988553,2.773801875886295,0.2732784975433451,0.5871403820386148,0.0792552272839595
qwen-3.5-plus,1,c9e860,desktop,41,0.3738846112224602,0.4604309640493271,2.014218184044584,0.6196650494998873,0.6535572435899158,0.3123525119432822
qwen-3.5-plus,2,c9e860,desktop,40,0.6423978844833782,0.5936824445916452,0.9541569662803416,1.170360490658681,0.7647602256382842,0.6060792915277489
qwen-3.5-plus,3,c9e860,desktop,46,0.5293102253833397,0.5491366510960276,0.8809037304127159,0.9124679316746456,0.7448377087384271,0.5076257506159132
qwen-3.5-plus,1,c9fe43,desktop,42,0.3032128022622729,0.501616527145017,0.9723332595608528,0.4983268704412363,0.6494063232126971,0.1577097046384832
qwen-3.5-plus,3,c9fe43,desktop,31,0.2664882843998646,0.4714873552295038,1.232299542716189,0.4407924477838713,0.6252686111722947,0.1293881942954245
qwen-3.5-plus,2,c9fe43,desktop,50,0.3770466974582238,0.4868816162216927,1.109252611325337,0.5849166222679137,0.6672069345324448,0.4556062255121269
qwen-3.5-plus,1,ca49ac,poster,50,0.3316705473001766,0.5058185560228524,1.3799982811680969,0.5010234450120373,0.6586021893330187,0.2543382079528109
qwen-3.5-plus,1,c9ab98,mobile,50,0.3467764643383678,0.4491807719996056,1.9452024737066984,0.528837293649561,0.6985006707245732,0.1960509691006789
qwen-3.5-plus,2,ca49ac,poster,50,0.3620168657655805,0.5273934944872342,1.3344627330647176,0.5305775493184587,0.7122410915816283,0.2553081411748985
qwen-3.5-plus,3,ca49ac,poster,62,0.2466583410855441,0.5044663229551534,1.3057204137755527,0.3735865866693947,0.6314661776991886,0.1948840824207695
qwen-3.5-plus,2,c9ab98,mobile,38,0.4053663680228893,0.5268573613947458,1.2356494980004409,0.5556487430642016,0.7210496846709922,0.2629290782534637
qwen-3.5-plus,3,c9ab98,mobile,30,0.1268397095726324,0.3628058361513071,2.693959231020645,0.2179054411677762,0.566300243327257,0.0198932293049224
qwen-3.5-plus,1,caa82e,web,50,0.2773333003846367,0.4535898704396337,1.284933998642094,0.5639660006698495,0.6825699723531367,0.2649382287878843
qwen-3.5-plus,3,caa82e,web,49,0.4339789199140139,0.5609668426269322,0.8201052748855019,0.7842693771646387,0.7404141969321031,0.3921731074674206
qwen-3.5-plus,2,caa82e,web,33,0.4016949524163413,0.5099480030742347,1.0154013822928387,0.7578046639970215,0.7402589508294828,0.3595532628526416
qwen-3.5-plus,1,cac69c,web,40,0.1387744500908865,0.3689380958830583,1.9374686919154944,0.3532185837262669,0.5968740426751632,0.0439530702199202
qwen-3.5-plus,2,cac69c,web,40,0.1539891347251046,0.3472329642158567,1.6277862180093885,0.3970002826666625,0.6474651919980592,0.1427414393268088
qwen-3.5-plus,3,cac69c,web,40,0.248050718806583,0.3939384183020847,1.4759717282598732,0.5486838071855538,0.6863903501100178,0.1739636641204689
qwen-3.5-plus,1,cae3e9,poster,51,0.0695135713322978,0.6336225603675374,0.4702295430378494,0.2683880529107112,0.5767190333109569,0.2734991892243241
qwen-3.5-plus,1,cad727,web,36,0.1084265876197858,0.4414815723817142,2.1990216594976824,0.2436868537923609,0.5686638028737949,0.0837340106023609
qwen-3.5-plus,2,cae3e9,poster,48,0.3940327670619936,0.6865797851248361,0.3385445179268003,0.4410821908420998,0.6305667008980942,0.1556899526603835
qwen-3.5-plus,2,cad727,web,43,0.1954903076711501,0.4625990276787359,1.5660104446764531,0.314661614393466,0.5787917091643389,0.1766954658132752
qwen-3.5-plus,3,cae3e9,poster,50,0.0444943697830985,0.6037545244316664,0.5863789410130924,0.2813982984512345,0.5816660237844649,0.2646139376110335
qwen-3.5-plus,3,cad727,web,40,0.2814905656501431,0.4892291373695688,1.2556146028000037,0.5183379106546149,0.6500942731036281,0.2641684287278439
qwen-3.5-plus,1,ca623d,poster,50,-0.0019082140345219,0.3533764472400094,2.815070875458702,0.0735752721022587,0.5154039505570445,-0.0306352495687225
qwen-3.5-plus,2,ca623d,poster,50,0.0241498635052627,0.3491142852819874,2.72946242068718,0.1036337278711862,0.5145823292866646,0.0207022469785355
qwen-3.5-plus,3,ca623d,poster,42,0.2115183133118496,0.3231497080363206,3.3104381221773163,0.3903619442491071,0.5758727261227783,0.2499127785599283
qwen-3.5-plus,1,cb0c6c,poster,40,0.4523718824921581,0.4706150318926284,1.3111508189496155,0.9735511547655492,0.7351912152212917,0.4575155080800826
qwen-3.5-plus,2,cb0c6c,poster,41,0.4813198711702896,0.4930233137094297,1.6059194181411771,1.0193008005766713,0.7542846776201046,0.4847166500465747
qwen-3.5-plus,1,cb0bf5,web,40,0.3745803853946605,0.4565520250677283,1.288946716386824,0.7096220404087548,0.6791073036089366,0.2978286823532498
qwen-3.5-plus,3,cb0bf5,web,40,0.2156290306633135,0.4140505461988175,1.548504172030552,0.385311130906071,0.6502458910649607,0.081162267986911
qwen-3.5-plus,3,cb0c6c,poster,51,0.4404030610033009,0.4748922533503867,1.224246218203426,0.9790846868988372,0.7157004675339498,0.4413108844587117
qwen-3.5-plus,1,cb4227,desktop,45,0.0528875558337383,0.553847384396408,0.6222712715530893,0.0408773143552507,0.5132019222880635,-0.4145185880343986
qwen-3.5-plus,2,cb4227,desktop,50,0.2204412199377318,0.5862283958163266,0.5468211028557377,0.2332233749427295,0.563018237813879,0.1151423585248768
qwen-3.5-plus,2,cb0bf5,web,40,0.0664117244919298,0.3688509841990688,1.8197811192998836,0.1327108051968154,0.5885633842592621,-0.0743514852013353
qwen-3.5-plus,3,cb4227,desktop,40,0.128217015341518,0.560177566753629,0.6001438744593655,0.146525161654096,0.5428239228228716,-0.1496368006549542
qwen-3.5-plus,3,caf6d3,poster,47,0.3454455270324206,0.4810134999317019,1.234425480062174,0.7501001262495705,0.7382074783182017,0.1818104049039336
qwen-3.5-plus,1,caf6d3,poster,46,0.4193768036945416,0.4066585949597331,2.4623171291157853,0.8190624911627664,0.6972134472613387,0.4769696895176462
qwen-3.5-plus,2,caf6d3,poster,47,0.4327806097952136,0.4766894903605329,1.4896808924311444,0.715810278310477,0.7104522644272244,0.4311041513536177
qwen-3.5-plus,2,cb662e,web,38,0.1457187562309097,0.4140812370357355,1.4972289307379407,0.2413396546129277,0.5901151565134679,0.1357244677855356
qwen-3.5-plus,1,cb662e,web,40,0.2565353152259081,0.4329932330011802,1.5574031875628698,0.3871645363141298,0.6238185348224463,0.2501238087968457
qwen-3.5-plus,3,cb662e,web,40,0.274985541584788,0.4484012284053325,1.4911038361808613,0.4173992729838051,0.6232515457064639,0.2820487468221569
qwen-3.5-plus,3,cb23a7,mobile,46,0.5682666023763164,0.5217001211777375,1.1944396661755796,1.3240158061611649,0.8085495900172129,0.4811114063754627
qwen-3.5-plus,1,cb23a7,mobile,46,0.6532560478961065,0.5882434255032223,0.8540143583126031,1.6639845025092657,0.8679482787213321,0.6202625979329466
qwen-3.5-plus,2,cb23a7,mobile,48,0.4765449299596213,0.4870229010513487,0.951487784722636,1.2222228319234951,0.8146260302678973,0.3576674022831326
qwen-3.5-plus,2,cba28b,mobile,41,0.192861060853626,0.4039954951370407,1.6849529477217264,0.2174799573869812,0.5879840288412737,0.0720029249157995
qwen-3.5-plus,1,cba28b,mobile,32,0.5187280338866298,0.48807038470391,1.511014943049101,0.9930805084145508,0.7734606154718973,0.4472922436953137
qwen-3.5-plus,3,cba28b,mobile,45,0.4461014120299592,0.4440707074315543,2.104416391446557,0.7334746510234661,0.7404084739691984,0.3972497710239966
qwen-3.5-plus,3,cbb7ad,mobile,31,0.5084759989121741,0.4931790294159626,1.7216593539851477,0.8048111606055359,0.7247171002408863,0.5313005517760169
qwen-3.5-plus,1,cbb7ad,mobile,33,0.5277222768196239,0.4932460685982484,1.692236607909947,0.8681650748999864,0.7309377637884737,0.557595624876349
qwen-3.5-plus,2,cbb7ad,mobile,35,0.5423142133733933,0.5055136990368059,1.6460388143586542,0.870120007571567,0.7379714846127873,0.5615509666717537
qwen-3.5-plus,1,cc25e1,web,40,0.1365226134763296,0.3580595243656297,1.8033296276549584,0.3256035189118642,0.659379214881474,0.1059049045814761
qwen-3.5-plus,2,cc25e1,web,50,0.1951718933173435,0.3998890340549398,1.4936407170006698,0.3844175480476903,0.6189664901685501,0.1715440185903853
qwen-3.5-plus,2,cbd84a,mobile,30,0.19914629924162,0.4115729902495696,2.263371975832246,0.1985550248589782,0.6185115846043223,0.1514336264930061
qwen-3.5-plus,3,cc25e1,web,49,0.2745578455275046,0.4188211687837311,1.2787088048336153,0.5223735017255663,0.6477588560769415,0.2509278833396106
qwen-3.5-plus,1,cbd84a,mobile,40,0.1254736724021737,0.4180944105814355,2.170769231734029,0.1546641419551028,0.5862546661565671,0.1392662119171585
qwen-3.5-plus,1,cc5387,poster,40,0.1912549898017293,0.3974855578045292,1.6980304353893931,0.2408476523349296,0.5793356065168769,0.0096212373730845
qwen-3.5-plus,1,cc787e,mobile,40,0.6882731167132112,0.6491542989774818,0.4742494549333753,1.2673956215346902,0.8293812037792623,0.5875235448956613
qwen-3.5-plus,3,cbd84a,mobile,41,0.2436889166658907,0.4506680141667316,2.1818826190201506,0.2804551165578626,0.5935655250291175,0.2517668721600065
qwen-3.5-plus,2,cc787e,mobile,40,0.6768982367199332,0.6551339140548659,0.514419960382029,1.2368420816029009,0.8271864768710926,0.584101888924318
qwen-3.5-plus,2,cc5387,poster,40,0.1721815334325883,0.3742219465164708,2.0178024756345696,0.2227930328144496,0.5643260460132687,0.0279052056314028
qwen-3.5-plus,1,cc9bc8,desktop,45,0.6119130760667325,0.6092087592800628,0.4758592556969684,0.9945253969303448,0.7868090273412307,0.5782594814469166
qwen-3.5-plus,3,cc787e,mobile,40,0.6330835599368758,0.6039264454479666,0.5838033074608354,1.1623270842970328,0.812855146090148,0.4378209810081395
qwen-3.5-plus,2,cc9bc8,desktop,47,0.726634642389248,0.6442758959296937,0.4354334834565389,1.1107571787345885,0.7797724633079262,0.68981480868321
qwen-3.5-plus,3,cc5387,poster,45,-0.0347561345583119,0.304845642431421,2.721905449950072,-0.1428788185210458,0.461167587949894,-0.0758432650321236
qwen-3.5-plus,3,cc9bc8,desktop,40,0.737009873103649,0.6888527455208099,0.3649594442830938,1.1390935454871374,0.7995484687284758,0.700846742809728
qwen-3.5-plus,3,cced5f,poster,49,0.4014281220826255,0.552587374576377,0.6246157021354607,0.5383419638030381,0.6493932654343497,0.2467350348881888
qwen-3.5-plus,1,cced5f,poster,40,0.2468804558317551,0.54719570430811,0.6877334573979152,0.3880998553223563,0.6129320394742884,0.1393406219052217
qwen-3.5-plus,2,cced5f,poster,44,0.191668297266255,0.517979627136989,0.785519298822691,0.291579841981425,0.5852350143550381,0.0608322505563096
qwen-3.5-plus,2,cca312,desktop,38,0.4485001287183662,0.5677470114405283,1.0998958969219637,0.5653764905083538,0.6807638076810142,0.4015243235997522
qwen-3.5-plus,1,cca312,desktop,50,0.4244067424529192,0.5914485620739423,0.881752621219254,0.5240025303000451,0.6628971501767442,0.3881156519264456
qwen-3.5-plus,1,cccd2a,desktop,51,0.6282348420012824,0.6431811081787997,0.570549477004797,1.0509884117936588,0.7860750333722631,0.6149237435239208
qwen-3.5-plus,3,cca312,desktop,50,0.1948243554130689,0.465795497724824,3.0666468314202193,0.2533464689656706,0.5320537073118735,0.1248438397793631
qwen-3.5-plus,2,cccd2a,desktop,48,0.327920291228976,0.5157561158006869,0.965500935570714,0.5293090396051008,0.6529131870573893,0.298211116529372
qwen-3.5-plus,3,ccf32c,desktop,38,0.461216248755357,0.471719527967629,1.110010096948766,0.958147537242597,0.7530189276573466,0.3927029927912127
qwen-3.5-plus,1,ccf32c,desktop,48,0.2706495330355543,0.4029638266172375,1.5359768272147,0.5274106740687404,0.6349234059536057,0.2125739053337572
qwen-3.5-plus,3,cccd2a,desktop,43,0.6828856226941911,0.6733644611811408,0.5573476655209328,1.2116653396436745,0.8050538243481274,0.6746725163671952
qwen-3.5-plus,2,ccf32c,desktop,35,0.4278653293970767,0.4481847230525339,1.1254983324362198,0.8933905514359481,0.7238897864438036,0.3277631309172642
qwen-3.5-plus,1,cd1a8e,web,40,0.5569099490525801,0.5947379324231197,0.6601770038470444,0.769819836891897,0.68835470785335,0.5164955159697782
qwen-3.5-plus,3,cd1a8e,web,35,0.5974321126177272,0.6013178454624974,0.8155370333641914,0.8177544783321642,0.7270994270292681,0.5588685043853112
qwen-3.5-plus,2,cd1a8e,web,40,0.6893572279549329,0.6611497233748833,0.3987152290268156,0.968063459675899,0.762620448865599,0.6338051195586314
qwen-3.5-plus,1,cd6b02,desktop,50,0.577408768767175,0.5138000803427419,1.3400569162292577,1.167535417272075,0.7090374483090536,0.5479141983436419
qwen-3.5-plus,3,cd6b02,desktop,50,0.5618810546563663,0.5108463150342831,1.3012268663767133,1.153214252047669,0.7131447757324886,0.5308365227354966
qwen-3.5-plus,2,cd6b02,desktop,50,0.3073515420501125,0.4291484658599657,1.1600471940183956,0.6397047290598812,0.6559122524221872,0.2588917522496066
qwen-3.5-plus,1,cd9e29,mobile,43,-0.0637659367119111,0.4697873616249744,0.8999721377659511,-0.0819320570328244,0.4772155120811673,-0.1618617119071719
qwen-3.5-plus,2,cd9e29,mobile,30,0.3804619146645194,0.547866975178029,0.7540012402438576,0.5606306563378148,0.6698378717713844,0.2293265529486662
qwen-3.5-plus,3,cd9e29,mobile,40,0.4021557088782141,0.57330140023231,0.643710142280203,0.5230779153917068,0.6635009566706677,0.3020860155329496
qwen-3.5-plus,1,cd2ed2,mobile,30,0.5034033759475826,0.4614271345790508,2.7426705392316686,0.9622349235933648,0.6564115087178231,0.4843693616169534
qwen-3.5-plus,1,cdbd16,poster,46,0.1895256308725062,0.435602473653695,1.1300902666471124,0.3051028825133248,0.6027672953044465,0.1844044643991547
qwen-3.5-plus,3,cd2ed2,mobile,33,0.4070617843264409,0.4270276095026758,2.4907599902064583,0.8435254165827015,0.637575360856817,0.3252695908501203
qwen-3.5-plus,2,cdbd16,poster,48,-0.0725273870862064,0.3881333791327327,1.8533947489017837,-0.1109857286078144,0.4559349980773955,-0.0801118291653687
qwen-3.5-plus,2,cd2ed2,mobile,46,0.1897997307616688,0.4070066061903958,1.5672229576960075,0.4604539628072084,0.6295795227959586,0.0584882416798957
qwen-3.5-plus,3,cdbd16,poster,50,0.1402686462487623,0.4649567533218036,0.9986252427280972,0.247531217306161,0.5741958371864184,0.0878934576409371
qwen-3.5-plus,1,cd91c5,mobile,33,0.5464039874856997,0.5526467744150539,1.0368800911128184,1.2640598518506958,0.8462604176421998,0.4502708398736785
qwen-3.5-plus,3,cd91c5,mobile,40,0.4267832454446996,0.4412441213242864,1.9371639072717777,1.2592078768190087,0.8424468226434635,0.3365207519580036
qwen-3.5-plus,2,cd91c5,mobile,50,0.4416375757050802,0.5180014452681587,1.058990707235193,1.2091799683207345,0.8442744917432267,0.2849791162944879
qwen-3.5-plus,1,cdeba6,desktop,94,0.1922260885965342,0.5762881092210916,0.9490610043657388,0.4186776854582901,0.6214974383813121,0.0324352465619434
qwen-3.5-plus,2,cdeba6,desktop,47,0.1584441460748707,0.5201051902953382,1.0518754925007856,0.3528411421197061,0.5869021523550253,0.0456611952034941
qwen-3.5-plus,3,cdeba6,desktop,48,0.0770857619101578,0.4928504179795689,1.183074856826986,0.1938140487396675,0.5703053123270603,-0.0470363295445746
qwen-3.5-plus,1,ce5b5c,poster,50,-0.0702900830284437,0.4560479560135372,1.868944564528995,-0.0563532518535171,0.5044399708602794,-0.2623307337133495
qwen-3.5-plus,3,ce5b5c,poster,41,0.2714791686717927,0.5248809933518469,1.1177509551208356,0.3455672235573001,0.6041183820284891,0.2334741204197539
qwen-3.5-plus,2,ce5b5c,poster,40,0.0297599234524456,0.4721462595821777,1.5665589097978792,-0.0318411216911584,0.5013345255934873,-0.001637133127366
qwen-3.5-plus,3,cdcaf8,mobile,40,0.4269444533227637,0.4864608084791073,2.1850522168755786,0.4405626060063297,0.6460719442722672,0.3182483070343495
qwen-3.5-plus,1,cdcaf8,mobile,40,0.3224947652900684,0.3733338577489671,2.4482743735203965,0.263033733590025,0.6267500547763833,0.2411449181490361
qwen-3.5-plus,2,cdcaf8,mobile,40,0.4223473341106177,0.5081187531566183,2.0077021736994887,0.4840415964700154,0.6481646782429247,0.3153926036951794
qwen-3.5-plus,1,ce9bfe,web,49,0.583150276642799,0.5622248212280836,0.7414978190989431,1.2314187961804728,0.8074340768534075,0.4352387703591767
qwen-3.5-plus,1,ceea7c,poster,40,0.5358467354332177,0.5855993021352652,0.5546175945887198,0.8473855593859567,0.7561936931043949,0.5415745949753769
qwen-3.5-plus,2,ceea7c,poster,41,0.2498023998326617,0.4636988937617624,1.1644463869756785,0.4128252202383386,0.647233539460952,0.3217169213873714
qwen-3.5-plus,2,ce9bfe,web,50,0.3533627587414121,0.4695809358595615,1.1027525117345167,0.7880250080947154,0.7656720256166939,0.2149040661643382
qwen-3.5-plus,2,ceb6b3,web,48,0.402124336670858,0.5012121416676455,0.9633629366059326,0.7102308851245392,0.6920504529144729,0.2961499293668692
qwen-3.5-plus,1,ceb6b3,web,50,0.2371922068215071,0.4655837966767973,2.1036237065966437,0.3845594365337721,0.6138413020517706,0.173691649058102
qwen-3.5-plus,3,ce9bfe,web,40,0.2546127652899957,0.4128320645460748,1.650179339358564,0.5577450014409328,0.7247823723274387,0.146891447565549
qwen-3.5-plus,3,ceea7c,poster,38,0.2063894957590944,0.4676180925654833,1.232455584936054,0.3136530605948318,0.6040038922182145,0.2589974826995775
qwen-3.5-plus,1,ce6863,poster,40,0.5013315708948531,0.4786162543002667,2.4571911955804584,0.8771615306819033,0.6879309063313424,0.445244049307778
qwen-3.5-plus,3,ceb6b3,web,35,0.2911553038927444,0.4631096806904179,1.3613361650465552,0.5559064643801298,0.6685818838482838,0.2555335286701942
qwen-3.5-plus,3,ce6863,poster,50,0.6146138314584393,0.583323566571371,1.041830458657547,1.28663111939434,0.8077876475676222,0.5520412964821998
qwen-3.5-plus,2,ce6863,poster,41,0.2387690930041114,0.3391580636958314,3.0554744232538975,0.4781612324966982,0.6867931154000574,0.159637307751923
qwen-3.5-plus,1,cfa724,poster,40,0.3595217641653941,0.5789534323043929,0.7231728072408229,0.4763174104996242,0.6430303951506473,0.4093422092092854
qwen-3.5-plus,2,cfa724,poster,45,0.4702865246362057,0.619168154615519,0.5482488953239305,0.5891063679679299,0.667992610005716,0.4006465318544955
qwen-3.5-plus,3,cfa724,poster,40,0.2189659373965169,0.545466257179057,0.8515864608362919,0.285620412246897,0.6000141721182208,0.3076015740296268
qwen-3.5-plus,1,cfa83c,desktop,50,0.3596972166681388,0.4584829032992981,1.2132411239464571,0.5767338760315439,0.698952551097056,0.2201395667638175
qwen-3.5-plus,3,cfa83c,desktop,46,0.4888406024935569,0.4976231275640432,1.1612271028241647,0.7373033617054816,0.7265181998930893,0.4145037676509849
qwen-3.5-plus,2,cfa83c,desktop,38,0.5944012301670591,0.5788340211190858,0.9364704414699592,1.066856268107086,0.7864410674022241,0.5315213693883294
qwen-3.5-plus,1,cf477d,web,35,0.1151054073942943,0.2968805041108592,3.4247860295619725,0.2342784519686808,0.6238430626187218,0.0743154888065651
qwen-3.5-plus,2,cf477d,web,30,0.109751488766309,0.2579952624295699,3.849329786027945,0.2624238221737793,0.6103162114002126,0.1495592552434786
qwen-3.5-plus,3,cf815f,mobile,43,0.3161926003041013,0.4048520367618163,1.6836177948211748,0.7468903363181547,0.7063471908905059,0.308717408708863
qwen-3.5-plus,1,cf815f,mobile,50,0.3019984433024005,0.4255002585610158,1.9484219555846605,0.6877568027637494,0.6866014868591535,0.3078928465704634
qwen-3.5-plus,2,cf815f,mobile,58,0.3443999736912335,0.4495200670915974,2.089950414237097,0.7266177313136699,0.736660435461372,0.3406124480858776
qwen-3.5-plus,3,cf477d,web,40,0.2185623423416565,0.3768156395866048,2.436100478366903,0.4199301617566596,0.6887400574260654,0.2149333368738975
qwen-3.5-plus,1,cfca97,web,42,0.3435672687585784,0.541068787328081,0.869992284587124,0.5243584650527023,0.6809180354200796,0.3024759641100532
qwen-3.5-plus,2,cfca97,web,41,0.3223638486499712,0.5433799587771531,0.8689643619107312,0.5028727666577872,0.6820744798901157,0.2817457308366095
qwen-3.5-plus,3,cfca97,web,50,0.2058508580547688,0.4674847940422442,1.716077733940136,0.3260801700996146,0.6310721163556763,0.1882933911310723
qwen-3.5-plus,1,d01e8a,web,40,0.6222055132797127,0.5700012292205173,0.7482363715641268,1.1090563990921427,0.7794174429476961,0.582227082059408
qwen-3.5-plus,1,cff421,mobile,40,0.5227158287464967,0.5596131029703729,1.1778061302232976,0.8264511956733497,0.7398059366709585,0.4977758461884987
qwen-3.5-plus,2,d01e8a,web,40,0.5635139994730947,0.5320067062947372,0.861978607166322,1.0228359306469803,0.7467685250751361,0.501973674050601
qwen-3.5-plus,3,d01e8a,web,40,0.4409913596446778,0.4922643791545928,1.0804428530890744,0.7592556514428253,0.7414149097433019,0.3598420084137519
qwen-3.5-plus,3,cff421,mobile,32,0.2641520553007348,0.4197398180019501,2.2039039660747095,0.428652863041128,0.6583873066555019,0.260360192647763
qwen-3.5-plus,2,cff421,mobile,36,0.2955241701919835,0.4477667936970252,1.902973275975287,0.4118579002025733,0.6466930776179752,0.2469768554058503
qwen-3.5-plus,1,d073b7,poster,48,0.3186486604242643,0.5025510637506799,1.0342445188920997,0.4040470149897138,0.6184361649754473,0.299852387656408
qwen-3.5-plus,3,d073b7,poster,36,0.4565847230646076,0.5371000746378991,0.92347019635861,0.6706653904318911,0.6842583009367135,0.4230212966730496
qwen-3.5-plus,2,d073b7,poster,40,0.3709002662745845,0.5103855651338678,1.0930581357446545,0.4818883935707705,0.6420151234535862,0.3143318724085035
qwen-3.5-plus,1,d079f1,mobile,40,0.3977610274755533,0.4122396956234157,1.4333445309349575,0.7864929127140096,0.7216316855165876,0.1806963231640901
qwen-3.5-plus,1,d07437,desktop,40,0.0549354236652468,0.26171498568722,2.2736256405679556,0.1890988867300959,0.6552867863262538,-0.0426343202104419
qwen-3.5-plus,3,d07437,desktop,48,0.232182193239817,0.3406093013307993,1.519816966903854,0.6140633719510759,0.7463485401768396,0.1063415569206882
qwen-3.5-plus,2,d07437,desktop,40,0.3400225735816446,0.3822546098312919,1.452746691414628,0.9186925385923664,0.8017119480598041,0.2648753058403038
qwen-3.5-plus,2,d079f1,mobile,41,0.3864113556657448,0.4150472426953932,1.414165791165484,0.7731733267058775,0.7125457398728772,0.1337527671578681
qwen-3.5-plus,3,d079f1,mobile,41,0.4275604712891006,0.4485979791376397,0.9141141715166968,0.859458710460097,0.7576574966224142,0.2170578162934172
qwen-3.5-plus,1,d07b98,web,40,0.4921827840365464,0.5877734721541237,0.6717932252851297,0.7479566115091171,0.6828469879158464,0.4419362603936561
qwen-3.5-plus,2,d07b98,web,47,0.5337316923385045,0.6048022552085113,0.5424792493359054,0.8280426544581986,0.6911820451112214,0.4776009015477538
qwen-3.5-plus,3,d07b98,web,41,0.5155975885536634,0.6018550321108607,0.5676680419823799,0.8074481410175364,0.6918036336969845,0.4473356894209145
qwen-3.5-plus,1,d0bb76,desktop,98,0.3309931960731674,0.4785135009657051,0.9082001196066516,0.5580655177524204,0.6724550512283706,0.2163456266015376
qwen-3.5-plus,2,d0bb76,desktop,33,0.3354633497015829,0.4980226439125252,1.0984601108401364,0.6084766396439192,0.6851468187178449,0.197057349229641
qwen-3.5-plus,3,d0bb76,desktop,44,-0.0235418473082773,0.3832608837041633,1.6613124803552586,0.0804116082794602,0.5259662788992334,-0.1159494154073589
qwen-3.5-plus,1,d0c24c,poster,48,0.2159146300560498,0.4831236489244449,0.8381905323711595,0.3507730940132895,0.6160147243959699,0.1554528669044309
qwen-3.5-plus,1,d09395,poster,40,0.6275112867492436,0.5600805596987011,1.4854509971584746,1.274955333610918,0.7738568136154806,0.585290731466303
qwen-3.5-plus,2,d0c24c,poster,40,0.2268620263857719,0.4794256991791893,0.8682505581343076,0.3588852864377234,0.618830681700482,0.1635767032933622
qwen-3.5-plus,3,d0c24c,poster,40,0.5727647727746561,0.6126668018188044,0.6045976343413864,1.0009644007476568,0.7746360784678015,0.5709851000866736
qwen-3.5-plus,2,d09395,poster,39,0.2127177114171014,0.3104201827387367,5.184799314282693,0.5298323520190931,0.4502925372416082,0.2409705974811811
qwen-3.5-plus,3,d09395,poster,47,0.5047602238842982,0.4989009049801783,3.073348450241022,1.0755931373940564,0.6561335467878812,0.450001370300799
qwen-3.5-plus,1,d0e249,web,50,0.2207853304692796,0.4955431596758421,0.9677096379810832,0.3172320901172281,0.6427201519363976,0.1400227476143742
qwen-3.5-plus,3,d0e249,web,41,0.3218693450683921,0.5212122460971194,0.8541704833870258,0.4807478999560166,0.677759301782624,0.2486418977766388
qwen-3.5-plus,2,d0e249,web,48,0.2997733274540142,0.502213268151039,0.933114368373506,0.4328275360241761,0.6677833529863746,0.2206547600047379
qwen-3.5-plus,1,d165df,desktop,50,0.5509156584184423,0.4840678457657955,1.297689785682014,0.9387999949980652,0.6642814078722193,0.5753934136212076
qwen-3.5-plus,2,d165df,desktop,40,0.4016491686861484,0.4811209078783647,0.9065226210052768,0.7698989624162611,0.6944415660167593,0.4210834499365231
qwen-3.5-plus,1,d13f3e,mobile,48,0.1165292868154849,0.4121184590146235,2.237619122778197,0.179516563271986,0.562258908303207,0.0800447262244274
qwen-3.5-plus,3,d165df,desktop,40,0.609068598198339,0.5365084913205302,1.0301145605628732,1.0563463698841882,0.7173654582646783,0.6178131177835957
qwen-3.5-plus,2,d1da7d,mobile,38,-0.2168787490626805,0.311600657895525,1.708373099071448,-0.3113361409918695,0.4161286831443615,-0.1656298813933262
qwen-3.5-plus,1,d1da7d,mobile,35,0.0297043175679611,0.3643802275098432,1.6907863902667728,0.0347878404025518,0.4996915464494121,-0.0691650672954396
qwen-3.5-plus,1,cfade5,poster,40,0.1100024282043006,0.2361050567020668,4.3557699990425895,0.0333505754616736,0.4666790763760691,0.0078909370193539
qwen-3.5-plus,3,d1da7d,mobile,44,0.2621401125925294,0.4884836318374997,0.9354395998059344,0.3962604741196822,0.616052271102726,0.0991260918179841
qwen-3.5-plus,3,cfade5,poster,46,0.0146141133692272,0.1974582268010063,5.047496418795171,0.0222092643915479,0.3683855340359838,-0.0121041302217419
qwen-3.5-plus,2,d13f3e,mobile,51,0.1564871033032862,0.4337137211737151,1.805665323767527,0.2055037713468679,0.5974148839541024,0.0909368262672665
qwen-3.5-plus,3,d13f3e,mobile,40,0.2824010508170964,0.4426258843329048,2.189466040504174,0.3463039736782683,0.6177423528369916,0.2005794140295152
qwen-3.5-plus,2,cfade5,poster,50,0.1280530544873075,0.2599839926014683,4.017071278953526,0.1303735467121835,0.5264212842346849,0.0699633796451655
qwen-3.5-plus,2,d1e7bf,desktop,50,0.5600834340167897,0.6226965398429865,0.6560403530900825,0.8157827636827111,0.7124699352378452,0.555558599231895
qwen-3.5-plus,1,d1e7bf,desktop,31,0.4868107674382576,0.5980004290020342,0.707887697902668,0.7099106930132383,0.7083645974849723,0.4745607833251185
qwen-3.5-plus,3,d1e7bf,desktop,40,0.4239719480210006,0.5922833565735259,0.6992681875184598,0.6302978688209419,0.7036320853698788,0.3535438523458084
qwen-3.5-plus,1,d1e801,web,40,0.2066327271620993,0.5086083568554682,1.056767498147349,0.2953336934396257,0.5916958617685552,0.1109934567146839
qwen-3.5-plus,2,d1e801,web,40,0.3173624981645114,0.5300123582084728,1.0721743471639225,0.4456173264149204,0.6311418998115489,0.2443568102000376
qwen-3.5-plus,3,d1e801,web,48,0.1057398023908544,0.4673239075356259,1.2774221413733224,0.1631993952929734,0.5631066730303123,0.0633501298178392
qwen-3.5-plus,1,d1f254,poster,40,0.6445518487308907,0.6009619315717891,0.6011360052627526,1.1965159820851403,0.7904135673972373,0.6534872530339596
qwen-3.5-plus,3,d1f254,poster,40,0.4982055980606686,0.5234311619941794,0.8855098561232503,0.9275643524450508,0.7272051561070947,0.4945844742277852
qwen-3.5-plus,2,d1f254,poster,43,0.4214764336484549,0.5064171638987217,0.929211164425331,0.7855907322886244,0.6997875596036424,0.4327924087198048
qwen-3.5-plus,1,d205d8,desktop,50,0.233012398656794,0.4196041903453132,1.2955092685489893,0.3966930411296626,0.6409181183650748,0.1655601671054273
qwen-3.5-plus,2,d205d8,desktop,38,0.1697655896587362,0.3876117552236306,1.507171209978359,0.2552595033197278,0.6242092311733612,0.1591463028289498
qwen-3.5-plus,3,d205d8,desktop,45,0.4731494200802072,0.4777554616332651,1.221208984253365,0.884601321633644,0.650439713548274,0.3938269864111857
qwen-3.5-plus,1,d23a34,web,54,0.1500925579539512,0.3493492869652076,1.565839538749967,0.3855446425642242,0.6818360072006582,0.0623445598423989
qwen-3.5-plus,2,d20ff4,web,46,0.3720495133858698,0.4685586052740496,1.0511794063000943,0.6910005544084556,0.6901439477455389,0.3512341066915346
qwen-3.5-plus,1,d20ff4,web,40,0.5235113823041736,0.542114809835301,0.8195869999110438,1.0022334725840265,0.7679737629761936,0.5053249698414082
qwen-3.5-plus,3,d20ff4,web,41,0.5537926705317348,0.5567833305475844,0.858498536585345,1.0353026856349457,0.7843877737521201,0.5473520959540679
qwen-3.5-plus,2,d23a34,web,48,0.1787681175303927,0.3641061790950874,1.431942425409201,0.4625236514382657,0.7077083481319552,0.0765671544512194
qwen-3.5-plus,1,d1ef30,mobile,40,0.1338675466914993,0.3853108274625617,2.103880529180421,0.1572817983863969,0.6204317157344192,-0.0584791686852522
qwen-3.5-plus,3,d23a34,web,39,0.0141456804585659,0.2542752752987046,2.3987819963351766,0.1314230613343519,0.6298826097197706,-0.0638191904063876
qwen-3.5-plus,2,d1ef30,mobile,48,0.248732824140101,0.394252330248559,2.3845389517893536,0.3592098327935927,0.6343151898051245,0.0686347240820325
qwen-3.5-plus,3,d24c30,web,34,0.3552149210829515,0.543844463297132,0.8492311075166535,0.5881965469457671,0.6992879139939476,0.307261836589537
qwen-3.5-plus,1,d24c30,web,37,0.3662292062496101,0.544423451160321,0.8279223311057815,0.6073494991358,0.6927174356234319,0.326050227599137
qwen-3.5-plus,3,d1ef30,mobile,41,0.2249179499076266,0.3810047089057575,3.1335099455066073,0.3671414022139723,0.5736512220970266,0.1059097979296524
qwen-3.5-plus,2,d24c30,web,33,0.4043793205195527,0.5551773897381507,0.805381691331473,0.6748814535324507,0.707807176799101,0.3550869528658875
qwen-3.5-plus,1,d2c979,poster,40,0.4022580897446952,0.5318269082055395,1.0254106238680063,0.6725286582573613,0.6791267837827579,0.2611630727907572
qwen-3.5-plus,2,d2d386,poster,40,0.2242953339836204,0.4099564328780365,1.3263543204825905,0.3813455617028927,0.614887207074792,0.2066485631374842
qwen-3.5-plus,3,d2d386,poster,46,0.197787034841279,0.425369047757534,1.1701092479365167,0.3476098465537514,0.631466466068677,0.1765001106621833
qwen-3.5-plus,1,d2d386,poster,40,0.4480959771727917,0.5156717305075329,0.9117977786526535,0.8463620943423527,0.7347761277564407,0.4449793467602749
qwen-3.5-plus,2,d2c979,poster,40,0.3403834403008662,0.4929030446914788,1.0818669546823283,0.5539473395278717,0.645493045439015,0.2400247388793266
qwen-3.5-plus,1,d31d43,poster,40,0.1697875096479921,0.3866543357085292,2.8443017195796068,0.3649377826388938,0.5983884483436664,0.170265795729228
qwen-3.5-plus,3,d2c979,poster,47,0.1565890850284965,0.438980623671629,1.4614846297564092,0.2892133235333329,0.5894478714710114,0.1024308530860541
qwen-3.5-plus,2,d31d43,poster,46,0.6193193496273132,0.5990558854084271,0.5465891320281808,1.08251331192778,0.7903232162698134,0.6185263735462254
qwen-3.5-plus,3,d31d43,poster,40,0.371755529872926,0.4907807136832962,0.8612981871395186,0.680191706441422,0.6942400537188623,0.3834271771870952
qwen-3.5-plus,3,d28ecf,poster,40,0.2381521382850303,0.4411004852399746,1.869049833805832,0.3552993526824035,0.6312073358732313,0.2302729978779625
qwen-3.5-plus,1,d28ecf,poster,39,0.3100043172862671,0.4586046709675128,2.1285408778376818,0.4662848464874442,0.6260011615115499,0.2684948489373451
qwen-3.5-plus,2,d28ecf,poster,40,0.2275477119803337,0.4326151089754312,2.228664676931341,0.3617196512391114,0.5928954005853434,0.222858293217656
qwen-3.5-plus,1,d320e4,desktop,64,0.4017657416461088,0.5125423674357862,1.0696900519567667,0.6284495207351518,0.6854758682426113,0.3713957358403053
qwen-3.5-plus,2,d320e4,desktop,62,0.1044742600115089,0.3634944765684357,2.2447599820486146,0.1584890771693944,0.5504703260004031,0.0891561227425487
qwen-3.5-plus,3,d320e4,desktop,83,0.0644929900722545,0.3804859238804721,1.5058589615472178,0.119536842871815,0.5370719139323799,0.0361490822490487
qwen-3.5-plus,2,d2f771,poster,48,0.5876250471275501,0.5899500928448141,0.9683155842848916,1.056853735937039,0.7731113790374193,0.5751380335085975
qwen-3.5-plus,1,d328b1,poster,46,0.1338226701827159,0.4751794221562928,1.9595172350254568,0.2648314118200982,0.5581728387885252,0.1408694045668149
qwen-3.5-plus,1,d2f771,poster,40,0.5646895191797481,0.4286892025231047,2.686992294332464,0.9721223163157948,0.7306695694338321,0.5739116601598534
qwen-3.5-plus,3,d2f771,poster,40,0.6373601211796274,0.5606653477195365,1.4137220761726672,1.1926519077576845,0.7860671430253278,0.6346919595030316
qwen-3.5-plus,1,d33aa2,web,49,0.4533448301892389,0.5145015447405528,0.9084461240491214,0.8257663352814129,0.7109037159700203,0.4279392321123029
qwen-3.5-plus,2,d33aa2,web,40,0.4188544806985223,0.493130860367835,1.2198018263856183,0.7823149658748629,0.690054308407571,0.387588020029577
qwen-3.5-plus,2,d328b1,poster,40,0.1175241240764203,0.4844590361518902,1.6920460085801323,0.2570562735278157,0.5660840350958452,0.1520400251979078
qwen-3.5-plus,3,d328b1,poster,40,0.1353653811031691,0.4818775828345205,1.833787624642925,0.2638640688663839,0.55937782641449,0.1273281005764255
qwen-3.5-plus,3,d33aa2,web,39,0.2763955599916637,0.4331060842771137,2.047363222569639,0.4509810247194804,0.6233253241284742,0.2824865442997002
qwen-3.5-plus,1,d34e08,web,40,0.1919213159340327,0.4734782948911989,1.0026548703538989,0.3131884385576765,0.6542507477455511,0.0552201051817363
qwen-3.5-plus,3,d34e08,web,40,0.2601517230556341,0.4895282167154584,0.8837434849745911,0.4321566058927253,0.6941352286929495,0.0491814357087855
qwen-3.5-plus,2,d34e08,web,41,0.2562766851369228,0.4892995334550761,0.8856026621288254,0.4507945905081865,0.687486956188509,0.0853649772490467
qwen-3.5-plus,1,d3a241,desktop,48,0.6539388965467436,0.5837653910813951,0.6134956598345133,1.232772702823845,0.7765118958571386,0.6056958672121949
qwen-3.5-plus,2,d3a241,desktop,49,0.331857787077581,0.457081663609189,1.0764475192249148,0.5682625287110595,0.671139400838518,0.2783083068926355
qwen-3.5-plus,3,d3a241,desktop,50,0.4972263182482002,0.5148554833902599,1.553665523015713,0.9157555160345558,0.725559159385126,0.4272501576622888
qwen-3.5-plus,1,d3a405,web,44,0.0531064669281206,0.3811362621602845,1.695536062766346,0.1226864589340051,0.5580196325359632,-0.0163686627343638
qwen-3.5-plus,1,d355a9,mobile,40,0.1002026116289013,0.33122368839281,3.3616556260178623,0.1321253870679962,0.5643689984485047,-0.005369520254423
qwen-3.5-plus,3,d355a9,mobile,49,0.0881729685935911,0.3217889306712441,3.5162419154722504,0.0936203930869343,0.5022126097673312,-0.1089740478355538
qwen-3.5-plus,2,d3a405,web,50,0.1038009617586893,0.3977761634805832,1.6484373610755902,0.1910491136944204,0.571463892101651,0.0232615523601621
qwen-3.5-plus,2,d355a9,mobile,40,0.213159661766035,0.3614570291850708,2.168192112689427,0.4194222723590983,0.6255015511248857,0.0909910174578916
qwen-3.5-plus,3,d3a405,web,35,0.2705021364236274,0.4600739431655547,1.538395096876371,0.4441689283051672,0.621736385623796,0.1546432589263389
qwen-3.5-plus,1,d42246,desktop,153,0.4518918718046192,0.4778041456652877,0.9140676512170948,0.9469384270868128,0.7305426588275938,0.1902058003634358
qwen-3.5-plus,2,d42246,desktop,46,0.580874291408447,0.5116314872430711,0.8266655654180668,1.1257827461002317,0.7365259295831719,0.4408121511204223
qwen-3.5-plus,3,d3d0eb,desktop,46,0.7959577256087635,0.6965281063548894,0.5385058186105328,1.4129589282272743,0.8060491713633473,0.7614741726553436
qwen-3.5-plus,1,d3d0eb,desktop,40,0.6127741971610434,0.600617336675906,0.7775346140171933,1.150403492734658,0.790411573094637,0.5615487042965619
qwen-3.5-plus,3,d42246,desktop,48,0.5244370938564742,0.5027151602403204,0.843234820225011,1.0328200047276053,0.7305682679456379,0.4174781294581856
qwen-3.5-plus,2,d3d0eb,desktop,41,0.7003329905879674,0.6568007120268883,0.5501175633909132,1.249174792389325,0.7965057957805549,0.662826956058469
qwen-3.5-plus,1,d4430e,desktop,47,0.3914982195818294,0.3948110954728966,1.1960686082117955,0.9213320227426312,0.7290403135798129,0.3259653782444245
qwen-3.5-plus,2,d4430e,desktop,41,0.6770262412409188,0.5151363284023308,0.8141294990650998,1.6136950137813408,0.7774681096473753,0.6369635459528001
qwen-3.5-plus,3,d4430e,desktop,41,0.4277022257177313,0.3992268136109429,1.1700998787502903,0.9374002621152182,0.7106115922775095,0.3553571475072468
qwen-3.5-plus,1,d48310,web,40,0.5870374203199236,0.4584506981394973,1.3809916866436285,1.444787754496496,0.7748426950232434,0.5728924517385308
qwen-3.5-plus,2,d48310,web,50,0.2426567049298715,0.3339775363807472,1.5387329241484753,0.7958965894587335,0.7495708584953369,0.223652321024026
qwen-3.5-plus,3,d48310,web,47,0.2882731448816803,0.3349463887659683,1.7871130651567604,0.8595451220384387,0.7146567805425341,0.2874460448289192
qwen-3.5-plus,2,d499e7,web,81,0.1179712444030516,0.2876990751367161,1.673620919396468,0.2534364408539714,0.5957934092669687,0.0086798846866327
qwen-3.5-plus,1,d499e7,web,52,0.3427711087589489,0.3513391827963789,1.311401795847998,0.843417542975139,0.736210828416853,0.2198507435126152
qwen-3.5-plus,3,d499e7,web,74,0.3474290152813694,0.3361236071268329,1.3383460369834703,0.8361705854194817,0.7365696831221383,0.1376976407689038
qwen-3.5-plus,1,d4988b,mobile,30,0.111041179168856,0.2934113197377186,3.5583097254722555,0.1612864931144862,0.5300844846231226,0.0089679507341926
qwen-3.5-plus,1,d4ab0e,web,54,0.0297170917556066,0.3363220250169248,2.5865727100411373,0.1196579289970032,0.5193405521121834,0.0256325708640192
qwen-3.5-plus,2,d4988b,mobile,44,0.4954491410089513,0.4728870280179795,2.0200620844561104,0.8053518990828862,0.7202089110653485,0.4347367889862925
qwen-3.5-plus,3,d4988b,mobile,54,0.3348304004118534,0.4177859632557371,2.177625834467768,0.5179352700643696,0.6826096100779281,0.2629348689288903
qwen-3.5-plus,2,d4ab0e,web,39,0.3463808803351973,0.4630507492273458,1.309397110608059,0.75171426349769,0.7050587215120224,0.3326583985855111
qwen-3.5-plus,1,d4dac4,web,48,0.3654606914956235,0.5114032443066879,0.8159475919765241,0.7507557822527915,0.7268489286238523,0.1602474167290142
qwen-3.5-plus,3,d4ab0e,web,40,0.2518719599289203,0.4149171259495387,1.4631490176738238,0.5603766480590165,0.6757474160770621,0.2507219044570826
qwen-3.5-plus,2,d4dac4,web,44,0.3904134733311413,0.5199945313485533,0.7779146695830698,0.8099020523412824,0.7433122155208726,0.2006469134901802
qwen-3.5-plus,3,d4dac4,web,40,0.372843294662044,0.5146107889485227,0.7907267790184138,0.733124733537169,0.7280064576659051,0.207787587326903
qwen-3.5-plus,1,d5493d,poster,47,-0.1587643315089728,0.3752870178863473,1.762372107555917,-0.1831022033231957,0.4457496537880427,-0.1545742817893583
qwen-3.5-plus,2,d5493d,poster,53,0.1979206858646344,0.4875635295523515,1.1401969854643637,0.2460031106791929,0.5667782845042345,-0.0187223384840485
qwen-3.5-plus,3,d5493d,poster,48,0.1373021978105979,0.4725712406811713,1.662519287802854,0.2210865006030435,0.5697627944531052,-0.0379059761620433
qwen-3.5-plus,1,d375a8,poster,42,0.0582501657123469,0.2075107625439409,4.873780183456551,0.1863216083361597,0.4596850533399909,0.0499745257228249
qwen-3.5-plus,1,d594d5,poster,42,0.1224866014615863,0.6383108468764928,0.4069184359190871,0.1100441043377203,0.5336576669450004,0.1680046362058767
qwen-3.5-plus,2,d594d5,poster,48,0.1529125774401974,0.6381537646370714,0.404666329792969,0.1525527881904153,0.5441164613842431,0.0606123647116447
qwen-3.5-plus,3,d594d5,poster,36,0.222647786416494,0.6467546657848955,0.3892679283939963,0.1985559398035188,0.5545012810703119,0.1586297998422087
qwen-3.5-plus,2,d375a8,poster,57,0.0525057196696434,0.2379521155346882,4.500946614446881,0.168043361954318,0.4784118471760054,0.0407986287500058
qwen-3.5-plus,1,d50a8b,poster,49,0.1303953050587022,0.4311180133816328,2.636918917343015,0.3516491561934126,0.5972358475088151,0.1232145651962495
qwen-3.5-plus,1,d59f99,web,38,0.1325146833476909,0.3957025744600565,1.8560467222150487,0.2594415146315199,0.5950318047278622,0.1485247020290685
qwen-3.5-plus,2,d50a8b,poster,53,-0.0292634555907359,0.378387430084354,2.2575785815271754,-0.0502411315391926,0.4831550149901291,-0.0286979347233568
qwen-3.5-plus,3,d50a8b,poster,41,0.0110641901944201,0.3759163158498227,2.72039465777937,0.2001949864463494,0.5497070665413942,0.003595427195701
qwen-3.5-plus,2,d59f99,web,37,0.1641659242270833,0.4049297517341656,1.7893501155237197,0.3430834102366377,0.6066184766254213,0.172860968707029
qwen-3.5-plus,1,d5caa3,mobile,35,0.6474897333851883,0.6228866001157443,0.6671051691985814,1.130097988184004,0.7812295873110376,0.5796982557016174
qwen-3.5-plus,3,d375a8,poster,78,0.0380977195462845,0.2816963839661227,3.696421147851183,0.1929287694774422,0.515771710423603,-0.0345582877319933
qwen-3.5-plus,3,d59f99,web,43,0.1732978038161308,0.4243083411002554,1.2829967022338291,0.322524570994748,0.619007684877605,0.188580354195095
qwen-3.5-plus,2,d5caa3,mobile,40,0.5812246084707159,0.5748036658535874,0.901187533012856,1.0047510774762072,0.7566994689803397,0.5372495609709165
qwen-3.5-plus,1,d56ac6,poster,51,0.3355563311265238,0.4481415659898255,2.0519066041280536,0.5709256064325511,0.674570634468337,0.1984986841699507
qwen-3.5-plus,2,d56ac6,poster,46,0.4531367081950168,0.5076909293138745,1.305185852202576,0.8119060186156608,0.7377723512693906,0.3473980249428209
qwen-3.5-plus,3,d56ac6,poster,36,0.1680072605436215,0.3352298412737905,3.550527132710092,0.4182852763671417,0.6323191165371231,0.1871650280949751
qwen-3.5-plus,3,d5caa3,mobile,40,0.6572911344597725,0.5949892002834289,1.0760881645111278,1.0741494688680893,0.7414514572052037,0.5558935320105229
qwen-3.5-plus,2,d5f959,desktop,40,0.3120583585915842,0.462905589468483,1.2230235978947652,0.5342033379637403,0.6894927684360986,0.3207521385222264
qwen-3.5-plus,1,d5f959,desktop,48,0.3123718399392056,0.4811574072083442,0.9084764614164096,0.5260538947984846,0.6845403632892814,0.2653585485202388
qwen-3.5-plus,1,d60e75,desktop,45,0.2201417616444476,0.4246098191905719,1.1741897537407544,0.3939746072832161,0.6579000451762942,0.2277896509196541
qwen-3.5-plus,3,d5f959,desktop,50,0.4169636459377634,0.510001336439248,1.2152450732074818,0.7775025528171116,0.6704096558233075,0.3730874860361253
qwen-3.5-plus,2,d60e75,desktop,47,0.1337526954766288,0.392872786777341,1.6821432544172714,0.2501928074261004,0.6162746305089672,0.1551253431192817
qwen-3.5-plus,3,d60e75,desktop,50,0.0531308046885254,0.3642330008389132,1.425383335963298,0.1256186852853347,0.5626482133054971,0.0388450093666326
qwen-3.5-plus,1,d613ea,web,45,0.3596000395119981,0.4749890955650543,1.0684176692445662,0.6141578580953636,0.6940730395333906,0.1680730802029086
qwen-3.5-plus,2,d613ea,web,55,0.2591150591685059,0.4387935419234048,1.2737739045439895,0.4404245092715164,0.6636014626259775,0.0861032627898709
qwen-3.5-plus,1,d667b6,desktop,30,0.4626803643659049,0.51553723352188,1.01805956019889,0.7128452652463506,0.6744763854703871,0.4219942464091434
qwen-3.5-plus,2,d667b6,desktop,48,0.4891858573712591,0.5670358311861312,0.6964016785841496,0.7769623529568751,0.7220174782098289,0.4567503826980362
qwen-3.5-plus,3,d613ea,web,45,0.2782288022059911,0.4376040109651496,1.2410342716804297,0.5139790042642163,0.6622740322593405,0.1165512292737025
qwen-3.5-plus,3,d667b6,desktop,47,0.4560559248345726,0.5376419442454701,0.8476544834170701,0.7135425464630575,0.6811355506794814,0.5134246913651
qwen-3.5-plus,1,d66c89,desktop,49,0.1822879280049876,0.3398443680384059,2.110286480264718,0.3419016983509228,0.5866960480361519,0.2120647701037412
qwen-3.5-plus,3,d66c89,desktop,40,0.2163546168389136,0.3738797532708435,1.5015441555018,0.4698741511829321,0.6419184606758689,0.2405383614034095
qwen-3.5-plus,2,d66c89,desktop,47,0.2974794960994338,0.4290837678329623,1.343290932889881,0.5992811839293022,0.6684582083458203,0.2957438946888522
qwen-3.5-plus,1,d6789a,poster,40,0.2393418000139669,0.4609510877563096,0.9984773131531324,0.3970181560960147,0.6219233921173646,0.1310640375655144
qwen-3.5-plus,2,d6789a,poster,40,0.3565477577905661,0.500356896722634,0.8341674083303967,0.6356568245692935,0.6913847433352218,0.1560160950727925
qwen-3.5-plus,3,d6789a,poster,38,0.2381682030990914,0.4751531426451751,0.9438364950444464,0.4118807875207919,0.6265221260285051,0.033674303524809
qwen-3.5-plus,1,d6702e,desktop,40,0.7735086625494673,0.6185554815578902,0.7682844704625306,1.921190642461677,0.8257652707743238,0.7484544905210939
qwen-3.5-plus,2,d6702e,desktop,46,0.3548341181631113,0.4035235001300898,1.263869869281164,0.9658687839863268,0.7460278684375635,0.2608792266685847
qwen-3.5-plus,3,d6702e,desktop,30,0.7443360013960846,0.5509437920856463,0.6549047830638365,1.8072771650334751,0.8269310283862754,0.7089494380921826
qwen-3.5-plus,1,d69abb,web,40,0.4404063548402663,0.5117425107934017,1.393030764012695,0.883252046317373,0.7637048728162992,0.3773954385289212
qwen-3.5-plus,1,d6cc23,desktop,51,0.8005767669522937,0.685377065276126,0.9482124736764724,2.104995739647292,0.8309954816524933,0.7995120049681591
qwen-3.5-plus,3,d69abb,web,45,0.6378573954962194,0.6427474397833686,0.4775476618342614,1.228274726551428,0.8409360529212614,0.5644356072353238
qwen-3.5-plus,2,d69abb,web,37,0.2921939680777869,0.4185768674426279,2.045402712557393,0.6075170239382497,0.6347595275445261,0.2482623736584166
qwen-3.5-plus,2,d6cc23,desktop,50,0.8062956946742279,0.6901763474986543,0.939618405068638,2.1190649890477213,0.8316106560039174,0.8056321512477754
qwen-3.5-plus,3,d6cc23,desktop,41,0.7501049466522598,0.6287448423561381,0.6743148978417322,1.9246083172769195,0.8552408055767085,0.7482052306834898
qwen-3.5-plus,1,d70468,mobile,45,0.7198225900194262,0.6670014759743367,0.4487580416710242,1.1079483350757775,0.8005045509826,0.6529631919361821
qwen-3.5-plus,2,d70468,mobile,40,0.6709252518677664,0.6050961863092817,0.6672851817162171,1.001449856647979,0.7644762420864478,0.5785978928859132
qwen-3.5-plus,3,d70468,mobile,40,0.6537894746150461,0.6029103934558747,0.6840112969080222,0.9782327893038576,0.7627596798560562,0.5586125216577669
qwen-3.5-plus,3,d6f09c,web,40,0.7246138687160515,0.6117021323344389,0.5423191748295626,1.8763329989482769,0.8961374332136932,0.6594628231835293
qwen-3.5-plus,1,d6f09c,web,47,0.4379529299547135,0.4763060828405252,1.027159020507926,1.175332622971797,0.8299747468152259,0.3461488261937274
qwen-3.5-plus,1,d6ac76,poster,40,0.563573645135614,0.525365685475777,1.747535669252036,1.08033268343028,0.7777785166646731,0.4946014460913089
qwen-3.5-plus,2,d6f09c,web,40,0.460534414302358,0.5046811180193775,0.8589467119474081,1.2163292321595356,0.8712722696025893,0.3624810832207264
qwen-3.5-plus,2,d6ac76,poster,39,0.5439759503546484,0.5505429873080938,1.3091745989239207,0.9748774070664208,0.7631798286105353,0.4655986005553326
qwen-3.5-plus,3,d6ac76,poster,48,0.2645973266993207,0.417160902912633,1.853008373227835,0.5244374821157046,0.6871610830131063,0.1418646127994323
qwen-3.5-plus,2,d7346d,web,48,0.6272963292061602,0.5554523211603728,0.8008392590252851,1.282494710039184,0.794539526470871,0.6162791907083689
qwen-3.5-plus,1,d7346d,web,40,0.1699441016809778,0.3413390715981646,1.9161179174559493,0.4083372481400829,0.591576231165349,0.158758960736443
qwen-3.5-plus,3,d7346d,web,50,0.426758721271325,0.4539954261557346,1.4154963589510774,0.9135494079229468,0.7044553057519922,0.4205335526218559
qwen-3.5-plus,1,d7049d,web,30,0.119822266463764,0.3019495194215532,3.4039857743521913,0.1260475744686726,0.5324301615574024,-0.1162821519036457
qwen-3.5-plus,2,d738b4,poster,48,0.2565489936194787,0.4451578889918273,1.2414968539118971,0.4609069786863605,0.66817662571209,0.2245249065127673
qwen-3.5-plus,1,d738b4,poster,49,0.1048823583711418,0.4563567037865175,1.2098436896594795,0.1568609239064717,0.5502250610676428,-0.0235506472512657
qwen-3.5-plus,3,d738b4,poster,42,0.1260883480152106,0.4103547836429672,1.7512321353235305,0.2753998530992504,0.6192650714652708,0.117210677932935
qwen-3.5-plus,3,d7049d,web,40,0.0024136213958795,0.2344137938035352,4.367653224246145,-0.0072333787930514,0.5211462700970778,-0.0898464959280296
qwen-3.5-plus,1,d73e0e,poster,33,0.1891316479876842,0.5437233565054884,0.7584013733107455,0.2827983954048767,0.5904777915375625,0.1726711427449679
qwen-3.5-plus,2,d73e0e,poster,39,0.296408368934177,0.5773490055100801,0.6759861514278594,0.3640357474902039,0.6262140689800673,0.3168738275063583
qwen-3.5-plus,2,d7049d,web,48,0.3338172932862673,0.3994480564059435,1.9591509796545,0.6097536091022304,0.7217567822767208,0.2809212879477802
qwen-3.5-plus,3,d73e0e,poster,40,0.3524199911380689,0.5904597979461463,0.6230595396723,0.4192853973413334,0.6306069470671315,0.3638364475438757
qwen-3.5-plus,1,d79d5c,mobile,47,0.6678369058035913,0.6806748067923964,0.3218919143770236,0.943190094735601,0.7779874531590483,0.5973887993723515
qwen-3.5-plus,2,d79d5c,mobile,40,0.3511212154276961,0.5510058650838199,0.6152135395413716,0.5476388474033157,0.6593606593143961,0.2595184412219714
qwen-3.5-plus,3,d79d5c,mobile,47,0.662767423017673,0.6841154109450834,0.3468149771637379,0.9123526944800951,0.7569109387092855,0.6121668701735299
qwen-3.5-plus,2,d7beb9,poster,40,0.1720377001347389,0.3694035587600704,2.3160213332781407,0.292350700150051,0.5977432228419579,0.1104533256909736
qwen-3.5-plus,1,d7beb9,poster,37,0.2473924898063863,0.375336206567953,2.2607532021508385,0.4392453152811173,0.6184680361880267,0.1839329410320316
qwen-3.5-plus,3,d7beb9,poster,40,0.2509593979720086,0.3746523091446876,2.3116927115066543,0.4139489756344835,0.6239022735035271,0.1588815578966134
qwen-3.5-plus,2,d7d901,web,45,0.1770323097609053,0.3747464507248277,1.6276770744310765,0.3595103475301383,0.6474997992934604,0.1865941540952879
qwen-3.5-plus,1,d7d901,web,49,0.2544499596673621,0.423808166885936,1.097689934738217,0.5145624771976961,0.6852945141631835,0.2293685969466361
qwen-3.5-plus,1,d7535a,poster,47,0.3075167544312512,0.3896211737962604,2.334688525502848,0.6718883261563826,0.7084585108851378,0.2869738104363167
qwen-3.5-plus,3,d7d901,web,49,0.2332620352575137,0.4169256438422006,1.1039534271414329,0.4715045031329214,0.6783177565440246,0.2079792960079307
qwen-3.5-plus,2,d7535a,poster,43,0.2008034581052822,0.3084005209363474,3.193078669673681,0.3999237593453909,0.6534851728178699,0.2435008078642414
qwen-3.5-plus,3,d7535a,poster,40,0.3133109494923769,0.4120956872761541,2.246161837569416,0.6836718408784757,0.7209734084760411,0.2829513491417625
qwen-3.5-plus,1,d85242,desktop,38,0.1487856006993266,0.2853327490326686,3.142568702050108,0.3400067377573122,0.602880393978706,0.0816374837148357
qwen-3.5-plus,2,d7cfda,poster,45,0.0239970085918578,0.3729417101754839,2.6453842123728752,0.0906124695051695,0.5378431304316506,-0.1422912643590855
qwen-3.5-plus,2,d85242,desktop,49,0.1401312220000688,0.341467194807053,1.858052397554704,0.2914215474145767,0.6518319066687679,-0.1151082207114615
qwen-3.5-plus,3,d85242,desktop,40,0.2066262480248123,0.3577946661965275,2.407689620011502,0.4518874875627056,0.6471374837919163,0.045502427691513
qwen-3.5-plus,1,d7cfda,poster,51,0.076828925990538,0.4006674581115165,2.429518162295183,0.1773942826975007,0.5579405913565567,-0.0808134334254585
qwen-3.5-plus,3,d7cfda,poster,44,0.0195830865957556,0.3587177764794954,2.9178746938578484,0.1323725583028987,0.5358962565968758,-0.1285706675574321
qwen-3.5-plus,1,d88d22,web,41,0.3349724364210622,0.5543505652832628,0.7812846451423324,0.4809981012442882,0.6759759612854135,0.2559212929440578
qwen-3.5-plus,3,d88d22,web,40,0.470033756205085,0.6106015570270159,0.5899692001031556,0.6728785462115274,0.7306200867617826,0.3788273493215737
qwen-3.5-plus,2,d88d22,web,38,0.2739756032438795,0.5129757096826905,0.8758782860899534,0.4374674595202696,0.6451105605745162,0.2746466050193935
qwen-3.5-plus,1,d8cbc3,web,40,0.4312153259491728,0.5472830062642215,0.8724942295116864,0.6909925536231494,0.7153847310743129,0.4024522910952068
qwen-3.5-plus,2,d8cbc3,web,40,0.3539619371514418,0.5198729350830542,0.9771449602993784,0.5944361571439213,0.7082617105822274,0.2944765982172037
qwen-3.5-plus,3,d8cbc3,web,50,0.3382234791692701,0.5162326067100982,0.9247580507065116,0.5210439341033614,0.6854148173682092,0.298246462014694
qwen-3.5-plus,1,d8d2df,web,55,0.4777680614776406,0.5598547509577413,1.008941449335627,0.6693740469518029,0.6853224487797722,0.4657287079189917
qwen-3.5-plus,2,d8d2df,web,30,0.435126493646126,0.5116111035238808,1.784686790399835,0.5815210623773294,0.6604089155962385,0.430572675653365
qwen-3.5-plus,3,d8d2df,web,36,0.3161993470172305,0.4625391178547533,1.7465090633143698,0.4575255313106737,0.6384877565363346,0.3552587884694317
qwen-3.5-plus,1,d889b1,poster,40,0.5949733011907683,0.4832548638304034,2.614447331606419,0.94462336666445,0.6703594486062319,0.5740344890945214
qwen-3.5-plus,1,d8d582,web,38,0.1735328127281012,0.3814219470249592,2.6359780337940086,0.2671703317602003,0.5579335745145612,0.1914211735733505
qwen-3.5-plus,3,d8d582,web,28,0.3299130858262202,0.4279823999488083,2.978167469938105,0.5362307867136015,0.6122375434676807,0.2656860953954637
qwen-3.5-plus,2,d889b1,poster,39,0.4351745462263556,0.4698492891332209,1.9592604026505531,0.8426975285478658,0.7676712753546161,0.3776247030861726
qwen-3.5-plus,2,d8d582,web,40,0.2910237627050279,0.4674204467511512,1.3326142762528626,0.4725710440881376,0.6679203637889476,0.2124268719574856
qwen-3.5-plus,3,d889b1,poster,52,0.3474499720582913,0.4588088544737616,2.3146994531191867,0.6658729885040545,0.6443938115259438,0.280189824917018
qwen-3.5-plus,1,d8d91d,desktop,37,0.5388734359898546,0.5218155210033404,1.167502292641954,0.9035634518616056,0.743140273016462,0.4701567811243587
qwen-3.5-plus,2,d8d91d,desktop,50,0.291472033109903,0.455947485435363,1.015258905262731,0.4218896019828426,0.6186445444776651,0.1872256894207677
qwen-3.5-plus,3,d8d91d,desktop,49,0.288828124466144,0.3823953292201179,1.6337045964263122,0.3879524203718679,0.628104453012586,0.2110859287602967
qwen-3.5-plus,1,d924c7,web,43,0.1443197061088788,0.4035980118227165,1.561785123326013,0.2586666225201428,0.5785628182312554,0.1728445918209765
qwen-3.5-plus,2,d924c7,web,42,0.390916207461923,0.5432977784519606,0.8801433359953655,0.641995873359822,0.7071437637048782,0.3996842872694174
qwen-3.5-plus,3,d924c7,web,36,0.4731093809057749,0.5682639323730613,1.1480888136154856,0.746262248901926,0.6955721569685772,0.4927968319471764
qwen-3.5-plus,1,d9508a,web,40,0.3880280591214929,0.5243639946887733,0.8979929077642972,0.6285103659064321,0.7055613171338725,0.3134513965170423
qwen-3.5-plus,2,d9508a,web,41,0.409161074740376,0.54071788561926,0.8263951585808785,0.6295654192509552,0.6992130668921945,0.2845113693920743
qwen-3.5-plus,3,d9508a,web,50,0.4904337128817128,0.5746300793553196,0.79296052554374,0.7649543465565792,0.7050199501676957,0.3863878668277499
qwen-3.5-plus,1,d95bad,poster,46,0.4918242262181763,0.5734454472473152,0.713627815674791,0.6577524210125305,0.6811800182742321,0.4745703483031799
qwen-3.5-plus,2,d95bad,poster,49,0.5092339342283374,0.5836403693867234,0.6309543326515907,0.7013355027566769,0.7002478509868726,0.4955157484329254
qwen-3.5-plus,3,d95bad,poster,50,0.3512113873090039,0.5142668866646427,0.8993552456221559,0.5062311013974007,0.6347387670988025,0.3194631681655208
qwen-3.5-plus,1,d98c2a,desktop,49,0.1966465636552498,0.4561133446082277,2.1488252388476905,0.3653366883590521,0.6147329906795999,0.1963052160643883
qwen-3.5-plus,2,d93532,mobile,38,0.3726742305665427,0.4726284654888337,2.1752862676767255,0.4451839775079178,0.6341692196118538,0.3420442449986098
qwen-3.5-plus,1,d93532,mobile,33,0.2164873386261553,0.4492203348128416,2.456844347016278,0.3244928143366201,0.6041060525423001,0.2212530694050012
qwen-3.5-plus,3,d93532,mobile,34,0.2316828507987512,0.4373359936496162,2.5223076884628464,0.2182525341832603,0.6088720875097273,0.2546139290373466
qwen-3.5-plus,2,d99b18,desktop,49,0.8589823506125371,0.5879037449529936,2.473988484903178,2.056475428191735,0.7087896975097785,0.8407654473161401
qwen-3.5-plus,1,d9a22e,poster,30,0.4479294490490981,0.5701638569541361,0.6932334259839215,0.5671020480237768,0.6675837701060602,0.41073842513831
qwen-3.5-plus,2,d98c2a,desktop,40,0.2006099022341885,0.4732082398881984,1.0432710032312131,0.3248742305908364,0.6194633404202259,0.2010500894024101
qwen-3.5-plus,3,d98c2a,desktop,50,0.3893959659041119,0.496144824869821,1.5185974661949038,0.6053366061280748,0.692579569043649,0.3916188615426121
qwen-3.5-plus,1,d99b18,desktop,50,0.5693038285356267,0.4903004091832695,0.9743048231936866,1.319952969324516,0.8005306961427252,0.5745627299750791
qwen-3.5-plus,3,d99b18,desktop,50,0.1595892495958017,0.3305105979656434,1.6191210889024592,0.3849067868074541,0.6278162895356495,0.1402402118560576
qwen-3.5-plus,2,d9a22e,poster,46,0.5113490468843842,0.5940311224345871,0.582724958659152,0.685424110193158,0.7021361158566954,0.395179523021027
qwen-3.5-plus,3,d9a22e,poster,50,0.2001078974619207,0.4790750729732175,0.9691448440008016,0.2253286544562296,0.5812573739329797,0.1793608324402033
qwen-3.5-plus,2,da1d78,desktop,37,0.3057792664267842,0.4364481017689597,1.0272790987233529,0.7043834594505576,0.731390511332602,0.2123179853301041
qwen-3.5-plus,1,da1d78,desktop,50,0.5362931732761714,0.5206364822973155,0.8221221708073625,1.1423419815861733,0.791428910986743,0.4623583303307804
qwen-3.5-plus,3,da1d78,desktop,46,0.4520840010018956,0.4604056121389102,0.9969864494460132,0.9364871821341072,0.7606623883858922,0.2858273854907528
qwen-3.5-plus,1,d9baa1,web,41,0.251780576866078,0.3935333836087922,1.5963784996318235,0.3978087988372166,0.5967661955799022,0.0653630396574989
qwen-3.5-plus,3,d9baa1,web,48,0.602903056819406,0.5687220441219555,0.8056345909731182,0.9393446186505938,0.7471493090838008,0.4345843613395656
qwen-3.5-plus,2,d9baa1,web,34,0.4135152005950092,0.472102680129382,1.0367181698163348,0.573035233137239,0.6472574945785782,0.2346685116802223
qwen-3.5-plus,1,da36d4,mobile,30,0.681503882077479,0.6363173474767163,0.464990715445195,1.1386127963286925,0.8028804544440613,0.5375568513580131
qwen-3.5-plus,2,da36d4,mobile,45,0.5778360531813579,0.610837210870253,0.5665165994053338,0.9555640784086482,0.7697637727731743,0.4034155562319024
qwen-3.5-plus,1,da75d3,poster,320,0.0371723614521347,0.5198592815829775,0.813422435922704,0.0659029737722682,0.5222364601143178,-0.0097991838739894
qwen-3.5-plus,3,da36d4,mobile,41,0.5152733643356933,0.566000955621759,0.6658965090274201,0.8396148052513667,0.7416288832411175,0.3174221261358512
qwen-3.5-plus,2,da75d3,poster,40,0.3679658138061051,0.5818115739718481,0.579562570181838,0.4513843670781289,0.6306316319425703,0.3269139702828481
qwen-3.5-plus,3,da75d3,poster,50,0.337929982165093,0.5762737677518577,0.6119569033050622,0.4466537527603489,0.6250209571297597,0.218315354257858
qwen-3.5-plus,1,dafb86,mobile,52,0.7056250562962025,0.7107430647572703,0.6463639638681703,0.9797626803466544,0.7505038895848785,0.7073326332746313
qwen-3.5-plus,2,dafb86,mobile,42,0.6063382939000763,0.6720418608147564,0.5922308278607359,0.8329774782733672,0.7264544813157503,0.640228945432013
qwen-3.5-plus,3,dafb86,mobile,49,0.383327081571908,0.5955129745138592,0.597176121513829,0.4784769288807274,0.6497604390110401,0.3611201494953749
qwen-3.5-plus,1,daaa3f,desktop,55,-0.1431567265729732,0.270802260335714,2.7616603629243297,-0.2459685616743857,0.4155291216648513,0.0301253293139139
qwen-3.5-plus,1,da1a17,mobile,38,0.0142629408275579,0.2103752606344231,5.442044333044265,0.0263809909328069,0.3637021584274023,-0.0024202905049527
qwen-3.5-plus,3,da1a17,mobile,40,0.0458037049293676,0.2845140353108623,3.873045936440181,0.1417931223535664,0.479860545235513,0.0112035392261961
qwen-3.5-plus,2,daaa3f,desktop,49,0.1930909485773362,0.389801017398135,2.0988719677845884,0.4296635838932154,0.654444278749033,0.1202409042667188
qwen-3.5-plus,2,da1a17,mobile,40,0.0514246237375093,0.2594498110600951,4.167647761243431,0.1473876705108671,0.4850445828215377,0.0291879347337851
qwen-3.5-plus,3,daaa3f,desktop,48,0.1108633583154127,0.3771922347419732,1.7005216747354048,0.2642165124871208,0.5803696060965657,0.0251701190099563
qwen-3.5-plus,2,db12fc,desktop,48,0.5991381245383112,0.584349416073051,0.7113891416717895,0.8340871189013163,0.722448657352857,0.5903557451377257
qwen-3.5-plus,1,db86c2,desktop,35,0.1315310736174022,0.5137300982240339,0.7240204477623003,0.2817644459256752,0.6001768502655047,0.073064612819217
qwen-3.5-plus,1,db81dc,web,44,0.3564526155423004,0.5569581213448043,0.6857411859123317,0.5256455925367751,0.6740204198106426,0.2735721627752186
qwen-3.5-plus,1,db12fc,desktop,45,0.6425780538350652,0.6296376329169528,0.5458628886796228,0.9133872044106116,0.7490560500116143,0.6122126521818
qwen-3.5-plus,2,db86c2,desktop,40,-0.0847884933314558,0.4806181538013347,0.8221017512380084,-0.0698435064247937,0.4968701281371511,-0.0502159904977391
qwen-3.5-plus,3,db12fc,desktop,50,0.5634677060002418,0.5994262197501374,0.7297867298985332,0.7891251263653457,0.737341872722443,0.5090962517194236
qwen-3.5-plus,2,db81dc,web,40,0.3972550428563215,0.5767295601297919,0.7027064414016088,0.646377479920197,0.6866759960325415,0.2924611248341585
qwen-3.5-plus,3,db86c2,desktop,40,0.3265010510606554,0.5270676706445526,0.6969955604879092,0.4830295588999864,0.5443026751217585,0.1937312097400527
qwen-3.5-plus,3,db81dc,web,48,0.1856203722413774,0.4572552450633243,1.2024837732896687,0.3219896935043314,0.6174766076583607,0.0671712688592238
qwen-3.5-plus,1,dc06e3,desktop,49,0.5260404923712704,0.4992328249127556,0.8958473094083793,1.088319409650892,0.793491875149111,0.3694652017466994
qwen-3.5-plus,2,dc06e3,desktop,49,0.5186112862524427,0.5204202099139734,0.955438446463205,1.0887053713598611,0.798941452694266,0.3979210850669765
qwen-3.5-plus,3,dc06e3,desktop,50,0.491410165841105,0.4756915803078209,0.8836718411380559,0.9883700861211826,0.7816407679339965,0.3114664119234479
qwen-3.5-plus,1,dc2864,poster,40,0.1124685165223533,0.4608631434073397,1.5438163189860317,0.2484792404337559,0.573487916019618,0.1186324268262656
qwen-3.5-plus,2,dc2864,poster,48,0.0760501301752929,0.3986894731258202,2.617811939759114,0.1769871347942722,0.5628420627176762,0.0840075763254993
qwen-3.5-plus,3,dc2864,poster,45,0.1542403698860179,0.4732692146516716,1.3483716777792123,0.2831101434351643,0.5996803810502005,0.1599541131756874
qwen-3.5-plus,1,dba9fe,poster,49,0.3313714091627402,0.4008013298119141,1.7213075408265357,0.8151927859127716,0.7355468901615555,0.2936649369469745
qwen-3.5-plus,3,dba9fe,poster,41,0.3018972304363256,0.3482208373220283,4.368604359065447,0.6489934939845821,0.59991054208516,0.2708413140169664
qwen-3.5-plus,2,dba9fe,poster,40,0.5436053820305926,0.5275089765039733,1.468533831348174,1.20667985710182,0.8171572467418364,0.5147650509527631
qwen-3.5-plus,1,dc351a,mobile,41,0.355245279348268,0.4488950677932624,2.081346363395931,0.550319982461502,0.6410686470678257,0.265763301117919
qwen-3.5-plus,2,dc351a,mobile,43,0.3413310666995259,0.4585731130875896,2.185256550928572,0.5212549299760212,0.6598998671240959,0.2252796465744599
qwen-3.5-plus,3,dc351a,mobile,35,0.3727712102197789,0.421545718504367,3.0648088059651193,0.5429147822595726,0.5996078543604757,0.3146999300467566
qwen-3.5-plus,1,dc6989,desktop,49,0.3589200549239457,0.4709452885818837,1.1559209543808953,0.7059202215963206,0.6985004793839747,0.3785334404210111
qwen-3.5-plus,2,dc6989,desktop,106,0.628313123172727,0.5443552971519552,2.453100105751874,1.175188899338638,0.7033587615619327,0.5749920608054503
qwen-3.5-plus,1,dc537b,mobile,41,0.3009386843675129,0.4584532989691716,1.935836690562642,0.4186303256969922,0.6710320576221878,0.1325012910769941
qwen-3.5-plus,3,dc6989,desktop,40,0.5049064995224815,0.5311344383132783,0.8356526241230995,0.8873611736895617,0.738723202250624,0.4947412316412758
qwen-3.5-plus,3,dc537b,mobile,40,0.4250278238657318,0.5147937102400338,1.4360011809981976,0.6919588216131926,0.7318922141666672,0.2866577996956132
qwen-3.5-plus,2,dc537b,mobile,42,0.242153170963104,0.4011089745402118,2.471362090236709,0.2937509980556435,0.5880722400681884,0.077131323012708
qwen-3.5-plus,1,dcc0de,web,40,0.3743818664717246,0.4631009078633514,1.726710335097302,0.6239792628042085,0.6471805208289867,0.3922995718187852
qwen-3.5-plus,3,dcc0de,web,40,0.3797773977968969,0.5079952289038363,1.0517300738555326,0.6397307810429961,0.6821180035986628,0.3617459012698763
qwen-3.5-plus,2,dcc0de,web,40,0.4153629769298217,0.5066198575854786,1.223785926371605,0.6787124505034299,0.6782700492285882,0.4082181565705674
qwen-3.5-plus,1,dcf870,mobile,40,0.3365012265767422,0.4653001850619641,1.1256526909005162,0.5513890065456759,0.6826880789931108,0.0057530679860831
qwen-3.5-plus,1,dc705a,mobile,48,0.3455509012079849,0.4248484864012311,2.6505945246416247,0.5538195052137839,0.7007400832889736,0.1193767870445004
qwen-3.5-plus,3,dc705a,mobile,40,0.4154385252458562,0.4725518994546691,1.9549260432187436,0.6141476706763448,0.7492462715704764,0.2486602535062813
qwen-3.5-plus,3,dcf870,mobile,47,0.0873476608879443,0.4117367797806817,1.407273001958547,0.0890395405415006,0.5499418039848896,-0.1917043099429401
qwen-3.5-plus,2,dcf870,mobile,35,0.376945685952132,0.500602270609559,0.8830707676391607,0.7317549940411986,0.7083400870807008,0.0966202018165352
qwen-3.5-plus,1,dd0d82,poster,70,0.289786230405177,0.3489028066743515,4.1248570097005,0.4979087625786796,0.5967788647891243,0.2872308365933356
qwen-3.5-plus,2,dc705a,mobile,49,0.3430752313849515,0.3969858146244021,3.103356486988378,0.4810228588175193,0.6763410155676765,0.1950459178118723
qwen-3.5-plus,3,dd0d82,poster,40,0.4776707080567265,0.4762284867169107,0.8960287463389283,0.863560006521399,0.6956588134554803,0.5028222569523104
qwen-3.5-plus,2,dd0d82,poster,54,0.2228616421816402,0.3438157928045863,3.1574738845699315,0.3755727066940494,0.5960481377431236,0.2233458021540598
qwen-3.5-plus,1,dd173b,mobile,40,0.7625316529087465,0.6741508069808889,0.4002553254096455,1.4048489989199493,0.8519094557782712,0.7071723102976892
qwen-3.5-plus,2,dd173b,mobile,40,0.8382275421657167,0.714070463102914,0.3529261030778783,1.545649477644273,0.8512366171840934,0.7919755231511818
qwen-3.5-plus,3,dd173b,mobile,48,0.8577809875429313,0.7070219575366977,0.2939963396100777,1.607937052113619,0.8660866666868753,0.8027460944840036
qwen-3.5-plus,3,dbdbed,poster,47,0.1981715559489164,0.2870787871142404,3.6651228263480418,0.2503610584191281,0.5480745049558556,0.1996668816994215
qwen-3.5-plus,2,dd0f11,mobile,46,0.3151296026339186,0.4227875641463617,2.0356334884343266,0.6509438430053923,0.664694980468862,0.2054446820993683
qwen-3.5-plus,3,dd0f11,mobile,46,0.4080798198906871,0.3738137806785452,3.907245377786776,0.770881206680553,0.5574465817205418,0.3100330526274321
qwen-3.5-plus,1,dd0f11,mobile,33,0.3460449034288206,0.4367511463723923,1.9113706175690908,0.7481651502995195,0.6884311889553336,0.2602565901642078
qwen-3.5-plus,1,dd47fa,mobile,39,0.455787576037401,0.4780469353642759,2.0491217003919973,0.7229535131261515,0.6896393495540518,0.4441544600074389
qwen-3.5-plus,2,dbdbed,poster,48,0.2030789649156038,0.2740694558815806,3.778571386023851,0.4087893120825565,0.5470990014808215,0.1827689344878277
qwen-3.5-plus,2,dd47fa,mobile,47,0.2765231239728351,0.423210519983146,2.5684760699096945,0.2591827264997786,0.5474293020817592,0.2275330827105701
qwen-3.5-plus,3,dd47fa,mobile,47,0.5109032846965624,0.4831315274121265,2.5226315606920635,0.7785528548569717,0.6651076983045082,0.4805347825394058
qwen-3.5-plus,1,dbdbed,poster,49,0.2186432730640414,0.2807229488007322,3.892580531615561,0.348867391630364,0.5317159888226384,0.2257006135742985
qwen-3.5-plus,1,dd8251,mobile,29,0.3006099167992792,0.3663185109309788,2.6513539868225036,0.3559047776143592,0.6324700511886151,0.2582741933289009
qwen-3.5-plus,1,ddbec1,desktop,48,0.6413798152815315,0.5486246376012918,0.6344144369755887,1.1214276557203446,0.8160361961174802,0.3539704085486797
qwen-3.5-plus,1,dda275,web,40,0.376492218329193,0.5249172383397137,0.9295652025101732,0.5300469527008423,0.6799722479591659,0.2557600910175965
qwen-3.5-plus,2,ddbec1,desktop,57,0.3969284160420299,0.4607220383173637,0.8481852842479235,0.6981751062974858,0.6896721385006438,0.212969743975197
qwen-3.5-plus,2,dd8251,mobile,41,0.2683084264329084,0.3807344013463707,2.295686120469622,0.1827378258127084,0.6217782809861587,0.182555296339271
qwen-3.5-plus,3,ddbec1,desktop,60,0.5585149182257108,0.5239023797518989,0.6907007877287523,0.9933185258405928,0.7897572527106032,0.3408345010229281
qwen-3.5-plus,2,dda275,web,48,0.2688392548989203,0.5059901290274733,0.9303076246268148,0.4285503603694428,0.6686509617597962,0.1743332856001041
qwen-3.5-plus,3,dda275,web,38,0.393645413907107,0.5300047931067885,0.8947625843878659,0.5824789728341285,0.6884759772220961,0.2660103129622552
qwen-3.5-plus,1,dd9efb,mobile,40,0.3028482608799964,0.4411086008555621,1.735312373506317,0.6114659901654226,0.695611773685503,0.3109567784865532
qwen-3.5-plus,3,dd8251,mobile,35,0.3337089472545308,0.4353281272850109,2.053292039715337,0.5605970948781208,0.6665525899537894,0.2975429515997606
qwen-3.5-plus,2,dd9efb,mobile,40,0.2516452743843427,0.4353005640614344,1.7231171867640365,0.5226071913209352,0.6510818181718522,0.2177767515785729
qwen-3.5-plus,2,ddc145,web,43,0.6817936025279441,0.6586898910465953,0.6266441213055772,1.2680471076191222,0.8387743028277673,0.4799253915634163
qwen-3.5-plus,1,ddc145,web,40,0.6562004753987642,0.6446862513885183,0.6880336634089217,1.2059436728326225,0.8346818431712638,0.4741562509279068
qwen-3.5-plus,3,ddc145,web,42,0.6497815678039248,0.6441195860242662,0.6476023201050445,1.1889704366792655,0.8278976401206124,0.4404395576719188
qwen-3.5-plus,3,dd9efb,mobile,41,0.3113596777086046,0.4814241020679313,1.3104977599325034,0.6543252305850731,0.7252638088268424,0.2773732442280971
qwen-3.5-plus,1,ddce6f,desktop,49,0.0947057077359421,0.3322369698250216,2.956932515522604,0.1101675923241626,0.502129955972439,0.1170761213906124
qwen-3.5-plus,2,ddce6f,desktop,50,0.1466193281700227,0.3936178755058146,1.8235665026325507,0.235657606554704,0.5535193963796186,0.1451056985907116
qwen-3.5-plus,3,ddce6f,desktop,49,-0.0431183119001704,0.2852088991988215,3.5294698518413976,-0.0160154791493231,0.5202305872149782,-0.0674033342703624
qwen-3.5-plus,2,dde134,web,35,0.4486230791350825,0.5275782562965354,0.9383898231734517,0.7632872939781453,0.7178259368216856,0.4088700021342802
qwen-3.5-plus,1,dde134,web,40,0.3848170404015802,0.500695608374884,1.0481271435994792,0.6252503536697714,0.6912732385086475,0.3489658023905334
qwen-3.5-plus,1,de022a,web,44,0.5315681748712272,0.57053138966517,0.7512577117686016,0.8462568613094757,0.7241543411749208,0.5611643823188038
qwen-3.5-plus,3,dde134,web,46,0.460809941376962,0.5322245796295068,0.9020060338629348,0.7544415775701712,0.7029393306140738,0.4292116388401072
qwen-3.5-plus,2,de022a,web,42,0.5474730624985487,0.5921833312322767,0.749015604698165,0.8736204767628061,0.7418104972047754,0.5723827431317864
qwen-3.5-plus,3,de022a,web,40,0.5960374453822556,0.6057185269235124,0.7478308627837437,0.924182913494998,0.7335640330811015,0.5923681668963242
qwen-3.5-plus,1,ddca3f,mobile,40,0.2138895039870271,0.3812445957805802,2.3685550766534367,0.4300220582341134,0.6381068579928593,0.1347488228171987
qwen-3.5-plus,2,ddca3f,mobile,35,0.5249885954773625,0.5038714215512486,1.7039349651136364,0.863604482322815,0.8089400925639093,0.4621592800855632
qwen-3.5-plus,3,ddca3f,mobile,51,0.4238694083393488,0.4901907621278558,1.689829755512362,0.6843875080898144,0.7136491347437763,0.2799343968490005
qwen-3.5-plus,2,de1ea9,web,30,0.2706268133302592,0.4531182304069974,1.5424714934406722,0.461977511595649,0.6709279687849358,0.2286388759204623
qwen-3.5-plus,1,de1ea9,web,49,0.2964050410763812,0.4697577823303047,1.643710244481809,0.4553222729651168,0.6679475881364563,0.2353558688407993
qwen-3.5-plus,3,de1ea9,web,40,0.3649615598515489,0.512316155800515,1.0159683188950612,0.587797472586613,0.693314874749934,0.2798934353966419
qwen-3.5-plus,1,de4fee,poster,45,0.2915811280464648,0.3334800908119144,1.3606043906393084,0.7413788963170527,0.7341819162257943,0.2818488177012652
qwen-3.5-plus,3,de4fee,poster,40,0.3436519411214521,0.3638139899168381,1.3626480371693397,0.8485904975216276,0.7563969773208356,0.3176726722714421
qwen-3.5-plus,2,de4fee,poster,40,0.299868283177173,0.3286835082375243,1.6279343452759134,0.6306113645498957,0.6933122131140499,0.2692744548788755
qwen-3.5-plus,1,de5446,desktop,40,0.4295969832289855,0.5054331881521001,0.8669247958683169,0.8616643709093951,0.7645639938955665,0.3276373886687252
qwen-3.5-plus,2,de5446,desktop,49,0.5627066212402174,0.5250400520257141,0.70319748749806,1.1086671498338077,0.8086756087268345,0.2715593482942673
qwen-3.5-plus,3,de5446,desktop,47,0.32450134553748,0.4623645010854066,0.9828294374990688,0.6119118456104286,0.725005128103918,0.1880069391762942
qwen-3.5-plus,1,de271c,mobile,30,0.3100159883643996,0.3680423876956921,3.211029896946144,0.4895813256018555,0.6239709917423109,0.2814056800945143
qwen-3.5-plus,2,de271c,mobile,46,0.254674890591581,0.380397079055891,3.0097721428857476,0.3040451255571185,0.5980623003017659,0.2338904026153501
qwen-3.5-plus,3,de271c,mobile,32,0.3664691036370752,0.4127487669973108,2.6186617852752945,0.615926339229198,0.6507200316788673,0.3354958978993544
qwen-3.5-plus,1,debbb2,web,40,0.1317360494783954,0.2797305971979479,1.9772779737734971,0.417684610898466,0.6467218971363962,0.05660781878053
qwen-3.5-plus,1,df1857,poster,43,0.407499547341582,0.5742617836451636,0.6386723495141318,0.6814943975795901,0.7109905930133896,0.3780557258017546
qwen-3.5-plus,2,debbb2,web,41,-0.0965142839323204,0.2095622768256358,3.13721831930201,-0.2488998018242637,0.434090424444694,-0.0985468410011336
qwen-3.5-plus,3,debbb2,web,50,0.0332360817921216,0.270716459916823,2.38236358463642,0.1537170611854614,0.5827153631251826,-0.0897904669805735
qwen-3.5-plus,2,df1857,poster,44,0.3429505274481383,0.542827537980522,0.8136299957560347,0.585148423295526,0.6689977708890226,0.3347514596514462
qwen-3.5-plus,3,df1857,poster,40,0.3757812085460977,0.5457192950519543,0.7805709265584627,0.6108302745146952,0.6739955505914805,0.3017948652309454
qwen-3.5-plus,1,df67c6,desktop,30,0.5778879443410226,0.6390298151116609,0.4988579810258128,0.91535182886443,0.7520671690901101,0.5768824808998552
qwen-3.5-plus,1,de9b80,mobile,47,0.2102713830790066,0.4550978500666611,1.8679684471034987,0.1820568519201332,0.6010618391536723,-0.0215281276780968
qwen-3.5-plus,2,de9b80,mobile,42,0.2558674156386782,0.4731355210045497,1.3177942301416217,0.2932973215853079,0.633294475566791,-0.0114753272110228
qwen-3.5-plus,2,df67c6,desktop,40,0.5758772758605201,0.6237766222632057,0.5026770403931724,0.906167756047538,0.7441600488082449,0.5079881954593519
qwen-3.5-plus,3,de9b80,mobile,49,0.0534390205501436,0.3070946308127136,3.602495424007257,-0.0084802836865524,0.5354322388597831,-0.2322164065129518
qwen-3.5-plus,3,df67c6,desktop,50,0.5719789957387919,0.63047721197221,0.4621021412148102,0.8643297206614159,0.7429706320876571,0.5310300862870425
qwen-3.5-plus,1,df8ad2,desktop,50,0.4120221242077526,0.480794246454142,1.3212881722026957,0.75757603844789,0.7322833421608783,0.2903639417292283
qwen-3.5-plus,2,df8ad2,desktop,88,0.3691163448528144,0.4053146983042063,1.0969534796473135,0.6714620535847524,0.6895319190696741,0.0583760365269175
qwen-3.5-plus,1,e017a7,web,48,0.4664592062244115,0.5389477859554646,0.7435041301924541,0.7856971344987612,0.7309683540803448,0.2921215390559669
qwen-3.5-plus,2,e017a7,web,57,0.4814731210245405,0.5146154280507468,1.4215570038981342,0.837055698705451,0.7644612631933602,0.2331484989840834
qwen-3.5-plus,3,df8ad2,desktop,40,0.433211392347093,0.500954683965266,1.074629507012514,0.7675071225932872,0.7308174348906253,0.3356020169947084
qwen-3.5-plus,3,e017a7,web,36,0.5386694815961417,0.5538092607329748,0.6774743688118707,0.8987443153196393,0.7465654234811233,0.3241654536566953
qwen-3.5-plus,1,e07498,desktop,74,0.3083804983758031,0.4919679459025079,0.8735166410789204,0.5256624063458978,0.652966370073732,0.2092305126461841
qwen-3.5-plus,2,e07498,desktop,50,0.4478003564168022,0.5214181953999639,1.0360780755191747,0.6869056521641088,0.6907766143819429,0.2765005744281703
qwen-3.5-plus,3,e07498,desktop,40,0.484870097038711,0.5310402219161591,1.2408764387904234,0.7569734158321992,0.7104251606111083,0.3246887596593674
qwen-3.5-plus,1,e0966a,poster,41,0.7025975158449151,0.6054070150144951,1.196850301138244,1.5085270731358809,0.82292358719918,0.6837384999273696
qwen-3.5-plus,2,e0966a,poster,43,0.6077554472118786,0.5466017579472802,1.2650969581973737,1.2807567274078175,0.8132400991680374,0.5858657400446995
qwen-3.5-plus,3,e0966a,poster,39,0.6969107768120257,0.6007169711264319,1.1577584551592008,1.4017014132348746,0.813839071758273,0.6861122905653806
qwen-3.5-plus,2,e102af,desktop,47,0.6043689075236157,0.590115483699425,0.9061797286019616,1.1433052592689967,0.7955656252354961,0.5387970425117392
qwen-3.5-plus,1,e102af,desktop,40,0.6079199458025938,0.5969460268929432,0.6847522331920034,1.2090361220388943,0.8101129494266899,0.5587966295916859
qwen-3.5-plus,3,e102af,desktop,30,0.3680295905869333,0.4311016429205159,1.9742578772942363,0.6393658947176083,0.7301495549086006,0.3035833542689707
qwen-3.5-plus,1,e0f578,poster,46,0.1567031566182212,0.3577819068694274,2.2644586017596917,0.4648559274583754,0.5931396433750186,0.1183681634109853
qwen-3.5-plus,2,e0f578,poster,77,0.2364546455071242,0.4361832099143945,1.8549157687647184,0.4466774828516194,0.6397764983905775,0.1857052974747318
qwen-3.5-plus,1,e129e6,mobile,47,0.7217908651580403,0.6491319113184997,0.5390759194952559,1.4782078828014855,0.8591085123823948,0.6076962142618545
qwen-3.5-plus,3,e0f578,poster,43,0.2321773938407988,0.4196569133186233,2.165409659933336,0.610764480983549,0.6184126529280951,0.1261496762995312
qwen-3.5-plus,2,e129e6,mobile,40,0.751531301904101,0.6606397647495574,0.6128912609588286,1.524580488107853,0.8666504699354689,0.6571750670269757
qwen-3.5-plus,3,e129e6,mobile,40,0.7876500384616338,0.6802354663709518,0.4652051929855271,1.5948112181981486,0.8656004167842858,0.6853584493130128
qwen-3.5-plus,1,e18daf,poster,40,0.4419568154378893,0.6014851983879252,0.5471894168832899,0.6286613607305495,0.6670430482707898,0.2608737711431033
qwen-3.5-plus,2,e18daf,poster,41,0.0726337520478819,0.5150471188651127,0.9967918366141592,0.1348851357302672,0.5383035002082224,-0.2036144873741011
qwen-3.5-plus,3,e18daf,poster,40,0.2984920646514889,0.5727380265298787,0.5899277724330314,0.4281545337343064,0.6332903776618738,0.0393648110054943
qwen-3.5-plus,1,e13179,poster,40,0.0290735497350918,0.5430330252001614,1.0457940669049703,0.0452467288349678,0.5171773829504736,-0.0868760499443333
qwen-3.5-plus,3,e13179,poster,50,0.1778955136353086,0.6100572671288991,0.6457156621947973,0.1615393464658869,0.5489671281375761,0.0383697494346945
qwen-3.5-plus,2,e13179,poster,48,0.296298759129499,0.5874223049783255,0.8879278246794925,0.3845611144829886,0.6207260599121031,0.2363013288478264
qwen-3.5-plus,2,e1217f,poster,30,0.3281969358772161,0.3472378414125086,3.877713561666754,0.6329325929195361,0.6452626785944604,0.1613368540516017
qwen-3.5-plus,1,e1217f,poster,36,0.4757544605814532,0.4819472100365646,2.005416832078713,1.183485438983105,0.7866538581538929,0.3400054780340537
qwen-3.5-plus,1,e20a6e,desktop,49,0.3392686591289249,0.5445992124941561,0.7719652983912699,0.4671100878676528,0.6389609014356685,0.3678452890161174
qwen-3.5-plus,3,e1217f,poster,48,0.5987558238107811,0.5508465703154364,1.362993745939283,1.317575281499041,0.8066764425117883,0.448173058851586
qwen-3.5-plus,2,e20a6e,desktop,34,0.2583825717273278,0.518251655808351,1.166560886998209,0.4720169564128094,0.6512296405570164,0.250730386241285
qwen-3.5-plus,3,e20a6e,desktop,35,0.3619166323975767,0.5502867665807487,0.9353390617117686,0.556386558851309,0.6685900210725836,0.3647022096475938
qwen-3.5-plus,1,e249a7,web,40,0.3539778671027671,0.4297332444170154,1.4974915441423524,0.7646856111882224,0.7639122810327504,0.3374030880309914
qwen-3.5-plus,1,e1f7b0,mobile,46,0.3456701317685244,0.4511542581785343,1.644838738237662,0.7381370288396377,0.7414596320022828,0.2594343677014332
qwen-3.5-plus,2,e249a7,web,47,0.3217492516409237,0.4054375342969726,1.659544280890513,0.7031188919689417,0.7498013943731596,0.3301285786763707
qwen-3.5-plus,2,e1f7b0,mobile,41,0.3212313071195122,0.3505441319270111,4.255306578739582,0.695216266404296,0.5564031433433442,0.2348176431119543
qwen-3.5-plus,3,e1f7b0,mobile,49,0.2844672259135038,0.3923766350311802,2.22717585730198,0.4851199263598784,0.6838983947116913,0.2084223543488798
qwen-3.5-plus,3,e249a7,web,47,0.3739568854561634,0.4291220518159032,1.261819566851703,0.8198764348858464,0.7670899307576065,0.3150478351002689
qwen-3.5-plus,1,e254a8,mobile,41,0.4524217736818253,0.5927115444915139,0.874366264666109,0.5250215958612153,0.6431164266377578,0.2118020049086845
qwen-3.5-plus,2,e254a8,mobile,51,0.0681476578223519,0.4531319993227928,1.4277033856747037,0.0636624170224164,0.5264940617505759,-0.1029071475426966
qwen-3.5-plus,3,e254a8,mobile,47,0.4839077726087847,0.5838645739781662,0.987804801516288,0.5522202358988654,0.623146719211121,0.1425663663062916
qwen-3.5-plus,1,e228f3,mobile,42,0.1783988574425307,0.3652445082836326,2.4429509034610652,0.4148503036775834,0.6519130592866481,0.0981976225276272
qwen-3.5-plus,3,e277d3,poster,45,0.2130623677997393,0.5317620930483671,0.7850168787748973,0.2988319532353923,0.5938580996919103,0.1723275007059496
qwen-3.5-plus,2,e277d3,poster,40,0.2240812344756222,0.5241286164409324,0.782699005729727,0.3617799326723112,0.6175123215556627,0.1585163363538609
qwen-3.5-plus,1,e277d3,poster,45,0.3417420233320747,0.5534766860102356,0.7138214717247682,0.5012404470793956,0.6435229907996524,0.2212022563660899
qwen-3.5-plus,1,e2aa7e,desktop,40,0.5082396698139644,0.5162420580715297,0.9293488727508604,0.9974715612338028,0.7203456936496937,0.5043489894651801
qwen-3.5-plus,2,e228f3,mobile,49,0.2937801065714546,0.4430095499202829,1.6488874143214964,0.6853453504542679,0.7192211238098645,0.1405840499050485
qwen-3.5-plus,3,e228f3,mobile,50,0.1563598140423062,0.3387529270615569,2.685999915789068,0.4534446026537226,0.6853221727839125,0.1475679884133461
qwen-3.5-plus,2,e2aa7e,desktop,40,0.7002353432661663,0.6369002477684002,0.5649534387577386,1.3363877721845254,0.8082400527525972,0.6986154589278228
qwen-3.5-plus,1,e2dea3,poster,40,0.0747252088241984,0.4906123987293416,0.9240089147052848,0.1273896707380973,0.5473767111705183,0.0348831202132817
qwen-3.5-plus,2,e2dea3,poster,50,0.0604364252893445,0.4747701348920414,1.007023843078281,0.0922430632742193,0.5311831736054984,0.0642508185843487
qwen-3.5-plus,3,e2aa7e,desktop,40,0.6424001907379561,0.5836593574738715,0.6953682759628202,1.1402330927699085,0.7762523758511838,0.6437697125896341
qwen-3.5-plus,3,e2dea3,poster,50,0.1745509781681105,0.4949887500296723,0.8812453063617804,0.2341883804872848,0.5644392161596516,0.2432058272770975
qwen-3.5-plus,1,e2af38,desktop,33,0.3028602118947298,0.4610837415496527,2.004862943839875,0.8954504575789107,0.7869838097116298,0.309188295179769
qwen-3.5-plus,2,e2af38,desktop,45,0.432876804426496,0.4952515605308948,1.2966392664578494,1.2735415066026723,0.7821849635063935,0.3929368025712348
qwen-3.5-plus,3,e2af38,desktop,30,0.3548208207880114,0.4857740171133088,2.013571590971181,1.0405089769869762,0.7708532911276877,0.3365817922650522
qwen-3.5-plus,1,e332da,mobile,50,0.1844129526708366,0.4121722162268461,1.263444303685717,0.2746308081237928,0.6766297782325055,-0.137475113498727
qwen-3.5-plus,1,e2f692,web,51,0.0434928714282603,0.3262085275967522,1.876538262188696,0.0825934997386681,0.6118292783485244,0.0205004701773842
qwen-3.5-plus,2,e332da,mobile,50,0.4025916820169791,0.5073915258465634,0.8410691325786144,0.6868739229484171,0.7340246585794502,0.1683278505030017
qwen-3.5-plus,3,e332da,mobile,48,0.4962757040977066,0.5622093259448747,0.6451631636625517,0.8290137191783085,0.7578472426300841,0.3358978996415436
qwen-3.5-plus,2,e2f692,web,31,0.2168977588805045,0.4348150267661604,1.4022183490200957,0.4284746888081036,0.6964733547427685,0.1427607909892285
qwen-3.5-plus,3,e2f692,web,40,0.1778619087063639,0.4189868606367827,1.4012920407756468,0.38707500626448,0.6660634419536248,0.0926121191121199
qwen-3.5-plus,2,e39798,desktop,47,0.3949631884226141,0.5130912242902567,1.329927929161557,0.6285645730034702,0.6991160148317259,0.4086144394218124
qwen-3.5-plus,1,e39798,desktop,45,0.1169965136176375,0.3948343406116593,2.10673820339049,0.235020598692209,0.6105468637851593,0.1536394853659503
qwen-3.5-plus,3,e39798,desktop,43,0.1114349638251326,0.4497618626069911,1.0833104632658943,0.2112206738301051,0.5387173585873666,0.1834641405231404
qwen-3.5-plus,2,e2f93a,web,49,0.1139452349761401,0.3082045801315223,2.9342095007587923,0.1864065847376737,0.6160388165994654,0.0928978775765229
qwen-3.5-plus,1,e2f93a,web,40,0.1727333850584695,0.3264810845582729,2.8889513171829115,0.3269095844829208,0.659066446175716,0.112649905535601
qwen-3.5-plus,3,e2f93a,web,45,0.1993076754364673,0.345300156826764,2.2006325205179404,0.3164547877970347,0.6632436808828494,0.1487528924733648
qwen-3.5-plus,1,e348b5,mobile,47,0.2128577321696253,0.366457644105636,2.155205212803629,0.4467555472164515,0.6708124617686764,-0.202408251364605
qwen-3.5-plus,1,e3d6fa,web,45,0.2565423922688248,0.4883685784564986,0.960953658498912,0.3697212559750943,0.6249388067823625,0.1322753575885242
qwen-3.5-plus,2,e348b5,mobile,42,0.1925100799155409,0.3559350212552396,2.875552639761356,0.3984808402507225,0.7234233542269112,-0.1809495475935498
qwen-3.5-plus,3,e348b5,mobile,40,0.2005577412976917,0.3645947175703809,2.263221938821752,0.412520086200481,0.6448406456124752,-0.0919559679067774
qwen-3.5-plus,2,e3d6fa,web,50,0.1825545667345853,0.4722148374301351,1.0816170067716664,0.2323863389952531,0.6128629054685276,0.1184764868886016
qwen-3.5-plus,3,e3d6fa,web,50,0.2825461597504507,0.4873754211282032,1.0052708236902637,0.3089773718151249,0.6187910367469779,0.2309807673733669
qwen-3.5-plus,1,e3d8f9,desktop,49,0.2649211240054245,0.3795909927838846,1.986917582065111,0.5180490868663129,0.6995635982923989,0.1226576719353221
qwen-3.5-plus,2,e3d8f9,desktop,48,0.1230914714886553,0.3265667095561081,2.5502801752729134,0.1883455108293823,0.5830145516381144,0.1321404640145554
qwen-3.5-plus,3,e3d203,mobile,33,-0.0945917455951635,0.2559175130886764,5.1609559457984355,-0.1785910845951543,0.3545859898795809,-0.2610235975608029
qwen-3.5-plus,3,e3d8f9,desktop,40,0.0230790176915929,0.3121127467666962,2.640871519067581,-0.0044516184466069,0.5245440974385935,-0.0721203250561177
qwen-3.5-plus,2,e3d203,mobile,35,0.0047468021055472,0.2597632590382587,5.483035768347156,0.0789708771803079,0.3965675478883274,-0.1700169828698149
qwen-3.5-plus,1,e3d203,mobile,37,0.4336301814073632,0.4551112642346149,2.2554325390158008,0.560086053980398,0.6994989408042115,0.4065639800373601
qwen-3.5-plus,1,e471e8,web,49,0.1398346240370657,0.4021049430619533,1.5062487037155774,0.2674306046255146,0.633544226138177,0.0376359193224026
qwen-3.5-plus,2,e471e8,web,40,0.3017125885657402,0.4929261124477805,1.1883156342934915,0.6048362378328404,0.6843892041839593,0.0792626926825216
qwen-3.5-plus,3,e471e8,web,39,0.2161377009765197,0.4626556731445492,1.242725683765101,0.4413198917942678,0.6680900877171179,-0.031081874267822
qwen-3.5-plus,2,e4afc4,web,40,0.4803649716819491,0.533662694233588,0.7230501852101341,0.8540907650583796,0.7465305923598721,0.3251130559909408
qwen-3.5-plus,1,e4afc4,web,48,0.2001703063989972,0.4302019452946,1.2573160672382002,0.3591446035180686,0.6296823887034051,0.0902986277538381
qwen-3.5-plus,1,e43ab5,mobile,40,0.4489423090120427,0.4467222652442509,2.47588600967424,0.7491664694693421,0.6914170717267804,0.3927569471019716
qwen-3.5-plus,1,e451ee,poster,40,0.2189674733291534,0.4305327976125797,1.7235687609412138,0.3881140144149184,0.6065209376768754,0.0985373069508906
qwen-3.5-plus,3,e4afc4,web,50,0.5168698318500635,0.53610951698701,0.7034662605346345,0.9181629756154456,0.7403957576807043,0.4246491813718149
qwen-3.5-plus,2,e43ab5,mobile,40,0.2073646203834179,0.4149460573706854,1.8512211625607655,0.196384630667607,0.6028633905373484,0.1504513794859177
qwen-3.5-plus,3,e43ab5,mobile,30,0.1441973105336235,0.3607998180913155,2.7845353270407145,0.1696062357938178,0.6202206461279735,0.0229856773542332
qwen-3.5-plus,2,e451ee,poster,47,0.2797123195039866,0.4394941089638745,1.8010820207183962,0.485683863712709,0.6437546109334306,0.173730138801427
qwen-3.5-plus,3,e451ee,poster,30,0.1123922842816894,0.3521629749727782,3.2801388057168555,0.1493385207836423,0.514361558827844,-0.0245264797362909
qwen-3.5-plus,2,e5174e,mobile,40,0.7007468668727267,0.6730087046699454,0.5885840656658845,1.094854568973459,0.7715772789334606,0.6668130777461675
qwen-3.5-plus,3,e5174e,mobile,40,0.7279036011641558,0.6773553623347857,0.4168248585820026,1.151433507420079,0.7926296088656963,0.6572421089390866
qwen-3.5-plus,1,e5174e,mobile,41,0.7599754477913166,0.6753488460273613,0.4088018742893458,1.199733629797907,0.7930312513389647,0.7057916960064738
qwen-3.5-plus,1,e5a7be,web,50,0.5717424091701038,0.4703409448304992,1.8337912383530064,1.2535804401269492,0.7052850903115085,0.5084087267292767
qwen-3.5-plus,2,e5a7be,web,42,0.4905935368939705,0.4382270098091657,1.929326421877951,1.0866382649242474,0.7279626848203461,0.4936392938954337
qwen-3.5-plus,2,e4f360,mobile,31,0.669154829285947,0.4898525626934518,2.366882048305584,1.663735142966754,0.7327388777015292,0.6730241195930841
qwen-3.5-plus,3,e5a7be,web,40,0.5476657042249302,0.4954122926760417,0.954528589948702,1.2480169716689806,0.8111080012249942,0.5029885446598528
qwen-3.5-plus,1,e4f360,mobile,41,0.6710546463416766,0.5151613336176644,1.901586906329792,1.7011240962693868,0.7515723584135473,0.6603432257137211
qwen-3.5-plus,3,e4f360,mobile,47,0.5214040225116415,0.4632016687773256,1.0302343348849456,1.3098433116764805,0.7976585835789634,0.4508179790133823
qwen-3.5-plus,1,e5635e,mobile,38,0.2686933960907851,0.4294108826582204,2.3554123176775077,0.4467393453200222,0.6316940847998543,0.2223589192343735
qwen-3.5-plus,1,e60745,web,44,0.4159313784271207,0.500042552076148,1.0967117298732334,0.9872414666922604,0.7945496035918692,0.3530432008235065
qwen-3.5-plus,3,e5635e,mobile,40,0.2927955557081456,0.4446755070260355,2.1969849318060524,0.5601728780528673,0.6436550756724584,0.2023445936370982
qwen-3.5-plus,2,e60745,web,43,0.3270416778511388,0.4618924569244298,1.3035241925966905,0.791891247279521,0.7552704146578986,0.2389135850319764
qwen-3.5-plus,3,e60745,web,40,0.2862551542769481,0.4491311872625351,1.4491454735137297,0.6824353349378294,0.7421507109489042,0.1622260369566925
qwen-3.5-plus,2,e5635e,mobile,51,-2.0134417712666696e-05,0.2960294288399011,3.907155851136211,-0.0712880635761556,0.4558295224380765,-0.1519260114492386
qwen-3.5-plus,1,e643f8,web,79,0.3337094545800348,0.5208160831866366,0.9082944033177168,0.5697367247566657,0.6972048218361682,0.3174514376843336
qwen-3.5-plus,2,e643f8,web,54,0.4172325103006957,0.5335883477394692,0.959600447813252,0.6849026456877934,0.7199543500924152,0.3555067313911103
qwen-3.5-plus,3,e643f8,web,48,0.4605120490940092,0.5607589294660591,0.8813844977707166,0.7658974309828139,0.7206248915351601,0.424977413095239
qwen-3.5-plus,2,e624e7,mobile,40,0.3831000254441835,0.4264559578259476,2.5274874462269836,0.6397799298564977,0.6680462771921108,0.3490331016476032
qwen-3.5-plus,1,e624e7,mobile,40,0.3728849563909335,0.465702144720846,2.3852229759739054,0.6455582346813109,0.645438444302835,0.3133254493887463
qwen-3.5-plus,3,e624e7,mobile,31,0.2214938498762947,0.3971392696434512,2.863237517491351,0.4800701434780064,0.6137191749315142,0.1807364222385536
qwen-3.5-plus,2,e64d79,poster,36,0.3480849469825597,0.3985343198581259,2.610657248665943,0.5547425433081471,0.6911996469987206,0.2401021194676372
qwen-3.5-plus,3,e64d79,poster,30,0.2966404413315786,0.3449972732450291,3.804033284333033,0.4659293739239099,0.5885197864148661,0.1203827627973603
qwen-3.5-plus,1,e64d79,poster,31,0.2958674351680966,0.3232273790117606,3.782049845090952,0.3851917560785604,0.643667540313899,0.1337979941986967
qwen-3.5-plus,1,e64eb8,mobile,48,0.2395771344252522,0.4096847418362635,2.2193658999337544,0.3780017147759628,0.5981342741247913,0.214975118316296
qwen-3.5-plus,3,e64eb8,mobile,47,0.1307589640386825,0.42072194288719,1.9994342544106916,0.1667923640464414,0.527362164600975,0.1337990331629397
qwen-3.5-plus,2,e64eb8,mobile,30,0.2860463053958675,0.4043419451723852,2.4305884986858377,0.3570075621297598,0.6056894506065511,0.2860569523295742
qwen-3.5-plus,1,e6b882,web,40,0.1747052187300201,0.4007151165476996,1.329760091894331,0.276014955770913,0.6744587582721737,0.0398311594122663
qwen-3.5-plus,2,e6b882,web,47,0.0310908495195304,0.3699774244967768,1.745935415445177,0.0537960982420807,0.5644803283131572,-0.0589573847415914
qwen-3.5-plus,3,e6b882,web,48,0.2824430330417529,0.4765715430589285,1.1604308849298142,0.4533356497004094,0.679892215020794,0.1147366958757913
qwen-3.5-plus,1,e69624,mobile,30,0.358860515355365,0.4498351762718779,2.0580405368532557,0.4110941497766507,0.6332907623896297,0.3593929473986668
qwen-3.5-plus,2,e69624,mobile,48,0.2958804391815273,0.4948450554123111,1.5758171006467458,0.1783349752861053,0.6164565839397478,0.2941513342219289
qwen-3.5-plus,3,e69624,mobile,30,0.228009501616989,0.4092439603181507,2.3569292433690947,0.2240526149547251,0.5721905587558864,0.2283962495219684
qwen-3.5-plus,1,e6c62e,web,48,0.2886003895121548,0.4869821035278286,1.0513392749590291,0.5012591138189156,0.6883867665890216,0.2011133351407179
qwen-3.5-plus,3,e6c62e,web,38,0.265746539213054,0.4693059474292191,1.2776416848167578,0.5108448421088853,0.6966703183794748,0.1861295068086153
qwen-3.5-plus,2,e6c62e,web,40,0.3458471734568259,0.5231684881522914,0.9934437631234768,0.5779067443149913,0.7047304446743438,0.2834536393401192
qwen-3.5-plus,1,e7022f,web,30,0.3294618838142367,0.3011276923844008,5.200721567703663,0.667200137698337,0.5031736533456169,0.2794821939718238
qwen-3.5-plus,2,e7022f,web,48,0.6001120407263232,0.5019472707780812,0.7925356857995467,1.3501615414243264,0.8397361958957337,0.491513909117256
qwen-3.5-plus,3,e7022f,web,49,0.3525863349622502,0.3790624478224964,1.2728270922069789,0.8244279806082819,0.753154967465236,0.2673120034564786
qwen-3.5-plus,1,e711e6,desktop,40,0.4884289275769347,0.5336955274324401,0.8282400973056837,1.0187634366802665,0.781316510892619,0.3325588174597354
qwen-3.5-plus,2,e711e6,desktop,40,0.4482678414587024,0.4929088029961018,0.9064673959268812,0.8469865276496642,0.7400894982622624,0.3283376521035752
qwen-3.5-plus,3,e711e6,desktop,46,0.53426409882266,0.5386959980536015,0.8767178092015072,1.0641387972280087,0.7768103589335769,0.4015066610634564
qwen-3.5-plus,2,e7163d,web,49,0.1869807474642068,0.4929932608284079,0.8499966131043667,0.3245123698369511,0.5799022628256756,0.2862632979388964
qwen-3.5-plus,1,e7163d,web,49,0.2517222669931408,0.5106950132809253,0.8363058524623985,0.3735995677050792,0.5850006796794958,0.3245408874669902
qwen-3.5-plus,3,e7163d,web,40,0.3021562567636414,0.5377418188348106,0.7164309085814637,0.4730561197107523,0.629320866997292,0.2861044040925536
qwen-3.5-plus,2,e734ce,poster,45,0.3035974505294351,0.5477434301546826,0.7381857213185181,0.4040268775478577,0.6160254676959905,0.3081734833312867
qwen-3.5-plus,3,e734ce,poster,50,0.2114713201622325,0.5272998419137448,0.7818274147694814,0.3067067926922163,0.6069775131455128,0.2473396581279984
qwen-3.5-plus,1,e734ce,poster,40,0.0328073480545946,0.4903348984761009,0.9505020294131964,0.0445734390100804,0.5107577810373152,0.1466570976959698
qwen-3.5-plus,1,e70774,poster,41,0.5517921736855638,0.5442266256173315,1.3211899374101534,0.9171542194907832,0.7771378134783015,0.498974681846195
qwen-3.5-plus,2,e70774,poster,40,0.5953541610942648,0.577515755544941,1.2975705482803008,0.9842792208858552,0.7928494092144537,0.5296053535084249
qwen-3.5-plus,3,e70774,poster,40,0.6344397651039986,0.5984226722061132,1.1562516399941396,1.058085735666193,0.8038487378649909,0.5648708348410987
qwen-3.5-plus,1,e74016,web,61,0.5222389070639559,0.5758431877254933,0.6098064456834542,0.7938227642429526,0.7641868602326807,0.167056648720815
qwen-3.5-plus,3,e74016,web,48,0.5424863068699515,0.5847869460405104,0.5903027893831687,0.90994513882806,0.7563405082282444,0.2529079431418476
qwen-3.5-plus,2,e74016,web,40,0.3275177366928717,0.4969904321738568,0.8927702751389115,0.6585222401095826,0.7046134079312877,0.1011181157439034
qwen-3.5-plus,1,e78858,desktop,50,0.4110772498716394,0.4317770862354067,1.0945972223986578,0.783743657515139,0.676034162581272,0.4041162452171177
qwen-3.5-plus,3,e78858,desktop,50,0.383464647185455,0.4407935919056864,1.4198687782919108,0.6431366181123149,0.671133425115275,0.3782299478336631
qwen-3.5-plus,2,e78858,desktop,48,0.1510301621081565,0.3539339121897364,1.8682760118211112,0.232379225308607,0.6060303200256467,0.048007164546895
qwen-3.5-plus,1,e73aab,poster,46,0.0511626303788412,0.1980891374628098,5.688001506083697,0.1236867237416133,0.441783829743428,0.0113474648699519
qwen-3.5-plus,2,e73aab,poster,47,0.2488291134911019,0.3908268533777925,2.624114656773397,0.5189430198505878,0.7038952734529147,0.2468132920359328
qwen-3.5-plus,3,e73aab,poster,45,0.3163548908476924,0.4321196684213375,1.8806901426842124,0.6305061763834909,0.7047397745941791,0.318550691873402
qwen-3.5-plus,1,e7be99,desktop,36,0.5388604578643728,0.5804986014025403,0.6273061632430195,0.994896053027033,0.7991702136093742,0.4740252330510045
qwen-3.5-plus,1,e7e0d0,web,40,0.2886256401944259,0.5153634455836811,0.884002297369027,0.4668913705141365,0.6655833100057557,0.1529072380598488
qwen-3.5-plus,2,e7be99,desktop,32,0.491038444440143,0.56563961229516,0.6840498008813799,0.91183561657091,0.8013459982578318,0.4468556854217965
qwen-3.5-plus,3,e7be99,desktop,51,0.2979734209906384,0.4314009530715631,1.2490549757152345,0.502027984066129,0.6268807324415222,0.0765310870835855
qwen-3.5-plus,1,e7a5c0,poster,50,0.4041862898759653,0.460395431334319,2.989230212904099,0.6812290266169202,0.6126984700938576,0.198853229793823
qwen-3.5-plus,2,e7e0d0,web,38,0.2390948027893137,0.5041911261868066,0.9215577673755656,0.3972410081421227,0.6489474463138668,0.1286053122856522
qwen-3.5-plus,2,e7a5c0,poster,40,0.4906091822731695,0.5045732479916307,2.634098810242262,0.9781279067202026,0.6651052159308761,0.3324642716629414
qwen-3.5-plus,3,e7e0d0,web,40,0.1415891327025685,0.4715982905645343,1.1658908611480874,0.2264123780267076,0.6263692412118518,0.0355888549266567
qwen-3.5-plus,3,e7a5c0,poster,48,0.3428889815135394,0.4461881463373619,2.9939699566208904,0.4752246361399685,0.5877027704557577,0.104691298276136
qwen-3.5-plus,1,e82dd7,poster,47,0.542934758296228,0.5532122064368759,0.7194380334625019,0.8712609438042767,0.7273976562989154,0.5476065068161746
qwen-3.5-plus,3,e82dd7,poster,45,0.4375449484781084,0.5151697787806693,0.8177190665349761,0.7479450174096578,0.7097640805895469,0.4284389636159635
qwen-3.5-plus,2,e82dd7,poster,45,0.4960648465485613,0.5449908344811747,0.771726294985613,0.8220442129129404,0.7239667826330117,0.4952853474361402
qwen-3.5-plus,1,e84071,desktop,49,0.5094744243210453,0.5777347557008127,0.5373045666473082,0.7369397716663556,0.7111982823765136,0.3674877511247965
qwen-3.5-plus,2,e84071,desktop,37,0.5720755079650335,0.5892768319052129,0.5084338217267239,0.792446203573436,0.728207131540602,0.3632587065434103
qwen-3.5-plus,3,e84071,desktop,48,0.2764156060629711,0.5079729766364378,0.7023673623760829,0.3418062831047058,0.5897057374219828,0.060215849826281
qwen-3.5-plus,1,e663f9,poster,40,0.0741041539556954,0.1866918256042056,4.975946526452164,0.0785702109374804,0.3958140346758897,0.0600723299088729
qwen-3.5-plus,3,e663f9,poster,43,0.0935043283589535,0.2043999271793688,4.744958746767643,0.1954245488647232,0.4043888155885191,0.057431319120487
qwen-3.5-plus,1,e85138,poster,50,0.3009251767114432,0.4660097627189064,1.2364827087655244,0.5679716039816683,0.6510860358601135,0.2579136856253317
qwen-3.5-plus,2,e85138,poster,49,0.3450436775328973,0.4847538387325434,0.9720810456820984,0.6000673892177198,0.6831572993417456,0.2908951642530217
qwen-3.5-plus,3,e85138,poster,49,0.605151650012349,0.5957939115699953,0.5972130264083377,1.0063083572408504,0.7440647250224339,0.5865563591017898
qwen-3.5-plus,2,e663f9,poster,49,0.0443037088786311,0.1993431575886651,4.757107396920054,0.0701415796206137,0.4153588972515414,0.0306688350230922
qwen-3.5-plus,2,e84796,poster,46,0.4033013655726031,0.4170612824947652,1.4259553770708164,0.8529022778821886,0.7584645795074418,0.3843805131019575
qwen-3.5-plus,1,e84796,poster,40,0.3117763878275753,0.3809037952177165,1.6285814080176906,0.5901430391399181,0.7615820413104142,0.2452732285099366
qwen-3.5-plus,3,e84796,poster,40,0.5728568625449578,0.5093218292918988,1.1950294427760149,1.2422340556142817,0.8207220658408254,0.5250663610391874
qwen-3.5-plus,1,e864da,desktop,40,0.2861524784521403,0.3932089182953522,1.2295728426838943,0.7054805812082781,0.7249100051330836,0.2787271958349436
qwen-3.5-plus,2,e864da,desktop,40,0.453332579848004,0.4653945389895013,1.0762924227600332,1.043817194479823,0.7701932212501561,0.4475627599183956
qwen-3.5-plus,3,e864da,desktop,48,0.2366641187484306,0.3900670106562002,1.2911961907811895,0.5999592330584729,0.6815736048918825,0.2213237172799315
qwen-3.5-plus,1,e86e77,poster,51,0.20843320636796,0.4787877103649045,0.8251477557241089,0.349719739190186,0.6842384827987027,0.3358517252048831
qwen-3.5-plus,1,e856d3,poster,40,0.4416083206868166,0.4977871701215933,1.9903940858761768,0.7396647422285874,0.7508490401318606,0.4627802345468995
qwen-3.5-plus,2,e86e77,poster,50,0.6015306307734056,0.570375988443443,0.613929323349067,0.996186503196546,0.7603463893977992,0.5860499297042429
qwen-3.5-plus,3,e86e77,poster,40,0.5603619282021287,0.5931262159019874,0.6104974445980156,0.9157187138067748,0.7283923916766633,0.5837996588054895
qwen-3.5-plus,2,e856d3,poster,49,0.6819203244750365,0.5646044637577343,1.7505919339085991,1.3298420627489824,0.7793182247284993,0.701366149619036
qwen-3.5-plus,3,e856d3,poster,47,0.3557594947906649,0.4876687087269205,1.54464281215725,0.5929706955780132,0.7035894705320889,0.3604430395344637
qwen-3.5-plus,1,e8b226,desktop,47,0.0031003324002151,0.3765951351524103,1.804488363168098,-0.0528418671082153,0.5159446185111567,0.0011397998725417
qwen-3.5-plus,2,e8b226,desktop,34,0.0921380864925979,0.3878479403538766,2.0388524667999657,0.1425622302181141,0.5638342015031327,0.0846631738638071
qwen-3.5-plus,3,e8b226,desktop,46,0.0439942418993442,0.3768709921548816,1.9979079364568464,0.0700406242060053,0.532157659726558,0.0354488771764895
qwen-3.5-plus,1,e8d8ff,mobile,29,0.5263131269856337,0.509180594717999,1.486105772762386,1.241539355517135,0.7869925008784479,0.508329838592808
qwen-3.5-plus,2,e8d8ff,mobile,42,0.5955393932816523,0.5444075109778928,1.3268211037907536,1.2251191416491374,0.8082775027893937,0.5412266518704301
qwen-3.5-plus,1,e93e5e,poster,50,0.4915328990036449,0.5628129908729326,0.6225297939041329,0.7555521338858383,0.746961133744465,0.4892183030374643
qwen-3.5-plus,2,e93e5e,poster,50,0.4537191183794468,0.5469123774884095,0.7146409685518,0.7546159621425819,0.7221681185055473,0.4354540419914049
qwen-3.5-plus,3,e93e5e,poster,45,0.6198911142422106,0.607569625028788,0.5835554100950329,0.9936261019161924,0.7721672692009778,0.6027947208185386
qwen-3.5-plus,3,e7e220,poster,29,0.1895297052433637,0.1988433085608233,5.060007669427592,0.2170648298640602,0.4539964852197508,0.1666737610341115
qwen-3.5-plus,3,e8d8ff,mobile,35,0.5941453106738146,0.5666555916450207,1.011756661468836,1.2486346724743576,0.8120265834295199,0.5545754454896192
qwen-3.5-plus,1,e9465f,poster,49,0.4803599607732652,0.6237430609918493,0.5506733919196819,0.7009565193345535,0.7051572307936044,0.4601782581058817
qwen-3.5-plus,2,e9465f,poster,40,0.6246215058744264,0.6721040343618584,0.4337009593236428,0.8977535328455165,0.7375607216975804,0.5889767093344433
qwen-3.5-plus,3,e9465f,poster,50,0.5117182199794161,0.6413794673726527,0.4196568246335417,0.7266393873088466,0.7172240425331439,0.5072655278370686
qwen-3.5-plus,2,e7e220,poster,44,0.1889683222786287,0.244666173791985,4.5731680343040395,0.2093056068685877,0.508526260386209,0.1379607149990059
qwen-3.5-plus,1,e8739a,poster,28,0.1153155837765556,0.2395510988854789,4.217284468611,0.1929026220831393,0.5356419982513826,0.0054301645103542
qwen-3.5-plus,3,e8739a,poster,37,0.1628001612938151,0.2953821011588586,3.752520015766125,0.1625930225837587,0.5371119735027032,0.0111566776553958
qwen-3.5-plus,1,e7e220,poster,34,0.1641815815445279,0.2083852881780599,5.0214854916188445,0.1827371109861545,0.4396021461066909,0.1295218024343728
qwen-3.5-plus,1,e948ad,poster,40,0.1826313392707365,0.4804733083275995,1.1461203075335,0.3499928396735153,0.6034148594094434,0.064101169507851
qwen-3.5-plus,1,e99f26,desktop,49,0.6460412343926043,0.5953078175986863,0.6355936771058175,0.9334185883716832,0.7039785054506891,0.5844068779412597
qwen-3.5-plus,3,e948ad,poster,48,0.2076309024140553,0.4919233348143352,0.9620705500019756,0.3354619923688582,0.5837082402781668,0.1469692763278994
qwen-3.5-plus,2,e99f26,desktop,48,0.5045815444235908,0.5468222030205924,0.749745118014673,0.7349971965345247,0.6989922857015095,0.4028677464370805
qwen-3.5-plus,2,e948ad,poster,50,0.1624727194277448,0.5008952622427242,0.865749057440758,0.2859479098478097,0.5790090572163866,0.1668784905220111
qwen-3.5-plus,3,e99f26,desktop,40,0.3818143320490289,0.4902346094935961,0.915638868293525,0.5761165173567827,0.633655276638555,0.2753092367983724
qwen-3.5-plus,2,e8739a,poster,40,0.2080587104513903,0.304704609182058,3.67038236223641,0.1627949909098356,0.5505454691197005,0.0038521519952188
qwen-3.5-plus,1,e946d8,mobile,41,0.069062845653495,0.3985542260817291,2.1180095639351557,0.0770115899340491,0.5418959295186454,0.0590635659397888
qwen-3.5-plus,2,e9a4e4,web,59,0.1064676990453953,0.4574205859488015,0.9605081621227924,0.2116888564843352,0.5647111630384938,-0.0007060323940906
qwen-3.5-plus,3,e9a4e4,web,51,0.3974627274073942,0.564795424134948,0.7139527275513996,0.5644373807508553,0.6690023798569114,0.219253412930777
qwen-3.5-plus,2,e946d8,mobile,44,0.0694131223685509,0.4087147264606466,1.9017694687563775,0.106575470085085,0.5226651017308661,0.0703058992705715
qwen-3.5-plus,1,e9a4e4,web,50,0.3286128131416668,0.4951606706957265,1.0929848590425713,0.5294499684153988,0.6500736275709024,0.3724641351564715
qwen-3.5-plus,1,e9b8fa,web,48,0.1413731039591544,0.3926228725109397,1.5793256954247747,0.2102229643851233,0.6050198788069184,0.057303602436492
qwen-3.5-plus,3,e946d8,mobile,50,0.1007524660296464,0.4271149546648036,1.8251276515976296,0.1433357407796095,0.5380653162701463,0.0969825168080019
qwen-3.5-plus,3,e9b8fa,web,48,0.1775846576172138,0.4091643764466037,1.5434226659571302,0.3057047846794371,0.6231163517313931,0.1173982274085292
qwen-3.5-plus,1,e9b913,web,56,0.0321110176323042,0.400569402478024,1.8463001201275793,0.0886893643220333,0.5490125360490605,0.0733933810663868
qwen-3.5-plus,2,e9b913,web,51,0.0371072744578969,0.398387728972433,1.7948414368924328,0.0788380856677288,0.5434068482047671,0.0184813970394515
qwen-3.5-plus,2,e9b8fa,web,35,0.178727009829595,0.3603034295571448,1.913482836775696,0.2647643513403497,0.6252988847130223,0.1195625670473356
qwen-3.5-plus,1,e9cc4c,desktop,33,0.2912283111410438,0.4263771601210305,1.6864617691769777,0.4569430592939126,0.6549697927931921,0.2670846775608136
qwen-3.5-plus,1,e9f3a6,poster,48,0.2664858613172364,0.6298836650920312,0.4788566252042809,0.2674122492611482,0.5706124651389147,0.2208313028248118
qwen-3.5-plus,2,e9f3a6,poster,40,0.2511226796762285,0.6330641127538049,0.4720762293408864,0.2495567295256456,0.5726325715294971,0.1938299213288799
qwen-3.5-plus,3,e9f3a6,poster,46,0.3016392387535592,0.6426148754561443,0.4368906866036876,0.3414205926348747,0.6006626726620838,0.2267422720962789
qwen-3.5-plus,2,e9cc4c,desktop,35,0.1825500120100493,0.3793756713093457,2.0651299450996374,0.2925758437839024,0.6087146852554437,0.2681897611996251
qwen-3.5-plus,3,e9b913,web,47,0.0271646584049485,0.4253132845723958,1.5938760148743392,0.0743401913815622,0.5232568597351664,0.0722299200569334
qwen-3.5-plus,3,e9cc4c,desktop,45,0.2822628568885055,0.43028746884735,1.1525784916365125,0.5033057351589404,0.6471665690193102,0.3507429492133837
qwen-3.5-plus,2,e9f7f7,poster,45,0.6728927882266423,0.6358572008542991,0.4844596496862595,1.1109550298720778,0.8013658816675201,0.5682114154589384
qwen-3.5-plus,1,e9f7f7,poster,49,0.6636057560074061,0.6268799554233053,0.4735439732726351,1.0755892902615485,0.8057362249948865,0.5653322298147002
qwen-3.5-plus,3,e9f7f7,poster,40,0.7124960232664743,0.6621113436412873,0.4324264688250284,1.184101116878292,0.8142641469410258,0.6317155958353304
qwen-3.5-plus,1,e9ec93,desktop,49,0.4323697080072977,0.4787172114997913,0.903364251035968,0.9802634507777404,0.7876221805894615,0.1778896417009187
qwen-3.5-plus,3,e9ec93,desktop,49,0.2063364928674556,0.2734224568094936,6.336014771584764,0.4017014558237942,0.4269750751429215,0.1264399803484412
qwen-3.5-plus,1,ea01c0,poster,50,0.701065575174962,0.6122679096146258,0.5322717653388547,1.3166197914522997,0.8146393099958116,0.6894324113366413
qwen-3.5-plus,2,e9ec93,desktop,50,-0.008952621181079,0.1677569029956779,6.642201354901031,-0.0194132788536848,0.4057383647813362,-0.1251129339278571
qwen-3.5-plus,2,ea01c0,poster,50,0.5525355024499893,0.517216099821471,0.7870841869843155,1.0426048560012129,0.7735173608774054,0.5314165731768352
qwen-3.5-plus,3,ea01c0,poster,43,0.5313159529111867,0.5049596716040203,0.7200931891694715,0.995239319789296,0.7828845338429539,0.5450442450511414
qwen-3.5-plus,3,e9f7d6,web,54,0.0703152527746993,0.4642699428189737,1.2272180692122805,0.1435021132313639,0.5512749386585063,0.0412542748193077
qwen-3.5-plus,1,e9f7d6,web,44,0.0834313857119237,0.4423826861523033,1.618104285325601,0.1959632452793814,0.5495499858469153,0.1288800888767662
qwen-3.5-plus,2,e9f7d6,web,48,-0.0225735910254482,0.4216728696283227,1.4516970788619603,-0.0094442946483084,0.5338170700329266,-0.0160250825401611
qwen-3.5-plus,1,ea0f94,poster,40,0.3147321078029134,0.5998318205928443,0.9296156166400188,0.5023454498036312,0.6368134733162544,0.2773141946915605
qwen-3.5-plus,3,ea0f94,poster,40,0.2019833011440132,0.5837051001316736,0.9012660847244574,0.3224995674950077,0.581947381914711,0.0952378378951231
qwen-3.5-plus,2,ea0f94,poster,40,0.1826095863450479,0.5356491255841165,1.3077849232712655,0.3555800711082876,0.6052050028874737,0.2137553274194103
qwen-3.5-plus,2,ea39db,desktop,45,0.3336589265577763,0.4734532095367829,1.19295595059973,0.6539443892057245,0.6740039071406734,0.3358652657316336
qwen-3.5-plus,1,ea39db,desktop,40,0.2914954049510609,0.477920632891314,1.121945475031863,0.6921619309783088,0.6901926143099402,0.3061237906094692
qwen-3.5-plus,3,ea39db,desktop,40,0.3495301767855888,0.4846740506962531,1.1013500270867045,0.7085404287835106,0.6649981937645447,0.3584385939845933
qwen-3.5-plus,2,ea4596,desktop,45,0.542993244201643,0.5698815503242769,0.7980284560080904,1.0729372530553205,0.7727657131456198,0.4187259404354482
qwen-3.5-plus,1,ea4596,desktop,45,0.5914621595586502,0.5756874436561377,0.6136351783901219,1.1304983742013606,0.7938521453374769,0.4310398795149823
qwen-3.5-plus,3,ea4596,desktop,41,0.5801566243920502,0.5585455857059074,0.6360287823503736,1.0883649107425926,0.7941457422283725,0.3850081574871702
qwen-3.5-plus,1,ea57c5,web,43,0.0627733062910043,0.3579925150066442,1.9921208935600807,0.0811036875992105,0.5226433366892559,0.0124793025615958
qwen-3.5-plus,2,ea57c5,web,49,0.5407550371043545,0.5861928484929566,0.7128884928086511,0.8557695261995917,0.761984687765165,0.4761577232379291
qwen-3.5-plus,1,ea104d,poster,32,0.2795807292362569,0.3487249501743546,3.0687480620504792,0.5038701787690738,0.642497045519369,0.2862732375529841
qwen-3.5-plus,2,ea104d,poster,51,0.1191028346038729,0.2714588190352018,3.710265235253066,0.2410033359330933,0.6145269755905142,0.1193926394242417
qwen-3.5-plus,3,ea57c5,web,37,0.4787190287651854,0.5441104152797114,1.0732419033274478,0.7850524026997158,0.7305937304103138,0.4313963315695192
qwen-3.5-plus,3,ea104d,poster,39,0.2511610461574868,0.34491164856933,2.8312334547847335,0.4446920423083829,0.6456831060623169,0.2517589986920603
qwen-3.5-plus,1,eabfe2,web,40,0.4541198809588961,0.5101452577802703,1.0238566414152843,0.8158719265320072,0.7075277906898033,0.4648169073944334
qwen-3.5-plus,2,eabfe2,web,40,0.320397540848144,0.3978053432168723,2.454135663018893,0.541235842806206,0.66307234541714,0.3547523087159223
qwen-3.5-plus,1,ea6aef,mobile,40,0.2978009085490544,0.4417895071318584,1.8217115939283792,0.3961203266277557,0.6267862591440391,0.2846984222576577
qwen-3.5-plus,3,eabfe2,web,44,0.1721141579093813,0.3797635966446721,2.5268361956802226,0.2884741085628518,0.5883348433152645,0.2729889847771886
qwen-3.5-plus,3,ea6aef,mobile,41,0.2735907323547671,0.4547006645886687,1.6579491259298678,0.3518886839076529,0.6297092505690285,0.2220112315970867
qwen-3.5-plus,1,ead495,web,47,0.2686339016001215,0.5120079184021828,1.3934182461772275,0.4372178326761617,0.6058350669166628,0.25075453918563
qwen-3.5-plus,2,ea6aef,mobile,40,0.326710693774014,0.4633277630339995,1.6739486273144049,0.4376122537573234,0.6455505431653632,0.2798205269977732
qwen-3.5-plus,2,ead495,web,44,0.0407041008834166,0.3930694968601871,2.074213780872504,0.1321710004539872,0.5409890708685899,-0.0344893944141966
qwen-3.5-plus,3,ead495,web,44,0.2379841184218699,0.4956871942884528,1.5517181396998023,0.3878433245853122,0.594832232349807,0.2233356677908855
qwen-3.5-plus,1,eadf4b,mobile,37,0.0937158161594579,0.356339242862198,3.2691750466598104,0.1897475169236702,0.5523959399930918,-0.0029881252365631
qwen-3.5-plus,1,eae3c4,mobile,50,0.3823183313998387,0.4773078668101546,1.5357976162049038,0.6417159351170911,0.7146908331806616,0.3870476176007839
qwen-3.5-plus,3,eadf4b,mobile,46,-0.0458286821283947,0.3243582101118475,3.42421393570782,-0.0517949758352875,0.4615290907161818,-0.1337310410232898
qwen-3.5-plus,2,eadf4b,mobile,42,0.0659689682813449,0.4189756855515539,2.798831126412728,0.0744682551914932,0.5142798801469719,-0.0638826519849479
qwen-3.5-plus,2,eae3c4,mobile,23,0.3182921807768244,0.4092353222936746,2.2639446860593475,0.5454277573097803,0.7025232266219663,0.3370352097879099
qwen-3.5-plus,1,eb0400,web,40,0.4998966114400179,0.5741143173389611,0.6479421560538536,0.9229869113997764,0.7573634712278509,0.458742770960893
qwen-3.5-plus,2,eb0400,web,35,0.3432173918018199,0.5199286365952616,0.7801240208874086,0.6362962424360114,0.7267386551152951,0.2760486475702616
qwen-3.5-plus,3,eae3c4,mobile,40,0.2620898950588142,0.4178092551763215,1.7500631969150295,0.466862336784291,0.6706060441893495,0.2507123969498632
qwen-3.5-plus,3,eb0400,web,44,0.356788637341355,0.5021809906583758,0.8279763773572444,0.6365139249350503,0.6925410333031744,0.3096971077965513
qwen-3.5-plus,1,eb1040,web,38,0.3116385075446176,0.4983928256125753,0.9063173176850816,0.6052178896097712,0.7406830966037361,0.2199090905612824
qwen-3.5-plus,2,eb1040,web,79,0.0625094503394794,0.4353550174914294,1.1925634875575726,0.1399795582086695,0.5362919061514426,-0.2643679238900189
qwen-3.5-plus,3,eb1040,web,46,0.2608149207951335,0.4792373415016042,0.9379886382977408,0.5253249755356288,0.7348298613830874,0.1806851097503987
qwen-3.5-plus,1,eb06ec,mobile,40,0.3239813575905353,0.4399401157108583,2.029971109788334,0.506360617032173,0.624439060430392,0.2434412018220733
qwen-3.5-plus,1,eb334e,desktop,40,0.7251560605120962,0.5670654009105338,0.9759118659070052,1.973624516194091,0.8624870902853952,0.7026891008007484
qwen-3.5-plus,2,eb334e,desktop,52,0.7307713171648734,0.5588336661953056,0.7419946043612615,1.8132926116538397,0.8650180626886561,0.7085744965781415
qwen-3.5-plus,3,eb334e,desktop,38,0.7155363328691489,0.5563233919931431,0.899149136462345,1.8758802631214104,0.8620498023129565,0.6892902290617913
qwen-3.5-plus,3,eb06ec,mobile,41,0.2114696556694578,0.4074309527303933,2.072100904537596,0.382237344446854,0.5700312903062943,0.1049153493229139
qwen-3.5-plus,2,eb06ec,mobile,40,0.289915034954838,0.414050615005387,2.125563060867554,0.4931871073527093,0.605210192008395,0.1556349998244993
qwen-3.5-plus,2,eb34f4,desktop,50,0.1892740812496762,0.328321017094317,3.9264345092035113,0.4441985648046991,0.5420292072999402,0.1856736101443523
qwen-3.5-plus,1,eb34f4,desktop,27,0.5783027165230539,0.5090077635949012,1.6107056289331223,1.2062023818736864,0.7337273925420738,0.6253749851189937
qwen-3.5-plus,1,ebd305,poster,81,0.2531500790322631,0.4604566707719879,0.9350264424726236,0.4562448463416454,0.634637751692664,-0.0310644571245248
qwen-3.5-plus,1,eb529b,mobile,50,0.7610931669423346,0.7122206095667073,0.4663578971437171,0.9791436881669704,0.7596647479370041,0.7639200185263088
qwen-3.5-plus,2,eb529b,mobile,50,0.3947962176527534,0.5827607962990692,0.7574511039762103,0.4912529376149642,0.6786804094058541,0.3991542301631279
qwen-3.5-plus,3,eb529b,mobile,41,0.5072710907628568,0.6083828315451199,0.5530678172395742,0.6171657522274249,0.6679116380744837,0.5103938547200914
qwen-3.5-plus,3,eb34f4,desktop,33,0.5235492138282961,0.4887435444628095,1.773760548224969,1.115863890214952,0.7151745891890378,0.5902366981912262
qwen-3.5-plus,2,ebd305,poster,40,0.3003270747364341,0.4971987793593159,0.857303411238727,0.5684553643639235,0.6724282818331684,0.172327446662903
qwen-3.5-plus,1,ec53c3,poster,50,-0.0650874593882063,0.4668226435805674,0.9498179793716368,-0.0735013386661514,0.4899178886371904,-0.3738863159812845
qwen-3.5-plus,3,ebd305,poster,50,0.0790868625524533,0.4423388927798888,1.2254457995577748,0.1673141062863734,0.5494230575038699,0.0286373109921372
qwen-3.5-plus,2,ec53c3,poster,51,0.0847139850471138,0.5355270030864503,0.6887348040311843,0.1388855577117579,0.5330003535605039,0.0392652114909336
qwen-3.5-plus,3,ec53c3,poster,45,0.1253956248416766,0.5330732422808192,0.7057176586901187,0.1556965544997231,0.5525576230644277,0.0076594467698345
qwen-3.5-plus,2,ebe076,mobile,36,-0.1579170078647099,0.3323407528156169,2.1230540050802604,-0.2380372603152746,0.4534298567670636,-0.6359440837817751
qwen-3.5-plus,3,ebe076,mobile,42,0.0157015946696707,0.3954889613296161,1.1747924721655176,0.0559010679602866,0.5168111189827691,-0.1604000778770869
qwen-3.5-plus,1,ebe076,mobile,44,0.5533851520251757,0.6131243271442034,0.7158469798033804,0.7363801599830306,0.7191799566174115,0.3633805288440209
qwen-3.5-plus,1,ec6510,mobile,33,0.0979547001976451,0.3635168841088924,2.952732847575539,0.0060639547062233,0.5356904196792452,0.0427026517785629
qwen-3.5-plus,2,ec6510,mobile,33,-0.1389379841323741,0.2567590625911629,4.4334373684020925,-0.2684073598723058,0.3925996976797046,-0.1533418779424061
qwen-3.5-plus,1,ecd2f0,web,40,0.4063303404586683,0.4571729926610386,1.9254128014586651,0.731777033914882,0.7390683855662448,0.3642012322467525
qwen-3.5-plus,3,ec6510,mobile,42,0.2699895689918534,0.4763160893804026,1.743949394208914,0.3087506667643711,0.6349772680852632,0.1879065644840026
qwen-3.5-plus,2,ecd2f0,web,35,0.4476891820093608,0.4676278547562291,1.6950097957509378,0.9548269565881184,0.784122412657535,0.4623091695123782
qwen-3.5-plus,3,ecd2f0,web,45,0.4156452547335678,0.4615049934761809,1.7352333563342754,0.7780745593130594,0.7836489366980113,0.3946409011508027
qwen-3.5-plus,1,ecf129,web,46,-0.0087550408653688,0.4523360469687055,1.1418396418844337,0.0427776337635905,0.5708849875505991,-0.0215514728811427
qwen-3.5-plus,2,ecf129,web,42,-0.0883207993077044,0.3940920067966094,1.5867140944797753,-0.0239743208208476,0.5399082739682862,-0.0943041957421102
qwen-3.5-plus,3,ecf129,web,62,0.1280208149220655,0.5084734478727506,0.991399364319719,0.1309286802593585,0.5634776938006206,0.1047432032634161
qwen-3.5-plus,1,ed1239,web,52,0.2090164085869804,0.4044459963313055,1.2979597682579749,0.4569716841310978,0.6452932844554575,0.1784097407756599
qwen-3.5-plus,3,ed1239,web,38,0.3734189938558623,0.4832343776148641,1.1806471398861689,0.6894177112164767,0.713044435291126,0.3436602086482281
qwen-3.5-plus,2,ed1239,web,46,0.3772231635780546,0.4798013527165887,1.0160899341041325,0.6925750187897677,0.7094761833246135,0.343876314172611
qwen-3.5-plus,1,ecf627,poster,40,0.3552932406470287,0.452479901226429,2.2998274976183315,0.6679037920889058,0.6671669511351173,0.1796427469360236
qwen-3.5-plus,1,ed3849,poster,46,0.5120009105653606,0.5001641026207911,0.7551162567399572,0.8307575963654229,0.7502914031313054,0.5058231535090153
qwen-3.5-plus,1,ed292f,web,90,0.2928075268046201,0.514411474147041,0.7681732442255657,0.5355346714892437,0.6543192303867965,0.1232172133753366
qwen-3.5-plus,2,ed3849,poster,45,0.5848235715228143,0.498213332592859,0.75566853618573,0.9847106337578112,0.7824234511841831,0.5872846264592942
qwen-3.5-plus,2,ecf627,poster,40,0.4547488527868184,0.4812775194342211,2.0343843988880024,0.8239093929747409,0.6807830795074092,0.3275503662989875
qwen-3.5-plus,3,ed3849,poster,50,0.4470417050121978,0.4664855097147823,0.8567970550020269,0.6915216397292041,0.7098914762446895,0.4461156458876858
qwen-3.5-plus,2,ed292f,web,25,0.3931756542309569,0.543588664546855,1.0012399808159351,0.6227047388901473,0.6654110864935974,0.3851363510916532
qwen-3.5-plus,3,ed292f,web,40,0.3643000162107093,0.5401184425887193,0.6806020527822203,0.6664068205202438,0.7127667387615938,0.2580896534889459
qwen-3.5-plus,3,ecf627,poster,47,0.0448248692165721,0.317968917430423,3.935154682207881,0.0516916095184127,0.4542504435260905,-0.0376051514475449
qwen-3.5-plus,2,ed473c,web,40,0.4022734905113097,0.5075152159083021,0.8274533955815104,0.7829885537919747,0.7374529768721041,0.3215141333610443
qwen-3.5-plus,1,ed727a,web,40,-0.0926107755308724,0.3242505131694504,2.5365676736028937,-0.1839222722799397,0.4428678139481797,-0.1325637726154147
qwen-3.5-plus,3,ed473c,web,39,0.5367236536380096,0.5489384944186407,0.7081905829729049,1.0622592291501352,0.7705590422321991,0.4329042981600094
qwen-3.5-plus,2,ed727a,web,45,0.1233544222878489,0.4164389155091857,1.297053836313842,0.1785475149990981,0.5777587350618015,0.0794360603265203
qwen-3.5-plus,1,ed473c,web,46,0.51769378937059,0.5305755486043335,0.7360530001748262,0.996413966602368,0.7645268096491558,0.4209675286297827
qwen-3.5-plus,3,ed727a,web,41,-0.066100242199188,0.3212888870673586,2.6183321027722712,-0.1575116237080999,0.4551518260405566,-0.0994054504516169
qwen-3.5-plus,1,ed8647,desktop,30,0.5646358133250392,0.5394651300779651,0.9020538399586466,0.9993967449874528,0.7437634225025428,0.5103478409036191
qwen-3.5-plus,3,ed8647,desktop,40,0.4741261406239797,0.5018486443682569,1.1144996808979268,0.801681868778035,0.6963301332073625,0.4011524783729575
qwen-3.5-plus,2,ed8647,desktop,31,0.2205186570752115,0.3628481092835108,2.3392749840257876,0.4208678550113063,0.5877431246389395,0.1576389218776848
qwen-3.5-plus,1,edbb42,web,45,0.0114531322868057,0.2952963496981482,3.059611057087963,0.081801050900655,0.5087087386149411,0.0007939115371856
qwen-3.5-plus,2,edbb42,web,50,0.0221035299249689,0.3108404894015008,2.356140641883801,0.0123710471438348,0.5264280918418287,0.0085824319613775
qwen-3.5-plus,3,edbb42,web,47,0.0377255640086094,0.3128780842398109,2.47305421551258,0.0976411783996209,0.544141936865228,0.0177582677199406
qwen-3.5-plus,1,edbf2d,web,54,0.3808039090861113,0.4328826101227946,3.808675766541233,0.5962161495915844,0.5575802901347469,0.2851374468436145
qwen-3.5-plus,3,edbf2d,web,42,0.1031048081877301,0.4040627500077165,1.5859883086511577,0.1642359928352276,0.6012836710347347,0.0404106263025054
qwen-3.5-plus,2,edbf2d,web,50,0.3217899840127979,0.4752088642297888,1.1872151075102289,0.5315587638570188,0.6743851113543581,0.2512818364259037
qwen-3.5-plus,1,ede16b,web,45,0.142949908412691,0.4097864156244293,1.8433891336664352,0.2519811982898094,0.5849211213609544,0.1316237942295657
qwen-3.5-plus,2,ede16b,web,44,0.2287944909840461,0.4461740841360805,1.7426547597515365,0.4110608489531384,0.6216869435516026,0.2113136169266059
qwen-3.5-plus,3,ede16b,web,39,0.1407105159588617,0.3932774509476771,2.492458217370402,0.2871584406492559,0.5846881782565078,0.1244885424019696
qwen-3.5-plus,1,edcc83,poster,32,0.3709533951122731,0.4147098019435494,2.219108855367029,0.6992399065989923,0.7486026744464775,0.3305338893029053
qwen-3.5-plus,2,edcc83,poster,49,0.5094171771978326,0.5246751034354594,1.3955198391532622,0.9807929570994534,0.7649144015463611,0.446793461840905
qwen-3.5-plus,3,edcc83,poster,40,0.4903132756616332,0.5132887177895715,1.6681106365128833,0.9528526352140468,0.7714521290968424,0.4327262491861754
qwen-3.5-plus,1,eeb171,poster,40,0.5687543178722485,0.5094213108939242,2.0570758781782263,1.0192766949561491,0.7433213680775087,0.4400517025389839
qwen-3.5-plus,3,eeb171,poster,47,0.4593507582864198,0.5026364571590732,1.875316489148816,0.825601827883957,0.7070998298078448,0.3108876950389153
qwen-3.5-plus,2,eeb171,poster,47,0.4346041890453549,0.5137281844273247,2.3804316133012233,0.8438950301955341,0.6502157885618988,0.2820079789674712
qwen-3.5-plus,2,eec240,mobile,40,0.1170998104790582,0.4117684591443304,2.1703843333359996,0.0940315546998275,0.5390390883202363,0.0468119163121873
qwen-3.5-plus,1,eed0db,desktop,48,0.7010355238557766,0.6329044426837647,0.6213989520354327,1.1066443674981217,0.7688834495854315,0.7199323874217423
qwen-3.5-plus,1,eec240,mobile,30,0.0565914431163129,0.3220995221661312,3.6055861507379303,-0.0138546842833104,0.4694957384535566,0.0675049307088726
qwen-3.5-plus,2,eed0db,desktop,40,0.6172542570594939,0.5818253477039292,1.0134893856200229,1.0987030741712829,0.739292759632866,0.61590128576659
qwen-3.5-plus,1,eed5f3,poster,43,0.3503229723859069,0.4496316985941188,1.3552134648958305,0.5567147500613868,0.6494118407244936,0.1877579475502994
qwen-3.5-plus,3,eed5f3,poster,40,0.3900641830137518,0.4609347172100365,1.3418762086156992,0.6230510301781772,0.6813548319552267,0.1847568880260915
qwen-3.5-plus,2,eed5f3,poster,34,0.6107075466185246,0.5142674166540212,0.7093369626520412,0.9569040687855768,0.7405085405264998,0.494858408405453
qwen-3.5-plus,3,eed0db,desktop,36,0.6542061585981596,0.5860046309539853,1.509048649591429,1.1836144180643844,0.7325032852946367,0.6551458401263052
qwen-3.5-plus,2,ef8863,web,48,0.2369256328888969,0.4639593316346347,1.4248800896970912,0.3618719558999312,0.5905586382787633,-0.0228663123947865
qwen-3.5-plus,1,ef8863,web,50,0.2047721467802323,0.4399541020785679,1.172859299348719,0.3466440988083092,0.6063148462957991,0.0373341070443182
qwen-3.5-plus,1,eede0a,web,48,0.2951823085901932,0.5036591163677567,0.9186667931182424,0.441697723080029,0.657236185143383,0.2258937520146909
qwen-3.5-plus,3,eec240,mobile,30,0.1643842718981143,0.3844302964419421,2.44163747801527,0.1357720840004711,0.5817350674694145,0.142278200435563
qwen-3.5-plus,3,eede0a,web,47,0.3571932881096957,0.5303369264749292,0.845357782759372,0.5754069199819726,0.6866832796034825,0.2700088280800019
qwen-3.5-plus,2,eede0a,web,48,0.0431847882451549,0.328825213303781,2.3380106729646224,0.0321755420024428,0.5299086768761464,-0.008058319476222
qwen-3.5-plus,3,ef8863,web,52,0.1091591701424293,0.4120682339922643,2.0088240398622825,0.1521111660320458,0.5281581861343954,-0.1491752058924755
qwen-3.5-plus,1,efb9d2,mobile,35,0.6127495791297484,0.5937286905209959,0.8408407697929245,1.0339253175449348,0.7245809273739086,0.6129705665877153
qwen-3.5-plus,2,efb9d2,mobile,40,0.5316315020629423,0.5584354272092251,1.098133362926726,0.9294416425856312,0.7311547485875597,0.5103934072233405
qwen-3.5-plus,1,ef9433,desktop,36,0.4920738767237914,0.6039769990378772,0.5785650225052713,0.7984195338988708,0.7493959700093107,0.4785674199689367
qwen-3.5-plus,2,ef9433,desktop,35,0.3391566489148041,0.5380570998031181,0.9185496371232617,0.6098553998497336,0.6886544865188521,0.3228442991529523
qwen-3.5-plus,3,efb9d2,mobile,40,0.658817264419993,0.619680545632075,0.747119634591802,1.1052636928845874,0.7542643527450411,0.6455253077506594
qwen-3.5-plus,3,ef9433,desktop,46,0.2764713893255214,0.4734893754554422,1.4317967106255136,0.4331364048488579,0.6738903725899891,0.2591727413754498
qwen-3.5-plus,1,efddbf,web,32,0.3663798683315791,0.4127705869063653,1.8400334264445508,0.862290686082523,0.7552963538696297,0.3022000577182566
qwen-3.5-plus,3,efddbf,web,237,-0.3702915460818926,0.2140042099719611,2.136800629244945,-0.7304944010007793,0.2758906453929268,-0.3581964520036397
qwen-3.5-plus,2,f01758,desktop,53,0.6106465326820723,0.5660357854686489,0.6526158794090833,1.168459836406575,0.7898045131790972,0.6018511993933279
qwen-3.5-plus,3,f01758,desktop,49,0.6104807533287415,0.5760151623313915,0.6332282318685756,1.1383664137499787,0.7924575930474926,0.5977866171042586
qwen-3.5-plus,1,f01758,desktop,63,0.6263565138740592,0.5480633834686242,0.7367393563940621,1.195011989160899,0.787198878704889,0.6584539587395024
qwen-3.5-plus,2,efddbf,web,46,0.2917949806456706,0.3505941569579292,1.5909311891981306,0.6494381704790078,0.6913635357942731,0.3326193415401439
qwen-3.5-plus,3,f04d2e,web,40,0.2665627779903931,0.5267739056917284,0.7575315663661443,0.3517836333192824,0.6208716260085656,0.2530930783891796
qwen-3.5-plus,2,f04d2e,web,40,0.4185384107968142,0.5949448889793554,0.5610614357138459,0.6037894937889686,0.6805481569530527,0.2667910566670521
qwen-3.5-plus,1,f04d2e,web,40,0.3242318277576623,0.5683853752207424,0.740669216430517,0.4557639100149567,0.6459885193270316,0.2595844862583107
qwen-3.5-plus,1,f05508,poster,40,0.4699549634746831,0.5239985185872977,0.9648756281254124,0.8752611958067046,0.7661818802966678,0.4595372216367324
qwen-3.5-plus,2,f05508,poster,44,0.5671424319179198,0.5811310042920264,0.8431847094812396,1.1075482322541117,0.7882044216800894,0.5680783098264471
qwen-3.5-plus,3,f05508,poster,45,0.4673590887814827,0.5049059311993984,0.9762019483201309,0.8299928766241464,0.7452213991772232,0.4506118201280168
qwen-3.5-plus,2,f02589,mobile,49,0.4395816843435768,0.4693971996489304,1.4292049497399657,0.8823050329980425,0.7604598061586261,0.353457339616135
qwen-3.5-plus,3,f02589,mobile,30,0.387883263913344,0.4274036104984969,2.2755721725835243,0.6725684993235082,0.7373201359401714,0.2464283609972038
qwen-3.5-plus,1,f02589,mobile,48,0.4427400670368984,0.519021607781634,1.17891190043124,0.9051423378526235,0.7838730400514354,0.2865855710279299
qwen-3.5-plus,1,f06889,desktop,50,0.5360309943638937,0.5623125332847585,0.701565780570527,1.0173391878872509,0.774385568086955,0.4687459195244589
qwen-3.5-plus,3,f06889,desktop,50,0.4806731690050414,0.5316248816125196,0.7773728466598029,0.8582342057249105,0.7448316502640845,0.3614629687440936
qwen-3.5-plus,2,f06889,desktop,41,0.3076920266040852,0.468517714395023,1.130897355031555,0.6173271636865523,0.6839258760356963,0.0961647303783721
qwen-3.5-plus,1,f0773e,poster,40,0.2413722851707381,0.5646390181440291,0.8205348986613575,0.3624080828785304,0.6297855825519739,0.2218599693673935
qwen-3.5-plus,3,f0773e,poster,30,0.2834089527730676,0.5599092820096925,0.905446606642802,0.3861495683936952,0.6444675288192216,0.2316984301050255
qwen-3.5-plus,2,f0773e,poster,35,0.3081944449727542,0.5693099331188516,0.8509184651433763,0.4161839855940031,0.657378315362755,0.2557190344114887
qwen-3.5-plus,1,f08c55,mobile,41,0.234583172029847,0.4276539883291374,1.9267971764475875,0.3986132051268536,0.6141178678097097,0.0900368944569196
qwen-3.5-plus,2,f08c55,mobile,40,0.124399223229397,0.3718701610118164,2.800939166329047,0.3332886507505619,0.5736190606608687,0.0210015397576106
qwen-3.5-plus,1,f0acf8,web,40,0.3120882444593653,0.4026158037776367,2.571962856059305,0.5018102183228633,0.6972297547492943,0.2614395447463232
qwen-3.5-plus,3,f08c55,mobile,30,0.2625404003305928,0.3905135451779855,2.816451335395373,0.4169825351071606,0.6417945970673536,0.1601666455881935
qwen-3.5-plus,2,f0acf8,web,32,0.1262472626610177,0.311392584446927,3.5533291830424836,0.1704711762737454,0.6265210473705928,0.0652419213284002
qwen-3.5-plus,3,f0acf8,web,40,0.1989438363310249,0.3861832331982633,2.482929255143804,0.3427142438431562,0.6784502861468271,0.1915499752557258
qwen-3.5-plus,1,f0f10a,mobile,39,0.6381136234409399,0.6291491669105944,0.581956843236177,0.859745196735894,0.7318424379059794,0.600587041663995
qwen-3.5-plus,1,f0e574,desktop,40,0.5151608661013252,0.6210228582126929,0.5400010341661883,0.7088315200881129,0.706974734469348,0.53154874930002
qwen-3.5-plus,3,f0e574,desktop,40,0.4275661137415957,0.6072972575276538,0.6645572373265616,0.6036789720215471,0.6719315874756687,0.4575805516015393
qwen-3.5-plus,2,f0e574,desktop,40,0.3776520555561674,0.5940721532647548,0.7439587468086847,0.5398532120183616,0.659817781460745,0.3376921868032331
qwen-3.5-plus,2,f0f10a,mobile,51,0.334992661621283,0.5479371740334962,0.7361997661873281,0.5418268515451669,0.6657950356230179,0.1041737894467743
qwen-3.5-plus,3,f0f10a,mobile,40,0.2125309332359815,0.4603611647854161,1.734549861449465,0.3344635137471236,0.629620373568966,-0.0152248109294999
qwen-3.5-plus,2,f13c2f,desktop,50,0.5810806998070625,0.6061130981464012,0.5682586362653278,1.0803152128541773,0.7996648506998051,0.483959505562629
qwen-3.5-plus,1,f13c2f,desktop,48,0.5549977878587657,0.596804764292421,0.5740578867212831,0.9953219019137084,0.7734484894381671,0.422878131833894
qwen-3.5-plus,3,f13c2f,desktop,49,0.5550246671122704,0.5962145170595321,0.6026224595598896,0.9938478875604744,0.7788636471903612,0.4344840812821963
qwen-3.5-plus,1,f14f17,poster,50,0.1031601435125963,0.221512578493071,4.819770441271131,0.1496986453343615,0.5005422832723891,0.1206139328176959
qwen-3.5-plus,3,f14f17,poster,45,0.4230729943576615,0.507918654109983,0.8875251627121624,0.8013413665390543,0.7224216714227458,0.424909069821178
qwen-3.5-plus,1,f1bad6,poster,41,0.4848975881110117,0.5737221262620633,0.5845227971260973,0.7177149587675461,0.7072808504548226,0.4014838162562803
qwen-3.5-plus,2,f1bad6,poster,48,0.3938174622316103,0.5268484386639012,0.6980626981058292,0.570061252159486,0.6651326803493836,0.3229795087350354
qwen-3.5-plus,2,f14f17,poster,46,0.2761851012011328,0.438534143162902,1.1013295234601332,0.5920022080385027,0.6529133900085018,0.2769129496919436
qwen-3.5-plus,3,f1bad6,poster,40,0.4462057314285308,0.524867949517656,0.6915881213069365,0.6590102857272658,0.6978496061540593,0.3800958967899744
qwen-3.5-plus,2,f147ec,mobile,38,0.5141587064355666,0.5028750216443532,1.048716356590753,1.0748330885702422,0.8037294202940863,0.3561560444719713
qwen-3.5-plus,1,f147ec,mobile,34,0.3290928177422043,0.3962378731423615,2.7724133040879324,0.5734998826248638,0.6183379149478678,0.1463728996951835
qwen-3.5-plus,3,f147ec,mobile,43,0.4275082654061762,0.4310863883834059,1.4778569524216376,0.9252896786421162,0.7615092133019168,0.2679754872137437
qwen-3.5-plus,1,f1d7fa,mobile,42,0.4744145262343544,0.4684411655616629,0.8872309150436736,0.8915687731611278,0.7592499904696444,0.4504543630486973
qwen-3.5-plus,2,f1d7fa,mobile,46,0.279065362420706,0.4084134820678666,1.100001846649829,0.5119871351519968,0.6829179654178421,0.1374789435375573
qwen-3.5-plus,3,f1d7fa,mobile,40,0.3661661328184364,0.4348081703545495,1.099550387039263,0.6576230438603975,0.6980018908551701,0.2086889411638111
qwen-3.5-plus,1,f1be04,mobile,47,0.3389538096841897,0.4505245353038497,2.1608378981061525,0.5385188734696654,0.6034747387926807,0.2868542197098462
qwen-3.5-plus,2,f1be04,mobile,40,0.450377402803685,0.516376720225054,1.433654112846257,0.7659779925350605,0.7127635027221856,0.3995870221821271
qwen-3.5-plus,1,f1e37f,poster,40,0.2819596753096447,0.4654965741705079,0.9192716927960168,0.5191436305341269,0.6122302510594163,0.2994619868220805
qwen-3.5-plus,3,f1be04,mobile,40,0.2689948189379432,0.4529653449439577,1.5928022931123276,0.5056188095723058,0.647097781027525,0.2609439610801422
qwen-3.5-plus,2,f1e37f,poster,40,0.3803889203076783,0.4912676386169868,0.8073993706623989,0.6616956429105606,0.6875806293473498,0.3492524951357221
qwen-3.5-plus,3,f1e37f,poster,40,0.3430447377010535,0.4859187622632838,0.8172271281476997,0.602728381361274,0.685274701144619,0.2681378206310689
qwen-3.5-plus,1,f1f741,desktop,48,0.5786443962797101,0.558009035829964,0.8651413963917403,1.315796344015863,0.7927511920150669,0.5460277709787739
qwen-3.5-plus,2,f1f741,desktop,46,0.4835344721254563,0.4981235569555414,1.055278300988156,1.0976839899273954,0.7467571243566503,0.4484748723139989
qwen-3.5-plus,3,f1f741,desktop,47,0.5497012150828062,0.5162806240371746,0.7831682525136313,1.233860957558528,0.8064888394207151,0.5320224571637799
qwen-3.5-plus,1,f1e0ee,poster,30,0.3674328969802857,0.4052006504953245,2.2347139315568927,0.6505981137871545,0.6752838215353005,0.2791607987446014
qwen-3.5-plus,2,f1e0ee,poster,51,0.2818367798510299,0.4187100188301191,2.2101498044371413,0.5011328213439602,0.6297166922775277,0.2003007179384424
qwen-3.5-plus,2,f20200,desktop,50,0.3336773982728613,0.4837917243865581,1.074481299203369,0.4632401112166898,0.6463664130267203,0.3362328476757262
qwen-3.5-plus,1,f20200,desktop,37,0.3650463908589277,0.5317079861460339,0.7924709659844238,0.4565139373398642,0.6746791423717736,0.3616153740924186
qwen-3.5-plus,3,f20200,desktop,102,0.3669844847820009,0.5163343002791101,0.9761174975628684,0.5434630567248483,0.65121725309344,0.3629691514676676
qwen-3.5-plus,3,f1e0ee,poster,48,0.3121407686770445,0.4107868865078858,2.316676346461227,0.5152221746249739,0.6435031374560682,0.2237048756029856
qwen-3.5-plus,1,f21c0c,desktop,35,0.4870044164403217,0.510076764024101,0.828239480362651,0.9674521406398684,0.7907101917909272,0.3262909053418023
qwen-3.5-plus,3,f21770,mobile,40,0.5552540113995516,0.5540578548606134,0.8445007533680848,0.9684925844268322,0.7615718023593434,0.3149952717014443
qwen-3.5-plus,2,f21c0c,desktop,41,0.6287067838909506,0.5976053475927494,0.5837778113495747,1.3643833853058651,0.8325340894122759,0.5218630801293267
qwen-3.5-plus,1,f21770,mobile,45,0.4003520481244237,0.4878192185945914,1.0010988627545976,0.716322089132364,0.7452674153634193,0.2268914484073525
qwen-3.5-plus,2,f21770,mobile,49,0.4554767049760064,0.4912499690179631,0.8334909456082857,0.8336841190772024,0.743659027485916,0.2972167950267188
qwen-3.5-plus,3,f21c0c,desktop,46,0.4703759956700967,0.5047756873258429,0.8241742628596528,0.9155636729525936,0.7811409533499415,0.3378609827411966
qwen-3.5-plus,1,f27923,poster,42,0.1220883048512681,0.4115115673253071,2.2801124338446974,0.1774155997154449,0.5186646435358077,0.1188295486924529
qwen-3.5-plus,2,f27923,poster,50,-0.0268318377911263,0.3569467938435534,2.3045768481500124,-0.0355597386780768,0.4910454364945399,-0.0893827614510378
qwen-3.5-plus,3,f27923,poster,30,0.462642656279747,0.5118133109059064,1.3662157786515927,0.7034106373797002,0.7029326927152337,0.4460833149368438
qwen-3.5-plus,1,f285d7,mobile,47,0.3250030537604108,0.4526139405860857,1.483516353253344,0.4379237210198314,0.6762005954880611,0.1353768623190051
qwen-3.5-plus,2,f285d7,mobile,40,0.3783721395438442,0.4514151770945665,2.026793977459876,0.5402893873257646,0.6703580689464795,0.157556021826634
qwen-3.5-plus,1,f29bd9,poster,50,0.6025023465535877,0.564943370967556,0.6171114695654636,1.2073304895341928,0.8149151877183649,0.5661098973409427
qwen-3.5-plus,3,f285d7,mobile,29,0.3172387992661685,0.421861290733872,2.7117894376003937,0.2732041267981656,0.6452667466182311,0.1309545479181239
qwen-3.5-plus,3,f29bd9,poster,50,0.618231661349526,0.5988073948768243,0.7298511414086731,1.230147362652823,0.8032311572664004,0.5774998840384779
qwen-3.5-plus,2,f29bd9,poster,40,0.5019557992419033,0.5226265145309719,0.7471573551090102,0.9804744277038429,0.7724377523050379,0.4545752722029622
qwen-3.5-plus,2,f29c75,web,48,0.2487879488653483,0.4746373834351421,1.0311530572699124,0.4575970607423581,0.6537148055752278,0.2332692771886614
qwen-3.5-plus,1,f29c75,web,40,0.4000541585304316,0.5328249763164576,0.9665894115132612,0.818190116860445,0.7149106248380037,0.3886079743698026
qwen-3.5-plus,3,f29c75,web,43,0.4574646154243808,0.5272906947862009,0.9648831457283584,0.9277632359129224,0.7339734524539905,0.4486339019812769
qwen-3.5-plus,1,f2cbaa,poster,50,0.6167778662182025,0.611665809333604,0.7648230782560614,1.027936272051157,0.7947669495578884,0.6030376470013578
qwen-3.5-plus,2,f2cbaa,poster,50,0.454067151911718,0.5339866008074692,1.5536914753714708,0.6978484780018198,0.7013968952104395,0.4445857199365944
qwen-3.5-plus,3,f2cbaa,poster,50,0.4611713973372898,0.5280264475984878,1.0455171402760215,0.650891407501706,0.6868011602978572,0.4288912329364105
qwen-3.5-plus,2,f2e048,web,156,0.2902963830014408,0.4631180156028515,1.2667602945397611,0.5329049996983013,0.6810182232823876,0.1850438910762851
qwen-3.5-plus,1,f2e048,web,63,0.3628270097858185,0.4590333932973477,1.0157059536165751,0.578946757350485,0.6585387297701385,0.2330558171528028
qwen-3.5-plus,3,f2e048,web,55,0.4194732531812822,0.4874282946797686,0.8495834045019364,0.6841495077548501,0.6967803080538238,0.2759340828727995
qwen-3.5-plus,1,ea3c8c,poster,35,0.0172819249540617,0.0685488962661522,6.195844518268946,0.1234750690986834,0.1477940492983077,0.0075579969400425
qwen-3.5-plus,1,f33d51,poster,40,0.1452210603380863,0.4652632762741806,0.999758307616858,0.3457828404038058,0.6424955412881557,0.0140302073531576
qwen-3.5-plus,2,f33d51,poster,40,0.1451661199841953,0.4684048396056356,1.1475451525899163,0.3632874256393273,0.6157260990531063,0.0565906821131092
qwen-3.5-plus,2,f30633,mobile,50,0.1293900991518022,0.3813072063593462,3.0081201561860835,0.160671791651015,0.5466635398840849,-0.0977846044949691
qwen-3.5-plus,3,f33d51,poster,35,0.3120318499184757,0.4874525826355907,0.8264938057082492,0.617122824162319,0.7168123424873983,0.2536795924025752
qwen-3.5-plus,3,ea3c8c,poster,41,0.0066950522130575,0.0706163933772373,6.167239405617999,0.1366571524957379,0.1486476434624803,-0.0015915290309484
qwen-3.5-plus,2,ea3c8c,poster,48,0.0180485357783611,0.0890068274428731,5.913400867540365,-0.0346429511396617,0.2204390290116461,-0.005518295738634
qwen-3.5-plus,1,f30633,mobile,46,0.0440110494027467,0.3269188630426262,2.815787436432628,0.0626961651751335,0.5438215110240546,-0.0480524945096191
qwen-3.5-plus,3,f30633,mobile,37,0.1671694824562306,0.3533378920571306,2.6896741491030225,0.2436530684911785,0.562306349998947,0.0695603502564405
qwen-3.5-plus,2,f3411a,web,35,0.3173403813951361,0.4769136852479125,1.1903063461148324,0.5634771668555872,0.6911396545883567,0.2338663120734178
qwen-3.5-plus,1,f38ac2,mobile,40,0.514890508214921,0.6003715408748416,0.6544590718253986,0.845859514774256,0.738858859589142,0.5530600629617903
qwen-3.5-plus,2,f38ac2,mobile,41,0.4944316777363166,0.5925978146517824,0.7209257737137689,0.8524642197249156,0.7450186323522116,0.5167823267895773
qwen-3.5-plus,1,f3411a,web,36,0.4681606678574378,0.5568714196740394,0.8670257216714077,0.7499476210550055,0.7369609910074818,0.3704205415196891
qwen-3.5-plus,3,f38ac2,mobile,40,0.5865173272432813,0.6328595450057003,0.5974235097345983,0.9184602674105063,0.7470209872248579,0.6236544913681793
qwen-3.5-plus,3,f3411a,web,47,0.4379120898978424,0.5461709852256688,0.9015234774053624,0.707454648125379,0.7170218836162168,0.3788812908432388
qwen-3.5-plus,1,f3cfac,poster,40,0.4284306989280423,0.5485078381096247,0.82710830273922,0.6541120800053949,0.68750624005813,0.4732092390303993
qwen-3.5-plus,2,f3cfac,poster,35,0.675670039464045,0.652827541947709,0.5287359545415798,1.0028971202429378,0.7699181618280015,0.713253481139191
qwen-3.5-plus,3,f3cfac,poster,40,0.4551244892778922,0.5660626097693977,0.6614560874982705,0.6858121380656321,0.7203039963307913,0.4654759211026915
qwen-3.5-plus,2,f3e3f8,desktop,41,0.4940135836447337,0.5192578605582809,1.2151778462438034,1.0396295882125997,0.7429172941185681,0.4986591860446379
qwen-3.5-plus,3,f3e3f8,desktop,40,0.4969802022172339,0.5020175004580384,0.8272373899958212,1.0175958815515216,0.7882875844753262,0.4253078847271189
qwen-3.5-plus,1,f3e3f8,desktop,40,0.7047294234153028,0.6341018263118873,0.4894371820770506,1.4421424598778674,0.8476594334754187,0.6916500661814043
qwen-3.5-plus,2,f431fa,web,47,0.3054267871312272,0.4306743896586756,1.5014436114438907,0.5198566813383173,0.5812831843019824,0.2577081594923343
qwen-3.5-plus,2,f39252,web,30,0.120501734278407,0.3150364742843279,3.81676236834976,0.2692946435387164,0.5564536690629243,0.1339359787579586
qwen-3.5-plus,3,f39252,web,48,0.1607008573657852,0.3759790758606887,2.2734411683280853,0.2986932198602387,0.5932285576691995,0.1436747723461013
qwen-3.5-plus,1,f431fa,web,40,0.4156471327758314,0.4909581709578517,1.4606796618019655,0.7553748025151359,0.6511256416770751,0.3729416697257796
qwen-3.5-plus,1,f39252,web,47,0.1147377694974696,0.3228066187320789,3.9107799910614727,0.3329482305867302,0.5415272278857757,0.103862272319132
qwen-3.5-plus,1,f4641f,poster,45,0.5964531239026798,0.5199343624500756,0.7321737971732494,1.033415030123137,0.7969124822414769,0.4693487962159744
qwen-3.5-plus,2,f4641f,poster,41,0.6589525759493329,0.5737894011666744,0.5872048245980606,1.117314483356746,0.7959017445669356,0.5541744242662383
qwen-3.5-plus,3,f4641f,poster,30,0.3636411750806404,0.4962786512735059,0.8231853178749979,0.6609510677362842,0.7252778301361082,0.0480484905231631
qwen-3.5-plus,3,f431fa,web,40,0.5825074873884285,0.546316249404379,1.164353856012439,0.9732428419701472,0.7385543849980574,0.5388357025969013
qwen-3.5-plus,1,f466b1,desktop,49,0.1953964362412269,0.4276658641977739,1.1415154331849364,0.4153997881008461,0.622481554607629,0.1376401350621748
qwen-3.5-plus,3,f466b1,desktop,40,0.3336342577777303,0.4676715708599807,1.1094898147868186,0.5590535978473481,0.6814342120418859,0.1817829796391928
qwen-3.5-plus,2,f466b1,desktop,49,0.1237264850966551,0.3514093513260372,2.166877716428537,0.2135779572874471,0.5920616378092662,0.1865034300458224
qwen-3.5-plus,1,f48d0e,poster,49,0.3620688816379441,0.4264425834620954,2.340204847019419,0.6328873263040089,0.6517191432274206,0.3537962133758547
qwen-3.5-plus,2,f48d0e,poster,58,0.0666532254453699,0.1947995316324748,6.178250763654694,-0.0230827871683012,0.3605502229871685,0.0168175829686511
qwen-3.5-plus,2,f491f4,mobile,47,0.1158317156241653,0.4227918143407375,2.1208123286963767,0.2823045873732064,0.6008514239080904,0.0530662412526179
qwen-3.5-plus,1,f4a513,web,49,0.1512393534171066,0.4765645513800556,1.1114909173797298,0.1827816288525486,0.5711603653338891,0.1301628887437962
qwen-3.5-plus,3,f491f4,mobile,66,0.1040971497221922,0.4164009217892845,2.042963055562043,0.3726688601427519,0.6118302100742812,0.0529077954407088
qwen-3.5-plus,2,f4a513,web,48,0.2112328409121237,0.5285123115363496,0.925593511179472,0.2645626321518406,0.5867975786965981,0.1920201185661502
qwen-3.5-plus,3,f48d0e,poster,40,0.4267308972820066,0.4384900433433079,2.8161094228838173,0.586145801416553,0.6120409386994411,0.4331650415347062
qwen-3.5-plus,1,f491f4,mobile,51,0.0637756849830795,0.4050198440887458,3.0170919203792,0.2783277052308086,0.5696246881558076,-0.0495297840273924
qwen-3.5-plus,3,f4a513,web,33,0.1819594897907531,0.4949436472114731,1.1034876285402977,0.2610878265616264,0.6232137288372903,0.1598605730555565
qwen-3.5-plus,1,f4b47d,desktop,40,0.5768886677328793,0.5599249587116374,0.7939616932816456,1.234718958864197,0.8221858521922487,0.5614764509700164
qwen-3.5-plus,3,f4b47d,desktop,39,0.3391982132498439,0.4421255837208377,1.3153500850590063,0.6541961220121426,0.7344215825494194,0.3144465666857116
qwen-3.5-plus,2,f4b47d,desktop,58,-0.0802585821907978,0.1980936562552707,5.087741492092345,-0.1920965930053452,0.4213922513413979,-0.0786546408769928
qwen-3.5-plus,1,f4c1e4,desktop,80,0.4250261933456897,0.4838059609673336,0.9180185171598334,0.7770549046346881,0.7205419371376276,0.0636204923870022
qwen-3.5-plus,2,f4bfdd,poster,34,0.0601827666174766,0.352718072796392,2.721348683795708,0.1008171392594824,0.5429352185262221,0.0862193956101947
qwen-3.5-plus,3,f4bfdd,poster,49,-0.057160112127965,0.3544355165720453,2.293405736547174,-0.0755959338925947,0.4727856653619038,-0.1281694707345504
qwen-3.5-plus,3,f4c1e4,desktop,35,0.0750534932606813,0.3127105982879458,2.857398478869038,0.1176604502635693,0.5402326227404475,0.0291028568905936
qwen-3.5-plus,2,f4c1e4,desktop,52,0.0567944509525441,0.2990534723066961,2.4088103467332034,0.109988673058415,0.5636685093545797,0.0524669865371159
qwen-3.5-plus,1,f4bfdd,poster,40,0.1879586572443615,0.3762329085325431,2.7019248519629504,0.297448188431697,0.5580961698236676,0.1216273265020924
qwen-3.5-plus,2,f4d6e9,desktop,48,0.5808716210302226,0.5746519920073574,0.7922806248217541,1.035603370268458,0.7706461032348503,0.5615090328113603
qwen-3.5-plus,3,f4d6e9,desktop,48,0.6083807783700261,0.587586189095775,0.7718196741538104,1.1204605383094215,0.7963267682014041,0.5521777805898807
qwen-3.5-plus,1,f4d6e9,desktop,40,0.5496682543465805,0.5608106284564693,0.937541662582672,0.9542177553318408,0.7538813221097631,0.4692547794561283
qwen-3.5-plus,2,f4ff84,mobile,40,0.4454741692694874,0.551783169901734,0.8819534312904336,0.6949355718818273,0.6886571781386293,0.3306108977461492
qwen-3.5-plus,1,f4ff84,mobile,40,0.5510344617174725,0.5913753947316855,0.6201107393017349,0.866226128824173,0.7342232318907868,0.4768705644436765
qwen-3.5-plus,3,f4ff84,mobile,40,0.2868199937674279,0.5020447216266892,0.8228144764245305,0.4543293522991086,0.6558126606948086,0.1642624899833423
qwen-3.5-plus,1,f50ab7,desktop,35,0.6552217095542283,0.5431118382786289,0.8088192748828451,1.5425927350035529,0.8063059118856954,0.6162665169472338
qwen-3.5-plus,2,f50ab7,desktop,43,0.5600158528262659,0.4992323714971319,0.8181266276982706,1.3428665370979072,0.7983220352381775,0.5650144076990857
qwen-3.5-plus,3,f50ab7,desktop,40,0.5685108109995355,0.5176726588947915,0.8287361625232985,1.2460662948000312,0.8035641949342205,0.513290204842583
qwen-3.5-plus,1,f50e6b,web,47,0.5562193923352393,0.5847022457071269,0.5772248386011554,0.9302947719562448,0.7541653764818764,0.5681893818513828
qwen-3.5-plus,2,f50e6b,web,48,0.3826464988718459,0.5106807209706257,0.7608850427378571,0.6747507914372846,0.6857797660725949,0.464750241190011
qwen-3.5-plus,3,f50e6b,web,47,0.5305212846983776,0.5772567601165096,0.5657012052122423,0.8854308113859631,0.7442000349802071,0.5123794322179688
qwen-3.5-plus,1,f51c26,web,41,0.5608690356128112,0.601683435030935,0.5397825338641791,0.8672855863095023,0.7509355281266478,0.4680807840725887
qwen-3.5-plus,2,f51c26,web,40,0.5132919170320712,0.575991330164122,0.6107306142457367,0.7605252597645519,0.7270651746283001,0.3965048731554723
qwen-3.5-plus,3,f51c26,web,40,0.5743586872819721,0.608692495857067,0.5111404638010206,0.8867109085846552,0.7563169327012256,0.4782345017431138
qwen-3.5-plus,1,f60132,mobile,48,0.3143058427543866,0.4861145045782788,1.2949723007749254,0.3130220848695159,0.6494850529080908,0.1918521634388663
qwen-3.5-plus,2,f60132,mobile,38,0.3270758100132585,0.4737036274718189,1.4290848103956948,0.317472406074764,0.6797973236184507,0.3508998398285083
qwen-3.5-plus,1,f63992,poster,46,0.622745307662997,0.618050692396693,0.7890963170104647,1.2141130323561764,0.7992633040373746,0.6154849679878382
qwen-3.5-plus,3,f60132,mobile,40,0.383228897529533,0.5201352413261517,1.1706684042148252,0.5663934458706996,0.7275631587195515,0.278015631015758
qwen-3.5-plus,3,f63992,poster,50,0.6588869900060009,0.6283128409566507,0.6005160950105687,1.3123293255152215,0.810294686007985,0.6492348478781466
qwen-3.5-plus,2,f63992,poster,46,0.4425702542551619,0.4808537300264957,0.9684195563949468,0.7686434770866726,0.7003566323417695,0.4767522790338973
qwen-3.5-plus,1,f639bf,mobile,37,0.4434075662945044,0.4650377663064685,2.080077731171973,0.6766653084183133,0.7208869624689257,0.1421118451451332
qwen-3.5-plus,3,f639bf,mobile,38,0.4223915786460593,0.4868770035547671,1.8019831150256045,0.7263328944814855,0.6737371377443866,0.1404661123211694
qwen-3.5-plus,2,f639bf,mobile,30,0.3798813314402272,0.4663997654489817,1.8849735183421448,0.6435334173007825,0.7139601844868557,0.2128644081910581
qwen-3.5-plus,1,f657ff,mobile,38,0.3498752283458365,0.3890507698074477,2.9925383073070235,0.5553400401282461,0.5880665297850387,0.2827443387203149
qwen-3.5-plus,2,f23e97,poster,45,0.0781669001165736,0.1131182111239811,6.118417235395827,-0.0410452705301682,0.2300764941504363,0.0974214368879829
qwen-3.5-plus,2,f657ff,mobile,38,0.324225367608405,0.3865020338718168,2.7757934431931313,0.5015805722135523,0.5908202125877684,0.2592524904409569
qwen-3.5-plus,3,f657ff,mobile,31,0.3017336381384886,0.3892559261971844,2.2086291529076054,0.4666716129460107,0.668333021923453,0.2294657423385709
qwen-3.5-plus,1,f68906,poster,45,0.0679031975073432,0.4531793231685324,1.315662245981774,0.1703549112776575,0.5728000584420165,0.0262195634776491
qwen-3.5-plus,2,f4e7f3,poster,40,0.1486861190010271,0.1899679752560338,5.1528385491559945,0.4063355237091789,0.4023373164865291,0.154203872123513
qwen-3.5-plus,3,f68906,poster,40,0.173716735342165,0.487544973653626,1.113849960653905,0.2502614465046245,0.5893936353842648,-0.0054504415051207
qwen-3.5-plus,2,f68906,poster,38,0.1500126826580517,0.4825661641259848,1.085410103336769,0.1786693298939184,0.5587993385654146,-0.0273783154194864
qwen-3.5-plus,1,f6bc62,poster,49,0.6986617150810579,0.6744915403748215,0.5084804295574243,1.109131530333713,0.8017653842984371,0.6553333102162135
qwen-3.5-plus,1,f69be0,desktop,50,0.167587358278354,0.3418499884716636,2.216574134263476,0.3292273656749557,0.5964006272464826,0.1449955497338639
qwen-3.5-plus,3,f4e7f3,poster,50,0.1618370020122786,0.2312314576386223,4.700488252903834,0.2877272791602762,0.4571642211097939,0.1687640841169934
qwen-3.5-plus,1,f717f5,desktop,44,0.3673325302933926,0.4196572330133058,0.9500737816080276,0.695387012546275,0.6892765682361397,0.3791213090623926
qwen-3.5-plus,3,f6bc62,poster,47,0.7215920828795032,0.6740335747176882,0.6948178963605679,1.1545748427236806,0.7957128198116257,0.7319623388711489
qwen-3.5-plus,2,f717f5,desktop,52,0.4944340370888272,0.4583328824924608,0.8668679283209262,0.8826962534774419,0.7229138247296644,0.2897403916967859
qwen-3.5-plus,3,f717f5,desktop,30,0.3755524186930358,0.4493845711231681,0.8635065086356288,0.6638741209018333,0.6972861635377406,0.1785554558754027
qwen-3.5-plus,3,f23e97,poster,46,0.1520788392342381,0.170112673659861,5.114599438674745,0.3201578737430895,0.4344892640654781,0.1488193445744894
qwen-3.5-plus,1,f23e97,poster,50,0.1431620157423499,0.16449918238031,5.247605317768196,0.4488059616014907,0.4173973837363032,0.1374432731596124
qwen-3.5-plus,2,f6bc62,poster,48,0.750759508408376,0.7037767431936899,0.4649441015817807,1.1822566219102284,0.8144404173348597,0.7388460363981951
qwen-3.5-plus,3,f69be0,desktop,57,0.2919964503891629,0.2897998996953074,5.504407833266304,0.488946676447158,0.4074258026318471,0.1148224818842994
qwen-3.5-plus,2,f69be0,desktop,50,0.0248436828284048,0.3662682028571036,2.1627031190904686,0.0639967124277375,0.5255599517956338,0.0205857439525318
qwen-3.5-plus,2,f7344c,web,37,0.2073936295801484,0.3988927529453255,1.5373873942675136,0.4723561225641001,0.6400280168057707,0.1723103658741486
qwen-3.5-plus,3,f7344c,web,43,0.3224286504684994,0.4500356705413036,1.2300627836835292,0.6901213679595379,0.7110085508021864,0.2084858211782206
qwen-3.5-plus,1,f4e7f3,poster,40,0.1638180507917284,0.2232170494634812,4.583232770548001,0.373925331433558,0.4776357546533666,0.1528825875998202
qwen-3.5-plus,1,f7344c,web,30,0.4623125215300076,0.5151936729203703,0.8779474861146377,0.9367659289282464,0.7691506610211456,0.3234264164939303
qwen-3.5-plus,1,f7435d,desktop,42,0.0653073317291137,0.2845922212298622,2.1251954562549793,0.1279193378967605,0.5118037973952503,0.0281528275621432
qwen-3.5-plus,2,f7435d,desktop,45,0.6739835407585308,0.4752661163842696,0.8573674575662404,1.5246626197431956,0.7899249436958458,0.606303506501733
qwen-3.5-plus,3,f7435d,desktop,38,0.5473197762821231,0.4553673124707317,0.9479402016829664,1.352560024744777,0.7874908235710408,0.4419479733314618
qwen-3.5-plus,1,f7681d,desktop,44,0.3179851642458737,0.5196084348551548,0.8554566487141253,0.4531036108362667,0.6460505971919343,0.2899073252597056
qwen-3.5-plus,2,f7681d,desktop,46,0.2849715829839268,0.5195186046304281,0.8124699698090745,0.3848875234062948,0.6239150547568384,0.2832392621947761
qwen-3.5-plus,3,f7681d,desktop,37,0.3204229346651822,0.4930813489163093,1.1340277595813688,0.4430217438623521,0.6624701410498071,0.3659361773165552
qwen-3.5-plus,2,f735e9,mobile,37,0.241638378881365,0.4209127714815324,2.344088369898188,0.3233877022659681,0.6375392895432681,0.2855622718689286
qwen-3.5-plus,1,f76fca,desktop,39,0.8174935160978285,0.7174768903521678,0.5264972234483946,1.6256996062093771,0.8524605252547071,0.8051417400374988
qwen-3.5-plus,2,f76fca,desktop,50,0.7360632187247584,0.6670404984256952,0.5400305013727652,1.4536463663619912,0.8551865248730562,0.7392927450197242
qwen-3.5-plus,3,f735e9,mobile,48,0.2470774617534921,0.432034867926354,2.321752669122088,0.2419792079544263,0.6425137178132113,0.2653907265854434
qwen-3.5-plus,3,f76fca,desktop,50,0.8298165586223284,0.7157582955111377,0.4564265354181813,1.61607839674905,0.8629802603475257,0.8043180995952445
qwen-3.5-plus,3,f757ac,mobile,40,0.4161918889778822,0.5140954236653386,1.273972250309226,0.6881070005217699,0.6893408524390581,0.394588616119231
qwen-3.5-plus,1,f757ac,mobile,48,0.4016360872323328,0.4698172358050089,1.9897393911782877,0.7001514479329174,0.6455030582495774,0.3696989875134227
qwen-3.5-plus,2,f7b72e,poster,45,0.457505738715745,0.5363139079791828,0.914204174642092,0.8029788591822279,0.7467055801458408,0.4236976623103526
qwen-3.5-plus,2,f7ba1d,desktop,50,0.4507389696943856,0.3765122053195682,2.6417358044102865,1.3077538224939405,0.7123236666737573,0.3998163178626632
qwen-3.5-plus,2,f757ac,mobile,49,0.2399766020491019,0.4379080204049361,1.9669730505014968,0.3591587227475505,0.6343457953383389,0.2781097766524149
qwen-3.5-plus,3,f7ba1d,desktop,50,0.5351949713739297,0.4416043013984607,1.0663092178611144,1.583963608590376,0.8118972181301052,0.5103722028074771
qwen-3.5-plus,1,f7d1cb,poster,50,0.7146458279502801,0.444461072514913,0.9488174743868206,1.9415083756648697,0.8319231788222353,0.682093667957457
qwen-3.5-plus,1,f7b72e,poster,40,0.4882042368808106,0.542865094918953,1.0768043069102935,0.8705868053584733,0.7237625468857798,0.4603984805084226
qwen-3.5-plus,3,f7b72e,poster,40,0.5095374203987956,0.5274157623980882,1.263197000813005,0.8677228886993043,0.7252112463723591,0.4881901639481574
qwen-3.5-plus,1,f735e9,mobile,30,0.2839838401481395,0.400509853952792,2.659014036682125,0.3891510783582879,0.6426904149246153,0.299239107587132
qwen-3.5-plus,2,f7d1cb,poster,50,0.7407126859712111,0.5282788450011291,0.7305798077224477,2.025756443078391,0.8501442346742495,0.7151650680667391
qwen-3.5-plus,3,f7d1cb,poster,46,0.7362702524263904,0.5134643543061765,0.7363991761571285,1.9862641696839685,0.8489185338648273,0.7065975771621373
qwen-3.5-plus,1,f861f0,poster,37,0.4454444467751087,0.471210031743537,1.1464670962319534,1.20120651728977,0.7830765967266853,0.3456981366215779
qwen-3.5-plus,2,f861f0,poster,46,0.575095636924139,0.544932413328082,0.7116525245975837,1.4329975905471994,0.8608236642155186,0.4481733616846952
qwen-3.5-plus,1,f7ba1d,desktop,45,0.6683136667974304,0.5331905203828334,0.8535458173492706,1.95549424322789,0.8348994331461118,0.6484435992766729
qwen-3.5-plus,3,f861f0,poster,48,0.5198996997747551,0.5070407701806813,0.906908776475258,1.3184347352667314,0.8291514348555974,0.3927963207624382
qwen-3.5-plus,1,f7c681,poster,40,0.3753537039506114,0.4711350011314427,2.8791528395126575,0.5509806550229591,0.5812308993280462,0.2037011293383597
qwen-3.5-plus,1,f8d172,mobile,49,0.6145069086005037,0.691812400943205,0.35822474653085,0.8448374190016169,0.7346026485874573,0.6217187036635999
qwen-3.5-plus,2,f8d172,mobile,43,0.6450148792011298,0.7098858418661833,0.3050056145407969,0.9278799295585562,0.7571393413058112,0.5863415671235623
qwen-3.5-plus,3,f8d172,mobile,33,0.2925042704651367,0.5799435422224406,0.648953142193923,0.4538902258671932,0.6276558957776452,0.3565426968914827
qwen-3.5-plus,2,f7c681,poster,50,0.414225867905555,0.5083200992690631,2.9223847599279766,0.5414273680659192,0.5838839758332262,0.2267738655965665
qwen-3.5-plus,3,f7c681,poster,49,0.3716960756341068,0.4879324357180629,2.9742097393474913,0.4940567867590533,0.5863771886992427,0.1848976608885816
qwen-3.5-plus,1,f84800,poster,39,0.0754438598916775,0.4043770334549036,1.6077375247405123,0.2302891832124448,0.5644392543194205,0.0458553889467491
qwen-3.5-plus,1,f8d7fd,web,41,0.2475605128557541,0.4295213730934816,1.5458126891430344,0.4069746994154871,0.6497581933495159,0.237687342525464
qwen-3.5-plus,3,f84800,poster,40,-0.0728846394079629,0.3344458106388127,2.3289087655808025,-0.1670571036074172,0.4700276835104457,-0.1187400579481886
qwen-3.5-plus,2,f8d7fd,web,47,0.3480122987986575,0.4718044303080298,1.162878522184311,0.5649650981588102,0.6759950777137632,0.357474951188769
qwen-3.5-plus,2,f84800,poster,49,-0.0692674900863997,0.3443530275002808,2.448869372879274,-0.0479562991618869,0.4833963160241574,-0.1219578098422357
qwen-3.5-plus,3,f8d7fd,web,48,0.1399701599023859,0.370609041942063,1.5739553524992922,0.1861915608232879,0.5394512958949724,0.1632771855524496
qwen-3.5-plus,1,f8ecb9,mobile,41,0.3479923981001465,0.4781267550919895,1.4596325701470845,0.6312673015742857,0.6990832478685749,0.3036587668427299
qwen-3.5-plus,3,f961b1,web,36,0.3385412586302043,0.4710136074310566,1.1407892935559425,0.7724707135979507,0.7719473094473757,0.301466885261157
qwen-3.5-plus,1,f961b1,web,40,0.4196339426411989,0.5012176976027333,0.8395934257835821,0.9167314645743944,0.7896304360320612,0.33730301845051
qwen-3.5-plus,2,f961b1,web,50,0.4049158970614456,0.5067990119926997,0.8700703431878507,0.8715779540842291,0.7914720267666912,0.3777078126537872
qwen-3.5-plus,2,f8ecb9,mobile,65,0.2242039490816818,0.4011273326593534,2.595465326590878,0.3085909550644173,0.5917959158034005,0.189345754265422
qwen-3.5-plus,3,f8ecb9,mobile,45,0.2285355925862119,0.4262937147473902,1.7670882971378958,0.5164831405470968,0.6739549677864898,0.2338009806480753
qwen-3.5-plus,1,f93751,poster,40,0.6976342274961187,0.579386072603175,1.2587312784843805,1.6217906181940658,0.8150253528331107,0.681306128179843
qwen-3.5-plus,2,f93751,poster,40,0.3388664022729785,0.3431808171893808,4.594183611559307,0.8530649119870526,0.4994748079175861,0.3191268439886298
qwen-3.5-plus,3,f93751,poster,43,0.5182740196303139,0.4880712497129805,2.7428241181845503,1.162801009120247,0.6740469065398933,0.4896097451063704
qwen-3.5-plus,1,f96a6e,mobile,44,0.4521783681006213,0.4710198571503257,1.6948716833446695,1.0512593335980378,0.768609491363769,0.3792211169767989
qwen-3.5-plus,2,f96a6e,mobile,40,0.4042454250693077,0.4398008225793965,2.0154130368928755,0.8958053301532802,0.7384797362031366,0.3102021211536038
qwen-3.5-plus,3,f96a6e,mobile,40,0.372939116364354,0.3995506356203046,2.8399911508500173,0.730218645153066,0.689940628684991,0.2918534739320653
qwen-3.5-plus,1,f9ae9f,mobile,36,0.0101607697293397,0.3124278389723234,3.902821380037868,0.032084892122582,0.4476356872611011,-0.2098023777565588
qwen-3.5-plus,2,f9ae9f,mobile,32,0.2703406521576399,0.4298218935776732,2.979237993832618,0.40402706964169,0.5624572085115761,0.0085271146259976
qwen-3.5-plus,2,f9e25e,desktop,48,0.2291181639850174,0.5568430326455818,0.772508325355766,0.329671511038738,0.5956229991662139,-0.0406429290259915
qwen-3.5-plus,1,f9e25e,desktop,32,0.2639944997510962,0.5674157281348364,0.7303442060183031,0.3804646980082815,0.6176189052726069,-0.0310361998985339
qwen-3.5-plus,3,f9e25e,desktop,41,0.1876701589339424,0.5442593786624841,0.6826900759157155,0.3007121777070955,0.5863680185240833,-0.0508501242932549
qwen-3.5-plus,1,f9b020,poster,34,0.513038003582353,0.4654193351320225,2.402474617843321,0.6437134497038137,0.7062189078739998,0.3685855454634288
qwen-3.5-plus,3,f9ae9f,mobile,53,0.4328122583571746,0.5200562199617309,2.032065753660824,0.6014029880881103,0.6517582634045967,0.1445872576261732
qwen-3.5-plus,1,fa1827,desktop,44,0.5313748781911921,0.5278155766024032,0.8046357719740365,0.9486750604013734,0.7106455569457444,0.5481809860406915
qwen-3.5-plus,2,fa1827,desktop,50,0.4048048015510284,0.5022194102296512,0.9560915313523612,0.7192420669346339,0.6971628624175266,0.4086084942170891
qwen-3.5-plus,3,f9b020,poster,30,0.6898068733759426,0.5377442200780194,2.3411674370790907,1.0662449744251383,0.6965325159104574,0.5389970561193139
qwen-3.5-plus,2,f9b020,poster,40,0.469829590687034,0.5058359909794308,1.6611617373208445,0.6729166617612671,0.6977461137598346,0.2992945668032929
qwen-3.5-plus,3,fa1827,desktop,40,0.3737362579549964,0.463380578579118,1.2214836391045063,0.5729138959472199,0.6149892864831737,0.3894509371473053
qwen-3.5-plus,2,faa31c,desktop,43,0.5398122056855853,0.5415835785153811,0.8966118277209509,0.8683825603241742,0.7086593196461409,0.47848751213535
qwen-3.5-plus,1,faa31c,desktop,40,0.4874388975646274,0.5396241248524437,1.087109455597428,0.873895935198189,0.760558732413027,0.4170441222643999
qwen-3.5-plus,1,f9fed0,poster,51,0.0446345263349797,0.3565055824245854,2.7105752859562724,0.0022739355392213,0.4793524771875916,-0.0164266718695576
qwen-3.5-plus,3,faa31c,desktop,42,0.422847233805682,0.533802519777147,0.8439959949720861,0.7079242822992469,0.7284936117944018,0.3442015398397284
qwen-3.5-plus,3,faab85,desktop,46,0.4282322528694765,0.5419584641910729,0.7698309970147144,0.7801313756272428,0.7340281014798556,0.3862800304063794
qwen-3.5-plus,2,faab85,desktop,47,0.4659530954110957,0.5614318961525143,0.8446168508652243,0.8784810225793332,0.7216239906515474,0.3999742081366894
qwen-3.5-plus,2,f9fed0,poster,37,-0.0277154904199281,0.2721726467329274,3.821614561421838,-0.161529583631812,0.4844332314377172,-0.0735971697323256
qwen-3.5-plus,1,faab85,desktop,40,0.6529830184556382,0.6447029759894148,0.4988579647047048,1.155738369736251,0.7898283967457854,0.6183621754438867
qwen-3.5-plus,3,f9fed0,poster,35,-0.1316277409026902,0.2340264802928425,4.201657258211275,-0.198442573550852,0.4361671893306103,-0.1084218971967488
qwen-3.5-plus,1,fafbcc,desktop,45,0.5564793334658009,0.5548032664012263,0.7605817636527614,1.0116440192546918,0.7404563326914801,0.4593463731248241
qwen-3.5-plus,2,fafbcc,desktop,45,0.4410514308688152,0.54532464581147,0.9504547064788572,0.7206998978003074,0.7283064340245352,0.3214773507408125
qwen-3.5-plus,3,fafbcc,desktop,37,0.3901646298941272,0.519291080446767,0.8612967298440194,0.6220789980629727,0.7000520798735422,0.2698271565266831
qwen-3.5-plus,2,fac314,poster,40,0.2257416064994261,0.2707690420791494,4.379195078985601,0.3326780946816272,0.5340395010426866,0.1945404045954957
qwen-3.5-plus,1,fac314,poster,68,0.232534686715623,0.3875892155079308,2.520083437764005,0.3537594826430252,0.6114899466093366,0.2283208577417929
qwen-3.5-plus,1,fb0956,web,36,0.1887006453947215,0.3984407034491326,2.0618934523211427,0.2624288798907048,0.5813824528990111,0.1907945614914805
qwen-3.5-plus,2,fb0956,web,36,0.2758307018903538,0.4474832039545652,1.6902651601656238,0.4248890575744383,0.6140830471672923,0.2371764904724286
qwen-3.5-plus,3,fac314,poster,39,0.3865762285870109,0.4756779859644359,1.894005937335834,0.6510004765852287,0.6707207358180277,0.3562831130934666
qwen-3.5-plus,3,fb0956,web,46,0.215889001993263,0.4447159796699139,1.4080801192294965,0.3156118843071874,0.5744413282090951,0.188097667849049
qwen-3.5-plus,1,fb2cd4,mobile,48,0.2378044597385575,0.3978409741537047,1.7411475422834592,0.4663785172551584,0.6336946765220431,0.144097830175464
qwen-3.5-plus,2,fb2cd4,mobile,40,0.2225764362256032,0.4001731975461668,1.615477549180378,0.5256549466816822,0.6569626094604744,0.127020099469866
qwen-3.5-plus,2,fb3c20,mobile,49,0.1159710975444888,0.4292184574737404,2.969644668428951,0.1533117440112093,0.5102561052105108,0.0244193958489921
qwen-3.5-plus,3,fb2cd4,mobile,30,0.1498620703514614,0.3273803238288107,2.921125330049813,0.3102289345202714,0.6016757619259228,0.09422613304248
qwen-3.5-plus,1,fb3c20,mobile,36,0.0578121913202277,0.3706851638054159,3.69212896834534,0.2183366355162948,0.4954116983769476,-0.0740917225329521
qwen-3.5-plus,3,fb3c20,mobile,45,0.2492685061456915,0.4339682234519951,2.0823437129067948,0.3987516709380562,0.607817095180232,0.1961731861580047
qwen-3.5-plus,1,fb692e,mobile,29,0.2968030739000798,0.4593308558349586,2.0945079965838698,0.4727370153984856,0.6282523273992165,0.3161012044575395
qwen-3.5-plus,1,fb6dd3,web,56,0.3887725460361002,0.577776366652689,0.8054737973384741,0.5856235018493081,0.692151494750852,0.2686312862259886
qwen-3.5-plus,2,fb6dd3,web,45,0.3800852504058456,0.5553405636504992,0.7914058502932779,0.5497412622114642,0.6694843440423487,0.2836018491589015
qwen-3.5-plus,3,fb692e,mobile,41,0.2643938198666578,0.4752394661448034,1.7368699168029147,0.3490523684538523,0.6124964110925736,0.2662754536562974
qwen-3.5-plus,3,fb6dd3,web,53,0.3585714197000344,0.5576756908989606,0.7707844487585219,0.5224804186070833,0.6794452257639652,0.2644102751100434
qwen-3.5-plus,2,fb8701,desktop,44,0.6179746370511277,0.577777326093621,0.6953106558224407,1.22962310566328,0.8143303032408069,0.5556560455073665
qwen-3.5-plus,1,fb8701,desktop,40,0.6765168578784337,0.6073403940027402,0.6778767796332175,1.4062018334471924,0.8312261617773332,0.6248612641615057
qwen-3.5-plus,2,fb692e,mobile,30,0.3148429500817741,0.4662554001508942,2.049014905974598,0.4997503327002441,0.6288032040597322,0.3344785894069002
qwen-3.5-plus,3,fb8701,desktop,40,0.6161605349886735,0.5557994271979516,0.7321810841274379,1.2176573204620356,0.8002788111112218,0.5555028308304348
qwen-3.5-plus,1,fbd704,desktop,48,0.8822184321623123,0.7686549263254592,0.4048601810560706,1.6603009527718586,0.8690708941062106,0.8484176711825359
qwen-3.5-plus,1,fc4494,mobile,41,0.4641140402372042,0.6502993138714106,0.4309733211130938,0.6113997371171305,0.6892702254755665,0.3211666597061328
qwen-3.5-plus,2,fbd704,desktop,50,0.7448656243262886,0.6679124171746105,0.6519372874008751,1.4307604928892612,0.8469651812912451,0.6867769550927517
qwen-3.5-plus,3,fbd704,desktop,47,0.714518056967355,0.6392514220800976,0.6279059670000197,1.3704226740335357,0.8435643003218679,0.6617529746404193
qwen-3.5-plus,2,fba6ed,desktop,40,0.1405431707420642,0.3828484798814824,1.9571884300598712,0.231313082386378,0.6197950339156569,0.1448909832576017
qwen-3.5-plus,1,fba6ed,desktop,48,0.1343994795087938,0.3928637237900042,1.9973130257947664,0.2094889880401286,0.5851580129721101,0.135341672829696
qwen-3.5-plus,2,fc4494,mobile,45,0.4119688130858965,0.5924617592174811,0.5649647086930032,0.5636491796370837,0.6632230293768021,0.3237931437289196
qwen-3.5-plus,3,fba6ed,desktop,30,0.1059330934225626,0.3317652423394536,2.4380422655325287,0.1524000587346435,0.622573943398172,0.1079568214815713
qwen-3.5-plus,3,fc4494,mobile,47,0.4042374589039218,0.6177022068408815,0.4681741577747096,0.5042214613379551,0.6594655849845952,0.2815860439983771
qwen-3.5-plus,1,fc7118,mobile,33,0.5629099507149495,0.5903085958222845,0.5789511313634039,0.9899117439877638,0.7617997241497856,0.5527561856854839
qwen-3.5-plus,2,fc7118,mobile,30,0.5817391398197183,0.6016702463068079,0.644210907177357,1.0557824613737556,0.7737666264725043,0.5906352938164248
qwen-3.5-plus,3,fc7118,mobile,41,0.3890490259753088,0.5178969519159732,0.9154138315069764,0.7439465759931613,0.7191722219693367,0.3972266662661843
qwen-3.5-plus,1,fc9315,poster,41,0.6031078366407634,0.5900094339305488,0.5641840372097788,1.112473681352156,0.8014300260260715,0.6031618374500956
qwen-3.5-plus,1,fc8a69,web,40,0.3259696185905234,0.4879508948723143,1.2287325858241835,0.469448874412804,0.6486703929566742,0.2314119311020402
qwen-3.5-plus,2,fc9315,poster,40,0.6071055899488786,0.5980074416259473,0.6295609397285444,1.1307011616284406,0.8008260935503474,0.6148837509008874
qwen-3.5-plus,3,fc9315,poster,50,0.6789286693857327,0.6147079477484446,0.5849619052096268,1.2192813994542868,0.8129556001084288,0.6780798973659335
qwen-3.5-plus,3,fc8a69,web,48,0.29622387530154,0.5023422388003949,0.8870483387420534,0.4748137215475844,0.6835188050547457,0.3400444273399807
qwen-3.5-plus,2,fc8a69,web,48,0.1442240268860045,0.3962016928620597,1.4564155564381511,0.1811894340362942,0.5943442445008518,0.1165883094427185
qwen-3.5-plus,1,fc70db,mobile,43,0.4198429955078694,0.3939450606951355,3.650204605858292,0.6608020089055416,0.5628059015599367,0.4534814932687482
qwen-3.5-plus,3,fcac91,desktop,47,0.7214768026463552,0.6645324531919052,0.5673254292808249,1.42072845190832,0.8462719338652923,0.7224470559718911
qwen-3.5-plus,1,fcac91,desktop,40,0.6483642916237651,0.6045770292844116,0.7013041409511169,1.2795161741107903,0.81008927138763,0.6453260536177575
qwen-3.5-plus,1,fcb925,desktop,48,0.374656196463114,0.4090835920673128,2.016956413440955,0.7206305895864316,0.680456831192483,0.3096114923553476
qwen-3.5-plus,2,fcb925,desktop,48,0.5034177967845577,0.5036843267827165,0.8207198332691925,1.0301514541459835,0.7567501205437525,0.4036357191643811
qwen-3.5-plus,2,fcac91,desktop,49,0.6145355958237728,0.5840331174159608,0.6361804339133456,1.2462006945972663,0.8399553371193292,0.611283334798029
qwen-3.5-plus,3,fc70db,mobile,40,0.4540067393714627,0.4925836656287152,1.7215285739024342,0.8944285744815693,0.7096472512768334,0.4756264104908352
qwen-3.5-plus,3,fcb925,desktop,49,0.3374070993067647,0.4527120640296672,1.1488000043743822,0.7537373776019588,0.6675894372341475,0.2620490055423433
qwen-3.5-plus,1,fd0093,desktop,46,0.3030395601308188,0.412375569916147,1.9780113099995793,0.5676113769731769,0.6546397955305117,0.325617496419799
qwen-3.5-plus,2,fc70db,mobile,45,0.4533886801439574,0.3999106669370718,3.23043617979453,0.8291966842438521,0.6393018699056274,0.4683136854843876
qwen-3.5-plus,1,fd395b,poster,50,0.2760109402793439,0.5884731744879651,0.5749508752057256,0.2587839660400804,0.5822410992070549,0.26445159187825
qwen-3.5-plus,3,fd0093,desktop,50,0.345104371626295,0.4077990703497171,2.0807976456009323,0.5163250900526861,0.6900284208656796,0.3250930455286314
qwen-3.5-plus,2,fd0093,desktop,58,0.4080001007017008,0.5070842234437891,0.98975943450788,0.6905289810112858,0.6994671947149458,0.3780062326108991
qwen-3.5-plus,2,fd395b,poster,52,0.1223147697896303,0.5529943433761263,0.6418492288602957,0.0771619163936906,0.5302568370105912,0.1434415533223287
qwen-3.5-plus,3,fd395b,poster,50,0.2808745509783559,0.5620240735928916,0.7283589029653529,0.3050198149055821,0.6058192642302269,0.207938987102862
qwen-3.5-plus,1,fd129e,web,56,0.1393530412610307,0.4342567346542576,1.3102489752056594,0.2716435102018619,0.6026844610877122,0.2222969899462377
qwen-3.5-plus,2,fd129e,web,34,-0.0254754383568448,0.3373723138898593,2.4532163884876677,0.0218126436534489,0.5045901608627564,0.0696359363780449
qwen-3.5-plus,3,fd129e,web,47,0.174429727468793,0.4360814763301008,1.2527652730775525,0.3449683098519088,0.612035238422902,0.228070890301129
qwen-3.5-plus,1,fd7302,poster,40,0.4208679446035041,0.5368872478564852,0.69607135598229,0.6528714031674009,0.6807885375888603,0.3917451965803158
qwen-3.5-plus,2,fd7302,poster,45,0.4028887634158385,0.5277876314740702,0.7064904282017999,0.610331386257584,0.675939761803848,0.3729333041959894
qwen-3.5-plus,3,fd7302,poster,40,0.3054375995151358,0.4929740153924239,0.8289668267031454,0.4821573416653415,0.6265948091093541,0.3212645188323793
qwen-3.5-plus,1,fd0d5c,mobile,51,-0.0557818326222105,0.3909433488279308,1.8753714118759484,0.0121953635417743,0.4844396270093049,-0.0425870180000063
qwen-3.5-plus,3,fd0d5c,mobile,38,-0.0354195925310323,0.2911514745506229,3.691407146851475,0.091665624016007,0.4904215087484145,-0.0591560353711725
qwen-3.5-plus,2,fd0d5c,mobile,38,0.2060565370128329,0.4241684517554618,1.9059466185900176,0.4022726999529545,0.6335715935797549,0.1839024521472883
qwen-3.5-plus,1,fdafcb,desktop,40,0.5077215735506966,0.5246680207873693,0.9262254670987196,0.9670197933227902,0.7511589981344976,0.4622321719298042
qwen-3.5-plus,2,fd4c35,mobile,43,0.3970267101835656,0.4459712442063964,1.6391224867858725,0.8563640074471282,0.7277701000215414,0.3738180288957384
qwen-3.5-plus,1,fd4c35,mobile,54,0.3486437824557058,0.4292418880707118,2.3290430694180007,0.6531302375220516,0.705629410583866,0.2644160532785601
qwen-3.5-plus,2,fdafcb,desktop,47,0.3876952467181179,0.4648873611236004,1.0698040379667926,0.7475598767826823,0.6811191749214288,0.3511589012387706
qwen-3.5-plus,3,fd4c35,mobile,52,0.2941250731484597,0.3360937687241303,3.4031611087925477,0.3556651011692353,0.6911263560839845,0.2081445384466788
qwen-3.5-plus,3,fdafcb,desktop,38,0.3578670055412569,0.4575771301594729,1.3079679051399782,0.7015143286891742,0.7014562991900042,0.3419902215178746
qwen-3.5-plus,1,fd7c30,mobile,30,0.3096225984135139,0.392441999006599,2.792715032228558,0.516616404951571,0.6090012598553293,0.3112210875991492
qwen-3.5-plus,1,fdc3d7,web,40,0.384743433456015,0.5493438366256639,0.6608001242467756,0.5959949955073088,0.6773640173745261,0.1864268942063474
qwen-3.5-plus,3,fd7c30,mobile,50,0.0126144783089299,0.2729356922944239,3.721221055169029,-0.1793107773446842,0.5157940585480545,0.0205606695036758
qwen-3.5-plus,2,fdc3d7,web,35,0.2905985619446131,0.4444544752614468,1.9865948131058184,0.4178100053997858,0.6272837173820682,0.0506257782784492
qwen-3.5-plus,3,fdc3d7,web,36,0.2391870143351942,0.4755792313557786,1.0817770873574153,0.2848673201398303,0.5699426411993598,0.0832985973058925
qwen-3.5-plus,2,fd7c30,mobile,42,0.0398643764938779,0.3009027895326833,2.454778559813564,0.1803667545255853,0.5401196096092284,0.0420737319459003
qwen-3.5-plus,1,fdda92,desktop,40,0.1758572310039756,0.3589816140160159,1.5239152634872997,0.3188174999122267,0.6149327422455863,0.2860729867361131
qwen-3.5-plus,2,fdda92,desktop,50,0.409908995760207,0.4696857668071451,1.150159322498417,0.7220721604385099,0.7043857198132502,0.4649214957751703
qwen-3.5-plus,3,fdda92,desktop,40,0.3566772593642359,0.427711233955254,1.2111342919872887,0.6720452162104724,0.6761640233976869,0.4011934135345064
qwen-3.5-plus,1,fe0708,web,42,0.1110505959137579,0.3193939282068375,2.3838775885626124,0.16495982405501,0.6012013544597299,-0.0581896089470502
qwen-3.5-plus,2,fe0708,web,39,0.2670458275254771,0.4131461691293768,1.5051026452802063,0.4858241737633355,0.6472596273039408,0.1594572082023883
qwen-3.5-plus,3,fe0708,web,40,0.4899383677999608,0.5205700269417344,0.9787016558160608,0.8695745232494694,0.7422595665579149,0.4072204916198026
qwen-3.5-plus,1,fdba74,desktop,41,0.4915417939327458,0.4546023925687819,2.1574434482643525,1.0583618310308651,0.7553858056596504,0.353533636748319
qwen-3.5-plus,2,fdba74,desktop,31,0.4588188718328404,0.4093049204968069,2.4279816315889446,1.165506494600559,0.7329192647245844,0.3408643838974194
qwen-3.5-plus,1,fe14d6,web,46,0.0231630851145663,0.3911614522872815,2.38354352905753,0.0608668717165164,0.5123452993645323,0.0808722027064621
qwen-3.5-plus,2,fe14d6,web,43,-0.0107712137099045,0.3664382182603771,2.298941792875791,0.0010636920500397,0.5079855853931325,0.066707580941068
qwen-3.5-plus,3,fdba74,desktop,80,0.2935501041715177,0.3517441545452718,1.6750124391770504,0.5647485310012497,0.6522559936766283,0.1153238234473988
qwen-3.5-plus,3,fe14d6,web,43,0.0088584968457006,0.3927402627944008,2.274063262798111,0.0967810650180049,0.5365665228612756,0.1059093999020043
qwen-3.5-plus,1,fe430b,mobile,32,-0.025443780847775,0.2823603503782024,4.301918358962684,-0.0417521867127883,0.4692544285405092,-0.0037641241829007
qwen-3.5-plus,2,fe430b,mobile,30,0.0804185388214376,0.3141443985116666,3.948221813817897,0.136582079147467,0.4893418299377005,0.0390761977825819
qwen-3.5-plus,2,fe5ed4,mobile,40,0.1877899576780922,0.4225388619879028,2.0905308009750003,0.1830054187004501,0.5801241757434801,0.2169291879816906
qwen-3.5-plus,1,fe5ed4,mobile,35,0.3541019483936226,0.4757181438279806,2.091584910292414,0.6435370436553537,0.6485763861559204,0.3751536076798372
qwen-3.5-plus,3,fe430b,mobile,41,0.3708184991673445,0.4889425847992537,1.591367858775956,0.5426872487460324,0.6662647765946382,0.3406530450390734
qwen-3.5-plus,3,fe5ed4,mobile,49,0.3504358659301586,0.5017056844150677,1.515942350354009,0.5192431827982931,0.6150809907175201,0.3306411984881418
qwen-3.5-plus,2,fe670b,desktop,50,0.7543403557957301,0.6004372878973321,0.5614235997559196,1.6930502155274312,0.860901681198291,0.7383786616063764
qwen-3.5-plus,1,fe670b,desktop,50,0.7823656059876947,0.6020663991662314,0.7972664872529724,1.7679666732846877,0.8344195262520778,0.8009895042230052
qwen-3.5-plus,3,fe670b,desktop,50,0.8436098345642489,0.7093819141797681,0.531818566632513,1.8660081018589103,0.8622681146780387,0.8408083884601314
qwen-3.5-plus,1,fe6876,web,40,0.2218087976988263,0.3933794023173471,1.362181859994497,0.5050181177843037,0.7115787904838586,0.2506952281649776
qwen-3.5-plus,3,fe6876,web,47,0.3332497410754995,0.4200866301409721,1.1372365057878269,0.7000395587771556,0.6999481973980938,0.2630101797597688
qwen-3.5-plus,2,fe6876,web,40,0.2539414450501569,0.4117611906715785,1.2387252379657865,0.5796897393363941,0.7177782651545888,0.200808247103782
qwen-3.5-plus,2,fec2d4,web,38,0.4781896309988571,0.5401008177367375,1.1810626182642243,0.7456164089081885,0.7057053335946656,0.4669224940265009
qwen-3.5-plus,1,fec2d4,web,38,0.4187036621012294,0.5130353963129649,1.0513374089594438,0.7242111134303795,0.7066569137219942,0.4340829548902747
qwen-3.5-plus,3,fec2d4,web,40,0.4904743651166038,0.5457573159432432,0.8996288635358218,0.8482593192389392,0.7329917517031141,0.4978422792624812
qwen-3.5-plus,2,fe8c5d,mobile,46,0.2166683435390896,0.4055124569186612,2.6542244028460957,0.2970997633613244,0.5903933919070982,0.1818427005676205
qwen-3.5-plus,1,fe8c5d,mobile,34,0.243730569763322,0.4110644285863867,2.259407351535569,0.4077305564520146,0.6203698208356438,0.0503249895989459
qwen-3.5-plus,3,fe8c5d,mobile,50,0.0758808274784692,0.2980134078434758,4.107878901149157,0.1143198630874711,0.5337456123937372,-0.0634934325945052
qwen-3.5-plus,1,feec80,web,40,0.2845343614768809,0.4961012498998766,1.2057980386700655,0.4874694412390107,0.62430948649732,0.2430279751304473
qwen-3.5-plus,2,feec80,web,40,0.2526663940867366,0.4822497134779968,0.9617593526109078,0.408695862588147,0.6249868906410175,0.2740272474628739
qwen-3.5-plus,3,feec80,web,45,0.1237471233474844,0.4073094954497892,2.10063170118966,0.1650236538457107,0.52331557249821,0.2185374948578655
qwen-3.5-plus,1,fefe30,web,49,0.3159323813816448,0.4650795093206982,1.0841816770808164,0.4957515143294519,0.6651031379092541,0.28618275713937
qwen-3.5-plus,2,fefe30,web,50,0.3301217076056555,0.4702440262285506,1.096990659535903,0.5360002287929263,0.6710155167518909,0.2903011515056438
qwen-3.5-plus,3,fefe30,web,47,0.3885660219521003,0.4984466380138344,0.963201967994024,0.5899492903700261,0.6716644845007,0.350354105853598
qwen-3.5-plus,3,ff561b,desktop,45,0.3408440096834215,0.5616766421896117,0.7338150736883557,0.509546107746701,0.6531176591097047,0.3436527218788914
qwen-3.5-plus,1,ff561b,desktop,41,0.5342444907097457,0.6085091280586721,0.6139917371045753,0.7448365456080956,0.6972065450870654,0.5052688847540431
qwen-3.5-plus,2,ff561b,desktop,40,0.3747443964423462,0.5349985031969733,0.8917654589884378,0.5600950710490818,0.6563575166930534,0.359709739577745
qwen-3.5-plus,1,ff6a33,web,36,0.3770689343837198,0.4685959216233658,2.1026543601394625,0.6621772472910884,0.7162446256438373,0.4286514956266056
qwen-3.5-plus,2,ff6a33,web,41,0.3135763339178287,0.4522919133191937,1.9142663159413145,0.5312062898806416,0.6818122798450377,0.4074180297206239
qwen-3.5-plus,3,ff6a33,web,43,0.2266332150936316,0.3693726313003698,3.6275209291513657,0.3925837640560309,0.603141696763707,0.3052576407326108
qwen-3.5-plus,1,ffad21,desktop,40,0.2258452890167384,0.3530670016539212,1.6796461749338372,0.3714758972630137,0.6031281984574995,0.2535938319276958
qwen-3.5-plus,2,ffad21,desktop,49,0.3349841821949681,0.4251750213101243,1.4715400268895815,0.7281602668019127,0.6843923712742686,0.3432071193861418
qwen-3.5-plus,3,ffad21,desktop,44,0.2592002968600362,0.4143187292114717,1.3811987323161568,0.6702576681098642,0.69569528007647,0.2589817478794239
qwen-3.5-plus,1,ff7d76,mobile,41,0.3319804929638875,0.4650973587951866,1.9214872581020288,0.5010631444367731,0.6688268651266988,0.3015629698525999
qwen-3.5-plus,2,ff7d76,mobile,40,0.4484060262367779,0.4075294577616953,2.8801726490981445,0.7675250405273664,0.677690569312917,0.4256307087089966
qwen-3.5-plus,3,ff7d76,mobile,40,0.3795770511325779,0.4793870012714596,1.6189902753056502,0.6064197837357242,0.7137021806269418,0.3355772392429295
qwen-3.5-plus,2,fe193f,poster,47,0.0640337359400246,0.2099222416769387,4.8903972086974505,-0.0078372337538087,0.4127509586024281,0.0499088755409934
qwen-3.5-plus,1,ffb688,web,47,0.1438734490186651,0.4549029869972428,1.3779714284028426,0.2157932966389298,0.554235007362449,0.0792058515276383
qwen-3.5-plus,2,ffb688,web,41,0.1354229089150891,0.4591633562049044,1.5852303165230537,0.200621388031682,0.5612310629240658,0.1179066070028825
qwen-3.5-plus,3,ffb688,web,40,0.0729061742814801,0.4336639628805268,2.1067761925807775,0.1419674087706416,0.53435810307179,0.0953936972880595
qwen-3.5-plus,1,ffd262,web,49,0.1174973079223248,0.4430198691260669,1.265131872488058,0.196806821570054,0.5763971708373178,0.0676518757776203
qwen-3.5-plus,2,ffd262,web,46,0.1801578798469312,0.4792278099671904,1.2116767066567975,0.3266843225942393,0.6223278564806471,0.1631790611285996
qwen-3.5-plus,1,ffdc28,desktop,48,0.2837630727422435,0.3903796165501298,2.91351501775467,0.6343207788435791,0.6527662513091181,0.3180776315042706
qwen-3.5-plus,3,ffdc28,desktop,19,0.5773367574426276,0.5513652161604743,2.1288085501099365,1.1890118591684982,0.7358911825800057,0.5791113711243779
qwen-3.5-plus,3,ffd262,web,50,0.1877536810660212,0.4776375292263404,1.1314075300711046,0.2757879621938776,0.5848688442004112,0.1401296987774015
qwen-3.5-plus,2,ffdc28,desktop,32,0.5413497236296182,0.4873822721367762,2.3612463244397186,1.0931198392511072,0.731596816227592,0.5410787889334222
qwen-3.5-plus,1,ffde86,mobile,46,0.3800474074999286,0.4773380213724138,2.0077950414580936,0.9412555382491712,0.6781247026124226,0.3782001925573516
qwen-3.5-plus,3,fe193f,poster,65,-0.0629681512529574,0.1769192521189663,5.137504185625739,-0.1073181785173233,0.3483219845687537,-0.0681302652568918
qwen-3.5-plus,2,ffde86,mobile,42,0.3783158206416398,0.540430024787311,1.0020851023080064,0.9928727403495424,0.6772644535414499,0.3635629996844863
qwen-3.5-plus,3,ffde86,mobile,40,0.466948580618757,0.529150030987501,1.0828347654276738,1.0003016734234031,0.7298342747115836,0.4370206210523389
qwen-3.5-plus,1,fff715,poster,40,0.5611379063052393,0.6351789978484266,0.4915210597266636,0.7529796791199902,0.6952985095949854,0.550151378377344
qwen-3.5-plus,2,fff715,poster,47,0.4516086497776578,0.6030865729487955,0.659723237997179,0.5217457015125003,0.6483356063270687,0.4102415152851226
qwen-3.5-plus,3,fff715,poster,45,0.657178966780366,0.6586057343612259,0.4023202415176927,0.8934083924154059,0.730912449790388,0.6272716163295524
qwen-3.5-plus,1,fe193f,poster,72,-0.1033984155954188,0.1722924264709805,5.223603982986855,-0.2493096984970027,0.3320234920262611,-0.1091213348671884
