model,CC_mean_mean,CC_mean_std,SIM_mean_mean,SIM_mean_std,KL_mean_mean,KL_mean_std
claude-opus-4.6,0.3029246073146123,0.1810887486439168,0.3841913865599799,0.09473024974753745,1.9291303952042373,1.005985825055257
claude-sonnet-4.6,0.21259066493350376,0.1777324761681096,0.3368574614778564,0.09665929514756155,2.3963621290912434,1.3541309818333322
gemini-3.1-flash-lite,0.07034864158011699,0.1958484731474443,0.17564928844536784,0.17366839305866824,6.408429586820416,3.942987274798806
gemini-3.1-pro,0.1027931950290723,0.18852901859658372,0.19510759559999627,0.1568105312495815,5.988878937105409,3.459328676727553
gpt-5.4,0.32619474985204266,0.1626997015163041,0.39485979034477703,0.08403812407399562,1.7812657773509486,0.8881075019903666
gpt-5.4-mini,0.22034230402266866,0.16126422471513993,0.34664958596331147,0.07920616624206295,2.110128845993976,1.047587080358264
qwen-3.5-flash,0.21035592438916156,0.1618253018415106,0.3280717642243926,0.09087341471008986,2.6988834827644554,1.4143633388138852
qwen-3.5-plus,0.24462000415171595,0.16202843030988676,0.35748105858938056,0.08447047790573674,2.1212302598181414,0.9873751427694564
ui-tars-1.5,0.10100664852578435,0.1797840406716483,0.14232358115006338,0.14720203844248325,7.58059785039521,2.8863373921936706
