baseline,image_id,category,CC,SIM,KL,NSS,AUC
center_g25,fbd704,desktop,0.46745798567967684,0.34243159376393856,1.2673784020403203,1.2289760819511237,0.8146591987011921
center_g25,a2da71,desktop,0.15447715074702079,0.26469364064448364,2.0785042299808705,0.15177136918464015,0.5552955150507123
center_g25,8b0b52,desktop,0.3761582346771072,0.3642879655790917,1.6642918871444148,0.8543252612616593,0.6820206856738471
center_g25,2021b7,desktop,0.4051972982230872,0.38835120731946415,1.2602143981348142,1.197328977734613,0.8194069431397569
center_g25,95b2d2,desktop,-0.07974310767667458,0.165249979952881,3.605321682380522,-0.09097204206041482,0.48832203446795286
center_g25,d99b18,desktop,-0.07482945021217952,0.13389287441980893,3.5284931952451637,-0.15518500226685356,0.4904086791312394
center_g25,2e93e6,desktop,0.4614682395344684,0.3812420868793357,1.2435191842579219,1.190801242313884,0.7951215975207508
center_g25,7613f2,desktop,-0.08396956917642064,0.13520772048429874,3.559489380224346,-0.13963760819432658,0.48331949786129835
center_g25,460bf9,desktop,0.02515160767528499,0.23693146606719967,2.2427824977007558,0.10373852897087689,0.5217903210459903
center_g25,536e7f,mobile,0.5119430196448258,0.3739077907813562,1.0938464854639824,1.4557081549870075,0.8453272071684573
center_g25,4adea3,mobile,0.13509607524016215,0.3412676044293374,1.7778254717762938,0.33472882090330225,0.6166886155722386
center_g25,58a60d,mobile,0.019636469978604403,0.2623959140519436,1.8885985398832497,0.077717074360857,0.6044290081575561
center_g25,cced5f,poster,0.1237946976264879,0.36987703545576767,1.6341065609273913,0.2450530921123103,0.5607006406269034
center_g25,b2d2fa,poster,0.133881515283798,0.33505750791778705,1.686331802461517,0.29743411563907274,0.5894893261533242
center_g25,05e980,poster,-0.05763517706738436,0.1156431028589184,5.455217063196239,-0.2575698525852489,0.4854463561483928
center_g25,708a08,poster,0.04157436276486284,0.23469088297669108,1.9351149081349748,0.21401746192185175,0.5925915195059193
center_g25,085001,poster,0.4693624650843483,0.3587456712657547,1.3000643217464782,1.2874032209246946,0.7936155125225923
center_g25,9afe5f,poster,0.09818333794108319,0.3330236646677955,1.5181369963556655,0.21126576625183202,0.5871366930595177
center_g25,65576e,poster,0.1343427194875399,0.24789313954389822,2.0756288959156635,0.43895782064830374,0.69364626905903
center_g25,c27e4e,mobile,0.08695757346614712,0.3862958997081221,1.724014922358574,0.17966552878403633,0.5745025030777516
center_g25,9efc81,web,0.2880810868510008,0.2900032577650926,1.5154927775201283,0.9534826743338821,0.7732128739460726
center_g25,13af7a,mobile,0.05419169455078971,0.3314360610559946,2.3520449488042736,0.12031752625031576,0.521109716140687
center_g25,207fd4,mobile,0.5535546488519798,0.45861554506950375,0.8737719257583436,1.3346428282633414,0.8201114927844347
center_g25,e3d203,mobile,-0.049068447469456794,0.26125646477037895,2.9287563019695844,-0.10398182425808736,0.47782450392097053
center_g25,17a8d1,mobile,0.03252459038177112,0.2980444407560164,2.2588317214511333,0.19198129551074852,0.5345434078449844
center_g25,f639bf,mobile,-0.0014413682573981338,0.22961884643750227,2.936608816262981,0.0416337626974688,0.4982944924414354
center_g25,166bc9,web,0.20017897113212196,0.32119342209385593,1.7736575340046543,0.7837710579107565,0.7371252347551144
center_g25,5c88b8,web,0.29893932252863564,0.30137084976866013,1.5390775946837254,0.8331984308461505,0.7472047195790175
center_g25,4e81ec,web,0.21964701330300535,0.2822015226319883,1.7048660720337725,0.36131341408624806,0.6235097411261522
center_g25,69a8c4,web,0.3735313685146317,0.36400669259136953,1.385784076115183,1.1164942842315124,0.7888889540130448
center_g25,27d67e,web,0.2961818620060723,0.31423863003649266,1.554867764595711,0.8035578820503733,0.7276476016718808
center_g25,781b7e,web,0.20143443388441948,0.33474740906821243,1.527609688989362,0.5958399343282498,0.7192050864704223
center_g25,6eb097,poster,0.15836990040588989,0.22864811513520455,2.067230543806822,0.7844523559840114,0.7608519259809206
center_g25,1fdbf2,desktop,-0.04311963338773587,0.22156824633173264,2.305954305906033,-0.11693613744952575,0.451928128703129
center_g25,1bf5c6,desktop,-0.09906602544311545,0.1392505334127248,3.2536169464699656,-0.2084780954842667,0.42991834943250984
center_g25,3d6147,desktop,0.5266600798245107,0.3754409586346286,1.214579349537046,1.5974610245151062,0.8498874530027097
center_g25,1b436f,desktop,0.5467033358240676,0.40904185491173767,1.185710438229751,1.2207333276626837,0.7770715919368139
center_g25,72062c,web,0.17867887083072967,0.2699892128333086,2.651088322726016,0.6762289384656047,0.631248975370702
center_g25,e2aa7e,desktop,0.3839292132891451,0.3418139709214902,1.3833062145100155,1.0841798215956153,0.7770929533836419
center_g25,a7ac1b,desktop,-0.060069979349459346,0.24361977134955987,2.4617353305058067,-0.11784707319411562,0.4801658109031184
center_g25,9b4285,desktop,-0.12283484757165336,0.08783449108543104,7.008892269842114,-0.24692580050090596,0.4148402339663028
center_g25,29227b,web,0.3745543872701187,0.3773975332201258,1.310817550562101,0.7959810628284147,0.7173512271347249
center_g25,0529f2,desktop,0.1544417799339868,0.3039367547116702,1.8047140104038708,0.47131612660440103,0.6877610921537679
center_g25,cccd2a,desktop,0.3166760917752732,0.33356003871455353,1.4611810023352514,0.7376875020867218,0.7296833436329245
center_g25,3b078d,mobile,-0.05379348616454765,0.2428669023019355,2.5113905567547765,-0.1711942630438292,0.48299891624256985
center_g25,cba28b,mobile,0.03969057483524823,0.28868064556763096,2.1466209798495854,0.12471743835973183,0.5652052574132038
center_g25,f30633,mobile,0.24503897523189305,0.38407216105673886,1.2779357547986756,0.423453198379851,0.6783618850278152
center_g25,840bb8,mobile,-0.2084191907900793,0.11572291941891788,4.486520521164628,-0.4300808148974188,0.32545534103232376
center_g25,a64332,mobile,0.18083801388175968,0.4080591842369937,1.8465680147724388,0.35440856963013945,0.598332402322325
center_g25,3141d9,mobile,0.2497939757323825,0.47195406223288294,1.1835441848299455,0.33295276059542905,0.6186851516556112
center_g25,8cf0d4,mobile,-0.07652793763661012,0.23222311378431437,2.3432216454206043,-0.06384543329397477,0.5164845768096324
center_g25,58b56c,mobile,-0.06756970744835436,0.2428823548574262,3.2577358961219773,-0.1548249544243134,0.4204189113811698
center_g25,1e1131,poster,0.22059237319400693,0.2701664536991402,2.1350997446410855,0.6656397129730894,0.680787588836171
center_g25,98474c,poster,0.4400200248818287,0.37450220036455667,1.3154641699329992,0.8745127321677998,0.7030825202055963
center_g25,8da42b,poster,0.15420141308742796,0.24068550757315563,2.26910791544236,0.4218221178690997,0.5772326988412486
center_g25,3734cb,poster,0.14398914221436598,0.25936986902945114,1.9013428022720773,0.4240589757472692,0.6287513698191348
center_g25,32fcbf,poster,-0.03056072908885748,0.22644361991741158,2.3429908142064204,-0.031489518996004336,0.5110144089119592
center_g25,8770ed,mobile,-0.1555820263593582,0.21801227146453012,2.7786413258675418,-0.31358048446354303,0.439346303173835
center_g25,1ee232,web,0.13165920340088097,0.24836372959063682,2.09617750145063,0.5842701573065276,0.6941787826502288
center_g25,f04d2e,web,0.14703712781871187,0.3130313656975496,1.5703789324129735,0.2867555703539584,0.5915981268049768
center_g25,1b3eec,web,0.2811152291402888,0.2919125840557632,1.7019611314105747,0.8558923216071823,0.7367003839324215
center_g25,183534,web,0.1416890104800939,0.2679113710003293,1.642318035085392,0.236091918429776,0.6107647927935929
center_g25,43a952,poster,-0.12914826862879622,0.21223340496430154,2.6534058297359358,-0.20209749152984408,0.42397223723895017
center_g25,0ec997,poster,0.1717046340999947,0.2548217134093823,1.842175587103934,0.5864036337063538,0.7400702174653456
center_g25,5ac518,web,0.05978221039412788,0.2393931225629298,2.37804887409147,0.15315294028578705,0.5194548238401061
center_g25,026dd2,web,0.1350700059423375,0.3132960976174145,1.8833762071106903,0.390789931655372,0.6021860095044838
center_g25,caa82e,web,0.3181462061152438,0.3174147569658139,1.687492130284973,0.9316052733836674,0.7347553485358337
center_g25,f7c681,poster,0.06066013172273649,0.3298218452974224,2.311133067587917,0.16272837752577898,0.5336254001736981
center_g25,afdcf4,desktop,0.43487565676089324,0.3242051316689083,1.4195788895659724,1.0236875702147856,0.7267453688203995
center_g25,3b1c3e,web,0.04568349185783391,0.1830844710048175,2.4236575407345313,0.21336226207941275,0.6030609355861436
center_g25,a077e7,poster,0.12554817718841238,0.23277164815311518,2.021188945880087,0.4462530143203978,0.6912501191135504
center_g25,a76ed6,web,0.24009491541941366,0.3300513997771611,1.722203686653733,0.5815554707202591,0.6222639652218984
center_g25,d98c2a,desktop,0.23518856847847752,0.29712661292125564,2.121628228355524,0.6275647197472807,0.666726161089364
center_g25,f7681d,desktop,0.2572521870222474,0.34250345805991034,1.6996007938766793,0.48326845073952657,0.6527035631355187
center_g25,3b203e,desktop,-0.0019881574144487413,0.21016899737956463,2.5693945851540607,0.3184411247963541,0.5556699346526269
center_g25,e39798,desktop,0.08263301547587112,0.21969015894527483,2.0802554028544056,0.14009802383289297,0.5345917701623184
center_g25,7f066d,desktop,0.24215722085135696,0.3155418941723853,1.5089582784511408,0.8010017588846493,0.7637423592726601
center_g25,e78858,desktop,0.14697639047847236,0.23295931820441548,2.340772616288691,0.5556648805815985,0.6542027130645612
center_g25,c807dc,desktop,0.20588062324092452,0.2915697809976996,2.4347412830542954,0.537463869114135,0.6068724832623621
center_g25,03474c,desktop,0.23236142271869417,0.2888870017523899,1.8973383076181958,0.672827818351572,0.6854013145346944
center_g25,533099,mobile,-0.14793063492647557,0.1628493004000087,3.7513375841727625,-0.23341598622633308,0.3973722258375169
center_g25,9aa231,mobile,-0.12636717408614434,0.21620156016481853,3.4606117694531657,-0.24240310831231845,0.43033914514668525
center_g25,722b8c,poster,-0.02803279569548947,0.14838870594179787,2.9978781582674374,0.09571387824164526,0.5675145936440292
center_g25,c6b002,mobile,-0.06442912228721105,0.23567172192517843,3.389202418316567,-0.050696843617348615,0.46374733103021015
center_g25,7c5f7f,mobile,0.2344725253719811,0.417105738289318,2.2873636192921842,0.35813306370590337,0.5904911582755632
center_g25,83d7ce,mobile,-0.13804564883942086,0.1286090395310695,2.9839468312920974,-0.374816269654906,0.4673188534676144
center_g25,bae388,mobile,-0.09861811867007353,0.10951261806599062,2.986472435444223,-0.30650167296189007,0.5071122085101827
center_g25,2b0b4e,mobile,0.3936595375996248,0.40501528917297863,1.0325197418616374,0.8990173403079975,0.776033596289309
center_g25,3f9682,mobile,0.08461399610167906,0.2572432396601246,2.2016680252451657,0.0991973107439078,0.5444109283985881
center_g25,37cecc,mobile,-0.1440423559536619,0.16385370211898004,3.850090926133742,-0.39274667509664113,0.38302486350374376
center_g25,5cfc08,poster,0.08173956757362948,0.16830661508972788,2.6861609779208004,0.23316707639334266,0.6366902401898679
center_g25,98b958,poster,0.1054678931543005,0.2724671548708636,1.8658481946434222,0.28656937920191283,0.6152689503170284
center_g25,e7e220,poster,0.3132503293916843,0.45287312453325007,1.3890644090006445,0.4460574379151567,0.603662664436744
center_g25,bccea2,web,0.430181524969953,0.3712184338971542,1.2269654437133097,1.1286984935515847,0.7841362726902027
center_g25,e7163d,web,0.16103597129087405,0.29719871079566396,1.7940736978882812,0.510485712066496,0.6420562737109301
center_g25,c143b6,poster,0.210296172423601,0.25129373077637396,2.2582767482616246,0.6172987648555709,0.6406455317457366
center_g25,093c65,poster,0.28768596863574414,0.3751932983358208,1.4610323977672013,0.636750982520941,0.6920501032101767
center_g25,d07b98,web,0.19097543612016074,0.3210909912800547,1.7025797039694555,0.4489505576036111,0.6233398579553977
center_g25,162809,poster,0.2548069192878321,0.31067750233646885,1.4942690883687848,0.5474636892916385,0.7090372715470049
center_g25,adbe00,poster,0.023818055165109618,0.18185772102185163,2.815996069153417,0.24724259322764763,0.6048946316652393
center_g25,4dae22,poster,0.1476373348613416,0.2119344039426227,1.9274771211871713,0.3693116678164264,0.7042658489740636
center_g25,ead495,web,0.043950699949723004,0.2227800865881806,2.747986523621876,0.05725499380371548,0.497597112363021
center_g25,dda275,web,-0.031132444175023276,0.1646516118977988,2.907358338987801,0.11426354145692869,0.5393576210227669
center_g25,2b56f2,web,0.08934231002348592,0.2186899389947266,2.1219195578268715,0.21033862536322906,0.5816523220992798
center_g25,6b7c75,web,0.2662103844800493,0.2884549104063182,1.746262271264771,0.7314356019965493,0.7086638774409717
center_g25,17e6bf,poster,0.2384413625761434,0.2910116857305992,1.6684932150394611,0.6717791196495252,0.7311582535041273
center_g25,39b696,desktop,-0.174218922750363,0.1584891288685432,3.256249343847652,-0.41838992405660996,0.3871256611296056
center_g25,e9b8fa,web,-0.0479744986912676,0.17095813170015656,2.589811746966442,-0.09904813283389234,0.5249356727329778
center_g25,ad9e6b,desktop,0.14912649874131362,0.18217581763503185,2.340839524212665,0.6439978817546597,0.7038967402802866
center_g25,72cfd2,desktop,0.06561103142029952,0.2050108464711426,2.6548759784112574,0.2608247647076089,0.6021961752252255
center_g25,271112,web,0.09475411428912703,0.21724442809332833,2.3125683092360387,0.33202386171900317,0.6334807401304541
center_g25,8e0c5b,desktop,0.05164452248528216,0.2579004482272895,2.2657301651861532,0.2052017236044694,0.5138473885045055
center_g25,306281,desktop,0.45277564876107607,0.3334623662006561,1.7916724951615168,1.473538114251301,0.7807719795939262
center_g25,7caa99,desktop,0.28297742219254496,0.33983778922656144,1.9659541350044436,0.7627221157013181,0.6867933084711684
center_g25,13bd83,desktop,0.43203122795102045,0.375225009616343,1.2005948821273869,1.2363917600906484,0.8143855123536594
center_g25,4d3cc1,desktop,-0.0965483068929211,0.16270420018866905,3.377583492926838,-0.20120368649891665,0.42662693045648714
center_g25,1a9f12,desktop,-0.0271655214347346,0.20541966632654052,2.268262505032962,-0.0957830129890408,0.4792663032376032
center_g25,917a4f,mobile,-0.03726481332168092,0.29179656784915087,3.509994085712429,-0.004481194477363868,0.44702899804312834
center_g25,8709e4,poster,0.08190187596688375,0.25627822075937334,1.884457235651668,0.14412352087274283,0.5719937020756868
center_g25,ff7d76,mobile,-0.17445772494475476,0.15730747126238664,3.566652538477994,-0.23942792357313347,0.41501455829815803
center_g25,226f76,mobile,-0.1251098483066337,0.2387800481622719,3.2491890391438902,-0.2375403116186629,0.39258096733639464
center_g25,20e9c6,mobile,-0.0026551678823368736,0.2960623110635647,2.6208447263470447,0.0664721376730088,0.5039772045377682
center_g25,95d2d7,mobile,0.2213871806580966,0.3986735102668746,1.8406495002307792,0.37478435512572794,0.5669619123001913
center_g25,03340d,mobile,-0.01086593623772512,0.2639482616876209,3.374691170762134,-0.008491036970833492,0.42237206298973967
center_g25,8a770a,mobile,0.5705681039986445,0.5007883577659024,0.948943157878954,1.1422722415923108,0.7643092447974553
center_g25,95fc3f,mobile,0.048768321484323994,0.3207881576105066,2.164129066862836,0.1882231483183297,0.5684249249122139
center_g25,72156f,poster,-0.1328310905411998,0.2236500966085339,3.2833895606277443,-0.3552584202910026,0.36950480215881765
center_g25,ea01c0,poster,0.19351437193949816,0.2453543181560688,2.0656219957593436,0.6227357336706342,0.701654348907456
center_g25,1ad1cc,poster,0.30469163181157916,0.3523191171194301,1.3575343892990643,0.9013652201515471,0.7720668128724171
center_g25,0197c7,poster,0.0942515044468315,0.24208613618088615,2.0278664493621834,0.36123728287964696,0.6395074711265554
center_g25,f02589,mobile,-0.11234751232412143,0.2359082554812681,3.563097981464637,-0.07769536688468702,0.4529617109467841
center_g25,452a6c,web,0.0015987982235885262,0.1830700521101395,2.918450595399151,0.3783594817644979,0.6005116417065108
center_g25,9b41e4,web,0.1592470242287946,0.24708005497242774,1.9579311490001,0.43105183884292714,0.6376966620908293
center_g25,11a99d,poster,-0.08041111112279474,0.19258325999656442,3.836275309466328,-0.25311718257180876,0.3916361883146057
center_g25,9e3ef2,poster,0.3156929989021206,0.3830540708529516,1.2076591941846575,0.7674055701712487,0.7462003178956738
center_g25,1626dc,web,0.11831611792958338,0.27158877111235324,2.2282667128737104,0.4512748082513042,0.6119263623407458
center_g25,40ca07,web,0.05053930331086015,0.23745960482283993,2.1085524121437107,0.08681292911290928,0.553036018272145
center_g25,450720,web,0.23162514510644783,0.38183963678612537,1.3738835711279132,0.47595419553720736,0.6345199732891419
center_g25,7e2e98,web,0.17078010374655578,0.24105039339019707,2.0240552767937774,0.5509217418110165,0.6767391485028847
center_g25,8fcaf4,poster,0.1557521015887438,0.36282917322967556,2.7433023074431606,0.24031823705640945,0.5666675186642627
center_g25,4954fe,poster,-0.05696247793126176,0.1709543524649007,2.6131943200399146,-0.2795479793725802,0.44440248450533715
center_g25,256121,desktop,0.3892133945615974,0.2777397075529695,1.6096240767881247,1.4613418212764842,0.8610600786298086
center_g25,35a756,web,-0.007582710491999217,0.12510523403745194,2.8382055215727076,-0.06153481888967701,0.5504738318135927
center_g25,b4f37d,desktop,0.01599241851558781,0.22959601139056746,2.031730159712302,0.18226938663187262,0.5517970315573943
center_g25,ecf129,web,0.09490320486577535,0.22830632722427932,2.391078747279303,0.2416735848212491,0.552362620658436
center_g25,3ea9d8,desktop,0.262337191120002,0.2291726335988769,2.006470591407035,0.8192183823580663,0.7270085722332943
center_g25,f4b47d,desktop,0.08713395495394066,0.19717909219427596,2.5563568043110685,0.3450202214088127,0.6313794162215027
center_g25,9984d9,desktop,0.3065594057862232,0.30546778975241684,1.5685689100704152,0.9802245668726852,0.7840951763556874
center_g25,026a98,web,0.0619602311469728,0.19945502637665805,2.30061969349348,0.2744074270297776,0.6389610640019899
center_g25,6294a2,desktop,0.24307448976169072,0.27205323979191254,1.7204219116762163,0.7051545632442806,0.7374273466776285
center_g25,2f6fcd,mobile,-0.19387489664027605,0.09516057956378804,3.9789623614295464,-0.2536959290876421,0.38976825405413396
center_g25,a85808,desktop,-0.03084843395324368,0.14609500792172755,3.6922975268458007,-0.06770294113522056,0.5184092959737899
center_g25,1f3437,desktop,0.07012695983376101,0.19595074695986614,2.7702154054512955,0.3174628366592059,0.6482924228317657
center_g25,db12fc,desktop,0.10675013450366289,0.23495938775150782,2.447820861339094,0.3153111786073282,0.6203756052282627
center_g25,012baa,mobile,0.40784503402509303,0.44188451696863335,1.3802954918254864,0.9978951286177924,0.7485256236782097
center_g25,3bb8f9,mobile,0.030118011034551036,0.2582428493603973,2.7995473213036015,0.14689325774116344,0.5140094969945894
center_g25,17b8da,poster,0.21482058214608016,0.32283196713797424,1.5813147282222277,0.550964510020627,0.6651733089012302
center_g25,d79d5c,mobile,-0.21822074277832093,0.07713459775797957,4.498259280183382,-0.6147948134063292,0.2959407408782302
center_g25,2586ee,poster,0.09712500588467207,0.26235287131213114,1.8632904878926149,0.0900743645772102,0.5566410239780162
center_g25,8d908a,poster,0.011163125900603005,0.2790375970385922,2.1293787151377677,0.08071152565397548,0.5296536768154342
center_g25,bbc0fc,poster,0.13878367310317447,0.2564451196876984,2.1037278103597723,0.4012811373300433,0.573179818154794
center_g25,731c85,mobile,0.31055030597988736,0.3957400114143391,1.6128284395958,0.6418890103777687,0.6802137843607036
center_g25,092bd5,poster,0.08210641324788368,0.30271172260101825,1.8432724046887345,0.11431824071953685,0.5128511843924778
center_g25,fc70db,mobile,-0.1480790501096147,0.13272424891674178,5.152300842376103,-0.223356529672119,0.3806258060239724
center_g25,1f5664,poster,0.14128134794075775,0.30356438291567966,1.9537415190116005,0.2685497546591995,0.5848473994928076
center_g25,c02580,mobile,-0.00704930892109264,0.2354559362752739,2.788554245009211,-0.04913146474272969,0.5166383809573605
center_g25,de9b80,mobile,-0.05432249156144305,0.28179779525193616,2.773807479349906,-0.08311834209768768,0.4729377723033106
center_g25,e4afc4,web,0.20815896780888443,0.3060881103929396,1.692500459779342,0.7276622914126938,0.7296174656311949
center_g25,a77bd5,mobile,0.283835822892273,0.37861255524871573,1.8025105103548014,0.5810062228122067,0.6281704858371249
center_g25,511db2,web,0.21116828922008343,0.24813840948939855,2.024638077344027,0.7374114640316499,0.692026621676101
center_g25,330777,web,-0.009408839579423706,0.1287863393845732,2.986272645783015,-0.02532768720858082,0.5647785319088158
center_g25,78cb76,poster,0.4032882811055929,0.33993726588088813,1.3117317655971479,1.2971757394378831,0.8388580781376793
center_g25,a7c147,web,0.14269668412979697,0.2610165853951807,2.2749551948199525,0.3015122164899521,0.5710948305819631
center_g25,d24c30,web,0.2761803119610404,0.3044463011666587,1.6000716834808173,0.7012240623367976,0.6860461263868416
center_g25,c31d79,web,0.35417584603229607,0.3017524625089731,1.5312724262473467,1.0584083953431538,0.7830467675082402
center_g25,35bd1e,web,0.14732344022465407,0.2451462870152426,2.104833330343989,0.5082229549159474,0.6554311867308007
center_g25,c5fff6,poster,0.11090563953335723,0.17937056652220873,2.4489591234489176,0.5928344161950728,0.7137948833431936
center_g25,5fc8c2,desktop,0.026212522495831933,0.22374272024580713,2.365167032376559,0.10999188100177264,0.5291836913310628
center_g25,f8d7fd,web,0.4450442362267588,0.30974745166180806,1.5011808217834886,1.3187622508742416,0.790702087611659
center_g25,d8d582,web,0.2624455076292174,0.2726646976852921,1.7048078180302884,0.800751047577046,0.7426821359659649
center_g25,33c037,desktop,0.38405037312176454,0.2802896590445547,1.6806875049820942,1.3478733913343275,0.8121587879694626
center_g25,3a8a8b,desktop,0.2811066509194115,0.24408825309427723,1.81301912746655,0.8735375657812752,0.7509182436662258
center_g25,33cc24,desktop,0.22210554105736796,0.2543372055771885,1.9102639143133804,0.8433505073843607,0.7639980508257427
center_g25,763560,desktop,0.02885600559643523,0.2409601532648862,2.5000855952765177,0.06763486690604613,0.5466647691923385
center_g25,0632d7,desktop,0.1391932037350973,0.24970593847185824,2.467636591432157,0.432437848537883,0.6247819709507182
center_g25,7cc04a,desktop,0.11090882011331342,0.25641608038576735,2.1667510302593245,0.36359008372353585,0.6451429509472862
center_g25,9d3bb4,mobile,0.32560548953344975,0.3990851045363498,1.3523979154301677,0.5167456103269521,0.6668725729631082
center_g25,5b0cba,poster,0.131733393331367,0.35704084179525314,2.397674012813915,0.4319899714433576,0.5704043973724982
center_g25,bf05c8,desktop,0.1822415800163422,0.22178382116584747,2.255865826817799,0.6284239565425687,0.6755333884059528
center_g25,006450,mobile,-0.12150395591750114,0.18089314794039707,3.651786180818923,-0.2910218615374104,0.4112274548466416
center_g25,f69be0,desktop,0.29465456961516445,0.322866304503286,1.670401641913526,1.034924580566298,0.7910645323540964
center_g25,ab2461,poster,0.20931839458110335,0.27003564520955603,2.0662594397453526,0.5699852983416834,0.5923357016624995
center_g25,587857,mobile,-0.10437706237776978,0.20744581435307463,3.9898934807742723,-0.239201010563958,0.38848829100565346
center_g25,2336ff,mobile,0.14993405455647524,0.2997324869340592,1.7582997759858299,0.4807643539358542,0.7013753280958964
center_g25,e734ce,poster,0.07319416674598349,0.21850684292228528,2.3988136345479503,0.32548888159893324,0.6206507289987002
center_g25,757ade,mobile,0.5789461432830436,0.4964193799980553,0.7979253516201955,1.1576621135538538,0.8022806719824298
center_g25,93f7fb,mobile,0.06262702373020534,0.24950078902412004,3.122426216196389,0.3288123710206128,0.5649637030451271
center_g25,b8a4ea,mobile,0.040917309524879084,0.2757118366298265,2.709030811462401,0.178452105477635,0.53680616011963
center_g25,d4988b,mobile,0.5822097142102218,0.3912420100109411,1.0488282728083613,1.509310383216731,0.8245616172633595
center_g25,d6789a,poster,0.16225715913003935,0.26419848864870366,2.2896566412368093,0.5225633913601476,0.6278116668614687
center_g25,cc5387,poster,0.13939547196481383,0.2716650692738797,2.087786587764804,0.4141887461421114,0.5979311822399198
center_g25,cbd84a,mobile,-0.017956846800845173,0.30519191240065763,2.521374115407764,-0.022253342561565952,0.49477559815217254
center_g25,6aa903,poster,0.027680816062403236,0.17673567899691198,2.9293602420332494,0.23637241196901498,0.528978667333903
center_g25,d56ac6,poster,0.14339344264293807,0.23186102162509084,2.189149948341953,0.34585057878633507,0.5872040902226561
center_g25,bbffc1,poster,0.25429331830342017,0.34319533162308336,1.3499960422496309,0.5528718262652361,0.7057663821190003
center_g25,7b6601,web,0.3258191442981432,0.256319981282412,1.891336311021722,0.8860257367921689,0.7027962437363169
center_g25,e9f7d6,web,0.20731515788331828,0.28764775425742317,2.349875837363791,0.5589794122187347,0.6245868648713523
center_g25,774bc4,web,0.23394333254810393,0.29134615693133786,1.5877370063567933,0.4946472975238753,0.6263946135212837
center_g25,f431fa,web,0.35134759876466504,0.24183437744248582,1.7595668785479484,1.3726202483878924,0.8342623278469655
center_g25,06256f,web,0.11118011520829862,0.2796660651219425,2.0185732596041857,0.43965612274840393,0.604429091653795
center_g25,9efcf0,web,0.24286364956070014,0.21428066312883498,2.166659131904781,0.8407713542834646,0.7264356235324326
center_g25,b901be,poster,-0.12264681494696658,0.16522317291680508,2.653708122366893,-0.3481596709136199,0.4279193080598532
center_g25,57bb95,web,0.05267956630371056,0.173455751052661,2.8083743537199126,0.15011949932465596,0.5228077821264359
center_g25,045f81,desktop,-0.053166982313619854,0.16695715387894605,3.3665632037619866,0.13376393841101453,0.568711647384504
center_g25,1d5a20,web,0.1528119229307774,0.22556066135336134,2.0743692725134295,0.5684392631990776,0.6973254877386827
center_g25,3f6cd4,desktop,0.4615465412068326,0.2988879888406997,1.5772092033242235,1.6770423442213387,0.8157111876690016
center_g25,1bafe2,web,0.07154056957899213,0.1765607444145206,2.5125994035292245,0.2707319231605588,0.599322993758705
center_g25,13349c,desktop,0.26997802760991796,0.2810529632402998,1.712092393992031,0.771408476214495,0.7308093966700044
center_g25,b5dab9,desktop,0.2669712232994814,0.3081057318495529,1.826300633747118,0.833538465313095,0.7362264457422089
center_g25,6c678c,poster,0.1966791378893748,0.3452483891434047,1.3511692803390363,0.4584488267283627,0.7114846795677674
center_g25,d42246,desktop,0.18278545847892796,0.22459974599151472,1.915569304570054,0.625207494733924,0.6811059908223737
center_g25,2a4ccc,desktop,0.2682017495834661,0.30185262638596555,1.8219802132560305,0.8737517560046407,0.7198450957850537
center_g25,6722bc,desktop,0.11323105592692068,0.30148539504096505,2.419453642270911,0.35910675475775816,0.5985265548751956
center_g25,16d9d5,desktop,0.030586233070417926,0.22262429311993884,2.6679422627743983,0.13955680509747137,0.5809906601274584
center_g25,f0f10a,mobile,0.02017693490673738,0.2746476901418175,2.292204275447377,0.02782636353312103,0.5513121324909831
center_g25,25e2f5,desktop,0.12433980404130855,0.2582249723536224,3.018155142224018,0.231933776443266,0.526117334636721
center_g25,dafb86,mobile,-0.12496791885426309,0.23970124711250085,3.2579749133853744,-0.2372779629400909,0.4093544534480832
center_g25,00fcd9,mobile,-0.04949399698088479,0.2520010837866048,3.479391136064004,-0.11258066046458931,0.4389809117325213
center_g25,48a58b,poster,0.20140503641302338,0.32184399833393673,1.3959301365104888,0.4518458380681887,0.6705745841657162
center_g25,cff421,mobile,-0.12049929898392675,0.20859818745654304,3.985773484859651,-0.254607837257396,0.4085766069975537
center_g25,09094b,poster,0.1933191297504056,0.28399749857642886,1.8764306982459222,0.32613174095659336,0.573982512392791
center_g25,ea6aef,mobile,0.26257061982554697,0.3732163181503295,1.4977653952261123,0.6588133070224402,0.6978069953085777
center_g25,fd0d5c,mobile,-0.09357156215141399,0.14980852861586294,2.863957505615231,-0.17225160338851184,0.5267576234580396
center_g25,e2dea3,poster,0.11792662936930465,0.2823726241212472,2.183440489540452,0.36697824073154073,0.6172194693889177
center_g25,b8c70a,mobile,0.13798023745609939,0.3733238421313885,2.4732698839370966,0.2942152470841209,0.5262661009824331
center_g25,8ce365,mobile,-0.07056785906608765,0.25753602783169516,2.4527897567203683,0.0072175351208116035,0.5265623479237933
center_g25,865942,poster,0.18575576028514268,0.27220864494559616,1.8915176367042608,0.7287189515587197,0.7040541675826764
center_g25,5efd27,mobile,0.1361200606797987,0.3374228226238768,2.426345675126819,0.2498353814687836,0.4995439602720564
center_g25,eeb171,poster,0.1474475981000397,0.3484413048793076,2.3803813960877966,0.23686991663941767,0.520556967529707
center_g25,110636,poster,0.39149116414089463,0.4165086315132538,1.3382330382986576,0.8178171326496074,0.717601121516589
center_g25,c23e50,web,0.13414584331489793,0.2758764095496305,2.1309680737152035,0.398242403473055,0.5949849772778059
center_g25,454f59,web,0.17382172170143478,0.3140928179140221,1.6128896208419041,0.5692280006397662,0.696381602448236
center_g25,d28ecf,poster,0.30004430555083694,0.26919913780713256,1.6916588866967617,0.8760589274321683,0.7315481073483434
center_g25,2917cc,web,0.16481168972119128,0.24711501963067334,1.9771323782026353,0.7076904128287589,0.7350492962666726
center_g25,4571a8,web,0.16343187476980628,0.2901375478449682,1.6731653353655669,0.4018535045703924,0.6747954877882131
center_g25,349e93,web,0.013249047571076913,0.21188829225117273,2.3230799019658033,0.1881668884318853,0.5812059816831353
center_g25,7d1335,web,0.1513399605047836,0.2900342902548805,1.824294897110356,0.6553825937953567,0.6883293849074961
center_g25,ffdc28,desktop,0.23270434861878844,0.27049649516501556,2.5340610968054738,0.8393800846464495,0.6465538379043563
center_g25,1bc531,poster,0.33636166384539234,0.30511462702068454,1.5286981835630487,0.9107367548437894,0.764584385776649
center_g25,bcdde6,web,0.26768927318402824,0.3119240121275597,1.5497207408981133,0.8323235659195584,0.7442967627886485
center_g25,700dbf,web,0.14175980503006008,0.267749161670686,1.993030201527157,0.48277400910917984,0.6505157678773991
center_g25,2e5cd6,desktop,0.44033397130616425,0.3008435082112071,1.5224559093467376,1.182147192662174,0.7651704813436195
center_g25,e8b226,desktop,0.16504256924363234,0.27682855356307323,1.8334252980996832,0.4586338157473749,0.6923165349223551
center_g25,3aecb7,desktop,0.12280575676016897,0.2596770966810383,1.8725232636868132,0.36315693397198334,0.6348993645237738
center_g25,81e5e3,desktop,0.001688446362569404,0.20116720764107512,2.648159767030895,0.07078875212957375,0.5479240433504733
center_g25,5062ba,desktop,0.09139373839668508,0.2735857123182746,1.92129230570682,0.3675076787426779,0.6376316379732196
center_g25,3f3349,web,0.18394673264247077,0.3009567287107375,1.828196915985493,0.6239118438424315,0.695932385312952
center_g25,07950c,desktop,0.49708660402347193,0.300007687528409,1.714406385179779,1.7787480766448496,0.8164786493037929
center_g25,67225a,desktop,0.06475904868627327,0.2522309054893375,1.9878969864688727,0.18881518082964238,0.557046168185733
center_g25,529ce0,desktop,0.002823778786252407,0.22914651090078628,2.7679368602696997,0.09525576289185222,0.5182104054415563
center_g25,5bcc14,mobile,0.26352376723530047,0.3739521081469327,1.6173147146344515,0.6518571887319764,0.6818750877959889
center_g25,700a42,mobile,0.3290375736566741,0.39222346760879157,1.759639969967677,0.36191545193281666,0.5713812338009142
center_g25,39f80c,mobile,-0.13988793272890962,0.20824353616696853,4.872464970798355,-0.2941253747774233,0.38205770060171873
center_g25,80e107,mobile,-0.10578093185698795,0.23106281718737023,3.04683173553618,-0.2600098950534527,0.43525052702751565
center_g25,a69a78,mobile,-0.10167183042202894,0.24770384657926053,2.6645355290702293,-0.17652732059449083,0.49780686389320433
center_g25,78666b,mobile,-0.15680689009411955,0.18897681659933446,3.4304676376190866,-0.0884970791290025,0.46319053471983956
center_g25,2b80bb,mobile,-0.1592884507545078,0.21490908175782575,3.1181587256759786,-0.3460267089139223,0.4191447220864216
center_g25,e93e5e,poster,0.4508464233661741,0.3524660115998284,1.2693652764656498,1.3356279017892072,0.8337733888143988
center_g25,371069,mobile,0.035623466609128886,0.2947706190969488,2.6658549508523115,0.04802950254416593,0.5060418987998314
center_g25,8d7422,poster,0.15224444341387788,0.23865312723637966,2.1786274678228446,0.2065621757938775,0.5614486009745772
center_g25,6e6daf,poster,0.29327649004548073,0.3513650956002082,1.516615823748657,0.6320905592596788,0.6551376580156999
center_g25,ab791d,poster,0.02754464510485257,0.2880356425387328,3.640346949229276,0.06110712610871062,0.5324018411467115
center_g25,c3c939,web,0.23103540528580474,0.30743700833786103,1.6161678887607933,0.5072630427507064,0.6814446666851752
center_g25,cd91c5,mobile,-0.002544863408920073,0.21010283684410397,2.84605127764341,-0.06063405174995966,0.4917479945671672
center_g25,009085,web,0.2556405226896503,0.27645363716676485,1.7288441985873035,0.8800575627053577,0.7760482253515071
center_g25,b28a85,web,0.2003604712345917,0.2671513095662633,1.8617475276854372,0.659217900422661,0.7034527912362204
center_g25,4093f0,poster,0.3908215526018949,0.3426124830893162,1.294261828898892,1.2571446677516405,0.8356429817492821
center_g25,a9793b,web,0.2744004061783459,0.29097296950730356,1.679502739699255,0.7758715757714455,0.7231235344857383
center_g25,09d1d9,poster,0.03189858660455777,0.21057064022593713,2.3023423080227428,0.24470600171700066,0.6446459815519405
center_g25,38dec1,poster,0.280093201304042,0.3361168715667711,1.3676834582876851,0.5216169285688684,0.6679530954284153
center_g25,b8a1c2,poster,0.21314724645398903,0.29968132401599096,1.5728163596565055,0.598306083973639,0.7172793499078444
center_g25,48806f,web,0.05260296417522661,0.24234386263655078,2.228900061422814,0.25526436100458333,0.6066407329079915
center_g25,b93b7e,web,0.17609861083113415,0.31968123200688825,1.724584149462378,0.37023089109732626,0.6411970973173924
center_g25,5a64a8,web,-0.0570113142861894,0.21149967264039385,3.1049915376691666,-0.025683629607219163,0.4964416735545858
center_g25,21d79e,web,0.19501091605017917,0.2879204381112115,1.875814907559377,0.5614039981629024,0.6411120234890149
center_g25,daaa3f,desktop,0.10825879652308824,0.23842335522763372,1.9900183531774354,0.38498889322178137,0.6657648786039952
center_g25,cf477d,web,0.3123827209425647,0.33365437598055653,1.4305837391538896,0.8737911884584753,0.7637624285433032
center_g25,48582c,poster,0.07664185955564276,0.23181280250074443,2.6647030456458642,0.30099553943722135,0.5363874835972526
center_g25,d165df,desktop,0.41331141311978653,0.35769294467568313,1.5201610600242086,1.0580549934595143,0.7394080545048288
center_g25,5b5a0c,desktop,0.49898272980566655,0.4118683389475436,1.5267135493977826,1.3947916039239354,0.7919812879310397
center_g25,46e6ec,desktop,0.3285853323359829,0.35229016031710847,1.5991099346178808,0.8528672371590362,0.725757676653614
center_g25,c7e7cd,desktop,0.13167263028862658,0.2784762060079302,2.4029183543372485,0.45152123542804457,0.6669503999673705
center_g25,fcac91,desktop,0.3904575302511537,0.229237075135368,2.1540947765024665,1.6502552564226012,0.7945927049453494
center_g25,d5f959,desktop,0.33044774165667934,0.31046599673312647,1.640872910999618,0.7747511112457101,0.7079022175421317
center_g25,c9e860,desktop,0.3306268205864469,0.26442471630678577,1.6560194117916116,1.2967356683545812,0.852124097963001
center_g25,9b2668,desktop,0.3547835910439933,0.31813786171064823,1.4573198107475236,1.0060702688343692,0.779280612590665
center_g25,3b6541,mobile,0.07671909107040953,0.30002131927610376,1.9368533529499572,0.2691356738327955,0.5913789001202653
center_g25,b33b46,mobile,0.39795027047961173,0.3143697471770126,1.4575882862868623,1.2605860714816726,0.7754402665554623
center_g25,599a18,mobile,0.10993678826477649,0.3358935510184408,2.453132249935706,0.28862887300387696,0.5513593210235495
center_g25,b36130,mobile,0.38637342377152173,0.4002303030141474,1.5845008172559356,0.687916649419381,0.6403143601372998
center_g25,4e14f5,mobile,0.3330676080793443,0.35829715701965315,1.4628009278471175,0.5151200898132666,0.6225385557758609
center_g25,7cf580,poster,0.03868441826338222,0.2508565199848788,2.00735917985716,0.14329943229475756,0.5408533340200522
center_g25,6cb6d4,mobile,0.07940048462937913,0.31064523380221365,1.7175284434401443,0.20222731527496446,0.6203975722505598
center_g25,d31d43,poster,0.5115492251330973,0.3576820103942006,1.9255428270987551,1.7064065935978534,0.8173515844671535
center_g25,4193f2,mobile,0.1709566965601482,0.3906602081575967,1.722797424049336,0.3610655846035787,0.6329457397781193
center_g25,dc2864,poster,0.16920201971680277,0.262075456860285,1.8228938775936658,0.48860892357212293,0.6646897179702095
center_g25,3ea1d8,mobile,0.4188941406872956,0.43873618389061164,1.2613025412814884,0.8324295457184648,0.6954459889950692
center_g25,a16835,poster,0.09498926996743862,0.23778474109836223,2.406614894609057,0.3426837237574112,0.5718809188395247
center_g25,e948ad,poster,0.1388483599243075,0.27476017877958214,1.9930726839102297,0.5553381174075116,0.6625981785734918
center_g25,d2c979,poster,0.12796147895800689,0.31018346363337523,1.7184999372566905,0.19134260195712102,0.5800422110995548
center_g25,31b0f0,web,0.21041860575703392,0.29794370926129066,1.6914183129482745,0.4794498714818809,0.6559898690287042
center_g25,18230e,web,0.3451964114585282,0.25063995465787753,1.7066355064137593,1.379492210769058,0.846200277218254
center_g25,e0f578,poster,0.24845725874774177,0.36788875135372545,1.7562508334541536,0.356323728716789,0.5690744850973646
center_g25,ffd262,web,0.30255652171025926,0.3220091609195288,1.5639608347413363,0.7245308855021371,0.6970245583767247
center_g25,e946d8,mobile,0.03950174177484968,0.2863197801798741,2.119161074596593,0.03982755254456248,0.5294506178609294
center_g25,6e6737,web,0.13765772385343783,0.3078096065421622,1.633290355852929,0.42959548480431686,0.6411515386294999
center_g25,a2d191,web,0.3651313594095539,0.2979613780125978,1.4395810925501338,1.062286829536585,0.8030997807281989
center_g25,5f562b,poster,0.2784101624355103,0.39976424167875213,1.36914032674774,0.5944293852668745,0.6419450011065162
center_g25,4ab184,poster,0.04915638941138679,0.2623729266024979,1.7788077394429442,0.1624379984350963,0.6137273831020499
center_g25,71e30d,web,0.1180498901958818,0.2554051636285503,2.1502304379318335,0.39161480885817157,0.6251635121081014
center_g25,d9baa1,web,0.0011549159161378865,0.15752490620403037,2.935393672285969,0.27348255181742587,0.5773502101788333
center_g25,96f6e0,web,0.09596377825344335,0.24086643600039814,2.152141400368845,0.1535113089959516,0.5822152342220711
center_g25,5073f5,web,0.40785829450305944,0.33229605092251846,1.4978100009750615,1.1210590468922457,0.76733298436491
center_g25,5eb5e5,desktop,0.35234060177925497,0.28143652436916444,2.1062039624627724,1.1984799150919754,0.7496639807656746
center_g25,42b098,desktop,0.1031280925068011,0.19201524075191886,2.734229639591854,0.4214028164800046,0.6313416684432374
center_g25,0eb2be,desktop,0.3891569144943521,0.2855234380138522,1.618085504450352,1.1698953821133768,0.7694866702408069
center_g25,2c663c,desktop,0.07748782850038421,0.16851843330464328,3.124979177368869,0.2490015414856217,0.5619867438713887
center_g25,0720ce,desktop,0.20126229845868782,0.22148786587831804,2.015761045585388,0.8330139040471278,0.7781111568539021
center_g25,512240,desktop,0.4153783168656549,0.3020397653871617,1.5124136360965947,1.56927417939856,0.8570322547777102
center_g25,d320e4,desktop,0.11070930885736585,0.24768623298011327,2.3368023031796543,0.42049937418101996,0.6401725967343472
center_g25,ab9e2a,desktop,0.2646208328581797,0.2457191744964923,1.8606529562262393,1.3328822171510775,0.8494126763061067
center_g25,0ff0be,desktop,0.08166537820480504,0.18248436270195723,2.349690901708891,0.5752445982832257,0.7221912491476091
center_g25,f38ac2,mobile,0.5407911036604582,0.45223622765943955,1.1136544480871677,1.2797382960954686,0.7890997469427037
center_g25,96d95b,mobile,-0.07610233229825779,0.13773891917026837,3.8275729055275103,-0.2945681225496968,0.41451416399210916
center_g25,f96a6e,mobile,0.0094669748508889,0.1975359296563826,2.6305966461012344,0.08086990799022878,0.5502340537675625
center_g25,2e9a8b,mobile,-0.0496422359657875,0.18667135972846363,2.749801277511592,-0.1495433116852292,0.5182612263102713
center_g25,f05508,poster,0.2130980124242748,0.20264070817654062,2.5119367409295723,0.6095583838449438,0.624685185270231
center_g25,39fa7c,mobile,0.16777069646414267,0.340277530235146,1.5721554277492702,0.4033302421490233,0.666708921921487
center_g25,2b7751,mobile,0.024170225900441183,0.2283299883069364,2.9417598830105764,0.16541078741826376,0.5466988710680367
center_g25,e69624,mobile,0.1954260756661039,0.31270672195452776,1.456897692820774,0.40734473186116144,0.7027659039059828
center_g25,1c2bc5,poster,0.1301309158727363,0.23271297873414712,1.9174929405850538,0.33014075119285796,0.6389959847695471
center_g25,6b51ee,mobile,-0.08662112347850834,0.20899769939081808,3.4621580302133474,-0.09068699378924948,0.439760949270139
center_g25,020ba5,mobile,0.03215516750513515,0.26319539614205834,2.2384377650384333,-0.00581967027526373,0.5557694100188235
center_g25,b5edbf,poster,-0.05685071890668235,0.17873013767525076,3.5251160548055904,-0.22863750106224665,0.3975366940760664
center_g25,f68906,poster,0.01628487493088688,0.26663736267936816,3.9500513485760247,0.05183912502855085,0.45968820537616184
center_g25,c41f2f,poster,-0.015420063161887362,0.23802221884239172,2.6637357992605355,0.4754058266097275,0.6268970420473929
center_g25,8b12a0,poster,0.11235735835900718,0.19966737041659963,2.5528135500798443,0.5010894045756726,0.6464412881849932
center_g25,16a273,web,0.31379708727662,0.27814931518909114,1.7129236534628005,0.9307555507350839,0.7364830030525393
center_g25,856a72,web,0.15808657262696246,0.24990470119093433,2.0837636624207714,0.5524105420430414,0.6788869268767003
center_g25,b67326,web,0.13262538649987238,0.2095464030061262,2.6257382033702967,0.43903869863983136,0.5815185789352151
center_g25,7aad84,poster,0.2638939652081974,0.38589949399299217,1.3729101624161282,0.9224544373313276,0.7601692488013794
center_g25,2b48a6,web,0.15837660250666832,0.20955687751541408,1.9205912398150775,0.739765286657486,0.7164454468402488
center_g25,63aef5,poster,0.12575813494824703,0.22823397582518035,2.4859919318571633,0.26816501972432283,0.5877492780792727
center_g25,a3d37d,web,0.3539001274292902,0.2859575917748791,1.5416830351484199,1.342220783139708,0.8567809928481928
center_g25,7f6c14,web,0.16646474992091442,0.20478049521791578,2.0802458438260225,0.5521123546397831,0.6647555611152257
center_g25,45d01a,poster,0.20520845720731726,0.2296215460867201,1.8952918233195293,0.7112469033119704,0.7457803910464925
center_g25,14a7b0,web,0.283787987307612,0.2526612581850455,1.8695504432768966,1.1601986896459577,0.8117057315715995
center_g25,5b04c4,web,0.06308193733812834,0.2122498505687,2.4174045293106263,0.44182065483442534,0.6370725099416793
center_g25,d8d91d,desktop,0.2945038193548654,0.2924182809205554,1.5981549200900915,0.941245167858622,0.7845608991181854
center_g25,c35930,desktop,-0.08290514051064365,0.10759257458094496,4.121513088410588,-0.3015024436474783,0.38771441056434197
center_g25,52fbfe,desktop,0.08620417171451324,0.1880166809714211,2.671604222741088,0.30978964114796914,0.6082711619845399
center_g25,61ea3d,desktop,0.24883757543653567,0.24282291465219152,1.810744143279152,0.9039198315877446,0.753102172062824
center_g25,c6a670,desktop,0.24953341664594372,0.2412386632950282,2.0571661710822684,0.6887265082247706,0.6306696122860215
center_g25,1ce5f5,desktop,0.2111916334248943,0.20148429730644365,2.1278401855023112,0.9169707557630279,0.7740753498980742
center_g25,949207,desktop,-0.018899725345894243,0.14520729324762266,3.0281383538807285,0.028165383039394826,0.5693611165193244
center_g25,869868,web,-0.00571976634937163,0.1383048501310703,3.047023955594659,0.07672691323420354,0.5719186683284033
center_g25,55079d,desktop,0.22350112564989916,0.20883437819020303,2.1912001069131772,0.8031031669867396,0.719932339988105
center_g25,aff2b7,mobile,-0.20552954988205663,0.0775206195651752,4.460156014736162,-0.5871832932429991,0.29714293595254715
center_g25,fafbcc,desktop,0.05351066811040439,0.19445984703456348,2.8447258337646453,0.2075701171910957,0.5808443135926555
center_g25,10b93c,mobile,0.01615782792156377,0.19708870471105694,2.4869714153200926,-0.0474201785689955,0.5329556675705747
center_g25,f21770,mobile,0.1137883632259933,0.26306165994957986,2.5106144578398646,0.3254192369445506,0.5916061712521987
center_g25,b7690d,poster,0.26004042258346954,0.256238220771651,1.937449818460387,0.7392511334941607,0.6467658230036988
center_g25,00d37d,mobile,0.007323827814390798,0.2835177877572399,2.8437553071894257,0.10766122597746741,0.5176802925118188
center_g25,5b5e85,mobile,0.06619006685759224,0.25059623055773317,2.7703356407985122,0.18888169570699476,0.5465855415729035
center_g25,064f44,mobile,-0.21234953142369162,0.08814716544274556,4.952302392438091,-0.4089231442431032,0.30884092121643975
center_g25,a4f49f,mobile,-0.11132302177901898,0.09159693322946458,3.340880075141145,-0.28550176924939585,0.49599974683818293
center_g25,3c29dc,poster,-0.004199917861663103,0.2456796393044448,4.894364327363091,0.11451014626610491,0.47289566518931403
center_g25,25d5bc,poster,0.007814738313212673,0.2537597046211853,2.372165281565312,-0.04537749424107907,0.47606502503007275
center_g25,b46333,poster,-0.02982709289994142,0.15717535921069264,2.979246106861838,-0.10076886132441343,0.4725532553440799
center_g25,52b67f,mobile,-0.165847221297929,0.06944924534038964,3.9434960557427354,-0.5077192298933746,0.39475998933720274
center_g25,9f2268,poster,0.18669794094359143,0.3000246011042579,2.1077746864555977,0.6043985784128235,0.6273643154712694
center_g25,7d61f6,poster,0.034189637445491305,0.21723350571773364,2.008612764647466,0.2133992093223189,0.5828587181396312
center_g25,39a8fb,poster,0.10787052038478046,0.30888969054697546,2.4636580158972445,0.19491715378335087,0.5511756299715652
center_g25,70d755,mobile,0.5098347878532521,0.40809690022785683,1.932940075297787,1.0707539767220775,0.6711779594299563
center_g25,0f858f,web,0.2029412256907504,0.27224347485544154,1.6401632577945127,0.4949585342978462,0.6604975516692914
center_g25,2ea01b,poster,0.00021350834783689454,0.20604601442895365,3.4652920281479136,-0.09646389648574115,0.4104178135927704
center_g25,bbc4d8,web,0.029032692969069726,0.2259048431084098,2.1911917097547837,0.21185098187338156,0.5828484066706063
center_g25,ddc145,web,0.22052011434776736,0.17698922614734608,2.3509272713226004,0.8112824337817091,0.6682329268236018
center_g25,1d1d01,web,-0.02361642536252156,0.18325322342042538,2.384190568933266,0.0306219637548202,0.5310456246744008
center_g25,e0966a,poster,0.44922903949346604,0.3306155974063818,1.3636178021332381,1.2277365721224296,0.8053042999221299
center_g25,042af0,web,0.3270045622406228,0.28371710398266575,1.6637988672725144,0.9484695993779821,0.7781425751067897
center_g25,a0e299,web,-0.06659956328206451,0.11795872147913955,3.1960235562043944,-0.12152947624330059,0.48929973237172775
center_g25,7881e5,web,0.3668062986356381,0.32445531545342376,1.4472954716235034,1.0383967821447655,0.7500369003854097
center_g25,3a7320,desktop,0.600728102260568,0.37686663147527366,1.0846285833875833,1.8490176085696972,0.883425743494778
center_g25,73386c,desktop,0.3860792451407863,0.3806589800251262,1.3018549676741842,1.0294915728451512,0.7751750123237852
center_g25,387531,desktop,0.3785112642505727,0.3441595981723099,1.4878824499784915,0.8311110716089178,0.722246705945224
center_g25,ecd2f0,web,0.09660062920139251,0.15375793602249646,2.3793056855297876,0.2973531396585992,0.6904094234061274
center_g25,538ccc,desktop,0.018171415902428125,0.23158743034129203,2.461359354277157,0.16685183641418183,0.562654767119001
center_g25,e3d8f9,desktop,-0.007782520371165733,0.22141794394092418,2.253334478327262,0.11748560445575197,0.5532250022326283
center_g25,009d6b,desktop,0.45603785109194944,0.40117374971566006,1.1742816057241263,1.0210468955209062,0.7641830152291187
center_g25,f01758,desktop,0.05411654344663194,0.2531309435552575,1.8648051830611907,0.21910727182107484,0.5908722313233266
center_g25,6581b4,desktop,0.015931436619999843,0.22650151418059322,4.0397812978009515,0.10474568346243747,0.47003226980940427
center_g25,6a4f04,web,0.4289337157562454,0.29180565661128177,1.7264164926121084,1.4007253346608215,0.8003873962542377
center_g25,6e09d5,mobile,0.1003634268508675,0.3478121831913467,1.7646975262711218,0.23983845502045822,0.6029604661208889
center_g25,623ccb,mobile,-0.2510538626756177,0.18253127624130627,2.880696950362979,-0.4055476706911214,0.405984617978118
center_g25,8bc82b,desktop,0.05361883555751125,0.2572424284392406,2.9814257982513315,0.22559565075940244,0.5229361854211558
center_g25,cc787e,mobile,-0.2075051124285311,0.11415794746967625,4.362990414593428,-0.5054520475627889,0.3342832723365714
center_g25,22411d,poster,0.45481559995251686,0.3639721955878713,1.2743391913988986,1.2967761618666096,0.7902036481378772
center_g25,eb529b,mobile,-0.14113740239241823,0.19599534343270228,2.9920047482936956,-0.3460637894730741,0.41370088258089743
center_g25,c9131a,poster,0.2140563333552325,0.3235076585215786,1.5805405680897797,0.5562483271229245,0.6674218986731542
center_g25,b602c0,poster,0.4141780195228852,0.3308019418573552,1.49575871535148,1.2940089820955352,0.7754615175450423
center_g25,e8d8ff,mobile,-0.1676211640079646,0.1398048656177123,4.440365578783764,-0.4190591777040296,0.3518334152478463
center_g25,aa635a,mobile,-0.08995459349771354,0.24859281734945016,3.165778877634795,-0.036672890801124194,0.46425199438219783
center_g25,935ba3,mobile,-0.11698601007896896,0.23953771250246594,3.1712879108484984,-0.23612773713757224,0.45634303365342554
center_g25,661e84,mobile,-0.04104625433840721,0.25630705367591944,3.4191496574062414,-0.09460386258537515,0.4465418186101338
center_g25,93562f,mobile,0.21419215979728523,0.41167741256144535,1.323346398069481,0.2749317972687034,0.6460803308417086
center_g25,0b81bd,poster,0.31488007161533926,0.3952237917224116,1.154342486898784,0.7409445676448467,0.7677992866354073
center_g25,935066,poster,0.425589967689024,0.38656950532503453,3.329212416838763,0.5008939442173375,0.5378957592531328
center_g25,4afbad,web,0.019681704167540358,0.19578548310193483,2.4381318338878426,0.1252233578010949,0.5737633112803515
center_g25,a26a7d,poster,0.0001818262720254046,0.3245935914901533,3.196191716321125,0.10432138569417798,0.5106018575284192
center_g25,8dcfba,web,0.22061692053234402,0.2828019662536972,1.8287357709133754,0.5520423193101093,0.6308310638987797
center_g25,e7e0d0,web,0.38945361934502976,0.43773649442757556,1.0399068226806043,0.8680283089084576,0.7677407524167918
center_g25,b02b39,web,0.2469288265221825,0.32615013295234996,1.4239951003683053,0.6542851535592319,0.7476842694071677
center_g25,a8f62a,poster,0.1401536698917561,0.3330251246884729,1.7423060028316613,0.18350199314368612,0.5951205433464603
center_g25,8bcc12,web,0.07529274930717071,0.2566336187176213,1.8950697467502784,0.17261570109146576,0.5965402972476819
center_g25,e7022f,web,0.3674069107365626,0.36086794073828277,1.4041190190262185,1.2058998396673315,0.8063239839057105
center_g25,3250cb,web,0.02829514829551841,0.21201807743721235,2.3896541926940498,0.13697221092597173,0.5955856704141536
center_g25,9e5e48,poster,0.35688029394234244,0.4188234378720513,1.2693572838326512,0.8135063525546997,0.7487268417506477
center_g25,82a8ca,web,0.1257314817665005,0.25271160670358667,1.8565647415763884,0.3063712102836785,0.638233283222618
center_g25,d924c7,web,0.23324893524993717,0.31728804144302736,1.7382724095988604,0.5825507410492574,0.6765686679734695
center_g25,285c1c,desktop,0.24725142863952743,0.21469734297548906,2.1005633515114757,1.28074178173528,0.81961491096482
center_g25,ea4596,desktop,0.265784705084507,0.2644810864912388,1.704204258009922,0.6030128962876891,0.6894040066770053
center_g25,ccf32c,desktop,0.05735334858130672,0.15069082527667121,3.1929886173650686,0.28193702026468404,0.5819165013430676
center_g25,555c68,desktop,0.14237117142085962,0.24319671807338158,2.17920446848158,0.5035261364444512,0.6817155199898574
center_g25,2fe128,desktop,-0.021934363088833755,0.16438811479192264,3.0572020941075966,0.23244525479194966,0.5887856880146326
center_g25,583824,desktop,-0.09821429395645359,0.0852766088278401,4.2423697229481885,-0.37056670504098427,0.3790653422983059
center_g25,6f11a2,desktop,0.08124923480857638,0.2146743354172311,3.1126152285204447,0.18829420606125935,0.5322174483266404
center_g25,f4d6e9,desktop,-0.06538126198143643,0.1466406499405823,3.1060262449505562,-0.18381560488716744,0.5039573818556847
center_g25,4867f6,mobile,0.037995438876494654,0.30015693996127835,2.2052744932095765,0.1714445746248985,0.5676961060954571
center_g25,40f316,desktop,-0.03130786682169285,0.11605861108291002,4.009158505615974,-0.12605554407430752,0.4439004894954205
center_g25,7e3369,mobile,0.22056924143129703,0.3522413288868671,2.0655605545874383,0.45437951856562697,0.6235095888891107
center_g25,12a0ed,mobile,-0.08158126679645752,0.20716190850058933,3.328495707281301,-0.24672834393666038,0.39422981095600007
center_g25,5f07a6,mobile,0.11949633194118571,0.2945368086123342,1.9313831026093742,0.4629232418332683,0.6550608382537635
center_g25,74e427,mobile,0.2997745283821476,0.36580658848962233,1.336841412083789,0.5516519738531186,0.7191253152386785
center_g25,163518,mobile,0.06674184026766287,0.29931922249277565,2.812990463515815,0.22250162060178721,0.5297428762968228
center_g25,943fdb,mobile,0.17320763703510084,0.3053105654614523,2.2471475179794624,0.4189611677502549,0.5998590301842548
center_g25,eed5f3,poster,0.27769167014856133,0.17620017663910464,2.459597403318041,1.1692553733348017,0.7875400322359752
center_g25,51e73b,poster,0.45078989324089347,0.3390084436169982,1.3339049339480233,1.5015817725823775,0.8710547193010701
center_g25,c9b04c,poster,-0.02090354035174095,0.09585596338721868,4.071282585255058,-0.04881324283970393,0.5515291782933597
center_g25,f861f0,poster,0.303786100289844,0.2960170432239555,1.7101594786152075,1.159590300033812,0.7987599401837011
center_g25,605f70,mobile,0.22389503679730258,0.3392891182490056,1.755517966593339,0.6622142543437355,0.6884858443819469
center_g25,01d4b9,poster,0.0006479712638600391,0.2572335014910348,3.5275301432994386,-0.01424593735158671,0.5021275221969466
center_g25,fdc3d7,web,-0.0904400690636776,0.1213715721134845,3.0449771669929295,-0.3466904013895248,0.36363099794292836
center_g25,0f712c,web,0.12154813681407942,0.24021280912188336,2.004006374982954,0.265036978442842,0.60712574843313
center_g25,0c21ef,mobile,-0.19995284744075642,0.14099421782337754,3.9222324905323385,-0.44192530767212895,0.4004297307120974
center_g25,e8739a,poster,0.13177629963165324,0.3787296117963855,2.702625299252289,0.12484046841010564,0.5267794421313267
center_g25,47293c,web,-0.042376709789557,0.13469048849834406,3.3841102616966605,0.04332648053514738,0.49775831819968913
center_g25,2a97ca,web,0.12466572271547895,0.21616239887556488,2.175376693932646,0.34195062497926537,0.6010931158497503
center_g25,ac484e,poster,0.03740571377636305,0.16715774442075362,2.639825752597872,0.2519336716343216,0.6568714019427905
center_g25,f4a513,web,0.1337235467154203,0.2472549831218045,1.9611837575940538,0.16706308741530548,0.5249851938963626
center_g25,c10e6e,web,0.18559442839521492,0.24867280371524803,2.2193860808689365,0.7128914222601499,0.6861850552099873
center_g25,457f63,poster,-0.012385252425374998,0.16561387033367017,3.0493094325070156,0.0199228973816437,0.5439384783565915
center_g25,e3d6fa,web,0.14597805471005315,0.2384593214350031,2.2376136754375655,0.5788530269306656,0.6457182807712603
center_g25,3364ed,web,0.2834585523767228,0.29065319622962366,1.7843302454583636,1.0738599234430632,0.772831997686319
center_g25,d48310,web,0.13209354784211585,0.21598460851382034,2.157750349043961,0.5673362891621835,0.702059935826448
center_g25,d205d8,desktop,0.3300550416009955,0.2972836799653504,1.8494798439872475,1.0788772179623707,0.7430984152845663
center_g25,adf8ec,desktop,0.5244487891747998,0.37048600062040654,1.1341726357906539,1.782133825793295,0.889419361273938
center_g25,432066,desktop,0.14485737105057872,0.2904444851264116,1.7702587237306446,0.4735396951244712,0.6923152809409999
center_g25,76b63f,desktop,0.03826822247603637,0.27134594684148206,1.9754654360132555,0.20402330416069903,0.6166793957146741
center_g25,00b8f8,desktop,0.1732981894019704,0.2497540660631357,2.0720371202687997,0.5361673217225517,0.6636632678096691
center_g25,862f3a,desktop,0.305742589907986,0.38899353949608406,1.3783931493586954,0.6614425489450437,0.6987464077171146
center_g25,f9e25e,desktop,0.1365090597697059,0.3631927825887433,1.876311684169193,0.27399938503391263,0.5413144697070578
center_g25,90888b,desktop,0.2794661831757054,0.32728365703186757,1.3589945547519964,0.7322481787246019,0.755634027726756
center_g25,f76fca,desktop,0.2409989133223252,0.27246200177581054,1.908630605115901,1.291820761816118,0.8390693483047977
center_g25,d70468,mobile,-0.07267765679092458,0.24735498866896205,3.1599077508506657,0.11525865726233184,0.5033603781376287
center_g25,75361f,mobile,0.07124147919421109,0.33047449370948645,1.751908881389185,0.15331950453320764,0.5881823774958841
center_g25,f08c55,mobile,0.12986906939198967,0.3326396815822512,1.9566228758537774,0.3302782169755941,0.6066973366331764
center_g25,07e9bb,mobile,0.17948183749092333,0.42091572090700535,1.3844056057094603,0.1788309951374534,0.5755160985804486
center_g25,e624e7,mobile,0.07096223129335838,0.2976167938243761,2.2664246105710935,0.21922409804896004,0.5412146436147932
center_g25,741c3a,mobile,-0.0174728850247872,0.25385670854069264,3.3112423019841852,-0.02008090206279214,0.4401853026990993
center_g25,b80cf5,poster,0.43307383358124846,0.35213281301637356,1.3668104496643,1.1301795739465845,0.7653198223678158
center_g25,6eb290,mobile,0.5810071612981118,0.4704789453467344,1.2672035052967785,1.276652924205677,0.747785058200594
center_g25,1a2169,mobile,0.1159982221331967,0.2662053878591701,2.380601473495083,0.37393476822130645,0.6224730184390009
center_g25,e277d3,poster,0.3284687905102803,0.3111328486431282,1.697683022021423,0.8465263566658572,0.6715901327544528
center_g25,aabc06,poster,0.23587467613427954,0.33485320451830086,1.6846503985895736,0.7047829912970132,0.6812906664564632
center_g25,dc537b,mobile,-0.10809558631841465,0.22338385873080574,2.802323503199175,-0.17845909690642145,0.46884918435656897
center_g25,9e68c7,poster,0.4249556349363056,0.33411906511113354,1.4291658279746486,1.1563073781770254,0.7684048892877574
center_g25,d5493d,poster,-0.10864587910265366,0.165894112070982,2.7576798798689652,-0.1094545382725973,0.4512052195743157
center_g25,bd7a8b,poster,-0.105581291006204,0.25417258470140414,3.1420662336131757,-0.16883808234913442,0.44326014603778613
center_g25,db81dc,web,0.2949311207927687,0.3648824980092005,1.2580599042749827,0.7784284159658197,0.7523952844478701
center_g25,074c75,web,0.02763451915343578,0.22875859939862142,2.489338185632145,0.20995116473067668,0.5609502039622488
center_g25,3d5500,web,0.2799630194326898,0.277698061169854,1.5921344264579826,0.8327890090040183,0.7378918891786562
center_g25,d2f771,poster,0.17561002602526748,0.3197766152381615,1.3838041345640804,0.3639111928063562,0.6911196848687917
center_g25,ea57c5,web,0.3121651620601086,0.2947277357401931,1.4950817274227826,1.088137204871222,0.8215207847542567
center_g25,5badb5,web,0.1141092928073858,0.29260512015725326,1.9038062020912423,0.38988964625874006,0.6240559964910484
center_g25,a069b7,web,0.10640066011161642,0.2724521261321471,1.854191661844378,0.3212908520333495,0.6335943785559321
center_g25,fb6dd3,web,0.27445257411948587,0.30462562853424696,1.6481923175971078,0.9166162635754149,0.7457931283357443
center_g25,773f17,web,0.16139645370940572,0.2773945242118426,1.84992294854913,0.48488995713814137,0.6657237204423183
center_g25,2a1907,web,0.1967886816260771,0.2727583068957255,1.9796434442337956,0.6623808945751445,0.7039779210476138
center_g25,056cfb,desktop,0.09876684586733536,0.22673329000889464,2.1474794997404847,0.3944627552695263,0.6542473691973119
center_g25,db86c2,desktop,-0.07565653562187864,0.20773414398406825,2.800369737622793,-0.12482310879394919,0.4824709988048912
center_g25,7d5fb2,desktop,0.2907118438901536,0.2304624485104903,1.9031269105652031,1.29094639229749,0.8220960447739605
center_g25,0ef9b2,desktop,0.3411327720493259,0.28470484529142576,2.2228094000616867,1.2045884771004687,0.7545854094789558
center_g25,37c0ca,desktop,0.3626215853583276,0.2576193693291048,1.7395891454147905,1.6618686803504004,0.8914279473619885
center_g25,48a71e,desktop,0.310706657046712,0.2045949804555912,2.03526303616569,1.3212808166101015,0.8128041751312123
center_g25,0f85bd,desktop,0.2279922102354921,0.25325803398926844,1.8665518985413936,0.6543324288139727,0.7126760593090011
center_g25,370302,desktop,0.24713064931988563,0.2115140777434976,1.964552426871327,0.9882677933905742,0.7933801631158076
center_g25,6d4031,desktop,0.3191678543401648,0.2564879859639737,1.8392225566948264,0.9156607882729332,0.7324333757878005
center_g25,3dbc95,poster,0.25320406061798084,0.32102455313474254,1.5467678854275841,0.5642446569914151,0.6494661883124204
center_g25,61e6d0,mobile,0.2151347421108341,0.315255494465158,2.2450984573188326,0.6081599076000956,0.6165979668735144
center_g25,e228f3,mobile,-0.10512683588998264,0.13257036696471647,3.1331204643238855,-0.27965273826850573,0.5274292247058187
center_g25,71a0b1,mobile,-0.16718720659968805,0.09344579313674023,3.7931061013847556,-0.09125044410762886,0.4409248586907767
center_g25,733bb9,mobile,-0.10522026100562351,0.09375906791521713,3.737407091796434,-0.4824241955849381,0.3555332238940082
center_g25,f491f4,mobile,0.2934332032551128,0.3485116653793503,1.5569056554189649,0.731211075049802,0.7239998261652709
center_g25,6b1bcd,mobile,-0.00041983842509156315,0.11531341803441528,3.7698010944528146,-0.16811274601035658,0.41630988382249795
center_g25,927918,mobile,0.423758830922774,0.36980648212890027,1.655944032767624,0.794899304334775,0.6796029560661082
center_g25,c40b98,mobile,-0.02106417325060382,0.2180254267780424,3.6445559678203114,0.013471895018688996,0.4319961455329189
center_g25,bc25a7,mobile,-0.11964300218580885,0.16731436482719758,3.2492968116176946,-0.2944871114790769,0.469389478974171
center_g25,65a2cf,poster,0.22685688706470988,0.2158739649263402,2.408998716974527,0.7331929732054718,0.6729959153489264
center_g25,f2cbaa,poster,0.43343392239782885,0.4700636576020297,1.1006179098852178,1.0378569519244085,0.819190533264436
center_g25,f1bad6,poster,0.11356410313552823,0.21250147789704604,2.0610156740065007,0.2980829252152334,0.6510062606027833
center_g25,1a5c70,poster,0.08729485333724757,0.22117272339921848,1.9489368226814405,0.25509871899683034,0.6187613641490832
center_g25,de4fee,poster,0.2140115756249048,0.2486726908993584,2.2339076025208646,0.7567146450288623,0.6885291082728403
center_g25,d50a8b,poster,0.3491851487410405,0.3179147840651464,1.590244245112792,0.9787377096991909,0.7270286221637386
center_g25,25d2e6,poster,0.03463103420218036,0.19739549744257337,3.55681987146395,0.1445118844256918,0.42618681500003436
center_g25,60fd02,poster,0.09877062138335041,0.22984816301429845,2.7132876641462103,0.36833136889206597,0.5606539914942636
center_g25,4e729d,web,0.19135452022413946,0.24501994171201424,2.0872045800121377,0.5911390921192317,0.6840292324159538
center_g25,a33aac,web,0.13348155227347092,0.15815707386857414,2.3339254292643226,0.47564841493947335,0.7141940310855127
center_g25,439c14,web,0.22507116084560141,0.24740565499925243,2.1566221570938167,1.0164765487978027,0.7609567238748289
center_g25,71bc07,poster,0.1424775953935583,0.2633047328533128,2.2910578599554796,0.34597190702672376,0.5775109593899779
center_g25,53faa2,web,0.15602790019220103,0.1797981184517134,2.188426724603189,0.5945988597112262,0.7308342646870325
center_g25,8087da,web,0.04692978346611171,0.19682581930396187,2.2668413602738937,0.12907138823578465,0.5995420394540877
center_g25,1acfdd,web,0.12934671566298933,0.21168696941535148,2.437458392004607,0.5903823661271491,0.6742716949755991
center_g25,95ce3a,web,0.007837390140573629,0.13290125781976841,2.6169980440899194,-0.02867208211070566,0.5888408564697472
center_g25,6b2df3,web,0.12044645490874731,0.1675332362793157,2.3816542917110493,0.5002155493743544,0.670005080425925
center_g25,edbb42,web,-0.019529218423300264,0.11582407781413989,2.8531961637062633,-0.07539046064613632,0.5193142409311481
center_g25,7bed0d,desktop,0.030251926870922964,0.20726886040151127,2.6400631237180816,0.17393790767243217,0.5945820771465075
center_g25,34558c,desktop,0.3441672342314035,0.3675592225299815,1.248740057160552,0.6748055066299142,0.686755763455221
center_g25,fb8701,desktop,0.0131862251638273,0.23555126664137735,2.799423569530899,0.07874854583532012,0.5779972971724392
center_g25,592a12,desktop,0.3337775921901199,0.3425616627990633,1.4481591838997958,0.9128213960104871,0.7366578664145709
center_g25,2bb7d4,desktop,0.2004254668848943,0.33184093966060363,2.175812697164488,0.5475929993199427,0.6303810823156529
center_g25,a42ac8,desktop,0.34183309210324553,0.3839699731666008,1.427747665251836,0.7574847238960475,0.7152803141357742
center_g25,f13c2f,desktop,0.008131681322337273,0.21978335457436005,2.663937034022813,0.09550841150740723,0.5815370622057483
center_g25,c33956,desktop,0.509687195839255,0.39650552202486633,1.1539623815490048,1.328356790255809,0.8211454466805894
center_g25,08a5d7,desktop,-0.02435028997569223,0.2014468586458667,3.2613054316215493,0.035493745609152624,0.4826146531364811
center_g25,368917,mobile,0.22589804201804248,0.2896635275959143,1.9154656863426582,0.6103682512432963,0.6530526328254248
center_g25,49e81b,mobile,-0.1880561995511355,0.18395351317038644,3.517033280049123,-0.37242290343096485,0.38249177764109454
center_g25,b80952,mobile,-0.02340728511817347,0.2552492288816992,2.955334349767207,-0.04124743225225552,0.48183103455057075
center_g25,c29a4e,mobile,0.022238112094731692,0.2612078123298639,2.1937832701057762,0.02949485167029221,0.5856033822070776
center_g25,a0f84b,mobile,0.2165077711821251,0.4234066022234221,1.7239543433301099,0.27244723194594866,0.5838353180506775
center_g25,7527bb,mobile,-0.22163499143662874,0.09219142399292538,4.468230943170235,-0.5642598467245102,0.34761690452837474
center_g25,ddca3f,mobile,-0.14847090275463187,0.18828452151768094,3.4703141527099803,-0.2632072133469981,0.4228774135324116
center_g25,a7f12f,poster,0.20561857979329057,0.2551461471907472,1.9209147183276118,0.5725845362673221,0.6569700874051363
center_g25,f60132,mobile,-0.0644606815509553,0.20894263447669145,3.0103980362823166,-0.039786495348343574,0.47803432611874813
center_g25,93749b,poster,0.21312356457080056,0.2864574141669164,1.7090591548625897,0.6370942639178616,0.7037552436986932
center_g25,a93c69,poster,-0.13888948047331479,0.24071724357737426,3.7602688753636797,-0.1808196375332203,0.4875513669943905
center_g25,46e99f,poster,0.21365829105280898,0.31076109965195714,1.5942696966237806,0.5311533805978392,0.6962189712193825
center_g25,eec240,mobile,-0.1767288902989106,0.19075137554852828,3.346293915519524,-0.32192995865296775,0.42925294571474765
center_g25,557221,poster,0.09037989009070568,0.28132508536078804,1.6034379542143138,0.21387061383323136,0.6617040961650349
center_g25,f33d51,poster,0.23988068901121515,0.362032667226189,1.3398653854301468,0.5379848413237643,0.6877583327135703
center_g25,e9f7f7,poster,0.4369656911309078,0.374522728791255,1.2419101470591578,1.0436876042466063,0.7735308873216401
center_g25,029a48,web,0.20611824473667262,0.26067094806011876,1.787474224947354,0.6537583772620766,0.7040937866730889
center_g25,c40a65,poster,0.3193896239195511,0.32364636267693553,1.4558399185194904,0.8113843768862308,0.732543389507266
center_g25,27c37d,poster,-0.0021545697047009086,0.18126915551344308,2.695509075787379,0.02304948866999874,0.5732177034034411
center_g25,a15dc1,web,0.3955168492690809,0.38928290268908805,1.2979221155101182,0.9396152409548614,0.7548963890838987
center_g25,3ae6bb,web,0.12273067595433651,0.28152239123491163,2.0769815078111997,0.32970114772499604,0.6129619110797488
center_g25,d69abb,web,0.2048332667377873,0.2510438802814683,2.0179458519231264,0.9496734320813341,0.7824974840530585
center_g25,f7344c,web,-0.022721204732149385,0.1260084108440206,3.3241658308553603,0.008289505324497135,0.5251953568947679
center_g25,24425e,web,0.09295351210979978,0.23049550683221326,1.85190747170288,0.35914329053687816,0.6680342634658714
center_g25,da1d78,desktop,0.33912801628215844,0.3073174887223693,1.49156287254476,0.9554379938277081,0.7505423100786882
center_g25,3ae59a,web,0.07815906624289735,0.2644205241321723,1.9689866722174933,0.3475220415966281,0.6468161068272525
center_g25,fe670b,desktop,-0.02775002122638035,0.242064433563724,2.8591459400738897,0.03660016102483393,0.479978350222238
center_g25,ce9bfe,web,-0.004849489594671207,0.19686331658738168,2.8342353025948785,0.060392237954398804,0.5590798494997252
center_g25,2adbfe,web,0.020132502931683824,0.16927370158067667,2.4704480995881255,0.06163978071871282,0.5555114038798015
center_g25,bf97aa,desktop,0.24738036454030113,0.33041211826548667,1.6603835128391755,0.5861734542647166,0.6814592107830176
center_g25,a05750,desktop,0.023628340970978188,0.21966845259717027,2.2698819460083475,0.22693188628601596,0.6264454733101772
center_g25,2cb6b4,desktop,0.11251324842994836,0.16893821384086954,2.27998993102779,0.3378876483992762,0.6751173170946599
center_g25,e2af38,desktop,0.3022861738435225,0.27518009734505755,1.7276146930013716,1.3310670258691417,0.838585425288414
center_g25,4587b5,desktop,0.06555737431926706,0.256882174050117,3.051115784610106,0.20455972661122518,0.5915454496055299
center_g25,1f1fff,desktop,-0.09009800993121403,0.16798403860867128,3.261142054245596,-0.20657636270417773,0.4197675758946946
center_g25,39fd3b,desktop,0.1155811327530927,0.23332791230326805,2.1393982968868377,0.3906946960786573,0.6424106538364686
center_g25,d93532,mobile,0.00917087587138668,0.2891269006204948,1.8937136522986775,0.022944753228898558,0.5769869212988872
center_g25,c6c08a,mobile,-0.07570562328080646,0.2948889144360775,2.216033113254139,-0.060852286760722525,0.5159917523914873
center_g25,ab7961,mobile,0.06189119250956508,0.359353422881867,2.0091223305464556,0.20398759870565628,0.5686629030720518
center_g25,c9133b,mobile,0.24907761726580777,0.4185735415087012,1.4369279673235926,0.5174736609374873,0.6393528639202729
center_g25,09d330,poster,0.3239743061508191,0.29636112768463535,1.6405581747485216,0.8356412082495285,0.6841152767986939
center_g25,0f81ca,mobile,-0.09883439999941492,0.2729218594001986,2.9036874085309026,-0.13020006526637076,0.45684135022086153
center_g25,26c4ef,mobile,0.672216830311908,0.48005983918520284,0.8704625209090529,1.4898349208030226,0.8157979123813095
center_g25,837df2,poster,0.2261980664951786,0.35562560077973254,1.7103309471009,0.4710781460173144,0.6477027025046493
center_g25,7ee781,mobile,0.036075231306310615,0.27467050520501085,2.743261847243093,0.19150203530699436,0.537505537548594
center_g25,55d981,poster,0.011881361413706057,0.3082359602950794,2.068363033417744,0.10195677605346837,0.5349248683431136
center_g25,fd7c30,mobile,-0.08145044225109471,0.23397938879295482,2.70829617775515,-0.1662029547740353,0.48899107903945316
center_g25,88a176,mobile,0.1019878535825224,0.3187681099593798,2.0636049900649653,0.2799907556730751,0.6074799626811134
center_g25,9199de,poster,0.473285046844354,0.5077469451569103,0.8041327803513163,0.8183987781280975,0.7328054946757683
center_g25,e70774,poster,0.4812479956812461,0.44434008495683375,1.0655235712440354,1.14708301499055,0.8045707461875904
center_g25,b434fb,poster,0.3758250481034021,0.3174909256508203,1.4010325887683885,1.2533635026806031,0.8091307334138558
center_g25,e9465f,poster,0.17749921164197577,0.3390868603258088,1.675281963129921,0.37703929319931395,0.5906518018871636
center_g25,88c9d1,poster,0.4256583030809354,0.45964002654292835,0.9347688544614744,0.8492987889415325,0.7661353305506411
center_g25,3cf90e,web,0.15395015059533879,0.27059030189875877,1.9287112443576473,0.3229193193293612,0.6086714223845092
center_g25,3478a7,web,0.1866167381924094,0.30407461242055145,1.7516633355440427,0.5185034542453212,0.6455895916528979
center_g25,b901b1,web,0.1521385115074394,0.3511856933175495,1.6656966502866588,0.47790571420674255,0.6527343331025415
center_g25,441395,web,0.10565405700914982,0.26802721904033294,1.7760885556304826,0.22410043902078597,0.6098854471350657
center_g25,24776f,web,0.3649145584768333,0.29759254040055194,1.5013089239233024,1.0901669612589426,0.7694492679989103
center_g25,95b733,web,0.21601046585605038,0.26801543296774305,1.7640015962456572,0.4566776540011754,0.6563009613954764
center_g25,9e8ff1,web,0.24808774858098936,0.3195973747188187,1.5371891625746907,0.695690713132524,0.7436071970536066
center_g25,7ce6d3,poster,0.27051878860455747,0.4264569152616591,1.299034773402607,0.5377096079681102,0.6530087024768764
center_g25,882e01,web,0.13550268827560413,0.2924187062499493,1.699104387029455,0.32430134951407436,0.6513677928112152
center_g25,c68139,web,0.2519934071845304,0.3563758039633085,1.6049393190476176,0.7199887284212689,0.7083603666744493
center_g25,8ff998,poster,0.25717671326975894,0.28623753967453225,1.6290910041200874,0.765603883165738,0.7451283103797014
center_g25,d6cc23,desktop,-0.11007026852577231,0.09714043299947558,4.5233256449592885,-0.32592389749128303,0.3788336144913809
center_g25,b49400,desktop,-0.08630162459850178,0.11943863368427088,3.407806743133455,-0.3458689513527626,0.408438400376113
center_g25,2675a8,desktop,0.007808153615022599,0.1204617133319803,3.2498966911435874,0.22344053018785176,0.668104868047419
center_g25,f3e3f8,desktop,0.03744659014204742,0.17608651884637933,3.148711484735217,0.21040881696935007,0.5781765756466458
center_g25,a04c36,desktop,0.0718505887974463,0.22568861811783797,2.479885230600776,0.39275300674780667,0.6411313658391293
center_g25,86c651,desktop,-0.1184189684043487,0.045233120811136125,5.758242776821153,-0.35247088174952584,0.3898054284241151
center_g25,af49df,mobile,0.06184968512660703,0.23216576421470614,2.13888446231685,0.03549216082270194,0.5885995049035426
center_g25,4fbc40,desktop,-0.09356335398987727,0.10595185878137062,3.6681462615243916,-0.21807749337529955,0.4749823835113913
center_g25,14c026,desktop,-0.06606600843590846,0.08511968372163461,3.5955442348160718,-0.21069543974922175,0.527416745148438
center_g25,01ca85,mobile,-0.18205534563414053,0.11460207157355343,4.297578330901429,-0.493761766300292,0.3339169307181407
center_g25,3aced2,desktop,0.17923606260187908,0.2094897140008439,2.2968466392559987,0.5186235269156545,0.6317335182664001
center_g25,00d34f,mobile,0.09788777159477802,0.2989177850157513,2.93961826219992,0.40634593972993055,0.5657757004918991
center_g25,b3ddb5,mobile,-0.16343421719212015,0.10177142204237408,3.9515415831818936,-0.4138052999840729,0.4091671199731197
center_g25,9fad4b,mobile,0.008004784784886344,0.24128035260469077,3.8228831395400618,0.30195921580511303,0.528189416682485
center_g25,79672d,mobile,-0.06764488793882995,0.1892797965990418,3.1925199584672366,-0.17576283691038855,0.4707932938008433
center_g25,d9a22e,poster,0.28384902812908136,0.30583894541421003,1.5829464816377847,0.6123186586704616,0.6790143636877715
center_g25,4d987b,poster,-0.035850833022191296,0.16358704407355124,2.97314842390807,-0.07755695202365595,0.4897127274626986
center_g25,67522f,mobile,-0.0257151423586202,0.17006743139649502,3.2186317998188936,-0.07636618915424066,0.48276597786170267
center_g25,6d15ce,mobile,-0.14539307552681419,0.10796107365869373,4.698497643968778,-0.47625588646019223,0.3088742116944415
center_g25,f1e37f,poster,-0.10586573290448453,0.17848281441553415,2.437915212732844,-0.24805354253423875,0.45300240679724924
center_g25,42a9cb,poster,-0.05782062739054436,0.16697644576047121,5.623175961354334,-0.08327925924637875,0.45935448807403884
center_g25,dd8251,mobile,-0.19991821830851314,0.05635669492252418,4.086750073888127,-0.5308936637367087,0.4056478989836857
center_g25,c5ea52,poster,0.31776703436763615,0.23376724737849747,1.8441120139002418,1.1321257933745643,0.756340117429938
center_g25,5baa74,web,-0.041592204799245906,0.11942473091338983,2.9623430986769055,-0.21963250565758163,0.5174181671306997
center_g25,8b6299,poster,-0.07465213805903384,0.18683185537974173,2.547641515698812,-0.19707161744426221,0.46744820862538994
center_g25,665c4e,poster,-0.0810963584861219,0.1754620270170476,3.729031276008071,-0.02468003371386955,0.4442824680769881
center_g25,85e5ac,web,0.18118251259591578,0.28017469612312906,1.7903440672347533,0.534580268798861,0.641359990029361
center_g25,9204ba,poster,0.18926829295514394,0.259367149656124,1.9600187922093284,0.6744180319907412,0.7070513601084357
center_g25,5e0dee,web,0.15358985920266927,0.2611172759668491,1.7896150001322946,0.5782751268330547,0.6978499665259801
center_g25,1c27b9,web,-0.01579614963251408,0.1370540302312406,2.761737469042634,-0.08322435440198715,0.556716745658859
center_g25,eede0a,web,0.1308050212230171,0.2534526466325476,2.0333049542688415,0.335693741676402,0.6062165032398152
center_g25,bd57a3,web,0.05955596355189337,0.18347057532073818,2.435293292599078,0.19062388156817256,0.6090983188716762
center_g25,d23a34,web,0.1790232879077119,0.25227673965188435,1.812537223415794,0.5510795285584273,0.6971759838765039
center_g25,4bb6dd,desktop,0.03953534034615665,0.1786823119069348,3.1155877333956434,0.32866838084458894,0.585371857846587
center_g25,05890e,web,0.33118747933812376,0.2802085673358,1.6669498017265727,1.0173418640877376,0.7682348872643063
center_g25,a9ccfc,desktop,0.2325264448989821,0.3161684762984429,1.8838677861621163,0.6473552036845505,0.6871186762739396
center_g25,eed0db,desktop,0.18408536333541958,0.2711916067013179,1.8965324467808744,0.5493577120174771,0.6994060857822388
center_g25,0a87be,web,0.012128254156590197,0.12383192964572262,2.867788624088697,-0.11058727959719618,0.527360163585648
center_g25,e20a6e,desktop,0.10425325501081381,0.26696061168875995,2.210413948517515,0.5120913764549,0.6815324330477093
center_g25,147ff4,desktop,0.25942233598929204,0.2784535546869953,1.6043608985144546,0.7095716563778575,0.7504853502989133
center_g25,ed8647,desktop,0.30219228794007785,0.31786090638992626,1.6261153375932889,0.850668077847903,0.7491542223632498
center_g25,bf66e8,desktop,0.34483016829129504,0.3561242733702912,1.358979635166777,0.8696500216904772,0.7442659363821915
center_g25,de5446,desktop,0.30809871113524673,0.29934277456256425,1.6594078023612109,0.9973640452224846,0.7529730287508974
center_g25,55251b,desktop,0.03728917223593941,0.18069719273987778,3.367124348301548,-0.005806419078335706,0.43176605625231995
center_g25,74edd4,mobile,0.1161089277755176,0.24761191760782444,2.439224617929253,0.2367898254371268,0.5559413008985573
center_g25,9ba547,mobile,0.14806480479526787,0.3417738750605014,3.075152798584205,0.3805203193889792,0.5224028129028655
center_g25,548c01,mobile,0.03034063688610302,0.2793442431312306,2.353050001220576,0.07784271384718901,0.5503644238359972
center_g25,3efe00,mobile,0.2794767152934212,0.31722162055383546,2.49625471506676,0.4127564708970432,0.5548721393709307
center_g25,f735e9,mobile,-0.14655289715548744,0.15329405283963546,3.5600185192859137,-0.3554430822499923,0.4171044992277144
center_g25,2b30aa,mobile,0.6796527275518457,0.46903897305788855,1.0211042996883315,1.4818067282676302,0.7837167275785116
center_g25,f1be04,mobile,0.2615516257737252,0.36846605791308157,2.2545903243207728,0.5750856021250916,0.5938589321662142
center_g25,4e2a75,mobile,0.27067009404552694,0.3287570842984341,1.8400025249770937,0.5286050146536836,0.6043161225597329
center_g25,8f669a,poster,0.1781022807195904,0.2570843443623865,2.134232998285841,0.3551603050487416,0.5975285532841852
center_g25,62fedf,mobile,0.10552895950858426,0.3912723238967877,2.2010800363067435,0.23243908700358248,0.533623214151771
center_g25,a47405,poster,0.3998245659606355,0.3781697838145967,1.2492293893382664,1.15183686897684,0.8062876305851124
center_g25,257df7,poster,-0.07690387996094948,0.16033934971949124,2.615564499759946,-0.20544184991388154,0.49580414181899723
center_g25,91138f,poster,0.2388715352045647,0.3824697603020754,2.3693884397499243,0.39792743059316293,0.5688602868626013
center_g25,05a1ad,poster,0.1959235174370284,0.28447252721221056,1.830770132517417,0.3806070367906351,0.5563560245047618
center_g25,d1f254,poster,-0.05601517202912561,0.1823335268401492,2.6642751205338584,-0.12171967957392288,0.39702991169300195
center_g25,628c6e,poster,0.1304219990650558,0.2354692674415586,1.8983340159618767,0.3472762030127892,0.6284278291159486
center_g25,07a2c8,web,0.020318628055583356,0.20930555133964263,2.7214450445327536,0.05626533223308197,0.5179996366465871
center_g25,d7535a,poster,0.045411257691440096,0.23738179231227913,2.2494190122555606,0.16743451254464714,0.608409127441035
center_g25,33d2a6,web,0.15509961969009003,0.2297006821133831,1.9879028691070557,0.44062657355067264,0.6385162918336595
center_g25,d20ff4,web,0.48790306441674236,0.33152942269508834,1.4687666679003724,1.5416663118347498,0.8198016419305453
center_g25,714584,web,0.10823826950691785,0.20588080806984957,2.16084047652279,0.3756894516028673,0.6526450881813028
center_g25,cad727,web,0.02081081747473469,0.22857266414322583,2.2349793153469832,0.1405782520127506,0.5498100272767343
center_g25,b3bf42,web,0.23003876933053624,0.27767225691393504,1.7650455006486607,0.5256485916017635,0.6676870513281803
center_g25,268f27,web,0.07654298504292886,0.2388791825129914,2.129745021293032,0.21606490721152755,0.5938920461366376
center_g25,609262,web,0.23931485805136457,0.25323355289817845,1.8927093105630461,0.7285940883536548,0.7297393548936782
center_g25,58e0a1,desktop,0.45312855828475984,0.3524535490411006,1.342617439638014,1.3212501386610103,0.7888482070570472
center_g25,e99f26,desktop,0.3931593912986393,0.2859387781160008,1.7603468759621506,1.1027569795790584,0.7142529515172726
center_g25,1e27b2,desktop,0.28553066457027015,0.29231394441356634,1.8489308290099677,0.8830643449704707,0.6950744493504136
center_g25,c0233f,desktop,0.0682946097489727,0.24459996710684812,2.308714597612287,0.27987252605252866,0.6299068384924997
center_g25,0dbd98,desktop,0.4418495414727055,0.3274542297686781,1.3693398849647627,1.3329628875476895,0.8316010962682198
center_g25,f20200,desktop,0.3860210309913493,0.341979518187898,1.7808894842130816,0.9527585483897065,0.688518881774754
center_g25,27f3f7,desktop,0.34743457401720457,0.4077653360070067,1.2604868681887793,0.8792936747328282,0.7613793258904127
center_g25,bdf30a,desktop,0.6232416337777338,0.49516989082009333,0.8296362570749245,1.4013735737197777,0.8356937768682204
center_g25,8cb7cc,desktop,0.055823077826633684,0.2761783873337413,1.6752965434948783,0.17412741596534959,0.5879026189001824
center_g25,7b8443,web,0.19150771730763183,0.2827477181244841,2.0457696417329223,0.639543774074107,0.6739248137086876
center_g25,6af818,mobile,-0.027731844730323068,0.1986290597397345,2.390925148705475,0.09069075541362727,0.5918757805970711
center_g25,235508,mobile,0.24095216770415584,0.32714554750255587,2.5131788684006056,0.46266937811131986,0.5431605025234554
center_g25,759dc4,mobile,0.12942150047496453,0.347392794345315,2.4001119541515323,0.3062246500622414,0.5379096236077358
center_g25,c84d32,mobile,0.42979376255143276,0.4611293690029378,1.503648338455785,0.8672983164548179,0.6955158853217369
center_g25,813384,poster,0.10374971421872245,0.21641552655604376,3.344905879017921,0.29376589672731707,0.5824190936030319
center_g25,25bf7b,mobile,-0.001000275657745778,0.21289486589420856,2.799163446859167,-0.05328562853864405,0.5004190008830226
center_g25,239f23,poster,0.0024115204229735974,0.19561120322141165,3.3659246227890143,0.24085752516415918,0.5482055332029129
center_g25,51fd1b,mobile,0.09842660657961713,0.35474874344646284,2.081712827747179,0.14908473987165716,0.5690799556864538
center_g25,980144,mobile,-0.022314644005701177,0.2871231434881576,2.5776053103909233,-0.056159739781350373,0.4625304744388296
center_g25,d375a8,poster,0.32576618509250144,0.39004702768603405,1.3972932211984537,0.671649523668963,0.6610969539628775
center_g25,319181,mobile,-0.04897342461096353,0.22005920717095412,2.1630290275790576,-0.02150047563179573,0.575577817703411
center_g25,b4a191,poster,0.0998327436749187,0.35392777754500526,2.1155874618065997,0.28282528455242145,0.5398859909224691
center_g25,325d49,poster,0.38116388190969414,0.39562642237670265,1.3966208206191713,0.936827557816806,0.7233214309256608
center_g25,f63992,poster,0.12968711669529004,0.24089990683312879,1.86063483897738,0.4600922057436007,0.6849338910586099
center_g25,f7b72e,poster,0.28710552637341064,0.33844979117914076,1.6401451115103605,0.9412123230334578,0.7694136183272311
center_g25,27b0cb,web,0.39136892170529447,0.24520306378681248,1.6810521963464287,1.1998424210815943,0.793068286515219
center_g25,df1857,poster,0.34434312699210634,0.31152399042918505,1.5290430070556582,1.0036851951898853,0.753921164583296
center_g25,c4b8a0,web,0.01830127404069529,0.27885187738160533,1.7668323325731277,0.014192206583354914,0.5204612325170509
center_g25,0616a4,mobile,-0.10982373670779139,0.18979870605586505,3.0447032500887197,-0.1600486038437268,0.47182167813992654
center_g25,3cc438,web,0.2898116208146275,0.3181698366521467,1.5351803857443802,0.9260887625707475,0.7665077207167641
center_g25,486fbb,web,0.16482882683381248,0.28650439463366634,1.7621880293594236,0.4499030949469046,0.6488314589261667
center_g25,57879f,web,-0.07852027521971597,0.15531650324015517,2.6239163418845726,-0.26683639160136474,0.48663396071058573
center_g25,bb4af5,web,0.04817364341994146,0.2709389663597642,1.9865014156430274,0.19018646796566188,0.540717649824584
center_g25,d59f99,web,0.23912451297863296,0.35721522783693427,1.4604587834238503,0.5810938155362974,0.6679279674990091
center_g25,d7d901,web,-0.027915598784538358,0.21831072982442343,2.1078469292854756,-0.14011428129611514,0.5230046551284484
center_g25,42941c,web,0.24555485707461824,0.31092843957371735,1.8553610440011155,0.7648057071125054,0.6905587564619557
center_g25,df8ad2,desktop,0.0853092634885152,0.22585506163733907,2.140736841389124,0.2573400261392083,0.6090108758027093
center_g25,55c555,desktop,0.3369159449418018,0.3086253089084996,1.4890608531237364,0.8953091838814082,0.7725135657584384
center_g25,ff561b,desktop,0.06046657498599309,0.24441868195655886,2.0798829431918824,0.15287011591418181,0.6263544243229374
center_g25,333ba8,desktop,0.07035017353548889,0.25777165666466534,2.6689714053489544,0.2822954878208616,0.6234274919573007
center_g25,947b62,desktop,0.4468428113725954,0.31156710146971683,1.4734383923100918,1.9279534249884562,0.8880771537588139
center_g25,f48d0e,poster,0.34313616814160397,0.3014444744256004,1.5011440982664068,0.9176732865014319,0.7403050744554264
center_g25,b2b7a2,desktop,0.21734098934723028,0.264546567737023,1.8470451132310057,0.6593741757512519,0.7208136290206234
center_g25,6a8c97,desktop,0.32891801196228554,0.28801984615484016,1.8823869065042838,0.9363455263061746,0.7056729742972835
center_g25,003eb9,desktop,0.07857712988651797,0.21319375971641358,2.4227086958626542,0.5187491595180754,0.686611551082809
center_g25,78b10c,desktop,0.09209093873681742,0.19889992872732887,2.522017408047431,0.20344185541944879,0.5810151325941222
center_g25,cbb7ad,mobile,-0.12266421646873982,0.21516688304956488,2.7835366386174196,-0.20242582432344575,0.47569360224295315
center_g25,13f898,mobile,-0.14159471366941612,0.16793194220983892,3.468018873407138,-0.34132409352235377,0.4085510366498866
center_g25,849f25,mobile,-0.06549396240692876,0.2513967287175983,2.434967754576662,-0.13686705241299144,0.5294574810980645
center_g25,16e611,mobile,0.5103513619503159,0.4837714633867206,0.8665937918453739,0.8560128963768788,0.7411500664597934
center_g25,510093,mobile,-0.10181461154467292,0.22718012003281765,2.6624244680175924,-0.15533591018665846,0.5133899533360328
center_g25,05490b,mobile,-0.17723270054824924,0.18657142237838412,2.9244709213211997,-0.34400745888269935,0.45483935113502977
center_g25,e1f7b0,mobile,0.30112710263471426,0.3725037332686863,1.6861580056666787,0.5656707945656455,0.6501358897461502
center_g25,544816,poster,0.040131507964749846,0.2303132959609024,2.4258121110727537,-0.017342270431959964,0.5891140134157247
center_g25,eae3c4,mobile,-0.11259273025041477,0.22761840011814582,2.6118239182846854,-0.21909061016140421,0.4924666372534106
center_g25,b516e1,poster,0.2646667964468891,0.3054766979314664,1.4906861385221954,0.7633909284079398,0.7362245459877456
center_g25,7ba4bc,mobile,-0.06754821093272417,0.19621670389438772,2.7342382231756273,-0.15286927559483213,0.5511616467109371
center_g25,0fc384,poster,0.25211018467167745,0.349379139498602,1.3259949326860887,0.6288107233601553,0.7255628581745326
center_g25,f29bd9,poster,0.08767676138938922,0.2197286030521652,2.1368844427440075,0.3389519612579205,0.6638403793119385
center_g25,76dc6b,poster,0.23992465787614042,0.2587173410970928,1.6790911643260789,0.7466699019077895,0.7463012305998752
center_g25,f23e97,poster,0.25346711894008145,0.2482583956095019,1.9031345996959108,0.7774701299751717,0.704360226789411
center_g25,7e5b71,poster,0.006490886145750152,0.28404298986253396,1.806909452805806,0.10130084567990463,0.5555503548510541
center_g25,5d7024,poster,0.1446757353792801,0.274364229536484,1.9353084908264135,0.5081176539485123,0.688668190654868
center_g25,ef8863,web,0.21336665909859948,0.259196021019526,1.6715284492028615,0.4334645254008698,0.6352093098462219
center_g25,3839b1,web,0.17619702558569894,0.3172861185506014,1.683650384896714,0.35487976751776384,0.6062622488098443
center_g25,2a5307,web,0.2543145809951127,0.2567610954274143,1.7113702599326932,0.8277348235468042,0.7679070420111233
center_g25,c642a8,web,0.17770679693844613,0.2989995068809026,1.6552078050001953,0.43264972427322823,0.6796032718154845
center_g25,73d5d7,web,0.1734029492296586,0.2493443637146423,1.9798312972474807,0.7632035453047064,0.7545280940012542
center_g25,9cb812,web,0.10018102636934584,0.26728590337129354,2.200937659249137,0.3589493845643113,0.6075335001545398
center_g25,9466ef,web,0.06579524895457367,0.2607177432035924,2.05284871065264,0.2024743754517791,0.571355256217098
center_g25,2ef49e,desktop,0.2944988642139803,0.2761914156286126,1.6884456034783597,1.0753228447354173,0.7802910439848796
center_g25,c15cd3,web,-0.040838880452777775,0.1689388648322023,3.199581499675576,-0.06452060230140501,0.550945298724808
center_g25,69cd24,desktop,0.11551718607803302,0.3194978273236059,2.2821671111241537,0.4607728365238615,0.6404774772900572
center_g25,c05a14,web,0.17997126302006422,0.2629122335446629,1.7912069533554322,0.5103034146664814,0.6928263972571522
center_g25,e102af,desktop,0.11473992185552337,0.197728121266294,2.1451907971642363,0.3847817188765436,0.6998962382347708
center_g25,998d69,desktop,-0.09699569436360292,0.11541168543173547,4.416209832367508,-0.045025013093228455,0.44646410822625043
center_g25,0eef1f,desktop,0.16666739295675695,0.23547178222682164,2.0257431746613093,0.5485915160016689,0.7052478923766716
center_g25,8ea477,desktop,0.12986897444933101,0.24741891305297575,1.9130845465499269,0.449347597718515,0.6632921692327163
center_g25,07b304,desktop,0.5703446347628283,0.4193624376153597,0.9895242552152226,1.4598446177901288,0.839807960811562
center_g25,038d71,desktop,0.5768695302051278,0.3559408975219336,1.2051118193644805,1.6860553771356002,0.8686638213027089
center_g25,919716,desktop,0.16269224358265988,0.24821083076932493,2.1899715217798237,0.5350321319215481,0.6712917168752645
center_g25,e4f360,mobile,0.6584739489793113,0.46412559778888973,0.9638294375973526,1.6767711215414278,0.8402767643677477
center_g25,dbdbed,poster,0.5810917222767467,0.45662367773630896,0.9201621328564272,1.1637113211505807,0.7698448326773406
center_g25,e254a8,mobile,-0.095092269409872,0.20980838463546822,3.3546883783064243,-0.19656510688963094,0.46749767794433966
center_g25,203a7b,poster,0.11418296861805761,0.2476586189255913,2.1076283994712774,0.1915586990593577,0.5602138047495265
center_g25,a4d2a8,mobile,-0.016183140450124204,0.2516656870388178,2.43403172017207,-0.016338420151745008,0.5393186583512072
center_g25,f4e7f3,poster,0.19489522243911467,0.2749062183612465,1.8339216847304753,0.6053135977076872,0.6875003714977282
center_g25,9073f0,mobile,0.022583218715745357,0.2621365211386739,2.467329618214859,0.32566844812831247,0.5844640686589759
center_g25,88fed8,mobile,0.011654647793236841,0.22429299295898816,3.467337707742053,0.24035205286013944,0.5089253775167246
center_g25,a6c640,mobile,-0.08570366242646983,0.2369514495327457,2.6781059157655576,-0.12384032680929856,0.5025524656396277
center_g25,6f5978,poster,-0.15066282307476836,0.10785159085692336,5.679395757776804,-0.40991455789935166,0.4497805529249594
center_g25,c0ad6f,poster,-0.07313982070373903,0.2067786912446697,2.967523361261264,-0.07997725319432579,0.5223680639809881
center_g25,e86e77,poster,0.26932914486873805,0.33279759760055583,1.717171862203434,0.5932798534123994,0.6411063227671377
center_g25,c53dc2,poster,0.2777741744649094,0.3472384447804471,1.632345914948341,0.6740079259903548,0.6687674052283856
center_g25,23f03c,mobile,0.3589311356590906,0.3794292703675403,1.934006556756798,0.7047595883705857,0.6208712585010875
center_g25,af24f8,poster,0.23703275211368552,0.31501899426132157,1.496863105217757,0.5118387148659306,0.6741617530400137
center_g25,f0773e,poster,-0.12100399517103005,0.14122861475807655,5.1202529251048485,-0.39511627408805805,0.3394493935312282
center_g25,e856d3,poster,0.16315023081934088,0.2936091705740552,1.4875026541048164,0.36187114784242286,0.6892944714343153
center_g25,fd395b,poster,-0.007070591387222243,0.2859845787935774,2.052438277551459,0.020095225104459963,0.4912907431531177
center_g25,5a19e3,web,0.06251674427920535,0.2345887995305737,2.3638740355503534,0.4538913522272586,0.6480881986395127
center_g25,591218,mobile,-0.02001018955895715,0.21774001843637894,2.5147768595125113,-0.023009924691114157,0.554490565040519
center_g25,f29c75,web,0.06131258335874914,0.21428977537644656,2.557767756665028,0.32628647502789404,0.5975830316731194
center_g25,563395,web,0.08999538423869405,0.1886151831421179,2.798988608613987,0.32327821872251306,0.570018908260769
center_g25,3a6075,web,0.44864410123170895,0.3079942495236173,1.4106605967890964,1.3451476662952582,0.820705612884355
center_g25,1d99c7,web,-0.009851689034122913,0.21188299581474312,2.503089021226671,0.13617441079124598,0.559638334872365
center_g25,3628ee,web,0.051688540769194116,0.2706449223960087,2.2465989474705697,0.18296505922609413,0.5992585489663463
center_g25,e6b882,web,0.24849684367593705,0.24663277236819373,1.8947569109548725,0.7806193327300698,0.7070164805537344
center_g25,188089,web,0.1610838190220943,0.27259589630571335,1.9554588967199271,0.47996764742418024,0.6488411455449301
center_g25,7e305e,desktop,-0.039646172495559365,0.14776471644231665,2.933226826316828,0.0004036215834627012,0.5374534591694938
center_g25,20beb4,desktop,0.1511934990541961,0.3074582543331523,2.110204121928711,0.2778487612087653,0.5955940133474568
center_g25,c9898c,web,0.26683256499434954,0.27929917061526705,1.7199810988057909,0.8376502398412996,0.7317871631418117
center_g25,9fb0eb,desktop,0.04938429953726077,0.26971991632162184,2.222051661393847,0.08911773695203254,0.5829871183661143
center_g25,5aa40c,desktop,0.25082112652486266,0.277016710831246,1.7948947710658234,0.8642800520304292,0.7383312503678069
center_g25,f06889,desktop,0.13537407368018178,0.285344706665706,2.024128623489459,0.5478088245505012,0.6959886590356321
center_g25,179165,desktop,0.17080413152419835,0.2925730844278534,2.0385607915799846,0.46331771601330923,0.6561243024197235
center_g25,030bb3,desktop,0.2506599555191955,0.2565584406840918,1.843571087159067,0.7786039332445053,0.7415671625191811
center_g25,890d33,desktop,0.09066204782396406,0.2621751077005332,1.9007298446656005,0.3027104529953246,0.6240186534519468
center_g25,d667b6,desktop,0.4764706900186029,0.4006543290425056,1.1266128585568667,1.3525093621049502,0.8315843205630014
center_g25,56ea71,mobile,-0.11267344719848246,0.1973608572353682,2.9140552789580814,-0.29821171638236016,0.4537884227986785
center_g25,becb10,mobile,0.04092274186789435,0.21654080103943907,3.6982646554735346,0.21828766434932198,0.48539369404846233
center_g25,2c29d4,mobile,0.15384676767833247,0.33073811979486023,2.4746050349825377,0.12156845595130449,0.4876276675134601
center_g25,ad1260,mobile,-0.11678261625099487,0.18048798591113557,3.6537439032325847,-0.29731254802118756,0.4056287694501677
center_g25,bfd9c4,mobile,-0.22584011489446132,0.13129040064898118,4.504750912062968,-0.471037304582068,0.3506114966824887
center_g25,3a0d2b,mobile,0.027982016530113653,0.30639293659904887,2.705910292778798,-0.01832717877024241,0.4516505971890279
center_g25,23981a,poster,-0.08095760159583548,0.23327681987012558,2.2196452763384644,-0.2087319421544701,0.5023189446811201
center_g25,509783,mobile,-0.06518711395000086,0.24179501805968923,3.1229930517200137,0.021466749400033736,0.497972634753047
center_g25,72aff7,mobile,-0.12613176962260128,0.18268145594216495,4.09796964083275,-0.17656884488344524,0.42097020636518007
center_g25,381869,mobile,-0.09445236969117204,0.22105362616817995,3.486391718184037,-0.171521393617287,0.4341050958826478
center_g25,468f66,poster,-0.027875423660519212,0.3028817771741909,2.2564670742713693,0.03184813124115261,0.5011192039236724
center_g25,7afd03,mobile,-0.07543015669235346,0.24251725235444538,3.008089939614906,-0.12186292740685102,0.49271646432283267
center_g25,0bce2b,poster,-0.0018968742975217553,0.2645024467707299,2.155237870177381,0.24949952911596024,0.547981510224902
center_g25,0186f0,poster,0.20663512936009848,0.346522316570706,1.261097154549566,0.48549537099067,0.708303055171515
center_g25,7f0091,poster,-0.13190519490662592,0.16568514859808106,6.12190085296875,-0.3174508855481787,0.3733881881117448
center_g25,a0c0ff,poster,0.05461706515262893,0.2486942781564271,2.272254673715396,0.20173994634150968,0.6140846258897489
center_g25,82e138,poster,0.21827212699660659,0.2865549664892398,1.6611131003600959,0.6923705885635875,0.7347081066142153
center_g25,caf6d3,poster,-0.013462682206720608,0.20015205101673605,2.1423426370617245,-0.04218902335720184,0.5641700378270689
center_g25,82dad4,web,0.14631884965819364,0.29728949734503474,1.9577336349391206,0.40271824882329654,0.6461215341222541
center_g25,fe193f,poster,-0.07531837437868487,0.18463485566223325,3.8699766243436287,-0.19825017247026933,0.40242108373908503
center_g25,362dcc,web,-0.04279991141626252,0.21783475614559353,2.868977365264531,-0.04473630126970154,0.5195308684476516
center_g25,822454,web,0.2036729034974847,0.3058840538220048,1.766231961668109,0.56901945744826,0.6787356538399557
center_g25,d6ac76,poster,0.2760533594084025,0.3626836107276459,1.301958222908334,0.6831405357912498,0.7253525765764127
center_g25,e017a7,web,0.18208181407183072,0.30190468402903625,1.7251553073133186,0.5206071819228538,0.6527265281733781
center_g25,96db53,web,0.010783395713004448,0.2364334238180498,2.714022953247492,0.22641524933753346,0.5919092160700146
center_g25,acfa9a,web,-0.01541047213528574,0.21816599549324836,2.4064522931866312,-0.06692022232174923,0.5028782246470798
center_g25,e6c62e,web,0.24202746975641987,0.3059913245225838,1.6024796773004937,0.5637236377624429,0.6884276211998739
center_g25,4de4af,web,0.28507622761826373,0.29901681864935326,1.5335863100390703,0.8317545181619942,0.749913857609336
center_g25,8e3198,desktop,0.4194860926288011,0.33889192766982956,1.3623809427376572,1.4007915940505244,0.8319727454953232
center_g25,ba46a0,web,0.15006928198291794,0.2303481275135768,2.0301653439690703,0.4692714949530521,0.6714110507046731
center_g25,c90ca1,desktop,0.12129823316178545,0.16731695317473924,2.468129610745199,0.5622243322333257,0.7179868265645016
center_g25,be0882,desktop,0.035584159742398154,0.13276754201953594,2.57847475295876,0.15471416399559174,0.659006533172136
center_g25,9780b8,desktop,-0.07739641616032224,0.14445567519406188,3.460448462228085,-0.08466100639948201,0.5086784946400804
center_g25,6dc873,desktop,0.09670498114220391,0.2235879808343944,2.3528067814383387,0.2687627374987154,0.6114360128177442
center_g25,ef9433,desktop,0.13069052227362246,0.24372129191859457,1.9910340595835638,0.39509990864452177,0.6777587457929252
center_g25,8a1565,desktop,0.4455127808187235,0.34490483464679234,1.3097755993342504,1.3144582518999288,0.8198096810945725
center_g25,bb1ef8,desktop,-0.06951539860678947,0.12088397931164988,3.50246930637024,-0.2950915666337162,0.4638553281207093
center_g25,2c6579,desktop,0.11543024582072006,0.166769945208382,2.540725012820972,0.4527441656433258,0.6624178679867452
center_g25,74db3f,mobile,-0.2315566466514809,0.14887681150261856,3.6878579142291805,-0.4756143608221144,0.3692643245027695
center_g25,dd173b,mobile,0.1926159605777207,0.27108691079410085,1.9098642236751062,0.3334664474753196,0.6252745739862126
center_g25,92159f,mobile,0.03745065469078756,0.17501529708927244,2.8400189645795146,0.06967120549045393,0.5549298585235561
center_g25,94d9ed,mobile,-0.11668699988622487,0.19097120557843356,2.699120480708503,-0.2867514805278189,0.4899021871413367
center_g25,7b3c72,mobile,0.0417637847374996,0.25587757704041453,1.8802080840245883,0.06523632558223987,0.6086616471499249
center_g25,e348b5,mobile,-0.061426195489865214,0.22710047645406145,2.8992159448441024,-0.041912484747841615,0.4715195905458777
center_g25,18f09a,poster,0.22264585108008464,0.3607297696090521,1.409632187564174,0.32478149943675494,0.5936041058307183
center_g25,22651b,mobile,-0.021004089283929436,0.22849302277257436,2.6366504450111656,-0.12965791989517564,0.49957788925512364
center_g25,aff6c9,mobile,0.1549156855212082,0.2299015477025162,3.3315515158658195,0.4767610889511822,0.5442276992769819
center_g25,1f1736,mobile,-0.07044605185923983,0.22493412346706917,3.475689123221444,0.0035245240602260327,0.5077305502954227
center_g25,287cec,poster,0.14129051064199638,0.20558048493882441,2.3504497056969207,0.4303149282280657,0.6203579483639604
center_g25,150e9a,poster,0.3890720175791118,0.31255276816326155,1.5751710473403482,1.0794121646071457,0.7370483220618663
center_g25,7dec89,poster,0.18011166966648262,0.34189163512021636,2.8721813099569595,0.2805288762115239,0.5914841299218994
center_g25,74cb9f,poster,-0.08112762680317588,0.25630621734473147,1.9875280259935773,-0.23210138805542976,0.47276095692622994
center_g25,2d86fb,web,0.1892329751571803,0.20741715427390442,2.218269885449867,0.6050880439058064,0.6651909660798829
center_g25,e64d79,poster,0.015087423361977152,0.1631305695273591,2.6150855747397515,-0.05755144375571376,0.526860781611188
center_g25,6dacc6,poster,0.40104763221464884,0.26718304730872455,2.084379983298055,1.739577580793645,0.8209950663292578
center_g25,e60745,web,0.11709881937196386,0.2042511004184261,2.3376540407135327,0.45051626496632313,0.6227188708898594
center_g25,aef7af,web,0.17497048528367198,0.19035370184011047,2.768376381808488,0.6749344089063584,0.6469997893592191
center_g25,ed1239,web,0.2877713596861584,0.21012537419920366,2.185049273570932,1.1588707563053766,0.7556902370154105
center_g25,79dba2,poster,0.39931569202641276,0.366740696814992,1.1849054675363833,1.1062731841221454,0.8266038303061185
center_g25,091b5e,web,0.3196842328619601,0.2524018592259296,1.9648545914072177,1.0971513594235436,0.742097330620311
center_g25,9dd545,poster,0.16378121834482606,0.32399539426964197,1.6051728937331955,0.44641428174034703,0.6874705441638033
center_g25,61707e,web,0.22323524340875628,0.30082699136680047,1.5334349844321125,0.5902256600667163,0.6927212433326917
center_g25,ffb688,web,0.11285324477074507,0.2092629271481155,2.320087025742263,0.4938705206936038,0.6585765165103314
center_g25,d613ea,web,0.23516871650308752,0.21373673201220403,2.150746710304103,0.6037707686645641,0.6518893933571088
center_g25,575851,poster,0.044576709120188754,0.3143450504264414,2.001015434989046,0.1812475840712082,0.5417302547393359
center_g25,9ea1e5,desktop,-0.05441575553506971,0.11944309580366289,3.1259444748192076,-0.10795048814236043,0.5162349091050389
center_g25,d4430e,desktop,0.40480718018268874,0.2623185705820573,1.6933013571719422,1.3667839764535152,0.8092359654520633
center_g25,5d4c5e,desktop,0.014617145343830174,0.19035931724704208,3.4925032113526413,0.10632781997748843,0.49006170984298847
center_g25,5fb771,web,0.21212132253861615,0.21036265031527412,2.1954268093723783,0.911976037873415,0.7149040401099038
center_g25,312489,desktop,0.19256824276639173,0.26011874471787655,1.7803719774054125,0.796555444960527,0.7422647471430937
center_g25,742a95,desktop,0.3553338454345113,0.25840589448420936,1.9977958051192397,1.1561161505689597,0.7593548526753982
center_g25,37ad54,desktop,0.02981857930636333,0.1602279345203801,3.4193615517754994,0.1713565513325249,0.522451257007334
center_g25,2f8185,desktop,0.18652342439990682,0.22980343854991997,2.1914667116529287,0.6806925479046031,0.7208208158761015
center_g25,82361c,desktop,0.37472153012913273,0.2762014937881098,1.5655094814446315,1.255764713757196,0.8290838664040778
center_g25,6cb077,desktop,0.030474286079152438,0.1527157419477005,2.5567732092494544,0.07627844803206789,0.6124130624722606
center_g25,857721,mobile,-0.19509627329622006,0.0744606604231418,4.550527667534591,-0.5419923626528724,0.32070336547414924
center_g25,d355a9,mobile,0.12661737031004072,0.31492925790698534,2.493920996669344,0.06158192352380262,0.5019820417613213
center_g25,0ce287,mobile,0.02481531571495997,0.20639175904173085,2.3089513247168147,-0.06161109771931384,0.549671076011161
center_g25,5cadcf,mobile,0.12196429686342869,0.28409894884607384,2.5373580908931843,0.20191363433341364,0.5279968585839117
center_g25,fc7118,mobile,-0.04922606958925433,0.23601086691619785,4.066409489948126,0.010189961443796112,0.457537997513823
center_g25,4288cb,mobile,-0.07648404374479893,0.17455315905729196,2.79809415318627,-0.20323101135521549,0.47722054886698934
center_g25,dc351a,mobile,-0.19428750208145554,0.14245065995231776,3.166100470935312,-0.32434881362598306,0.469340771133987
center_g25,51582e,poster,0.080305209322448,0.21919407146549735,2.0299199498469997,0.30833364627426957,0.5951356643390221
center_g25,1b307f,mobile,-0.014987432150281307,0.2273148807283908,2.928558851707349,-0.019057383779523002,0.5151849812386505
center_g25,f7d1cb,poster,0.5259575261456693,0.27796753811978026,1.4791698686218495,1.7599488466153965,0.8433079213658128
center_g25,87b278,poster,0.10747542455942019,0.2622466812527288,2.0965383902151413,0.14031823076476543,0.5227733300602921
center_g25,d2d386,poster,0.16304895857535506,0.2013465417145014,2.0152879492294216,0.622618163902638,0.7369143401537231
center_g25,38d067,poster,0.13151661192585795,0.21804594485157228,2.0284574365217045,0.5001927611479929,0.7114820278190328
center_g25,83c9ba,poster,0.13237010779436978,0.2855697295107288,1.9939954501949422,0.14344640361764352,0.5375745677210435
center_g25,35aa58,poster,0.26320216388849316,0.24473258802346215,1.9335236362507615,0.7882052092831741,0.6715444270454203
center_g25,8f7ad5,web,0.139016030509597,0.24636540259447076,2.222649032914177,0.471467228043351,0.6177667321989309
center_g25,eadf4b,mobile,0.11874079465387138,0.32519654346611415,2.4632433120714765,0.07730603269240979,0.4950784697301151
center_g25,5845fb,poster,-0.027060796774839878,0.22899641550152985,3.50580397012166,0.021091133615450078,0.4478906260455432
center_g25,f9fed0,poster,0.0017753874744272156,0.16944516100780935,2.3728776917038514,-0.01116468721983272,0.49894229466223855
center_g25,458458,web,-0.009457936083482237,0.173049025210798,2.7404390788839255,0.04065415577431621,0.5432972715749744
center_g25,5a5935,web,0.22290446457613916,0.2329040725835803,2.134782830109087,0.8095865436919452,0.7198153704269752
center_g25,5fe2ce,web,-0.07535631815058275,0.2164373960547856,2.535028948983222,-0.0568048742681898,0.5019919984580263
center_g25,4cd863,web,0.11530284579177777,0.21930824554441544,2.0565233177715574,0.27172092782972007,0.5722705652178254
center_g25,14f8a2,web,-0.0035188107133645604,0.1848467214807916,2.4286185327516647,0.04966470764091727,0.5594164097041497
center_g25,c74797,desktop,-0.03474573142229283,0.24122203966252484,2.3426383190064275,-0.010130136532828056,0.5289312512866573
center_g25,84dc61,desktop,-0.16038321592908053,0.12159294088297255,4.582696506814106,-0.2654639518994922,0.37877483025667985
center_g25,ab09c3,desktop,0.11802535613808468,0.22525381869894653,2.0883573924353214,0.46166608281959337,0.7025274668651799
center_g25,9faf29,desktop,0.17496794122083434,0.28997934208525816,1.8508451165737647,0.4113334246815453,0.6256148441803473
center_g25,e74016,web,0.12307527203476917,0.21758436133220088,2.408465049082986,0.38254983769575923,0.612223324734469
center_g25,c98506,web,-0.000634984649807685,0.12270186447011053,2.8376453654017753,-0.05391030680464767,0.5795174877662626
center_g25,8c2c62,desktop,0.35468341209590637,0.3189988083454614,1.4485676355501793,0.8860458308989232,0.7188111563979297
center_g25,1d0e96,desktop,-0.0726548806565616,0.16027214329795803,2.749187191512936,-0.2186229840146761,0.48382522014010765
center_g25,9378c2,desktop,0.12562088262306056,0.3125554299279758,2.6360243412290467,0.22493807113346773,0.535828886665265
center_g25,22dd48,desktop,0.007772933533294911,0.23865599478853822,2.9557108062177155,0.20500899584662277,0.491921413749824
center_g25,a7789f,web,0.3283080094966979,0.265565855970791,1.6430865562706107,1.3093308372078,0.8454596410034458
center_g25,25c458,mobile,0.25444160182044173,0.3745881629248617,1.4388477622646476,0.5512162224711569,0.6982671558496265
center_g25,91b127,mobile,0.06340619486595725,0.26576878316796887,1.97144027291789,0.07501090640431637,0.5828030341277248
center_g25,4d17b7,mobile,0.1064134086903806,0.31270507517355195,2.1932035762694406,0.1692691577350388,0.5554145412615864
center_g25,8c6298,mobile,-0.1859208644370639,0.12415832465635548,4.33677108963925,-0.44823200055489326,0.35351235170979245
center_g25,a80be1,mobile,0.20367820660259547,0.4011475002207185,2.0245933108672984,0.5477509107971144,0.611541555903908
center_g25,09942c,mobile,0.15887849546594895,0.259241162368898,2.3076063002393545,0.4293212929179794,0.6147465474337179
center_g25,18f66d,mobile,-0.07758789000481373,0.24985535711746676,2.820671818190854,-0.043043105745785945,0.4792112484073625
center_g25,c75d3f,mobile,-0.15872801366208492,0.15360633300273407,3.4251994427961194,-0.3644460886071813,0.4115122490774344
center_g25,417f2b,mobile,-0.021133655002186707,0.28441165118527967,2.4162177642181715,0.09997718950555287,0.5489116950156302
center_g25,69b497,poster,0.14088602467811034,0.32867150467491824,1.5965079194590237,0.24062682989772682,0.5840143903160412
center_g25,71bf79,poster,0.15597073753363155,0.21438767431225786,2.505959538050456,0.42129174549344245,0.6175276017547628
center_g25,c65666,poster,0.30290830960896126,0.39391696646216334,1.1991532738074848,0.7362224545525338,0.7419552009528677
center_g25,5ae7ba,poster,0.1641114718920398,0.2723288792123004,1.7422930862581787,0.5520335575752146,0.7192757737809381
center_g25,027990,poster,-0.047859002768465025,0.28322287457707096,2.53386171613496,-0.008572466183685633,0.4794265348575622
center_g25,b346f3,poster,0.24293889171849287,0.340083024854437,1.5460925140157644,0.560916574959058,0.6541130729695852
center_g25,4014f1,web,-0.046126889087127865,0.23443144497941332,2.1240311275392822,-0.18900386034793723,0.46488054585189886
center_g25,d9508a,web,0.48878590240858827,0.35803460185026653,1.3462615982293529,1.3394476539899995,0.7967277697601322
center_g25,54d9cf,poster,0.27022794319639454,0.3360419984161924,1.5350981930685348,0.6535904286935568,0.7301634865337843
center_g25,11482d,desktop,0.16691357772570214,0.29236438379859575,2.4729460407202764,0.7969791367653184,0.6909876886049362
center_g25,e13179,poster,0.18132631895593815,0.3888732520979685,1.5421784668461322,0.35829976844099765,0.5914592830687572
center_g25,c3ce89,web,-0.03122192495028985,0.23076124266286369,2.720205782969463,0.025700906564174876,0.5061709357079343
center_g25,b0a63b,web,0.006932502316779889,0.21834481064493225,2.3912360800006587,-0.04365107014658107,0.47062716168168045
center_g25,7c76a1,web,0.14460248409997223,0.312929158718536,1.7122640783517842,0.48554597604520205,0.6359856601382752
center_g25,c86562,poster,0.2418924716247816,0.337098326503125,1.3130480269228648,0.590227657896234,0.7210046376829824
center_g25,94d7be,web,0.47842930812255036,0.40860901000061217,1.1600028117628003,1.152510420966933,0.7856361021966433
center_g25,142b9c,web,0.08543051213099623,0.264684863105782,1.805959624819108,0.2634922755656128,0.6288472862310832
center_g25,d85242,desktop,0.017489613544268142,0.1752360487816557,2.99172749898528,-0.029909420880729457,0.5419742758242444
center_g25,cb0bf5,web,0.2747718361372807,0.3334329099476221,1.532138681315258,0.7953013118136038,0.730739272286669
center_g25,de1ea9,web,0.18695109804878932,0.321226838183174,1.9641927698411492,0.4465593291208762,0.6137543398079288
center_g25,c00ba0,desktop,0.09993599192246755,0.20320128319499509,2.6073638480847516,0.3944499255507835,0.6109044146478584
center_g25,08d1eb,desktop,0.0710155862377704,0.22657079154865079,2.343686989315726,0.2700343395823086,0.6262053998697523
center_g25,8efd51,desktop,0.06820414024492504,0.16991471969239572,3.57959499201717,0.18712026223382025,0.454365749116754
center_g25,1ed970,desktop,0.15481313955883957,0.24322731098864547,1.8379869951653909,0.43353788767711504,0.6501845469593102
center_g25,325da3,desktop,0.024507572969554373,0.2047845615331982,3.5999981970845623,0.10503749272567495,0.4883658673008721
center_g25,7760b5,desktop,-0.018384446660414736,0.1461624938594696,3.3436989442874903,-0.1758743296438541,0.4929083177339676
center_g25,e332da,mobile,0.09689060603508638,0.23585832184383815,2.240111954278161,0.5801485726943068,0.6973695507400549
center_g25,c2a57a,desktop,0.21375449767944327,0.24890544333653516,1.688413156728045,0.6036995399416775,0.7114764877243736
center_g25,15fd54,mobile,-0.14107443696697008,0.15810885275843076,2.784284018117117,-0.34143791808515817,0.47285325873194756
center_g25,de271c,mobile,0.08832482421801802,0.23707604320361803,2.5148587242050864,0.23135651224487297,0.5649339142412222
center_g25,e43ab5,mobile,-0.0803018278396959,0.17185177971445253,3.514189255631554,-0.37942232889437577,0.4132006155650822
center_g25,00ee0c,poster,0.22790110404944044,0.31310872826750985,1.5436471036170105,,
center_g25,b3c403,mobile,0.00822386883525691,0.2058189720890042,3.6544245868887555,0.019476746382613784,0.3968200594048412
center_g25,91c8f3,mobile,-0.1739930312071184,0.11436116307309804,4.227886911780036,-0.4063241644010111,0.33954232172963655
center_g25,83440d,poster,0.16936659555394287,0.23946024135171573,2.015446780583497,0.6448922942368066,0.6985761760265098
center_g25,22eaed,poster,-0.07669783991727352,0.19138085324018683,3.592474999989043,-0.12624867121697655,0.40655429114175107
center_g25,cfa724,poster,0.23007691160241667,0.38335365948456,1.3484584029821656,0.48203319206192863,0.6382025435396422
center_g25,013aca,poster,0.05977354292493435,0.19037315962343687,2.470925403939829,0.10232419055324936,0.5990335178370548
center_g25,7c4cae,mobile,-0.09548435797905971,0.20317792101878362,3.6256398763171713,-0.21761407411607586,0.4649287737201425
center_g25,317639,mobile,0.2065427514167852,0.38717599405242087,1.318067564565931,0.43817530816840644,0.6914817691527319
center_g25,230d6a,poster,0.05182529414582594,0.22435559117067994,2.235864765096675,0.251297903535099,0.5806524708346084
center_g25,b68951,web,0.15124860078908398,0.26585898798585944,1.9734775656816155,0.4981321794623221,0.6354574196278986
center_g25,5b9261,mobile,-0.12033296589904882,0.13408211553219626,4.600197035056512,-0.3297427661321309,0.3546958009729936
center_g25,55d16d,web,0.23625794546417733,0.26442988700286785,1.9985890964181832,0.9504916478359713,0.7349297272668294
center_g25,a7f467,poster,-0.01084970314014562,0.2536127517642667,3.7361106668009714,0.1922329349958055,0.5457130830309611
center_g25,1408dc,web,0.14260144732174695,0.23591789985336395,1.9525845682617802,0.5948898184555399,0.693413881706039
center_g25,aed588,web,0.006338422102181681,0.1336947702623604,2.804677650244161,-0.0851641595335026,0.5441267395069409
center_g25,343781,poster,0.2302933331557674,0.31606885864710477,2.693277222811571,0.5389012048531975,0.6709135055976286
center_g25,cc25e1,web,0.13345679679706487,0.2543442963922089,2.2021957200048723,0.5438153071085816,0.6673278451506157
center_g25,bdeb92,web,0.2675363036413704,0.26535800233597234,1.8510583791961723,0.9732193594025628,0.7586339715279604
center_g25,3a1d22,web,0.12223200256055064,0.1627670092853444,2.4167007977273958,0.5042441447692937,0.6956288526711678
center_g25,e2f692,web,-0.03192677368755979,0.1784178721671289,2.9153147118553586,-0.023389685147510563,0.504399501359926
center_g25,83b5c8,desktop,0.12265732696813127,0.2482833320574348,2.2193555652932933,0.4054399876322268,0.5839724343963606
center_g25,e471e8,web,0.07664003532880329,0.2661492931716923,1.9782158771925076,0.3171287007606771,0.5810344898480075
center_g25,832f18,desktop,0.2639069090979056,0.28275552907834306,1.9577447385602729,0.9689907672426724,0.7438832400599895
center_g25,3304d5,desktop,0.199062828271303,0.26510086143616846,2.1551941749394876,0.4854350433082408,0.584862872239945
center_g25,38ad0c,desktop,0.4585603144035515,0.330627370486256,1.518221985048903,1.4292341097241852,0.8064511341478884
center_g25,93527f,desktop,0.050648532354867395,0.20361768487397536,2.426567888686267,0.32565662204431906,0.6640100889292185
center_g25,0136d8,desktop,0.26628798280603716,0.2918983466450788,1.9339082243052559,0.7803254142046065,0.6838798770888198
center_g25,2a4b2d,desktop,-0.03667468192153443,0.18730186071577587,2.6731221303896793,0.07564119476640171,0.505300418558988
center_g25,698985,desktop,0.1823206174458755,0.2772083665456902,2.0750101645648638,0.42290328037760955,0.6453691344931691
center_g25,286b3f,desktop,0.026672322519696593,0.17644191055533426,3.171978042292412,0.038481712283788105,0.5440611151734338
center_g25,dd0f11,mobile,0.359502618273453,0.3937604679764817,1.501350126213439,0.7531219713246042,0.6767027895800823
center_g25,3bdf30,mobile,0.542386630569874,0.48976574791172967,0.9014545310820561,1.2822860700827685,0.820835872788027
center_g25,763161,mobile,-0.05906391174212482,0.23292320712401657,3.3849180371415306,-0.10230185917337335,0.47750229645461695
center_g25,2ab326,mobile,0.42048172303334974,0.5042303954673905,1.185796647747242,0.8759643422236987,0.7163182426554191
center_g25,fb692e,mobile,0.07729374075080617,0.3639090339398693,2.4051110939248734,0.16169927187774616,0.5063672299005175
center_g25,aac709,mobile,-0.042922385065540906,0.22005181541707733,3.2683113551497485,-0.049505995403071906,0.4568945184201719
center_g25,6fd016,poster,0.10518746493078893,0.3206937201611081,2.2574870594078926,0.08741716642324147,0.4917630930385175
center_g25,d95bad,poster,0.012178780587376247,0.18652788020854577,2.5525434542943386,0.12750773124269488,0.5294294485581201
center_g25,489252,mobile,0.19578497955357368,0.36796967202609343,2.0395648792333247,0.5281938321187724,0.6115831425239465
center_g25,1de187,poster,0.18896097182717145,0.2968559203343748,1.802491812309233,0.578119927856308,0.64532807592262
center_g25,5bf483,poster,0.10943959309812208,0.21765385899591327,2.123499756937291,0.2935801023153886,0.6366367724933408
center_g25,5bdff0,mobile,-0.16683244819519727,0.10687906684679623,3.8117308757214667,-0.40706588085773465,0.3924400875519306
center_g25,356da5,mobile,0.2428784043465929,0.3560015977561251,2.458332008506671,0.4014493702497438,0.5353424664149193
center_g25,324a81,poster,-0.1052590012459104,0.15076409191008458,2.748797948344171,-0.3293036673015186,0.42655796058559586
center_g25,e85138,poster,0.2742191170931703,0.29243318500702375,1.5536683807560316,0.655074856674442,0.6699227894593324
center_g25,493d3c,poster,0.2017231780867355,0.24953333057896535,2.2512645563282043,0.6278366501978218,0.6215211719543782
center_g25,c6c2cd,web,0.11945958775846907,0.20346106892674692,2.358858392774211,0.36364630058434444,0.6420405294507154
center_g25,b908c7,web,0.19242446322141388,0.2528678205904137,2.1994043657461986,0.529328968912034,0.6550842333881781
center_g25,e73aab,poster,0.2318305700336187,0.2559568911994156,1.8628370091525992,0.9241041633573152,0.78856771895077
center_g25,25265d,web,-0.032920762289384564,0.18823805055406626,2.8669781675940955,-0.0635332792445557,0.5061754271601532
center_g25,d4dac4,web,0.24975558590337535,0.27689492014897915,1.7507277881514045,0.481190232013595,0.6483350869539355
center_g25,28867f,web,-0.15412950362923983,0.13086540765260768,2.955989893561041,-0.4345299173475459,0.38109291213029006
center_g25,0cee4a,poster,-0.007177230106537832,0.2128943971565233,2.4922649131922414,-0.05925215307943995,0.5170541689605036
center_g25,215977,web,0.014003051279722227,0.18543226435807286,2.5660191188686055,0.08919260724159693,0.5417721746935324
center_g25,761c36,web,0.17184490404934621,0.2709639220414609,1.8919276889769918,0.6588900115172067,0.6754351330850319
center_g25,685482,desktop,0.05205614319038088,0.20847206122109171,2.488121568050712,0.2544318915663768,0.5927137288270843
center_g25,1fac04,poster,0.29815247908101183,0.2946845275520675,1.6186762333351634,0.8685224474250308,0.7374517371550022
center_g25,1f192b,web,0.024206556395472808,0.18316813807910992,2.733060109941194,-0.017909338824927682,0.5032803960876046
center_g25,538c08,web,0.20097084588023212,0.20186682195102723,2.326655880435017,0.5656273043045241,0.6614550260224492
center_g25,9952f0,poster,-0.02262922586332832,0.14931795148870902,2.7309140246678583,-0.06138171721975719,0.4929890373554163
center_g25,d0bb76,desktop,0.08656192566003187,0.3210429984534869,3.0210052761046122,0.24378463499829356,0.5426685374154622
center_g25,8daca7,desktop,0.18058204693632776,0.3547396986008949,1.5299650368644038,0.3585328858399704,0.658277736375282
center_g25,51f8bb,desktop,0.0035332339043397825,0.2752220198474109,2.1068228088054815,-0.0005530586505784169,0.5222352063757422
center_g25,4f2d13,desktop,0.13663673736455317,0.29522960777550633,2.4810615047142353,0.3675510874993619,0.6023922173846221
center_g25,b9bf42,desktop,0.34479190530701276,0.29907719960372203,1.4961793919584443,1.1721114886478992,0.8128768536468337
center_g25,d1e7bf,desktop,0.05947796671039992,0.29354571771027427,2.29244550387253,0.15839513638579272,0.5658255019365768
center_g25,02f37c,mobile,0.5787322928854484,0.48137755662322557,0.9029582838408261,1.2708479721415982,0.77893281082455
center_g25,3766a5,desktop,0.06828178927963152,0.2909384533867416,2.1196130079640962,0.23650294383811699,0.5427638067416442
center_g25,286cb0,desktop,0.29817643391921317,0.34833561060022844,1.4864126135452633,0.6831202571529651,0.7013557695643186
center_g25,862bf5,mobile,0.22219001313099682,0.36602821942811414,1.5776115572100777,0.5057018117666888,0.6671416826289411
center_g25,4b3eb7,mobile,0.5395640799215891,0.4491013575235111,1.376854966016461,1.189024053329556,0.7294540121408526
center_g25,4e3225,mobile,-0.11337254312885074,0.19200106681245707,4.005054874222006,-0.26153315254238263,0.35287204269334993
center_g25,ee0caf,mobile,-0.07011131887759292,0.30159907078958065,2.7767733018683316,-0.06521792601392597,0.49146670034688567
center_g25,fe5ed4,mobile,-0.07502405083907857,0.25616889116935765,2.9769857687124808,-0.22025572897653398,0.4375223244902201
center_g25,5ee443,poster,0.06237632375905902,0.3532546914509509,2.04185634550138,0.19620898120925276,0.5434471517039978
center_g25,9fce53,poster,0.1640929572677713,0.3691984986467886,2.5175986309799243,0.29383377888916756,0.5704345717955904
center_g25,dc705a,mobile,-0.12120029033258006,0.17369208541917103,4.045586215127328,-0.32135564553390983,0.3661158099212166
center_g25,d738b4,poster,0.11380863494214258,0.33507033505695316,1.6190703130243562,0.3183140119772332,0.5837526986937546
center_g25,d328b1,poster,0.07377470488757158,0.36478571109513086,1.593199175954508,0.07989687449005993,0.5474063318292317
center_g25,fac314,poster,0.11688917415003154,0.2884558457202931,1.700888744163454,0.3243421775266623,0.6452522292557594
center_g25,ba6d0c,poster,-0.1419529202590275,0.18117408205022106,4.663254848894124,-0.24409538365848893,0.4384433398242746
center_g25,1193c7,mobile,-0.023581504128011865,0.24895905581253713,2.4125364216328853,-0.08586763185118726,0.5432783034328833
center_g25,80126c,web,0.1795282500788856,0.27731748848841986,1.713335537083414,0.46492893150254605,0.6990557270293208
center_g25,2ab8bb,mobile,-0.03324039590640913,0.22392632002063217,2.661223602119719,-0.05814826488844715,0.48674959891980424
center_g25,5d7115,web,0.002248436014366116,0.22463976149604234,2.401459394737763,0.06282973117747696,0.544575066133863
center_g25,a52e34,web,0.2501659133495563,0.29793396605713085,1.5437392379157562,0.6832063382261697,0.7314490223317273
center_g25,fc8a69,web,0.0706934586588231,0.2862114613220965,2.082679897338368,0.30064591796553536,0.5849696787898611
center_g25,170ea3,poster,0.13338226632311057,0.31397746574009805,4.678303239382158,0.24303529432539003,0.473049582264118
center_g25,fe0708,web,0.23963303499198707,0.3005345128697464,1.5822055571946492,0.5565635559623302,0.6937501207994231
center_g25,59cb6e,web,0.17312442017969054,0.31562025915212266,1.6761295813547517,0.35519754272123993,0.6457492096877168
center_g25,6193f8,web,0.06227894652214774,0.2736070389366685,2.247556815365901,0.264052118727912,0.5930260728688704
center_g25,30bf75,desktop,0.45617238961922246,0.3514828667493683,1.4142836312017177,1.590927340405133,0.840860200765789
center_g25,0b2a15,web,0.27621424371474335,0.37312652008531766,1.3409605683353938,0.6269370127185658,0.7011962989161976
center_g25,0e1c44,desktop,0.47023447170467136,0.31595516721585154,1.4771814605378453,1.4864292373262629,0.814679209886871
center_g25,82dca6,desktop,0.2247647543745287,0.2735983069193596,1.9053352106382089,0.6283418847411236,0.6905416809631314
center_g25,a1379e,desktop,0.5122093601332207,0.3672912580191524,1.1652827725072867,1.6796798418472765,0.8858424888770716
center_g25,781596,poster,0.03736301457652917,0.2970099952461019,3.1930831124002466,0.12885932940197162,0.5182779270945543
center_g25,c46c50,desktop,-0.021919047360763593,0.19655523702320124,2.6111572023025946,-0.07160528637452993,0.460878080344245
center_g25,f0acf8,web,0.05714013983396117,0.2194309868885676,2.7306543795908453,0.2722433387904121,0.5922682936107274
center_g25,c58003,desktop,0.0018976286513372504,0.19201666924723704,2.594493883324749,0.2367449245455889,0.6055053468011276
center_g25,163ce0,desktop,0.3459476518264766,0.23483752609274966,2.0028357784315887,1.297649860708168,0.7626395634174152
center_g25,8ef737,desktop,-0.023855989654179725,0.07108364232614964,3.382605052081554,-0.08435126365279833,0.5925590241610595
center_g25,fd0093,desktop,0.14780412976859236,0.2306897346704623,2.086943103479965,0.4394189802088979,0.6771347101919112
center_g25,0a588b,mobile,-0.032408981564100894,0.26772327997260237,2.3719494275022885,-0.1014004014323572,0.5070474629672643
center_g25,2d170d,mobile,0.5990600887552255,0.4821680028971289,0.900463087544856,1.2856753716877776,0.8012530252037556
center_g25,472a87,mobile,0.07665385889017934,0.22685397672199792,2.1903176205113954,0.236732848784656,0.6484254931088659
center_g25,44efc4,mobile,-0.1392301479923866,0.11352565930593411,4.411396451532457,-0.3947359812667539,0.37604158239930535
center_g25,8f38c9,mobile,-0.17079210444973392,0.12065691100376238,3.7073597642715743,-0.31189806511875745,0.39995128491305865
center_g25,fd7302,poster,0.15943155259610559,0.25838905503621046,2.05643894860991,0.6308676124619104,0.6732102880714047
center_g25,755429,mobile,0.1370751121103225,0.29655829829714675,2.0265201453623067,0.44857148721829493,0.6781844722274281
center_g25,c6e9bb,mobile,0.3554397288191986,0.3397678344583435,1.6359818784914,1.0711990789445491,0.7250552212940614
center_g25,f8ecb9,mobile,-0.07614344244211732,0.17675455569374574,2.82352646506155,-0.1985290411029446,0.4809860556813487
center_g25,576a9f,poster,0.246888925447177,0.24292280430749547,1.6845376629924922,0.7276723308042105,0.7393669279322501
center_g25,ec53c3,poster,-0.13863460046432094,0.13242228076591794,3.149943061300031,-0.4168278547406744,0.39750574851374226
center_g25,cfade5,poster,0.33228367008837095,0.41168437787398876,1.307138269567665,0.7541600251773376,0.6846523293617061
center_g25,fff715,poster,0.11599144915765214,0.2299778964498838,2.128176945055955,0.25390701908861363,0.5721036100844773
center_g25,4f357d,poster,0.1891090174390495,0.25652163185262034,2.2839297261053035,0.5982583128506612,0.654441169823353
center_g25,a0d2e5,poster,-0.07223251029281041,0.18535268691029855,3.204286033335613,-0.2850449245794673,0.4162610117438642
center_g25,ea0f94,poster,0.3340695186728907,0.44219359344837894,1.9494954613820112,0.675990703840003,0.6453904969626797
center_g25,719c30,poster,0.22661418378464965,0.32354238057052054,1.4971277449868037,0.4134194365177398,0.6795209541173266
center_g25,949fd0,web,0.30471075711329065,0.252926060501808,1.7413854119512693,1.235322636920248,0.8256591034098775
center_g25,fe430b,mobile,0.28947723856042296,0.3298980589100021,1.9925896557658487,0.5571071756148227,0.6162290738885828
center_g25,366c6f,poster,0.21244717527042084,0.28368859345150715,1.6318021366084607,0.6895378555415035,0.7612128066731688
center_g25,dde134,web,0.020820232912000698,0.1260414271343061,3.156807688039752,-0.055446241034507494,0.5197912416405018
center_g25,ff6a33,web,0.24340367217266187,0.2669100662093758,1.6606165279696747,0.6123879800794685,0.7287552595370059
center_g25,eb1040,web,0.0044857047803711515,0.23041435004835228,2.0779850871584213,0.006326360800731817,0.5008487362331724
center_g25,5009b5,web,0.20814530843033752,0.1695746554444244,2.4494053169695156,0.7133552635241346,0.6908998901766544
center_g25,c83c32,web,0.03378283930665788,0.1461616461326076,2.4964881801211627,0.0037341192731273455,0.5540748748384248
center_g25,e711e6,desktop,0.15763797798791435,0.2660379515761323,2.243681170618006,0.41490704105408144,0.6174821840907587
center_g25,ab87f5,web,0.12504491252071046,0.17374187656839624,2.4155214722331584,0.6660014863442393,0.7468905187607511
center_g25,574bac,web,-0.10807119967739043,0.10578771504525626,3.0630364790650786,-0.2839247829093978,0.48269534398336517
center_g25,0db596,desktop,0.2327895101149195,0.2607871789374595,1.9318940427490707,1.1819714367127443,0.8374946369604929
center_g25,e9ec93,desktop,-0.07673426929507872,0.10605067830669193,3.1924732828488724,-0.34450534741543715,0.42673772082816974
center_g25,36602c,desktop,0.1964607616450084,0.25459585798496287,1.9262404388773677,0.735025528951161,0.7180191330306501
center_g25,02a592,web,0.09615923639865871,0.2476634004705099,2.215023633078362,0.3666646074785302,0.6611067166065322
center_g25,18177f,desktop,0.48893493205991634,0.40338358427209015,1.154777824832208,1.3407192853907617,0.8096246112105862
center_g25,92c389,desktop,0.26293063474464745,0.27973184665053785,2.185607573632536,0.6657856393709357,0.6385898201603755
center_g25,f50ab7,desktop,0.40612487122183727,0.2788457833330758,1.6240556359612557,1.5242058091379336,0.833026669302284
center_g25,3bc419,desktop,0.1076803584259198,0.2671697666320775,2.805364073069976,0.3282474541593737,0.5733755715793725
center_g25,9dd93b,desktop,-0.05774819469530743,0.14009500763643923,2.9735995404032254,-0.11316532026266697,0.5461384628468366
center_g25,217ab4,mobile,0.1790523650594188,0.40035029712401726,1.9246716026266597,0.4646226543506368,0.6457241618582955
center_g25,586b04,desktop,-0.06113953563493744,0.19453738366785162,2.3828400932263603,-0.20020961735817497,0.45288604504995683
center_g25,d1da7d,mobile,-0.0697353738450304,0.155856778777387,2.4305136557829754,-0.20376170987933157,0.5522040884363317
center_g25,423c3e,poster,0.45847577714939614,0.39536394493840776,1.1213894243756293,1.1749584880716575,0.7960263012254086
center_g25,5300d8,mobile,-0.08821701965673304,0.18535379387384468,2.9700171863168694,-0.18794420326175937,0.5050441828336969
center_g25,5dd542,poster,0.27769598981682486,0.2780150252470029,1.8336117253181905,0.6502935317597539,0.6519482799090169
center_g25,37446a,mobile,0.12572755050530915,0.3210744865073808,2.6175748542095056,0.23089031168624016,0.5011583241869674
center_g25,62f428,mobile,-0.14532314807993296,0.1827187677715412,3.238895356273616,-0.2931080340057628,0.4413873201105857
center_g25,55ce87,mobile,0.45667191912508964,0.4473523873707089,0.9925722095480388,1.0444426822579465,0.7941092848628017
center_g25,804d56,mobile,-0.13505416130600642,0.162446760530086,3.2494618754609514,-0.3340041036520258,0.4332014990116425
center_g25,edcc83,poster,0.11386651717123247,0.2752728939357474,2.235990779576361,0.5007124961701889,0.66138059368321
center_g25,ceea7c,poster,0.42206786479373776,0.41144199365668443,1.0772642938949442,0.9175103274304746,0.7396819815200175
center_g25,299635,poster,0.1110912696846092,0.3372433510499919,1.7266300438174165,0.1849089687855668,0.5703687806976271
center_g25,809460,poster,0.2754276319162246,0.29864538934684265,1.608699197427224,0.8389522971699024,0.7668752694217197
center_g25,63508a,web,0.3051318205407671,0.34903540896974533,1.3482455643728286,0.6609323264145196,0.6926986563069557
center_g25,6628d7,mobile,-0.17584098048053498,0.2074690546595951,3.3684261870606846,-0.2236255795370822,0.45367420894510224
center_g25,8b41ed,mobile,-0.042064930858057015,0.2678443887598069,2.8594644844737247,0.00293048651948244,0.5123860891345775
center_g25,14e331,web,0.04149017934467834,0.21168164323721397,2.213350356219689,0.21561899626872424,0.5707757143205054
center_g25,eabfe2,web,0.42426286395482693,0.35230099237110524,1.25904891600597,1.2420140454185982,0.822787182504003
center_g25,b66ff3,web,0.08788821187045784,0.23076776601747528,2.126876872666247,0.30893953643753447,0.6075621628918549
center_g25,f2e048,web,0.19098572434217714,0.24397181072782387,1.8463517929760758,0.4204362568210452,0.6418516716117317
center_g25,e9a4e4,web,0.4107177980761615,0.35969716301538635,1.4031696417247719,0.9243787917303686,0.7206895687997762
center_g25,51f811,web,0.09728883648898394,0.28673438833634973,1.7467022407000372,0.13027376941663427,0.5568764374149483
center_g25,d4ab0e,web,0.06430708604958005,0.18856296598813843,2.437801633005399,0.2503735795910317,0.642295158435839
center_g25,3fdde1,web,0.30379290293153594,0.28694377466604776,1.6390713193772783,0.8394391838432596,0.7272674582263066
center_g25,4f9082,desktop,-0.017129809521776194,0.13619464945081952,3.3237702571158305,-0.05389142543781331,0.5645228227786864
center_g25,2a8ea5,desktop,0.1277186001548888,0.3231122859149469,1.7953979885946436,0.3401431848987384,0.6130136963368316
center_g25,35c062,desktop,0.4560662043783821,0.31381686207278126,1.625461101015397,1.5150937883982394,0.8001885471853332
center_g25,3f177a,desktop,0.4955417107015587,0.3432776259742581,1.3678606079231201,1.4417357375731839,0.8258105486595232
center_g25,229d89,desktop,0.06687202679338086,0.18959151354243595,2.5138264771815306,0.28948809089224736,0.6265545195156332
center_g25,a25cde,desktop,0.15510566610241713,0.2619551876928677,2.5797550636914592,0.28880386642599937,0.576069977978871
center_g25,e7be99,desktop,0.11654169245248164,0.27474202042328577,2.119584562112388,0.2507224678881321,0.5741802887172551
center_g25,d60e75,desktop,-0.024130816040464353,0.23274880714004592,2.424093083954409,0.1283255597302949,0.5633203153173559
center_g25,3664a3,mobile,-0.16849652432975004,0.16977061471471844,3.4477037580965035,-0.3648030732079011,0.42718244129625876
center_g25,647100,poster,-0.03446365072665354,0.19862315075913384,2.504193432196492,-0.07199048072864445,0.48480885529377127
center_g25,8a530f,mobile,-0.11881136237078614,0.1901589021383734,2.9842557543637795,-0.1874901667865672,0.4845271778656679
center_g25,853933,desktop,0.14093683515766858,0.2575733193856941,2.074577179323298,0.34080134665939055,0.6371450422928134
center_g25,a2744a,poster,0.09113764165741094,0.21583891048435608,2.081965693830387,0.17277113737177158,0.5600657590931579
center_g25,08d885,mobile,0.007472950429075942,0.20628455587169064,2.584886012946409,0.1410354913532547,0.556360550000347
center_g25,529401,mobile,-0.1420015084222137,0.18560695838483454,3.1870104134809125,-0.3269380033871176,0.4288105632759788
center_g25,1f0773,mobile,-0.05806051142585962,0.20764418205446838,3.0385589960617807,-0.24066716698975935,0.4356895953965646
center_g25,274fcc,poster,-0.035609571223855094,0.2626094338706139,4.07881252822518,-0.07231178101950511,0.45550717616836434
center_g25,94b1bc,mobile,-0.024193553055017112,0.235962336500091,3.0327297344128312,-0.08672125207703053,0.4683454271381386
center_g25,8e8767,poster,0.27906397223943646,0.3962051066310288,1.2378633346305745,0.6014303219704233,0.716973591541319
center_g25,9b3421,poster,-0.024493399244607625,0.23866557225576207,2.0674919247042722,-0.04945160625933568,0.4999904760201983
center_g25,848e55,poster,-0.05444675746248287,0.25481887324188535,2.0516204832662748,-0.11461257400174485,0.5288912709600367
center_g25,33fdee,poster,0.12875844792125632,0.3281480250317422,1.6843157986687778,0.13338436547685315,0.6512085678538084
center_g25,cdbd16,poster,0.14890313120008486,0.2826631962979451,1.9498459571353441,0.32457405611569123,0.6035402758401612
center_g25,3578cd,mobile,-0.15007793873721467,0.08770607209736639,4.074439513221183,-0.5746040022266375,0.30929878669510585
center_g25,9c07ef,mobile,0.07731022392131835,0.2609121895190252,1.965088598074913,0.12281570743368884,0.6020781315528723
center_g25,dd0d82,poster,0.015871129457183497,0.14750867129826156,4.515337292066988,0.012517439084210978,0.4310863609959514
center_g25,f14f17,poster,0.3196508327321228,0.2828397339090247,1.8270871563554554,0.8808811790463263,0.6792836356533022
center_g25,5e2ff9,mobile,-0.16565604988751892,0.13542153099926973,4.615744183071997,-0.3302015676326032,0.3424258783816479
center_g25,a18b8d,poster,0.1326457633020297,0.2517704712449305,2.0779153329135336,0.28579038430925857,0.605800496196284
center_g25,2c9ce5,web,0.3276044912111683,0.25153218384974374,1.87512219185931,1.2856615216924336,0.8092391265265791
center_g25,83575e,web,0.23295027850768485,0.2932006768791984,1.8715115119192929,0.6358891366623904,0.679303031991775
center_g25,d8cbc3,web,0.2901727695463152,0.2995098135853096,1.6246579981932294,0.9820153980658448,0.7531805961130756
center_g25,8fd96b,web,0.3292095887567349,0.329000723972749,1.535777276643437,1.0041780440641195,0.7662888924152147
center_g25,c7cfb6,poster,0.005755202175030456,0.2221836754641711,2.1955992613209387,0.028120299860338472,0.5186164179657832
center_g25,c0422a,web,0.32264070382226845,0.3088393166212929,1.5698041447855542,0.8848486720527291,0.7100696098895498
center_g25,182715,desktop,0.4819496051691715,0.3337858328998017,1.5658431962124477,1.568917068150661,0.8091238824105438
center_g25,52a3d2,web,0.24791752358153607,0.28939377812118566,1.5944447480727597,0.5633574087358811,0.7162823037074663
center_g25,28a531,web,0.2694502946878532,0.2900248605311076,1.7926856182432578,0.9859465652554645,0.7681008721441895
center_g25,faa31c,desktop,0.06097491085369326,0.18288525053409227,2.6203282793153,0.2993785632698783,0.6214917821395765
center_g25,ba9073,web,0.03398057800800551,0.15737702640743856,2.5890981419396413,0.04620670519302213,0.5651931680129725
center_g25,aac976,desktop,-0.013439560697094476,0.17974619721574037,2.7191564415316805,0.014135564991545741,0.6052229939149196
center_g25,cd6b02,desktop,0.4208594059359092,0.32635530654550216,1.5728995072112202,1.1074438455883862,0.7322100872185471
center_g25,1411d0,desktop,0.41831599201105074,0.3098544462309407,1.6637755417640783,1.5214808672879006,0.8320885924848984
center_g25,38a100,web,0.34849665001116215,0.36318259711600265,1.3797211971099932,0.7951813259498555,0.7353319823865537
center_g25,49046b,desktop,0.4639904959235054,0.32354694562275665,1.3647107085078913,1.6366223879941233,0.8580250886260586
center_g25,bef09c,desktop,0.44461840030068506,0.3742944999893587,1.3457901145701672,1.2533176366946628,0.779084623680051
center_g25,37123f,desktop,0.1716157412842872,0.20345265485177966,2.20859919041961,0.7563809815909923,0.7456804169501169
center_g25,ba648d,desktop,-0.05041053361840103,0.14737895352435368,3.485438814499579,-0.11557402025946024,0.5012623071076977
center_g25,f4ff84,mobile,-0.1701874797681538,0.11928526892296124,3.643431502852487,-0.4347845093938393,0.4000052338181817
center_g25,51f12a,mobile,-0.17445401275730332,0.1226075161494706,3.670761193599023,-0.3573446159047808,0.41665031497348104
center_g25,0c5a84,mobile,-0.06617103119428253,0.24174325770317462,3.0509061858526234,0.04273217056917348,0.4847585937371336
center_g25,fd4c35,mobile,0.027844369695495086,0.24364442356404645,3.7775444030459266,-0.1061654955201164,0.3482960435093904
center_g25,bb3926,poster,0.4236669134558039,0.46178862079644223,0.9243556781427407,0.7091585063646363,0.7262853289807033
center_g25,34a3b6,mobile,-0.08659284935295684,0.19814965988997035,3.5979057168416784,-0.30274327551839514,0.3906025272389806
center_g25,14a621,mobile,-0.05043629253076663,0.14528458945584583,3.5618689326045088,-0.2524513558673649,0.44684088710944003
center_g25,87b0c1,mobile,-0.1021329865123985,0.1834359473539477,2.8721974879172127,-0.2546451992267017,0.48960628601403605
center_g25,3ec6d5,poster,0.07656330329890502,0.20447045523952895,2.290984885144433,0.33880395236273103,0.5991722266671189
center_g25,13a206,mobile,0.3406892487777447,0.33273718161849053,1.3081234949572371,0.8631980630505478,0.7780100533082901
center_g25,ce5b5c,poster,0.32491185793504335,0.457571006865363,3.1727310274052507,0.5396437473812286,0.5787905915214342
center_g25,ca623d,poster,0.31210162667990443,0.29144923011543417,1.5610244526544421,0.8390721422408343,0.7463384022634754
center_g25,a19d22,web,-0.045196138454486584,0.2179545758265279,2.138063629555574,-0.19634520517380774,0.4710755262091264
center_g25,756eac,mobile,0.43922040665262513,0.3414325473002224,1.5478072923180497,1.0058627228912964,0.7017953419963289
center_g25,b3b208,poster,0.16162278429475818,0.3014271561819121,1.7260589194017641,0.45778477746906304,0.6451092339672089
center_g25,ab32c7,poster,0.6216039373693556,0.4409799888934963,0.9442846889373011,1.8686914128906036,0.9013687452642097
center_g25,1356d2,poster,-0.014419762107741076,0.2627923893778577,2.545062759549022,-0.0028568590663195204,0.4912066470695483
center_g25,42c4ea,web,0.01602800165844675,0.2484573863167516,2.733095000494671,0.1438268210672745,0.5231180665148872
center_g25,20eedb,web,0.0010220448214888465,0.21122880520034712,2.1854407001642064,-0.10421647098072408,0.48454438415308765
center_g25,92510f,web,0.22204566873690604,0.2548674724198309,1.9243057444696154,0.8654943170358693,0.713803308584617
center_g25,8d98e4,web,0.37421507096926726,0.3436900347013748,1.4807027608693644,0.8879140574429103,0.7386192413791413
center_g25,d34e08,web,0.3434660100253133,0.3243589189788478,1.4762836252953984,0.782580051359595,0.7183430054366033
center_g25,0a22ef,web,0.12879950385038136,0.26707401180074947,1.8269014636976726,0.299704925908905,0.6083331504359415
center_g25,f3411a,web,0.10290806802040582,0.22849326185661262,2.123140021094397,0.39043197610084845,0.6588002367333736
center_g25,1a3e47,desktop,0.4642991585950996,0.3464512686280233,1.358701961317832,1.5691739717704536,0.8473889622070802
center_g25,6428b2,web,0.1287136505898169,0.18876439059984834,2.8006323208877713,0.4368535576487153,0.578652138532886
center_g25,fcb925,desktop,0.46294433499295423,0.33511100329641075,1.3158521601393796,1.5491541542688183,0.8407612176938641
center_g25,9e6898,desktop,-0.02158322344354026,0.18413187995100905,3.95921200227457,0.08858361477933505,0.5054509542513554
center_g25,669937,desktop,0.5041584721121195,0.336380495089572,1.2640689908974774,1.446334550322514,0.8257439550289921
center_g25,520b4a,poster,-0.1557266945248617,0.15990837992513296,5.664386461704038,-0.27636235361176237,0.43332341368469385
center_g25,037d19,desktop,-0.01258363338734538,0.17584126273282158,3.008757961850227,-0.026036937736794562,0.5389476472409532
center_g25,f21c0c,desktop,0.08417759033839267,0.2597847099629925,2.2318263051671505,0.19676754849497471,0.5339894153092137
center_g25,592d83,desktop,0.442014133798979,0.3572536494664308,1.3287957483441053,1.2790198231249343,0.790132526052577
center_g25,834258,desktop,0.23265757357949143,0.25222321904808276,1.8445405177160838,0.7207320438528676,0.7110788274547563
center_g25,111cd2,desktop,0.19604580565470492,0.23727825364193095,2.0265848854932536,0.6551704931016407,0.6817610083628168
center_g25,af0d52,mobile,0.005140395107544257,0.28273585602370327,3.31085505018553,0.08351097168107319,0.4414302544692473
center_g25,658f2d,mobile,-0.14092577108447427,0.12341281380569248,4.184148188794514,-0.35595289860664253,0.3638395013207323
center_g25,0be8eb,mobile,-0.08592710370823656,0.23409674626903929,2.940296078661805,-0.2104128127823321,0.4528221627738618
center_g25,ebe076,mobile,-0.03007930426334403,0.25498107983694973,3.2252697432786266,0.032453070313273324,0.48378015075781383
center_g25,16a5c4,mobile,-0.07585607695703761,0.2617097313261291,3.253821078146632,-0.029357641571273907,0.4403164695434555
center_g25,c62001,poster,0.09726118052262664,0.2997391921287038,1.6987304201455224,0.09614567049773018,0.5347123727006218
center_g25,2ad4e3,poster,-0.17597251732811744,0.15086315219533192,3.673984719525401,-0.3559365999751703,0.34571340661829214
center_g25,28d46f,poster,0.14943036820068223,0.30258262680756276,1.5752510888873237,0.30835670117325953,0.6007697551412968
center_g25,b264ce,mobile,-0.17566917229371048,0.13983531112177042,4.23550431358496,-0.5050186085494756,0.3028971316993507
center_g25,94e7b4,mobile,0.04005688311526892,0.3180339914939412,2.927601333750082,0.30546529946260087,0.5400257013287368
center_g25,018c0a,poster,0.278086280228238,0.2891041656441237,1.636181143701632,0.7632868006614506,0.7098915937988394
center_g25,3a2d21,mobile,-0.05967095780045484,0.23651808544271535,3.5374305133359956,-0.30152859828495376,0.35446058251868706
center_g25,510db4,poster,-0.14121975091340622,0.08526109812587779,8.687844510184561,-0.4757163181289122,0.23535336250400074
center_g25,60b012,mobile,0.09056783006442379,0.3040386736715912,2.346963150159372,0.1715231483828262,0.509079766356924
center_g25,2ad31e,poster,0.1398681675692473,0.2418617837717263,1.8457177207440925,0.3982894508386963,0.6544089380344883
center_g25,348c74,web,0.08843118703811226,0.2445481877703491,2.000458319125229,0.26230339004477776,0.5933610255824384
center_g25,1ba5bc,web,0.004221770927512268,0.1890333649803409,2.5060396671842318,-0.0012429460944561872,0.5115927576206244
center_g25,0939f7,poster,0.15817931615331626,0.2617524037559199,2.2253522975920075,0.43763000177454947,0.621708136596263
center_g25,96c596,web,0.2984331980418047,0.24813706932068796,1.7480652726218693,1.0712351484705398,0.7867665100976794
center_g25,1102e9,poster,0.26545084831658805,0.32329279827154456,2.1714827553081384,0.67295891884478,0.6416269834867457
center_g25,af1e2d,web,-0.00927101166259841,0.21311563225530095,2.3333496180531705,0.17503236093994903,0.5724250030031187
center_g25,60593d,web,0.38343734974050225,0.38308710181407957,1.136923493188743,0.7897442126889221,0.7253276026115265
center_g25,d88d22,web,0.11252765529970843,0.36037861139919286,1.4621499059520766,0.2974049905054518,0.5858208512866263
center_g25,b0afe4,poster,0.06464217467383573,0.20489274762305426,2.047929529004834,0.15716662869011752,0.6139457913630502
center_g25,ad5e9d,web,0.3054840406554034,0.3162124307237392,1.524604634643758,0.751541002641897,0.6918815595132599
center_g25,9da4ef,poster,0.13792074799295007,0.33569380895292295,1.6806208043950948,0.3736532481907364,0.6626090588535608
center_g25,972cc2,desktop,0.058722408847848725,0.2557350034089347,1.8993816207323388,0.12075004282851329,0.5627010577686024
center_g25,cb662e,web,-0.011084268120544579,0.146012371115855,3.219376495178141,-0.16782047394590144,0.4362056343301087
center_g25,51e1ce,desktop,0.12497442085983701,0.24753834224990617,2.1781723373045776,0.47462684479488615,0.6636396933635882
center_g25,256ef1,desktop,0.35967120921097606,0.30694859933056645,1.6381948531351342,0.9237386040557384,0.7199715044410492
center_g25,3a8c09,desktop,0.630910215329179,0.43569427239153763,1.0689857469477386,1.773123969791316,0.853168696600835
center_g25,88927a,desktop,0.4103508213371087,0.41491247872568493,1.1632524320546935,1.0665374523473359,0.784423119489251
center_g25,fd129e,web,0.19669916554081668,0.24953713387128582,1.919941502732168,0.6623074789229069,0.7084141509209178
center_g25,210e46,desktop,0.1018823295830058,0.28370499879183925,2.077167303828587,0.4151065253276764,0.6751621377793802
center_g25,4cdee3,desktop,0.06982946249275647,0.2190741052023278,2.819608693668351,0.1805857604434442,0.5513688589539437
center_g25,8160e7,desktop,0.46021643199853757,0.35904332512744647,1.198474014580967,1.2488627704463515,0.8154132461290603
center_g25,da36d4,mobile,-0.04879936834348064,0.22127557870632555,3.339163601647592,-0.03162213409394141,0.4687527472011495
center_g25,42962f,desktop,-0.030447998409642008,0.22008555765214266,3.231461320872383,-0.016263195006725652,0.5384980500442166
center_g25,9ec0f6,mobile,-0.052811279589377313,0.24889249402464264,3.536357748395496,-0.04571593200766764,0.4531830088614812
center_g25,69ba30,mobile,-0.046704819199083675,0.28198857010488687,3.4492911824992074,0.07852441951173271,0.4656939364530082
center_g25,52658e,mobile,0.30206857330546477,0.3512170180269914,1.3136328766323455,0.6970432369676294,0.725646673840293
center_g25,b32f2b,mobile,0.4372296976932759,0.4377450790795845,1.058226644263207,0.9468451266931527,0.7494059369360189
center_g25,2d23e1,poster,0.43324523311248236,0.4040291643182542,1.193864126134412,0.8864331652344289,0.7196290132886713
center_g25,c08f50,poster,0.33050668765388813,0.3708775713290752,1.2308279477691288,0.7083235844029595,0.7066864382118558
center_g25,7ee34f,mobile,0.07763191778390408,0.316227924723338,1.9972681910652972,0.3014503961490821,0.6040877713840203
center_g25,964429,mobile,0.10084684102092364,0.37224823907713245,2.240885820913559,0.1635975054643675,0.5190884477691113
center_g25,6c392e,mobile,0.24480624547622792,0.3771729383382706,1.3005652792395674,0.557972115324185,0.7034492228024868
center_g25,906624,mobile,0.08472438843071266,0.2796128142954081,1.9560299975115238,0.3033501770053386,0.6406473610660055
center_g25,2089d4,poster,0.19734114420280163,0.28447267457523095,1.8138292173554413,0.6906851779603159,0.7172933350686749
center_g25,93016d,poster,0.494479336361104,0.41819941181631304,1.016877802655967,1.0985466457656314,0.7686345603357072
center_g25,fec2d4,web,0.08266182316978901,0.30362224854203923,2.2323358176794477,0.3377499010459517,0.6062847371510787
center_g25,a4eeef,web,0.3522592345288129,0.37157270239498064,1.44015455699263,0.8697593481966208,0.7263982502592741
center_g25,6a7b1c,poster,0.27105799011559045,0.4216409822106312,1.2895684642208936,0.5703192589565744,0.6607070437417674
center_g25,b11c7a,web,0.408693427608264,0.4382196148435754,1.171513804626946,0.9425381196860158,0.7585952812790114
center_g25,98ae63,poster,0.22746935831651083,0.3551677199164801,1.2925330500226546,0.5705276021588148,0.7400322744910366
center_g25,68d170,poster,0.14844060955688182,0.2796447512191196,2.1152852127883413,0.32628436897972485,0.6316648737057371
center_g25,8869c8,poster,-0.03740758367680545,0.22765850578788072,3.3720081861601963,-0.11303981440947287,0.4167476458965734
center_g25,689a18,web,0.015664026042690658,0.2197496242700267,2.252315064481639,0.029567392635100845,0.5607497897718143
center_g25,d0e249,web,0.2653352657424233,0.30972868260233055,1.7951330553958857,0.7846037005520428,0.709415671804897
center_g25,9609c8,web,0.2080549187583775,0.33187990133843115,1.687550216881956,0.5998856330672889,0.693173434577793
center_g25,65b50e,web,0.12647034347871422,0.28969865349348556,1.8971634817752618,0.30518595555887323,0.5992354512770076
center_g25,5c0bcf,desktop,0.15847543273747144,0.35893324649259273,1.778196023666403,0.39318006456604976,0.6296616315995462
center_g25,f717f5,desktop,0.09139856724267781,0.21804440413298543,2.3529756388648,0.19645522867838708,0.67699338963216
center_g25,6e2c8e,desktop,0.26937548932358707,0.2501223047877593,1.9221346220093944,0.6861300826881229,0.6751017954854035
center_g25,95b24c,desktop,0.4195656237706088,0.35169819300687005,1.3985005043987166,1.1712064289184336,0.7852249509624795
center_g25,567366,web,0.12357028612095527,0.2735660645153149,2.4713667965601265,0.4298996716553348,0.6055398883815521
center_g25,4a784d,poster,0.18566604675233236,0.4529302022207055,2.2702498292392796,0.2945134597548693,0.5537261202345525
center_g25,ffad21,desktop,0.11679034881501413,0.2383374959695305,2.4448324764721696,0.3935045541164415,0.6295853239978009
center_g25,fdda92,desktop,0.035190590647474,0.20595491216636388,2.8637143292598863,0.10569468387729777,0.5472641773173332
center_g25,709b8f,desktop,-0.03705698037209225,0.1795844184165879,2.7737374342972845,-0.2670616437447007,0.4028507329867467
center_g25,035da4,mobile,-0.20153710839126493,0.13427625618514077,3.431033492348994,-0.3930981110295567,0.4247095448910023
center_g25,3c9088,desktop,0.4426455667879694,0.3341911656957032,1.5178899149622456,1.2990976007392983,0.7984199698673691
center_g25,cdeba6,desktop,0.29697297169681547,0.3635308713826534,1.4792195660484024,0.7096315523911885,0.7291747545360059
center_g25,91d919,mobile,-0.14480167222303644,0.17378702850050323,3.981462350513265,-0.16632845897019283,0.39398740191552684
center_g25,7ac1c6,web,0.25784986110447783,0.31664057565846015,1.6924344444401158,0.5191574121685549,0.6502369271038737
center_g25,2cf681,mobile,-0.05353725536652276,0.19505767419722536,4.103384772551901,0.0909036182908008,0.43981629874861816
center_g25,579621,mobile,0.42477066630932625,0.36318621124443334,1.3389549886885104,1.0375764773156861,0.7519736295416025
center_g25,b83a7a,mobile,-0.1530498301353669,0.1958043739400362,4.125395779268156,-0.42664516991404666,0.36337668562529035
center_g25,59b238,mobile,0.2596752106589283,0.3696729552321484,1.5762413115729395,0.47891029846471234,0.6356364042280073
center_g25,2a3bf3,mobile,-0.23611053046477132,0.15017316824061266,3.6383202660364233,-0.18359375100064582,0.4222813243492031
center_g25,a7aa57,poster,0.10657466097981555,0.2645161517854295,2.9924659112209278,0.6914933851080777,0.6419833324626736
center_g25,6f401f,mobile,0.0679892809729306,0.2887354407482471,1.8629638094360288,0.2343478325270628,0.6297532943998383
center_g25,75c4ec,poster,0.19655068135435522,0.2837047978629012,1.9993132586238158,0.656151934916072,0.6449276635525196
center_g25,42826d,poster,0.38569961458398927,0.42523714018489533,1.3325132340382226,0.6830919072787403,0.690878788433121
center_g25,a7c035,poster,0.09364812323040149,0.3001053165249241,1.6510835560511592,0.13543900311781862,0.5924879520067623
center_g25,81f2f3,mobile,0.126012495000492,0.2894220892949965,2.5187506603593515,0.34632029635534983,0.5547649392187348
center_g25,90271a,poster,0.2768019117057612,0.25187949036022894,1.8406003356195968,0.7253825688392547,0.6560824086005653
center_g25,6b173a,poster,0.28931708973129877,0.32744881844756596,1.6089311719848696,0.9161216931830047,0.7650110175237658
center_g25,7786e5,poster,0.029026561212357256,0.23422453702377488,3.092324575570231,0.12831388373759348,0.5295075153387696
center_g25,2298de,poster,0.18182513607923334,0.351258010865214,1.417445148449234,0.5891261672080179,0.7286121797752744
center_g25,d09395,poster,0.42897131223249085,0.4573173426485121,1.128695514309707,0.9542707629462596,0.7261139107832841
center_g25,3f1f0d,web,0.18269011135159763,0.24133904585889282,1.9411287037717302,0.5169396688026362,0.6488109331246191
center_g25,c36099,web,0.22491267071036022,0.2964672636068286,1.9325449141887971,0.32516819577511147,0.58669048053795
center_g25,070781,web,0.41431361793873156,0.31061132620397325,1.419993875855031,1.2802323026713032,0.8196213528306415
center_g25,d33aa2,web,0.2117406763374475,0.3022911247065312,1.8129131912023655,0.5631798432536307,0.6607010815281622
center_g25,e9cc4c,desktop,0.16310703447353897,0.27154012615469003,2.175537655262326,0.45306846785158006,0.6004979230545164
center_g25,94dc20,desktop,0.06477533592026768,0.28058181950863337,1.9797933704109707,0.24036690167882044,0.598552547244578
center_g25,97cc00,web,0.3761288311554463,0.3088957997022207,1.5266303804613495,1.281395190107523,0.8147215068469089
center_g25,d7346d,web,-0.009327846007744008,0.17160020102756074,2.709364834803478,-0.03657347554911245,0.5485846828279917
center_g25,10579e,desktop,0.2749202056120725,0.31553541057021744,1.7270044571869334,0.7048955409184594,0.686581033713106
center_g25,3ec21e,desktop,0.15996583305660544,0.27918245319953955,1.6010655396339255,0.43165315456896325,0.6928522929952668
center_g25,a44943,web,0.15108196984788755,0.23609983622851768,2.1262885260283095,0.5063406389791067,0.6458400259204513
center_g25,11412e,desktop,0.1893483324483599,0.27727864933490654,2.374403855678209,0.468846708875498,0.6057070028683545
center_g25,87475d,web,0.09199443843420649,0.2552110988657381,2.0330503018187662,0.25607688507943854,0.5855228286048865
center_g25,290bcd,desktop,0.38159918039082535,0.3378758066697021,1.5049984267006162,1.1134996127994385,0.7795352991908445
center_g25,7f6f8f,desktop,0.050503540793347054,0.2260471764640459,3.706065038456836,0.356018235822612,0.5437604420162975
center_g25,f8d172,mobile,0.13356227370680984,0.33330523127884837,1.7613476580531648,0.2666496120925035,0.6253911516208811
center_g25,76822c,desktop,0.08732971843198142,0.21740991006248483,2.3071930420106215,0.3324419556892367,0.5985123459160231
center_g25,884333,mobile,0.5208752027494554,0.4059946499815791,1.3204825913001195,1.2279929618276684,0.7514525807233327
center_g25,c7db2d,desktop,0.49330671656025715,0.41233996420029406,1.0773753364913632,1.2637961123767458,0.816986491809593
center_g25,b3acff,web,0.23588922628899164,0.2547858037405217,2.1811514954282734,0.587280017754798,0.6405120835607245
center_g25,fc4494,mobile,0.0501377693447915,0.2882425624017697,1.9428236292721692,0.0818984069058158,0.5996470761048864
center_g25,305533,poster,0.3561260616861481,0.381173713714392,1.195985742178769,0.7962036561554362,0.7294395444200197
center_g25,a42b4e,mobile,0.13828141684709108,0.3681441285341136,2.4421655524315233,0.40314295389130833,0.5688190094747483
center_g25,196a1e,poster,0.5561779657328627,0.4056778880334765,1.0627885921403204,1.2506139211506901,0.7995671585403987
center_g25,f147ec,mobile,-0.12470262876465113,0.18457534022296465,3.498065054605491,-0.20832140341552713,0.42593466656867474
center_g25,d594d5,poster,-0.04786311959513503,0.23487856874215873,2.101339808563984,-0.09079518088929854,0.4583657246757339
center_g25,a11833,mobile,-0.07404467031462883,0.21316817521146977,3.1652992906078454,-0.22500181623643462,0.3942981689753917
center_g25,b87c56,mobile,0.0628006086892769,0.2578995846265202,3.1390028441290467,0.15166534752915237,0.47250633929414787
center_g25,23b246,mobile,0.22504555370582174,0.3606217261677093,1.8782104146812888,0.5896577834025744,0.6399572719051397
center_g25,56ed0e,poster,-0.027292403472963647,0.2633282993159404,3.3367805834644155,0.03389883090184073,0.5305611729506227
center_g25,bec3fa,poster,0.07915996976044963,0.2313966046412931,2.1877205453608832,0.15012374559587102,0.5901797411252733
center_g25,2dfd9c,poster,-0.049750076009056,0.2412475523062627,2.3072666628041367,-0.13015907182409636,0.4765248735806012
center_g25,2511d9,web,0.3796096055903395,0.3358997579764849,1.3877832437748776,1.0639486837806331,0.7603819435407552
center_g25,1680c9,mobile,0.03376145143780619,0.2976727148499504,2.4167865429704403,0.07215492204217747,0.496397965938021
center_g25,4ea758,poster,0.20844805580585035,0.2695778288665745,1.8179644912734763,0.8041606492853511,0.7522295353512016
center_g25,8740d9,web,0.28451935929545036,0.301298580704489,1.7701857029764887,0.9682037984982279,0.7279400200997641
center_g25,3088d0,web,0.12390813126853781,0.3175691110252084,1.828476913836288,0.30753006577939224,0.5931138976012935
center_g25,787aa3,web,0.1537589623070192,0.2666759735962844,1.8988435165080009,0.44675019463651566,0.6263433832811326
center_g25,e451ee,poster,-0.09345792280978887,0.22623318562505002,3.0085879056514235,-0.145946000319252,0.4595176783688462
center_g25,28cf69,web,0.14852714774269998,0.33167681602762833,1.5940223577898571,0.300430448521245,0.5845102092754628
center_g25,0d8830,web,0.3297117001578619,0.3548346544779183,1.3764626890072393,1.0093138218873232,0.7731857780323255
center_g25,54f52f,web,0.21347421254340845,0.31366333458606066,1.672228892502243,0.47769967768181465,0.6708803193310335
center_g25,5c5b71,web,0.09573766968510389,0.2562495439252797,2.4393035645920955,0.3673814962126342,0.5844733082526651
center_g25,fba6ed,desktop,0.07600796390117578,0.2462321980010941,2.1576647907878623,0.35392299656732906,0.6584589499038519
center_g25,63de16,web,0.3965495519096051,0.347497475331056,1.4507574913934427,1.2863563956116875,0.7977903516212649
center_g25,4a2527,poster,0.29526477015451896,0.32312730606769857,1.441350721466463,0.9681518484760756,0.8038951312969833
center_g25,f0e574,desktop,0.2564395066706898,0.36958638199284655,1.7058668454957693,0.6660940313038267,0.6990715866265856
center_g25,faab85,desktop,0.3514603611985051,0.3946301538285591,1.2077256684474569,1.0516703959800133,0.8071483871304527
center_g25,16830b,desktop,0.3558316508147519,0.38803588161301417,1.3309275096703326,1.0374371853657463,0.7864607098910551
center_g25,b45744,desktop,0.12142982994495852,0.2772918331712352,2.051467553446805,0.32197366215207535,0.6427710897198038
center_g25,44c36b,desktop,0.06800008540987526,0.1953606512458207,2.376563567359535,0.35309501089311146,0.6571164778649222
center_g25,3351c6,desktop,0.00858400412055875,0.26384815845588816,3.1846267736693137,0.07037572048242548,0.5015615118143174
center_g25,6d8534,desktop,-0.029779903515492444,0.24940408511363993,4.094445662406632,-0.03301634648746849,0.451379381654462
center_g25,bb23c6,mobile,0.4434530443350818,0.482624286702758,1.0789019583732935,0.6974718023476429,0.6777004530231251
center_g25,b8b56d,mobile,-0.070387561879842,0.2975626217344046,2.38450037504851,-0.1083818318553359,0.5016364325700489
center_g25,d079f1,mobile,-0.1520147692839305,0.20493029005879665,3.7306940521721823,-0.3624647282964712,0.3668973514270111
center_g25,49fc6a,desktop,-0.027198517050304755,0.2496672543180069,2.21652374699667,0.11464342511350498,0.5360768504960971
center_g25,a3fb58,mobile,0.6074880152859999,0.49695471688941617,1.0023163446235797,1.3448943348109141,0.7703612460870031
center_g25,66935b,mobile,0.21604925922033424,0.4098624436805103,1.7965584248371622,0.54754161563816,0.6266915459964395
center_g25,f757ac,mobile,0.4312215675438722,0.4724063301851147,1.1587866095428692,0.8173875925299859,0.6957239448509995
center_g25,591317,mobile,-0.12749078087691482,0.21556474669293352,3.4481521816974454,-0.24468405593369486,0.44078553375665763
center_g25,5ad367,poster,0.10553473897989432,0.3759954328476301,1.627721796630123,0.1103178282971919,0.5332910439995409
center_g25,005f83,poster,0.2189491722289923,0.32040568551988635,1.6458274427273638,0.5052023050626604,0.6840039133370018
center_g25,6afc6f,mobile,0.038297886694857654,0.3504694563705072,2.943021082663282,0.17043484434879913,0.5499091999676466
center_g25,88f13f,poster,0.060717771647407645,0.3446292232741541,1.9666231594111083,0.2483763145748304,0.5224097614588695
center_g25,6763e2,poster,0.23673773034312554,0.42526204444789306,1.6575884643840828,0.46047304601815875,0.6192228267267335
center_g25,9f6fc9,poster,0.017763667263923304,0.31412629704795114,1.9770372966985812,0.07348604660542081,0.5096533435478252
center_g25,56d63a,web,0.29691464206740115,0.3463901938881808,1.4090933537300643,0.6069104618925493,0.6964382665637354
center_g25,f27923,poster,0.12975382804696525,0.32526759143485384,1.6993045063513816,0.27897853009686946,0.5748066006730707
center_g25,912a36,web,0.2495817871632529,0.3391482182924225,2.0733975674693976,0.6169325340597134,0.6269516088387962
center_g25,174696,mobile,-0.034418516910709095,0.24827426503747424,2.8102771493484346,-0.03713161128904643,0.47833106640386536
center_g25,66058d,web,0.3074870382506527,0.32082616615300485,1.4717850834139676,0.8511702280054579,0.7441991717420731
center_g25,cfca97,web,0.11536630426810271,0.2780248626421017,1.8967400713579925,0.4139727940560008,0.6797929133489021
center_g25,ea104d,poster,0.5587819701520587,0.4110765719062406,1.0355043767577548,1.3801595508774862,0.8359721561768609
center_g25,32c969,web,0.04063320329555313,0.19776000531201973,2.258998393504552,0.23499873067813684,0.6516387919762787
center_g25,73bdee,web,0.17634021624899765,0.33510377488988036,1.7877252033202344,0.48414737565110755,0.6195981262781192
center_g25,ddbec1,desktop,-0.1334901863384838,0.1672022517614995,2.7422120410971917,-0.1570538371158658,0.438445958824321
center_g25,9aa968,web,0.08923373274439102,0.3304780984209972,2.057188511167787,0.3151514043980699,0.5654272661246802
center_g25,d8d2df,web,0.07635359247742157,0.3188702799185983,1.8055812787502012,0.20374976311526255,0.6050597457862498
center_g25,2481a3,web,0.4429401048498255,0.4291695201467539,1.1704293992514505,0.9315939713359914,0.7395040601468896
center_g25,2c9c76,desktop,0.0789491802331917,0.19386380932666458,2.3613976668749057,0.4417515201091613,0.6352644017538273
center_g25,985d8c,desktop,0.07638968431497775,0.1525600206532107,2.8603208073561577,0.23418981134470054,0.6096400481441463
center_g25,d07437,desktop,0.41497374475907634,0.23657113860999524,1.8100221631348385,1.7277705378844384,0.8537229222111569
center_g25,af5f27,desktop,0.23104608438061508,0.14053774400625274,2.9191926994802415,1.1008758525582,0.7066780710713445
center_g25,26fb2d,desktop,-0.04140424127743605,0.05908974304259853,5.364503256017898,-0.3059641419890569,0.32813849941763606
center_g25,3e3ebf,desktop,0.24410653198612436,0.23022189416964742,1.9528853958456611,0.7698266106257875,0.7173287023057932
center_g25,a0992a,desktop,0.21525413833729357,0.1801474223254772,2.43759420024042,1.0043936133106075,0.7391966256430413
center_g25,d66c89,desktop,0.2488543195355309,0.1915678662418299,2.006795856029751,1.2158297314590094,0.8301484924169474
center_g25,dcf870,mobile,0.013584854240100586,0.13241760337942426,4.152973438121943,-0.12748783272288014,0.4129956188745823
center_g25,e129e6,mobile,-0.20664249502342158,0.06690733626355232,4.61044662405924,-0.5796201694289822,0.32223324221390254
center_g25,f1d7fa,mobile,0.10439068243932462,0.20204228881788902,3.0296626774979227,0.33149806278813465,0.5591643309001187
center_g25,7b6c15,mobile,-0.04992130594632886,0.13987470025033977,4.132187193254279,-0.0491772002290075,0.41724778557280784
center_g25,4cd989,mobile,0.206691224928219,0.17911408603784967,2.055261185495382,0.555320786152875,0.7112341830559107
center_g25,c40db1,poster,-0.012537233008094652,0.1436733987547163,4.147744852276746,0.24593098334287497,0.6497000526799387
center_g25,13a393,mobile,0.18713121261894972,0.2625765437157068,2.036552671788439,0.5214722009087362,0.682226843968504
center_g25,212589,poster,0.12504009369841423,0.2577510565375827,1.835059996277859,0.3753760506709086,0.6177137830460739
center_g25,972486,poster,0.18883085263191254,0.15024746783482712,2.6064091827959834,0.6814434536210271,0.6309400646643137
center_g25,9e3970,poster,0.12830889647198507,0.3506609862654365,1.4604330420699794,0.2967689053100504,0.5697719578382506
center_g25,a05670,mobile,-0.18305981715964065,0.03596589016519797,5.073633257575102,-0.6669917291310518,0.30470049556732665
center_g25,868823,poster,0.1383892609481632,0.21300225589568286,1.9988266111951085,0.36906154936606034,0.6713161991611502
center_g25,1dd09f,mobile,0.19478130639224742,0.23850489135743086,2.278252238204375,0.5119794314257924,0.6508136572339664
center_g25,540107,poster,0.33905923433733287,0.26568501344135353,1.8727220945380225,1.4245883351984427,0.8513873460254703
center_g25,2f57d8,mobile,0.3736281046149098,0.2435708834700111,2.3591826451616065,1.4074008078125981,0.7182647203077894
center_g25,f93751,poster,0.1422720797736301,0.19403662290722645,2.355661561214868,0.49104396073098155,0.6816883010231835
center_g25,b5f7cc,poster,0.16970273264335628,0.1761953663499875,2.664290819933768,1.2161026740286636,0.7811247034028819
center_g25,33214a,web,0.17387942208282517,0.19843202937429744,2.0488849354779677,0.5055853536485068,0.6891221798212572
center_g25,7ec75a,poster,0.07974925788455371,0.20477703039454248,2.2998483620328267,0.36551232531496003,0.5807327265932267
center_g25,9f7fe4,poster,0.28535796074876707,0.15300988182306943,2.611761975125225,1.510512125308474,0.7807617945763059
center_g25,483fb9,web,-0.044838620133985915,0.10616074118428757,3.1345266695097966,-0.06176984351027826,0.4973487821496668
center_g25,a7a074,web,0.23089089587443254,0.18421019023308724,2.4195473962425056,0.6520541281880069,0.6386582543101486
center_g25,2b837f,web,0.3288054206723304,0.21140319763427856,1.950305253703928,1.1751704876915572,0.7669683628468603
center_g25,debbb2,web,0.16803569985100444,0.16172762833924925,2.435631494862245,0.9199639771666703,0.7720768177956385
center_g25,f7435d,desktop,0.5355524176330299,0.3710917753905639,1.1861754663978434,1.6885706303181065,0.8779791339737245
center_g25,e2f93a,web,0.22313565474697347,0.153474512906406,2.7265149602216336,0.8446662373275815,0.7214930311343032
center_g25,2f5041,web,0.05978639762357971,0.1314605031169842,3.213982393382091,0.09498813401162348,0.5231311060286423
center_g25,5be5fa,web,0.15102508128212602,0.11324983424299032,3.5269662090364733,0.873005349112723,0.6360214748532899
center_g25,10298c,desktop,0.14999954705491486,0.2337912569275853,1.9497573559326131,0.48672749601644016,0.648552022936846
center_g25,38c9d5,desktop,0.27256828590719395,0.26725432645168384,1.9047817263094426,0.7993664729739427,0.7129026649736119
center_g25,6ba20c,desktop,0.16908804213873585,0.2957959728711201,2.772406388390266,0.35518660374411387,0.6149755602839369
center_g25,8898cb,desktop,0.3653603236848631,0.2664755908629302,1.7142845103346551,1.545279402546784,0.8404694262674183
center_g25,4af601,desktop,-0.013020776243238542,0.23234997179437672,2.251743591359467,0.04732545090586496,0.5434897133816214
center_g25,016f77,mobile,0.42846825707253233,0.4940721733589603,1.077882071513148,0.9429445909016133,0.7614929302548482
center_g25,d5caa3,mobile,0.1567633406699413,0.3038705358902687,2.098186749932069,0.29233441545089145,0.5899870078504682
center_g25,36ca43,desktop,0.4352087472268965,0.3904084499084991,1.2508237993879352,1.0640376524258026,0.776150039243293
center_g25,e249a7,web,0.26880417831096515,0.08334465051373385,3.0500857942082646,2.6178221142198788,0.9942839525478031
center_g25,dc06e3,desktop,-0.01910152685293872,0.21800409906489954,2.620309418112477,-0.05726586672857693,0.49261986301142646
center_g25,b47f5a,desktop,0.060245544444687965,0.24385377566436162,2.533008452048307,0.20236750690377275,0.6053813856490141
center_g25,28422f,mobile,0.1329217622340956,0.36263740051679794,2.1032643892681495,0.404331905941731,0.5882109493691283
center_g25,42c444,mobile,0.3548043829327453,0.39713861894881075,1.9866098696839807,0.8347353949372438,0.6732382650821018
center_g25,a965f4,poster,0.004570553176626052,0.2828779694890948,2.453439866748492,0.15164777998070184,0.5263572605418357
center_g25,d13f3e,mobile,0.14278834186383949,0.3581827521711898,1.7992791476065308,0.20526695495563768,0.5683477764104701
center_g25,128abc,mobile,0.5606210083750485,0.4971534450587477,0.7730603884657563,1.3657246823526656,0.8375802691464331
center_g25,4cc35a,poster,0.11792573612883028,0.27147317324143294,1.7136092189665377,0.2896648496440053,0.6462702134639049
center_g25,b5d9a8,mobile,0.1567523797738526,0.3316047319743116,1.8118148974905677,0.334861426596243,0.62427905698571
center_g25,479245,mobile,-0.029139417643225772,0.3125300603287924,2.0147179249650753,-0.08285995845130965,0.5370098155653183
center_g25,bb56be,poster,0.14694654006879476,0.27233250185467195,1.832652979259723,0.36659255156288845,0.5977389621172893
center_g25,9bf988,mobile,0.07965342952373938,0.2723564857757273,3.571246723428439,0.13972093053115622,0.465536267507261
center_g25,6a889e,poster,0.04844210543032307,0.2390455314655198,2.2778177033131053,0.2241701624185594,0.5649160281442624
center_g25,9ab8bc,poster,0.04237004508021647,0.3669273329942912,1.6559423421264443,-0.008964551130549283,0.5146516813224666
center_g25,172c5d,poster,0.4084000031438065,0.4424858051355013,1.0648485217656862,0.8030739587389174,0.7188864578956022
center_g25,35ba73,web,0.17002905262282186,0.35050233813364917,1.462529116437373,0.4468273829008151,0.6414037431558418
center_g25,dcc0de,web,0.1887888080280523,0.3204075042328588,1.7419843251825116,0.696928283039091,0.6892326661948875
center_g25,2fd907,poster,0.14106577155741107,0.2652417702987905,1.9409456405417704,0.2469308590406886,0.6133150799216561
center_g25,4bcfc3,poster,0.1826360408904716,0.3275941568962723,1.7719488996925545,0.40764020508655563,0.5742925245950588
center_g25,b7c621,poster,-0.047342099322387456,0.242773038818799,2.455753993518968,0.039540767921807135,0.5844990085222184
center_g25,60ab80,web,-0.016950500335871248,0.21185228184266308,2.4164134593821793,0.09734946758559804,0.5639977707158187
center_g25,1d26b4,web,0.3229525701331764,0.33072748789697193,1.5062136496685303,1.0822482597301664,0.785556236514929
center_g25,ce6863,poster,0.16882324917717184,0.35895983266858683,1.4602782743320586,0.5723420040228728,0.70382692154707
center_g25,b87aea,web,0.1369589511990958,0.2557823887840428,1.7707949582088043,0.3663394814726304,0.6705207159973914
center_g25,2103ee,web,0.5196860680794406,0.395728338950477,1.1405582184156615,1.3998603498850644,0.8216453423452649
center_g25,47033b,web,0.1743959237999435,0.26871957974160166,1.8769682808466779,0.6539037037408572,0.705838904924688
center_g25,cc9bc8,desktop,0.12147804804415331,0.33234121094868607,1.5748467166268671,0.11247237370964346,0.5355986345026256
center_g25,2019ad,web,0.2938548191148294,0.32008054651196016,1.6132661200731857,0.6487586480813058,0.6759300756589464
center_g25,337990,web,0.22752380262677763,0.2991230715327976,1.668981206495118,0.6843457543401184,0.7127183505010829
center_g25,bf2da8,desktop,0.09147717747197004,0.29921947201892296,2.112181053843016,0.18646830740957254,0.6020253123725711
center_g25,221587,desktop,0.10803681108929251,0.25962471585155056,2.2719058047349017,0.38971659717587015,0.6500894117311182
center_g25,09bb5b,desktop,0.12740855449407787,0.26792292239669213,1.8318411941314492,0.22345380148955585,0.5863045125833648
center_g25,511f7b,desktop,0.1557310937877499,0.2793539291878685,1.941849348058802,0.4964049289521258,0.6712859444314531
center_g25,c905dc,desktop,0.3837477176907923,0.3538083089042588,1.6975283982898193,1.332220166944969,0.782733989428206
center_g25,99004f,desktop,0.6296531821189957,0.44798651535558265,0.9923075106818452,1.6441963534481312,0.8429802539930725
center_g25,86500d,desktop,0.006985489706304566,0.23603926200542336,2.605513785741092,0.07619683985050305,0.5341975811364942
center_g25,0bdd56,mobile,0.015305831367086867,0.2951372712371396,2.1993629539857134,0.004848274613408843,0.5159429514602808
center_g25,469579,mobile,-0.06687195585823713,0.1513471422812585,2.700552520147506,-0.13119795976232212,0.5157846927507924
center_g25,215727,mobile,0.3264069390489357,0.42644468060637514,1.2444489951541955,0.8292806556928882,0.7528215616249087
center_g25,992c50,mobile,0.09214119597597828,0.3302866141666046,2.506645835876766,0.15348505550068822,0.5207710441741065
center_g25,2d811c,mobile,0.00025951502378955484,0.24369412674522095,2.799549102499471,-0.0040308124236570165,0.4715248083655189
center_g25,fdba74,desktop,0.3222454545873745,0.3091210596213024,1.5562912374407802,1.0485396346646063,0.8011201328880976
center_g25,8ee0c9,poster,0.06439476601637315,0.2967391937715407,1.870288234040307,0.42134767386289695,0.6071143021528365
center_g25,7dea7a,mobile,0.6622017890157058,0.578137197490626,0.7529234842782753,1.398734338159842,0.8133120076823638
center_g25,46bc27,mobile,-0.2010098183948828,0.10870757941076509,4.8634083707771625,-0.48684537166505526,0.29923479237888295
center_g25,641719,poster,-0.06628333068107342,0.23645709860486952,2.4665692064958797,-0.08487980374001985,0.4742970826698161
center_g25,4a97e1,poster,0.15207823666258158,0.28830380603125283,1.7136975625252127,0.4652119676031881,0.6728408012502681
center_g25,7dd59a,poster,0.3530763920856401,0.423619306350147,1.051939955790635,0.7509509761725777,0.7345641370666873
center_g25,4f3f84,mobile,0.6495776710755662,0.4888263477391607,1.1520700450894565,1.5377510857628987,0.7985777134397177
center_g25,7a9967,mobile,-0.13790587762589013,0.24222320988166432,3.3803546755852203,-0.29544208366261476,0.40947833980953396
center_g25,7e01b8,poster,0.2937822026242427,0.44787652640293885,1.014116949929258,0.6308612254621044,0.7488875845202996
center_g25,1055b2,poster,0.10637794155476449,0.28240712855724326,1.987541555790876,0.3366487908288418,0.5933616832256333
center_g25,4376ed,web,0.26592439933229745,0.34882532475954364,1.729035170506471,0.7195356983102089,0.6911840439899812
center_g25,bb34f1,poster,0.27467436011036583,0.40983168825613653,1.323990251460634,0.4844941260931956,0.6702477511217452
center_g25,af4220,web,0.06847962292641709,0.28126815246781894,2.194970021475379,0.25927446269137283,0.5956046383256072
center_g25,909a4f,web,0.1811161904863009,0.3121300571064961,1.6485804547795353,0.39151502104126445,0.61778856996787
center_g25,ae548c,poster,0.22496279770313177,0.34763725475315627,1.7851731243778677,0.6517505153237413,0.6772436034293575
center_g25,014b22,web,0.11574637614960484,0.3311003852611818,1.7453619835647745,0.37518574044663205,0.5955130590573604
center_g25,c4b437,web,0.13690274964344257,0.3445753436623865,1.6928672359947545,0.4115331495654947,0.6075527238048463
center_g25,4fa3d2,web,0.055998242496958256,0.2329190313025306,2.1877090441855067,0.18536703848626593,0.5921521290554312
center_g25,c01022,web,0.09409052400116043,0.17590530681246383,2.564970544029332,0.4269460048317644,0.6337981201241204
center_g25,8675c8,desktop,-0.014709688091684684,0.18583328670298718,2.64454830287037,0.17008241485991987,0.5572134919162965
center_g25,fb0956,web,0.24303582551598402,0.2556958962674356,1.803568689331263,0.8393832185249273,0.7683738252728448
center_g25,73ada1,desktop,0.16209540941981287,0.23141559582197832,2.2913715258639127,0.8635293597243919,0.7387634277293312
center_g25,79e0cc,desktop,0.434660645878583,0.24553791556418447,1.700442968341993,1.861581029131635,0.8748304566457852
center_g25,4d78ff,desktop,-0.007254827990847301,0.15309926258172224,2.7619186103604587,0.043771111410620754,0.5611473120027791
center_g25,721348,desktop,0.1145441471319677,0.23772274735806814,2.150995900694618,0.554493481734385,0.6568832324874864
center_g25,a78deb,web,-0.012761276365167974,0.23328555208872725,2.414096129934073,0.15390290884317698,0.5893508570661887
center_g25,e5174e,mobile,-0.04620313029739017,0.17821357050138895,3.618978199253575,-0.13357693503598342,0.4037533620581706
center_g25,217749,desktop,0.16249591284013248,0.25099175739355833,2.2897891535596413,0.6501573334420123,0.7001696276478206
center_g25,72b54f,desktop,0.2897930973176578,0.2518422825610209,2.104858565489286,0.878179137912053,0.6787289857698195
center_g25,075286,desktop,0.09468030279231493,0.22867812159610967,2.977778621452491,0.30851337760524994,0.5400238886479306
center_g25,8dfdc1,desktop,0.23886845817229554,0.2863950224024257,1.9209953078967523,0.8380298501437748,0.7474790305684346
center_g25,c75e3e,mobile,-0.06234303046133553,0.23666769801937657,2.806779526242378,-0.0869514939333379,0.5023296734944634
center_g25,1eb64a,mobile,0.569693460462352,0.4719613737757886,0.9881393843344377,1.217411676153647,0.7793500543118566
center_g25,d0c24c,poster,0.5049767945276092,0.4180499753348934,1.0337583364449157,0.9434132167811097,0.7360661745654755
center_g25,7f957a,mobile,-0.11925461106541016,0.2393247338146936,2.8160023000827628,0.05808934692377098,0.5319841128762288
center_g25,55aa06,mobile,-0.02100558282148131,0.3029620614420019,2.0869453889953307,-0.04575376823846956,0.5128836361243466
center_g25,51db8e,poster,0.3215815527218813,0.38890783441631416,1.2813541341318457,0.7084073655912452,0.7064435236316974
center_g25,abb05d,mobile,0.33623367656957037,0.33973596174163523,2.032190224153475,0.8000539848284142,0.6364619711275963
center_g25,039978,mobile,-0.20859535761663672,0.13194261525107898,4.703167496201378,-0.5028758190354001,0.3111517977796986
center_g25,2fe3ac,mobile,0.41744371742522435,0.3885053744356997,1.5849782886818744,1.0336531428106066,0.7219151453898759
center_g25,ebd305,poster,0.05437179671802635,0.21804807475259866,2.548959188500731,0.019361932898147628,0.4912606445616279
center_g25,29d7dd,poster,-0.038794416977883654,0.18645719968011223,3.284827517920302,-0.0018473905087163167,0.5321029667561322
center_g25,868efa,poster,0.19841640934002636,0.2727620960959233,1.8326535206857728,0.5847972913699808,0.6338847478570406
center_g25,0fa6b9,poster,-0.0025586145318342622,0.3266982954359948,2.0513297077598467,0.0999556730217498,0.5083529649763696
center_g25,fe8c5d,mobile,-0.13196420279610532,0.20178224208837592,3.177029003452387,-0.28316672428651146,0.4446425959993725
center_g25,f6bc62,poster,0.28149123643961665,0.25093251834532976,1.8525772785402659,0.8021751942429513,0.6960442522137195
center_g25,446969,web,0.217011713432764,0.2627486634176742,1.6657815299748464,0.45470133441054994,0.6460115909632349
center_g25,46ced7,web,0.49500767560967385,0.3684146649426995,1.2314656835658528,1.18563200043656,0.7814384316063221
center_g25,55b7b4,poster,0.09071838558122777,0.31551711714695135,2.1259346108737196,0.04693271548996738,0.4936747194204889
center_g25,9b7610,web,0.17959176715473402,0.25310553190118357,1.906448764563004,0.552588654289992,0.648435668277348
center_g25,ede16b,web,0.07830474091492032,0.2175996603878586,2.053383099873078,0.15513019518452636,0.5932490217021469
center_g25,406fb2,web,0.09928565189961648,0.21228606240508224,2.0339881192470375,0.30692744682127543,0.6730022147128705
center_g25,134669,web,0.050776328974711474,0.2567743634186807,1.9947202042855565,0.2927393854387764,0.6243480243174874
center_g25,edbf2d,web,0.08338188826215734,0.2353872673889592,2.573416756958677,0.2512287756851115,0.5331716876579938
center_g25,16a13e,desktop,0.2218648694208576,0.23012374849493056,1.9605503236230823,0.8979614217432188,0.7526033908091747
center_g25,cb4227,desktop,0.26861993500360093,0.38539934668041753,1.5765286464839643,0.526263644624069,0.7242977787738836
center_g25,7c98c6,web,0.3534280572718079,0.27559038102121874,1.6621061514927007,1.286281847219414,0.7940970291198783
center_g25,5a6a69,desktop,0.24730752233039718,0.2697290512484713,1.9042042652484668,0.7150789199778228,0.7128828965007237
center_g25,98df26,web,0.06983116136188282,0.22908361438215957,2.368826859540405,0.4902849401673741,0.6642733541376667
center_g25,87f3a0,desktop,0.42381299588035193,0.31746482253853014,1.4403242652243078,1.2578773045701994,0.8001346684895532
center_g25,762fc4,desktop,-0.06671480704039678,0.10419120428387413,3.94590959008357,-0.20946601935508552,0.4326563160577256
center_g25,94460d,desktop,0.2964474957268489,0.2890259193583192,1.7077436127773575,0.8656170734442744,0.7502451423098461
center_g25,9251bb,desktop,0.4942495089457572,0.36059426290439445,1.3460703095006108,1.408593903937887,0.8150349163312491
center_g25,ddce6f,desktop,0.08893000503922008,0.2292782484051355,2.431193096167971,0.24747579031758765,0.5903569291226234
center_g25,f7ba1d,desktop,0.08071854085232413,0.20796792287586496,2.9914186764694803,0.2845939974101729,0.5809260155962298
center_g25,8e4e71,mobile,-0.01765097052339041,0.23201151301127496,2.534252967625738,0.09948880608227524,0.5595747190533946
center_g25,9d1757,mobile,-0.20427278135087915,0.15575567982730854,3.6121159303072434,-0.3200103225397934,0.4310554227115794
center_g25,5f4902,poster,0.2530464229305872,0.29142258330317644,1.7021036987240097,0.9287978427526307,0.7890234860365867
center_g25,3c674f,mobile,-0.015353734636732735,0.27035144688650203,2.370974351362686,0.0018913955479455684,0.540997973035303
center_g25,6d294c,mobile,-0.21752087495882444,0.13039250119042617,4.018065280076764,-0.42920631028365774,0.371253740350591
center_g25,4ae90b,mobile,0.05524719991941068,0.22862155696965386,2.326829708639431,0.28073882110418713,0.6126078252847753
center_g25,69a953,mobile,0.12547933110393034,0.26966489065107174,2.816326241206475,0.3828321910112592,0.5650470675239578
center_g25,7542d4,poster,0.13994503311865844,0.24194557893389848,1.9392700995515348,0.42706449341833724,0.6576464474204576
center_g25,345b44,mobile,-0.11044056623401378,0.15088475571695276,4.144675078114168,-0.3235580706900721,0.4080605660824387
center_g25,3962ab,mobile,0.07484126601390684,0.2965649705871266,1.8719717869165697,0.3971249849373106,0.6443588665784544
center_g25,80e896,poster,-0.041257580034663364,0.2658298742847027,2.5889051689402267,-0.03215073686931027,0.45517039686308225
center_g25,3bc098,poster,0.3918734195448435,0.3018394831908193,1.4518380707530611,1.192778325662475,0.7953433756865773
center_g25,a637f9,poster,0.2965607591785492,0.2525496821894492,1.7659885597591956,1.143162475422728,0.8125511992888228
center_g25,9e5962,mobile,0.2851483950492618,0.38295811351300413,1.4718226471971358,0.785405856063711,0.7147976474707672
center_g25,ceb6b3,web,0.026684269432049608,0.18808760253785783,2.5496936910762646,0.16238047700256789,0.5961650434387606
center_g25,426a6a,web,0.17436442509061006,0.21233252240730133,2.04051352778263,0.4681401514742734,0.6460878225005627
center_g25,feec80,web,0.04067135334395706,0.2610178071846483,1.932305016712713,0.15656500940008755,0.5562681920422103
center_g25,3364c6,web,0.1329849401238527,0.2820469798740241,1.7974187674627593,0.47842222367844744,0.6312545166589876
center_g25,f84800,poster,0.20713448697400122,0.35936991586521677,2.2627569061846016,0.3993476991345395,0.5700680317463888
center_g25,6c5780,poster,0.04932959369824036,0.20994262831290478,2.536335398997427,0.20861009309575376,0.5934691485358119
center_g25,24ff3e,poster,0.02897327255062144,0.13974441591178338,2.808706202285434,0.09645377163304321,0.6196418899647939
center_g25,bcc33b,poster,-0.007149529398839999,0.16055395320975518,3.4231324814163777,0.07324493190427271,0.5010822687318431
center_g25,c53c23,web,0.005960494131514055,0.17299505190795553,2.595313630467375,0.18991727462350708,0.5892573232016827
center_g25,08b92b,poster,0.1815122241811915,0.3126463591471676,1.4906272521994366,0.35950005827409026,0.6585677931038005
center_g25,259405,web,0.12598612157994984,0.19389292185740686,2.627413067260506,0.5040840898762552,0.5854874061002462
center_g25,7c2883,web,-0.018372573838696695,0.21423478318964498,2.079736054432833,-0.08357649999672784,0.4961845435785168
center_g25,237216,desktop,0.08611114831100593,0.2170058610818516,2.5838339750881523,0.37159346746569827,0.5883352355295981
center_g25,dc6989,desktop,0.2705558485128402,0.33160786372209716,1.6869518399002823,0.7018152538793673,0.7009956102275148
center_g25,49e0ba,desktop,0.12655189481433074,0.23729536461356943,2.2175051919158775,0.503124114322859,0.6663094143630486
center_g25,fa1827,desktop,0.5276807972801536,0.3512726975733443,1.2561502770306388,1.5610396068822556,0.8216700923222408
center_g25,be2ed1,web,0.20529422918127999,0.22284736817983686,2.1241430246267283,0.6024418300401787,0.6815017773542854
center_g25,eb34f4,desktop,0.04711077199778502,0.18791304016021632,3.21806964387192,0.07470708509758875,0.47065796463837606
center_g25,d6702e,desktop,0.20895970184456064,0.22580533841428227,2.062423082649653,1.0001128936507293,0.8004790458846878
center_g25,fdafcb,desktop,0.5002929536471671,0.3650899031414442,1.45079341344001,1.4109755218411426,0.8084811181726473
center_g25,eb334e,desktop,0.24017706049226956,0.22798941284196805,1.8934938578799698,0.9414896707072323,0.7839039486169134
center_g25,4b2bd1,desktop,0.18106058116867904,0.2616898327939098,2.129104469506329,0.4002294755683348,0.6328523717285084
center_g25,f39252,web,0.09194665141876875,0.23475051678514447,2.4635108565520745,0.4338704180310032,0.6560888870931684
center_g25,ad24c7,mobile,-0.05629980673943248,0.25449305055398164,2.4052421776527826,-0.0482738800376504,0.5239447639178069
center_g25,cd2ed2,mobile,0.20215952540620644,0.31706703963560967,2.2371924916982278,0.5008745939251157,0.6012532351892064
center_g25,c9ab98,mobile,0.21177885242388034,0.4131054745814165,1.589220802630556,0.3192512531043699,0.6084540606966498
center_g25,8118a1,mobile,0.012376956233978331,0.31274923901701246,2.5791959748652262,0.012302190035262802,0.48772106698587153
center_g25,c25357,poster,0.2611544321031143,0.33021875808310924,1.532270742413072,0.6488910213165855,0.6538963056949711
center_g25,4a3f51,mobile,0.4092668075215195,0.36232056574738103,1.4285528917118273,1.0182802070167094,0.733559256050357
center_g25,6915dc,mobile,-0.07870471978989652,0.20465767985832853,2.9806239260784473,-0.1351731447079535,0.48478656282307164
center_g25,0ef09e,mobile,0.23486928937201051,0.4030696139966907,1.844208237750737,0.34317268905250875,0.5647608789190668
center_g25,c053d2,mobile,0.01863253146262267,0.25042065837490124,2.3104336067104065,-0.009153719025138823,0.540227851557695
center_g25,85b582,poster,0.31712178479410713,0.4315951505560807,3.298647278591744,0.8263818076422537,0.6527535832814645
center_g25,dd47fa,mobile,0.4354588233671172,0.4081709566053511,1.5884686330052982,0.9307861338472594,0.663319170782639
center_g25,af4f68,poster,0.2116323032405722,0.35931486106535243,1.459149248706094,0.41857104631210823,0.6367662407859338
center_g25,f9b020,poster,0.2749520009062366,0.3667253154559748,1.3162038002567062,0.7781133989124087,0.7544518341346792
center_g25,00f742,poster,0.12172649056273481,0.30581680218381907,1.752699704894024,0.2420968707229088,0.6329881896444158
center_g25,2428cc,poster,0.13554427613112818,0.2864079997979124,1.669463698292681,0.25810303750744923,0.5772365449146424
center_g25,251672,web,0.33669416075583486,0.3238837656432544,1.6426521901176219,0.7964643818158629,0.6787799718195136
center_g25,045d43,poster,0.2858078447745987,0.34030730418948363,1.4937460517689116,0.8282701556164112,0.7465130619435904
center_g25,6f9e1b,web,0.3971587618166299,0.2994536716254714,1.5337318960264443,1.3043031467033226,0.8226573778730963
center_g25,9e02bf,poster,-0.017477854025229347,0.25068506914534117,2.2678750819786475,-0.0016466565702028598,0.4782651881395027
center_g25,fefe30,web,0.2034781484011527,0.25070378472831034,2.0062765963437474,0.7057242250810881,0.7061604619769684
center_g25,21c674,web,0.2934352823343023,0.34395955057303373,1.7229812577498567,0.8165513538853526,0.7100750509812648
center_g25,20bf03,web,0.16766159643531672,0.22318872732054948,2.164807641624691,0.49637553933019185,0.6603797950357886
center_g25,a4d155,web,0.2342963811820324,0.26852314546631195,1.7083702881347922,0.68063498453211,0.7218221340822355
center_g25,d01e8a,web,0.23189653686464184,0.29130783470378196,1.7761477312585732,0.610032035559707,0.6849344545868646
center_g25,173a17,poster,0.4183824410888258,0.3730589889156003,1.2665208130890124,1.225355127815048,0.8100518906658517
center_g25,9eb11f,web,-0.10836209380860568,0.22875193683422626,2.1597622572406463,-0.0679981997996241,0.4856790037481101
center_g25,7d53b3,desktop,0.09353722720172418,0.2626834353460091,2.0161506593694165,0.21453450357283524,0.5515396096776441
center_g25,5305a4,desktop,0.2737730753909788,0.24217802576183656,1.7898290696398167,1.0515578237090621,0.8014482913779362
center_g25,f1f741,desktop,0.2702904549834384,0.2551373787360122,2.1486191228516245,0.9097296055279271,0.6884354113545058
center_g25,0c51af,desktop,0.06739577410479089,0.19645805842439973,2.6247114395178652,0.16555621462104186,0.5662249884234221
center_g25,ea39db,desktop,0.03494118968038752,0.1846323832980191,3.005005244124063,0.04803190527433861,0.5128790346048615
center_g25,91ce42,desktop,0.34337203278082096,0.30294509905405165,1.7317163192828746,1.0789066451132234,0.7448158641923623
center_g25,786754,desktop,0.11258275093127476,0.2222332734489043,3.0321235027384135,0.3794543776694256,0.5653383021129254
center_g25,b37071,desktop,-0.04988125706861686,0.14341365453042004,3.3552159406937374,-0.06206571801930058,0.5025719470390541
center_g25,32cce0,web,0.24311201597703963,0.28897580999956207,1.80524819534564,0.6480477656912406,0.6749133689792217
center_g25,a4ac9c,mobile,0.227076970228968,0.36456671746912667,2.555245248530847,0.5664496139989348,0.5642412984947263
center_g25,ffde86,mobile,0.19749039262751755,0.3075888212244453,1.9627127176213768,0.5975991040904196,0.6776892668350563
center_g25,83b886,desktop,0.1720705443737622,0.21045146829658617,1.9673126656733233,0.5294390623901378,0.7183955091827984
center_g25,2e122d,mobile,0.02477523635771138,0.2777902288731474,2.4462031241403244,0.041002150924046535,0.5394702835244062
center_g25,9951b0,mobile,0.061537574996231525,0.2366386990817358,3.504635633165597,0.21363276961673078,0.517619404369973
center_g25,5e22c9,poster,0.3219513586298475,0.25081670997513494,1.759586399263419,0.8926822928000175,0.7476238331266672
center_g25,249820,mobile,0.04387279009377823,0.28247008338723173,2.2383107549912107,0.01854500819782704,0.5509272057114042
center_g25,af423a,mobile,-0.11558153741777953,0.09993916112244765,5.7440680660930825,-0.3548773378284333,0.27822202870290824
center_g25,c3cd6a,poster,0.00041484459122486446,0.1972976820327078,2.584983689197416,0.21591266050791474,0.5525172010339615
center_g25,0cf59b,poster,0.0394852716697543,0.19937875769561256,2.6532003623442013,0.15894405978198053,0.5955844384023611
center_g25,1c375b,mobile,-0.19235759863133833,0.12332747419355931,3.1997768014034587,-0.48618602786619897,0.42194252740551197
center_g25,b32bc3,poster,0.39540540124368573,0.3668421766789913,1.4432378821989942,0.5641297122598509,0.6395030350109618
center_g25,5b51c9,mobile,-0.1346538317656147,0.10691824665880814,3.7144324707686023,-0.432059798097445,0.4364060022742877
center_g25,3a564f,mobile,-0.16021794016605995,0.10452848542605404,4.120445582987303,-0.1518184745209728,0.4171745481152801
center_g25,ed292f,web,0.24671985213824907,0.2185057594396526,2.1887153686143344,0.6584534083067624,0.6062513672585506
center_g25,08aaa5,poster,0.22065218403686757,0.18880198716339402,2.157223819510293,1.081185445598646,0.8091697089782326
center_g25,8e467d,poster,0.07507403132568355,0.28705564048999915,2.0303862870278873,0.10136001746374568,0.5455087785174204
center_g25,7e2533,poster,0.32307785159538627,0.2507756412033663,1.807740697823232,1.0186002205191076,0.7588761266142389
center_g25,78ddbd,web,0.18826582785493634,0.29531096987439054,1.830786014243287,0.3878559804472123,0.5978593522441983
center_g25,4863ea,web,0.08871033883160642,0.20880111183045658,2.852618395522902,0.33594568142108594,0.5794134708823712
center_g25,60caa9,web,0.1675896255795461,0.2444469380128695,1.8995731623075585,0.38507864081721627,0.6484407392846006
center_g25,164cf7,web,0.15373051414889644,0.23493905758915454,1.8959798351034824,0.49148086480071707,0.672505435175566
center_g25,e84796,poster,0.053805360105745534,0.19414346960258713,2.468216938561065,0.14672182939909112,0.6115310497318126
center_g25,b0c3be,web,0.3924076707803167,0.32004270474931057,1.6976213417661394,1.1718121458434894,0.747588928830175
center_g25,efddbf,web,0.0966679250056755,0.22137875524440354,2.2835043634366916,0.33580644778842367,0.5800652286564248
center_g25,5a97ec,web,0.43661366029586435,0.29749547822729294,1.6347609675732993,1.6463056518301293,0.8445423593795348
center_g25,bbd445,desktop,0.34738016939033856,0.3169584445743444,1.5168282998739562,0.8275860458172069,0.7132031496391982
center_g25,afc676,desktop,0.5918905979290396,0.4268590706793844,1.0915041104138292,1.6406109743525314,0.8364535326451523
center_g25,5a6efa,web,0.18787034881034767,0.23583991017632322,2.2416348510892132,0.6583127263613185,0.6756620610471388
center_g25,b5d3ae,desktop,0.5611982384133052,0.3863148148219698,1.0924289795332343,1.6850571971543074,0.8677491756270549
center_g25,0e1dea,desktop,-0.03260627181216147,0.22333326255777286,2.5781162322580835,-0.049748642092373715,0.497175810538368
center_g25,b96ba4,desktop,-0.060490123694603826,0.14893387614094386,3.8446262055293703,-0.17870518395784796,0.5232496255269913
center_g25,363885,desktop,0.35541868905336926,0.30537306144917115,1.6589665265944495,1.1576058579162476,0.7784337145492471
center_g25,072634,desktop,0.3551564746986694,0.26836289949786857,1.689244956495517,0.9893141789925121,0.7471160222538912
center_g25,00b3a0,desktop,0.155591877231971,0.22222734282437162,2.0605635996312524,0.4327204476997852,0.679439546390191
center_g25,d3d0eb,desktop,0.428122350513212,0.3514472153790144,1.6114153181857194,0.9964843078231554,0.7422176649943579
center_g25,e663f9,poster,0.06554810079335043,0.3428999646424526,2.1046662113791337,0.004153519246830425,0.5042989490264611
center_g25,69df54,mobile,0.11022168423353004,0.29335148568554303,2.0162838433857595,0.32829875417937565,0.6036669221877634
center_g25,38a251,mobile,0.20452983381352557,0.35107505042869547,1.9518024736273356,0.5138151032834449,0.627193735758509
center_g25,e64eb8,mobile,0.5220252069205762,0.4026618879675455,1.3066221353368757,1.5576194535457153,0.8105634578975384
center_g25,97c1a1,mobile,0.3714018678906815,0.4539500837448607,1.2907803291436317,1.0431520766808628,0.7573359810636188
center_g25,624c91,mobile,-0.03614492517780932,0.30400988694783965,2.2751599926220605,-0.07368014115515108,0.4829022101637034
center_g25,ed3849,poster,0.11874063818437268,0.23577613757124613,2.336158443946705,0.28054542672969934,0.5635902874154405
center_g25,0b86e9,mobile,-0.12655062017080249,0.13887383283325366,4.610725314196235,-0.4705472592161706,0.30796774027273305
center_g25,fc9315,poster,0.28831233264731465,0.3404926051174103,1.7447528801982874,0.7524843007314646,0.6834135623077334
center_g25,699734,poster,0.2383641599426783,0.3249362156197047,1.5274495653757092,0.5391542814775208,0.6677935248010447
center_g25,661898,mobile,0.36160716326106634,0.3488178864323849,1.3938307304050244,1.0126853005955985,0.7692451798152911
center_g25,410cbd,poster,0.30306345343525665,0.3104606299241195,1.83494959474383,1.1707655134230384,0.7342787807806154
center_g25,e9f3a6,poster,0.14251191392669224,0.31744680111484774,2.0761856005491905,0.25379735050697155,0.5265067928740745
center_g25,90181f,mobile,-0.014556651843940584,0.27586305622183926,2.4339108398155442,0.11914276267632233,0.5502791900402189
center_g25,90032b,poster,-0.03875675359280375,0.19135301260195914,3.1353796040238624,0.006721898637268709,0.4812865722527883
center_g25,1b0094,poster,-0.08101304660953715,0.2652513712440979,2.9783431734230588,-0.060702323256311086,0.44642414793839474
center_g25,86d1d4,mobile,0.03173270081903946,0.24666167005523132,2.0617358659486165,0.0379922904647857,0.5691200868131128
center_g25,2f0568,web,0.21966115749274517,0.31423083255220885,1.5329446502631208,0.6127831919792044,0.7035665671876106
center_g25,e643f8,web,0.35356972839979384,0.3017463472700718,1.4897861456895587,0.8365647879324729,0.7403469719025904
center_g25,78fccc,web,0.1902041213732606,0.2740108593771094,1.7668604791449938,0.5697108979949381,0.715115191205539
center_g25,d3a405,web,0.4457437550602703,0.3685000416484643,1.1895944313282631,0.9720728380088245,0.7438129033653729
center_g25,81627a,web,0.1463208736833504,0.26351248748279427,2.0768964428973224,0.3693191764327587,0.6296816359488756
center_g25,7c8c61,web,0.01071934047837123,0.13484768913000028,3.1495261804389534,0.10221368026529737,0.5243116792544504
center_g25,31eed9,poster,0.5138845286745184,0.3735283812781378,1.2102270605972814,1.8105316783139755,0.8653775463793801
center_g25,b81b5a,web,0.3257078866052485,0.26464386994155775,1.6363823824222388,1.0970934075298977,0.7812190503567866
center_g25,3b4d85,web,0.138137306128423,0.2870726472636985,2.2520054806200136,0.36143643553764226,0.5727106198529459
center_g25,95044c,desktop,0.4385268848617648,0.34903912438447104,1.3763416447896555,1.3085945420294722,0.8241940885721155
center_g25,94bf23,desktop,0.17608092709624856,0.26367488579670817,1.9766448059799837,0.7093652685024928,0.7200325986600357
center_g25,a752c9,desktop,0.2390768477277596,0.22413107147868983,2.0467876788232506,0.8195367196264975,0.7238505676410589
center_g25,1655e9,desktop,0.08870862271721855,0.20631358783853115,3.064690121977176,0.299286825406928,0.552171983221007
center_g25,61a325,web,0.10795069308662535,0.23650059542787627,2.1545576449310353,0.22120288970662652,0.580426602420534
center_g25,5fd00b,desktop,0.26806088573304665,0.31215571091450534,1.5323009539809276,0.7279494310289614,0.7379777884655665
center_g25,4238a0,desktop,0.45433568150700565,0.39290768088929123,1.888518961713784,0.9307890782754442,0.7076440667670767
center_g25,6177fb,desktop,-0.10545956402572265,0.14165861254528042,3.840062769507588,-0.16188878733296277,0.41174113750413743
center_g25,24f619,desktop,0.4112809945605158,0.29109277218183865,1.4454971381920139,1.284293053747063,0.8370021032125465
center_g25,7142a6,desktop,0.35899935121325627,0.2594143034651038,1.7554297995886143,1.7188657360049047,0.8713047180006566
center_g25,a6f08e,mobile,0.049308204775075366,0.2974690785673085,2.47357334896343,0.09513797984924337,0.5200767559316049
center_g25,04741e,mobile,0.21362278778909055,0.36561596535278695,2.632988724199341,0.5092457011736936,0.5521419234009891
center_g25,cf815f,mobile,-0.025219392678969766,0.24529887862325486,2.6383790146160444,0.0267510384059761,0.5116261571060439
center_g25,6bc1d8,mobile,0.22058866778843395,0.36304306265382985,1.3845524183559041,0.47997576373843404,0.6935627482507012
center_g25,13642b,mobile,0.008809112990791155,0.27421760162489384,3.232397041400104,0.033402580843589234,0.421231978918856
center_g25,3a98e9,mobile,-0.1702645756634717,0.15695168432002493,3.535840055856317,-0.37149004071625186,0.3871838277003406
center_g25,bf7fae,mobile,-0.1631766943740413,0.15841522207761902,3.4522817882737487,-0.23768778214619957,0.3992418510104
center_g25,e82dd7,poster,0.19285146009549142,0.1532029294492037,2.3877498025848976,0.6577057764616042,0.7152691902473085
center_g25,9a69c1,poster,-0.08346645938381195,0.18280900039692394,2.5138832094125885,-0.19143999288938193,0.5141985930749202
center_g25,297a9c,poster,-0.21427835097185927,0.05816780584372644,4.813049777568587,-0.6306980965062261,0.29799811008025523
center_g25,56669a,mobile,0.059104630642250466,0.32307223588290385,2.511035413964458,0.07651624928591014,0.5216922954835802
center_g25,9f1d52,poster,0.08438226760008699,0.28978030776398533,2.9299904180219767,0.19191983948936323,0.49892530112342737
center_g25,b3b08a,mobile,0.4903827852595878,0.39470622323952664,1.1656413116397992,1.1285678776435397,0.7715954254385448
center_g25,4f5fe8,poster,0.09274981805279728,0.24864232440316342,1.9863419060533436,0.21019402477550442,0.5855064487056387
center_g25,cae3e9,poster,0.05723513313998932,0.29700799018860025,3.372937532043443,0.13566542370625737,0.5015577474389471
center_g25,29b4ce,poster,0.03620090745668613,0.25180852523529623,5.515111971517824,-0.02722322929798476,0.40322264076960385
center_g25,927a3c,web,0.06680464382713583,0.22050721689196617,2.2679917695010956,0.18508505767853514,0.5466480987465995
center_g25,ae747f,poster,-0.082695673309229,0.24237269149864835,3.918195333494098,-0.013705283344301248,0.49926067684549275
center_g25,83f4bd,web,0.27723554962280117,0.30944570932212884,1.7536997108232388,1.0063884710467657,0.7511639118446086
center_g25,05dac7,web,0.3664402937145615,0.31712883373865725,1.4050054041868332,1.267468886740333,0.834942486217056
center_g25,9d7510,web,0.04560036524764516,0.23983364374413235,2.7652675418763475,0.2272304592749527,0.5522461086134262
center_g25,e5a7be,web,0.23302025734954288,0.20805039881068407,1.963456371883916,1.057753491735642,0.8097214911944886
center_g25,ed473c,web,0.17336398005792963,0.26346663616152,1.811479373686027,0.39932263751786534,0.6260998520639355
center_g25,b5613a,web,0.37608831504826823,0.3336662294620055,1.4435853054124845,1.1662465430133166,0.7806309876612015
center_g25,12be73,web,0.25248839365870823,0.3232907991971652,1.6385260298942959,0.6691150790566995,0.72259827314234
center_g25,0b777c,desktop,0.16285622740039135,0.30093982867313673,1.9350080363083837,0.33880026422633785,0.5695450178522181
center_g25,eb0400,web,0.2841111143309649,0.30586847932275263,1.5851620228453813,0.97101184624448,0.7583803045998102
center_g25,aefb83,desktop,-0.014288344207997121,0.13690822980486772,4.455173478480077,0.12669649667090413,0.4971210965439473
center_g25,b889dd,desktop,0.26217691634751183,0.2409704058119583,1.8488855613886164,0.8675546110215355,0.7567153566406837
center_g25,e864da,desktop,0.03372405687328363,0.19420990137923133,2.474181833228632,0.1198091771481119,0.5933808650845315
center_g25,a46e4b,desktop,0.2133259128409038,0.28646678663359926,1.8816726499944367,0.8896158328669227,0.7664089108370684
center_g25,6457e0,desktop,0.12027275206666799,0.21100694235715808,2.3419450967499635,0.37885006579640196,0.6717306738077924
center_g25,c78cef,desktop,0.17985010203910043,0.1616914512010669,2.3046370182095126,0.626594897268669,0.6841513706517988
center_g25,bf4440,desktop,0.10367239760584321,0.20622359414090385,2.4842154994911065,0.43165799595638354,0.6457319556571182
center_g25,1dd3f0,desktop,0.1474812395161169,0.2526686911174371,2.0428475135629363,0.4651537048212864,0.6698040164446989
center_g25,298ce9,poster,0.5041679153386176,0.43541507307750843,1.0197883794139515,1.1379216445370859,0.788776638696925
center_g25,10c4f3,mobile,0.010828634018018209,0.19418038358368034,4.589836177388131,0.029988374311156984,0.3924881221829728
center_g25,7db957,mobile,0.031372260496992335,0.1899681670870495,2.9328628116407494,0.06883762435162434,0.5182073480840885
center_g25,aa6f23,mobile,-0.2400839801497115,0.1843426683281268,3.377352356444528,-0.44685030493868855,0.39864242407565065
center_g25,49b3fd,mobile,0.3287865025727737,0.41850960487944383,1.320013529613342,0.5724910518433641,0.6879898745617248
center_g25,5d47cf,mobile,0.11908090797345096,0.34403344394512125,2.355656146663608,0.3264770038420055,0.5737744183301877
center_g25,da1a17,mobile,0.06440488060855598,0.23479169463345986,3.1748046756090087,0.2418470441298629,0.5232975790798595
center_g25,88c36b,poster,0.013237037732267691,0.20573269303876787,2.2979528193100895,-0.05097404856492297,0.5146094813855224
center_g25,2711d3,poster,0.15104221916056723,0.19188404700804748,2.341261251054704,0.3504050014483549,0.5892186905506782
center_g25,d7beb9,poster,0.1853508701734836,0.25580008745260535,1.8943922978023178,0.305456421354716,0.5964946528865419
center_g25,6975a8,poster,0.2362897659125371,0.23373000006885566,1.975746103253193,0.9554629668142767,0.7320599145167521
center_g25,a886c5,mobile,0.37131253955195986,0.3157496993784154,1.6825286355865947,1.1299566783650912,0.7777069379942076
center_g25,378c6a,poster,-0.08256983958015872,0.2013896067904826,2.603895672423093,-0.2437156011866718,0.4497567348691348
center_g25,8f0277,poster,0.32118259829574347,0.2401447295258115,3.073924976456179,1.0789683698263701,0.6927420328385901
center_g25,b6c589,mobile,0.18227338780433558,0.25465735584212357,2.3455589381454,0.4487835312318742,0.5972281392071197
center_g25,a8e85c,mobile,-0.0022942033795044594,0.18515632269623897,3.8355813889715864,-0.11455991600010064,0.42688707636293277
center_g25,83df37,web,0.5006520075114544,0.29774898261456695,1.411597785878825,1.6000611053739529,0.8753847598601817
center_g25,8bb83b,web,0.24574310580684863,0.2861267977624966,2.0131086634382425,0.6682361713772184,0.6654683830973959
center_g25,0f5056,poster,-0.05538252011548016,0.17665246824026035,3.7115192930303875,-0.15766741898468445,0.4171186213868551
center_g25,385881,web,-0.037842491941575594,0.13581211257160197,3.1547427848311065,-0.06424270800993657,0.5131481083513575
center_g25,f51c26,web,0.040773441835490254,0.21233816602390543,2.2622031544000785,0.30922680350498527,0.5877908264591948
center_g25,c7af8c,web,0.2193286528495782,0.22175605037285956,1.9166327148038729,0.8203848793688416,0.7772062708631733
center_g25,dba9fe,poster,0.10358489391133398,0.21186338893015902,2.789778837772032,0.3518511555551074,0.5951095411659385
center_g25,baf38d,web,0.02843222360211309,0.18571830576274753,2.7968379672859744,0.25269281781605996,0.5690683522251707
center_g25,d6f09c,web,0.26104380598512733,0.20435327749001997,2.087870047014156,1.4324894284269287,0.8596092068194044
center_g25,e84071,desktop,-0.16606302070373247,0.1835384469204278,3.3299280117613783,-0.3944541063807153,0.401722210808484
center_g25,302489,desktop,0.32893438982837464,0.29773286890378553,1.5669629796700013,1.1935310953546414,0.8218878600823045
center_g25,631570,desktop,0.07840325042311333,0.21585533128786089,2.240520401551528,0.37534079656539576,0.6512244937157503
center_g25,7c5f79,poster,0.03985701564646663,0.18689576344688252,2.621362072114265,0.2676673559420966,0.6161333454748709
center_g25,02622b,web,0.23083462118647702,0.22532714740969362,1.8850852588860922,0.9510736477469326,0.776390992739084
center_g25,d7049d,web,-0.0006914033911871471,0.1248654776208704,3.310298537733594,0.04312325612107227,0.5586020533151103
center_g25,b57c53,desktop,0.4618298095052119,0.3776942489740046,1.208504263204155,1.2200545552885396,0.81580499592812
center_g25,3a9ac6,desktop,0.015225658436106924,0.19438872720948855,3.5474887561252153,0.14757702116484053,0.49696587985390994
center_g25,f466b1,desktop,0.29491624765417,0.2673987196550944,1.7228927745873572,0.8912696099938243,0.7361511647681602
center_g25,425384,desktop,0.21151029118781456,0.23657244428263144,2.5115109590510376,0.3979552826002061,0.5845308999721268
center_g25,8b14c2,desktop,-0.021730781386779814,0.21564934216089934,3.0747504359897238,-0.027418461656206296,0.510396322284792
center_g25,cfa83c,desktop,-0.016635194095929614,0.18251905005944957,3.1248147792904075,0.08436065120181381,0.5377035707383178
center_g25,501b73,poster,0.06733257406214174,0.2584248835613552,1.904171028825368,0.17267334423272088,0.5616246424047003
center_g25,70e38d,mobile,-0.06635958990459728,0.1900166322472957,3.2388105275820918,-0.06516046639050618,0.5309974135735747
center_g25,f657ff,mobile,-0.019630585815523755,0.2843395415685416,3.2379971964435583,0.06889211702530772,0.48608640921980784
center_g25,15723a,mobile,0.31342303251996617,0.35454364918256775,1.7295251805191245,0.5863225642342427,0.6511852678289258
center_g25,01e2cd,mobile,-0.07528457110503993,0.19353965624249025,2.95363801721048,-0.1727356465387857,0.4915475005177795
center_g25,906fd8,mobile,-0.10067097994175107,0.16260450689566414,4.123682201216608,-0.23185620358971876,0.4030547587990131
center_g25,8afe09,mobile,0.1879760773579207,0.33030306216853494,1.6763448321446979,0.3184692228893878,0.6124780543028523
center_g25,91b2d6,poster,0.24217420868528355,0.22469409633842688,1.964450951009407,0.7415253452176794,0.7243069599896457
center_g25,d73e0e,poster,0.09366327663726182,0.33905961398360607,1.4378974842384995,0.17461737853350548,0.5949575008604088
center_g25,8b4008,poster,0.3522930884578358,0.29514068509577807,1.5942877785819938,0.8871372649962186,0.7029214488417272
center_g25,f4641f,poster,0.3372586961466463,0.3428897932258639,1.3729133519854813,0.7028868319481966,0.692598884293467
center_g25,949f72,poster,0.27860450851175644,0.3646723060711303,1.4971119318356623,0.6944623949215827,0.6819750690219731
center_g25,d073b7,poster,0.11314521788497159,0.24644313883488472,2.0951187630871666,0.26950334638271567,0.5581823505532006
center_g25,c1ad1f,poster,0.24267690615510906,0.28331636424459955,1.6505268976635694,0.6996207127858949,0.6957497130260566
center_g25,4458ae,mobile,-0.07965544616522255,0.20178085783875618,3.3656583214537026,-0.26308839939980316,0.42205863179470826
center_g25,dd9efb,mobile,0.23028078679852734,0.3734022983567076,1.6726202543852042,0.5157328919527427,0.6826363035599362
center_g25,233a4c,mobile,-0.18369576816421623,0.1517056172796305,3.514868460797427,-0.4509325936790284,0.3840476428094637
center_g25,3930bc,poster,0.49285275985726795,0.320645624492541,1.3374555247435853,1.8618975771824444,0.8877074292568087
center_g25,83ba29,web,0.252553063480334,0.2585454871782894,1.8278530770166885,1.0071552588249866,0.7756163758847167
center_g25,25acbb,web,0.12851503345152565,0.22789396891181724,2.1490197885025264,0.4054070702773014,0.6304139199566834
center_g25,224be3,poster,0.31599899276192556,0.4454570490131483,1.0385240673751295,0.6509359393364496,0.7321813985775073
center_g25,314e90,web,0.15860528154049147,0.32126464940219496,1.770743277697185,0.5411461625314999,0.6562491818198233
center_g25,660b15,web,0.21906510958609704,0.2784649829917911,1.8708144430862594,0.6572349580676011,0.7037902509292701
center_g25,a8a8fd,web,0.2361813021107434,0.2906003749941959,1.6602563623603475,0.5986054330780791,0.7022580087942383
center_g25,479d3c,web,0.15893230417545107,0.26072487319195414,1.9752951353915156,0.5849775772645267,0.6597398001736772
center_g25,2154a3,web,-0.02666039531190862,0.15953050192905407,2.4304639268117016,-0.07421555427352618,0.5420380852839706
center_g25,d499e7,web,-0.11133459145243238,0.1508112625209909,2.7117771267845683,-0.21260236831209278,0.4725125566866774
center_g25,61a9f0,desktop,0.2647779997505818,0.23513011054165278,2.1924176157288087,0.9064957887636119,0.7233322664295383
center_g25,cd1a8e,web,0.4042846505266842,0.34888305511500606,1.247662284888245,1.0446799526408872,0.7901833173358038
center_g25,48a5a0,desktop,-0.11332342341659211,0.10705494946375294,3.6598961448406535,-0.302027899765195,0.40698662241311784
center_g25,33eb5e,desktop,0.30012556194783785,0.28291156435309184,1.7594004959998366,1.018117643746128,0.7676199963906463
center_g25,a03205,desktop,0.2495005955062077,0.2089238998872018,2.067730950630833,0.8870778274505287,0.7034448536278866
center_g25,5dbe49,desktop,0.28816618172883224,0.3282500054571156,1.5994723640574997,0.725533620434743,0.6724461621103488
center_g25,f4c1e4,desktop,0.25100013039210345,0.23558408682431625,1.8985465411380227,0.7600278039045021,0.7313906931029882
center_g25,c2db26,desktop,0.3426151068465506,0.3189766157722652,1.6722732769825548,1.0467428272156543,0.761697511559641
center_g25,e07498,desktop,-0.0689648760037527,0.1284139418145578,3.8344773404310377,0.2265390916840694,0.5680940296892676
center_g25,c05cd5,mobile,0.09360403208821756,0.20248200467337119,3.208595917288497,0.284748252531939,0.5536251401464675
center_g25,11f8c6,desktop,0.3441839559798761,0.30306764969579447,1.6017952973897798,1.3393988419848661,0.843425954095755
center_g25,ec6510,mobile,0.1619517120101372,0.34249789549545273,1.8890528875167276,0.6050128927759822,0.6549080066781549
center_g25,cdcaf8,mobile,0.32435821442334756,0.33948336682979874,1.633407577407155,0.6078592582330986,0.6509006947256575
center_g25,cb23a7,mobile,-0.15833019953483013,0.0726401079978061,3.759323268769264,-0.5111140651353338,0.4015786903427955
center_g25,2ad467,mobile,-0.04201852647589206,0.18434623083779658,2.8204560694835696,-0.03298626385652474,0.5532813175838504
center_g25,b65aeb,mobile,0.08987556601553867,0.31990695730534063,2.2805425091277747,0.01681748068667138,0.513903624326282
center_g25,2fdaaf,mobile,-0.06676300799108356,0.19050446663150053,3.0377157322209913,-0.10371068993961714,0.4948724490218249
center_g25,00398c,poster,0.14135699943067642,0.26122041543764285,1.8972018834789284,0.2832989245833542,0.6121078099149767
center_g25,8c765a,mobile,0.4273580284802768,0.37714595049597843,1.1457253799289053,1.2495931268009515,0.8173761525057011
center_g25,5fcb22,poster,0.11792468374056914,0.24141360063508288,2.2818605522613473,0.330797981462135,0.5869237908710468
center_g25,35c59b,poster,-0.009008166104793026,0.19370690239733435,2.357100448361589,-0.0590719208493273,0.5155950677187191
center_g25,955a79,poster,0.066381679071839,0.26031847394292823,1.87530984091641,0.08854830778161984,0.5432209200351215
center_g25,ca49ac,poster,-0.07672140124555588,0.21493257789992204,2.784627282880752,-0.19393137546540481,0.4652804287888772
center_g25,7cd2e0,poster,-0.06280827381260902,0.13231530123762114,5.689418800399356,-0.13357984357071384,0.4493885740935305
center_g25,ed727a,web,0.1703513332772395,0.24291881122816908,1.9794700794822595,0.3744668140051578,0.6311489011928786
center_g25,0c11b6,web,0.01984264363853553,0.1948514683366246,2.6157207263922606,0.16783105617870178,0.5724953561283559
center_g25,e5635e,mobile,0.13997877432704897,0.2587238728166888,2.159092691816707,0.2964152895562407,0.5944373446796885
center_g25,26781f,web,0.08346219180144691,0.22871188526221714,2.1995755027825146,0.4015248702682266,0.6024085418744024
center_g25,3eb8f9,web,0.49695569671098155,0.35588804978668825,1.2707649660062494,1.5181993946346866,0.8510318360773763
center_g25,193df9,poster,-0.04931837565493563,0.13698724750620236,2.900308790390889,-0.2787274486762634,0.4897429717588182
center_g25,ecf627,poster,-0.2021692930067724,0.1437409937161861,3.957223763345874,-0.525431376911147,0.3303949766241697
center_g25,f50e6b,web,-0.06537701678553687,0.1113952297526165,2.7118514971267564,-0.21118869439389737,0.5180966032814409
center_g25,719127,poster,0.23312470193182785,0.32590599261650066,1.4270295294330675,0.5454350673837851,0.709695240935169
center_g25,74afe3,web,-0.1353324306190231,0.08280636138139295,3.7018365177655728,-0.3551885433322676,0.4554292446051782
center_g25,54bc51,web,0.01732387588572684,0.21797289123116284,2.436528673753923,0.30025634840105814,0.5587298294851537
center_g25,5f1d69,web,0.07014727535028528,0.16200052765679074,2.6543925180303707,0.3963062368210099,0.5960231104586914
center_g25,c9fe43,desktop,0.11238230581771436,0.2929392740206429,2.1409766998118758,0.3198575626749882,0.5792856902857416
center_g25,50ebe2,desktop,0.15953380830401637,0.3767790245076764,1.923320107321402,0.4030412680450809,0.6103593116145816
center_g25,901003,desktop,0.41944783645250894,0.4190302655451867,1.2004339228596004,0.8719408591206499,0.733177784859609
center_g25,cca312,desktop,-0.006599799844542977,0.3331939153625264,1.9794732475315473,-0.0054668504167835865,0.4929823136199498
center_g25,c3709c,desktop,0.3309234431033107,0.3815197637322372,1.4264822419969463,1.0895580681785042,0.7957490748366624
center_g25,0f8ece,web,0.3981923495758169,0.3136158852722348,1.4794781281407743,1.0688383150331426,0.7782151748612895
center_g25,8ed8ac,desktop,0.0381266211107925,0.29497846198492284,2.8211978306935523,0.2222977128730297,0.5449169101327611
center_g25,57f74a,desktop,0.3858892240938615,0.42675709754032143,1.13852237657092,0.705590935072574,0.7194264575944876
center_g25,7f9e3a,desktop,0.33443783795997856,0.3446638535957436,1.9738945859719461,0.8028987766379876,0.6594613213728798
center_g25,15ac57,desktop,0.5378453992314489,0.4495865294511271,0.960944037437323,1.3842052478608857,0.8167332777785405
center_g25,efb9d2,mobile,0.02151216228991224,0.2620128495737274,2.8101371779431887,0.018359423832325084,0.4839260557862901
center_g25,ea3c8c,poster,0.1255203732159851,0.29972452041077,1.5043542300440265,0.09931202810016837,0.5622528542135268
center_g25,c3f5f9,mobile,0.03358590957924677,0.3709514388350005,2.056785004396899,0.10771075514368768,0.5371744294255493
center_g25,0a0c95,mobile,-0.11238195889299768,0.21104745504411526,3.3838271086260776,-0.16150350068946598,0.4567267395490295
center_g25,533daf,mobile,0.0577161607782214,0.35675655706800613,2.44948362697973,0.15958768460533296,0.49835092024535743
center_g25,4d0fc2,poster,-0.023192394713827422,0.2681675515361239,2.4574418389203623,0.05421612017647847,0.526559315027037
center_g25,3d29ac,mobile,-0.17521576179879622,0.2678080585049286,2.6571549751390084,-0.3037694817897756,0.4420274148275398
center_g25,af9990,mobile,0.0954724980781197,0.3995423845489443,2.4402533463281584,0.28631234940802347,0.5387593258771571
center_g25,0ba80a,poster,0.5413089404535174,0.4357114371539562,0.9910781509657837,1.5334556560798716,0.8621715303359663
center_g25,da75d3,poster,0.11730328322045772,0.3268795179700343,2.170773676186328,0.21404665468998574,0.5500332422178068
center_g25,aefca8,mobile,0.1908492874718653,0.3946520865257527,2.171741332929399,0.4105163984964411,0.5607407070543589
center_g25,58033d,mobile,0.1275365059526246,0.36879290581785246,1.7203486544516542,0.3182904700431033,0.6396328772998754
center_g25,50802a,mobile,-0.10525632632172885,0.22196330365767367,2.6550619745285475,-0.1948091780776446,0.4671148143156457
center_g25,c4be71,poster,0.12209273891024328,0.37742088962139236,1.279592088406362,0.29696976821336984,0.6234753142352422
center_g25,f3cfac,poster,0.009482562297149378,0.3509308107228128,1.9588020933120178,0.1597284048548322,0.529687985889263
center_g25,8f64ff,web,0.21222587056461562,0.4756351762171033,1.1992649150093089,0.3437874169450421,0.5937694033067402
center_g25,abc926,poster,-0.04397226676917629,0.2601139586563187,3.4776881562052337,-0.021318409175647035,0.4669840613270444
center_g25,de022a,web,0.35507885349097584,0.4117461289068352,1.1881726822873941,0.7306342981390618,0.6824046717469096
center_g25,25426d,web,0.33080355326644106,0.3564188834444991,1.361186811590529,0.7112162776439901,0.6916095993979449
center_g25,0950e7,web,0.2010003203751311,0.28844330211034874,1.6236039310881578,0.5831018715641385,0.6973839979541074
center_g25,aa24d4,web,0.16383260146546852,0.3428392648365555,1.5322950912423823,0.4587723675012772,0.6506585503266664
center_g25,7ace2f,poster,0.14846364358199554,0.43409605872726054,1.318356042844203,0.18358304672008427,0.5699892546171855
center_g25,e9b913,web,0.041928658389708884,0.2605655061414989,2.0223537154706612,0.16141543412602763,0.5523785123023621
center_g25,457230,web,0.31826171532895653,0.35223013900393063,1.4468948679477682,1.0492849487070668,0.8024013259320925
center_g25,72e45e,web,0.02957154240393355,0.30928252884963875,1.9045496101978316,0.12588989465100806,0.5478888023954065
center_g25,f961b1,web,0.1604620214142776,0.27361299318760435,1.885526921472979,0.5510629557944581,0.6936007437169431
center_g25,c71a6f,desktop,0.1299921546830423,0.22418947310839585,2.542132628587219,0.45575613333096493,0.6313804648375749
center_g25,673d4f,poster,0.21205135627974897,0.39535479278604024,1.5750318791994968,0.3580162214275581,0.6162747022347753
center_g25,c92f85,desktop,0.22467535083683735,0.262567726565622,1.886234916435529,0.6955159760630969,0.7080190857796971
center_g25,f1e0ee,poster,0.3880004405761812,0.44512708192453265,1.1214507669163927,0.7340349150339149,0.6536553134093348
center_g25,1b984b,desktop,-0.08978499724606938,0.15240905167280278,3.2176732416031197,-0.23925114426725902,0.3940650347384258
center_g25,244817,desktop,0.09421987768077762,0.2652014542993588,2.0657048551063393,0.18586321344365328,0.6137940422777901
center_g25,d3a241,desktop,0.3351993578760384,0.26371150561673007,1.8820068978694668,1.1616254071809975,0.7493467935900958
center_g25,b2c74f,desktop,0.15791136692521032,0.18492068362310493,2.327071026608175,0.8858892910869011,0.7952135508139732
center_g25,df67c6,desktop,0.08403949846192471,0.2538557765247666,2.733531618786763,0.3345166706439748,0.5941372491063869
center_g25,b2165e,desktop,0.11728602264304384,0.20079055427540057,2.425713341454733,0.3659770506381468,0.6531943721536956
center_g25,244dfc,desktop,0.2393086310515281,0.2484700057280384,2.264674855840448,0.6396953388773284,0.6480078055379672
center_g25,3c465a,mobile,0.06456074597527582,0.26083529917466175,2.979488791019971,0.06132611534951767,0.4857633841394514
center_g25,151d2e,mobile,-0.07665420216341232,0.21749288889333768,3.6011116709218696,-0.1281861882147649,0.4131548226086896
center_g25,9620b2,mobile,0.2927121115851521,0.3598549974206924,1.6144710808839207,0.6263502133056545,0.6303867999946864
center_g25,fb3c20,mobile,-0.05129757484478312,0.17182520827846787,2.700163458480275,-0.22506484914896477,0.5158792849860542
center_g25,abf2a6,mobile,0.009747089352590686,0.27096644065658676,3.236501134888758,0.05473230809729348,0.4470670534174829
center_g25,614eae,mobile,0.4547871707589598,0.442288409761173,1.1434776576204695,0.8345489775029967,0.7134172807233106
center_g25,bd8797,poster,0.04203599847314306,0.2051829925016619,2.0126974729795033,0.18107439706294756,0.5975065980397576
center_g25,76e1d9,mobile,-0.09774833832038635,0.22692870202816823,3.8663189706615957,-0.06018817981879631,0.46913539297526935
center_g25,b9d4f6,poster,0.09698009654204556,0.2640594445766006,2.2218620492346033,0.42710011203914994,0.7061396201620751
center_g25,34c262,poster,0.3483046286457722,0.3928734250158144,1.7287671473016513,0.6947136077638336,0.681813419808206
center_g25,091ab0,mobile,-0.0062408242260777284,0.2883274243868057,3.1678216342196204,0.06961156434477726,0.4813894564755587
center_g25,bca872,mobile,-0.008507728563420946,0.24086000363885457,3.036397008915746,0.04262032094932713,0.5094313301426552
center_g25,964f81,poster,0.23763452517573083,0.30825795341691553,1.70366656850424,0.6684292879859827,0.6849971347500137
center_g25,ab56ac,poster,-0.02931191548039091,0.20005414022956178,4.131216593936053,-0.136300119004553,0.4883601762231866
center_g25,9e069d,poster,0.012760884029532495,0.19897660474664278,2.4340672306347386,0.0337354040615179,0.5189247008488537
center_g25,1a27f3,web,0.14027841611109393,0.2508628958562412,2.172011391886653,0.4631405609508613,0.6381147537185278
center_g25,d1e801,web,0.26815072628353664,0.2706142177870707,1.8999472013804435,0.9531437492580203,0.7199062902139463
center_g25,c2c5ec,web,0.22380647490001807,0.23257712123639612,2.0090324887337627,0.5958575848337035,0.671497221205965
center_g25,f4bfdd,poster,0.029377886898281004,0.22081449612807902,2.3106933219032357,0.07640568898462569,0.5343900055602733
center_g25,bef1f3,web,-0.0589793136518132,0.17086020018615586,2.9991312990652443,-0.017926474537400625,0.49492052513791024
center_g25,1b4c8d,poster,0.03362518699646962,0.22261386238171374,2.4183060245279604,0.10762152016093944,0.5871311083460182
center_g25,aa063a,web,0.14117498652868088,0.2186219071730493,2.152079732381001,0.4837692080734258,0.680996625516795
center_g25,1e79f1,web,0.1960597727520234,0.25361913386339885,2.072987574052777,0.6603633434269777,0.7072542989188768
center_g25,195990,web,0.046536119220829245,0.22922023622112409,2.0763870245009697,0.15256576049053358,0.5474354564133039
center_g25,824f2b,desktop,0.2697095586431184,0.27919069759586423,2.0177919091716667,0.8848415596505864,0.6952695606410657
center_g25,ad1e05,desktop,0.182733535653909,0.2683492221928177,1.839795551741519,0.5351744082809824,0.6972889875427802
center_g25,a128c8,poster,-0.026725611574846035,0.19434273106004754,2.71859908131135,-0.2531603342905778,0.3865202097492156
center_g25,2aff6a,web,0.42330932723377157,0.34474202155678974,1.5639658850536187,0.9780142084817888,0.7199555263462627
center_g25,c3ac4c,desktop,0.0029736167743321254,0.21532890684477213,2.597149205223401,0.05832260026984449,0.5277749498283114
center_g25,27e29a,desktop,-0.0470104215579178,0.15939296591078758,2.581119597775849,-0.06874264019548514,0.5274435190283295
center_g25,9b3896,desktop,0.2232551300227415,0.2954628241770289,1.7036543329954097,0.707275734894037,0.7413463550936891
center_g25,c8b126,desktop,0.17141521447024377,0.23936558817396122,2.100369662171228,0.4992890435829736,0.6529112696517628
center_g25,b3e3d8,web,0.2842362410299949,0.25900448833797285,1.8235481467728054,1.0338679363177155,0.7703430163069754
center_g25,1a03d5,desktop,0.1765764808564091,0.27369007690822733,1.8306718464954734,0.4871488857217005,0.6767410223292161
center_g25,40e990,mobile,0.06562177904993212,0.22301061316277507,2.759568480432889,0.37362164719752394,0.5743638650720344
center_g25,991446,mobile,-0.14924800203211203,0.1715747128814871,3.433519204814022,-0.3655066803778217,0.38933663774083455
center_g25,c0e167,desktop,0.26510118940937893,0.2923124449005681,2.0347130381377747,0.9318072357076574,0.7346451693187862
center_g25,0f1984,desktop,0.02058281026499301,0.20712404331098677,3.2608795743322556,0.17025704292231317,0.5715968467919769
center_g25,c01b8e,mobile,0.24082609366143118,0.3843970428112481,1.607941609902952,0.29118041238373765,0.5982984377052658
center_g25,0e136e,poster,0.0348506537636252,0.22034388288134327,3.872472644424808,0.04015874012846364,0.4848271621663764
center_g25,b44e33,mobile,-0.19076012127845665,0.15022221520327264,3.665829658204613,-0.47893490693523183,0.3506355725288838
center_g25,5d66d2,poster,0.16441651389310358,0.19565144648207858,2.1630066042386793,0.7854151432384653,0.7738850172631243
center_g25,46e638,mobile,0.21456089864426728,0.3705197881666882,1.4903436971343444,0.34050097730030354,0.6406414116277068
center_g25,fb2cd4,mobile,0.05638046065215239,0.30938721120907625,2.8766590077912397,0.08897010272654156,0.47222397676673233
center_g25,f9ae9f,mobile,0.051115667153968564,0.24170178855394775,2.23127229233357,0.269209055974338,0.5914995474656796
center_g25,4c739f,poster,0.13048837836247026,0.32548008898093683,1.6680989130492883,0.3446948541235742,0.6149454888308674
center_g25,83a338,poster,0.2499054583829708,0.3092127949814592,1.636720136670685,0.6486196379919587,0.7433285165688301
center_g25,13ae19,poster,0.3771736897815053,0.39080076207494324,1.3145756754247198,0.8762024913613408,0.7632636892705563
center_g25,0feea2,mobile,-0.16090412830312786,0.1808770964384562,3.4674494595608345,-0.21271240164948602,0.4388960777960346
center_g25,d889b1,poster,0.0864795228360716,0.2409588509571433,2.2093453351698433,0.21087031997640107,0.6231535967423447
center_g25,4b9fd2,mobile,-0.05371423032229021,0.1800312890173651,2.5831225155873363,-0.09988294881919182,0.5600240867945768
center_g25,8e5bd8,poster,0.603138445133536,0.45311673756166415,0.8922578513643437,1.8428151631695884,0.8859107567127625
center_g25,abe796,web,-0.004795147688664511,0.24442451174764485,2.063643136731961,-0.11993237763027957,0.4776544698028554
center_g25,8f9844,web,-0.013799841300303288,0.1652352088531215,2.9116120521062956,0.03881235032462974,0.4882318529586191
center_g25,92b95d,web,-0.0968864284930211,0.24107971734975803,1.9201435414375918,-0.15979576151268599,0.5062307311137709
center_g25,c05976,web,0.060912090949283154,0.22077834232802918,2.288435733337722,0.351201949394529,0.6292027298577743
center_g25,6047d3,web,0.49946639533522635,0.34073348848585494,1.2523222550064037,1.7131719964866443,0.8958448614392495
center_g25,5bfe3d,poster,0.028364095728558643,0.21582368408841862,2.5888379950270717,-0.006882011817045517,0.4958397894408193
center_g25,a53761,poster,0.09998830581032377,0.25961679867232695,1.7721759811131061,0.2562708520592147,0.6208673997093932
center_g25,b86b7d,desktop,0.19839740942995282,0.1483289035451686,2.839493012867996,0.760233293019791,0.6431961534955793
center_g25,a8f275,web,0.24765697618678367,0.2501497551622346,1.862742735882852,0.7632490808409867,0.7239231062284464
center_g25,5887a5,web,0.016903766958895686,0.16255917842819356,2.559711937161661,-0.03612108593157905,0.5155650667671111
center_g25,825f33,poster,0.21982261886461962,0.31475151209142394,1.7150726051158776,0.48267624708266826,0.6750079531422523
center_g25,628715,desktop,-0.1315919767259522,0.12584440635633967,3.1179427928501506,-0.4153417556828564,0.40252630877789175
center_g25,fe14d6,web,-0.02078692068596568,0.14682920094915208,2.8171157658305255,-0.10277088441265612,0.5248450446570836
center_g25,c228a1,web,0.11860708595134778,0.24191112438089196,2.1840815450389544,0.3742297604192823,0.6113579575420345
center_g25,6fbe76,desktop,0.04761288516427118,0.16262059969426182,4.180063579240286,0.2600973179864222,0.524550675347304
center_g25,3076c2,desktop,0.022349857463615785,0.09505923323958301,3.1829988198730836,0.3337591711871266,0.6917130906788839
center_g25,c50a3d,desktop,0.18555873077483714,0.1629554755660667,2.6524678097467107,0.9097149223607083,0.7507298737411482
center_g25,9bbfdf,desktop,0.31947889432915,0.2401908256474367,1.9556089557264578,1.093681092480584,0.7579649384163151
center_g25,1c381f,desktop,0.22373575277438584,0.21250973736726136,2.005502379979998,0.7977817860271955,0.7533354114122963
center_g25,a7a9da,desktop,0.21446803928402136,0.19703900347595144,2.315153417405667,1.1346723498988829,0.7852437264890456
center_g25,815859,desktop,2.1954450448740713e-05,0.13261796027986741,2.8685964091036067,0.04617514329958611,0.6044524767567023
center_g25,598d81,mobile,-0.16884485870909421,0.047955625411308836,5.697426078354117,-0.30228021912599995,0.29891533666330583
center_g25,1a2fc7,mobile,-0.04908142721105332,0.21249776632631204,3.8052508317808176,0.003830944187527986,0.45575107862748515
center_g25,3e8fe3,mobile,-0.09574509158841166,0.15553276217620116,2.6791511723437056,-0.25680179154733723,0.5234080082241224
center_g25,f285d7,mobile,-0.09568955342238344,0.10715360925570727,4.3903094259415,-0.43156393662307396,0.3467151277288709
center_g25,66b3ff,mobile,-0.16862810331884256,0.037596959699087835,4.904909645164108,-0.6391194219829923,0.3291023613269841
center_g25,b92f85,mobile,0.05185786929722343,0.16674926764098374,3.847036883233266,-0.11015767543980817,0.3824976177873108
center_g25,eb06ec,mobile,0.20229503645171884,0.3304395903275368,2.0790431643252574,0.40947820863252393,0.6052153765671565
center_g25,31bba3,mobile,-0.14615525170776197,0.129731256031837,3.3347438272191585,-0.4269005209671303,0.4465532856886741
center_g25,5ea384,poster,0.161565021424262,0.2224891514902681,2.076548586927399,0.45911460227663503,0.6851653464426384
center_g25,7decae,mobile,-0.13843463426337116,0.1312730458034659,4.342226505712202,-0.24720086382241843,0.36990676655483656
center_g25,2ffa4a,poster,0.07156335526674917,0.17408515952123288,2.5729649132993386,0.12498800486840983,0.5404560471767623
center_g25,ab0c83,poster,-0.06759784460481688,0.15587954428955159,5.188877901169115,-0.2285810307554277,0.4318727544393537
center_g25,a6b429,poster,0.2605586789979162,0.3037397186272176,2.717650516804834,0.9035477797244021,0.6923986362137202
center_g25,a87d4f,poster,0.23683117294731637,0.2581333965881292,1.9658458729165071,0.5132686716353027,0.6276918581793114
center_g25,c6a6d9,web,-0.10358039933279478,0.11950270673169941,2.896448405253086,-0.24475762693829775,0.4649753729933487
center_g25,393327,web,-0.013229285886476736,0.0796958901451651,3.890657746706846,-0.15297596596443463,0.5072271833730349
center_g25,0af35a,web,0.07721784541320084,0.14204612163725416,2.9046930387944014,0.41209083892519016,0.6190039641289901
center_g25,b4a27a,web,0.057432368874074116,0.16684905798730643,2.2648750672560842,0.23358110055622647,0.6323952862638302
center_g25,4f7447,poster,0.0918317627508757,0.17285335840176558,2.602253111017243,0.3142459357635644,0.5416191497032359
center_g25,4f4f19,poster,0.14259303136095666,0.19324772000912968,2.559302403920216,0.43807096074638663,0.667159947618475
center_g25,bfa4f2,web,0.19751514171684503,0.24384461813787806,1.9086583769498824,0.7555144345569085,0.7432181268689603
center_g25,fe6876,web,0.08992325696303076,0.1889525964600854,2.4351102821459834,0.5091279361784329,0.6923117285238286
center_g25,e1217f,poster,0.29341878303363117,0.31167179162969183,1.4890261473895345,0.89703691566949,0.7774897372544066
center_g25,9f5081,web,0.19339483001021596,0.22438257836497655,2.038731889447221,0.775263470349696,0.706034616320566
center_g25,168b3b,poster,0.21078500813046258,0.3189758268092534,1.756442649874181,0.4024750772460777,0.6194255979761812
center_g25,b02217,web,0.11325665871098065,0.20267008571838488,2.2333595203440946,0.44434747861299173,0.6579640053353998
center_g25,6d8af6,web,0.02059147707226773,0.11509330093795644,2.7567257098516595,0.08883834715572299,0.6235935929975834
center_g25,a09cbe,desktop,0.4660999726392891,0.3482954618946874,1.2473856211410879,1.6285222161783726,0.865742191826683
center_g25,8b2ea2,desktop,0.2618405690990589,0.22312881204732504,1.9637290037992396,0.8268722370322477,0.727797179973089
center_g25,8d2ab9,desktop,0.16923520830831723,0.20112956643526464,2.079438189650551,0.42143951650010053,0.683162008771015
center_g25,815511,desktop,0.02208991136711337,0.19048503704608027,2.6099885438122987,0.007399440329984348,0.5447610607067488
center_g25,7fc716,desktop,-0.021642841791561035,0.20604177751868422,2.690574204752692,-0.08611617079232294,0.46969179024048285
center_g25,592b58,desktop,0.46203492628234893,0.3406461190914299,1.283894279443391,1.351728024375283,0.8479667398361824
center_g25,6c8b71,mobile,-0.11339234661377887,0.1921260540601844,2.9899308569576117,-0.2218185869006256,0.472220714967787
center_g25,aac5d7,desktop,0.5570812322179,0.38458560426264354,1.1306395060920296,1.823024839535921,0.8961579630331169
center_g25,2a8f6b,desktop,-0.06434320053971462,0.16256496311601393,4.9491949647408155,-0.06084918002883295,0.47972648704157106
center_g25,49e72e,desktop,0.1143738570217871,0.22495760814979604,2.3109971298848353,0.3430714032567342,0.617477314896924
center_g25,cd9e29,mobile,0.06406259899473091,0.2525010409391184,2.1355183664449444,0.2632770134220208,0.6011824443687043
center_g25,449b4f,mobile,0.0236024951857861,0.25923308288883307,2.7398532221079877,0.09960233054165131,0.4984158542553442
center_g25,bc43bb,mobile,-0.023714509049280845,0.2773460821200804,3.7811414412302287,0.13171196527790544,0.4641461548831329
center_g25,d1ef30,mobile,0.06263529238528273,0.2405456958333548,2.241802996110323,0.18587416651561953,0.6453280167039861
center_g25,ab4d1f,mobile,-0.1196612181571019,0.17570684625669203,3.4013258810298606,-0.14072366447363338,0.4949811078688678
center_g25,59354f,mobile,0.4315681228141652,0.3378012700936698,1.3404016508121774,1.2122716637101492,0.8084887425036721
center_g25,e18daf,poster,0.22189892847614487,0.33644914604204046,1.4112349854136728,0.32941962497945776,0.6003317377434403
center_g25,5db7bc,poster,0.08221602343382899,0.23767494621153656,2.3999961630914926,0.35250387597372274,0.6797445339140901
center_g25,5620ab,mobile,-0.1828188648364596,0.12512098938687166,4.770418009613481,-0.48668206413000015,0.3038655063931278
center_g25,d7cfda,poster,-0.07679402480619715,0.1768147600598372,3.9158638511111987,-0.24290736958714923,0.46323210474010035
center_g25,7c352d,poster,-0.01673211912768871,0.22595840584305227,2.8679734944337705,0.09375725636397617,0.5131139482923904
center_g25,0dc366,mobile,0.5805082161914679,0.4019329472372907,1.0340938394247186,1.5405233728667918,0.8241520127072599
center_g25,cb0c6c,poster,0.18046183236562024,0.21277833139692554,2.1006202242060916,0.5920084195761801,0.6966534993086133
center_g25,c79430,poster,0.08396969183275499,0.3181710823414425,1.9204999209449498,0.2451440446861324,0.6027165231984007
center_g25,2304c8,web,0.0800282022807192,0.17432777277768252,2.3029788957777515,0.35299549583058765,0.6701395999392175
center_g25,c84353,poster,0.21744806086524532,0.3663197129317304,1.3923859336831328,0.46067411401612735,0.6516215235096445
center_g25,a91f25,web,0.037143352781653136,0.16350053857091365,2.3800900120060517,0.09539457028409835,0.5779209747400076
center_g25,e7a5c0,poster,0.006336793619704493,0.2825118338806006,2.654658466000921,0.1260115660854024,0.5312649399460155
center_g25,853a11,web,0.04610114144703361,0.30418711329620796,2.051020067906602,0.13640932658999913,0.5091428696918014
center_g25,a44696,web,0.3515998897982555,0.2680340375972252,1.7638447260209105,1.1244326441949464,0.7509128560847398
center_g25,631068,web,0.1709101064223294,0.24742674467024808,1.7230117521590085,0.5562861664199231,0.734000126557018
center_g25,18db69,web,0.12481030094931028,0.19558106350547666,2.1666063571890803,0.4462294059998878,0.6959810109497073
center_g25,9aabba,web,0.2833411160282533,0.27029945170204145,1.9105163972896047,0.955140835963406,0.7317068129878227
center_g25,cac69c,web,0.23697108739630723,0.3014696574834309,1.9010802062131436,0.6558753567160951,0.6714933045309855
center_g25,ab4eb4,web,0.18780404712177146,0.2882405584262769,1.9946164696870357,0.4876941107100857,0.6317670552144867
center_g25,91795a,poster,0.07481084829942028,0.26674092560691537,1.787027946067453,0.10513336908588668,0.571437380862081
