baseline,image_id,category,CC,SIM,KL,NSS,AUC
center_g15,fbd704,desktop,0.44970636721496093,0.41027999671574705,1.151615155959511,1.1816232569732485,0.8146591987011921
center_g15,a2da71,desktop,0.17824613746977486,0.24774574138299565,4.137612072226203,0.18667863931548354,0.5552955150507123
center_g15,8b0b52,desktop,0.41008233674951244,0.397770513639097,3.2151270647856727,0.8776537559356298,0.6820206856738471
center_g15,2021b7,desktop,0.3193953389596057,0.3648777200150457,1.7971430866078522,0.8628806605149675,0.8194069431397569
center_g15,95b2d2,desktop,-0.07702685874132754,0.09598577133178507,7.271110154818786,-0.18843290880382613,0.48832203446795286
center_g15,d99b18,desktop,-0.043406329106165216,0.09573464609126824,7.130827573152552,-0.062340260351048164,0.4904086791312394
center_g15,2e93e6,desktop,0.44248101856291017,0.42210378010820976,1.8789562422408044,1.1476655614699487,0.7951215975207508
center_g15,7613f2,desktop,-0.08942140359634271,0.07737906824456935,7.1655829509892595,-0.19647224043017378,0.48331949786129835
center_g15,460bf9,desktop,0.02854607945440677,0.22049252760557908,3.9651683487406704,0.13780918522915178,0.5217903210459903
center_g15,536e7f,mobile,0.45937328078640466,0.3955191319956674,1.3014369269376838,1.2733952854273474,0.8453272071684573
center_g15,4adea3,mobile,0.036861006522940776,0.211276670817724,4.074866349110316,0.2095438031539103,0.6166886155722386
center_g15,58a60d,mobile,-0.0763701645196184,0.14147998241371917,4.365591642551597,-0.17188770398260128,0.6044290081575561
center_g15,cced5f,poster,0.1377985296338438,0.2823880676303783,3.514783616035093,0.25966262979066645,0.5607006406269034
center_g15,b2d2fa,poster,0.17017325111695458,0.27922479550616075,3.393177631491834,0.3677934352815104,0.5894893261533242
center_g15,05e980,poster,-0.09098042704466061,0.0370175388463304,8.314543457274334,-0.30445887905262686,0.4854463561483928
center_g15,708a08,poster,-0.05015028137512449,0.15074273942700828,3.44535280520006,0.09725616845513188,0.5925915195059193
center_g15,085001,poster,0.5614373316136022,0.4367915679452403,1.6414546078677237,1.5279411772665024,0.7936155125225923
center_g15,9afe5f,poster,0.06142392837201466,0.2568844132912022,3.1256971392520096,0.11852665783805029,0.5871366930595177
center_g15,65576e,poster,0.07524193934636941,0.20458028753855,3.749349322119818,0.22702228711234793,0.69364626905903
center_g15,c27e4e,mobile,0.042253174175332496,0.23331685021012466,4.133378825686679,0.13894539321929528,0.5745025030777516
center_g15,9efc81,web,0.1565400494785052,0.2615443494219878,1.9974570552667248,0.6759608565046219,0.7732128739460726
center_g15,13af7a,mobile,0.047345324688680954,0.26690415064275685,5.092803808064704,0.05311015709978485,0.521109716140687
center_g15,207fd4,mobile,0.46278251404791504,0.44739711960582984,1.270694625322687,1.0961306595023776,0.8201114927844347
center_g15,e3d203,mobile,-0.08566771381860003,0.15292644547274573,5.858913725100411,-0.23162084004344072,0.47782450392097053
center_g15,17a8d1,mobile,0.06934955958742545,0.21367071196371437,5.053660668702633,0.274432043238495,0.5345434078449844
center_g15,f639bf,mobile,-0.004087014441438427,0.15967088256144574,5.7609914091930605,0.12695440552887155,0.4982944924414354
center_g15,166bc9,web,0.16034226975012578,0.31077914271023005,2.9913150499109484,0.645385697486784,0.7371252347551144
center_g15,5c88b8,web,0.25670497683360705,0.32648673327841243,2.076457675536755,0.7035038998432099,0.7472047195790175
center_g15,4e81ec,web,0.21665951182587956,0.2885870486988793,2.6519530853420448,0.2990774866826877,0.6235097411261522
center_g15,69a8c4,web,0.3354790825895826,0.36846223780329557,2.1152852096455197,1.0304314319001677,0.7888889540130448
center_g15,27d67e,web,0.23778092613576968,0.2935611635069467,2.457407431757834,0.6211957720948892,0.7276476016718808
center_g15,781b7e,web,0.08199513286030868,0.2463257761984641,2.6785543999337325,0.3064931257367422,0.7192050864704223
center_g15,6eb097,poster,0.05600007947568904,0.17740804998066817,3.1947002479742026,0.4001132114255722,0.7608519259809206
center_g15,1fdbf2,desktop,-0.03556987037300598,0.16374655056617637,4.407190028514557,-0.0657495183607917,0.451928128703129
center_g15,1bf5c6,desktop,-0.05717702215001052,0.08762872552783894,6.462113451410907,-0.0657439774257553,0.42991834943250984
center_g15,3d6147,desktop,0.5765216291418368,0.4685346233786918,1.2853888458334508,1.7123689300657476,0.8498874530027097
center_g15,1b436f,desktop,0.6169996274602773,0.5081312719523607,1.8296677682739724,1.3144013579041889,0.7770715919368139
center_g15,72062c,web,0.25769535301771884,0.309624962024503,4.863029938764798,0.9368452787296382,0.631248975370702
center_g15,e2aa7e,desktop,0.3610670409657429,0.3669706454417774,1.7579320854489597,0.9953423484303164,0.7770929533836419
center_g15,a7ac1b,desktop,-0.045142341337679526,0.16740529185929476,4.687226851605497,-0.08917410782821077,0.4801658109031184
center_g15,9b4285,desktop,-0.0840241385860907,0.03308115164437497,9.91639247381578,-0.15875921423448291,0.4148402339663028
center_g15,29227b,web,0.32155057127632297,0.3441982751863472,2.4125785231621517,0.7178648770593029,0.7173512271347249
center_g15,0529f2,desktop,0.07007697899354012,0.25431981317479585,3.3514225837696063,0.2507293815229956,0.6877610921537679
center_g15,cccd2a,desktop,0.22556060253508728,0.29876470988928794,2.5912753840775298,0.4826684809128827,0.7296833436329245
center_g15,3b078d,mobile,-0.09791407158305032,0.13466583871676133,5.523827638110149,-0.24758476198839377,0.48299891624256985
center_g15,cba28b,mobile,0.03892359295123361,0.20228537359117524,4.6691460014248545,0.13761622038431068,0.5652052574132038
center_g15,f30633,mobile,0.11835924228903955,0.27320823612171247,2.7913356507842626,0.1602170873101072,0.6783618850278152
center_g15,840bb8,mobile,-0.12239178628442007,0.052174095156851376,8.424338556330047,-0.16087322979816912,0.32545534103232376
center_g15,a64332,mobile,0.17984686966493538,0.30340732806237336,3.9803441838156095,0.3229700101648919,0.598332402322325
center_g15,3141d9,mobile,0.1698105103230281,0.3328960534666486,3.229114018310052,0.2209765095962796,0.6186851516556112
center_g15,8cf0d4,mobile,-0.08753628155181947,0.13245851294549504,5.3072266647954605,-0.068405054975377,0.5164845768096324
center_g15,58b56c,mobile,0.010344170006361633,0.18157482491467702,6.667941633466507,0.011554509779651709,0.4204189113811698
center_g15,1e1131,poster,0.17505535897970176,0.2573866939263143,3.8319448464930135,0.5484534389044788,0.680787588836171
center_g15,98474c,poster,0.5244392539424747,0.44278623266164807,2.1378262092468057,0.957975317993239,0.7030825202055963
center_g15,8da42b,poster,0.16256291474847046,0.248201714211801,3.843830682765174,0.5130852883306535,0.5772326988412486
center_g15,3734cb,poster,0.12562180567120357,0.21961276274458874,3.495262137016596,0.37487725266001737,0.6287513698191348
center_g15,32fcbf,poster,-0.03080688244527445,0.16468845032851315,4.492041472061951,-0.07140370261264432,0.5110144089119592
center_g15,8770ed,mobile,-0.12875668769226803,0.12975937946789723,6.338582297359487,-0.25722268574917667,0.439346303173835
center_g15,1ee232,web,0.03555899462003598,0.18978156316197023,3.5751657391578764,0.2774046586663926,0.6941787826502288
center_g15,f04d2e,web,0.12884319783450116,0.27548582800965254,2.6904246392335165,0.21481474942017476,0.5915981268049768
center_g15,1b3eec,web,0.3351541940445719,0.31012723305164136,2.647700302441579,0.9110046619850449,0.7367003839324215
center_g15,183534,web,0.061683840023361525,0.20283157239758678,2.7439506115343364,0.06381259003062485,0.6107647927935929
center_g15,43a952,poster,-0.10146236788726513,0.15523306013877236,5.282667766890702,-0.1736461604315505,0.42397223723895017
center_g15,0ec997,poster,0.04593071198800805,0.1855926937480745,3.0457364239109475,0.11477423073267687,0.7400702174653456
center_g15,5ac518,web,0.10117948160066367,0.2410035222484686,4.853192035398168,0.25734896215486797,0.5194548238401061
center_g15,026dd2,web,0.1632853795935642,0.29622240525674803,3.5294560809074413,0.4418563458991706,0.6021860095044838
center_g15,caa82e,web,0.269553486500025,0.3237914941699852,2.546864788124347,0.7665618272079753,0.7347553485358337
center_g15,f7c681,poster,0.08321182775881743,0.25181859980889976,5.160093040533598,0.23966783535642266,0.5336254001736981
center_g15,afdcf4,desktop,0.5472268826179112,0.44516649718642926,1.5904498102686402,1.2855547820540794,0.7267453688203995
center_g15,3b1c3e,web,-0.009744459598552292,0.13265991884152228,4.241823444985049,0.11280496177866327,0.6030609355861436
center_g15,a077e7,poster,0.013322385278022479,0.15664595845244367,3.5768371342513317,0.1079282212878867,0.6912501191135504
center_g15,a76ed6,web,0.25697503501116203,0.3553388327426974,2.9314042972210923,0.6746884983770921,0.6222639652218984
center_g15,d98c2a,desktop,0.19629757632157574,0.27362815290370684,3.8223639841758903,0.49893323577497745,0.666726161089364
center_g15,f7681d,desktop,0.23089449380897592,0.2954654560154476,3.514375810004557,0.3646614827312979,0.6527035631355187
center_g15,3b203e,desktop,0.013452620831802438,0.17104414666511963,4.907532566689758,0.46462293599367527,0.5556699346526269
center_g15,e39798,desktop,0.026817434410174555,0.16773540065945353,3.80210688052341,0.05766898642906721,0.5345917701623184
center_g15,7f066d,desktop,0.07821785012948404,0.24083358868391302,2.5668319807009485,0.39558501179183586,0.7637423592726601
center_g15,e78858,desktop,0.14340948167172887,0.25138580466759575,3.9503935082646953,0.5934547396981964,0.6542027130645612
center_g15,c807dc,desktop,0.23039211178955407,0.2891380012607193,4.665063854317173,0.6296767290240864,0.6068724832623621
center_g15,03474c,desktop,0.19265391105692004,0.262749450576552,3.5385465555722018,0.6243046576833581,0.6854013145346944
center_g15,533099,mobile,-0.06559520590466811,0.11784100628294494,7.842825626888337,-0.10206667537275001,0.3973722258375169
center_g15,9aa231,mobile,-0.07548570733792132,0.12959547960459325,7.785809008343685,-0.1445144228661396,0.43033914514668525
center_g15,722b8c,poster,-0.0527525733479601,0.08699152539750692,6.052801181435934,0.09378515600673806,0.5675145936440292
center_g15,c6b002,mobile,-0.07404274466548266,0.14601072681318086,6.3957542557784794,-0.11784116019323723,0.46374733103021015
center_g15,7c5f7f,mobile,0.20448616487727636,0.33523388360632767,4.367625432441305,0.30248394787859034,0.5904911582755632
center_g15,83d7ce,mobile,-0.14420644798958385,0.04122099475726917,6.245063080078465,-0.392129963233752,0.4673188534676144
center_g15,bae388,mobile,-0.11846027958883829,0.03910814452594705,6.194976730750368,-0.3791310562899241,0.5071122085101827
center_g15,2b0b4e,mobile,0.23263577280924547,0.3159237238135333,1.8746516589283315,0.5354176409525633,0.776033596289309
center_g15,3f9682,mobile,0.0462224837371598,0.21747363317798193,4.516485751457097,0.0643365122181076,0.5444109283985881
center_g15,37cecc,mobile,-0.11296107441288344,0.09008554109464711,7.468299795565583,-0.32535795124278083,0.38302486350374376
center_g15,5cfc08,poster,0.03874736320379159,0.13431547513929218,4.587891755864324,0.01296415548109376,0.6366902401898679
center_g15,98b958,poster,0.03982687755354937,0.22001021985162666,3.374852225531791,0.0916236201535665,0.6152689503170284
center_g15,e7e220,poster,0.2843171619952929,0.4137944888342977,2.8186547942428217,0.4013286327991829,0.603662664436744
center_g15,bccea2,web,0.4575584180689002,0.4420740751561625,1.4190930536265298,1.1603768715411384,0.7841362726902027
center_g15,e7163d,web,0.12772812935269734,0.2867685776485588,2.8292169826146205,0.4367004522534203,0.6420562737109301
center_g15,c143b6,poster,0.24513611467436464,0.2822189966500657,3.9776369891308345,0.6965378305561541,0.6406455317457366
center_g15,093c65,poster,0.20196202750204315,0.2904019541913747,2.7473593242885825,0.44842231805146093,0.6920501032101767
center_g15,d07b98,web,0.20887447658923936,0.33111156736285074,2.674510758160345,0.438835873844398,0.6233398579553977
center_g15,162809,poster,0.0969904349183562,0.22881358769824245,2.660801931614185,0.15246712787369454,0.7090372715470049
center_g15,adbe00,poster,0.03732729073639485,0.15325798288087253,5.3974705481829295,0.341015991632056,0.6048946316652393
center_g15,4dae22,poster,0.009636387776532905,0.1280485182271523,3.1389576550241354,-0.08350196951927716,0.7042658489740636
center_g15,ead495,web,0.06663331873762393,0.20008887494581068,5.454841352037091,0.1340359134873233,0.497597112363021
center_g15,dda275,web,-0.029114063825909284,0.12082868286106939,5.552722031467036,0.1553665515980749,0.5393576210227669
center_g15,2b56f2,web,0.059012768684071584,0.1882908510292592,3.7198948790148094,0.13676294263657277,0.5816523220992798
center_g15,6b7c75,web,0.19520934443782498,0.2689093200461263,2.930153032563573,0.4991077859787269,0.7086638774409717
center_g15,17e6bf,poster,0.1568967368131465,0.2597294618658225,2.886175249082041,0.4059730992020256,0.7311582535041273
center_g15,39b696,desktop,-0.15111917471381442,0.05739908767564245,6.9841229418946575,-0.40712437450452604,0.3871256611296056
center_g15,e9b8fa,web,-0.0522144552058337,0.0958631767764022,5.1670402050898865,-0.12977227658452492,0.5249356727329778
center_g15,ad9e6b,desktop,0.12068551799999722,0.19659236527388518,3.1431864070346016,0.49952548147145415,0.7038967402802866
center_g15,72cfd2,desktop,0.05882313117476226,0.168971637512493,5.097312981809632,0.2136113298055945,0.6021961752252255
center_g15,271112,web,0.05191638600679993,0.1936119849302187,4.107338591306071,0.19288351853193922,0.6334807401304541
center_g15,8e0c5b,desktop,0.10738893801129003,0.26030998427528235,4.197293201480715,0.3768602234054813,0.5138473885045055
center_g15,306281,desktop,0.48111498945301645,0.39955423449719757,2.2683421266236956,1.5680419474067417,0.7807719795939262
center_g15,7caa99,desktop,0.17826563445630383,0.2849707393419412,3.4488340845789893,0.5207784534196682,0.6867933084711684
center_g15,13bd83,desktop,0.31649197914529204,0.376679197612572,1.4455355075596679,0.8882990574070935,0.8143855123536594
center_g15,4d3cc1,desktop,-0.06899494157457393,0.12330151352775717,6.9594059992892445,-0.1698500497610464,0.42662693045648714
center_g15,1a9f12,desktop,-0.01506746786571224,0.17652008483375925,3.930109601051588,-0.10018949326371752,0.4792663032376032
center_g15,917a4f,mobile,0.05464891940422059,0.21294168414477427,7.370146975975866,0.22164576021686655,0.44702899804312834
center_g15,8709e4,poster,0.041988786304518966,0.1972975883460155,3.4537224411111462,0.02205504873553899,0.5719937020756868
center_g15,ff7d76,mobile,-0.09784895298558019,0.09418169391847207,7.4565428495517665,-0.01470587949762369,0.41501455829815803
center_g15,226f76,mobile,-0.0962389374820781,0.1469437641275826,6.50956731500938,-0.20248965604105246,0.39258096733639464
center_g15,20e9c6,mobile,-0.01374058571754732,0.20979749705881018,5.545946267760404,0.06753184267415374,0.5039772045377682
center_g15,95d2d7,mobile,0.268031317977412,0.33185744678251594,4.226449254805646,0.466892225216821,0.5669619123001913
center_g15,03340d,mobile,0.09477427775201329,0.24025532246996817,6.669507861490716,0.2663350536442983,0.42237206298973967
center_g15,8a770a,mobile,0.5313824566243037,0.49980790087463645,1.515593850397348,1.0744715133242864,0.7643092447974553
center_g15,95fc3f,mobile,0.046979850852486287,0.22458368399162387,4.7184089017860105,0.15399280472876342,0.5684249249122139
center_g15,72156f,poster,-0.11145399703882707,0.11207440303858457,6.920605719384419,-0.259784193423341,0.36950480215881765
center_g15,ea01c0,poster,0.17718616934739578,0.22984577720996385,3.9772632025077725,0.5694870707101326,0.701654348907456
center_g15,1ad1cc,poster,0.20017824858373595,0.2928793829714499,2.4109144751914315,0.6533027224768871,0.7720668128724171
center_g15,0197c7,poster,0.0146892437282778,0.17702727877518135,3.834766465968473,0.1717547127123518,0.6395074711265554
center_g15,f02589,mobile,-0.08631624455370157,0.14413697533409703,6.7495671294859765,-0.0926788425748148,0.4529617109467841
center_g15,452a6c,web,-0.006352623848883135,0.15533684287304228,5.344102464266607,0.48118087170395774,0.6005116417065108
center_g15,9b41e4,web,0.08420729070109846,0.21738427097505414,2.97245081745121,0.1920053217435009,0.6376966620908293
center_g15,11a99d,poster,-0.04535689833228394,0.13913132358493357,7.2599743842449245,-0.16664708553464302,0.3916361883146057
center_g15,9e3ef2,poster,0.18114449264811278,0.28559053547017177,2.289953153228504,0.4937082662167072,0.7462003178956738
center_g15,1626dc,web,0.1296314935642522,0.25069987385948944,4.469895569401551,0.5039396898903628,0.6119263623407458
center_g15,40ca07,web,0.02044073985118984,0.18525021092368077,3.7758017017387315,-0.027125457874206654,0.553036018272145
center_g15,450720,web,0.20867846169861037,0.3454542758848801,2.36484890727721,0.428630955467508,0.6345199732891419
center_g15,7e2e98,web,0.1167923097871145,0.22355799968614254,3.022793319456055,0.3554125658856017,0.6767391485028847
center_g15,8fcaf4,poster,0.11009615078499262,0.24242788556022418,4.798880724521727,0.13619693387459678,0.5666675186642627
center_g15,4954fe,poster,-0.08202184049730951,0.11107531961420661,4.826114749808173,-0.31952425485500674,0.44440248450533715
center_g15,256121,desktop,0.3926314881777983,0.3277189996926824,1.3405388533583587,1.3476666506052843,0.8610600786298086
center_g15,35a756,web,-0.06977138166818608,0.06886811786092492,4.964616185952713,-0.28765755423044087,0.5504738318135927
center_g15,b4f37d,desktop,-0.00733314312643924,0.18118867081758683,3.305475721206873,0.1731612346436824,0.5517970315573943
center_g15,ecf129,web,0.06498625460828394,0.1978328580942096,4.279117414893298,0.1848652610267342,0.552362620658436
center_g15,3ea9d8,desktop,0.20796675022792732,0.2442119788709349,2.634649021924483,0.5943105429874734,0.7270085722332943
center_g15,f4b47d,desktop,-0.0019208587868578598,0.13245996578243724,4.744342046073786,0.011883554650200457,0.6313794162215027
center_g15,9984d9,desktop,0.23970404244953247,0.32486164194369477,1.8449440740991538,0.7512548480707074,0.7840951763556874
center_g15,026a98,web,-0.003470500884959115,0.1525226699316147,4.106851883995208,0.07287693786200543,0.6389610640019899
center_g15,6294a2,desktop,0.11613055018534929,0.21088716632778146,2.8753307401799235,0.3259908884265655,0.7374273466776285
center_g15,2f6fcd,mobile,-0.14815313490370158,0.02728992511144755,8.16970448475854,-0.06357015179106734,0.38976825405413396
center_g15,a85808,desktop,-0.020532951433864542,0.11686349812185763,7.26071275952739,-0.07664340706035598,0.5184092959737899
center_g15,1f3437,desktop,0.05503004911419815,0.18846560002001292,4.532711642637748,0.24469969582842815,0.6482924228317657
center_g15,db12fc,desktop,0.08261643215358627,0.20361121375685015,4.682287137051285,0.18627644779186378,0.6203756052282627
center_g15,012baa,mobile,0.31027280373878197,0.4089465292413023,2.6096785629673325,0.6977461222822811,0.7485256236782097
center_g15,3bb8f9,mobile,0.054945648096023106,0.18849544152158365,6.0249304323826225,0.27252089126927714,0.5140094969945894
center_g15,17b8da,poster,0.1973562681283248,0.3452656677395779,2.210904599230013,0.47521663012567955,0.6651733089012302
center_g15,d79d5c,mobile,-0.1477587624218138,0.018953266774605706,9.111815857212976,-0.42312485901406405,0.2959407408782302
center_g15,2586ee,poster,0.016818876242438732,0.18922740835792728,3.5940293132781123,-0.04657449237155113,0.5566410239780162
center_g15,8d908a,poster,0.007422775337157243,0.2078452255012345,4.631769378887102,0.013545876543436834,0.5296536768154342
center_g15,bbc0fc,poster,0.17638417079804075,0.2569149572121966,3.9317275905769344,0.5323329230825693,0.573179818154794
center_g15,731c85,mobile,0.26136225058416535,0.35453687082618335,2.968201782945941,0.5365673105293299,0.6802137843607036
center_g15,092bd5,poster,0.0725431289412811,0.24122818742364943,3.535109930315015,0.17848252046628404,0.5128511843924778
center_g15,fc70db,mobile,-0.09062039719814671,0.09373644003314581,8.84571632918335,-0.2256037462569369,0.3806258060239724
center_g15,1f5664,poster,0.11023575153426186,0.24787276471696756,4.171001121195978,0.15078158104506564,0.5848473994928076
center_g15,c02580,mobile,0.0090228425895185,0.1696691655573016,5.53138807797089,0.021967364185872765,0.5166383809573605
center_g15,de9b80,mobile,-0.059808180901253866,0.19120535794074967,5.754554450309014,-0.12847848256331,0.4729377723033106
center_g15,e4afc4,web,0.15962808304789705,0.28665746446506846,2.7320384765296053,0.606002227604128,0.7296174656311949
center_g15,a77bd5,mobile,0.32193485676236483,0.34530755199063534,3.812197552735261,0.719726993482956,0.6281704858371249
center_g15,511db2,web,0.15040763620698222,0.22569612485921833,3.227166694009689,0.5864864313840514,0.692026621676101
center_g15,330777,web,-0.027417254093141004,0.0935508713757593,5.130632355180631,-0.1503549976217555,0.5647785319088158
center_g15,78cb76,poster,0.32698039261352435,0.3431740589892323,1.6444642262021687,1.0162664262674994,0.8388580781376793
center_g15,a7c147,web,0.14412459255626153,0.25549061454805294,4.4081658714003895,0.30725456314686705,0.5710948305819631
center_g15,d24c30,web,0.27303265140250405,0.34018604761554727,2.1850320832589882,0.6936046266674448,0.6860461263868416
center_g15,c31d79,web,0.34028643204232,0.33212551559533215,2.1048904017321473,0.9888011392769149,0.7830467675082402
center_g15,35bd1e,web,0.12155178380458806,0.24823405907681584,3.339487824356255,0.43052656834789466,0.6554311867308007
center_g15,c5fff6,poster,0.0480654259048824,0.16256969393843002,4.112531862367876,0.32993718708837777,0.7137948833431936
center_g15,5fc8c2,desktop,0.045789045547169255,0.18689061113059388,4.645737138506414,0.18115395366863002,0.5291836913310628
center_g15,f8d7fd,web,0.49839038771981947,0.39313523447937304,1.8254286517413096,1.5019552540363243,0.790702087611659
center_g15,d8d582,web,0.19267328746254955,0.282688275678255,2.4316934666189765,0.5869509355799575,0.7426821359659649
center_g15,33c037,desktop,0.4159443143923457,0.3454233593097563,2.2071786264273103,1.3946044609525046,0.8121587879694626
center_g15,3a8a8b,desktop,0.22039923448975685,0.2420913693227822,2.619094733850113,0.6072495925426764,0.7509182436662258
center_g15,33cc24,desktop,0.12742478337993784,0.2469661512048103,2.9664227881920207,0.5230064861029755,0.7639980508257427
center_g15,763560,desktop,0.001111686425194491,0.17682022850822463,5.302062113652827,-0.005501742910361663,0.5466647691923385
center_g15,0632d7,desktop,0.09222959193698443,0.21967293497482576,4.851294859306098,0.24429893153894963,0.6247819709507182
center_g15,7cc04a,desktop,0.03424553878900356,0.20230845954874985,4.061730522931309,0.11422661432466444,0.6451429509472862
center_g15,9d3bb4,mobile,0.2093750232629312,0.3257436785541738,2.8409666078029034,0.2870647105194135,0.6668725729631082
center_g15,5b0cba,poster,0.1702585062170275,0.26619765003483914,4.801003027411278,0.6342100054692009,0.5704043973724982
center_g15,bf05c8,desktop,0.13089670080033167,0.18441914157576503,3.9610955110207158,0.41974235970392815,0.6755333884059528
center_g15,006450,mobile,-0.05509306003967946,0.11658593375749184,7.594480437395418,-0.17464313453882258,0.4112274548466416
center_g15,f69be0,desktop,0.22746248943592198,0.32060090872780034,2.704449446330487,0.7629708180573467,0.7910645323540964
center_g15,ab2461,poster,0.26515538029597735,0.3174291942964839,3.428287296376661,0.7143841837324484,0.5923357016624995
center_g15,587857,mobile,-0.08017557588352922,0.1150901781923119,7.3496675924312305,-0.17011122313674848,0.38848829100565346
center_g15,2336ff,mobile,0.06991857159338977,0.21713048750005798,3.314138078501416,0.26910967359013466,0.7013753280958964
center_g15,e734ce,poster,0.06140637663205408,0.19207834427968346,4.882246879859359,0.25456730529608534,0.6206507289987002
center_g15,757ade,mobile,0.5186666929035253,0.49068083529803663,1.2919864292369065,0.9634816630516597,0.8022806719824298
center_g15,93f7fb,mobile,0.03571652097021131,0.1805791553087941,5.413135188920195,0.20900362964845856,0.5649637030451271
center_g15,b8a4ea,mobile,0.04173721680926946,0.19448252375670466,5.4194630026956885,0.20345232922787976,0.53680616011963
center_g15,d4988b,mobile,0.6712872125551294,0.5097932668692238,1.1094610083470409,1.8286779789102798,0.8245616172633595
center_g15,d6789a,poster,0.19306978715163142,0.2938863966460531,4.084469121496868,0.5108158889427293,0.6278116668614687
center_g15,cc5387,poster,0.134218854988355,0.2634403952506068,3.7192749343200884,0.35032311255388465,0.5979311822399198
center_g15,cbd84a,mobile,-0.009837291640410143,0.19733562350397232,5.431523734370842,-0.05129207391139853,0.49477559815217254
center_g15,6aa903,poster,0.04027452131935606,0.17680262861939286,5.162133529513657,0.24292462335058135,0.528978667333903
center_g15,d56ac6,poster,0.07963441640314109,0.18390384233170504,4.091437405733995,0.30581733240183173,0.5872040902226561
center_g15,bbffc1,poster,0.10437290027846052,0.23314177810228054,2.7061133117213045,0.23068037915834708,0.7057663821190003
center_g15,7b6601,web,0.29722410428698137,0.2786674865626415,2.9057617301614713,0.8143622688288744,0.7027962437363169
center_g15,e9f7d6,web,0.17180573498795837,0.2741685486679903,3.8537909094105776,0.4252886730929091,0.6245868648713523
center_g15,774bc4,web,0.18369811186345206,0.2845226385999007,2.3494718761120925,0.45751722530609445,0.6263946135212837
center_g15,f431fa,web,0.3107048494630846,0.28815139716051286,1.9707646404911183,1.1867803856400594,0.8342623278469655
center_g15,06256f,web,0.13282484549567822,0.2962576828272101,3.3436841719974946,0.4587842441774596,0.604429091653795
center_g15,9efcf0,web,0.14223222773510202,0.20342448387081064,2.928461804243991,0.5088054520768854,0.7264356235324326
center_g15,b901be,poster,-0.12786562626904657,0.08147867376227576,5.4526101538456135,-0.3677799113628076,0.4279193080598532
center_g15,57bb95,web,0.02190176633464725,0.15182336323553383,5.179754884414994,0.05712860021327847,0.5228077821264359
center_g15,045f81,desktop,-0.05766334962817769,0.11316229642946743,6.941915233838869,-0.0038992706965358327,0.568711647384504
center_g15,1d5a20,web,0.09660715263551235,0.2064103693863189,3.192238973727701,0.38031236416829406,0.6973254877386827
center_g15,3f6cd4,desktop,0.6258349526622087,0.43341196999290504,1.7942488970463215,2.3073064095809235,0.8157111876690016
center_g15,1bafe2,web,0.021309293323787157,0.1431652441503436,4.650628388383442,0.12866332601393146,0.599322993758705
center_g15,13349c,desktop,0.26959275670504035,0.2775362296759453,2.760350691781628,0.768245132880903,0.7308093966700044
center_g15,b5dab9,desktop,0.22856992070967946,0.32477279868812853,2.800537857191408,0.6400037561371399,0.7362264457422089
center_g15,6c678c,poster,0.023067684388792795,0.2310562335132273,2.6903350122893,0.011521501099808326,0.7114846795677674
center_g15,d42246,desktop,0.14014885132457497,0.20968165424367785,2.816310491464853,0.5373022170667604,0.6811059908223737
center_g15,2a4ccc,desktop,0.2570387759280692,0.3270509224786036,2.928576919003994,0.837749775132835,0.7198450957850537
center_g15,6722bc,desktop,0.11409840392762019,0.2654023085084823,4.960560424312719,0.3472131863283467,0.5985265548751956
center_g15,16d9d5,desktop,-0.0006917487781075088,0.16267575759341074,5.4452962415188475,0.01820427282094085,0.5809906601274584
center_g15,f0f10a,mobile,-0.025459086395449342,0.1918376049114522,5.2922826832958805,-0.09914250330127593,0.5513121324909831
center_g15,25e2f5,desktop,0.18449831650642343,0.24956231888884547,5.892890434333197,0.33991997932126466,0.526117334636721
center_g15,dafb86,mobile,-0.09755864181841105,0.13622928780024324,6.948101770161384,-0.1856026502108473,0.4093544534480832
center_g15,00fcd9,mobile,-0.01951185476607815,0.17940158017345958,7.313308809434727,-0.01588367497527377,0.4389809117325213
center_g15,48a58b,poster,0.0914143293376968,0.22137489485596995,2.619970742265723,0.15429549496978326,0.6705745841657162
center_g15,cff421,mobile,-0.08894228025693048,0.12022200638423286,7.351709230217594,-0.25358523246288006,0.4085766069975537
center_g15,09094b,poster,0.28871177944319937,0.27824770157244405,3.7412449814383577,0.5254064054825439,0.573982512392791
center_g15,ea6aef,mobile,0.19223192358151453,0.31088610769507735,2.9681478134919277,0.4528648215147762,0.6978069953085777
center_g15,fd0d5c,mobile,-0.12439755321523965,0.06979008770075897,5.895870266067806,-0.30881067927078654,0.5267576234580396
center_g15,e2dea3,poster,0.06290603144985302,0.23157974972789014,4.084584667688752,0.22221852303228415,0.6172194693889177
center_g15,b8c70a,mobile,0.21561530560771255,0.3157752620789316,5.047661103763856,0.4404131418436879,0.5262661009824331
center_g15,8ce365,mobile,-0.04516784417014761,0.16503055877715186,5.722377831806552,0.03413902922712796,0.5265623479237933
center_g15,865942,poster,0.19447753344072824,0.2792446896748373,2.969586693774155,0.7812203154914991,0.7040541675826764
center_g15,5efd27,mobile,0.21571197170911205,0.2797412536072941,5.08388721116011,0.46240742678254715,0.4995439602720564
center_g15,eeb171,poster,0.2532056433538356,0.31298506797999753,5.149205273260283,0.49563688568586767,0.520556967529707
center_g15,110636,poster,0.33507778696688717,0.3771360324864836,2.537381954436952,0.5949341139956303,0.717601121516589
center_g15,c23e50,web,0.19402354383589226,0.272676768232355,3.8546818884274145,0.5143398760720163,0.5949849772778059
center_g15,454f59,web,0.08737606285573901,0.26489764895794476,2.6518478197403814,0.32628520957196877,0.696381602448236
center_g15,d28ecf,poster,0.3002961552599035,0.3098958260030231,2.325672306824595,0.813819726622769,0.7315481073483434
center_g15,2917cc,web,0.10708130849851621,0.21041593015325505,3.038647719476268,0.47192417995675884,0.7350492962666726
center_g15,4571a8,web,0.0582251718280131,0.2150110828691519,3.085209751478441,0.10415013055570023,0.6747954877882131
center_g15,349e93,web,-0.0041402256828968215,0.158877295127971,4.552202203652058,0.13251968452155105,0.5812059816831353
center_g15,7d1335,web,0.11639079909075051,0.2665193699215585,3.042561752110589,0.5835537611647069,0.6883293849074961
center_g15,ffdc28,desktop,0.2412287377329392,0.30434156956207137,4.329639993006682,0.858109370377838,0.6465538379043563
center_g15,1bc531,poster,0.2630595511968492,0.29852013018305157,2.3954618014981945,0.656201409918497,0.764584385776649
center_g15,bcdde6,web,0.16181167258719475,0.31215820786920684,2.203092189330702,0.525702610295241,0.7442967627886485
center_g15,700dbf,web,0.09963627341827644,0.23105634633400238,3.80649002854655,0.3452169891988892,0.6505157678773991
center_g15,2e5cd6,desktop,0.48893358303043516,0.39256949917850426,1.895417156463536,1.2968494399713555,0.7651704813436195
center_g15,e8b226,desktop,0.0784773510850311,0.20612916437890302,3.3704541380681925,0.21604431350965891,0.6923165349223551
center_g15,3aecb7,desktop,0.01675074675836702,0.201540524005598,3.2317105602194953,0.07250002821248873,0.6348993645237738
center_g15,81e5e3,desktop,-0.056162990041659436,0.12866108488668954,5.290041699891337,-0.12771962628789074,0.5479240433504733
center_g15,5062ba,desktop,0.014227746427945357,0.18332535154798119,3.499137046060544,0.14807702624301253,0.6376316379732196
center_g15,3f3349,web,0.09320615636863684,0.23905646060178834,3.354015846012339,0.43966010326247434,0.695932385312952
center_g15,07950c,desktop,0.6690212925851305,0.46022398428488864,2.0034449280656648,2.3706262579823525,0.8164786493037929
center_g15,67225a,desktop,0.01356741098792919,0.1824055526250987,3.759984695451454,0.10592487401882959,0.557046168185733
center_g15,529ce0,desktop,-0.03470257224699194,0.15473366445050024,5.479688479992511,0.0054607303296097505,0.5182104054415563
center_g15,5bcc14,mobile,0.1803687564263983,0.32672980213499947,3.144222120007978,0.44918160154629583,0.6818750877959889
center_g15,700a42,mobile,0.4296748017433316,0.38761352444013253,3.656517641060976,0.5620220756176714,0.5713812338009142
center_g15,39f80c,mobile,-0.12388888684756752,0.1093310503724395,7.219212208004361,-0.29800945594954664,0.38205770060171873
center_g15,80e107,mobile,-0.1271146913218046,0.11859354961807417,5.98593499928238,-0.30720449888633145,0.43525052702751565
center_g15,a69a78,mobile,-0.12965693646472135,0.12001320669978549,5.580358225770582,-0.2743336737656663,0.49780686389320433
center_g15,78666b,mobile,-0.07409686385367141,0.10337599232398001,6.9879351590608,0.07474489138320459,0.46319053471983956
center_g15,2b80bb,mobile,-0.130262430092617,0.11303705175033385,6.608016661671095,-0.29473010383254766,0.4191447220864216
center_g15,e93e5e,poster,0.40712113036504294,0.41132886464608176,1.3044593155753677,1.1818264696992824,0.8337733888143988
center_g15,371069,mobile,0.08830045316422817,0.2015393540822248,5.429292003684266,0.11832653593070164,0.5060418987998314
center_g15,8d7422,poster,0.14192656304460888,0.24758722484197757,4.144914353884032,0.19679456462853198,0.5614486009745772
center_g15,6e6daf,poster,0.29265408795826175,0.3452158608220342,2.7645853095856867,0.6037352257343527,0.6551376580156999
center_g15,ab791d,poster,-0.043515222821122676,0.1731661057004579,6.04218476751664,-0.1244774102380131,0.5324018411467115
center_g15,c3c939,web,0.1329887301801248,0.25113197098763146,2.8584840252925643,0.2609401098803353,0.6814446666851752
center_g15,cd91c5,mobile,-0.03441194332954246,0.14472118065037923,5.514440066018075,-0.1452241741112298,0.4917479945671672
center_g15,009085,web,0.1427935629101068,0.2725335146728002,2.4334401072781238,0.4398939139347486,0.7760482253515071
center_g15,b28a85,web,0.10314844751737137,0.21789472579451297,3.187265593390936,0.3843383730222586,0.7034527912362204
center_g15,4093f0,poster,0.2628355657207866,0.3213547728821065,1.5986304303071532,0.8821305396490705,0.8356429817492821
center_g15,a9793b,web,0.23500147907268917,0.29212279093681803,2.799880705568264,0.6114714938463366,0.7231235344857383
center_g15,09d1d9,poster,-0.0008351598666121519,0.13261034712379938,4.48713899868008,0.21221078644543903,0.6446459815519405
center_g15,38dec1,poster,0.23879858550382982,0.32361743199492243,1.9188917608073985,0.36605263955677014,0.6679530954284153
center_g15,b8a1c2,poster,0.08038986779768523,0.2264088670757327,2.8781824206280167,0.318133873873414,0.7172793499078444
center_g15,48806f,web,0.015329498245125014,0.1828297907466181,4.270526580467727,0.15962409522752702,0.6066407329079915
center_g15,b93b7e,web,0.08090853140080667,0.25199018144180946,3.3961526366023422,0.13414015219161465,0.6411970973173924
center_g15,5a64a8,web,-0.046323961645961115,0.13900955540585153,6.333684507319282,-0.006416678582413379,0.4964416735545858
center_g15,21d79e,web,0.24317833566856878,0.2911387869057907,3.587259688717693,0.6771104995823124,0.6411120234890149
center_g15,daaa3f,desktop,0.03308701695864858,0.17962884303335577,3.6233726453893387,0.1443887722702573,0.6657648786039952
center_g15,cf477d,web,0.22617264846496896,0.29817717507322117,2.399469702300954,0.6820531107108385,0.7637624285433032
center_g15,48582c,poster,0.07436756519343951,0.23012710997762847,4.6467514870289905,0.3010347413886883,0.5363874835972526
center_g15,d165df,desktop,0.35818335058684203,0.36339717705836183,2.3905087505775438,0.9318132173084588,0.7394080545048288
center_g15,5b5a0c,desktop,0.5132706936189777,0.4603202572948306,2.103011475387841,1.5260706658703476,0.7919812879310397
center_g15,46e6ec,desktop,0.2723389879788005,0.3419813021049506,2.750782279705886,0.6421388822807299,0.725757676653614
center_g15,c7e7cd,desktop,0.10672821348971477,0.21916273232561503,4.8544579953290965,0.30020247688148266,0.6669503999673705
center_g15,fcac91,desktop,0.48988843248994374,0.34254045905978164,3.0968359073028093,2.1123895141376074,0.7945927049453494
center_g15,d5f959,desktop,0.30425317631270876,0.31655470167353605,2.6151178880789425,0.7206643487259883,0.7079022175421317
center_g15,c9e860,desktop,0.2218273322817702,0.27319800266064337,1.855292908907876,0.8453356014604169,0.852124097963001
center_g15,9b2668,desktop,0.2722603623920735,0.31195004895583983,2.1868623877203146,0.8333959984286012,0.779280612590665
center_g15,3b6541,mobile,0.04892859266925949,0.20794757460104146,4.511461176066465,0.2517828070203295,0.5913789001202653
center_g15,b33b46,mobile,0.33369940237446183,0.3434334115166616,1.9524316119848013,1.250424676911139,0.7754402665554623
center_g15,599a18,mobile,0.13180897710104816,0.261741847300674,4.956956059198471,0.33223752791682837,0.5513593210235495
center_g15,b36130,mobile,0.3474935973080691,0.37211644145098466,3.001755423426668,0.6546617727531814,0.6403143601372998
center_g15,4e14f5,mobile,0.2736151563639245,0.30884418866236313,2.9989200170966006,0.4365391733240852,0.6225385557758609
center_g15,7cf580,poster,0.0117708549900657,0.18014145532255402,4.149626832404743,0.06330471580903922,0.5408533340200522
center_g15,6cb6d4,mobile,-0.003207320324450153,0.16816236269530832,3.903857974681984,0.038851231207057906,0.6203975722505598
center_g15,d31d43,poster,0.6355574079495457,0.5208502462455722,2.9235906543380827,1.9533195629466658,0.8173515844671535
center_g15,4193f2,mobile,0.13505269838172898,0.2931815946440646,3.4376795712765094,0.2984803031921585,0.6329457397781193
center_g15,dc2864,poster,0.11047331434880499,0.2409834295629255,2.8009650738967733,0.33538638855724434,0.6646897179702095
center_g15,3ea1d8,mobile,0.40260896908341276,0.39291792245964835,2.4096659039843127,0.8507874801353964,0.6954459889950692
center_g15,a16835,poster,0.15787050855062726,0.26318950013207115,4.131532893163597,0.513650285759841,0.5718809188395247
center_g15,e948ad,poster,0.07610410896732878,0.24167588949336272,3.6124517978790425,0.39098315772579756,0.6625981785734918
center_g15,d2c979,poster,0.10660988200124927,0.2637823683836362,3.5670996760485445,0.09669061500931769,0.5800422110995548
center_g15,31b0f0,web,0.17978765274111275,0.2956654900516515,2.761234361374755,0.3487891170475666,0.6559898690287042
center_g15,18230e,web,0.3070478201911653,0.3022511501397011,1.7779471042269521,1.3558633098707211,0.846200277218254
center_g15,e0f578,poster,0.28149029078517696,0.3550122076007475,3.731226629338025,0.4568070717330875,0.5690744850973646
center_g15,ffd262,web,0.3046176624592716,0.35688827560388037,2.4639049326192093,0.6456881701150148,0.6970245583767247
center_g15,e946d8,mobile,-0.021178365958807975,0.17185170274545014,4.547805222697643,-0.037890658577342334,0.5294506178609294
center_g15,6e6737,web,0.09290758145203162,0.2751943340581876,2.6810232178655653,0.2726400660662268,0.6411515386294999
center_g15,a2d191,web,0.3051379394176854,0.3184637186496633,1.42664296228759,0.8162759035775725,0.8030997807281989
center_g15,5f562b,poster,0.31313702828878676,0.39983896968114263,2.4847396384930875,0.6583791317362312,0.6419450011065162
center_g15,4ab184,poster,-0.06471109266479583,0.12942201056259955,3.9184326161668595,-0.05639591454327275,0.6137273831020499
center_g15,71e30d,web,0.07650930134709512,0.2131615771460436,3.9967966834130917,0.28346836607694725,0.6251635121081014
center_g15,d9baa1,web,-0.009238281681260277,0.12122617102341589,5.5173187160860815,0.29700963102426137,0.5773502101788333
center_g15,96f6e0,web,0.10229253471727923,0.21230453059600854,4.234397531291094,0.12816928666556113,0.5822152342220711
center_g15,5073f5,web,0.44460814614762123,0.38123403843136877,1.9715328834743757,1.1885248795923435,0.76733298436491
center_g15,5eb5e5,desktop,0.335257791915352,0.3169129836954975,3.000402661483375,1.105785546561835,0.7496639807656746
center_g15,42b098,desktop,0.10785508968212108,0.19312265778304138,5.170895885134923,0.41688125651773583,0.6313416684432374
center_g15,0eb2be,desktop,0.41217074629890893,0.3382357048779976,2.224861807211771,1.256767659463305,0.7694866702408069
center_g15,2c663c,desktop,0.0934475097887704,0.16665044820454816,5.926743886386387,0.3258580626998197,0.5619867438713887
center_g15,0720ce,desktop,0.1027771915252148,0.20779594943905622,2.6818963940979215,0.38501911786440346,0.7781111568539021
center_g15,512240,desktop,0.4175783671436807,0.3561137884003295,1.709408001892655,1.4875080614839655,0.8570322547777102
center_g15,d320e4,desktop,0.052190688438385605,0.20921685274816468,4.362075712089323,0.259368285472088,0.6401725967343472
center_g15,ab9e2a,desktop,0.17403582444813953,0.2517639542594065,2.2135456473829045,0.9059719114178733,0.8494126763061067
center_g15,0ff0be,desktop,-0.01556548133256506,0.12857173583502546,3.845370874731873,0.2551568613108389,0.7221912491476091
center_g15,f38ac2,mobile,0.5046742229850729,0.46304278010148503,1.8662685673863981,1.2070767695805182,0.7890997469427037
center_g15,96d95b,mobile,-0.03593684552133877,0.11207853909022661,7.659878795811485,-0.12866400916105278,0.41451416399210916
center_g15,f96a6e,mobile,-0.03293893832549033,0.13465032351821385,5.185952027324886,-0.03866485757744002,0.5502340537675625
center_g15,2e9a8b,mobile,-0.019458658196324786,0.13436768451849337,5.900974578098347,-0.0754997697373016,0.5182612263102713
center_g15,f05508,poster,0.3013603884680153,0.2546729993185464,4.625456783550542,0.9131139844039724,0.624685185270231
center_g15,39fa7c,mobile,0.07662229109619853,0.25644421414979146,3.4562618193553725,0.16132357174109876,0.666708921921487
center_g15,2b7751,mobile,0.023856154772027585,0.17188303315145803,5.704736669088898,0.19536536980526148,0.5466988710680367
center_g15,e69624,mobile,0.023042671683234765,0.18916471685212463,2.816323578767423,-0.04366885689283581,0.7027659039059828
center_g15,1c2bc5,poster,0.057563592441937116,0.19330271558682227,2.67321224068051,0.059447527185709954,0.6389959847695471
center_g15,6b51ee,mobile,-0.026054267668172103,0.15061639670127108,6.620236625917797,0.02251064328647978,0.439760949270139
center_g15,020ba5,mobile,-0.03434001754378353,0.16003508533528576,4.863087650020458,-0.16753863344822148,0.5557694100188235
center_g15,b5edbf,poster,-0.03597691426830035,0.1324874680790288,6.846148539719809,-0.12809878853960585,0.3975366940760664
center_g15,f68906,poster,0.09601115351896189,0.2264011069306723,6.862998557172137,0.23145155277671026,0.45968820537616184
center_g15,c41f2f,poster,-0.044988080284542833,0.1580054432716813,5.326208653513717,0.48866744495179404,0.6268970420473929
center_g15,8b12a0,poster,0.07814979634833615,0.1863930953601879,4.4684749731689655,0.3522512452522977,0.6464412881849932
center_g15,16a273,web,0.29608522536538256,0.30502464897903814,2.3883690234457315,0.8858554488129483,0.7364830030525393
center_g15,856a72,web,0.10495279550598245,0.226055426883789,3.493718222112759,0.32358157604050647,0.6788869268767003
center_g15,b67326,web,0.16285571349372058,0.2171625575474841,4.853355556882705,0.478082339706409,0.5815185789352151
center_g15,7aad84,poster,0.17055802644734736,0.31040104300409727,2.682497140112697,0.7441725992858873,0.7601692488013794
center_g15,2b48a6,web,0.0793373599449664,0.18861144484702447,2.5105988312525813,0.6005614383285722,0.7164454468402488
center_g15,63aef5,poster,0.031836512157917274,0.16812373342295386,4.439761420935157,0.0013412048924480893,0.5877492780792727
center_g15,a3d37d,web,0.25379633121343687,0.3011593306878535,1.6850403891599008,0.9840564896977704,0.8567809928481928
center_g15,7f6c14,web,0.14244914747374338,0.20295868666135408,3.221425550860425,0.454216092665805,0.6647555611152257
center_g15,45d01a,poster,0.09663731328485545,0.18789367725353737,2.9654506381317773,0.3535633825888225,0.7457803910464925
center_g15,14a7b0,web,0.2716955102728621,0.2928456860533206,2.465550861289732,1.0627085143013604,0.8117057315715995
center_g15,5b04c4,web,0.027636592019660778,0.1924391194941377,4.056975492850255,0.29668319957003864,0.6370725099416793
center_g15,d8d91d,desktop,0.1853455556330828,0.2718003519401201,2.0561764416985016,0.6119724287545338,0.7845608991181854
center_g15,c35930,desktop,-0.025991459881229063,0.09263562097033179,8.264149572270531,-0.1541424766443993,0.38771441056434197
center_g15,52fbfe,desktop,0.07731363157104437,0.1770988464314658,4.778305170808671,0.31926616571577254,0.6082711619845399
center_g15,61ea3d,desktop,0.16974976955601895,0.24593586460560113,2.341142145625857,0.7196155263719977,0.753102172062824
center_g15,c6a670,desktop,0.329727688824317,0.2903257123322024,3.2880843818625287,0.9116628017033303,0.6306696122860215
center_g15,1ce5f5,desktop,0.18028139669964677,0.23333508262133276,2.707434120386434,0.782727151183756,0.7740753498980742
center_g15,949207,desktop,-0.040187886686789784,0.08934522088394958,5.862680684840277,-0.040298795757321766,0.5693611165193244
center_g15,869868,web,-0.05276555968740965,0.07601535913929469,5.586046368903096,-0.050468213074817865,0.5719186683284033
center_g15,55079d,desktop,0.21731107994346843,0.25227763819728355,3.141096875712548,0.7740640445370462,0.719932339988105
center_g15,aff2b7,mobile,-0.13842308167298956,0.033481075386644535,9.292808800028926,-0.3964924302150058,0.29714293595254715
center_g15,fafbcc,desktop,0.030296744660860526,0.16256855388651564,5.454206367870142,0.1620867413223286,0.5808443135926555
center_g15,10b93c,mobile,-0.03990531899648331,0.14194949599742462,5.099245240683814,-0.16415539721171382,0.5329556675705747
center_g15,f21770,mobile,0.19066738478674566,0.2522056079731379,5.247941996041868,0.5113852732942055,0.5916061712521987
center_g15,b7690d,poster,0.3092267158540156,0.28480548806000516,3.004177316597462,0.889691838299397,0.6467658230036988
center_g15,00d37d,mobile,-0.0020881370932520557,0.19784658866931282,5.642108792353136,0.08048597982324553,0.5176802925118188
center_g15,5b5e85,mobile,0.08177652183367987,0.19919196281238738,5.291227678038286,0.21518891296478324,0.5465855415729035
center_g15,064f44,mobile,-0.13795023192935185,0.03575291497594418,8.685172045789423,-0.30087392272653185,0.30884092121643975
center_g15,a4f49f,mobile,-0.10365619727850936,0.039004745520160325,6.7717291806339714,-0.26322120634644486,0.49599974683818293
center_g15,3c29dc,poster,-0.013733431736922496,0.17368223738036495,6.80332330168962,0.005726486987919034,0.47289566518931403
center_g15,25d5bc,poster,-0.048041426661779366,0.17848427399027525,4.926796530279352,-0.16578898753255528,0.47606502503007275
center_g15,b46333,poster,-0.02247463586811848,0.1273364746356729,5.448578091015477,-0.07852229521531594,0.4725532553440799
center_g15,52b67f,mobile,-0.13769178296687873,0.01582483441633018,7.528127755320434,-0.42107552919363933,0.39475998933720274
center_g15,9f2268,poster,0.1576820668679667,0.2835900379577088,3.7574817924023947,0.5488744053488932,0.6273643154712694
center_g15,7d61f6,poster,0.018679114441947968,0.18622476953333844,3.365887290397939,0.1480278681307075,0.5828587181396312
center_g15,39a8fb,poster,0.08082983894902451,0.2261163424401212,5.297569378467592,0.18403156490179015,0.5511756299715652
center_g15,70d755,mobile,0.6440668856327314,0.5175488587905215,2.893785363233986,1.510157226975336,0.6711779594299563
center_g15,0f858f,web,0.07512989369412174,0.23002324962102344,2.276520539730494,0.21896357760000468,0.6604975516692914
center_g15,2ea01b,poster,0.05648894061333894,0.1539390761657008,6.664695637318184,0.1694765663650962,0.4104178135927704
center_g15,bbc4d8,web,0.024290667474664678,0.19157292313514998,3.6058607242588225,0.11649813158415959,0.5828484066706063
center_g15,ddc145,web,0.2684114597159853,0.23294801640217203,3.0988625065566904,1.0248230198487676,0.6682329268236018
center_g15,1d1d01,web,-0.06108586461372566,0.12975237209003157,4.011774889518426,-0.1107680435882972,0.5310456246744008
center_g15,e0966a,poster,0.48535721870522247,0.4387102768778136,1.5360080124116569,1.3017757264017817,0.8053042999221299
center_g15,042af0,web,0.2899937501269618,0.3364245210172707,1.9706442662669805,0.7090794808869454,0.7781425751067897
center_g15,a0e299,web,-0.0758529119431214,0.06922993705953973,6.164496174452978,-0.20691753156887713,0.48929973237172775
center_g15,7881e5,web,0.35669989934741086,0.35411248229511405,2.01593753739197,1.0664482560056658,0.7500369003854097
center_g15,3a7320,desktop,0.7066133464575246,0.5357392300910031,0.7787006459605753,2.1813132996680022,0.883425743494778
center_g15,73386c,desktop,0.3349550056284911,0.3552414720914736,2.1789949669577915,0.8687564212862429,0.7751750123237852
center_g15,387531,desktop,0.31971012444349933,0.33472159348678965,2.4723324208420885,0.6237617595526574,0.722246705945224
center_g15,ecd2f0,web,-0.00531099755848503,0.10541331375213953,3.7162178031850517,-0.09507555818879954,0.6904094234061274
center_g15,538ccc,desktop,0.03172091839483575,0.20371152489311944,4.262669038870096,0.20197889998504392,0.562654767119001
center_g15,e3d8f9,desktop,-0.04411719630358775,0.16147373079099672,4.244624003130801,0.012249710590270226,0.5532250022326283
center_g15,009d6b,desktop,0.4655009593800238,0.4446788146006395,1.7137753283794637,1.0108865712612214,0.7641830152291187
center_g15,f01758,desktop,-0.004908520312147261,0.20541896105608928,2.947974289171636,0.03802253481537204,0.5908722313233266
center_g15,6581b4,desktop,0.0294163659562994,0.1914670726522241,7.159706827736411,0.11988828304550987,0.47003226980940427
center_g15,6a4f04,web,0.4827473549946816,0.37809522246521643,2.0011381707301337,1.625245105928746,0.8003873962542377
center_g15,6e09d5,mobile,0.022215025836908674,0.22717167133551164,4.073711474664915,0.06440212505514546,0.6029604661208889
center_g15,623ccb,mobile,-0.15992583090237616,0.08059770230795034,7.068058110262896,-0.25217257843608926,0.405984617978118
center_g15,8bc82b,desktop,0.08792222623246806,0.2271992197591018,6.1548132287381225,0.4133409262366172,0.5229361854211558
center_g15,cc787e,mobile,-0.11505937303960473,0.048815963506756904,9.285797664677302,-0.24964812818663554,0.3342832723365714
center_g15,22411d,poster,0.4916224683466692,0.4401031784683979,1.4683143997712094,1.446558994747663,0.7902036481378772
center_g15,eb529b,mobile,-0.14167124453198118,0.0848117418638868,6.675173093321225,-0.31456963098078017,0.41370088258089743
center_g15,c9131a,poster,0.17665439060150606,0.30104685043829926,2.698910116177048,0.4472261379821067,0.6674218986731542
center_g15,b602c0,poster,0.4849122090887881,0.4024082279530764,1.9950261082073582,1.5308374856838562,0.7754615175450423
center_g15,e8d8ff,mobile,-0.11163940454006668,0.07050565070360809,8.329281438885186,-0.2772344467884438,0.3518334152478463
center_g15,aa635a,mobile,-0.06970049351337253,0.1445030591238466,6.294263514123669,-0.027468264909508416,0.46425199438219783
center_g15,935ba3,mobile,-0.12159011995174564,0.1302475284049096,6.377134747035043,-0.2735066849879363,0.45634303365342554
center_g15,661e84,mobile,-0.029142289328990097,0.17393094129544043,6.525233474248531,-0.10946329657590574,0.4465418186101338
center_g15,93562f,mobile,0.055775459092687794,0.24893544738619483,2.954413534765648,-0.05414773748542953,0.6460803308417086
center_g15,0b81bd,poster,0.13864562477659242,0.29592677089642205,1.9925646976225124,0.2503961340494958,0.7677992866354073
center_g15,935066,poster,0.5208498385222132,0.39793842797941903,4.604987652914556,0.7164369823148566,0.5378957592531328
center_g15,4afbad,web,-0.02079463610922546,0.15145138993888385,4.463628477409356,-0.025727416593124754,0.5737633112803515
center_g15,a26a7d,poster,-0.016842951891203495,0.20767137256399126,5.902844377016371,0.07943299324547018,0.5106018575284192
center_g15,8dcfba,web,0.25190347975682037,0.2869316208277572,3.137666611787806,0.5967592526218363,0.6308310638987797
center_g15,e7e0d0,web,0.2834022098301412,0.4332507583036782,1.2839246008558538,0.625223563007071,0.7677407524167918
center_g15,b02b39,web,0.08468560038560796,0.25098917582730296,2.286677853234128,0.21351604023748122,0.7476842694071677
center_g15,a8f62a,poster,0.11751398749662961,0.2490836555532307,3.807248514877442,0.0841490579806383,0.5951205433464603
center_g15,8bcc12,web,0.0043060512184378286,0.20778534914418445,2.90350140202429,-0.022357719838885716,0.5965402972476819
center_g15,e7022f,web,0.315755329750567,0.39539017928603326,1.9187097120240095,1.0732438753028712,0.8063239839057105
center_g15,3250cb,web,-0.03926670180185483,0.14093076163852872,4.395743761583136,-0.10585414857149762,0.5955856704141536
center_g15,9e5e48,poster,0.2924673338682378,0.38866462214281194,2.257091986942333,0.6304522988631361,0.7487268417506477
center_g15,82a8ca,web,0.04324384874358296,0.20933505263396507,2.92320037408902,0.06081287264447586,0.638233283222618
center_g15,d924c7,web,0.2265778699308571,0.3015153237567423,3.0865647343427853,0.5370883306484172,0.6765686679734695
center_g15,285c1c,desktop,0.18730701114970186,0.2533007441854092,2.349381961097078,1.054006311014056,0.81961491096482
center_g15,ea4596,desktop,0.28730104478326157,0.25818012059661566,2.3416663579653205,0.5115337795539822,0.6894040066770053
center_g15,ccf32c,desktop,0.052076574370324966,0.1408356926115687,5.440684114532417,0.17779849576085383,0.5819165013430676
center_g15,555c68,desktop,0.06245593102023381,0.20762698637433896,3.8093610418126875,0.2536548232393538,0.6817155199898574
center_g15,2fe128,desktop,-0.04249682725469146,0.10962543515541345,5.8778322498816085,0.11269131016971666,0.5887856880146326
center_g15,583824,desktop,-0.08498754737690396,0.04262048105990516,7.972877281012177,-0.33499965321778,0.3790653422983059
center_g15,6f11a2,desktop,0.03662336189815295,0.1745919053836103,5.508392323623294,0.0810869725881259,0.5322174483266404
center_g15,f4d6e9,desktop,-0.0996262761205326,0.06762376911055439,6.4329797714028105,-0.2783216252379893,0.5039573818556847
center_g15,4867f6,mobile,-0.002827553850493122,0.19987298064894884,5.081943862756145,0.09108413968652661,0.5676961060954571
center_g15,40f316,desktop,0.0026449117173394654,0.10121137436948399,7.400888393966606,-0.02429040274207854,0.4439004894954205
center_g15,7e3369,mobile,0.1638889677673129,0.3034869809920806,3.7395081767182887,0.2712250760131014,0.6235095888891107
center_g15,12a0ed,mobile,-0.04167802692687228,0.14881475552564272,6.945401539134912,-0.12454240947884791,0.39422981095600007
center_g15,5f07a6,mobile,0.004637492088721094,0.19142133155151078,3.9295675066874995,0.3119735688880504,0.6550608382537635
center_g15,74e427,mobile,0.12863991702308702,0.2650510565161116,2.520572193193478,0.0888783908772631,0.7191253152386785
center_g15,163518,mobile,0.09525255745669911,0.2575809530065508,5.5661585091199965,0.2620955040087126,0.5297428762968228
center_g15,943fdb,mobile,0.24542710447026883,0.28469073762033964,4.406830081582795,0.5610099774002104,0.5998590301842548
center_g15,eed5f3,poster,0.2869259402991986,0.2114639665749262,3.51744553352432,1.0498754781131803,0.7875400322359752
center_g15,51e73b,poster,0.39645023313388894,0.417793278158458,1.1772510226808643,1.2908387015124443,0.8710547193010701
center_g15,c9b04c,poster,-0.07503401237784507,0.031629703820707095,7.369309452076305,-0.20514673110915846,0.5515291782933597
center_g15,f861f0,poster,0.32239833184287675,0.36576212294925364,2.0634323268069794,1.2727854916127306,0.7987599401837011
center_g15,605f70,mobile,0.11995451449053937,0.2595035598944109,3.359296059458121,0.4421727011079188,0.6884858443819469
center_g15,01d4b9,poster,0.050365314342546805,0.17082160641126976,7.064674522321762,0.11696466130724988,0.5021275221969466
center_g15,fdc3d7,web,-0.05540137205823369,0.09925539647167313,5.400965691116873,-0.22003893193509938,0.36363099794292836
center_g15,0f712c,web,0.08717540433364472,0.22431017212424925,3.190883000564575,0.1620300799263438,0.60712574843313
center_g15,0c21ef,mobile,-0.159501630909525,0.044287727409439336,7.429496462423848,-0.39858405028931615,0.4004297307120974
center_g15,e8739a,poster,0.10846207074934892,0.239191720102407,4.662808547275109,0.12670634068740866,0.5267794421313267
center_g15,47293c,web,-0.01918860275284152,0.11336322004347414,6.454994143818613,0.07278641677079495,0.49775831819968913
center_g15,2a97ca,web,0.07942637571067451,0.18757645120386304,3.8681905375531556,0.1928707242470107,0.6010931158497503
center_g15,ac484e,poster,-0.048492758634644306,0.10186513278984807,4.512019385524222,-0.10287263881848964,0.6568714019427905
center_g15,f4a513,web,0.08605744557654516,0.2312107559718473,3.190012246176849,0.12551536714430378,0.5249851938963626
center_g15,c10e6e,web,0.16077511860402582,0.2649513273758663,3.6820719531558472,0.6092705004689531,0.6861850552099873
center_g15,457f63,poster,-0.046528284581040004,0.11252210151422762,5.909822433821905,-0.11545516749593106,0.5439384783565915
center_g15,e3d6fa,web,0.13455337902413633,0.24455743243635905,3.739348444020499,0.4910475115463959,0.6457182807712603
center_g15,3364ed,web,0.2319548970516494,0.3112836623194607,2.6931880319942927,0.9337130007019644,0.772831997686319
center_g15,d48310,web,0.05628217387567554,0.1800736571498628,3.4190554838168072,0.3581186996581002,0.702059935826448
center_g15,d205d8,desktop,0.42534893445324706,0.3575122551963076,2.883722747303586,1.378281157610799,0.7430984152845663
center_g15,adf8ec,desktop,0.5293912601880074,0.42892409637024487,1.1630806458073637,1.8179405514642597,0.889419361273938
center_g15,432066,desktop,0.049492460254518075,0.2109501347144947,3.37769572362074,0.23619404732480434,0.6923152809409999
center_g15,76b63f,desktop,-0.0363981704974497,0.1804914909068343,3.920021557947064,-0.025213132091792205,0.6166793957146741
center_g15,00b8f8,desktop,0.14750046757483048,0.2167987923492871,3.657919754148077,0.4408368439635212,0.6636632678096691
center_g15,862f3a,desktop,0.24964172932493425,0.3417451994425656,2.6938034652195513,0.533147564440628,0.6987464077171146
center_g15,f9e25e,desktop,0.15111974157715516,0.3471580712724416,3.7519431216203794,0.2915725078937574,0.5413144697070578
center_g15,90888b,desktop,0.12292710704469657,0.263555943816024,2.06174012121529,0.35026743158481327,0.755634027726756
center_g15,f76fca,desktop,0.14991092944703832,0.27514182699835615,2.389330363470333,0.897380246547582,0.8390693483047977
center_g15,d70468,mobile,-0.015389082764497049,0.16174163638596387,6.825732546073455,0.22872830368292194,0.5033603781376287
center_g15,75361f,mobile,-0.022725262803303496,0.20863770103847312,4.159948144221099,-0.0345881633766643,0.5881823774958841
center_g15,f08c55,mobile,0.06155336924247816,0.23218296376016095,4.047303512386248,0.1943464286614157,0.6066973366331764
center_g15,07e9bb,mobile,0.11625717059426527,0.29330748364038783,3.4601642254388354,0.12278335539173561,0.5755160985804486
center_g15,e624e7,mobile,0.0865790520110901,0.21986431009234075,4.871204489035658,0.2687707117292187,0.5412146436147932
center_g15,741c3a,mobile,0.0027965968268138523,0.18028629813011876,6.163310053682487,0.007819391095338812,0.4401853026990993
center_g15,b80cf5,poster,0.4199153965664555,0.3868233807130461,2.0170543909395207,1.1098922070449417,0.7653198223678158
center_g15,6eb290,mobile,0.6556454377752269,0.5571940708069979,1.9066789983836014,1.4454958787064862,0.747785058200594
center_g15,1a2169,mobile,0.03642885221090675,0.19007813318311456,4.321254800908187,0.10727967830131661,0.6224730184390009
center_g15,e277d3,poster,0.3775308761176548,0.35567319864159824,2.7350407897438673,1.0307977923984344,0.6715901327544528
center_g15,aabc06,poster,0.2547777336266509,0.3524383066138237,2.8380793113402403,0.7387971828335728,0.6812906664564632
center_g15,dc537b,mobile,-0.12352681591729128,0.11779714147928981,5.817003413069809,-0.18432540554997653,0.46884918435656897
center_g15,9e68c7,poster,0.42884422250677884,0.4060014920889155,1.7412944761209421,1.1613396736765382,0.7684048892877574
center_g15,d5493d,poster,-0.06904582255469022,0.1263374101251331,5.7427343478663655,-0.08385717392527328,0.4512052195743157
center_g15,bd7a8b,poster,-0.03025652803114839,0.1601930809896413,6.796412392662285,-0.049201568496849965,0.44326014603778613
center_g15,db81dc,web,0.16582787890711415,0.3322302672385892,1.5518504961727844,0.4679168834681176,0.7523952844478701
center_g15,074c75,web,0.04908171973237742,0.22124288343986404,4.191893697529953,0.3059487595601309,0.5609502039622488
center_g15,3d5500,web,0.2506730307213865,0.27439793865771517,2.249049524650895,0.752594345754299,0.7378918891786562
center_g15,d2f771,poster,0.01182653711716539,0.1765551463496451,2.83488055425774,-0.05136197766707179,0.6911196848687917
center_g15,ea57c5,web,0.16877909671651753,0.267057850798081,1.8719349225371775,0.605683162825821,0.8215207847542567
center_g15,5badb5,web,0.04071785079026969,0.2196132656265405,3.9612236375766967,0.2674020399453505,0.6240559964910484
center_g15,a069b7,web,0.06560378839913843,0.2466535650393415,3.01396963307486,0.18355963161438804,0.6335943785559321
center_g15,fb6dd3,web,0.24262332570409673,0.3156980959991972,2.3863119943432176,0.8854055275456373,0.7457931283357443
center_g15,773f17,web,0.08359275515254955,0.21232180523370983,3.3808992324427125,0.3422768542129359,0.6657237204423183
center_g15,2a1907,web,0.17723880424660776,0.3026872512173828,2.7977857498943974,0.5416031359572302,0.7039779210476138
center_g15,056cfb,desktop,0.085215574294293,0.20738065210828877,3.712402176102918,0.2023604562993477,0.6542473691973119
center_g15,db86c2,desktop,-0.07244918700895694,0.142421858681621,6.333761279069496,-0.14973107724008752,0.4824709988048912
center_g15,7d5fb2,desktop,0.23764314710430934,0.23798220812804793,2.3795521511374855,1.1143807817043194,0.8220960447739605
center_g15,0ef9b2,desktop,0.33750593183535416,0.33563759817884997,2.992821697603138,1.1481270166463537,0.7545854094789558
center_g15,37c0ca,desktop,0.3328142777928129,0.3301460186342282,1.5562953122251786,1.5278332419994871,0.8914279473619885
center_g15,48a71e,desktop,0.3536461597209074,0.28806039575144676,2.087141558791033,1.5415202487063682,0.8128041751312123
center_g15,0f85bd,desktop,0.1398230671904056,0.21032671310500967,3.0624810451524,0.41191934128808155,0.7126760593090011
center_g15,370302,desktop,0.15404436317463518,0.2056789797747215,2.319581837951047,0.602578562138896,0.7933801631158076
center_g15,6d4031,desktop,0.31832685374953895,0.27262799879592015,2.9006074600311424,0.8894803517867956,0.7324333757878005
center_g15,3dbc95,poster,0.1970933065938016,0.2999268019281189,2.310671502899019,0.49868942095469665,0.6494661883124204
center_g15,61e6d0,mobile,0.20149323914376388,0.2983448241171372,4.244065720807545,0.5908911827408048,0.6165979668735144
center_g15,e228f3,mobile,-0.11309008234591739,0.05094768991694881,6.463728471138511,-0.36882105221579353,0.5274292247058187
center_g15,71a0b1,mobile,-0.13111573465721782,0.02384602247034325,7.304331781847896,0.21047106231191617,0.4409248586907767
center_g15,733bb9,mobile,-0.1124042165778235,0.02934027445107966,6.73997000087801,-0.40797520932011305,0.3555332238940082
center_g15,f491f4,mobile,0.17366007719960655,0.2761919010580839,2.9218223107330985,0.5023303621802033,0.7239998261652709
center_g15,6b1bcd,mobile,-0.022634218900001113,0.08188053064486141,6.6685721853856705,-0.19893817029766322,0.41630988382249795
center_g15,927918,mobile,0.4311612172391674,0.4203772014980307,2.839434785735828,0.7887173467894896,0.6796029560661082
center_g15,c40b98,mobile,0.022703569392207294,0.17092332214328237,6.439143519886593,0.1792469717458127,0.4319961455329189
center_g15,bc25a7,mobile,-0.12142653117310342,0.07054684044531721,6.692574336162927,-0.35212690690860093,0.469389478974171
center_g15,65a2cf,poster,0.18685591762853077,0.22763175286539705,3.8108892601045197,0.6266646049031478,0.6729959153489264
center_g15,f2cbaa,poster,0.28820251452256085,0.3708946824130148,2.7052168642267835,0.5813104683507205,0.819190533264436
center_g15,f1bad6,poster,-0.0017555431493659116,0.14933750864217038,3.3123228995998857,-0.06899597418157433,0.6510062606027833
center_g15,1a5c70,poster,-0.008535795810257043,0.15961344880549247,3.3034191834689217,0.023307446616628313,0.6187613641490832
center_g15,de4fee,poster,0.17915440092462442,0.2588517407226297,3.860297003738904,0.6947024812955279,0.6885291082728403
center_g15,d50a8b,poster,0.35175573457065484,0.3836802358953851,2.2556589160196245,1.02019668743171,0.7270286221637386
center_g15,25d2e6,poster,0.09382779458727372,0.22271165328014797,6.890238388554949,0.26829923340974665,0.42618681500003436
center_g15,60fd02,poster,0.13686661968198338,0.26105240341580854,5.014159951167663,0.39351526025168476,0.5606539914942636
center_g15,4e729d,web,0.1704790924638362,0.25255369371172665,3.3355769391499837,0.45859333774274313,0.6840292324159538
center_g15,a33aac,web,0.02756704023810551,0.10811621208303177,3.2565761869498653,0.009467240357985976,0.7141940310855127
center_g15,439c14,web,0.1681131689507665,0.2637369286432979,3.196085142421271,0.8147383906630224,0.7609567238748289
center_g15,71bc07,poster,0.1541061389230423,0.26560914139354563,3.8855861834586136,0.337167817266439,0.5775109593899779
center_g15,53faa2,web,0.06721891939057012,0.15255513206821175,3.1442111430273485,0.26627912971112355,0.7308342646870325
center_g15,8087da,web,-0.015495587161499635,0.12792295731160225,4.158280516487224,-0.039998173590133156,0.5995420394540877
center_g15,1acfdd,web,0.12098322798960412,0.21156575953556772,4.055896658438335,0.5588188011566573,0.6742716949755991
center_g15,95ce3a,web,-0.06259150252519578,0.06440144823559044,4.582143269359735,-0.2706759859332355,0.5888408564697472
center_g15,6b2df3,web,0.08528849603585507,0.1522348213626663,3.811635147912649,0.4547490220022621,0.670005080425925
center_g15,edbb42,web,-0.06611731895272868,0.061016306237818604,4.944837286716377,-0.25389646212404937,0.5193142409311481
center_g15,7bed0d,desktop,-0.01718860067182132,0.14384422959363155,5.102596024946194,0.05361895229287497,0.5945820771465075
center_g15,34558c,desktop,0.3035722351720493,0.36527980229343426,1.9395209817647512,0.6011655354463624,0.686755763455221
center_g15,fb8701,desktop,-0.060453391262927175,0.12741660863903734,5.597505147507422,-0.16832256868824308,0.5779972971724392
center_g15,592a12,desktop,0.3582983018724013,0.3721633735046427,1.9799673947213352,0.9658353404231643,0.7366578664145709
center_g15,2bb7d4,desktop,0.22150055102664098,0.29910773823757364,4.396366962001662,0.5649879891770092,0.6303810823156529
center_g15,a42ac8,desktop,0.32616856574264264,0.3813962528979221,2.6886917860688437,0.6452655533238015,0.7152803141357742
center_g15,f13c2f,desktop,-0.04376529719332307,0.1373027712557214,5.4925359944675884,-0.05848072474600592,0.5815370622057483
center_g15,c33956,desktop,0.5727512282126173,0.5071365637847423,1.2898797363617431,1.453420724658677,0.8211454466805894
center_g15,08a5d7,desktop,-0.028615736011205054,0.1591664953872427,6.517922373978087,-0.010467278804123478,0.4826146531364811
center_g15,368917,mobile,0.1390545650589562,0.22770679839175167,3.4912972513355776,0.4470200743236195,0.6530526328254248
center_g15,49e81b,mobile,-0.09859240909689429,0.10639031744449394,7.407133121716505,-0.1802733365674506,0.38249177764109454
center_g15,b80952,mobile,-0.02498441566193947,0.1651887816290102,6.374556014448879,-0.0733993696186553,0.48183103455057075
center_g15,c29a4e,mobile,-0.0770303750574363,0.15112316290625333,4.577492119123966,-0.23660120513424152,0.5856033822070776
center_g15,a0f84b,mobile,0.08793347366125427,0.3087691134587096,3.595861850310378,0.03189710757546452,0.5838353180506775
center_g15,7527bb,mobile,-0.13869754062619408,0.03022677976909905,9.655228261733134,-0.404389357627522,0.34761690452837474
center_g15,ddca3f,mobile,-0.14137831508056356,0.08254112905697474,6.676143018827516,-0.2101236790640482,0.4228774135324116
center_g15,a7f12f,poster,0.14599378830688878,0.24939586951183154,3.03161706992614,0.44177152640866435,0.6569700874051363
center_g15,f60132,mobile,-0.041862320078890014,0.14056959944628403,6.0288653225484685,0.030814440678173672,0.47803432611874813
center_g15,93749b,poster,0.1238834409252191,0.22640516782332218,2.8998520608851495,0.4659550475833633,0.7037552436986932
center_g15,a93c69,poster,-0.11239590847976769,0.11683071863758052,7.52847569398186,-0.18100675228033786,0.4875513669943905
center_g15,46e99f,poster,0.13003809307328934,0.2647047157117046,2.466247599884362,0.32074464438903777,0.6962189712193825
center_g15,eec240,mobile,-0.139427232038177,0.08033260653052485,6.977619447728717,-0.2772826812653371,0.42925294571474765
center_g15,557221,poster,-0.06538431883686524,0.15137985820450633,3.4978464574089996,-0.1828963199327714,0.6617040961650349
center_g15,f33d51,poster,0.16128026952666707,0.30687318683562526,2.447086200564601,0.3482243444360545,0.6877583327135703
center_g15,e9f7f7,poster,0.4110472344257452,0.4037440297409113,1.7935428297548537,0.9028844232643597,0.7735308873216401
center_g15,029a48,web,0.155090695381168,0.2647125574493462,2.5594211172235437,0.5245317967527627,0.7040937866730889
center_g15,c40a65,poster,0.26531078321713775,0.3139901214789544,2.090759450371886,0.6550529454226136,0.732543389507266
center_g15,27c37d,poster,-0.026964131166008043,0.12398021164544054,5.2556470089653535,-0.03603079130195641,0.5732177034034411
center_g15,a15dc1,web,0.3539501206268161,0.3955019024628888,2.132380554651215,0.7909593691245574,0.7548963890838987
center_g15,3ae6bb,web,0.09669968694506448,0.25493922921673423,4.02079857301061,0.2526537333134463,0.6129619110797488
center_g15,d69abb,web,0.14974577089672705,0.2678952496309267,2.731056419812204,0.7629786959706379,0.7824974840530585
center_g15,f7344c,web,-0.026816768625617656,0.09037548440114554,6.2410996617243315,-0.039266217294493276,0.5251953568947679
center_g15,24425e,web,-0.022052015732228297,0.1467791761435763,3.274465453138329,0.06498279566307728,0.6680342634658714
center_g15,da1d78,desktop,0.3319144332807422,0.3466506571453221,1.5903704629435118,0.9673901632439316,0.7505423100786882
center_g15,3ae59a,web,-0.007428398110881342,0.19344743924151797,3.7164873086518035,0.07355482753472614,0.6468161068272525
center_g15,fe670b,desktop,-0.001137458228404419,0.2078316215352239,5.887853460137703,0.05073369338185536,0.479978350222238
center_g15,ce9bfe,web,0.009233533160754526,0.1742819168206345,5.180521692044681,0.030707922149041837,0.5590798494997252
center_g15,2adbfe,web,-0.032115122921333124,0.11803053432289935,4.576011456371551,-0.07789228993628938,0.5555114038798015
center_g15,bf97aa,desktop,0.18773055757086293,0.28768262127485184,3.29030295465248,0.4214307574619329,0.6814592107830176
center_g15,a05750,desktop,-0.05177619700122739,0.1356906331703985,4.715454711635056,0.02106578947463766,0.6264454733101772
center_g15,2cb6b4,desktop,0.016282519021065762,0.11742155936140136,3.5116514921747557,-0.039462296717405865,0.6751173170946599
center_g15,e2af38,desktop,0.2617074832737084,0.30992821250390096,2.0688035437692256,1.151608704204097,0.838585425288414
center_g15,4587b5,desktop,0.03696230527364066,0.18295366981710642,5.397201091410128,0.1279060676231333,0.5915454496055299
center_g15,1f1fff,desktop,-0.05024797282293967,0.1306686033430186,6.409595810531894,-0.0839612500280021,0.4197675758946946
center_g15,39fd3b,desktop,0.08267630407197057,0.1995325882101478,3.5672645851468823,0.2890121400493052,0.6424106538364686
center_g15,d93532,mobile,-0.07200764924092146,0.15732031349812947,4.3491668285788005,-0.1508864131828422,0.5769869212988872
center_g15,c6c08a,mobile,-0.07868870053079932,0.16967010405047322,5.177009600209258,-0.08176704094442606,0.5159917523914873
center_g15,ab7961,mobile,0.09462631548925907,0.2443386533485602,4.598610643268171,0.2649158427223673,0.5686629030720518
center_g15,c9133b,mobile,0.20505905994603468,0.30086543185413117,3.5059799401481357,0.47369445465051635,0.6393528639202729
center_g15,09d330,poster,0.26838838836035184,0.327111004069705,2.132407271400262,0.7641593149299715,0.6841152767986939
center_g15,0f81ca,mobile,-0.03774169252535539,0.18348991135826248,6.139076859657451,-0.03199980772783358,0.45684135022086153
center_g15,26c4ef,mobile,0.7672682874661232,0.6145472993477462,1.0527195233812756,1.7286527942173449,0.8157979123813095
center_g15,837df2,poster,0.22295138147710244,0.33252236022943626,3.3979160060324163,0.39701782327120744,0.6477027025046493
center_g15,7ee781,mobile,0.024847263903756446,0.18842779386959466,5.45725616152759,0.1930531949408705,0.537505537548594
center_g15,55d981,poster,0.0360551493883676,0.22028017902160713,4.547935866366454,0.16299976849904177,0.5349248683431136
center_g15,fd7c30,mobile,-0.1294673482943143,0.1053916616578659,5.3714622285060845,-0.2024330343220912,0.48899107903945316
center_g15,88a176,mobile,0.11011381576572404,0.23586514524407826,4.3515284653675375,0.27080499616383813,0.6074799626811134
center_g15,9199de,poster,0.3615771461964828,0.45731723251700684,1.4354572467902862,0.6126993021430139,0.7328054946757683
center_g15,e70774,poster,0.4667832466458682,0.46181024219822775,1.6937717293827745,1.0628490408053881,0.8045707461875904
center_g15,b434fb,poster,0.32212227358693674,0.3062135466614755,2.0343732927596903,1.1288579120917095,0.8091307334138558
center_g15,e9465f,poster,0.17660437949806268,0.30485842458978624,3.3206760767781103,0.38183327190040633,0.5906518018871636
center_g15,88c9d1,poster,0.31479087431832525,0.37131602879876896,1.8466462941688484,0.5565907864024603,0.7661353305506411
center_g15,3cf90e,web,0.12572567346967245,0.2364521450685557,3.7249744425006606,0.29002051622603353,0.6086714223845092
center_g15,3478a7,web,0.17323285498948746,0.27703397295801185,3.22555397095836,0.5569027046184998,0.6455895916528979
center_g15,b901b1,web,0.11561424155896523,0.294748559929784,2.886457501708093,0.4043590850261538,0.6527343331025415
center_g15,441395,web,-0.010309282595606017,0.19210519073888102,3.105909734233587,-0.04383462924714207,0.6098854471350657
center_g15,24776f,web,0.3537810310505436,0.3347571592342538,1.7658882228817334,1.0620253286568462,0.7694492679989103
center_g15,95b733,web,0.13781542739330901,0.22592028486927515,3.1563700349901107,0.24349540017054708,0.6563009613954764
center_g15,9e8ff1,web,0.12061228490507872,0.2617098416931597,2.6156871992339537,0.32136421032863954,0.7436071970536066
center_g15,7ce6d3,poster,0.2210251879885489,0.365044527862657,2.7779293694164537,0.4774857271605361,0.6530087024768764
center_g15,882e01,web,0.010873938435225211,0.18973737573948074,3.211999503547859,0.04063844713761657,0.6513677928112152
center_g15,c68139,web,0.1967054322672143,0.31416011279526584,2.919616417646613,0.5653885031612376,0.7083603666744493
center_g15,8ff998,poster,0.14795973935152082,0.23361920078282647,2.6493761006504783,0.42475162671960265,0.7451283103797014
center_g15,d6cc23,desktop,-0.08176112132942191,0.058891676211985385,8.7334589296724,-0.23683542430388177,0.3788336144913809
center_g15,b49400,desktop,-0.07251856441997437,0.08284721740059675,6.5049221249812135,-0.2971744172399628,0.408438400376113
center_g15,2675a8,desktop,-0.038599191256251435,0.08155997657603581,5.252750559444493,-0.1101143956759486,0.668104868047419
center_g15,f3e3f8,desktop,0.04792565135889043,0.1544738450281609,6.015668309217215,0.16851855228754853,0.5781765756466458
center_g15,a04c36,desktop,0.035804498007926414,0.1866879359218737,4.964484743675065,0.22840153343631908,0.6411313658391293
center_g15,86c651,desktop,-0.07422799069974126,0.025045422651823294,10.683190635731929,-0.2965223240627516,0.3898054284241151
center_g15,af49df,mobile,-0.010174758066032987,0.16007854751993503,4.4172116364441525,-0.1461319339368528,0.5885995049035426
center_g15,4fbc40,desktop,-0.08263536744994232,0.05561589651289801,7.275367853434632,-0.27690249978473896,0.4749823835113913
center_g15,14c026,desktop,-0.08003991649605131,0.03410163823827664,6.885315775486316,-0.3146627040213299,0.527416745148438
center_g15,01ca85,mobile,-0.12384977349511284,0.05939396926661958,8.9617572510135,-0.3537821761859713,0.3339169307181407
center_g15,3aced2,desktop,0.20702154332001946,0.22640157588206833,4.120253440246233,0.5328270312198334,0.6317335182664001
center_g15,00d34f,mobile,0.06748963998428324,0.2550874182118491,5.112323032405683,0.2958569693715381,0.5657757004918991
center_g15,b3ddb5,mobile,-0.13174226292904306,0.03520084845931367,7.533026361541265,-0.38521816032687284,0.4091671199731197
center_g15,9fad4b,mobile,0.028250360648931765,0.22201393583456172,6.835037318200797,0.240612475876537,0.528189416682485
center_g15,79672d,mobile,-0.0550507092059058,0.13027969458731664,6.378842460769989,-0.18570839899309155,0.4707932938008433
center_g15,d9a22e,poster,0.21547079231735136,0.29259843790459883,2.548434834468603,0.3923347349946108,0.6790143636877715
center_g15,4d987b,poster,-0.03550355253311478,0.13543708827299294,5.513388780857136,-0.10029642653725408,0.4897127274626986
center_g15,67522f,mobile,-0.022363738135972117,0.1409456247072812,6.252116081158407,-0.0406282844528162,0.48276597786170267
center_g15,6d15ce,mobile,-0.10400074317039149,0.06072218525864836,8.277195802021536,-0.3420279248531919,0.3088742116944415
center_g15,f1e37f,poster,-0.09864139342805561,0.10495645987581909,4.82905551010069,-0.2465611645100662,0.45300240679724924
center_g15,42a9cb,poster,-0.04553408911744622,0.10047280520521039,8.392264800578134,-0.14737026605952247,0.45935448807403884
center_g15,dd8251,mobile,-0.13408437456880334,0.008667012032723005,8.581811471579611,-0.40529275719927044,0.4056478989836857
center_g15,c5ea52,poster,0.34600864217861055,0.27437607958643023,2.193723225899091,1.2264498322627824,0.756340117429938
center_g15,5baa74,web,-0.07742187510121569,0.06059338012442558,5.500969153204928,-0.31513041048760154,0.5174181671306997
center_g15,8b6299,poster,-0.08019434552327437,0.132146463670187,4.6555085096462285,-0.26127225711132746,0.46744820862538994
center_g15,665c4e,poster,-0.06785023275166074,0.10315845492360722,6.9747888652748715,0.045015787836655434,0.4442824680769881
center_g15,85e5ac,web,0.2026648830576973,0.300351507305722,2.763119872260227,0.5514824086848567,0.641359990029361
center_g15,9204ba,poster,0.08566561286961262,0.20939631240272033,3.6153847847632794,0.38481556563146224,0.7070513601084357
center_g15,5e0dee,web,0.0746207195477297,0.24208188948228881,2.4565572577778547,0.34104968733998375,0.6978499665259801
center_g15,1c27b9,web,-0.05766953322624982,0.08367719760176044,4.831400076201674,-0.25013837159674357,0.556716745658859
center_g15,eede0a,web,0.10545143762795611,0.23440192248102734,3.471118904050892,0.2511706308655597,0.6062165032398152
center_g15,bd57a3,web,0.07706307378966343,0.1536112866460268,4.353674922464161,0.2181136625540343,0.6090983188716762
center_g15,d23a34,web,0.09959880053173512,0.23552109355187484,2.5963750847371427,0.31098514447911896,0.6971759838765039
center_g15,4bb6dd,desktop,0.09331275346752813,0.1502621413536273,6.650308370507055,0.6553195573802733,0.585371857846587
center_g15,05890e,web,0.33145044345914143,0.3215702963803644,2.272129371443089,0.9643360955364058,0.7682348872643063
center_g15,a9ccfc,desktop,0.1961280883599327,0.2961861679607774,3.343289856535537,0.5178457409312497,0.6871186762739396
center_g15,eed0db,desktop,0.14071236291026956,0.24119630912993703,3.499835191738709,0.3422115214270412,0.6994060857822388
center_g15,0a87be,web,-0.053014238762725506,0.0731294469031932,5.159568310963201,-0.272288831143084,0.527360163585648
center_g15,e20a6e,desktop,0.06275578399476864,0.21740537075993488,4.141977257862683,0.3710893313911539,0.6815324330477093
center_g15,147ff4,desktop,0.14099284290875022,0.24386186940723753,2.019942837426671,0.3051923127965843,0.7504853502989133
center_g15,ed8647,desktop,0.22457815822202856,0.30816327776640196,2.5616136201228725,0.6028710934299526,0.7491542223632498
center_g15,bf66e8,desktop,0.29821920296849014,0.3671826107188176,2.045604678061513,0.7210886173907138,0.7442659363821915
center_g15,de5446,desktop,0.2546851787720874,0.31197410013596016,2.4983981305398695,0.9427831097297221,0.7529730287508974
center_g15,55251b,desktop,0.12686161936629264,0.21057140085576248,6.6536485608858555,0.23893653427063236,0.43176605625231995
center_g15,74edd4,mobile,0.17282106375423537,0.2490916003887212,4.933114280167615,0.39382433994222815,0.5559413008985573
center_g15,9ba547,mobile,0.2634277532973617,0.3429230783176115,5.531619778551154,0.6527299767807707,0.5224028129028655
center_g15,548c01,mobile,-0.05172469072580947,0.17147975761873682,4.728055413108546,-0.13019443767754402,0.5503644238359972
center_g15,3efe00,mobile,0.4095419211806896,0.3725947929514884,4.543697266406852,0.6849362378598298,0.5548721393709307
center_g15,f735e9,mobile,-0.08478485589183031,0.10761478768861994,7.450004188981838,-0.21737175744976572,0.4171044992277144
center_g15,2b30aa,mobile,0.7771342574924707,0.6150371569976476,1.4262048086319417,1.679762226106769,0.7837167275785116
center_g15,f1be04,mobile,0.3123487099277797,0.3658675050999266,4.249922191033192,0.6410262016146775,0.5938589321662142
center_g15,4e2a75,mobile,0.3660487508922337,0.3286021454958682,3.935597686446439,0.7868999337428605,0.6043161225597329
center_g15,8f669a,poster,0.2266345673295283,0.27545475127911057,4.017369875238719,0.4714812922003576,0.5975285532841852
center_g15,62fedf,mobile,0.1509150330010498,0.28267388023905826,4.788649578452768,0.32340711172295883,0.533623214151771
center_g15,a47405,poster,0.34746758778162323,0.3897226861334713,1.9162524935134986,1.040173948337619,0.8062876305851124
center_g15,257df7,poster,-0.12157220146186942,0.06951280927175664,4.706033074058704,-0.3764972296707205,0.49580414181899723
center_g15,91138f,poster,0.22395397178554297,0.2984955277488189,4.3312043724975355,0.4086995798867792,0.5688602868626013
center_g15,05a1ad,poster,0.25433566717160916,0.332763870545429,2.7838303114683316,0.5343368936838035,0.5563560245047618
center_g15,d1f254,poster,0.04108415059504553,0.19530807098846997,4.65318101485625,0.24107626855658137,0.39702991169300195
center_g15,628c6e,poster,0.05532070776493316,0.18954119471093336,2.991648715243907,0.18555170515606922,0.6284278291159486
center_g15,07a2c8,web,0.034463774373008,0.1944624858986564,5.356287797152936,0.0652383250378403,0.5179996366465871
center_g15,d7535a,poster,-0.01004381700618772,0.15431463079318383,4.59053689372498,0.017952550018805767,0.608409127441035
center_g15,33d2a6,web,0.08265826847561322,0.20637644158183427,3.1712758762771873,0.2623082462778982,0.6385162918336595
center_g15,d20ff4,web,0.5947958226499998,0.45509991411135853,1.7038645127831065,1.851801402156223,0.8198016419305453
center_g15,714584,web,0.017653993778308195,0.14313854310296648,3.8773499779971323,0.094894330601728,0.6526450881813028
center_g15,cad727,web,0.009021206024422647,0.17391267521906734,4.174609522309736,0.15011425640457424,0.5498100272767343
center_g15,b3bf42,web,0.22059396644047904,0.26045005207977573,3.1376283011236312,0.43396242196806767,0.6676870513281803
center_g15,268f27,web,0.01756549740076998,0.1960251944050776,3.6812551495077113,0.024070405168176316,0.5938920461366376
center_g15,609262,web,0.1771715834886863,0.24152521800678808,2.8254085187985822,0.4788067988647657,0.7297393548936782
center_g15,58e0a1,desktop,0.5220544057459362,0.4251676190239068,1.6297249376853546,1.515049862185583,0.7888482070570472
center_g15,e99f26,desktop,0.4841649962701956,0.3748988089064066,2.6496286395384407,1.4662822334697871,0.7142529515172726
center_g15,1e27b2,desktop,0.3668492679378986,0.3159275115459718,3.444442602602654,1.178101932779228,0.6950744493504136
center_g15,c0233f,desktop,0.02320786563781295,0.19884337350101272,4.568720681844524,0.08226701200600757,0.6299068384924997
center_g15,0dbd98,desktop,0.44249718763905255,0.3947354124438433,1.229623446916,1.323354930317,0.8316010962682198
center_g15,f20200,desktop,0.4483703177474117,0.3982658145944186,2.8925674684710456,1.0821759558810398,0.688518881774754
center_g15,27f3f7,desktop,0.25932077993335,0.3781577318518151,2.2988043936274196,0.6192974193229993,0.7613793258904127
center_g15,bdf30a,desktop,0.6174243425370758,0.5499844612573184,1.15035310632683,1.3654843604439806,0.8356937768682204
center_g15,8cb7cc,desktop,-0.0451970048312514,0.20342158246147277,2.719059848660881,-0.07716162468382498,0.5879026189001824
center_g15,7b8443,web,0.20004950236397495,0.27542701205744735,3.7842818907669753,0.6867825015959023,0.6739248137086876
center_g15,6af818,mobile,-0.08231936753372927,0.11069787250941783,5.034096659862756,-0.04250922473384536,0.5918757805970711
center_g15,235508,mobile,0.24917881710907255,0.3122960106942221,4.708006443018565,0.47005949773268957,0.5431605025234554
center_g15,759dc4,mobile,0.20995758479097296,0.3139076928393525,5.188126879508063,0.4132941568315833,0.5379096236077358
center_g15,c84d32,mobile,0.4457707977367019,0.43016116398698806,2.676711478961595,0.9239890657338495,0.6955158853217369
center_g15,813384,poster,0.05497446623673187,0.17351845510635386,4.90886858000918,0.12614012135002198,0.5824190936030319
center_g15,25bf7b,mobile,0.01913836380527395,0.1604225735146178,5.646286666977808,0.025430040192236613,0.5004190008830226
center_g15,239f23,poster,0.03811521495538573,0.18313654985380992,6.8184538650893725,0.36530634600670847,0.5482055332029129
center_g15,51fd1b,mobile,0.03317871071069053,0.24723013998924848,4.492727685311607,-0.023782264574150277,0.5690799556864538
center_g15,980144,mobile,0.05546807205937282,0.18931426075296137,5.5535380424701595,0.13451962745305918,0.4625304744388296
center_g15,d375a8,poster,0.31921665901771124,0.33603867300003887,2.8464273380958938,0.7080532400812537,0.6610969539628775
center_g15,319181,mobile,-0.12130745078851177,0.09965400172443278,4.941098669611507,-0.2404754933106508,0.575577817703411
center_g15,b4a191,poster,0.16149280875969046,0.33124515688646594,4.350722972349536,0.34322655282436615,0.5398859909224691
center_g15,325d49,poster,0.395549266923492,0.41716569197711684,2.458488951034349,0.9714591627902438,0.7233214309256608
center_g15,f63992,poster,0.03763889832258678,0.18316913446258754,3.013276803030247,0.16367703853341975,0.6849338910586099
center_g15,f7b72e,poster,0.24832305272275368,0.2941073679192162,3.1555225095619623,0.8408364279050295,0.7694136183272311
center_g15,27b0cb,web,0.3727214766005573,0.2933437751272521,1.8099596929940114,1.0661676034818008,0.793068286515219
center_g15,df1857,poster,0.3353375359063161,0.3594037961811617,2.0380600921133056,1.0529827748283116,0.753921164583296
center_g15,c4b8a0,web,0.02673130636878921,0.21374417997740303,3.259289534897113,0.051502050644261825,0.5204612325170509
center_g15,0616a4,mobile,-0.11633107017263503,0.10499637403689799,6.286917010655822,-0.21020095137846176,0.47182167813992654
center_g15,3cc438,web,0.19058884638190282,0.29436818298424683,2.2045210207464514,0.6604890100793325,0.7665077207167641
center_g15,486fbb,web,0.08395906325405439,0.2416280542543996,2.9739235769108845,0.2520512434963542,0.6488314589261667
center_g15,57879f,web,-0.10409741250134802,0.08183216664281925,4.808361718566192,-0.3549184355484855,0.48663396071058573
center_g15,bb4af5,web,0.07549039038421834,0.24282764024990294,3.4964236688234296,0.25653289375209004,0.540717649824584
center_g15,d59f99,web,0.185163408570383,0.36089452496652874,2.140792088587949,0.45569502674468104,0.6679279674990091
center_g15,d7d901,web,-0.07791279698956066,0.132246595427715,3.834600776693929,-0.2823351908628845,0.5230046551284484
center_g15,42941c,web,0.25305546656125677,0.3128247381735767,3.4442270761289913,0.7636772618757942,0.6905587564619557
center_g15,df8ad2,desktop,0.04118676466735083,0.19303321442522778,3.3078917355257773,0.1544236756406453,0.6090108758027093
center_g15,55c555,desktop,0.26889324369383694,0.3237565529487547,1.8998975984930306,0.6310010072686769,0.7725135657584384
center_g15,ff561b,desktop,-0.008437525396781888,0.1524791579555529,4.212187638389213,-0.030780221469553327,0.6263544243229374
center_g15,333ba8,desktop,0.05456790590843938,0.19190472408808062,5.50554173856697,0.2318563568648998,0.6234274919573007
center_g15,947b62,desktop,0.5243946773952419,0.4223060624355053,1.1504850734596355,2.2558364989207673,0.8880771537588139
center_g15,f48d0e,poster,0.2824903741885874,0.30442446872952983,1.9450029052503992,0.7674503378086652,0.7403050744554264
center_g15,b2b7a2,desktop,0.1517919702978103,0.24058869108705144,3.0468287723354743,0.461209637420234,0.7208136290206234
center_g15,6a8c97,desktop,0.36912463201529344,0.33375071815074697,3.054774099956755,1.0288984463504234,0.7056729742972835
center_g15,003eb9,desktop,-0.0011216171794620968,0.14730530433024247,4.207417406872903,0.33216702756228483,0.686611551082809
center_g15,78b10c,desktop,0.012149451715481669,0.14307472663551096,4.961151853288012,-0.005821565899287275,0.5810151325941222
center_g15,cbb7ad,mobile,-0.12958246316787186,0.10775749465147011,5.908173285943929,-0.2529602264934539,0.47569360224295315
center_g15,13f898,mobile,-0.11050763473914486,0.09654140438608982,7.28450723682704,-0.2620702740584335,0.4085510366498866
center_g15,849f25,mobile,-0.08897538579166249,0.13646126357723545,5.431099462629359,-0.21459778463948165,0.5294574810980645
center_g15,16e611,mobile,0.3889595993504394,0.4211797966959954,1.7890065203005237,0.5614715743896713,0.7411500664597934
center_g15,510093,mobile,-0.08488376652153114,0.1377723046716076,6.2751138787717,-0.16902593931400633,0.5133899533360328
center_g15,05490b,mobile,-0.17224326731314915,0.07402120988419829,6.350814575687615,-0.36450201145628036,0.45483935113502977
center_g15,e1f7b0,mobile,0.21785381357500216,0.30838155512375204,3.080052984191701,0.4230088196911631,0.6501358897461502
center_g15,544816,poster,-0.005654045022720832,0.15022978749812063,5.3546655948323245,-0.14232911344456176,0.5891140134157247
center_g15,eae3c4,mobile,-0.09470361671104344,0.10844359273431788,5.802447559360702,-0.21771837476108308,0.4924666372534106
center_g15,b516e1,poster,0.1616681536209854,0.28312063021148853,1.955242325923066,0.44634563322457804,0.7362245459877456
center_g15,7ba4bc,mobile,-0.10138031396135047,0.09423902140118696,5.534655575167472,-0.32021622171956676,0.5511616467109371
center_g15,0fc384,poster,0.11769884046784726,0.29297301479606025,2.0543459831217556,0.2958746535950196,0.7255628581745326
center_g15,f29bd9,poster,-0.0061833578698506225,0.16337199031809924,3.434447998791372,-0.010280000966160595,0.6638403793119385
center_g15,76dc6b,poster,0.1151764148425966,0.21002725740149408,2.3090181714782556,0.37441560031055304,0.7463012305998752
center_g15,f23e97,poster,0.17611868831470145,0.2586256324486625,2.556491320054838,0.5620788499676218,0.704360226789411
center_g15,7e5b71,poster,-0.036016306695241904,0.21738680875623353,3.252170920992048,-0.041856054909256035,0.5555503548510541
center_g15,5d7024,poster,0.10359623924299177,0.22122504166817633,3.5896013616203715,0.397407250286464,0.688668190654868
center_g15,ef8863,web,0.13587362426424648,0.23866042287320868,2.3412951616443847,0.24298978663338733,0.6352093098462219
center_g15,3839b1,web,0.17377542142995006,0.3026795094997682,2.9576691463094806,0.2666594493117373,0.6062622488098443
center_g15,2a5307,web,0.16798975605302566,0.2325556122676197,2.270015843176118,0.4843560736226558,0.7679070420111233
center_g15,c642a8,web,0.08583187699234135,0.2619505418025935,2.4138009866542722,0.15763555046173483,0.6796032718154845
center_g15,73d5d7,web,0.08970333849860758,0.23462661860928852,2.619128621056612,0.4385318361661788,0.7545280940012542
center_g15,9cb812,web,0.06118440407296766,0.23681562669261746,4.309703237582547,0.3005997587979055,0.6075335001545398
center_g15,9466ef,web,0.03166223607496927,0.21548828776894396,3.8498929595468536,0.08740363804122331,0.571355256217098
center_g15,2ef49e,desktop,0.2765361138052793,0.27737748170192933,1.899624159553244,1.006217786077391,0.7802910439848796
center_g15,c15cd3,web,-0.07977814965131841,0.08949014434751787,6.045971116872582,-0.18517776932900554,0.550945298724808
center_g15,69cd24,desktop,0.0575543574361686,0.2539868365243929,4.610977630075091,0.3353248460245054,0.6404774772900572
center_g15,c05a14,web,0.09684487658703368,0.22444062260642386,2.9715948977171482,0.24305658367549143,0.6928263972571522
center_g15,e102af,desktop,-0.021565946253359197,0.1120669315521419,3.611181779211754,-0.10151628387338887,0.6998962382347708
center_g15,998d69,desktop,-0.056767667227412714,0.0773289529006023,8.313251655262736,0.15660076454765975,0.44646410822625043
center_g15,0eef1f,desktop,0.07811031982629202,0.19210870105241068,3.493662638051414,0.23668437069716858,0.7052478923766716
center_g15,8ea477,desktop,0.04915085897000808,0.20596420975911436,3.083513510833478,0.2913264787001436,0.6632921692327163
center_g15,07b304,desktop,0.5708010010868824,0.4867814662322607,1.1055990354937768,1.5088635845228482,0.839807960811562
center_g15,038d71,desktop,0.7074976524587997,0.5257762058659361,0.8534996062546217,2.059435453667833,0.8686638213027089
center_g15,919716,desktop,0.11902122387255169,0.218537686333397,3.8388733279163554,0.46393206270624854,0.6712917168752645
center_g15,e4f360,mobile,0.8120899192022282,0.616944431225187,1.0932427213045401,2.0456959830076853,0.8402767643677477
center_g15,dbdbed,poster,0.6396253687625486,0.5371228094967917,1.1343991977339851,1.3061419780087251,0.7698448326773406
center_g15,e254a8,mobile,-0.07081137256481067,0.1316395970092449,7.249348135420462,-0.18233635092951248,0.46749767794433966
center_g15,203a7b,poster,0.07682495211541646,0.22891782612785416,3.5671646170114673,0.06634199553367688,0.5602138047495265
center_g15,a4d2a8,mobile,-0.024585726617820595,0.17358708786723306,5.606024108191187,-0.07017972379332839,0.5393186583512072
center_g15,f4e7f3,poster,0.14867548519241075,0.2725378686072327,2.915403350572576,0.45555828351558314,0.6875003714977282
center_g15,9073f0,mobile,0.00746381171411575,0.18063161723131818,5.015651123072645,0.3262987991481469,0.5844640686589759
center_g15,88fed8,mobile,0.0693139254448885,0.19677511284473756,6.4459593244299676,0.38494518784254655,0.5089253775167246
center_g15,a6c640,mobile,-0.08900607366762284,0.14812010187253608,5.77013518577017,-0.1960453973808872,0.5025524656396277
center_g15,6f5978,poster,-0.1339738730098745,0.03626409685145564,7.789271358738418,-0.3112958835172919,0.4497805529249594
center_g15,c0ad6f,poster,-0.0983448848621673,0.11327315634771419,6.38088676184375,-0.2128783563748362,0.5223680639809881
center_g15,e86e77,poster,0.3195446833658184,0.3395662732567257,3.0822447667529613,0.7163580120121281,0.6411063227671377
center_g15,c53dc2,poster,0.28882867444667304,0.3619458579506767,2.745149654738699,0.6377305613754982,0.6687674052283856
center_g15,23f03c,mobile,0.48543964262009676,0.415530639631832,3.7309051360661365,1.0140890479311375,0.6208712585010875
center_g15,af24f8,poster,0.142693466665128,0.2693810664047463,2.4400060044695797,0.3265539282364042,0.6741617530400137
center_g15,f0773e,poster,-0.0440111717831903,0.10190953554885737,8.783156545032417,-0.19726854611028866,0.3394493935312282
center_g15,e856d3,poster,-0.013745727567619315,0.15729066124702104,3.0125022251551004,-0.0907841160046673,0.6892944714343153
center_g15,fd395b,poster,0.04949832660328865,0.23141595099035894,3.992028379399971,0.11735861264949167,0.4912907431531177
center_g15,5a19e3,web,0.051217570312769724,0.22205466103701615,3.6830440495623384,0.3824418718544893,0.6480881986395127
center_g15,591218,mobile,-0.06545037227595721,0.13419704681702044,5.4408003761603565,-0.1548336605175862,0.554490565040519
center_g15,f29c75,web,0.049456333902180086,0.1963337605551954,4.788913386980457,0.3251978049617353,0.5975830316731194
center_g15,563395,web,0.10130562867797044,0.17798893384136263,4.993228455160847,0.34498566166023237,0.570018908260769
center_g15,3a6075,web,0.493824343401761,0.3937251662008854,1.4046634004057763,1.4624954442177596,0.820705612884355
center_g15,1d99c7,web,-0.0205021806291218,0.14535274417337002,4.990553728885422,0.10348075137587497,0.559638334872365
center_g15,3628ee,web,0.02521732269387198,0.2046873569257444,4.440112523015155,0.04607618424948374,0.5992585489663463
center_g15,e6b882,web,0.1947151887733046,0.2629224066773541,2.708665585369635,0.6252017669412581,0.7070164805537344
center_g15,188089,web,0.1216913709393682,0.25043158299067425,3.576122615169833,0.3286840365035408,0.6488411455449301
center_g15,7e305e,desktop,-0.0703098626386696,0.09570283538039881,4.837611231564124,-0.08082231245971297,0.5374534591694938
center_g15,20beb4,desktop,0.1544600983079285,0.2774143058973309,4.281392484258422,0.27677550715449895,0.5955940133474568
center_g15,c9898c,web,0.19969131301774742,0.26788646897058677,2.468935394556986,0.7554386405599982,0.7317871631418117
center_g15,9fb0eb,desktop,0.009295385737093426,0.19830519443309613,4.865402095925538,-0.06512619013936925,0.5829871183661143
center_g15,5aa40c,desktop,0.14238328311900508,0.23597405569075297,3.0990034001402758,0.6180201260400979,0.7383312503678069
center_g15,f06889,desktop,0.08225553922776176,0.23046497002551103,3.8011951894947735,0.37022874461407435,0.6959886590356321
center_g15,179165,desktop,0.11302072973504987,0.2574366113481742,4.055503075721731,0.2652440556697481,0.6561243024197235
center_g15,030bb3,desktop,0.18521704898863067,0.24815179757693817,2.625157867158701,0.5562575832247469,0.7415671625191811
center_g15,890d33,desktop,-0.013882249973624049,0.18945623506369372,3.4891174721917895,0.04128227709708909,0.6240186534519468
center_g15,d667b6,desktop,0.41730586061179353,0.41834613738336845,1.408662612254176,1.1963028695470315,0.8315843205630014
center_g15,56ea71,mobile,-0.131192481935203,0.08791994295650168,6.117451393425477,-0.34037168285021246,0.4537884227986785
center_g15,becb10,mobile,0.06965834342981704,0.1949926546357261,6.229138108245649,0.24227833734866108,0.48539369404846233
center_g15,2c29d4,mobile,0.19279199619614254,0.2779503330814585,4.828538088306137,0.21873182844158776,0.4876276675134601
center_g15,ad1260,mobile,-0.0962086137768351,0.10942311369200626,7.074338185301527,-0.26210508579513786,0.4056287694501677
center_g15,bfd9c4,mobile,-0.15008394051820878,0.04713262116907156,8.520987844384187,-0.37713048450848363,0.3506114966824887
center_g15,3a0d2b,mobile,0.1272514610216714,0.2536735679977583,6.1499089820571395,0.19564905266187374,0.4516505971890279
center_g15,23981a,poster,-0.12540121912808647,0.12327491546427834,4.5317972192079194,-0.3482832662459302,0.5023189446811201
center_g15,509783,mobile,-0.0562648521129363,0.14842794840046158,6.0538762193541436,0.10181160687044712,0.497972634753047
center_g15,72aff7,mobile,-0.07052363958292654,0.12452094586567422,7.738553056018384,-0.09901741666387455,0.42097020636518007
center_g15,381869,mobile,-0.10016403389187924,0.12447801749892323,6.549783642867018,-0.238439170976569,0.4341050958826478
center_g15,468f66,poster,-0.0037857828537539865,0.21779697159498812,4.7053693524306235,0.07699692048606424,0.5011192039236724
center_g15,7afd03,mobile,-0.08090761773097199,0.1486907366690042,6.108136883766034,-0.2068173142239297,0.49271646432283267
center_g15,0bce2b,poster,0.0036020454169209005,0.21709145021326504,4.4645856865973625,0.3042520022076841,0.547981510224902
center_g15,0186f0,poster,0.016014168245993207,0.19921374372430337,2.652432285978517,0.07831361833304012,0.708303055171515
center_g15,7f0091,poster,-0.0850379617207068,0.0936228377851092,8.847052089952117,-0.24228809882081348,0.3733881881117448
center_g15,a0c0ff,poster,2.229270621705929e-05,0.1908472785493162,4.633809512865718,0.006225633089225531,0.6140846258897489
center_g15,82e138,poster,0.08937866332606838,0.21935678469240036,2.903601210767661,0.31039150033951374,0.7347081066142153
center_g15,caf6d3,poster,-0.07477556088090745,0.11044024201569483,4.813050804290991,-0.17002546127595386,0.5641700378270689
center_g15,82dad4,web,0.08797376407688512,0.2529263547389954,3.497588557899139,0.23944645218492616,0.6461215341222541
center_g15,fe193f,poster,-0.013839257885083094,0.11129218087303382,6.000790657583689,0.010840812771735544,0.40242108373908503
center_g15,362dcc,web,-0.047074634128821215,0.15076133887165713,5.880499584410921,-0.12475952700987981,0.5195308684476516
center_g15,822454,web,0.18382320515974,0.31021784937473773,3.0575510774602344,0.4638355435003278,0.6787356538399557
center_g15,d6ac76,poster,0.1694005879198294,0.263047145967198,2.692547325895041,0.42868461213942766,0.7253525765764127
center_g15,e017a7,web,0.15727313349445704,0.29644638594168515,2.450224368358448,0.39027942804999416,0.6527265281733781
center_g15,96db53,web,-0.012997579868262962,0.16661738817850924,5.416201020117227,0.1573680973157261,0.5919092160700146
center_g15,acfa9a,web,-0.04268359025595418,0.168650531855502,4.585695465575677,-0.14888378473360805,0.5028782246470798
center_g15,e6c62e,web,0.16568865534561572,0.27882666265569866,2.71842966438095,0.34010475810244056,0.6884276211998739
center_g15,4de4af,web,0.20998126066624961,0.27275234910511303,2.1462279625726386,0.6318372275354118,0.749913857609336
center_g15,8e3198,desktop,0.4638908516858159,0.39363234441189354,1.8176472897982516,1.6027831314934053,0.8319727454953232
center_g15,ba46a0,web,0.08043522327207674,0.20469395045481453,3.0006395722761106,0.21742656857398215,0.6714110507046731
center_g15,c90ca1,desktop,0.06123768749485746,0.14937408323562892,3.8585079003314657,0.268186691816636,0.7179868265645016
center_g15,be0882,desktop,-0.05409549271288133,0.0662358134899075,4.468070958997178,-0.21092771455309953,0.659006533172136
center_g15,9780b8,desktop,-0.045432490391259836,0.08468958866419174,7.140916161528783,-0.022785966595905444,0.5086784946400804
center_g15,6dc873,desktop,0.12529976312177493,0.1844967741006897,4.784158373216907,0.3715031222036783,0.6114360128177442
center_g15,ef9433,desktop,0.01584107428584568,0.16358844929467195,3.786057989386329,0.046286303592573415,0.6777587457929252
center_g15,8a1565,desktop,0.40973507050520785,0.3819195627561298,1.7272239637838145,1.258194577424719,0.8198096810945725
center_g15,bb1ef8,desktop,-0.04523715896642093,0.07994680606084459,7.146072821515874,-0.23253120163650734,0.4638553281207093
center_g15,2c6579,desktop,0.06732672191834616,0.12645803868495215,4.426164267932636,0.20296548148233468,0.6624178679867452
center_g15,74db3f,mobile,-0.16802891017483843,0.06009652991597993,8.307878933510034,-0.3762939761122341,0.3692643245027695
center_g15,dd173b,mobile,0.07463138934263731,0.19277841321154143,3.643495153218204,0.056072899989204804,0.6252745739862126
center_g15,92159f,mobile,0.004822784443321132,0.13644911228592546,5.47568885831709,-0.033777875878633706,0.5549298585235561
center_g15,94d9ed,mobile,-0.1479441834101879,0.06899508013062686,5.699731787582574,-0.37126378594351955,0.4899021871413367
center_g15,7b3c72,mobile,-0.029077241111683118,0.15363310863271087,4.080150110057244,-0.06151070365515753,0.6086616471499249
center_g15,e348b5,mobile,-0.03647932905439934,0.15661855946279485,5.879314824168834,0.010785656297674574,0.4715195905458777
center_g15,18f09a,poster,0.22592851629411556,0.2961368793479586,2.8614460343978196,0.3712597051226769,0.5936041058307183
center_g15,22651b,mobile,-0.01944326548722329,0.16258153483881557,5.564150105154589,-0.10975955073416954,0.49957788925512364
center_g15,aff6c9,mobile,0.24341305669188412,0.28293208633340283,5.825686797073571,0.670377930668239,0.5442276992769819
center_g15,1f1736,mobile,-0.05358832170814862,0.15011401720751255,6.7786166121052585,-0.105849152499663,0.5077305502954227
center_g15,287cec,poster,0.09746065592052894,0.19960898105014296,4.059422800378678,0.2915383166208812,0.6203579483639604
center_g15,150e9a,poster,0.48872368303763003,0.41966191335568204,2.172334800357924,1.3501102796553504,0.7370483220618663
center_g15,7dec89,poster,0.2054832346736242,0.2493176462929685,5.5295085277668745,0.2622797009513534,0.5914841299218994
center_g15,74cb9f,poster,-0.12900364702301215,0.1454580708404731,4.124411685480939,-0.32291785187257116,0.47276095692622994
center_g15,2d86fb,web,0.19198559911625146,0.2336486237115155,3.35543249697136,0.6209716617683828,0.6651909660798829
center_g15,e64d79,poster,-0.05636277572733,0.09350810670911666,4.971922990600114,-0.20835870396452794,0.526860781611188
center_g15,6dacc6,poster,0.5073472349472463,0.3809593842767187,2.30117558979474,2.1670654011089643,0.8209950663292578
center_g15,e60745,web,0.09575972050571085,0.19876728026700893,3.874230238237659,0.505517851332642,0.6227188708898594
center_g15,aef7af,web,0.19553431198458548,0.22810763580999782,4.594795522575703,0.7107960395451278,0.6469997893592191
center_g15,ed1239,web,0.3389735662789067,0.26741513839624315,2.876039839104054,1.3936881897026707,0.7556902370154105
center_g15,79dba2,poster,0.2460673153870719,0.329212892762603,1.6798267345025024,0.6267431673306852,0.8266038303061185
center_g15,091b5e,web,0.3468018624597986,0.3040029906507832,2.7450310498477757,1.2526341337238398,0.742097330620311
center_g15,9dd545,poster,0.09129859868638554,0.2336507924048992,3.245649811241416,0.3108476644408237,0.6874705441638033
center_g15,61707e,web,0.1891489702619083,0.28032798286581245,2.1711828091004204,0.43403250295830054,0.6927212433326917
center_g15,ffb688,web,0.03373872789754356,0.1710437776203094,4.015773035959382,0.29851319314249053,0.6585765165103314
center_g15,d613ea,web,0.19948738424410922,0.22395078978064892,3.239504876556767,0.5263938873430203,0.6518893933571088
center_g15,575851,poster,-0.013943098227519185,0.20633760592994782,3.8044409220970126,0.17709780614358375,0.5417302547393359
center_g15,9ea1e5,desktop,-0.09217105564224062,0.055124384409437885,6.088037843650554,-0.291334088247583,0.5162349091050389
center_g15,d4430e,desktop,0.48370416014891804,0.3515764257490695,1.9299442932640591,1.5831967735665298,0.8092359654520633
center_g15,5d4c5e,desktop,0.02360480629144738,0.16431117415195867,6.5756649307691415,0.10139535900723484,0.49006170984298847
center_g15,5fb771,web,0.19581780187844255,0.2237923707312489,3.478569713205924,0.8334391498100899,0.7149040401099038
center_g15,312489,desktop,0.11064395876024924,0.23916493721401222,2.4770915447854933,0.5875711486828823,0.7422647471430937
center_g15,742a95,desktop,0.38171148213375494,0.30625374845541464,2.8190593418115513,1.2018141030067242,0.7593548526753982
center_g15,37ad54,desktop,0.07601279679011341,0.1630024582441159,6.602131725921573,0.5017417685804015,0.522451257007334
center_g15,2f8185,desktop,0.11603153230965413,0.21654057981396913,3.5636321454825253,0.36560547935561033,0.7208208158761015
center_g15,82361c,desktop,0.3410728364956174,0.3062620302152576,1.864563742462693,1.0070641795421384,0.8290838664040778
center_g15,6cb077,desktop,-0.044403743286931655,0.09083666338689528,4.301275730395275,-0.21120844826309298,0.6124130624722606
center_g15,857721,mobile,-0.13780551216264492,0.021930675902267594,8.436435446684879,-0.40488705557959315,0.32070336547414924
center_g15,d355a9,mobile,0.1700243718268138,0.26691072145707895,5.053877239118099,0.16905745130008407,0.5019820417613213
center_g15,0ce287,mobile,-0.04975770763040281,0.12301139866224939,4.646883783376926,-0.2101819422440456,0.549671076011161
center_g15,5cadcf,mobile,0.1109335418836756,0.23447641207912975,4.784542245682316,0.2406447082988641,0.5279968585839117
center_g15,fc7118,mobile,-0.003405027740283637,0.16833737853468464,7.574760975707354,0.08275492859336224,0.457537997513823
center_g15,4288cb,mobile,-0.08990961425311536,0.10114271671323703,5.912757261494554,-0.19114182577694233,0.47722054886698934
center_g15,dc351a,mobile,-0.16569424665862567,0.043181677880049014,6.827472764088617,-0.3608455448896375,0.469340771133987
center_g15,51582e,poster,0.025925811156980588,0.18950137925718957,3.0015490747961366,0.17368587679867295,0.5951356643390221
center_g15,1b307f,mobile,-0.05493246685300418,0.14150681359464315,5.661447271691177,-0.1718591868263537,0.5151849812386505
center_g15,f7d1cb,poster,0.6527660720027385,0.4338878440740743,1.4071213073484634,2.190095518069833,0.8433079213658128
center_g15,87b278,poster,0.15797600916689306,0.24915541772385993,3.9055880658302735,0.27258956813477087,0.5227733300602921
center_g15,d2d386,poster,0.05094257043044717,0.14952716495940768,2.9466871741764393,0.2254789842070358,0.7369143401537231
center_g15,38d067,poster,0.03087948561419398,0.1483453621656926,3.776953002855028,0.19901709786323366,0.7114820278190328
center_g15,83c9ba,poster,0.14760120978742539,0.26484902447322545,3.9592513498139894,0.12541874524098384,0.5375745677210435
center_g15,35aa58,poster,0.3031325007908229,0.29497244328038563,2.969147050246652,0.959651365601937,0.6715444270454203
center_g15,8f7ad5,web,0.19160892259661524,0.26328388330517927,3.8675464813327687,0.560677999999358,0.6177667321989309
center_g15,eadf4b,mobile,0.17476694589569702,0.2854506980100319,4.967954396194855,0.13029665617146025,0.4950784697301151
center_g15,5845fb,poster,-0.0008260858014380013,0.17137945058123774,6.297399097327173,0.014956617093535346,0.4478906260455432
center_g15,f9fed0,poster,-0.01425823838927787,0.12531069293682426,4.368923507193321,-0.02496325357890856,0.49894229466223855
center_g15,458458,web,-0.004086286775992837,0.1534265685630653,5.100953716536389,0.014467178422561561,0.5432972715749744
center_g15,5a5935,web,0.14568348528385294,0.21157683993944257,3.206777097597611,0.5195797321913104,0.7198153704269752
center_g15,5fe2ce,web,-0.10364451439282046,0.12918541823684546,4.974272532094014,-0.16658924599123262,0.5019919984580263
center_g15,4cd863,web,0.09262180387706685,0.20641597895989539,3.2475531544307743,0.2208005520219845,0.5722705652178254
center_g15,14f8a2,web,-0.058543953650923304,0.11630446392320536,4.336528962718192,-0.18002081167878886,0.5594164097041497
center_g15,c74797,desktop,-0.06231512971116956,0.16901689252375635,4.3641528740846525,-0.12476352972170444,0.5289312512866573
center_g15,84dc61,desktop,-0.09344059035549918,0.08087717156587967,9.150482065865226,-0.0873620623567919,0.37877483025667985
center_g15,ab09c3,desktop,0.002831226338813317,0.154250313075549,3.530426676775793,0.09203844294213842,0.7025274668651799
center_g15,9faf29,desktop,0.18246647488971227,0.2573451490216175,3.675294543872344,0.39833560901237186,0.6256148441803473
center_g15,e74016,web,0.11420747117092922,0.205895689803903,4.422605088884716,0.3735147765958908,0.612223324734469
center_g15,c98506,web,-0.07469669749973423,0.060175290314500286,4.967283306539785,-0.29875390865445145,0.5795174877662626
center_g15,8c2c62,desktop,0.40419227185560774,0.32061122652345103,2.2197674369515563,1.0489366482611864,0.7188111563979297
center_g15,1d0e96,desktop,-0.06354579650374237,0.10085386964917349,5.6402339979131995,-0.19159925493945149,0.48382522014010765
center_g15,9378c2,desktop,0.13977905997864354,0.26450127612073504,5.360814018468935,0.2556451731164031,0.535828886665265
center_g15,22dd48,desktop,0.09870584129135734,0.24577840421165398,6.046148165679229,0.43997254636286637,0.491921413749824
center_g15,a7789f,web,0.22391094029135564,0.2727669488250098,1.9706572936464424,0.9869099366008866,0.8454596410034458
center_g15,25c458,mobile,0.1749550583915389,0.2842529858250818,3.130663719186095,0.39109707782576697,0.6982671558496265
center_g15,91b127,mobile,-0.03883607870374657,0.16549729326994744,4.256258685883393,-0.13577435773121757,0.5828030341277248
center_g15,4d17b7,mobile,0.09799078822592376,0.24404536996651874,4.639361560914529,0.17227481045904966,0.5554145412615864
center_g15,8c6298,mobile,-0.11226022982268408,0.0699897049026286,8.261155331642577,-0.2824697619586798,0.35351235170979245
center_g15,a80be1,mobile,0.1551347614590967,0.32765519256257736,4.102972514068304,0.4547659155913729,0.611541555903908
center_g15,09942c,mobile,0.08275064146770725,0.19999114948295751,4.182257366864972,0.20161956606324793,0.6147465474337179
center_g15,18f66d,mobile,-0.10574377116366124,0.13650822762750148,5.704201974298158,-0.07676986380629339,0.4792112484073625
center_g15,c75d3f,mobile,-0.14558988880912718,0.06526257545183757,6.83732504611418,-0.3510528456608786,0.4115122490774344
center_g15,417f2b,mobile,-0.07032634247182351,0.16638923824036986,5.099599270790939,-0.05835606296469073,0.5489116950156302
center_g15,69b497,poster,0.07811585929631376,0.2693672828060545,3.2145545509376214,0.13405879592896938,0.5840143903160412
center_g15,71bf79,poster,0.19707847145734275,0.2410906605033142,4.594938788335623,0.5095030395162565,0.6175276017547628
center_g15,c65666,poster,0.17454359801906572,0.3017415552602918,2.4958725732058094,0.45616302317468743,0.7419552009528677
center_g15,5ae7ba,poster,0.03003185347609543,0.20546238599021707,3.099742619631019,0.22972301201479364,0.7192757737809381
center_g15,027990,poster,-0.029451055236068988,0.21183989740508624,5.218932081608564,-0.021706024988284597,0.4794265348575622
center_g15,b346f3,poster,0.21758010248277881,0.29362223830759066,2.869721083471235,0.5204756099354447,0.6541130729695852
center_g15,4014f1,web,-0.072418612207203,0.1724284455176251,3.7896915548803456,-0.2457666032637499,0.46488054585189886
center_g15,d9508a,web,0.5966851146409081,0.4674537868468719,1.7954200409595304,1.5609935684416638,0.7967277697601322
center_g15,54d9cf,poster,0.1676261724461475,0.2566690309456434,2.9760724748249467,0.3873845378675637,0.7301634865337843
center_g15,11482d,desktop,0.1153609868362352,0.2535891959074664,3.912226576902062,0.7253272452537908,0.6909876886049362
center_g15,e13179,poster,0.16298295204485122,0.3158986052101026,3.3336931360961883,0.33236018485125296,0.5914592830687572
center_g15,c3ce89,web,-0.01322031108961854,0.17273394610521514,5.152295971143392,0.012618191293745376,0.5061709357079343
center_g15,b0a63b,web,0.025259453513553246,0.18800564752287646,4.734210962625529,-0.010557754169373448,0.47062716168168045
center_g15,7c76a1,web,0.1449389593757972,0.30262832444324206,2.7121096736338526,0.49923937165905813,0.6359856601382752
center_g15,c86562,poster,0.06397166320786957,0.22298919528488068,2.664975412242546,0.2062827367653806,0.7210046376829824
center_g15,94d7be,web,0.4858462744346784,0.4328707588348417,1.661349501488996,1.1931425720993518,0.7856361021966433
center_g15,142b9c,web,-0.01732772340490392,0.19486252580909172,3.0368168836978,-0.027588693696084337,0.6288472862310832
center_g15,d85242,desktop,-0.04233399827072069,0.10145049076175353,5.481568837236847,-0.18595924331388283,0.5419742758242444
center_g15,cb0bf5,web,0.2411726394188922,0.3249241478873641,2.5297808807027016,0.6839199226543032,0.730739272286669
center_g15,de1ea9,web,0.23327125951969094,0.3192848511477788,3.8289430113549234,0.48850251377711285,0.6137543398079288
center_g15,c00ba0,desktop,0.1133370737771798,0.20349946888078935,5.093845774523051,0.4828174109557561,0.6109044146478584
center_g15,08d1eb,desktop,-0.005457638297691416,0.15829457341226424,4.657087748179007,0.03034235341687556,0.6262053998697523
center_g15,8efd51,desktop,0.11968758551493269,0.20252082280472797,6.551439959612467,0.327747514419005,0.454365749116754
center_g15,1ed970,desktop,0.09895436690422815,0.20427011442816712,3.0753646612326886,0.28243091663751363,0.6501845469593102
center_g15,325da3,desktop,0.052709631226780934,0.20197143921578592,7.100445412580321,0.14542470022717605,0.4883658673008721
center_g15,7760b5,desktop,-0.034465558628213766,0.10609688608767896,6.545000589825061,-0.20066361905038768,0.4929083177339676
center_g15,e332da,mobile,0.02334468936883446,0.17303755890292175,4.492802017620036,0.2941636646275931,0.6973695507400549
center_g15,c2a57a,desktop,0.1175849074445719,0.21326562072008437,2.208118589023637,0.309123160743121,0.7114764877243736
center_g15,15fd54,mobile,-0.15107216358122552,0.052598602037873754,6.381002531928476,-0.3776618169563336,0.47285325873194756
center_g15,de271c,mobile,0.030257887330044288,0.18066302207287777,4.227137088560996,0.15012180209017134,0.5649339142412222
center_g15,e43ab5,mobile,-0.08218895985652305,0.10331766875746703,6.546849507688626,-0.3264671762328717,0.4132006155650822
center_g15,00ee0c,poster,0.21557716298612384,0.3353662788348546,2.2719333900417222,,
center_g15,b3c403,mobile,0.20464672050065955,0.21027215585297393,6.735809748618596,0.512298731392755,0.3968200594048412
center_g15,91c8f3,mobile,-0.07603162429475291,0.07127075489566992,8.246407036323557,-0.10112174729978769,0.33954232172963655
center_g15,83440d,poster,0.1533333829333879,0.223139265045464,3.4056827730238592,0.552691806144617,0.6985761760265098
center_g15,22eaed,poster,0.013347205633091023,0.1754425931827287,7.318478599957687,0.17628919737693197,0.40655429114175107
center_g15,cfa724,poster,0.17545648549665946,0.3345979565801025,2.5995028116078176,0.3932152434307535,0.6382025435396422
center_g15,013aca,poster,-0.032593659792491285,0.11723915634564533,4.679167457925433,-0.173107044702833,0.5990335178370548
center_g15,7c4cae,mobile,-0.11052047822130236,0.09933149965306447,6.699661702423159,-0.2755984146773673,0.4649287737201425
center_g15,317639,mobile,0.044525945857822935,0.2592915852023093,2.877812571057586,0.11414714748736558,0.6914817691527319
center_g15,230d6a,poster,0.03600272330713649,0.18400174549874165,3.81590575861218,0.24718785007839864,0.5806524708346084
center_g15,b68951,web,0.15576345178732987,0.2888287195461775,2.957728656736411,0.48502928540327367,0.6354574196278986
center_g15,5b9261,mobile,-0.08700423973615716,0.07786313035696266,8.077745847717429,-0.2759942375212612,0.3546958009729936
center_g15,55d16d,web,0.2260391195872961,0.28498627744361416,3.2876862447823347,0.9197368020021957,0.7349297272668294
center_g15,a7f467,poster,-0.03326684182915921,0.1664640499714142,6.6083446864648625,0.10851617718451605,0.5457130830309611
center_g15,1408dc,web,0.07662699053234527,0.2296327218998849,2.4875259109200956,0.44825690092448034,0.693413881706039
center_g15,aed588,web,-0.03591625150709134,0.0888775645606623,4.985374225604276,-0.20794701345064806,0.5441267395069409
center_g15,343781,poster,0.14123533703185723,0.25572921639612844,4.307629711735784,0.24688185840003252,0.6709135055976286
center_g15,cc25e1,web,0.12408959440902206,0.24470068728989725,4.084512067390319,0.4305889637445978,0.6673278451506157
center_g15,bdeb92,web,0.2592143465131495,0.3042077457511935,2.716208106235669,0.9583367365398356,0.7586339715279604
center_g15,3a1d22,web,0.01404988178359004,0.1182098477258607,3.700912113186084,0.07269636302292659,0.6956288526711678
center_g15,e2f692,web,-0.027738573234353192,0.1265794531130787,5.600510858890869,0.007510068491259073,0.504399501359926
center_g15,83b5c8,desktop,0.13326993962108447,0.2651720197429007,3.6300123135530518,0.4890509431844569,0.5839724343963606
center_g15,e471e8,web,0.07680999255063858,0.24865592210665066,3.3356787415440508,0.32136068979330523,0.5810344898480075
center_g15,832f18,desktop,0.3093748384914727,0.31884733631873297,2.9124567834891097,1.1768084306168265,0.7438832400599895
center_g15,3304d5,desktop,0.2088598489503612,0.2661259322124422,4.046513281120499,0.6231836753273291,0.584862872239945
center_g15,38ad0c,desktop,0.5315304517222745,0.41423826927911833,2.0274972630188652,1.6724539396455023,0.8064511341478884
center_g15,93527f,desktop,-0.025724175201319078,0.1368903623094815,4.3733288659669505,0.036687368497741665,0.6640100889292185
center_g15,0136d8,desktop,0.29715892473582833,0.3265549469841211,3.309778088567295,0.8448807425832903,0.6838798770888198
center_g15,2a4b2d,desktop,0.029391479345774345,0.18374217793771447,4.971947783817317,0.26952059156928804,0.505300418558988
center_g15,698985,desktop,0.14432951608457972,0.22308599525804182,3.890123097644228,0.3224111451558384,0.6453691344931691
center_g15,286b3f,desktop,-0.0058070844528503055,0.12022627746844348,6.054667763096419,-0.09178931363052853,0.5440611151734338
center_g15,dd0f11,mobile,0.3143771428055935,0.34895418461588756,2.7448524529830767,0.6695767026279253,0.6767027895800823
center_g15,3bdf30,mobile,0.4959549479828591,0.48397079763095946,1.4826944460478013,1.16831836338083,0.820835872788027
center_g15,763161,mobile,-0.020117024229699194,0.167706793385208,7.038478358177325,-0.12748012770597195,0.47750229645461695
center_g15,2ab326,mobile,0.4147662932857665,0.45735357551010214,2.8273198448827372,0.855968408351777,0.7163182426554191
center_g15,fb692e,mobile,0.13884316953664633,0.28463067878227244,5.056460986618243,0.25389880031830103,0.5063672299005175
center_g15,aac709,mobile,0.05416790120020762,0.18143366083352064,6.466629596775221,0.19124567186748162,0.4568945184201719
center_g15,6fd016,poster,0.15933413683240572,0.3044571119868853,4.945264992636781,0.2145473816425109,0.4917630930385175
center_g15,d95bad,poster,-0.02328391916344518,0.13607004867006783,4.5370620821984,0.1057580065724666,0.5294294485581201
center_g15,489252,mobile,0.18868388523894492,0.3110276915249324,4.274212125440317,0.5875086373508431,0.6115831425239465
center_g15,1de187,poster,0.19614216801192758,0.32050525242646255,2.7238580701708797,0.6170999800083828,0.64532807592262
center_g15,5bf483,poster,0.04100618689965151,0.18873974460879916,3.2065878951911424,0.06766896685859175,0.6366367724933408
center_g15,5bdff0,mobile,-0.13886745520618726,0.03745830264331055,7.472688484299459,-0.3734860383202121,0.3924400875519306
center_g15,356da5,mobile,0.36897800629063227,0.35206883310814596,4.666841698973733,0.6010644916304464,0.5353424664149193
center_g15,324a81,poster,-0.10828331186012907,0.1026399712992459,4.497688799488373,-0.3640395531755778,0.42655796058559586
center_g15,e85138,poster,0.27066167374180006,0.30655919813471677,2.172580039466668,0.7136768991124981,0.6699227894593324
center_g15,493d3c,poster,0.33289138436504284,0.3169725345851671,4.098376793092235,1.0367581953043528,0.6215211719543782
center_g15,c6c2cd,web,0.08496026054382409,0.1969757869028571,3.880470315245605,0.2316018003244343,0.6420405294507154
center_g15,b908c7,web,0.2281738670230359,0.2702935170468289,3.7766527009591906,0.5704582894767813,0.6550842333881781
center_g15,e73aab,poster,0.1331088151394394,0.23333986795571784,2.570698530180358,0.565911635717958,0.78856771895077
center_g15,25265d,web,-0.011923978107934753,0.13273684534529578,5.806194353976696,0.024772288716173284,0.5061754271601532
center_g15,d4dac4,web,0.26315853140510703,0.3059472841141533,2.4476502467879055,0.47746679118574503,0.6483350869539355
center_g15,28867f,web,-0.1387003971201005,0.059116800919774525,5.441483461536239,-0.4288395289446011,0.38109291213029006
center_g15,0cee4a,poster,-0.013789563393008224,0.15058249153809614,4.913284726620956,-0.07183010633361207,0.5170541689605036
center_g15,215977,web,0.021858862024824264,0.15432586603002987,4.788798048132709,0.15140318463318142,0.5417721746935324
center_g15,761c36,web,0.13326491861059342,0.23060014053850314,3.594063246606023,0.6567238296947089,0.6754351330850319
center_g15,685482,desktop,0.034534651943559556,0.1619966377676035,4.81881928066822,0.18963819616588337,0.5927137288270843
center_g15,1fac04,poster,0.2329223802624503,0.2922716492936054,2.2659503921902484,0.6634255150630127,0.7374517371550022
center_g15,1f192b,web,-0.02418873062582417,0.12163672680001952,5.293049534897456,-0.09309964731698825,0.5032803960876046
center_g15,538c08,web,0.22121410273294578,0.22567864206402027,3.7196348868434055,0.5850298048039797,0.6614550260224492
center_g15,9952f0,poster,-0.055125908054919404,0.0908090806470111,4.649915127209474,-0.19190449783207267,0.4929890373554163
center_g15,d0bb76,desktop,0.10949360711075412,0.25490690885234146,5.721617330509158,0.25702897506023065,0.5426685374154622
center_g15,8daca7,desktop,0.05200287308566598,0.24294679194152677,3.3461434866135837,0.07978037943471566,0.658277736375282
center_g15,51f8bb,desktop,0.004878346935888933,0.23435217751760742,4.013402553128433,-0.05931845118813446,0.5222352063757422
center_g15,4f2d13,desktop,0.1509051677308707,0.27173877215816716,5.01256677276608,0.369039734265779,0.6023922173846221
center_g15,b9bf42,desktop,0.25919228175367803,0.28932904158184614,2.0060093565974424,0.8131911383772084,0.8128768536468337
center_g15,d1e7bf,desktop,0.014682587387885575,0.18205051964381247,4.8280939815250505,0.10876591957528978,0.5658255019365768
center_g15,02f37c,mobile,0.5947567607110638,0.5045216892646349,1.3460772968646095,1.3499709210932864,0.77893281082455
center_g15,3766a5,desktop,0.11000662446590122,0.264302900931069,4.147966964679665,0.3621336044674815,0.5427638067416442
center_g15,286cb0,desktop,0.2798878071923895,0.32208471838783614,2.676641491801029,0.6732598261929641,0.7013557695643186
center_g15,862bf5,mobile,0.16560808768388058,0.2871373995066916,3.3880164897593676,0.39373423468938623,0.6671416826289411
center_g15,4b3eb7,mobile,0.6924379821897239,0.5532206810621552,2.523239690525664,1.5776368028447383,0.7294540121408526
center_g15,4e3225,mobile,-0.0751655165934494,0.12818508493820696,7.28862792077901,-0.11623793391024208,0.35287204269334993
center_g15,ee0caf,mobile,-0.1036127288344047,0.16649543726016292,5.591694009018982,-0.15578154514296114,0.49146670034688567
center_g15,fe5ed4,mobile,-0.032818054319142934,0.19158369328184555,6.3076696779586605,-0.15140394826355832,0.4375223244902201
center_g15,5ee443,poster,0.036995672807984964,0.27343653686622005,4.820885030153367,0.15169526930234226,0.5434471517039978
center_g15,9fce53,poster,0.1727894938572154,0.2775521223663521,5.074155482623136,0.24076251137319243,0.5704345717955904
center_g15,dc705a,mobile,-0.05781436807055872,0.12433134109310041,7.546784522063697,-0.16156680173615648,0.3661158099212166
center_g15,d738b4,poster,0.11084390234157851,0.28670688352093376,3.0439102138965706,0.30505940270325577,0.5837526986937546
center_g15,d328b1,poster,-0.0018796634163683757,0.21227665939717502,3.753177307585073,-0.008159410044911278,0.5474063318292317
center_g15,fac314,poster,0.006152636647819756,0.19728278495836113,3.1869870733329293,0.08581900872719271,0.6452522292557594
center_g15,ba6d0c,poster,-0.12613566023751552,0.09053918607288575,7.233517810053586,-0.19841263269133008,0.4384433398242746
center_g15,1193c7,mobile,-0.06110719748608005,0.15157458902890075,5.126585414621274,-0.1858178426032701,0.5432783034328833
center_g15,80126c,web,0.08882523630490313,0.22347933410002072,2.837485432730717,0.16566065740397368,0.6990557270293208
center_g15,2ab8bb,mobile,-0.022297322370771464,0.1434740433906787,5.641311894534511,-0.01575816007690373,0.48674959891980424
center_g15,5d7115,web,-0.027526504152436716,0.1789587263527596,4.142194015097636,-0.04706993547171666,0.544575066133863
center_g15,a52e34,web,0.11594656129393607,0.23328086377128382,2.343511146287213,0.31871652743088325,0.7314490223317273
center_g15,fc8a69,web,0.04822383256481146,0.24705521351982437,4.032077224334008,0.22490774295059454,0.5849696787898611
center_g15,170ea3,poster,0.16825279922943814,0.22982152168629577,6.043115532497634,0.29530445525869053,0.473049582264118
center_g15,fe0708,web,0.16434349419482353,0.28923310388548706,2.2645415064550414,0.3022878204658021,0.6937501207994231
center_g15,59cb6e,web,0.1177000521597131,0.25146535427707073,3.2718281559733535,0.20327016187321137,0.6457492096877168
center_g15,6193f8,web,0.008129717955981296,0.19806757999564434,4.551561264134566,0.08426278133626067,0.5930260728688704
center_g15,30bf75,desktop,0.4932344330096677,0.4203023741444101,1.7219350299946408,1.8401787248485524,0.840860200765789
center_g15,0b2a15,web,0.197366991776661,0.3254825504712606,2.5422828791844827,0.4292419446130475,0.7011962989161976
center_g15,0e1c44,desktop,0.583468222513335,0.4330302193842082,1.844314156485573,1.870752789077769,0.814679209886871
center_g15,82dca6,desktop,0.15977659614677092,0.2498714078474612,3.4920763774672277,0.46114481385244566,0.6905416809631314
center_g15,a1379e,desktop,0.47788006049539844,0.43569082758444194,1.057554864273715,1.6015860673165256,0.8858424888770716
center_g15,781596,poster,0.011404763781992481,0.21313350704992357,5.124893509506313,0.003022699605768171,0.5182779270945543
center_g15,c46c50,desktop,0.02893353216478985,0.1938585927120653,4.5295442087133315,0.02738063242666027,0.460878080344245
center_g15,f0acf8,web,0.05674761884089846,0.19603936634903585,5.335341334570561,0.22327232122963633,0.5922682936107274
center_g15,c58003,desktop,-0.02890862197624595,0.14636388624956326,4.899207116204911,0.07059873692599927,0.6055053468011276
center_g15,163ce0,desktop,0.49881070225459506,0.3196923818568871,2.945933238737977,1.9305011819807225,0.7626395634174152
center_g15,8ef737,desktop,-0.06608345279764363,0.03376810586864369,5.580044066142985,-0.31567156534750296,0.5925590241610595
center_g15,fd0093,desktop,0.07266063335301884,0.18402907587999875,3.682075418254511,0.1891077143697638,0.6771347101919112
center_g15,0a588b,mobile,-0.025012550771161043,0.15090823660705383,5.083156602079294,-0.09534430766314361,0.5070474629672643
center_g15,2d170d,mobile,0.6262836775890372,0.5182252426645517,1.5533245278993584,1.324232824433024,0.8012530252037556
center_g15,472a87,mobile,-0.02286945933654389,0.15083084280956166,4.250159991703622,-0.10435204887448031,0.6484254931088659
center_g15,44efc4,mobile,-0.12407712160583777,0.041219592490011885,7.5259497580483545,-0.387087093803091,0.37604158239930535
center_g15,8f38c9,mobile,-0.12824073565976335,0.0672518572146085,7.3323260310942215,-0.24851984511337175,0.39995128491305865
center_g15,fd7302,poster,0.16503190716603597,0.2681785494316216,3.31107711091806,0.6183448549187041,0.6732102880714047
center_g15,755429,mobile,0.0943774353625447,0.2596167494379057,3.88077082323327,0.29697177359929916,0.6781844722274281
center_g15,c6e9bb,mobile,0.47635764241321116,0.4075788167296199,3.102436721549003,1.5228728474154933,0.7250552212940614
center_g15,f8ecb9,mobile,-0.09525940513518119,0.09819508063488133,6.037762647372752,-0.23711341524473667,0.4809860556813487
center_g15,576a9f,poster,0.15368538181118385,0.20987735655715614,2.2671642851145744,0.42668345481443903,0.7393669279322501
center_g15,ec53c3,poster,-0.12134751915131356,0.07057959816471862,6.713665736281115,-0.36708949974055605,0.39750574851374226
center_g15,cfade5,poster,0.2936186260214185,0.4067172735518205,2.24922736724979,0.672153777076947,0.6846523293617061
center_g15,fff715,poster,0.05868825385546639,0.21489173137930845,3.6064043227030917,0.14531076651695587,0.5721036100844773
center_g15,4f357d,poster,0.24286847696683272,0.2848235781159727,4.360328959200656,0.7116937546771084,0.654441169823353
center_g15,a0d2e5,poster,-0.021213598496153913,0.12328006998190914,6.508466196049355,-0.09991717470192642,0.4162610117438642
center_g15,ea0f94,poster,0.24573965416894125,0.3735241235702914,3.9079420923561763,0.5055986234751119,0.6453904969626797
center_g15,719c30,poster,0.151811684862441,0.25423802515991506,3.000403864869307,0.2216025791163141,0.6795209541173266
center_g15,949fd0,web,0.22427174311673226,0.2762661485696429,2.0616502029080093,0.97255812184209,0.8256591034098775
center_g15,fe430b,mobile,0.2741557399786131,0.29073067091983884,3.5080849065900606,0.5208433605149254,0.6162290738885828
center_g15,366c6f,poster,0.09047191115463098,0.20164578738848762,2.662061038192491,0.3155544454772298,0.7612128066731688
center_g15,dde134,web,-0.0057625661116912485,0.0956770161074254,5.712484242854799,-0.15020727168263096,0.5197912416405018
center_g15,ff6a33,web,0.15741901560091237,0.2401222798228237,2.4805072510781194,0.3619659927099369,0.7287552595370059
center_g15,eb1040,web,0.018996824974942296,0.19528626673620936,3.7247617454886477,0.022419897890175407,0.5008487362331724
center_g15,5009b5,web,0.16292809706132935,0.16738486486803725,3.4784258975471323,0.5182504559523322,0.6908998901766544
center_g15,c83c32,web,-0.055847456900036445,0.07908930196694175,4.0872384793143155,-0.23012640626729405,0.5540748748384248
center_g15,e711e6,desktop,0.15190191574465012,0.24144036679367767,4.520386106181412,0.415941512418886,0.6174821840907587
center_g15,ab87f5,web,0.047083130751393684,0.15637837136448818,3.3441449584550793,0.302736176436101,0.7468905187607511
center_g15,574bac,web,-0.11767489424962083,0.03501415686426995,6.224992168246787,-0.341356456434643,0.48269534398336517
center_g15,0db596,desktop,0.13756697024807374,0.25832175306692606,2.4294809295382214,0.7608551635129693,0.8374946369604929
center_g15,e9ec93,desktop,-0.06572915893175162,0.06375253411119129,5.639061186765074,-0.23970484908925507,0.42673772082816974
center_g15,36602c,desktop,0.15067232325263108,0.21686638316520468,3.358917347898235,0.6945155426018891,0.7180191330306501
center_g15,02a592,web,0.053708795850354984,0.196476288569514,3.9571632072497795,0.20599060008168207,0.6611067166065322
center_g15,18177f,desktop,0.5116799323704744,0.45557771233501737,1.4571791250331079,1.389408179696684,0.8096246112105862
center_g15,92c389,desktop,0.3485201588898508,0.32561766536735703,4.279339504339482,0.8597750032862147,0.6385898201603755
center_g15,f50ab7,desktop,0.48484897242322206,0.3671295369677423,1.6533641189363786,1.8214904369633762,0.833026669302284
center_g15,3bc419,desktop,0.06590810366385788,0.23483678639332006,5.477775065457359,0.2056386871829748,0.5733755715793725
center_g15,9dd93b,desktop,-0.0836098392450546,0.07015940708990431,6.054346900390936,-0.22420366832062077,0.5461384628468366
center_g15,217ab4,mobile,0.07803982256160011,0.2937844478393048,4.2229360989530536,0.17870547907919454,0.6457241618582955
center_g15,586b04,desktop,-0.061697158082637996,0.13679584323822302,4.4977124045068555,-0.2145206938699166,0.45288604504995683
center_g15,d1da7d,mobile,-0.13018136619866932,0.0561178096765764,5.2180336209630065,-0.3607341193328799,0.5522040884363317
center_g15,423c3e,poster,0.3772889922933956,0.4156182344829885,1.6223396900488936,0.9624006286608313,0.7960263012254086
center_g15,5300d8,mobile,-0.09871537054405422,0.09421727139964212,6.152384444208028,-0.3067871363166818,0.5050441828336969
center_g15,5dd542,poster,0.314463000534084,0.31889029767262694,3.105178805132444,0.7578379012264663,0.6519482799090169
center_g15,37446a,mobile,0.19632062166385958,0.2973187452847526,5.232378387521791,0.36929129986771475,0.5011583241869674
center_g15,62f428,mobile,-0.08934494672661865,0.1021420190496998,7.212218553423554,-0.1967952297884735,0.4413873201105857
center_g15,55ce87,mobile,0.31785353916388603,0.3909725413561108,1.7671527169317822,0.640388086236263,0.7941092848628017
center_g15,804d56,mobile,-0.1522094338036497,0.06170263618903325,6.294076658743095,-0.368261709833602,0.4332014990116425
center_g15,edcc83,poster,0.0896378759811848,0.24717724076735947,4.307358786289651,0.42305499930090856,0.66138059368321
center_g15,ceea7c,poster,0.40973140514728396,0.41760438804979055,1.5918522811717015,0.8929622097645211,0.7396819815200175
center_g15,299635,poster,0.054448152434229305,0.25326891603761925,3.4610180490472278,0.06678688296048978,0.5703687806976271
center_g15,809460,poster,0.1993535995239865,0.27735792735081355,2.558311165421224,0.5335451313952772,0.7668752694217197
center_g15,63508a,web,0.27836123385878064,0.34103608989232376,1.9634990791314222,0.6050414385442872,0.6926986563069557
center_g15,6628d7,mobile,-0.1478613697541182,0.09074143722502713,6.743288196223469,-0.2565498130976592,0.45367420894510224
center_g15,8b41ed,mobile,-0.04262684420055486,0.17764457170214024,5.723215380820318,-0.051827762917061745,0.5123860891345775
center_g15,14e331,web,0.020791744464539585,0.1597174792578743,4.083520873556611,0.1554686690513807,0.5707757143205054
center_g15,eabfe2,web,0.37124940670699685,0.3649327734034218,1.5589976589825405,1.083483111414793,0.822787182504003
center_g15,b66ff3,web,0.05931915264818444,0.20781168136827685,3.704673923413167,0.2057138703505551,0.6075621628918549
center_g15,f2e048,web,0.1668462556448678,0.22608838015650706,2.8208467462837237,0.29968123750244474,0.6418516716117317
center_g15,e9a4e4,web,0.4677762375097523,0.41173713167454573,2.2087101058218446,1.0350877847425612,0.7206895687997762
center_g15,51f811,web,0.04229621371317847,0.23163600652878433,2.89712202562933,-0.012984527054624623,0.5568764374149483
center_g15,d4ab0e,web,0.003401363525584418,0.1442676724785565,4.182762710483175,0.01393325368224017,0.642295158435839
center_g15,3fdde1,web,0.256607962606528,0.29956978327205597,2.560938477229279,0.7342130580304962,0.7272674582263066
center_g15,4f9082,desktop,-0.053072605989954724,0.07190015610626284,5.706594318365305,-0.25532846192180114,0.5645228227786864
center_g15,2a8ea5,desktop,0.09847690262376535,0.24459704884687516,3.710830485850861,0.27994995158797015,0.6130136963368316
center_g15,35c062,desktop,0.5104204540770103,0.4017870774261194,2.1071415947687706,1.7063118816147642,0.8001885471853332
center_g15,3f177a,desktop,0.5430612818432985,0.4562455907806867,1.5205497102963776,1.556183143709387,0.8258105486595232
center_g15,229d89,desktop,0.03102176138221226,0.16811019815785988,4.081421532942243,0.13885834318495288,0.6265545195156332
center_g15,a25cde,desktop,0.1432762366105138,0.2403289800053129,4.7780897961117805,0.2548709439433514,0.576069977978871
center_g15,e7be99,desktop,0.08083478867196772,0.26389719384329596,3.6428610165907442,0.16340250141025905,0.5741802887172551
center_g15,d60e75,desktop,-0.023302940093970173,0.1744216132278092,4.4497921737127,0.07479517439739879,0.5633203153173559
center_g15,3664a3,mobile,-0.14363034865398566,0.06284472444585647,7.529373709647345,-0.3592086905099704,0.42718244129625876
center_g15,647100,poster,0.007825641691754088,0.1848981319668348,4.529353273695118,-0.07128355129162524,0.48480885529377127
center_g15,8a530f,mobile,-0.12381227235564068,0.09837305341045158,6.205771763778118,-0.26531221220840284,0.4845271778656679
center_g15,853933,desktop,0.07390042195940581,0.19549232367741184,3.837871628026382,0.13433176256741977,0.6371450422928134
center_g15,a2744a,poster,0.08784936292881622,0.19413088783812524,3.222826482580578,0.13115523234388812,0.5600657590931579
center_g15,08d885,mobile,-0.05040112260168296,0.12181824341329581,5.491835120053303,0.06245018626097103,0.556360550000347
center_g15,529401,mobile,-0.12392579454816958,0.08790320529562964,6.477080965744073,-0.2696219044285897,0.4288105632759788
center_g15,1f0773,mobile,-0.09216679223212057,0.1115520424124107,6.121129009519883,-0.287882409624842,0.4356895953965646
center_g15,274fcc,poster,-0.0020337366018869044,0.16007554998595303,6.942338683641509,0.050654920632464545,0.45550717616836434
center_g15,94b1bc,mobile,0.02485883968805498,0.16572830708490643,6.120542744126231,-0.015494195596617041,0.4683454271381386
center_g15,8e8767,poster,0.1283827659665422,0.2914736989423895,2.4804476147380363,0.252795999501764,0.716973591541319
center_g15,9b3421,poster,-0.059892963207617125,0.17521993334085512,3.6095103626682166,-0.16552370693329974,0.4999904760201983
center_g15,848e55,poster,-0.12660697363304013,0.1372226417650468,4.517255702242876,-0.2973361030835743,0.5288912709600367
center_g15,33fdee,poster,-0.014647916228819276,0.17279866687490558,4.4591511746136625,-0.1021770876028817,0.6512085678538084
center_g15,cdbd16,poster,0.09922890973420243,0.22293840251179683,3.864113208940506,0.21482276842806702,0.6035402758401612
center_g15,3578cd,mobile,-0.1274147623218028,0.026627129375117346,7.445818570344105,-0.4187148249033491,0.30929878669510585
center_g15,9c07ef,mobile,0.00712373694485644,0.17641405166420354,4.320702653188971,-0.07976916617669606,0.6020781315528723
center_g15,dd0d82,poster,0.13234755813829283,0.16293811501354044,8.312130533125906,0.3864934752843444,0.4310863609959514
center_g15,f14f17,poster,0.4065581854575052,0.3568449461120623,2.9918106390298345,1.1197638935863685,0.6792836356533022
center_g15,5e2ff9,mobile,-0.10518533724747327,0.06879639050466463,8.22121613457893,-0.16497519546733927,0.3424258783816479
center_g15,a18b8d,poster,0.08933852961352427,0.20732114906515342,3.8949623420381196,0.1789813013273155,0.605800496196284
center_g15,2c9ce5,web,0.3204566518433985,0.31933438363032834,1.9850535337125201,1.302132209894419,0.8092391265265791
center_g15,83575e,web,0.18910730435455497,0.2909415430901302,3.1991794717332693,0.5458741298756772,0.679303031991775
center_g15,d8cbc3,web,0.2844588901923224,0.2946886248473702,2.719405425129119,0.9889333220787371,0.7531805961130756
center_g15,8fd96b,web,0.30417029194452605,0.3501147127879095,2.3243039084727584,0.8959040901613797,0.7662888924152147
center_g15,c7cfb6,poster,-0.02591203705797928,0.1691891352088914,4.009883368708254,-0.08026775295992065,0.5186164179657832
center_g15,c0422a,web,0.2835819935553907,0.3163143389452524,2.462535662078646,0.8883473599229087,0.7100696098895498
center_g15,182715,desktop,0.6053978671740038,0.46097467385168334,1.8275945459728977,1.9919009947804178,0.8091238824105438
center_g15,52a3d2,web,0.14595030647478768,0.24076071711321312,2.6939388636527775,0.2583319829652058,0.7162823037074663
center_g15,28a531,web,0.21429764193014836,0.3141507591871602,2.5363665208355406,0.7736593046387548,0.7681008721441895
center_g15,faa31c,desktop,-0.010048082978565787,0.12338559733962755,4.924256761701536,0.05555185060074887,0.6214917821395765
center_g15,ba9073,web,-0.009783155816969508,0.10827416498930806,4.681181835826173,-0.05031567769576386,0.5651931680129725
center_g15,aac976,desktop,-0.04869580247340381,0.11393646232910493,5.64203618682641,-0.15061049417372582,0.6052229939149196
center_g15,cd6b02,desktop,0.5406373069910703,0.39698528375069686,2.5014250205891337,1.3876664941378243,0.7322100872185471
center_g15,1411d0,desktop,0.4579614737633667,0.3750105483045309,1.8613477830604996,1.634843571752001,0.8320885924848984
center_g15,38a100,web,0.2821370968082578,0.34639668974627735,2.25644475610176,0.6072397908142938,0.7353319823865537
center_g15,49046b,desktop,0.5598872238010123,0.40029332012332,1.3912096662269393,1.909369837560794,0.8580250886260586
center_g15,bef09c,desktop,0.44925752458723334,0.4253881418410449,2.0905425369741373,1.2138621616102199,0.779084623680051
center_g15,37123f,desktop,0.10348129535489839,0.21526016866522282,2.648181798802972,0.46558579365819697,0.7456804169501169
center_g15,ba648d,desktop,-0.07222192752899838,0.09775229064955433,6.530557489699621,-0.22754962669099504,0.5012623071076977
center_g15,f4ff84,mobile,-0.13083209290890646,0.055618908002134315,7.782894957326488,-0.3537924530113467,0.4000052338181817
center_g15,51f12a,mobile,-0.1363356746127381,0.05587193401296416,7.8755459082736445,-0.34162001872378794,0.41665031497348104
center_g15,0c5a84,mobile,-0.0425211843726027,0.17494068465721394,6.260604314474569,0.06663757755804024,0.4847585937371336
center_g15,fd4c35,mobile,0.11160459576839536,0.2520565262395886,6.664649031671015,0.13415878694445632,0.3482960435093904
center_g15,bb3926,poster,0.3159555633134299,0.4100880980559525,1.4421347850597117,0.46826178653236405,0.7262853289807033
center_g15,34a3b6,mobile,-0.032346755724403556,0.11967735029865104,6.7052000826784415,-0.1315914177625505,0.3906025272389806
center_g15,14a621,mobile,-0.0314769339353764,0.11038218035239439,6.896243616771922,-0.19361000635661482,0.44684088710944003
center_g15,87b0c1,mobile,-0.08979969579353952,0.10225271042112637,6.308021250843389,-0.2502284775853172,0.48960628601403605
center_g15,3ec6d5,poster,0.050846562960703924,0.20528794151365903,3.4946343297977718,0.3098710476297893,0.5991722266671189
center_g15,13a206,mobile,0.16819591607769382,0.25775006307298465,2.0013310345276802,0.31753128508636613,0.7780100533082901
center_g15,ce5b5c,poster,0.3647072263669005,0.35738267395475815,4.874863637637064,0.5493244595711828,0.5787905915214342
center_g15,ca623d,poster,0.22775766092489647,0.26423619032945145,2.082513109862698,0.6346454089083153,0.7463384022634754
center_g15,a19d22,web,-0.036843996864558,0.16889144581834484,3.7862232371127575,-0.17495601303537375,0.4710755262091264
center_g15,756eac,mobile,0.5492539357889188,0.41845794406458114,2.695861700137726,1.3355616069888157,0.7017953419963289
center_g15,b3b208,poster,0.0488507760096929,0.2124609240059837,3.4116694047965352,0.2280457755900807,0.6451092339672089
center_g15,ab32c7,poster,0.6544905015463338,0.575434418649307,0.7640039822482411,1.9898114496797732,0.9013687452642097
center_g15,1356d2,poster,-0.007920704833957796,0.2113405623875343,5.082845687571552,0.01018034980318191,0.4912066470695483
center_g15,42c4ea,web,0.02204652021855008,0.20481672582428445,5.480280721905757,0.13414818485233018,0.5231180665148872
center_g15,20eedb,web,-0.0245663838997249,0.16592182790703747,3.67456473639576,-0.14284098388132288,0.48454438415308765
center_g15,92510f,web,0.21500508287037032,0.2797515808319946,2.9813633366806696,0.8890261833508035,0.713803308584617
center_g15,8d98e4,web,0.3766233112983515,0.371507027028757,2.4042069655010865,0.7513200801659201,0.7386192413791413
center_g15,d34e08,web,0.3052830081835224,0.36351973273659793,1.8158742652021267,0.6234879672646673,0.7183430054366033
center_g15,0a22ef,web,0.08085323569521469,0.22119699323827072,3.2768783126508567,0.16823043904932844,0.6083331504359415
center_g15,f3411a,web,0.026259081234936192,0.17884664436330866,3.7148307744145908,0.1830770818827414,0.6588002367333736
center_g15,1a3e47,desktop,0.5174527147451873,0.428969481838794,1.4848094420899487,1.7060082186060865,0.8473889622070802
center_g15,6428b2,web,0.15116938596657753,0.1987707060394075,5.09715177996502,0.4660115031404363,0.578652138532886
center_g15,fcb925,desktop,0.5454444869747407,0.40444602728763923,1.4910140294438157,1.8992586844557906,0.8407612176938641
center_g15,9e6898,desktop,-0.004284351674592599,0.15175230197896683,7.612320998344581,0.064051180372226,0.5054509542513554
center_g15,669937,desktop,0.5122585884446875,0.4190255011823526,1.2928335925242487,1.4057297961828181,0.8257439550289921
center_g15,520b4a,poster,-0.11836601464593555,0.07313169135630335,7.791999421363593,-0.27958287773692625,0.43332341368469385
center_g15,037d19,desktop,-0.05692937250556086,0.10547527003832326,5.731912928454414,-0.16170609322676846,0.5389476472409532
center_g15,f21c0c,desktop,0.05944316035611634,0.22269792259623644,4.159644266987362,0.15025392893440648,0.5339894153092137
center_g15,592d83,desktop,0.38128235405034744,0.37118668055280646,1.805653431209596,1.175247611044453,0.790132526052577
center_g15,834258,desktop,0.1663422782195903,0.24021041764077614,2.928042612798489,0.4938713252079539,0.7110788274547563
center_g15,111cd2,desktop,0.12589240733735368,0.2265192275436761,3.2269177357414662,0.41656001493478456,0.6817610083628168
center_g15,af0d52,mobile,0.10002677121175349,0.2487477414886336,7.046699976567814,0.3664687973606433,0.4414302544692473
center_g15,658f2d,mobile,-0.06324274477726435,0.0839628031762629,8.512782697290119,-0.08985435256718977,0.3638395013207323
center_g15,0be8eb,mobile,-0.09984270242560907,0.14208390037726318,6.398577460395553,-0.24402107261656603,0.4528221627738618
center_g15,ebe076,mobile,-0.02402572135886833,0.1693347878665517,6.596431758493504,-0.007269879252407652,0.48378015075781383
center_g15,16a5c4,mobile,0.011273553654592506,0.17887235386361278,7.140049678647535,0.18653766867646662,0.4403164695434555
center_g15,c62001,poster,0.11461559531189514,0.2602021535486662,3.288006420697991,0.1572869915430986,0.5347123727006218
center_g15,2ad4e3,poster,-0.0738232081324259,0.08442454047556638,7.9676940973478745,-0.06750776957271581,0.34571340661829214
center_g15,28d46f,poster,0.06872760373277864,0.2639924263905073,2.3651891237429448,0.188569410306073,0.6007697551412968
center_g15,b264ce,mobile,-0.11926598162276822,0.07302028917064438,7.883635502759899,-0.3341766696640035,0.3028971316993507
center_g15,94e7b4,mobile,0.055186911705097035,0.23743001534216096,5.556083910868184,0.28831874672897817,0.5400257013287368
center_g15,018c0a,poster,0.22560039421809985,0.2816571291055101,2.577352774010576,0.6788772600559763,0.7098915937988394
center_g15,3a2d21,mobile,-0.03164518410756709,0.16430146404753265,6.353351744262649,-0.20953981737102648,0.35446058251868706
center_g15,510db4,poster,-0.09874114014525304,0.03801329490870256,9.86193107196517,-0.3246549837515211,0.23535336250400074
center_g15,60b012,mobile,0.18176515851550884,0.27419242808450145,5.161573867662165,0.4124243798351466,0.509079766356924
center_g15,2ad31e,poster,0.03229758975687089,0.17838198039591938,3.0771828738613562,0.11224297140340081,0.6544089380344883
center_g15,348c74,web,0.04368681270939901,0.19127069121026163,3.5262097497880167,0.16843554721594794,0.5933610255824384
center_g15,1ba5bc,web,0.008549478660607667,0.1438170399076999,4.985524792060694,0.027404042743809507,0.5115927576206244
center_g15,0939f7,poster,0.13061703887448772,0.23786040275685655,3.925063697597458,0.37139103466451323,0.621708136596263
center_g15,96c596,web,0.20522101533582707,0.25230648447442944,2.0217262592077936,0.7334718635274399,0.7867665100976794
center_g15,1102e9,poster,0.2322540148383579,0.267153074538302,3.790015581205736,0.6999261169262909,0.6416269834867457
center_g15,af1e2d,web,-0.03445480345138043,0.1518561052335921,4.73560980497008,0.1654397067747829,0.5724250030031187
center_g15,60593d,web,0.31118580232977633,0.38927793427824253,1.4617803754470833,0.6530678739415254,0.7253276026115265
center_g15,d88d22,web,0.07271514444434417,0.29846676527786525,2.7231575071274334,0.24051009389351974,0.5858208512866263
center_g15,b0afe4,poster,-0.0552131430906445,0.10763889645528096,4.053103399892628,-0.1846340868793512,0.6139457913630502
center_g15,ad5e9d,web,0.3544422918608693,0.34281495141271046,2.0387523411949284,0.8371015844968278,0.6918815595132599
center_g15,9da4ef,poster,0.09165171890182727,0.23802281322948066,3.530526487842061,0.3108691902991855,0.6626090588535608
center_g15,972cc2,desktop,0.014502027851996203,0.21136822174802228,3.2774125523648965,-0.014923101512228311,0.5627010577686024
center_g15,cb662e,web,0.04993434742738444,0.13352319941886215,6.370346960804994,0.044831440329707394,0.4362056343301087
center_g15,51e1ce,desktop,0.0766610589088836,0.18478638583612064,4.298074773971901,0.35168239189370243,0.6636396933635882
center_g15,256ef1,desktop,0.3774503064147692,0.36486641009496545,2.563749345660848,0.9913928542626935,0.7199715044410492
center_g15,3a8c09,desktop,0.7691171124006573,0.5912131947649705,1.1133033948684552,2.155603875812274,0.853168696600835
center_g15,88927a,desktop,0.34250451845930896,0.362539108948218,2.1301085325950395,1.0005360610580456,0.784423119489251
center_g15,fd129e,web,0.10633533094164696,0.22651311589238365,3.09263444056011,0.3765877537957072,0.7084141509209178
center_g15,210e46,desktop,0.06215640779451306,0.23390238034833488,3.7322601032302805,0.2112362606042541,0.6751621377793802
center_g15,4cdee3,desktop,0.028137151204298858,0.177616466959529,5.722226570993655,0.07150226567399447,0.5513688589539437
center_g15,8160e7,desktop,0.42862234909952923,0.38637600177804365,1.5850026363187935,1.1290664222578175,0.8154132461290603
center_g15,da36d4,mobile,0.0191835678072156,0.1776090480821714,6.988837576938023,0.07816409108231152,0.4687527472011495
center_g15,42962f,desktop,-0.017383261222447495,0.15897953131091713,6.578535527854116,-0.03903572360140884,0.5384980500442166
center_g15,9ec0f6,mobile,-0.021655635070698318,0.16216892634462343,6.851255826000251,0.029816702128493293,0.4531830088614812
center_g15,69ba30,mobile,0.008764109284598233,0.19564409789661327,7.020323925809591,0.21629465217281416,0.4656939364530082
center_g15,52658e,mobile,0.15363249532452106,0.2671587118610447,2.4066924047836435,0.320814699147825,0.725646673840293
center_g15,b32f2b,mobile,0.3648596280889348,0.3543633045095777,1.96349870742839,0.8438192722766356,0.7494059369360189
center_g15,2d23e1,poster,0.4232075580165391,0.42506247255473656,1.9516992954097425,0.8765716492398801,0.7196290132886713
center_g15,c08f50,poster,0.24773702233441708,0.3416303169500023,1.8973404617149674,0.5055149136378574,0.7066864382118558
center_g15,7ee34f,mobile,0.0770578914600495,0.2397453098769634,4.556658147238877,0.33749538451029526,0.6040877713840203
center_g15,964429,mobile,0.09031298592177356,0.2570742786675827,4.639188418930802,0.12974806465148078,0.5190884477691113
center_g15,6c392e,mobile,0.1159913569900495,0.2813796272086877,2.7488252358908136,0.2164205715142765,0.7034492228024868
center_g15,906624,mobile,-0.015396194218407332,0.16215863249651835,3.846699344832974,0.09476464051571895,0.6406473610660055
center_g15,2089d4,poster,0.1232319911893292,0.2448231332376132,2.765572665445069,0.46723571407758296,0.7172933350686749
center_g15,93016d,poster,0.5300809284647452,0.46021814059758115,1.3769131554008123,1.1460324262109522,0.7686345603357072
center_g15,fec2d4,web,0.0855133688808674,0.26240045877129886,4.469733284840779,0.3361740994626274,0.6062847371510787
center_g15,a4eeef,web,0.3386560277845727,0.3716997320622415,2.5484367766889426,0.8121567846301272,0.7263982502592741
center_g15,6a7b1c,poster,0.2584715716908794,0.38485307559321025,2.5256089472722016,0.4880136396736457,0.6607070437417674
center_g15,b11c7a,web,0.3517668743373983,0.4103134924511086,1.9317044192811421,0.7894551787077503,0.7585952812790114
center_g15,98ae63,poster,0.06871084874236158,0.23011543012791907,2.497204581967583,0.16351102246420185,0.7400322744910366
center_g15,68d170,poster,0.0953770391163215,0.23821752377450953,3.9768482301450625,0.18213578128028948,0.6316648737057371
center_g15,8869c8,poster,0.05519502467505191,0.18057959929083245,6.460972093113801,0.11969683225332704,0.4167476458965734
center_g15,689a18,web,-0.02827860525453167,0.1590118189462682,4.001409479848199,-0.14530209926988935,0.5607497897718143
center_g15,d0e249,web,0.23052774212295063,0.30681028535356136,3.0691009040256585,0.6917334853536765,0.709415671804897
center_g15,9609c8,web,0.13382044842313423,0.27485502609126716,3.170411302614369,0.3438195497881257,0.693173434577793
center_g15,65b50e,web,0.11858116296846931,0.2498842807677899,3.9390700147961,0.2629051424733837,0.5992354512770076
center_g15,5c0bcf,desktop,0.08071367715841972,0.246937722678023,3.9585713361035335,0.24871646148101767,0.6296616315995462
center_g15,f717f5,desktop,-0.03331396774455231,0.10930449125042996,4.785712315562518,-0.1808495208591124,0.67699338963216
center_g15,6e2c8e,desktop,0.20620988350570268,0.24346543448825447,3.404244473546891,0.5542154510943114,0.6751017954854035
center_g15,95b24c,desktop,0.402388628297186,0.40447547013777263,1.9898806666575348,1.1394590863998038,0.7852249509624795
center_g15,567366,web,0.1318540368209727,0.250420504337296,4.764435921690714,0.49732965226223713,0.6055398883815521
center_g15,4a784d,poster,0.15621827274965439,0.3371067144759611,4.2973752103365435,0.20155911052079503,0.5537261202345525
center_g15,ffad21,desktop,0.05862446905359316,0.18653437614415574,4.91891132037267,0.29010621315136276,0.6295853239978009
center_g15,fdda92,desktop,0.06798394495061882,0.19377916102668058,6.016427118622319,0.22656219033518346,0.5472641773173332
center_g15,709b8f,desktop,-0.03462467778665361,0.14143194549089488,5.206203430143526,-0.20523360740657062,0.4028507329867467
center_g15,035da4,mobile,-0.16074695102096415,0.06068255162046661,7.531935698177438,-0.3521212087556232,0.4247095448910023
center_g15,3c9088,desktop,0.4734459087899868,0.4015174083833451,1.9984876220393497,1.3061800807615465,0.7984199698673691
center_g15,cdeba6,desktop,0.20830027345381402,0.32702270920702337,2.6812456438463586,0.46787498368913727,0.7291747545360059
center_g15,91d919,mobile,-0.04327742438910688,0.12455390012256583,8.471432767194818,0.0456148466082993,0.39398740191552684
center_g15,7ac1c6,web,0.2134232134445666,0.2903718911045949,3.105727220673768,0.38510501587545914,0.6502369271038737
center_g15,2cf681,mobile,0.05751255898960401,0.18324498960005747,8.27740569059721,0.3758544979947012,0.43981629874861816
center_g15,579621,mobile,0.33337864318718335,0.36059463124410107,1.971479130504229,0.8242781673124799,0.7519736295416025
center_g15,b83a7a,mobile,-0.12743599663418465,0.08227388507996153,7.419723861164545,-0.36683464908849533,0.36337668562529035
center_g15,59b238,mobile,0.2471071570760605,0.3018777335774991,3.290440174439829,0.4857252169238757,0.6356364042280073
center_g15,2a3bf3,mobile,-0.1446139817429214,0.0647102740817672,7.691888629709806,-0.004615385970781944,0.4222813243492031
center_g15,a7aa57,poster,0.1451100797230966,0.2497645834964245,6.347431842928059,0.8977587438270315,0.6419833324626736
center_g15,6f401f,mobile,-0.00521415693910051,0.17567671603509832,3.7813747903688664,0.11735942225205677,0.6297532943998383
center_g15,75c4ec,poster,0.21993119652775434,0.2959022931549441,3.5646078193648347,0.7134503990534463,0.6449276635525196
center_g15,42826d,poster,0.3798620543559701,0.38760181554880657,2.5923013907597996,0.670518740270895,0.690878788433121
center_g15,a7c035,poster,0.027127406855940776,0.2234073322904422,2.9780656128889404,-0.06740357687674306,0.5924879520067623
center_g15,81f2f3,mobile,0.09852805198667777,0.24057668727383627,4.8416289148591645,0.3339596539804587,0.5547649392187348
center_g15,90271a,poster,0.3090216731995959,0.3160381879659474,2.3031092861385036,0.8649133654399325,0.6560824086005653
center_g15,6b173a,poster,0.22495562668333702,0.32074483184192426,2.5152151159105207,0.7230959344323196,0.7650110175237658
center_g15,7786e5,poster,0.0538389159150271,0.17868169935462894,5.803065448557139,0.1614328665500458,0.5295075153387696
center_g15,2298de,poster,0.020567595104653544,0.20985851130422095,2.966385760166737,0.27951783274189757,0.7286121797752744
center_g15,d09395,poster,0.38119969776182255,0.4016504044140248,2.318974083979487,0.8979259673312674,0.7261139107832841
center_g15,3f1f0d,web,0.17161119567776967,0.24222163774048316,3.181877965792458,0.48701054467957694,0.6488109331246191
center_g15,c36099,web,0.18635415464844174,0.2764586579325671,3.4624069605113434,0.27332079688704275,0.58669048053795
center_g15,070781,web,0.39148734583427935,0.3699615285964031,1.506237112638974,1.2072379435901963,0.8196213528306415
center_g15,d33aa2,web,0.24312412331467453,0.29845960556963935,3.1756631425801594,0.6567721100895099,0.6607010815281622
center_g15,e9cc4c,desktop,0.15551798940262704,0.25197645475794983,4.208872762568582,0.4345360733166372,0.6004979230545164
center_g15,94dc20,desktop,0.07068376160905668,0.25216963222659805,3.5701804959385597,0.20420165875449797,0.598552547244578
center_g15,97cc00,web,0.35291666481427797,0.3564466682224551,2.065246040845823,1.1889917948177504,0.8147215068469089
center_g15,d7346d,web,-0.08306403163643027,0.08629346722684517,5.149018292292531,-0.25763681478963457,0.5485846828279917
center_g15,10579e,desktop,0.2585711144442274,0.3157070644375705,3.0825651492962423,0.6086901044050459,0.686581033713106
center_g15,3ec21e,desktop,0.024213472703727448,0.18667039277977474,2.676731428596763,0.04250628305520217,0.6928522929952668
center_g15,a44943,web,0.15764293112773717,0.21914778241564534,3.8952187075227718,0.5493286447392456,0.6458400259204513
center_g15,11412e,desktop,0.25344202040946745,0.29004424653463223,4.90341224047417,0.6036585695795306,0.6057070028683545
center_g15,87475d,web,0.030791529821832597,0.19623914785374588,3.728359525439525,0.11662961428322874,0.5855228286048865
center_g15,290bcd,desktop,0.4197514110663998,0.4015414067305575,2.1362531310512085,1.1805663853345008,0.7795352991908445
center_g15,7f6f8f,desktop,0.07676180551892942,0.21188834514269628,6.748154138354375,0.4576097436392123,0.5437604420162975
center_g15,f8d172,mobile,-0.020157422538206383,0.21970336729741968,3.687156097763642,-0.08807540192443578,0.6253911516208811
center_g15,76822c,desktop,0.045968265329689464,0.16958381196797284,4.336752958609264,0.30697995262901984,0.5985123459160231
center_g15,884333,mobile,0.5342752127393571,0.4582184412500735,2.3283717821938605,1.2338464258079214,0.7514525807233327
center_g15,c7db2d,desktop,0.45116170093451,0.4322276920553824,1.5670160989786956,1.1617127477299214,0.816986491809593
center_g15,b3acff,web,0.2786165202140638,0.28168516498622653,3.8368894487167107,0.5786725051657051,0.6405120835607245
center_g15,fc4494,mobile,-0.06192456110888307,0.16468021638980437,4.265329355246554,-0.19337758271562702,0.5996470761048864
center_g15,305533,poster,0.2767262296597012,0.36840264498057695,1.8383486871889883,0.656744306262613,0.7294395444200197
center_g15,a42b4e,mobile,0.1648643176182079,0.3042615869236459,4.956969278047237,0.4143738053771687,0.5688190094747483
center_g15,196a1e,poster,0.6444882329328279,0.5194171693566635,0.9852318879473584,1.3961347910212836,0.7995671585403987
center_g15,f147ec,mobile,-0.1086288254758871,0.10299352205008105,6.809504956311235,-0.22133040835406786,0.42593466656867474
center_g15,d594d5,poster,-0.056984172025674844,0.16938445344765923,3.8453134557774673,-0.04064797836164922,0.4583657246757339
center_g15,a11833,mobile,-0.017746399919856416,0.138046149713452,6.477139967977604,-0.0487404495665614,0.3942981689753917
center_g15,b87c56,mobile,0.07224190867096009,0.22432167524391816,5.868645626971134,0.17209968561944722,0.47250633929414787
center_g15,23b246,mobile,0.1946415326123878,0.2980778135828985,3.8969845666137357,0.5956354104462042,0.6399572719051397
center_g15,56ed0e,poster,-0.05063291279830606,0.1604148308859476,6.2733083635382085,-0.1050575764024395,0.5305611729506227
center_g15,bec3fa,poster,0.01391038883030181,0.18360432716411168,3.8798417346568437,-0.04477392550955768,0.5901797411252733
center_g15,2dfd9c,poster,-0.024443810510092253,0.17595670693818444,4.5636277427618,-0.10595130845643201,0.4765248735806012
center_g15,2511d9,web,0.39490100526123817,0.38652230703834783,1.987597549339827,1.114269236746872,0.7603819435407552
center_g15,1680c9,mobile,0.03649553986600295,0.19482068726880206,4.791542223428414,0.12132338282666677,0.496397965938021
center_g15,4ea758,poster,0.12126940442425055,0.2644740573946373,2.385159187842243,0.5199916683509159,0.7522295353512016
center_g15,8740d9,web,0.2520019839603782,0.31225874227920614,2.9083186624609305,0.9146058526908988,0.7279400200997641
center_g15,3088d0,web,0.11547400618783306,0.28945932106035194,3.37756691410238,0.29701383598199205,0.5931138976012935
center_g15,787aa3,web,0.10879153474219525,0.25136007598118815,3.0633250113138804,0.3592263866323302,0.6263433832811326
center_g15,e451ee,poster,-0.07038783899188052,0.15013906756940096,6.343479534315177,-0.15692612361693226,0.4595176783688462
center_g15,28cf69,web,0.16272642650870717,0.3180974439492037,2.806441508704391,0.2828022861064853,0.5845102092754628
center_g15,0d8830,web,0.26974404272008223,0.3791126215952353,1.845071107531033,0.8291768000494164,0.7731857780323255
center_g15,54f52f,web,0.17253938039745254,0.2815028065305371,3.0081103793472272,0.3434186219507163,0.6708803193310335
center_g15,5c5b71,web,0.06476362041020697,0.22640430580565488,4.7442424616605825,0.2655703446928314,0.5844733082526651
center_g15,fba6ed,desktop,0.03218707713426163,0.16586069364505837,4.466617177464291,0.26315499009110593,0.6584589499038519
center_g15,63de16,web,0.4103769445673504,0.40578112531048394,2.0190682081965536,1.4176987973856217,0.7977903516212649
center_g15,4a2527,poster,0.15832793923886462,0.2703079154453684,2.087869000814573,0.49876936739631017,0.8038951312969833
center_g15,f0e574,desktop,0.22906822454015724,0.3418702138268843,3.3785176097898337,0.541828554712927,0.6990715866265856
center_g15,faab85,desktop,0.241993572962909,0.347613740823417,1.8103594663703626,0.7310562957238614,0.8071483871304527
center_g15,16830b,desktop,0.27337445113420905,0.3810765702330613,1.7399697270770316,0.7690738465821347,0.7864607098910551
center_g15,b45744,desktop,0.05752884897798595,0.22118686135367438,4.031910307351665,0.10661975024695325,0.6427710897198038
center_g15,44c36b,desktop,-0.028638671594706285,0.12170449843931977,4.435252735039512,0.05755675488704728,0.6571164778649222
center_g15,3351c6,desktop,0.03577951697475806,0.20440391078467673,6.555039293703028,0.11097751009358711,0.5015615118143174
center_g15,6d8534,desktop,-0.028009729904617732,0.16476091906570783,7.110298946410303,-0.040806908134262174,0.451379381654462
center_g15,bb23c6,mobile,0.4919539962165685,0.43444610517377646,2.8184741346203737,0.7731194052064319,0.6777004530231251
center_g15,b8b56d,mobile,-0.12296917675527681,0.15386483850166033,5.419130059252141,-0.2235748077878328,0.5016364325700489
center_g15,d079f1,mobile,-0.10562433943438686,0.11678214950180754,8.089668933534446,-0.2553357703794084,0.3668973514270111
center_g15,49fc6a,desktop,-0.0074900276221686775,0.18293799626884527,4.469145600189614,0.15203037103524497,0.5360768504960971
center_g15,a3fb58,mobile,0.7041493323700396,0.5364807883061927,1.6572030907144537,1.6115297022455346,0.7703612460870031
center_g15,66935b,mobile,0.20202181690997623,0.3635983253839229,3.8936940460749954,0.5126381439632213,0.6266915459964395
center_g15,f757ac,mobile,0.37422301583005035,0.410189068194145,2.3284672407575875,0.7301228490022759,0.6957239448509995
center_g15,591317,mobile,-0.10054348750524397,0.1299587858688902,7.228198497901777,-0.24580575435921131,0.44078553375665763
center_g15,5ad367,poster,0.12903318325545116,0.2935547681387589,3.7169792914391655,0.12044013636386765,0.5332910439995409
center_g15,005f83,poster,0.11554742476395052,0.2422784852440079,3.1475292719388976,0.22250525219429515,0.6840039133370018
center_g15,6afc6f,mobile,0.018595339206285866,0.2192547655862057,5.322797549291211,0.10544532926977752,0.5499091999676466
center_g15,88f13f,poster,0.1598458766342571,0.3250192037652535,4.06945985375901,0.45756608299973867,0.5224097614588695
center_g15,6763e2,poster,0.2745114234635564,0.3295897254082099,3.8871452049001887,0.4921324903773306,0.6192228267267335
center_g15,9f6fc9,poster,0.027267108969069663,0.2215372457912579,4.1575143375040495,0.09092686744374492,0.5096533435478252
center_g15,56d63a,web,0.2777428299383021,0.3430377627054864,2.4899141844657118,0.4823773928073679,0.6964382665637354
center_g15,f27923,poster,0.12704615169376826,0.30460301618354335,2.6622009865808627,0.32243503371104837,0.5748066006730707
center_g15,912a36,web,0.25503388443148794,0.3386408715227543,3.999946502334883,0.5941433511033367,0.6269516088387962
center_g15,174696,mobile,-0.012648845194386263,0.15583819920809114,5.491567158860368,-0.009834087089158422,0.47833106640386536
center_g15,66058d,web,0.22070820939020197,0.28691823872690153,2.3031314272927146,0.6754584362088403,0.7441991717420731
center_g15,cfca97,web,0.010126981103431888,0.2037038185070967,3.3295369548097398,0.06287079100332289,0.6797929133489021
center_g15,ea104d,poster,0.625086199478666,0.5227851099364558,0.9323135526206938,1.457723662183,0.8359721561768609
center_g15,32c969,web,-0.052595945680991935,0.12712458996062254,3.8683779076930485,-0.1325073923718997,0.6516387919762787
center_g15,73bdee,web,0.20362496066454613,0.3334732608460528,3.0504748815592797,0.5672678626545639,0.6195981262781192
center_g15,ddbec1,desktop,-0.11572895635087777,0.09907352781471268,5.442808376932069,-0.03893264146379893,0.438445958824321
center_g15,9aa968,web,0.10715284045106527,0.2917960463239634,4.103492397924333,0.3468338529190042,0.5654272661246802
center_g15,d8d2df,web,0.021985786659939024,0.23127651809498656,3.9527297961272057,0.03837173418788841,0.6050597457862498
center_g15,2481a3,web,0.46692391645252584,0.4763569169357178,1.871020446291424,0.9150519125385699,0.7395040601468896
center_g15,2c9c76,desktop,-0.0056515681624250335,0.1396144813553298,3.7561597180285515,0.30051496172480485,0.6352644017538273
center_g15,985d8c,desktop,-0.008083220098685104,0.09962735352713942,4.998776911146207,-0.06823606191012715,0.6096400481441463
center_g15,d07437,desktop,0.5751934726760553,0.35991533855931773,1.7396381724812755,2.372425247714088,0.8537229222111569
center_g15,af5f27,desktop,0.33331892964444093,0.20983351527272676,4.545944416039,1.6234303818832028,0.7066780710713445
center_g15,26fb2d,desktop,0.0071913350933529765,0.07502307669484586,9.928204462053106,-0.032430323007200876,0.32813849941763606
center_g15,3e3ebf,desktop,0.19067344400573896,0.2376867493298702,2.7649410461508963,0.5777971713915648,0.7173287023057932
center_g15,a0992a,desktop,0.1757437997399319,0.20487746756797484,3.361564057820842,0.8960890180338767,0.7391966256430413
center_g15,d66c89,desktop,0.17299891964109887,0.18317872786808753,2.52489295692569,0.983454741012702,0.8301484924169474
center_g15,dcf870,mobile,0.0769545718908749,0.16908263660985373,8.086157889534194,0.18286501205999597,0.4129956188745823
center_g15,e129e6,mobile,-0.14221175109926332,0.015256050600010536,9.281116832484916,-0.42225132088960926,0.32223324221390254
center_g15,f1d7fa,mobile,0.07561731281769912,0.1920705473133146,5.299485814233434,0.2998122363709943,0.5591643309001187
center_g15,7b6c15,mobile,-0.006833780438907601,0.13108100006954143,7.262453327760382,0.13514950531552195,0.41724778557280784
center_g15,4cd989,mobile,0.11926028839011514,0.15209331374436602,3.042134990999337,0.24753184868355918,0.7112341830559107
center_g15,c40db1,poster,-0.036784582754072336,0.08195395147800986,7.9022689157327095,0.2057992289104294,0.6497000526799387
center_g15,13a393,mobile,0.029502932513961782,0.18245204574276735,3.2965897642289352,0.03046229444399813,0.682226843968504
center_g15,212589,poster,0.0762266811083407,0.2382632395232167,2.773966531692462,0.24866474801796443,0.6177137830460739
center_g15,972486,poster,0.27320805198493303,0.20975693965100106,3.3904642391934705,1.0012604676887633,0.6309400646643137
center_g15,9e3970,poster,0.10268985446730826,0.290885176438135,2.652770004726742,0.313251183599293,0.5697719578382506
center_g15,a05670,mobile,-0.11091361607962208,0.0059602128011604465,9.822873160628731,-0.4286929083486679,0.30470049556732665
center_g15,868823,poster,0.0420772378198063,0.15605961022991793,3.2758476337465856,0.037790546421227464,0.6713161991611502
center_g15,1dd09f,mobile,0.20878636927331665,0.2614491288936588,4.125724172830217,0.548030274814069,0.6508136572339664
center_g15,540107,poster,0.3107363966273395,0.27998219818911435,3.037613237568814,1.18534926442563,0.8513873460254703
center_g15,2f57d8,mobile,0.4738550476414039,0.33779315975992463,2.986471407735851,1.9769831113982068,0.7182647203077894
center_g15,f93751,poster,0.060792411998099365,0.1620719600590205,3.9926555389460407,0.18794867165800097,0.6816883010231835
center_g15,b5f7cc,poster,0.12808275366438676,0.19661825978279765,3.984141978642697,1.1861621830425904,0.7811247034028819
center_g15,33214a,web,0.10654160394884607,0.1781786821117316,2.754262641610832,0.2254289801808237,0.6891221798212572
center_g15,7ec75a,poster,0.08271838270934224,0.18917084028818648,3.8224619589712043,0.45838520710399916,0.5807327265932267
center_g15,9f7fe4,poster,0.3915842892315302,0.2534391631206846,3.409852754521081,2.086737919507096,0.7807617945763059
center_g15,483fb9,web,-0.07118869459331059,0.06840918403078645,5.26370883840538,-0.1498861415036233,0.4973487821496668
center_g15,a7a074,web,0.24981354147196883,0.22869893115140663,3.824675225675695,0.7387915224718657,0.6386582543101486
center_g15,2b837f,web,0.3756427991840795,0.2827479193174932,2.1965615767058533,1.3462263793951879,0.7669683628468603
center_g15,debbb2,web,0.13996028105620445,0.18053241083809124,3.2580991385733102,0.8496272429482177,0.7720768177956385
center_g15,f7435d,desktop,0.6278849967525948,0.4960658719940074,1.0011289382357123,1.918770309069445,0.8779791339737245
center_g15,e2f93a,web,0.21662282877622283,0.17130833990051245,3.759412385548347,0.6139631180784273,0.7214930311343032
center_g15,2f5041,web,0.04367314969705559,0.11578615850849977,5.483585380858064,0.032415917643362234,0.5231311060286423
center_g15,5be5fa,web,0.25433211104866554,0.18152299396490548,5.51929266855207,1.3509453814908574,0.6360214748532899
center_g15,10298c,desktop,0.08281207175906155,0.21046182202249097,2.749294792789349,0.30328260080293296,0.648552022936846
center_g15,38c9d5,desktop,0.24186473351743748,0.252178070583391,3.076166681946854,0.6978183091830649,0.7129026649736119
center_g15,6ba20c,desktop,0.1077287576958377,0.21492359772513264,5.230352906657558,0.19219035842678944,0.6149755602839369
center_g15,8898cb,desktop,0.36592559524286317,0.3136601738857885,1.6985187434375224,1.6275690862487435,0.8404694262674183
center_g15,4af601,desktop,-0.04020141847481755,0.15776745841471176,4.268850595722444,-0.013714563424651443,0.5434897133816214
center_g15,016f77,mobile,0.4012214279473365,0.4149493319076999,2.2926721519032816,0.9235390163246805,0.7614929302548482
center_g15,d5caa3,mobile,0.15346403337971792,0.26074816378886384,4.650129961700585,0.27968117351836536,0.5899870078504682
center_g15,36ca43,desktop,0.4129747918617344,0.40120994700837126,2.063662845008458,1.025009444843495,0.776150039243293
center_g15,e249a7,web,0.40021469373621493,0.17226735025061324,2.1496186218685565,4.000281082381493,0.9942839525478031
center_g15,dc06e3,desktop,-0.04337290067758709,0.1532464257285726,5.45854496951787,-0.07280783571619001,0.49261986301142646
center_g15,b47f5a,desktop,0.018670680888531733,0.18697414888168173,5.099524387285532,0.02839373001459,0.6053813856490141
center_g15,28422f,mobile,0.11138599896556298,0.2728060356689088,4.567168941705782,0.4490484572117602,0.5882109493691283
center_g15,42c444,mobile,0.333734794980012,0.4034557625798253,3.6312187731674888,0.7060507019222112,0.6732382650821018
center_g15,a965f4,poster,0.011517084289497184,0.18608763208073098,5.431349162235552,0.1360685106796226,0.5263572605418357
center_g15,d13f3e,mobile,0.17993469885896074,0.25725686770093553,4.317033571432127,0.3049252500015466,0.5683477764104701
center_g15,128abc,mobile,0.5325402403247428,0.49077306287355743,1.180401978734494,1.32579179174228,0.8375802691464331
center_g15,4cc35a,poster,-0.0007630484791777889,0.1794324908413041,3.213889392130818,-0.019420798587475547,0.6462702134639049
center_g15,b5d9a8,mobile,0.07139566572713085,0.24108979549185217,3.854133996051435,0.12802856819286487,0.62427905698571
center_g15,479245,mobile,-0.11021565428983718,0.1544282186417483,4.597834456605778,-0.2227269545183471,0.5370098155653183
center_g15,bb56be,poster,0.17014067502492794,0.25392274903579926,3.3491594910762332,0.4652589455700548,0.5977389621172893
center_g15,9bf988,mobile,0.10984342290150266,0.2538499894076314,5.912424720263584,0.1883981473553547,0.465536267507261
center_g15,6a889e,poster,0.041858046549470576,0.18980830930435177,4.39427746021837,0.2345453112597694,0.5649160281442624
center_g15,9ab8bc,poster,0.02350671061468286,0.25067257736881216,3.7508901513540356,-0.07309175646646486,0.5146516813224666
center_g15,172c5d,poster,0.3025486383506668,0.3896085706446826,1.9398891858516552,0.6294066320796456,0.7188864578956022
center_g15,35ba73,web,0.11532747447849886,0.3176882940385076,2.4260491999315583,0.36247925068441955,0.6414037431558418
center_g15,dcc0de,web,0.12911760867590388,0.2980628480708346,2.9555610823341545,0.5661551168731923,0.6892326661948875
center_g15,2fd907,poster,0.06950674554276702,0.20041551004822986,3.905136985193833,0.06181098276679224,0.6133150799216561
center_g15,4bcfc3,poster,0.17936298997063432,0.2882615670016037,3.341518000793149,0.47280590220216473,0.5742925245950588
center_g15,b7c621,poster,-0.086322599138873,0.12151762167189634,5.112416624998045,-0.09991227779451983,0.5844990085222184
center_g15,60ab80,web,-0.043097275644104246,0.16306544782691215,4.432964617836542,-0.02607719878399883,0.5639977707158187
center_g15,1d26b4,web,0.2590974883012598,0.32203986273288077,2.185776139767643,0.8994408415043754,0.785556236514929
center_g15,ce6863,poster,0.057209693568826984,0.25256813141942225,3.093534865806267,0.30641041856751056,0.70382692154707
center_g15,b87aea,web,0.012477709741344541,0.1812216647608511,3.1441920704909565,0.06016271746809346,0.6705207159973914
center_g15,2103ee,web,0.5347697900503672,0.4660184349245128,1.417604339766379,1.4397730455815192,0.8216453423452649
center_g15,47033b,web,0.11152856665588795,0.23549685032635342,2.751126607076657,0.49458580788710693,0.705838904924688
center_g15,cc9bc8,desktop,0.09751620839262598,0.2746027637238333,3.2627682957599475,0.08263864596898152,0.5355986345026256
center_g15,2019ad,web,0.29670955853330516,0.31407655646839683,2.822627263830138,0.6436880687317847,0.6759300756589464
center_g15,337990,web,0.14987951934587818,0.25391361757761177,3.0050796457475233,0.5148993579085931,0.7127183505010829
center_g15,bf2da8,desktop,0.028732043821905584,0.20601779063535527,4.70620312496958,0.07904411596571352,0.6020253123725711
center_g15,221587,desktop,0.03880779806360707,0.19493500081038617,4.107728590990623,0.16371206134404967,0.6500894117311182
center_g15,09bb5b,desktop,0.0863185920930264,0.2262170854871722,3.2051759267452127,0.16381313878148232,0.5863045125833648
center_g15,511f7b,desktop,0.07405839650525448,0.22159129659731183,3.6901297823234565,0.3236721259965821,0.6712859444314531
center_g15,c905dc,desktop,0.3991610257093761,0.391480407434533,2.646002840065874,1.4550708553841907,0.782733989428206
center_g15,99004f,desktop,0.7090569996340216,0.5691362084096252,1.1796370919568946,1.8838293305886484,0.8429802539930725
center_g15,86500d,desktop,-0.01037101703994477,0.16213510605721926,5.727403561000058,0.052274631622688646,0.5341975811364942
center_g15,0bdd56,mobile,-0.03004433168072243,0.18487929813498977,4.929557619238301,-0.020239264307647536,0.5159429514602808
center_g15,469579,mobile,-0.09430185695681888,0.07801784870288948,5.579834160508165,-0.1281762377217432,0.5157846927507924
center_g15,215727,mobile,0.2232825631753928,0.3527504115556693,2.270762521751677,0.5389878767549687,0.7528215616249087
center_g15,992c50,mobile,0.12813525255898578,0.293242448976918,4.973189474159481,0.29042204480351996,0.5207710441741065
center_g15,2d811c,mobile,0.07305449402663389,0.1918900850938599,5.759388862626257,0.15894915054087266,0.4715248083655189
center_g15,fdba74,desktop,0.24356368743195242,0.312997745986068,2.141093223926126,0.7256840329007576,0.8011201328880976
center_g15,8ee0c9,poster,0.019968550401437038,0.22395568134714544,3.6452521510762597,0.41388863507117407,0.6071143021528365
center_g15,7dea7a,mobile,0.6607186768233151,0.5656434563046563,1.1956374203544233,1.421398640496441,0.8133120076823638
center_g15,46bc27,mobile,-0.1267447812260079,0.04798620660838568,8.808330436233613,-0.2984326541781679,0.29923479237888295
center_g15,641719,poster,-0.04050010800348265,0.18150960794300527,4.727252510772708,-0.03312247285880152,0.4742970826698161
center_g15,4a97e1,poster,0.057671544048195786,0.2357512561521286,2.9002483664229803,0.19474665824068763,0.6728408012502681
center_g15,7dd59a,poster,0.23302231516005406,0.35406566458477484,1.5326139078697414,0.4876574181891692,0.7345641370666873
center_g15,4f3f84,mobile,0.733499947443798,0.6106955417626723,1.3283658375498244,1.7187484540985707,0.7985777134397177
center_g15,7a9967,mobile,-0.0972368705657129,0.12528963605038573,6.585342922411813,-0.2344766164277385,0.40947833980953396
center_g15,7e01b8,poster,0.09811379493052311,0.30843352270878466,2.0135085585805035,0.16448010087989873,0.7488875845202996
center_g15,1055b2,poster,0.1187701376430957,0.24345780939869457,3.9690699901738933,0.3428101168872207,0.5933616832256333
center_g15,4376ed,web,0.20904830917947725,0.3127245553208632,3.2590016110796776,0.5315092042192768,0.6911840439899812
center_g15,bb34f1,poster,0.21378132883691467,0.3313164182550386,2.959867393825371,0.3539007137834785,0.6702477511217452
center_g15,af4220,web,0.02088525506237763,0.21199144435091097,4.35038048991178,0.13744006988626362,0.5956046383256072
center_g15,909a4f,web,0.14201927850019566,0.28325276768430696,2.743669569680002,0.3264014099029901,0.61778856996787
center_g15,ae548c,poster,0.21960050625924668,0.3315834085385102,3.6194876953109048,0.6030025581501316,0.6772436034293575
center_g15,014b22,web,0.11294226742892292,0.28967611301239915,3.0876934519335,0.3111742847571583,0.5955130590573604
center_g15,c4b437,web,0.11590657014515612,0.29071473413203885,3.3434078175408897,0.40399582081586827,0.6075527238048463
center_g15,4fa3d2,web,0.03310582663749968,0.18641217630826376,4.392344590440946,0.07236284802969058,0.5921521290554312
center_g15,c01022,web,0.05429413458075517,0.14853922677430048,4.620263492585537,0.2840008634685395,0.6337981201241204
center_g15,8675c8,desktop,-0.02013526903217026,0.1416310908003053,4.240131186519687,0.2012412112104605,0.5572134919162965
center_g15,fb0956,web,0.1277624854998819,0.22740120474915365,2.265115400878037,0.3895772830221959,0.7683738252728448
center_g15,73ada1,desktop,0.12278474363064576,0.22633286426892424,3.722168654065854,0.7291934091010853,0.7387634277293312
center_g15,79e0cc,desktop,0.5200300233830166,0.36638746342237716,1.3296636123031185,2.3451747868214556,0.8748304566457852
center_g15,4d78ff,desktop,-0.053186903996739573,0.09432757146562068,5.113255876954626,-0.14567924507428312,0.5611473120027791
center_g15,721348,desktop,0.06618769545839634,0.2325634475224596,3.377563302504949,0.4381151756734011,0.6568832324874864
center_g15,a78deb,web,-0.027817941570508573,0.15975080780756834,4.841778508938739,0.080069546625067,0.5893508570661887
center_g15,e5174e,mobile,0.051751350121325555,0.137816705942236,7.538989105513141,0.16314014317689038,0.4037533620581706
center_g15,217749,desktop,0.11775058446349691,0.23742976401451113,3.902968484189432,0.49930292962455747,0.7001696276478206
center_g15,72b54f,desktop,0.38849163816805715,0.3298783739846356,3.6221438292485533,1.250326137192898,0.6787289857698195
center_g15,075286,desktop,0.15819513624552362,0.23710138633700067,5.969928275765255,0.5040184937659191,0.5400238886479306
center_g15,8dfdc1,desktop,0.19658882868836547,0.2803138963323025,3.246598929366245,0.7351652199339145,0.7474790305684346
center_g15,c75e3e,mobile,-0.06573522318047408,0.17010520056217485,6.275912980935109,-0.13909946914528232,0.5023296734944634
center_g15,1eb64a,mobile,0.5870839412127304,0.48896929831461533,1.6921689118746623,1.2427910335713654,0.7793500543118566
center_g15,d0c24c,poster,0.5709622550231328,0.4949699454585312,1.2329325412351566,1.0309992040935865,0.7360661745654755
center_g15,7f957a,mobile,-0.1324189858123009,0.10828272430845384,5.818058606637311,0.025886262823563242,0.5319841128762288
center_g15,55aa06,mobile,-0.08041540362660121,0.17305991369384105,4.9202692542005035,-0.174433675291305,0.5128836361243466
center_g15,51db8e,poster,0.27592524105644356,0.3808283903857901,2.163926096159862,0.5391240978340406,0.7064435236316974
center_g15,abb05d,mobile,0.409373488068755,0.36795028236775906,3.6247320375136587,1.1071497522009992,0.6364619711275963
center_g15,039978,mobile,-0.13576815953258742,0.055657037377770904,8.507420456871445,-0.3676857605309029,0.3111517977796986
center_g15,2fe3ac,mobile,0.3753026060411404,0.38563596298978614,2.686255691321305,0.9648589092000345,0.7219151453898759
center_g15,ebd305,poster,0.1250806154980903,0.23266468563538434,4.792992171287092,0.20723370846849773,0.4912606445616279
center_g15,29d7dd,poster,-0.04794577094807677,0.10575452068282921,6.720994092795252,0.051784681764821996,0.5321029667561322
center_g15,868efa,poster,0.2550615600047077,0.27809991063729816,2.941316952619133,0.8210597353003889,0.6338847478570406
center_g15,0fa6b9,poster,0.02115957791757634,0.25882082120119254,4.640645456372622,0.12884009351602801,0.5083529649763696
center_g15,fe8c5d,mobile,-0.12561098524532816,0.10341449176463276,6.6550127079987265,-0.30571759418154126,0.4446425959993725
center_g15,f6bc62,poster,0.226112784673096,0.24082880267381382,2.685609673881349,0.591504915190912,0.6960442522137195
center_g15,446969,web,0.2471587324042669,0.2702112018895706,2.3911035236606475,0.47913567153301084,0.6460115909632349
center_g15,46ced7,web,0.5833207826108814,0.486407848502744,1.2728043759615195,1.4068936893221762,0.7814384316063221
center_g15,55b7b4,poster,0.15042175033289323,0.2880246548464993,4.765388008889639,0.14062048498189997,0.4936747194204889
center_g15,9b7610,web,0.14776052791268673,0.25231682556452145,3.009573707581824,0.4912093972616905,0.648435668277348
center_g15,ede16b,web,0.007527633533635581,0.1580321056466048,3.7377951743316347,-0.012404651262046769,0.5932490217021469
center_g15,406fb2,web,-0.0115409746126676,0.14865258977632756,2.8885340123614434,-0.11340157845676546,0.6730022147128705
center_g15,134669,web,-0.0024395568826686143,0.19432377405007184,3.66994005135716,0.09419038298839724,0.6243480243174874
center_g15,edbf2d,web,0.09464211626890853,0.2354238810377831,4.709497007917007,0.2869154054864268,0.5331716876579938
center_g15,16a13e,desktop,0.14686895649063897,0.2488048901556556,2.407492856006169,0.7487808851203199,0.7526033908091747
center_g15,cb4227,desktop,0.14489555013375588,0.2570481224799237,4.333704258281533,0.22228600184152347,0.7242977787738836
center_g15,7c98c6,web,0.4421995789616991,0.31860928244259606,2.1419972381837242,1.5789434484494973,0.7940970291198783
center_g15,5a6a69,desktop,0.16035044865655762,0.2627223593414001,2.97112719011188,0.4293521413054007,0.7128828965007237
center_g15,98df26,web,0.03262722714131191,0.18837508739793174,4.275935269538896,0.37934774460907683,0.6642733541376667
center_g15,87f3a0,desktop,0.48980707678488145,0.3849151472755302,1.9680522968330556,1.4537895498079503,0.8001346684895532
center_g15,762fc4,desktop,-0.06549981859123499,0.07010828102858324,7.496254181758126,-0.19763963701871098,0.4326563160577256
center_g15,94460d,desktop,0.299466031372189,0.322911799560186,2.3176460368414835,0.7794745296063313,0.7502451423098461
center_g15,9251bb,desktop,0.4785168327134924,0.4244677208232454,1.7537561551417054,1.2880716314374794,0.8150349163312491
center_g15,ddce6f,desktop,0.07161739443311754,0.18476428505066797,4.7604765445017385,0.2460081091717495,0.5903569291226234
center_g15,f7ba1d,desktop,0.13725134533030942,0.207702581514859,5.814379970138765,0.40581488482345834,0.5809260155962298
center_g15,8e4e71,mobile,-0.02307361641269068,0.1742419762813765,5.564550118914295,0.08045065651829476,0.5595747190533946
center_g15,9d1757,mobile,-0.15621039318904717,0.06455630565741685,7.887492131240283,-0.33238759586401695,0.4310554227115794
center_g15,5f4902,poster,0.17978592300228075,0.28550560141889575,2.5558540401647125,0.6500864068192002,0.7890234860365867
center_g15,3c674f,mobile,-0.06252977347504171,0.1673539745464987,5.151433820619904,-0.1341703046276361,0.540997973035303
center_g15,6d294c,mobile,-0.1567036509833914,0.05228303699325711,7.726884401692919,-0.3471220855143116,0.371253740350591
center_g15,4ae90b,mobile,-0.01981159567106612,0.14998399073060847,4.349450273295881,0.16393463438328168,0.6126078252847753
center_g15,69a953,mobile,0.13644312113936521,0.2422229356197354,5.243556786307888,0.3598088659585294,0.5650470675239578
center_g15,7542d4,poster,0.05509573238071856,0.19858186171874762,2.9892490851969002,0.18800752407845395,0.6576464474204576
center_g15,345b44,mobile,-0.09684608211213848,0.0876502889736161,7.413115244420368,-0.32751867545972074,0.4080605660824387
center_g15,3962ab,mobile,-0.012439337034597169,0.1695521453118878,4.0950356995374495,0.25799318834100665,0.6443588665784544
center_g15,80e896,poster,-0.0037179375699463407,0.20251462749324742,5.7588065218265445,0.04457719999258948,0.45517039686308225
center_g15,3bc098,poster,0.38912297874334434,0.37082391128993625,1.4564026688946696,1.2638031588577396,0.7953433756865773
center_g15,a637f9,poster,0.2333593660322747,0.2614069575494815,2.2923427287420326,0.865630355986,0.8125511992888228
center_g15,9e5962,mobile,0.22434845383841412,0.31723243097390774,2.9035046358045586,0.72305766084432,0.7147976474707672
center_g15,ceb6b3,web,-0.027505808311580143,0.13593081673962265,4.561604063825385,-0.0673578217847616,0.5961650434387606
center_g15,426a6a,web,0.1571586927708421,0.2350493183717311,2.730479835492227,0.37978486865728023,0.6460878225005627
center_g15,feec80,web,0.049727408796921724,0.22931753939597155,3.2814276311848767,0.19902455905404293,0.5562681920422103
center_g15,3364c6,web,0.12531627564411973,0.26610553936878406,2.795888329371852,0.5112120591641542,0.6312545166589876
center_g15,f84800,poster,0.16234976239309906,0.3009084845206119,4.40898163477609,0.29776890138726797,0.5700680317463888
center_g15,6c5780,poster,0.020749989467237957,0.16950903587157545,4.825380309105005,0.15050153328928875,0.5934691485358119
center_g15,24ff3e,poster,-0.03404063515754552,0.0962181569300303,4.9876956130494134,-0.16950787245567683,0.6196418899647939
center_g15,bcc33b,poster,0.022042701543408837,0.14264410629653312,6.362516227383747,0.24280416805403598,0.5010822687318431
center_g15,c53c23,web,-0.012156779944629964,0.13765780910390749,4.9869756353172185,0.09925926196979817,0.5892573232016827
center_g15,08b92b,poster,0.0015189335548401516,0.1884150397990888,3.109365136169466,-0.01995940427626789,0.6585677931038005
center_g15,259405,web,0.13422779921893627,0.21812949662421166,4.395140666549276,0.5017081210025257,0.5854874061002462
center_g15,7c2883,web,0.002163032287570265,0.16611999181946258,3.6760603444189397,-0.05726186174559805,0.4961845435785168
center_g15,237216,desktop,0.07621251578500735,0.18219703849389865,5.190408975646882,0.46940042323556935,0.5883352355295981
center_g15,dc6989,desktop,0.2665532310175558,0.32444380877275014,3.104157056680922,0.6167747465840755,0.7009956102275148
center_g15,49e0ba,desktop,0.04638399890837512,0.18402745022106387,3.7034576777133825,0.3206679534168118,0.6663094143630486
center_g15,fa1827,desktop,0.6789541722256669,0.48896250234874583,1.0591013256986015,2.0113930127397333,0.8216700923222408
center_g15,be2ed1,web,0.18555395435751681,0.23475988236569273,3.4189037185538287,0.5205251513274523,0.6815017773542854
center_g15,eb34f4,desktop,0.0572370434815713,0.18853931272316868,6.134275091143,0.15093457570775592,0.47065796463837606
center_g15,d6702e,desktop,0.13332205444980486,0.2202239499508793,3.0131608919246196,0.6739471835174558,0.8004790458846878
center_g15,fdafcb,desktop,0.5128312811034992,0.4351889015670488,1.8000599458037307,1.4280394085429997,0.8084811181726473
center_g15,eb334e,desktop,0.1468463397659657,0.19989146806045696,2.5359330792200905,0.6021181133695257,0.7839039486169134
center_g15,4b2bd1,desktop,0.10059519650907471,0.22460261007488588,4.052452703953001,0.18773440334797045,0.6328523717285084
center_g15,f39252,web,0.07048063581767369,0.20694395364001117,4.3875066919049,0.3949432293118166,0.6560888870931684
center_g15,ad24c7,mobile,-0.10180153694290754,0.13220666386642163,5.219745356326471,-0.1515112369863014,0.5239447639178069
center_g15,cd2ed2,mobile,0.19778810671334265,0.28190455414142235,4.320795351547235,0.56217291862405,0.6012532351892064
center_g15,c9ab98,mobile,0.14711259674190136,0.2745803414593656,3.5826626614644446,0.16590933390565243,0.6084540606966498
center_g15,8118a1,mobile,0.02898095931050151,0.2110940856216883,5.345380822883479,0.018554908119429624,0.48772106698587153
center_g15,c25357,poster,0.2757665615178248,0.3731323047211368,2.2337739180524134,0.7223466119125882,0.6538963056949711
center_g15,4a3f51,mobile,0.41218464166731816,0.38593185590794943,2.557073904201498,1.082760519041687,0.733559256050357
center_g15,6915dc,mobile,-0.07642702976324592,0.13123497311235777,6.182922927812787,-0.1507190773158434,0.48478656282307164
center_g15,0ef09e,mobile,0.23162931108076007,0.33892266822435024,3.964826182572723,0.34581481245778106,0.5647608789190668
center_g15,c053d2,mobile,-0.02020249218785778,0.1567083227729866,4.679202511111369,-0.07923626291599202,0.540227851557695
center_g15,85b582,poster,0.22968265715061853,0.3210303695093528,4.815863117827541,0.7611398092195214,0.6527535832814645
center_g15,dd47fa,mobile,0.4671490270753842,0.408277603401817,3.0089375641197984,1.0526401624485253,0.663319170782639
center_g15,af4f68,poster,0.1717346403100855,0.30933587493989056,2.712281557984457,0.33096703678881556,0.6367662407859338
center_g15,f9b020,poster,0.13456518702775574,0.2553600327927346,2.531139453143616,0.4454119238676094,0.7544518341346792
center_g15,00f742,poster,0.009289691007479235,0.19891880355595443,3.969108477579806,0.011014052839843913,0.6329881896444158
center_g15,2428cc,poster,0.12155005555671425,0.2569886739838255,2.647281060653487,0.2173833098472729,0.5772365449146424
center_g15,251672,web,0.3747692076221802,0.38281817208367935,2.7203616260790344,0.8700695478147769,0.6787799718195136
center_g15,045d43,poster,0.19881055808777545,0.29560070062389415,2.5925190624146186,0.597916648521121,0.7465130619435904
center_g15,6f9e1b,web,0.38612192405808343,0.3723492812737066,1.666909938930572,1.2177963585706757,0.8226573778730963
center_g15,9e02bf,poster,0.05161899956130184,0.19776723441756133,4.507181578628078,0.12658317582530548,0.4782651881395027
center_g15,fefe30,web,0.20098631238216505,0.30308478827652097,2.8236328490160956,0.6340265125566655,0.7061604619769684
center_g15,21c674,web,0.28277671605393184,0.33856340888099923,3.0464894299184846,0.7476256464351285,0.7100750509812648
center_g15,20bf03,web,0.15689230273694085,0.2314625330052607,3.4791933832409927,0.4090847482368725,0.6603797950357886
center_g15,a4d155,web,0.16944827980163402,0.22748768757353185,2.7244784345197606,0.45011740605519124,0.7218221340822355
center_g15,d01e8a,web,0.18650120717419805,0.2767651175197283,3.0330089182128517,0.5004075317408249,0.6849344545868646
center_g15,173a17,poster,0.35402670110111006,0.3847971892726474,1.8182130669589593,1.0866273329383587,0.8100518906658517
center_g15,9eb11f,web,-0.07729578142783472,0.15145028068744967,4.154222959003941,-0.0016326766575642216,0.4856790037481101
center_g15,7d53b3,desktop,0.13176648366152444,0.26625671707806997,3.1993681427905143,0.29148690448912107,0.5515396096776441
center_g15,5305a4,desktop,0.1436804620054804,0.22025579118362634,2.15511620896977,0.6062085679806051,0.8014482913779362
center_g15,f1f741,desktop,0.2736770648202098,0.29068927546956846,3.5091954912033465,0.9593541566801981,0.6884354113545058
center_g15,0c51af,desktop,0.04697373624944,0.1504495383235105,5.275226940964075,0.18456173881251361,0.5662249884234221
center_g15,ea39db,desktop,0.009595016641895741,0.14111120074652422,5.606699512215954,0.012106467031131067,0.5128790346048615
center_g15,91ce42,desktop,0.42027504706014096,0.3760369579948646,2.9621399989963435,1.362541333995037,0.7448158641923623
center_g15,786754,desktop,0.12067436417404685,0.2196224833164267,5.5991196545900435,0.4463988547378694,0.5653383021129254
center_g15,b37071,desktop,-0.030410605455195645,0.11155721207156565,6.977200804584687,-0.07177139965002106,0.5025719470390541
center_g15,32cce0,web,0.22477469388117063,0.2824251183589526,3.1448761592580823,0.6449770358431176,0.6749133689792217
center_g15,a4ac9c,mobile,0.2948109102219903,0.3595631893422294,5.122004217642593,0.8213313844284859,0.5642412984947263
center_g15,ffde86,mobile,0.16087255085769753,0.25387896236161706,3.9855792667228074,0.499186867348011,0.6776892668350563
center_g15,83b886,desktop,0.04309399941284574,0.14863531041510294,3.1662628926026057,0.08551316954054226,0.7183955091827984
center_g15,2e122d,mobile,0.004383786957967989,0.21709317886392152,5.284112986137643,-0.0781502809237377,0.5394702835244062
center_g15,9951b0,mobile,0.08884761219200113,0.21881243589637986,5.9117654236891966,0.143117455660106,0.517619404369973
center_g15,5e22c9,poster,0.32721161571238816,0.28839605312810124,2.2609043209181685,0.8022932420200947,0.7476238331266672
center_g15,249820,mobile,-0.0243806855720147,0.17892633512886902,4.791791447506916,-0.1552161574114515,0.5509272057114042
center_g15,af423a,mobile,-0.04733561138263298,0.09360340090514765,9.403346611588585,-0.15885575758099207,0.27822202870290824
center_g15,c3cd6a,poster,0.021058966317175538,0.18596816306750372,4.369354683951452,0.2298877855694797,0.5525172010339615
center_g15,0cf59b,poster,0.029017910060128577,0.16383390174812296,5.36293422213714,0.050001270415562626,0.5955844384023611
center_g15,1c375b,mobile,-0.16677661677908368,0.02709598030233262,6.844956410638764,-0.4183956616763653,0.42194252740551197
center_g15,b32bc3,poster,0.45823184102509806,0.40527997403593646,2.3740955047449828,0.6434582073127865,0.6395030350109618
center_g15,5b51c9,mobile,-0.10723866898424667,0.04463465936559694,7.629132044011101,-0.3755483550327994,0.4364060022742877
center_g15,3a564f,mobile,-0.07958450780729179,0.06319848485077681,8.306857433706796,0.14326176832319237,0.4171745481152801
center_g15,ed292f,web,0.3878171126617908,0.2919608267263588,3.129868663335427,1.0694463363343738,0.6062513672585506
center_g15,08aaa5,poster,0.14312628471746738,0.19386467868866336,2.3445857004317974,0.7624819767882209,0.8091697089782326
center_g15,8e467d,poster,0.08093009174910479,0.22776077470542466,4.123329087529333,0.14582374185033498,0.5455087785174204
center_g15,7e2533,poster,0.27263175133206297,0.26051794789402954,2.5276241408099187,0.9112916799278754,0.7588761266142389
center_g15,78ddbd,web,0.2120462663659548,0.29657202458184556,3.311294555326417,0.3998401468368921,0.5978593522441983
center_g15,4863ea,web,0.11309994808692808,0.20800244616786195,5.142630454359705,0.4108840672130716,0.5794134708823712
center_g15,60caa9,web,0.12277439855190828,0.19781662399464717,3.213373057254207,0.31119428931369936,0.6484407392846006
center_g15,164cf7,web,0.07307508830702131,0.20987901289152613,2.679632114145856,0.18446753309029082,0.672505435175566
center_g15,e84796,poster,-0.021045163483735675,0.14071128552073137,4.540489583210707,-0.0963285550412485,0.6115310497318126
center_g15,b0c3be,web,0.3700873220243901,0.3857809682475319,2.35305404138803,1.1678122821727839,0.747588928830175
center_g15,efddbf,web,0.06127986540772981,0.19935339644575276,3.877375754250595,0.2231940481420394,0.5800652286564248
center_g15,5a97ec,web,0.5024088755147251,0.4156574604753407,1.9434460615517244,1.8855586336586545,0.8445423593795348
center_g15,bbd445,desktop,0.33322990888936677,0.3393400521370919,2.4033560290459284,0.8479582205720367,0.7132031496391982
center_g15,afc676,desktop,0.6669695077196931,0.5413428395638624,1.3249321253600823,1.9143503252196385,0.8364535326451523
center_g15,5a6efa,web,0.2016448645762395,0.24501585358027095,3.78344210318632,0.6869430037550663,0.6756620610471388
center_g15,b5d3ae,desktop,0.6154614721834509,0.5010266390635062,0.9792899113413573,1.8659486198195596,0.8677491756270549
center_g15,0e1dea,desktop,-0.027186403790656368,0.1800983624444005,5.259469832394855,-0.08821873493304012,0.497175810538368
center_g15,b96ba4,desktop,-0.10996988325479623,0.04411181799083784,6.771787233713781,-0.31896749290553766,0.5232496255269913
center_g15,363885,desktop,0.38278797391967984,0.3404761014508133,2.5587530914819805,1.1804545691012647,0.7784337145492471
center_g15,072634,desktop,0.4229784574398,0.31619047358275343,2.4214641200688707,1.1885799081097015,0.7471160222538912
center_g15,00b3a0,desktop,0.09502151103217314,0.18005665252704928,3.546744759411829,0.22800953724918366,0.679439546390191
center_g15,d3d0eb,desktop,0.5167370136697887,0.3852488200039589,3.0201319549624888,1.1493677901623398,0.7422176649943579
center_g15,e663f9,poster,0.1364263288066267,0.28437200500033766,4.478025647867828,0.0537246471054126,0.5042989490264611
center_g15,69df54,mobile,0.06881002611730726,0.21321989851228013,4.193524046162564,0.2768806823048159,0.6036669221877634
center_g15,38a251,mobile,0.22529861952110614,0.3179565924835046,4.133116129936552,0.6095428785582276,0.627193735758509
center_g15,e64eb8,mobile,0.6584222217533389,0.4942616358254964,1.931206652848869,1.997756899558937,0.8105634578975384
center_g15,97c1a1,mobile,0.343849295954749,0.4053011774087599,2.571360138800242,1.0423066958086378,0.7573359810636188
center_g15,624c91,mobile,-0.03871301367169213,0.17528645544719074,5.103267584007791,-0.09460437034612253,0.4829022101637034
center_g15,ed3849,poster,0.12194527274348135,0.2266776046408219,4.355561478898967,0.3138417872886001,0.5635902874154405
center_g15,0b86e9,mobile,-0.05606655252922377,0.08458235745062784,8.354241528270412,-0.2269706044049236,0.30796774027273305
center_g15,fc9315,poster,0.27003825865874387,0.358623039740695,3.03582776310495,0.7236655008259255,0.6834135623077334
center_g15,699734,poster,0.14981917268989298,0.3037466212033438,2.4582731555469923,0.33704662465559576,0.6677935248010447
center_g15,661898,mobile,0.29541523544203363,0.33868802934090037,2.269400726963504,0.813418336162427,0.7692451798152911
center_g15,410cbd,poster,0.40513845011648014,0.4268291718437842,2.9122179111863726,1.5417816840793015,0.7342787807806154
center_g15,e9f3a6,poster,0.24285258333022317,0.3368145135733805,4.138643671789309,0.5049697001115772,0.5265067928740745
center_g15,90181f,mobile,-0.048095216370485715,0.18224221881044256,5.331445000589245,-0.018406188001986387,0.5502791900402189
center_g15,90032b,poster,-0.028498286584697285,0.14300325117306814,5.80896770425394,0.027652824446542615,0.4812865722527883
center_g15,1b0094,poster,-0.015399601216924505,0.16831927628644844,6.426575003910908,0.09797393362203861,0.44642414793839474
center_g15,86d1d4,mobile,-0.05048092740664775,0.1382228300293341,4.5054168542144115,-0.10311551400993506,0.5691200868131128
center_g15,2f0568,web,0.16342779956988876,0.28780569669444134,2.2928014356597566,0.44843383481412374,0.7035665671876106
center_g15,e643f8,web,0.3560355967688622,0.32596906971889184,2.078877334231196,0.7590347911820998,0.7403469719025904
center_g15,78fccc,web,0.11137481421846587,0.22550244804570924,2.8803650664563194,0.3354961295605511,0.715115191205539
center_g15,d3a405,web,0.4334244975722859,0.4095710869714833,1.4943922771687366,0.991332859648962,0.7438129033653729
center_g15,81627a,web,0.14233605828884693,0.24481282913205624,3.9273676968724938,0.31242329946490377,0.6296816359488756
center_g15,7c8c61,web,-0.0417127215393068,0.07963909636065858,5.654543060291985,0.055836966465360564,0.5243116792544504
center_g15,31eed9,poster,0.5521015775966625,0.47332364261273385,1.0271584976601646,2.0633638648496957,0.8653775463793801
center_g15,b81b5a,web,0.268090923821099,0.27915798332182057,2.143476101843322,0.9252045549214419,0.7812190503567866
center_g15,3b4d85,web,0.1588620352394508,0.27094760096514636,4.595868224128434,0.3898555042745315,0.5727106198529459
center_g15,95044c,desktop,0.4074934573035308,0.40253947907681253,1.6860743619479055,1.148047483479891,0.8241940885721155
center_g15,94bf23,desktop,0.08759464614727466,0.2004310059059093,3.642240938731534,0.5536688808381862,0.7200325986600357
center_g15,a752c9,desktop,0.18408049944490687,0.2009214062772193,3.330004192299661,0.7001343646317024,0.7238505676410589
center_g15,1655e9,desktop,0.13858113415823092,0.22014453148670232,6.017813017389714,0.4242144563843372,0.552171983221007
center_g15,61a325,web,0.14584420352261662,0.2218618904059747,4.160315844965656,0.3072441649999156,0.580426602420534
center_g15,5fd00b,desktop,0.16300786854953958,0.30438252542233196,2.152055318176768,0.367440875350556,0.7379777884655665
center_g15,4238a0,desktop,0.5204300093342433,0.4298904942782258,2.8779003301110557,1.023420821823861,0.7076440667670767
center_g15,6177fb,desktop,-0.07141732135753343,0.10676371961943126,7.625017713676095,-0.13768203484994077,0.41174113750413743
center_g15,24f619,desktop,0.36151328471209426,0.318412159997428,1.6390856397758726,1.0411307789281432,0.8370021032125465
center_g15,7142a6,desktop,0.41171592888915165,0.3419859705808285,1.5865898111538237,1.9759466745574956,0.8713047180006566
center_g15,a6f08e,mobile,0.01831426310073176,0.2232602796700882,4.928876954226651,0.035906671234942775,0.5200767559316049
center_g15,04741e,mobile,0.24253946023107342,0.3682175867012185,4.74340638882501,0.6088904599874614,0.5521419234009891
center_g15,cf815f,mobile,-0.09085612922548572,0.13036396813558973,5.20629994422634,-0.08881737542218668,0.5116261571060439
center_g15,6bc1d8,mobile,0.06278967511887018,0.2485418318018735,2.9832417594342804,0.09800078846434108,0.6935627482507012
center_g15,13642b,mobile,0.06224647800344039,0.22422107774819333,6.0838734144239375,0.24471571672167053,0.421231978918856
center_g15,3a98e9,mobile,-0.13214033417207657,0.08386517328343246,7.0816601734078235,-0.306890683581757,0.3871838277003406
center_g15,bf7fae,mobile,-0.046061314682716376,0.09445623637618174,7.325048365860493,0.09384642697149258,0.3992418510104
center_g15,e82dd7,poster,0.1446108426294957,0.13763440797107046,3.120030106337763,0.4018260754970597,0.7152691902473085
center_g15,9a69c1,poster,-0.1230252342313123,0.08501323140100013,5.005950795141625,-0.3452199112501613,0.5141985930749202
center_g15,297a9c,poster,-0.1451094584912643,0.010051654398068915,8.927980739863202,-0.41012099462002993,0.29799811008025523
center_g15,56669a,mobile,0.039496308267577274,0.21484919062483449,5.0098055558368335,0.05018222815788138,0.5216922954835802
center_g15,9f1d52,poster,0.11030905178487727,0.2461382932343273,5.5532142990707225,0.2612567263298031,0.49892530112342737
center_g15,b3b08a,mobile,0.46132062443070254,0.3912071643200047,1.6982976774248795,1.0012625864311377,0.7715954254385448
center_g15,4f5fe8,poster,0.018213210973203886,0.20189431867919444,3.5340908682138874,0.013992458696079083,0.5855064487056387
center_g15,cae3e9,poster,0.044676947290178855,0.21877553796449814,6.3853694690793725,0.0899214646253994,0.5015577474389471
center_g15,29b4ce,poster,0.06160101124750666,0.1773165733360666,6.867522227713487,0.037081051548471515,0.40322264076960385
center_g15,927a3c,web,0.06270914333781952,0.22025034349560382,3.743423262740891,0.1336925737446015,0.5466480987465995
center_g15,ae747f,poster,-0.0955644733193495,0.12110701628452525,6.381146608226637,-0.0370810696527783,0.49926067684549275
center_g15,83f4bd,web,0.25747705285200506,0.33365741446758856,2.7708653943508166,1.059026541231057,0.7511639118446086
center_g15,05dac7,web,0.26165951966463524,0.30610594352523324,1.578428312712722,0.9748553030071688,0.834942486217056
center_g15,9d7510,web,0.06438956849651173,0.20806947760111758,5.452971336711402,0.24496950280188876,0.5522461086134262
center_g15,e5a7be,web,0.14336693585618415,0.19637561388970098,2.4338866264781744,0.7535033946314248,0.8097214911944886
center_g15,ed473c,web,0.11779975597212461,0.23941971337995283,2.8788433326828065,0.2553035926893902,0.6260998520639355
center_g15,b5613a,web,0.365571843009185,0.374594726315402,1.9051240637185707,1.1608507930177272,0.7806309876612015
center_g15,12be73,web,0.19927535849996011,0.30152370321438926,2.8385454518134594,0.3908137650537727,0.72259827314234
center_g15,0b777c,desktop,0.18943554122229944,0.2835296156444591,4.040932337826575,0.3713570069114032,0.5695450178522181
center_g15,eb0400,web,0.2719091064580534,0.3094292361420988,2.210417884364127,0.9380499613072091,0.7583803045998102
center_g15,aefb83,desktop,0.024858405303455046,0.1341485163926526,8.418200998622106,0.27073079104764636,0.4971210965439473
center_g15,b889dd,desktop,0.17193534648776637,0.20330451049026316,2.7473113846489166,0.5704540921910144,0.7567153566406837
center_g15,e864da,desktop,0.001243495666754435,0.15334127937444286,4.095703507471167,-0.09727110728489528,0.5933808650845315
center_g15,a46e4b,desktop,0.13029695004161046,0.2526736939573302,3.1777669821140146,0.5622669253137612,0.7664089108370684
center_g15,6457e0,desktop,0.0310559129184542,0.1533803281912834,4.300080649822554,0.04463751309889785,0.6717306738077924
center_g15,c78cef,desktop,0.11292889870020345,0.1523465748110482,3.0145660504844183,0.35366283600344917,0.6841513706517988
center_g15,bf4440,desktop,0.0586155353101774,0.17516549338046147,4.2252028983776455,0.18916016397599356,0.6457319556571182
center_g15,1dd3f0,desktop,0.04032889753786044,0.18590270043299867,3.599214207824935,0.11217442843925658,0.6698040164446989
center_g15,298ce9,poster,0.5231924144248126,0.5060184804432448,1.3144368830254007,1.198062068379839,0.788776638696925
center_g15,10c4f3,mobile,0.17686795641665964,0.24182766718318202,8.608041714453675,0.4249766500459455,0.3924881221829728
center_g15,7db957,mobile,-0.018046454670764336,0.1310169103145643,5.320015470918729,-0.05107660527862576,0.5182073480840885
center_g15,aa6f23,mobile,-0.1888771871376823,0.05915805642207923,7.168150474065117,-0.3931957886628517,0.39864242407565065
center_g15,49b3fd,mobile,0.14252056079890288,0.31573381836575626,2.557615475618271,0.18452948305374942,0.6879898745617248
center_g15,5d47cf,mobile,0.18026226562084785,0.2785136893920379,5.018135931543631,0.4330261658596705,0.5737744183301877
center_g15,da1a17,mobile,0.06934415632456434,0.19443368609488373,5.574932549179791,0.2306433643834078,0.5232975790798595
center_g15,88c36b,poster,-0.0346143745616731,0.14767392270385388,4.429506185400589,-0.16025964098177534,0.5146094813855224
center_g15,2711d3,poster,0.1295444486619392,0.1808807865369308,3.8748023421281492,0.30794771399793547,0.5892186905506782
center_g15,d7beb9,poster,0.15960696695324977,0.2299156712166512,3.1699160460660636,0.1980000930983424,0.5964946528865419
center_g15,6975a8,poster,0.24678289994825253,0.28130774063787095,2.42151030487017,1.0984248332234405,0.7320599145167521
center_g15,a886c5,mobile,0.36201933212334564,0.37790800879201225,2.545966162850268,1.0516139644477687,0.7777069379942076
center_g15,378c6a,poster,-0.0714097148446505,0.13021365870814758,5.382192221529724,-0.2416644500011636,0.4497567348691348
center_g15,8f0277,poster,0.45436792021697603,0.3289446185031735,4.8705163108383935,1.401832312843169,0.6927420328385901
center_g15,b6c589,mobile,0.17222541428998384,0.22856321795851078,4.420393245115736,0.42250349480428057,0.5972281392071197
center_g15,a8e85c,mobile,0.03903114451244438,0.1724463836908823,6.8398616624423285,-0.0433906362542853,0.42688707636293277
center_g15,83df37,web,0.5618113600931429,0.4095747083774504,0.9863654003003565,1.7988121775414152,0.8753847598601817
center_g15,8bb83b,web,0.2372387314173416,0.30770833875772513,3.514111371971689,0.6717210171340543,0.6654683830973959
center_g15,0f5056,poster,-0.01097903340684386,0.13306461195088135,7.359932257080466,-0.00811284738900511,0.4171186213868551
center_g15,385881,web,-0.038613476929599586,0.09065664630299783,5.996920013605861,-0.0687383584008615,0.5131481083513575
center_g15,f51c26,web,0.054548078724496615,0.20892167361861466,3.4629099156897243,0.33365930788883763,0.5877908264591948
center_g15,c7af8c,web,0.12664557238055696,0.2025680773614286,2.5683668068139416,0.46676034844022873,0.7772062708631733
center_g15,dba9fe,poster,0.12236732518444429,0.23224681947517464,5.234051612697332,0.4617471131903465,0.5951095411659385
center_g15,baf38d,web,0.013796096722795543,0.17048776534934285,4.912268696841205,0.1571402168623482,0.5690683522251707
center_g15,d6f09c,web,0.19736940074143008,0.23312686172900024,2.1590682388821727,1.159494995242931,0.8596092068194044
center_g15,e84071,desktop,-0.1442193409550862,0.07011295211623307,7.31761306449898,-0.3699538345478543,0.401722210808484
center_g15,302489,desktop,0.25521533613756714,0.3048711441787152,2.1411696717980844,0.9242114329162412,0.8218878600823045
center_g15,631570,desktop,0.008759674998743538,0.1522751916259579,4.390423988782005,0.2072217285413522,0.6512244937157503
center_g15,7c5f79,poster,0.006450207309353943,0.13633214864962084,5.006632715145114,0.20983404221309662,0.6161333454748709
center_g15,02622b,web,0.14488555314345652,0.20466392805442227,2.510529645783408,0.6978938673350554,0.776390992739084
center_g15,d7049d,web,0.028187790198647734,0.12070628131144644,6.1115810716706855,0.1386798015701208,0.5586020533151103
center_g15,b57c53,desktop,0.4548488996987682,0.4143408645139744,1.6207752681302154,1.1112171029730145,0.81580499592812
center_g15,3a9ac6,desktop,0.0932269049976461,0.20298278794978863,6.953945295809879,0.28660247981176185,0.49696587985390994
center_g15,f466b1,desktop,0.27587511437328105,0.2860561741161909,2.2723235563688715,0.7788750026215174,0.7361511647681602
center_g15,425384,desktop,0.25921305652634946,0.2813149033998892,4.660086066642592,0.5208853867958048,0.5845308999721268
center_g15,8b14c2,desktop,-0.051822993423880165,0.1481847977142708,6.116909928861316,-0.1274315116988207,0.510396322284792
center_g15,cfa83c,desktop,-0.02574224677474736,0.12799680345603381,6.371427210610704,0.0972644711603274,0.5377035707383178
center_g15,501b73,poster,0.02778047468257807,0.2223768184511977,3.4685138995727147,0.09350056953261124,0.5616246424047003
center_g15,70e38d,mobile,-0.04974106981513822,0.11635940589028246,6.528183029616527,-0.06272755098504161,0.5309974135735747
center_g15,f657ff,mobile,0.004274485475278965,0.18912010451259365,6.060360997953654,0.10048868012840013,0.48608640921980784
center_g15,15723a,mobile,0.3438979678766103,0.3379751059522985,3.4710122557182275,0.6212713689541549,0.6511852678289258
center_g15,01e2cd,mobile,-0.10217331045495466,0.10156403534060612,5.842123200532091,-0.24862287296847696,0.4915475005177795
center_g15,906fd8,mobile,-0.02458890592800904,0.11226307432782544,7.6880074662720315,-0.04359808156717978,0.4030547587990131
center_g15,8afe09,mobile,0.09756305806045391,0.23986733303320584,3.4161017479454365,0.15011694533631836,0.6124780543028523
center_g15,91b2d6,poster,0.18860532089405657,0.21390631676920102,2.766141492283386,0.5030350613777068,0.7243069599896457
center_g15,d73e0e,poster,-0.03202445727964051,0.22334530437512498,3.035815966480179,-0.0368889723095495,0.5949575008604088
center_g15,8b4008,poster,0.4204244155064558,0.3634276737860282,1.9842763322471302,1.0621827965046313,0.7029214488417272
center_g15,f4641f,poster,0.3456357359256301,0.3914111768866626,1.7419170229094498,0.6481394742518818,0.692598884293467
center_g15,949f72,poster,0.26494836691391854,0.3849389771614037,2.269927451966719,0.6302623304756797,0.6819750690219731
center_g15,d073b7,poster,0.08294604458721647,0.2290579053821771,3.8737126409968456,0.14505373114317271,0.5581823505532006
center_g15,c1ad1f,poster,0.22242031366485882,0.2967932588994026,2.2980684304439403,0.6138956055335473,0.6957497130260566
center_g15,4458ae,mobile,-0.06190755206885553,0.14244677614350987,6.441030560580455,-0.21148094549871777,0.42205863179470826
center_g15,dd9efb,mobile,0.12195457064046944,0.25980863662255405,3.0517040752037854,0.2562413481546996,0.6826363035599362
center_g15,233a4c,mobile,-0.11504390161234432,0.08776146143106008,7.514583536557775,-0.3015781572380294,0.3840476428094637
center_g15,3930bc,poster,0.5854339872394186,0.41546098780370344,1.1596515183678897,2.2120524229573344,0.8877074292568087
center_g15,83ba29,web,0.16019340144469907,0.2458759710114288,2.560127080054684,0.7535454777240475,0.7756163758847167
center_g15,25acbb,web,0.1149329346276731,0.21343384951986472,4.038051309992111,0.3364397700084984,0.6304139199566834
center_g15,224be3,poster,0.11267904692300054,0.3061285541406697,2.248552140323189,0.24568137735678536,0.7321813985775073
center_g15,314e90,web,0.16327685355384353,0.3364615932155468,2.78331927728094,0.4558192283989304,0.6562491818198233
center_g15,660b15,web,0.14745475814988118,0.2529503144260458,3.148693227650149,0.4579513784084213,0.7037902509292701
center_g15,a8a8fd,web,0.13167750720836077,0.25104927754804285,2.833526799850786,0.31750065835262065,0.7022580087942383
center_g15,479d3c,web,0.11995449247584844,0.25494526964690617,3.064307099574123,0.49337808738290256,0.6597398001736772
center_g15,2154a3,web,-0.09229553185571865,0.08731443920335813,4.258196194362524,-0.2770870973479671,0.5420380852839706
center_g15,d499e7,web,-0.11085727107279598,0.08526125132400138,5.148842900673326,-0.25193478489385057,0.4725125566866774
center_g15,61a9f0,desktop,0.22739971354888716,0.265691766794041,3.414817567762749,0.7367748421399276,0.7233322664295383
center_g15,cd1a8e,web,0.3452003711547783,0.37199452265547817,1.3775315465369087,0.8899150376769328,0.7901833173358038
center_g15,48a5a0,desktop,-0.08027218768186019,0.07636741861303481,6.66251648173097,-0.24544075408124116,0.40698662241311784
center_g15,33eb5e,desktop,0.3082681755701382,0.2946829273466064,2.886253102523093,1.035636069933222,0.7676199963906463
center_g15,a03205,desktop,0.30211235958703164,0.2678932474137839,2.706050356571928,1.1924348338325104,0.7034448536278866
center_g15,5dbe49,desktop,0.2590802533113187,0.33862101908785813,2.444783338865583,0.645688422420358,0.6724461621103488
center_g15,f4c1e4,desktop,0.23919803864775896,0.2911537775861619,2.441161429921537,0.687971822658334,0.7313906931029882
center_g15,c2db26,desktop,0.2568752122689689,0.32730592836050243,2.4332915991889195,0.8009530708580482,0.761697511559641
center_g15,e07498,desktop,-0.060629112983975345,0.08792663694233566,7.647473767319059,0.13839499741008784,0.5680940296892676
center_g15,c05cd5,mobile,0.028658160166021185,0.150516235368593,5.443297495026233,0.05111743548170705,0.5536251401464675
center_g15,11f8c6,desktop,0.28272709363677256,0.33444537470754976,2.0123184041559465,1.0912623523833445,0.843425954095755
center_g15,ec6510,mobile,0.1212552406198758,0.2695555113396573,4.001539647111144,0.5651018358451858,0.6549080066781549
center_g15,cdcaf8,mobile,0.2569238118201723,0.29118520083771887,2.861818290338304,0.4412241199762616,0.6509006947256575
center_g15,cb23a7,mobile,-0.13405140318188521,0.015038340262371715,7.223871692063352,-0.4232036870022456,0.4015786903427955
center_g15,2ad467,mobile,-0.06314237382443982,0.12179141698146696,5.897059965617882,-0.15173599737619106,0.5532813175838504
center_g15,b65aeb,mobile,0.048616916479534616,0.23707715689904452,4.534032821687491,0.011087005339150817,0.513903624326282
center_g15,2fdaaf,mobile,-0.051565297848059806,0.14871114369199978,6.364590395406997,-0.10293288591224772,0.4948724490218249
center_g15,00398c,poster,0.04841283218353633,0.21422091997350695,3.2619640938007497,0.040415358505005765,0.6121078099149767
center_g15,8c765a,mobile,0.3111908460103246,0.3392071766782145,1.7866746227082682,1.0024489845689282,0.8173761525057011
center_g15,5fcb22,poster,0.09593062902368635,0.2213632910184874,4.039550734930077,0.18759073393465006,0.5869237908710468
center_g15,35c59b,poster,-0.06037244649721939,0.12080756202391502,4.294210203079304,-0.20682825125395282,0.5155950677187191
center_g15,955a79,poster,0.056814133105778084,0.2235053148066662,3.015123949870475,0.06454098429305709,0.5432209200351215
center_g15,ca49ac,poster,-0.09219755490437428,0.11686481035804994,5.9407392063493285,-0.25946108538032675,0.4652804287888772
center_g15,7cd2e0,poster,-0.05041658702446074,0.08462536390840462,9.05587334900893,-0.17695063041263612,0.4493885740935305
center_g15,ed727a,web,0.16199735187365455,0.24406575085785812,3.1178472654458407,0.29149181532650414,0.6311489011928786
center_g15,0c11b6,web,-0.004275304567048863,0.1512903788580336,4.805567651356209,0.14305975118181674,0.5724953561283559
center_g15,e5635e,mobile,0.11525324791635513,0.21959384584651248,4.252435530548609,0.3584900553190792,0.5944373446796885
center_g15,26781f,web,0.09697340847402033,0.23180612145341956,3.4872733152896322,0.4469921086766106,0.6024085418744024
center_g15,3eb8f9,web,0.5334965932171151,0.441115689243635,1.2587373910102921,1.5832610696051526,0.8510318360773763
center_g15,193df9,poster,-0.08532865772997392,0.06822768219771427,5.749954116533001,-0.31762700093288765,0.4897429717588182
center_g15,ecf627,poster,-0.13815220330896574,0.07227064624098228,8.044639795208212,-0.3629254146771611,0.3303949766241697
center_g15,f50e6b,web,-0.1112378243187473,0.05030324175533997,4.268739537159747,-0.4051332997615033,0.5180966032814409
center_g15,719127,poster,0.0931845003609158,0.22767425545861025,2.746952096653125,0.2359516487681129,0.709695240935169
center_g15,74afe3,web,-0.11631082830305427,0.02447395863088119,7.315726645907009,-0.3657122429592234,0.4554292446051782
center_g15,54bc51,web,0.04054447877835212,0.1982915792118262,4.528794059506304,0.3125396047931783,0.5587298294851537
center_g15,5f1d69,web,0.1683018019050539,0.17334075062044907,5.051399330201517,0.7286885541892667,0.5960231104586914
center_g15,c9fe43,desktop,0.08586854836408869,0.2371059816033036,4.585610047628853,0.2633340888784336,0.5792856902857416
center_g15,50ebe2,desktop,0.139199368426906,0.2942634859457316,4.441676029164136,0.33472865000447155,0.6103593116145816
center_g15,901003,desktop,0.38860559851044796,0.3823649594608022,2.385826604839035,0.7774935416057357,0.733177784859609
center_g15,cca312,desktop,0.01724568085805164,0.23390334389824796,4.264120393549509,-0.03930568988060372,0.4929823136199498
center_g15,c3709c,desktop,0.27225243636913943,0.3683982100021169,2.0088132445012143,0.9077082124018493,0.7957490748366624
center_g15,0f8ece,web,0.40680700785052737,0.3624329233072276,2.06353875982565,1.0377280385611427,0.7782151748612895
center_g15,8ed8ac,desktop,0.03337653737619697,0.21968193496875552,5.695258403440562,0.20314448775869243,0.5449169101327611
center_g15,57f74a,desktop,0.3245128795408126,0.3481653804129925,2.401848031722623,0.549180152287607,0.7194264575944876
center_g15,7f9e3a,desktop,0.39599219884306036,0.37422214568566736,3.6592252410139094,0.9521190496245837,0.6594613213728798
center_g15,15ac57,desktop,0.6160388351238313,0.4978827509843292,1.2571135923451195,1.5626609179149513,0.8167332777785405
center_g15,efb9d2,mobile,0.08620301676514089,0.21578617072995945,6.21018882507556,0.1868678403760677,0.4839260557862901
center_g15,ea3c8c,poster,0.04724496825948278,0.22408877780203135,2.63730402101001,-0.048452302360628904,0.5622528542135268
center_g15,c3f5f9,mobile,0.0347668474478183,0.27096308378998657,4.910375503520377,0.09182974569899041,0.5371744294255493
center_g15,0a0c95,mobile,-0.04719777898281272,0.12363965961780046,6.980719791857735,-0.02101613920301116,0.4567267395490295
center_g15,533daf,mobile,0.11185026155853803,0.27099662383518386,5.234803651680371,0.2695572645046545,0.49835092024535743
center_g15,4d0fc2,poster,-0.014832090075629446,0.18510188996832766,5.36744487317348,0.07062568100585581,0.526559315027037
center_g15,3d29ac,mobile,-0.1729255029327338,0.12891179367652883,6.009234554724839,-0.32026498692110467,0.4420274148275398
center_g15,af9990,mobile,0.118776310706335,0.2805217392647923,4.780662057488209,0.3162746034529621,0.5387593258771571
center_g15,0ba80a,poster,0.6264650676713277,0.5334305099724443,0.7499171733020877,1.7137324986884364,0.8621715303359663
center_g15,da75d3,poster,0.16172905843834218,0.29927363560262765,4.336717220379173,0.28539327191906877,0.5500332422178068
center_g15,aefca8,mobile,0.19201416567311597,0.31522645190780413,4.384805126986685,0.40904280828038636,0.5607407070543589
center_g15,58033d,mobile,0.07023699811462254,0.27842214073834387,3.776164891432558,0.16458924250885526,0.6396328772998754
center_g15,50802a,mobile,-0.10241259467218933,0.13874276956710427,5.943655655156554,-0.2054846138387307,0.4671148143156457
center_g15,c4be71,poster,0.035546491579875134,0.2737949867299776,2.4753458818337597,0.15335512654801978,0.6234753142352422
center_g15,f3cfac,poster,0.04379090405773807,0.30543048042908677,3.6340887882739508,0.18940937593318516,0.529687985889263
center_g15,8f64ff,web,0.18795896900440107,0.416355486832667,2.3273613137811067,0.3062360775327093,0.5937694033067402
center_g15,abc926,poster,0.0044377200161783295,0.17085625148429337,6.7339856681081045,0.08513291578770164,0.4669840613270444
center_g15,de022a,web,0.3867756261212515,0.3958857158675129,1.7339261828154848,0.7524086012510399,0.6824046717469096
center_g15,25426d,web,0.3266418514527415,0.35494148465767705,2.1637708465364036,0.6829637223058669,0.6916095993979449
center_g15,0950e7,web,0.10556668591676242,0.2295938873520067,2.780468757097977,0.38771312933713786,0.6973839979541074
center_g15,aa24d4,web,0.10405249846418657,0.2601052109896076,2.881525371752954,0.3377687405500066,0.6506585503266664
center_g15,7ace2f,poster,0.05664160907875218,0.2943966885185004,3.570319511652926,0.09798888213216722,0.5699892546171855
center_g15,e9b913,web,0.03430615334228933,0.2068710060602539,3.933443779690838,0.15078388808352655,0.5523785123023621
center_g15,457230,web,0.23068803720174896,0.3370457299196681,1.9674993175734032,0.788689329041682,0.8024013259320925
center_g15,72e45e,web,0.011781629811360255,0.23885344536797704,3.746877356727201,0.049710303416757765,0.5478888023954065
center_g15,f961b1,web,0.06821590849221042,0.2317315808308973,2.903134336164934,0.2904189939245671,0.6936007437169431
center_g15,c71a6f,desktop,0.10224237724143187,0.1955118197639053,4.505619931862618,0.327647301756178,0.6313804648375749
center_g15,673d4f,poster,0.1833332812988273,0.29478086803406783,3.611274348262484,0.328488535010417,0.6162747022347753
center_g15,c92f85,desktop,0.14951459245172005,0.23829621527562944,3.168018070385958,0.5715465723038567,0.7080190857796971
center_g15,f1e0ee,poster,0.4951657946628483,0.4702967313239116,2.0214424968352933,0.9434482029468364,0.6536553134093348
center_g15,1b984b,desktop,-0.06562316755533981,0.11063488638626634,6.270242007873856,-0.18095827643517864,0.3940650347384258
center_g15,244817,desktop,-0.014338792993311453,0.172860028850419,4.2567902253515,-0.07070590497710279,0.6137940422777901
center_g15,d3a241,desktop,0.4480085557594752,0.3135756965331827,2.969122581510373,1.5908689909147677,0.7493467935900958
center_g15,b2c74f,desktop,0.058500764546359316,0.16643357247318885,3.1002628966479193,0.4191955286995439,0.7952135508139732
center_g15,df67c6,desktop,0.042006284041245366,0.20406523028064721,5.399974456948886,0.24298357428246672,0.5941372491063869
center_g15,b2165e,desktop,0.11479854026059852,0.19744748859859834,4.263993942026292,0.3193901975183802,0.6531943721536956
center_g15,244dfc,desktop,0.27484707814306153,0.25626527513536396,3.98709541919315,0.7651023394040999,0.6480078055379672
center_g15,3c465a,mobile,0.13160696127742133,0.22975756493459032,5.970118950392534,0.2578330982532716,0.4857633841394514
center_g15,151d2e,mobile,-0.0458181392256605,0.16376002037266835,6.821484684681282,-0.09185282794516532,0.4131548226086896
center_g15,9620b2,mobile,0.22864248638694867,0.2920766555146686,3.238623267316768,0.6534411261322733,0.6303867999946864
center_g15,fb3c20,mobile,-0.10891172147620509,0.07475796073634988,5.387746638053365,-0.3462239199772247,0.5158792849860542
center_g15,abf2a6,mobile,0.08592662146839175,0.21398802720969773,6.096485670591331,0.27797527572189884,0.4470670534174829
center_g15,614eae,mobile,0.3892898976803223,0.40433470533420773,2.183319848692846,0.7575751798136435,0.7134172807233106
center_g15,bd8797,poster,-0.021707671859811938,0.14843031437971588,3.3736602005197276,-0.008370277983732386,0.5975065980397576
center_g15,76e1d9,mobile,-0.08326973425146825,0.13702557366451945,7.074875326243238,-0.17951154255223264,0.46913539297526935
center_g15,b9d4f6,poster,0.057673448613858216,0.1792044297761755,4.194216747429229,0.2890809612079566,0.7061396201620751
center_g15,34c262,poster,0.25649375294101096,0.3472387343137477,3.30708236801322,0.4393038706571309,0.681813419808206
center_g15,091ab0,mobile,-0.017674678199830436,0.1972265550715791,5.85540366802256,0.006889193941259505,0.4813894564755587
center_g15,bca872,mobile,0.08672879811956172,0.1895639192441811,6.243233052934098,0.2366265193837288,0.5094313301426552
center_g15,964f81,poster,0.16304206275138597,0.29361644289366445,2.5892589928250724,0.48989826100076456,0.6849971347500137
center_g15,ab56ac,poster,-0.08308770023021127,0.09970438629482034,6.863029601589247,-0.24280533742186491,0.4883601762231866
center_g15,9e069d,poster,0.009263386039705862,0.16753080668123216,4.507196019183756,-0.021206553847889168,0.5189247008488537
center_g15,1a27f3,web,0.1538172826471273,0.2410534583679574,3.799928473518375,0.40425469620109983,0.6381147537185278
center_g15,d1e801,web,0.2647566468716458,0.29658437836077267,2.865460211853346,0.990656965991134,0.7199062902139463
center_g15,c2c5ec,web,0.23225810905276012,0.22358930911951438,3.2954932785158584,0.5433727399236629,0.671497221205965
center_g15,f4bfdd,poster,-0.03197376562222988,0.1539818047648926,4.3366160422537945,-0.10342893231168307,0.5343900055602733
center_g15,bef1f3,web,-0.05016810668423279,0.12340373831901202,5.413213145151406,-0.002695624014828456,0.49492052513791024
center_g15,1b4c8d,poster,-0.0025686084225666865,0.15546739842678878,4.925809538882972,0.045662786940298884,0.5871311083460182
center_g15,aa063a,web,0.08372035129789134,0.19251098125406138,3.538279034541174,0.26474778129500814,0.680996625516795
center_g15,1e79f1,web,0.1395509696300624,0.22904411575014988,3.4239498436314006,0.3663508784459625,0.7072542989188768
center_g15,195990,web,-0.0020197762789438576,0.16217508863137792,3.9721067644614836,0.09260284663833512,0.5474354564133039
center_g15,824f2b,desktop,0.31610801027963853,0.3316554229324878,3.2795956096032013,1.0033336040585685,0.6952695606410657
center_g15,ad1e05,desktop,0.08897730970256498,0.21312849079762763,3.418807631577223,0.22058440509941749,0.6972889875427802
center_g15,a128c8,poster,0.04635234586805763,0.17938217611083815,5.258764431145446,-0.04913388745219692,0.3865202097492156
center_g15,2aff6a,web,0.3887312348069799,0.3800054234722163,2.5076080356801627,0.9113238582866144,0.7199555263462627
center_g15,c3ac4c,desktop,-0.017798425982063923,0.16055361601204382,5.268266494554808,0.006176860843423049,0.5277749498283114
center_g15,27e29a,desktop,-0.09589358943426479,0.09183023443596465,4.483019161604153,-0.26891451367647967,0.5274435190283295
center_g15,9b3896,desktop,0.13402341112762622,0.26796823199538833,2.6057611663234037,0.4055197785828209,0.7413463550936891
center_g15,c8b126,desktop,0.12480824253200147,0.22228255639698982,3.6757454751085086,0.32741061831434076,0.6529112696517628
center_g15,b3e3d8,web,0.23444169962424263,0.2938714376656149,2.4855951422433016,0.8199503953134165,0.7703430163069754
center_g15,1a03d5,desktop,0.1019877675421447,0.21023683705490842,3.2087887639379655,0.3540264763840873,0.6767410223292161
center_g15,40e990,mobile,0.02933626435861878,0.180580163894904,5.591777871282394,0.23741073782191985,0.5743638650720344
center_g15,991446,mobile,-0.10056857894071376,0.10037716718618683,7.387390741764395,-0.2437841552048097,0.38933663774083455
center_g15,c0e167,desktop,0.20152925328115512,0.2826639676624787,3.2724361317735196,0.7426930380983471,0.7346451693187862
center_g15,0f1984,desktop,-0.004537280962472506,0.16170916335811214,6.155031363439958,-0.022491678683541228,0.5715968467919769
center_g15,c01b8e,mobile,0.16111103912255173,0.309008630287217,3.430805629088482,0.1798246992164752,0.5982984377052658
center_g15,0e136e,poster,0.06654232287368242,0.16532268054578406,6.398925091266098,0.0778693521002244,0.4848271621663764
center_g15,b44e33,mobile,-0.14761267757065916,0.06338425781678328,7.3749855132448205,-0.3646655382963463,0.3506355725288838
center_g15,5d66d2,poster,0.05785860773085614,0.16645608249381227,2.8185665756558587,0.294476747963868,0.7738850172631243
center_g15,46e638,mobile,0.05404973497992814,0.25003134541069,3.0395774101334987,0.02850887493645541,0.6406414116277068
center_g15,fb2cd4,mobile,0.12963741874808635,0.24947450562224052,5.613232053501554,0.22500172608542604,0.47222397676673233
center_g15,f9ae9f,mobile,0.05772812537893884,0.19180408912107144,4.946184160269612,0.31166056212100224,0.5914995474656796
center_g15,4c739f,poster,0.07292211205989974,0.25076546886116036,3.5934606133925313,0.22079697870832996,0.6149454888308674
center_g15,83a338,poster,0.08121325178798496,0.22020759161674527,3.020922214084107,0.15017402014653117,0.7433285165688301
center_g15,13ae19,poster,0.32579746299944273,0.331460170719581,2.7761463563111626,0.7340062239583406,0.7632636892705563
center_g15,0feea2,mobile,-0.12545975585442015,0.08636029756868809,7.018681435022485,-0.1689591625158628,0.4388960777960346
center_g15,d889b1,poster,0.019027811214289297,0.1877332166937933,4.347292501873818,0.014589853674374513,0.6231535967423447
center_g15,4b9fd2,mobile,-0.11177068150307456,0.08023386145935014,5.257525354121498,-0.30461691596496704,0.5600240867945768
center_g15,8e5bd8,poster,0.6773421645016136,0.5354723361793274,0.9630244275995005,2.0746564779530106,0.8859107567127625
center_g15,abe796,web,-0.028356597355143075,0.18886512163366578,3.636544537037593,-0.14948213363707358,0.4776544698028554
center_g15,8f9844,web,-0.020830269973590717,0.13883856640184508,5.410717777420676,0.03875917045372815,0.4882318529586191
center_g15,92b95d,web,-0.15482740536095302,0.1288592397053921,3.651827180201522,-0.3358676965164954,0.5062307311137709
center_g15,c05976,web,0.01700521257225486,0.17277303013839967,4.153017756998601,0.2087638336058033,0.6292027298577743
center_g15,6047d3,web,0.458229962239696,0.4179697753773226,1.0726758728529562,1.6078874423530711,0.8958448614392495
center_g15,5bfe3d,poster,0.047657875639081464,0.17716354858762803,5.19879587895591,0.02470618671143658,0.4958397894408193
center_g15,a53761,poster,-0.002852867527013228,0.18709110324282321,3.349130884975926,-0.005231907785817825,0.6208673997093932
center_g15,b86b7d,desktop,0.3470897940805443,0.208258490343545,4.264295400723482,1.176233545750514,0.6431961534955793
center_g15,a8f275,web,0.22271918429979665,0.24958900610547174,3.0182217454239386,0.5899986339792653,0.7239231062284464
center_g15,5887a5,web,-0.030860138153310502,0.1215319352320317,4.169963651107745,-0.13705727814542065,0.5155650667671111
center_g15,825f33,poster,0.11517450094675227,0.24572938934974115,3.0653560518380796,0.21202574876394584,0.6750079531422523
center_g15,628715,desktop,-0.12750866485139672,0.047540873579945506,6.25203834864388,-0.41759675600933605,0.40252630877789175
center_g15,fe14d6,web,-0.06228442744820876,0.08721258705110765,5.319548555475695,-0.22590996881623204,0.5248450446570836
center_g15,c228a1,web,0.10066290344400042,0.20958120768909283,4.160577447060575,0.32312863731973573,0.6113579575420345
center_g15,6fbe76,desktop,0.050595310053725494,0.15455929146138023,6.761480691257589,0.27067410736955283,0.524550675347304
center_g15,3076c2,desktop,-0.04405614062911147,0.04738636279361138,5.0310227451647425,-0.07914450633993814,0.6917130906788839
center_g15,c50a3d,desktop,0.11025229122447452,0.16384154904161613,3.3906938517033693,0.5650427370854838,0.7507298737411482
center_g15,9bbfdf,desktop,0.31563729454441514,0.2937707017330482,2.8103983817587723,1.0506570222367597,0.7579649384163151
center_g15,1c381f,desktop,0.10635965321411607,0.17204901383819404,2.8556050409431375,0.4061662365769691,0.7533354114122963
center_g15,a7a9da,desktop,0.16925103204403427,0.20622603959230112,3.0546827917935504,0.9334291969010847,0.7852437264890456
center_g15,815859,desktop,-0.05456170446682963,0.0732583227170165,5.350274503378645,-0.18441136936886102,0.6044524767567023
center_g15,598d81,mobile,-0.09124563352438264,0.02497042522141666,10.72122536557807,0.0982035173296193,0.29891533666330583
center_g15,1a2fc7,mobile,-0.03692498639297061,0.1578560978116677,6.767167301349368,-0.030873726656153497,0.45575107862748515
center_g15,3e8fe3,mobile,-0.1257206533916357,0.06502766384901709,5.679849306803318,-0.3474140200769929,0.5234080082241224
center_g15,f285d7,mobile,-0.06038706790288019,0.0797409724130904,8.056467592695729,-0.2798239126387181,0.3467151277288709
center_g15,66b3ff,mobile,-0.11325919534385855,0.004741666075834567,8.893257769287734,-0.43162840610384196,0.3291023613269841
center_g15,b92f85,mobile,0.1549261393472629,0.20704986605787745,6.785906611892521,0.27136210461627447,0.3824976177873108
center_g15,eb06ec,mobile,0.11117724532796777,0.26340196295657914,3.7830577669679704,0.19615428441509525,0.6052153765671565
center_g15,31bba3,mobile,-0.13271574660672456,0.039309910880280546,7.121217184456521,-0.3984717099961324,0.4465532856886741
center_g15,5ea384,poster,0.07003101557472875,0.17468301687149207,3.4313213711737336,0.19190181233630385,0.6851653464426384
center_g15,7decae,mobile,-0.08693493761121829,0.07076370583329077,7.953114816840884,-0.016412062826070804,0.36990676655483656
center_g15,2ffa4a,poster,0.06940344811350385,0.1621971919380077,4.497640068863571,0.13979370381041753,0.5404560471767623
center_g15,ab0c83,poster,-0.07100629742885647,0.07719669495646893,7.822943990275979,-0.2584160818016533,0.4318727544393537
center_g15,a6b429,poster,0.36230097535936556,0.34250871128714266,4.813809751875761,1.1663362627074287,0.6923986362137202
center_g15,a87d4f,poster,0.19272296358881616,0.23507037514524495,3.5632898615241264,0.49314960994590384,0.6276918581793114
center_g15,c6a6d9,web,-0.11281998063302107,0.0702791815519025,4.963090033150522,-0.3307003079287393,0.4649753729933487
center_g15,393327,web,-0.037942117232496735,0.04338393892029428,6.687675980315135,-0.2837557666078514,0.5072271833730349
center_g15,0af35a,web,0.09333438025945467,0.1592559877877564,4.814871008282575,0.5466720276752993,0.6190039641289901
center_g15,b4a27a,web,-0.016341567536509102,0.1270704440727694,3.2318297808575527,-0.030637707816007914,0.6323952862638302
center_g15,4f7447,poster,0.12136561562329316,0.19454963150341148,4.1648580201970935,0.3802509782107767,0.5416191497032359
center_g15,4f4f19,poster,0.07640855522133239,0.15416299639449463,3.8670562803822395,0.16611594808981714,0.667159947618475
center_g15,bfa4f2,web,0.09370644359727717,0.19838249069854125,2.950097372654608,0.45789431128776714,0.7432181268689603
center_g15,fe6876,web,0.025524735158787934,0.15619821839925216,3.9512610134090025,0.18709835714603584,0.6923117285238286
center_g15,e1217f,poster,0.1715151610518938,0.23792304301202655,2.4069080356757695,0.5595106013138563,0.7774897372544066
center_g15,9f5081,web,0.1544396963056195,0.2388757067513003,2.9882223787742426,0.7253935959172576,0.706034616320566
center_g15,168b3b,poster,0.14493513009411746,0.26324460775738706,3.330610317723385,0.3407079338663931,0.6194255979761812
center_g15,b02217,web,0.050132430295010716,0.1732100246481958,3.405430094054013,0.1726849383185561,0.6579640053353998
center_g15,6d8af6,web,-0.0649203166606172,0.05080757125131567,4.620546824447889,-0.26800875125398677,0.6235935929975834
center_g15,a09cbe,desktop,0.38856154821563293,0.39274665518897384,1.28037581015232,1.4659033694526051,0.865742191826683
center_g15,8b2ea2,desktop,0.16389708736523748,0.20433006233678153,2.8149680128980443,0.5973852836295209,0.727797179973089
center_g15,8d2ab9,desktop,0.06637154376651788,0.15499761982604077,3.3104416733215842,0.046079555066743286,0.683162008771015
center_g15,815511,desktop,-0.06531865128447344,0.10064565094797753,5.132957255553985,-0.1972834678295208,0.5447610607067488
center_g15,7fc716,desktop,-0.011759264461369264,0.1698497871427989,5.028587367885914,-0.0782000064973296,0.46969179024048285
center_g15,592b58,desktop,0.41284896295455764,0.38898389266232736,1.4144314517475047,1.1100384630720403,0.8479667398361824
center_g15,6c8b71,mobile,-0.09494421412430964,0.10618463092608094,6.730769873406646,-0.2121593838110338,0.472220714967787
center_g15,aac5d7,desktop,0.6306498369952895,0.5083078390468734,0.9713904091947345,2.0132424432070857,0.8961579630331169
center_g15,2a8f6b,desktop,-0.05271569860679791,0.10007243727168294,8.32598262783662,-0.09294130017860942,0.47972648704157106
center_g15,49e72e,desktop,0.061924310934737645,0.1765563502106825,4.671049731281937,0.22552791582903894,0.617477314896924
center_g15,cd9e29,mobile,0.0052358048804747245,0.16384035783344894,4.675276567160211,0.18031526747025867,0.6011824443687043
center_g15,449b4f,mobile,0.02530589578315163,0.18619928436194072,5.810483276917517,0.2615989031439848,0.4984158542553442
center_g15,bc43bb,mobile,0.042016274022914774,0.21660185940989035,6.69228273894812,0.30122690161371474,0.4641461548831329
center_g15,d1ef30,mobile,-0.003562144596836037,0.1702159503215403,4.250428136000484,-0.046934572621629214,0.6453280167039861
center_g15,ab4d1f,mobile,-0.11023310989309087,0.08688009662070575,6.902811078157151,-0.23901707390726712,0.4949811078688678
center_g15,59354f,mobile,0.46080548330906634,0.3892154501403593,1.8651664899612723,1.3035567400480634,0.8084887425036721
center_g15,e18daf,poster,0.2073855769410531,0.287422900017889,2.5336695603078585,0.29921682361383917,0.6003317377434403
center_g15,5db7bc,poster,0.007770424530830813,0.16019843458060506,5.166622586137972,0.07016150407872346,0.6797445339140901
center_g15,5620ab,mobile,-0.11742171584847283,0.07855070187576253,8.537584684811478,-0.3327168663745407,0.3038655063931278
center_g15,d7cfda,poster,-0.07046704259934802,0.10037768707458107,7.0179836500157755,-0.20002216149207108,0.46323210474010035
center_g15,7c352d,poster,-0.003685257023659572,0.18626457567737054,5.60895143615919,0.02132694160530597,0.5131139482923904
center_g15,0dc366,mobile,0.6826214809925883,0.5042989294605188,1.2218759381714484,1.8476008784302398,0.8241520127072599
center_g15,cb0c6c,poster,0.0842772670595736,0.1807641536467733,3.1820373531306707,0.24660493762538488,0.6966534993086133
center_g15,c79430,poster,0.027462917703554753,0.2428767385814074,4.093256463951614,0.05169964474789765,0.6027165231984007
center_g15,2304c8,web,-0.01659603575673745,0.13452001722053764,3.3042307533197897,-0.019639229415447844,0.6701395999392175
center_g15,c84353,poster,0.12415829519470631,0.2516003901948875,3.080326352036472,0.4366186434710667,0.6516215235096445
center_g15,a91f25,web,-0.04259827609839051,0.08576857006312277,4.338080218550609,-0.08348582481635092,0.5779209747400076
center_g15,e7a5c0,poster,0.018450040736826018,0.21484316775694623,5.567594623485873,0.10117977856063533,0.5312649399460155
center_g15,853a11,web,0.05783791354154684,0.27583488000578144,3.7322858057945267,0.17724286733270186,0.5091428696918014
center_g15,a44696,web,0.3379684087225944,0.2993639621418951,2.348106536574871,1.102501969909375,0.7509128560847398
center_g15,631068,web,0.008841888222283257,0.16823991268830812,2.6175383441226834,0.04012615045553315,0.734000126557018
center_g15,18db69,web,0.002770304602182188,0.141360842867609,3.3617009265411095,0.015054451961669215,0.6959810109497073
center_g15,9aabba,web,0.27833030292831373,0.3033867843817557,2.964031646812572,0.9566450893742997,0.7317068129878227
center_g15,cac69c,web,0.24284565744576064,0.3207073492269859,3.3913576027564925,0.6710889799223326,0.6714933045309855
center_g15,ab4eb4,web,0.15138141989552711,0.24423377889402592,3.7986468954514554,0.44231038193212213,0.6317670552144867
center_g15,91795a,poster,0.0336687806443246,0.20452249105498155,3.2821144420183783,-0.021077810005937832,0.571437380862081
