baseline,image_id,category,CC,SIM,KL,NSS,AUC
mean_gt_cat,fbd704,desktop,0.49501919893183444,0.4005308294786464,1.228284767723148,1.2754669356942154,0.8021413786933126
mean_gt_cat,a2da71,desktop,0.5148893571684641,0.4462140134517018,0.9754977591130272,1.1977699793066972,0.8007395162356487
mean_gt_cat,8b0b52,desktop,0.4962681850354562,0.46212020194566,0.9833746811250788,1.2028002715194819,0.8081881273741597
mean_gt_cat,2021b7,desktop,0.31427400716024895,0.354074072358251,1.387196891611735,1.1209229940364778,0.8086257461425225
mean_gt_cat,95b2d2,desktop,0.4333629015665085,0.37811905863319323,1.216760487011869,1.2387139829058702,0.8050495323392926
mean_gt_cat,d99b18,desktop,0.3001999896617381,0.26421504098250725,1.8123484605964377,1.074000732497389,0.7683151868168623
mean_gt_cat,2e93e6,desktop,0.4645318655606177,0.4045663384448504,1.2060945335679174,1.1333548778715365,0.7946087653850258
mean_gt_cat,7613f2,desktop,0.3702955010562649,0.3379302756786524,1.3140232291665739,1.1245010402609528,0.8209731770223792
mean_gt_cat,460bf9,desktop,0.47036030776012683,0.40944755036144515,1.1821971805062548,1.4489406459856125,0.8393638605314091
mean_gt_cat,536e7f,mobile,0.357060674457542,0.3436958574708776,1.2349816516668417,1.0319214425924659,0.8101754701513225
mean_gt_cat,4adea3,mobile,0.535309383184634,0.5253933155300847,0.7444624586188677,1.0687813066940786,0.7783117857517557
mean_gt_cat,58a60d,mobile,0.5206684712287075,0.4776759294365298,0.848095050221461,0.9975107010978527,0.771568367219947
mean_gt_cat,cced5f,poster,0.4978251392404519,0.5100940501293303,0.8375682010440357,1.0042547721247292,0.7770698694187178
mean_gt_cat,b2d2fa,poster,0.5198635410015191,0.4911158300430313,0.8518165139765851,1.048196517697011,0.7763461961216253
mean_gt_cat,05e980,poster,0.3135373065901155,0.32605464806860895,1.4617245831213657,0.8906971770672525,0.7816899258546631
mean_gt_cat,708a08,poster,0.5282221574278892,0.4204703656326637,1.0451048992259284,1.293748299760049,0.8003245242937325
mean_gt_cat,085001,poster,0.11149654238690454,0.2646075721905843,1.8146400144360406,0.35665165480760214,0.687606028057492
mean_gt_cat,9afe5f,poster,0.5873069326297301,0.5285803216022333,0.688007726427099,0.9994281517060454,0.7735701804959491
mean_gt_cat,65576e,poster,0.5071294990337142,0.36297745473929505,1.322585739815115,1.5770308383057172,0.8492829948432656
mean_gt_cat,c27e4e,mobile,0.5451319941448529,0.5714255868259335,0.6615730201968478,0.8853475793563255,0.7593898475396221
mean_gt_cat,9efc81,web,0.5388667974212848,0.3786906924301279,1.140098539461532,1.4698966664710331,0.8348617901442076
mean_gt_cat,13af7a,mobile,0.6813679539499942,0.6138123158920397,0.5602529356823244,1.2137969238739876,0.7975816116355161
mean_gt_cat,207fd4,mobile,0.30924681668899673,0.3869767895989782,1.119384546772184,0.8060251317943483,0.7773552685821743
mean_gt_cat,e3d203,mobile,0.43668968563112276,0.4162034270171416,1.01968975778739,0.7608125692565231,0.7122773730734668
mean_gt_cat,17a8d1,mobile,0.6990257041476979,0.6206212853077282,0.4954389958962804,1.1778454019402016,0.804532523559006
mean_gt_cat,f639bf,mobile,0.6833413896433342,0.5211314117429369,0.7080189806191527,1.6985950582239613,0.8789737295480021
mean_gt_cat,166bc9,web,0.5497865216247464,0.43665671892835006,0.971342644144135,1.54285899021449,0.8627808646741744
mean_gt_cat,5c88b8,web,0.4539837529762814,0.3831421263611609,1.127695329061746,1.2044883950500413,0.8201583352936057
mean_gt_cat,4e81ec,web,0.5434723607678922,0.4330193766852138,0.962342904093489,1.2723965248956541,0.8164184490228455
mean_gt_cat,69a8c4,web,0.2806764060898895,0.33721037416063976,1.4853759901081482,0.8687442939840413,0.7734409054545097
mean_gt_cat,27d67e,web,0.5358154538230178,0.42641459797147035,1.0006993369670871,1.4716343839511539,0.8461063788149098
mean_gt_cat,781b7e,web,0.23335976347343212,0.337632402026925,1.5227732334624635,0.5656320728554438,0.7080673429715755
mean_gt_cat,6eb097,poster,0.47910097696583953,0.3142162626787127,1.381675505160242,1.779581087420677,0.8777124507241707
mean_gt_cat,1fdbf2,desktop,0.49789524159625476,0.4401725627709395,0.9632845688418954,1.2644547339834187,0.8238441399007524
mean_gt_cat,1bf5c6,desktop,0.4509679871281925,0.3701781349126134,1.1963167621767987,1.2976083068808182,0.8278311354745154
mean_gt_cat,3d6147,desktop,0.460428384312903,0.3170545599851853,1.4637317698058578,1.4769126941733872,0.8156601774366121
mean_gt_cat,1b436f,desktop,0.4141924107490538,0.37177991759583123,1.2838292150000359,0.8453647557571367,0.7292736953454355
mean_gt_cat,72062c,web,0.3885614230562885,0.3512518601020551,1.2847865155229552,1.31140451628604,0.8360213928554351
mean_gt_cat,e2aa7e,desktop,0.10627380471994913,0.2301633497071388,2.116744728976662,0.32924336820626665,0.6516089157182479
mean_gt_cat,a7ac1b,desktop,0.37077473383504134,0.3604407256164894,1.2190501089416363,0.950757960122799,0.772286422254571
mean_gt_cat,9b4285,desktop,0.3473194100581112,0.29396607121931256,1.4771456457617542,1.0454687427448153,0.7748256150024085
mean_gt_cat,29227b,web,0.45137187589175587,0.42935014300556945,1.053014648029215,0.9678871008621768,0.762531865640826
mean_gt_cat,0529f2,desktop,0.3463601522755314,0.3700144653744884,1.3082252947627884,0.9980760786390276,0.7860315418186536
mean_gt_cat,cccd2a,desktop,0.30602823714500177,0.33543328664936206,1.372524158198218,0.7542227801438431,0.7312277904757755
mean_gt_cat,3b078d,mobile,0.49362183336373944,0.5100969374928537,0.8232316047983204,0.9459762357758829,0.7655371442259548
mean_gt_cat,cba28b,mobile,0.41119132300319094,0.4241723133595633,1.023879923676952,1.1011540509081021,0.7958307092827525
mean_gt_cat,f30633,mobile,0.45541615155129495,0.48418802022374097,0.9026538946429051,0.9568467536666336,0.7631069928302154
mean_gt_cat,840bb8,mobile,0.5556766432706193,0.4208609712836768,1.0384722463027245,1.5339852054530865,0.8263357678462147
mean_gt_cat,a64332,mobile,0.49763381970947895,0.5376476062455198,0.6990239336681086,0.8813796927038446,0.7562087637384146
mean_gt_cat,3141d9,mobile,0.46440478827416837,0.5451248243077734,0.7716619135538827,0.7791704072025628,0.7061733094214051
mean_gt_cat,8cf0d4,mobile,0.444152456073984,0.5116249786442449,0.8593662929452057,0.995010480394373,0.7745180804695174
mean_gt_cat,58b56c,mobile,0.5551604630794751,0.4718434220125495,0.9774701883308688,1.2541422794993422,0.7655874727426628
mean_gt_cat,1e1131,poster,0.48135804862935544,0.36054222345858167,1.2172703897010533,1.598218723680566,0.8692735501134112
mean_gt_cat,98474c,poster,0.447441690951218,0.4478563851168899,0.9100573694245688,1.2185819679181418,0.8271575187291437
mean_gt_cat,8da42b,poster,0.1949470306751962,0.24710333823503017,1.7745800980877244,0.6345258813282787,0.7219034467139579
mean_gt_cat,3734cb,poster,0.47816205349995206,0.402298176720408,1.1176266749243384,1.368820641012164,0.829661796702481
mean_gt_cat,32fcbf,poster,0.33308797204627255,0.3755411876904491,1.220813270802978,0.9589958822811991,0.7780809724070799
mean_gt_cat,8770ed,mobile,0.6912552380146377,0.59568512326024,0.568541488895195,1.2925327068918053,0.8043254208782562
mean_gt_cat,1ee232,web,0.5269273349510447,0.3949948983984503,1.1548984583925246,1.5936429227147926,0.8470884388800247
mean_gt_cat,f04d2e,web,0.520065000215754,0.49021497100260014,0.8176151513044194,1.1218509870217754,0.8033718697554991
mean_gt_cat,1b3eec,web,0.37775078073677426,0.3539310248442194,1.2949745171777762,1.1872461200364426,0.8204521446844634
mean_gt_cat,183534,web,0.5676241674718618,0.46886702341622155,0.8616486741420558,1.3018550139175484,0.8253676117389921
mean_gt_cat,43a952,poster,0.28212052301466534,0.32050976817502286,1.3779177843395294,0.7180655831943402,0.7401354759552123
mean_gt_cat,0ec997,poster,0.6016429506512082,0.3867516444613185,1.0924279612163028,1.8962978626927112,0.8800933383429859
mean_gt_cat,5ac518,web,0.4372417865876789,0.4162506152032403,1.124330525764431,1.0436100532454766,0.789624821381178
mean_gt_cat,026dd2,web,0.39920497163423785,0.40333490846579,1.2442096488851626,0.923278032830783,0.7512329178949033
mean_gt_cat,caa82e,web,0.4862652699357881,0.3659115409470759,1.1885332916612923,1.407762896844068,0.8278583349222282
mean_gt_cat,f7c681,poster,0.6369148252367667,0.5657399059734078,0.6123524839053108,1.1415738083470988,0.7911179443098371
mean_gt_cat,afdcf4,desktop,0.32451991330733543,0.3684811853471096,1.3322415991348688,0.8898364193401604,0.7785852211998545
mean_gt_cat,3b1c3e,web,0.32875943462911805,0.3078241422831418,1.5191312687183747,1.0197340571239957,0.7761249071625842
mean_gt_cat,a077e7,poster,0.56913508075729,0.39769173941451397,1.113783976756243,1.712833846193599,0.8702699234554655
mean_gt_cat,a76ed6,web,0.5237133530228457,0.45465276042150066,0.9899289361008493,1.1509680675134168,0.7798522929847594
mean_gt_cat,d98c2a,desktop,0.4997772743192428,0.4049383049994992,1.1529093047645238,1.4636608843307348,0.8400576798930762
mean_gt_cat,f7681d,desktop,0.41741266566180224,0.42417773123422803,1.0427435523321003,0.9034529402218656,0.7723293603077339
mean_gt_cat,3b203e,desktop,0.30716964933931945,0.33789170324980616,1.4113895558222753,0.9964443224200942,0.7972957348689049
mean_gt_cat,e39798,desktop,0.39606716749526055,0.3557863637819942,1.5903225778338512,0.9091700183534244,0.7045815743290179
mean_gt_cat,7f066d,desktop,0.3769374913105472,0.36127476331145997,1.2290373659618443,1.2147137943561563,0.8271671276058712
mean_gt_cat,e78858,desktop,0.32655604174804403,0.29996177298854737,1.6350824180575914,1.1239118959633563,0.7912516178300847
mean_gt_cat,c807dc,desktop,0.2681501522987853,0.33331225499859163,1.6343138825564885,0.7258178923567445,0.7315352689519709
mean_gt_cat,03474c,desktop,0.45561142250378495,0.3899412670466747,1.2716157478070982,1.1824079295417924,0.7886354158767299
mean_gt_cat,533099,mobile,0.4630435055763631,0.38795604348571966,1.3115201201172253,1.1753456680687067,0.7397445863952079
mean_gt_cat,9aa231,mobile,0.6361817454588212,0.5150973461840365,0.742701089813642,1.4357697966738299,0.7931009580468256
mean_gt_cat,722b8c,poster,0.4530101053911159,0.3201025885641352,1.467620727269409,1.4396546522110725,0.8110557007152174
mean_gt_cat,c6b002,mobile,0.6512925145590531,0.5141084264064615,1.0013195270007693,1.4430387293196338,0.8121465795696694
mean_gt_cat,7c5f7f,mobile,0.6204363189173848,0.5621107917025224,0.7445066576589607,1.0885382972266482,0.7344679759880233
mean_gt_cat,83d7ce,mobile,0.5998412152880661,0.4484162045115236,0.9120481688259252,1.5410158989365057,0.8553763922890775
mean_gt_cat,bae388,mobile,0.5636903253990531,0.40264441197107526,1.0494917079533337,1.8602780097893687,0.8947658603997846
mean_gt_cat,2b0b4e,mobile,0.2751435805662096,0.38611820429093907,1.260130687758875,0.625377151486445,0.7329512632045179
mean_gt_cat,3f9682,mobile,0.5738295564704716,0.47036339870835764,0.8312222202039656,1.6321588376311484,0.8813614985053573
mean_gt_cat,37cecc,mobile,0.6692937540059303,0.4902405122749012,0.7785954495491021,1.8518219095885984,0.8754316474627181
mean_gt_cat,5cfc08,poster,0.47357764142368963,0.3154634713340863,1.4996735648951582,1.6066180796527358,0.8620846855727307
mean_gt_cat,98b958,poster,0.3851305480187217,0.3763587798977472,1.445993631443104,0.9568341895239191,0.7457127242465309
mean_gt_cat,e7e220,poster,0.6596144860616281,0.6049464515110455,0.5423531622937483,1.1567437533730545,0.8039569671576584
mean_gt_cat,bccea2,web,0.36127067960664916,0.3793970917172197,1.1609054080515289,0.7934282970371623,0.7594636628216719
mean_gt_cat,e7163d,web,0.5876175742554032,0.4682435491999747,0.879339278993763,1.3308775992772115,0.8202468017956155
mean_gt_cat,c143b6,poster,0.3231849533746774,0.30865493208276906,1.5455525328676387,1.0994066163489198,0.7874528889963791
mean_gt_cat,093c65,poster,0.18881498667861057,0.38433449572694217,1.326880669015984,0.6784639724968453,0.7528178933525473
mean_gt_cat,d07b98,web,0.3944941977874856,0.4349417657659852,1.0636001962097612,1.0970901568834965,0.807293985042796
mean_gt_cat,162809,poster,0.6309275692318297,0.4622229201104905,0.873192229029619,1.4893058955415757,0.8440900942886305
mean_gt_cat,adbe00,poster,0.05402339488309849,0.18867700465600729,2.2860486585193995,0.2967862086583287,0.673363748232359
mean_gt_cat,4dae22,poster,0.4296382918947336,0.29306494085751855,1.4595172902772093,1.326084420803063,0.8050406021557992
mean_gt_cat,ead495,web,0.3605621896127582,0.3630983398252732,1.479091862323897,1.0223190440799792,0.7491977996499792
mean_gt_cat,dda275,web,0.46124130018732956,0.37560664217429207,1.2362275024320517,1.5545940816395862,0.8709562073621098
mean_gt_cat,2b56f2,web,0.2130818254639662,0.2669445268276187,1.8438561141434742,0.5295001550429909,0.6819375743576928
mean_gt_cat,6b7c75,web,0.3298026829024534,0.33082627298276157,1.4642009048141233,0.893654930898375,0.7618918339270739
mean_gt_cat,17e6bf,poster,0.5988473962196941,0.4212598014126269,1.037830332788878,1.8489320596215506,0.8919707063111438
mean_gt_cat,39b696,desktop,0.3817326948366615,0.3913961599678241,1.1512563535585825,1.0208903614708105,0.8041592623249806
mean_gt_cat,e9b8fa,web,0.3620843147669325,0.32796841228313683,1.5654787834759936,1.0182312552285413,0.7463263941780114
mean_gt_cat,ad9e6b,desktop,0.3533806598209268,0.26090726679488574,1.679635079149626,1.5136515576629779,0.8595613399830229
mean_gt_cat,72cfd2,desktop,0.39999306836695137,0.3408249446215225,1.5124382059970074,1.5092887941071296,0.8329058101938313
mean_gt_cat,271112,web,0.15461828707720485,0.22581026786572833,2.243116455340588,0.4474644644157825,0.652472256606881
mean_gt_cat,8e0c5b,desktop,0.5350952162967959,0.46892983105386865,0.9843924077102487,1.1755506541473113,0.8013791050752282
mean_gt_cat,306281,desktop,0.4902931008872098,0.3597288036299426,1.2362604122893952,1.7509716863589015,0.8823026401405266
mean_gt_cat,7caa99,desktop,0.41259795946507705,0.42043277498123083,1.0882626397331805,1.0376345645903673,0.7976607192397865
mean_gt_cat,13bd83,desktop,0.4619203854404921,0.374419966868354,1.202489826406263,1.397446025228694,0.8342394779753572
mean_gt_cat,4d3cc1,desktop,0.38255485424635727,0.33151609124546255,1.3638705921290877,1.2544900252515578,0.8241813239661793
mean_gt_cat,1a9f12,desktop,0.21493388165652139,0.3033413472193095,1.527232097498362,0.6817935157102,0.7538797799622626
mean_gt_cat,917a4f,mobile,0.7074721077704392,0.5496069577666769,0.6280539345333269,1.5894770220306036,0.8257207312932898
mean_gt_cat,8709e4,poster,0.3737105062783252,0.3746313445930961,1.2643770481802254,0.7979425170727463,0.7244095881917072
mean_gt_cat,ff7d76,mobile,0.559275442682364,0.4841715022773255,0.8799271354100568,1.250397727516632,0.8061085964015258
mean_gt_cat,226f76,mobile,0.639519829107932,0.565309244000553,0.6504203096781722,1.2364461826131197,0.8131674141316959
mean_gt_cat,20e9c6,mobile,0.5644989515269789,0.5345610558374394,0.7284875752503556,1.1962843160734977,0.800483638384358
mean_gt_cat,95d2d7,mobile,0.3747047548992323,0.4750918886860775,1.0362590825558502,0.7723106292295538,0.6936057282261497
mean_gt_cat,03340d,mobile,0.6100002848259711,0.4961992797317696,1.0387213394602415,1.4384982086807658,0.7963303635202846
mean_gt_cat,8a770a,mobile,0.04415511999785427,0.29636423129478057,1.5615093751348905,0.0785225204744799,0.649500927580262
mean_gt_cat,95fc3f,mobile,0.29222111857262234,0.4588940256455512,1.0185123927711621,0.6329004978682057,0.7159904206423028
mean_gt_cat,72156f,poster,0.4219263778027794,0.44520784192879875,1.0607755486257489,0.9087445739051396,0.7269476032052263
mean_gt_cat,ea01c0,poster,0.1908795429072382,0.25499224339501914,1.8338229757565452,0.6572287319263326,0.7368850825747307
mean_gt_cat,1ad1cc,poster,0.5522552451056847,0.4451572508137721,0.9809586215273365,1.335527646308958,0.827670898925414
mean_gt_cat,0197c7,poster,0.09610289016485538,0.24170810579664687,2.013107410767138,0.29912807089221,0.6346442013994731
mean_gt_cat,f02589,mobile,0.6611349643150436,0.5434697029845736,0.6704367552611218,1.3696707535217603,0.8217370828712177
mean_gt_cat,452a6c,web,0.4941837893407913,0.3510693066440111,1.2509874020037273,1.6567422646697116,0.8752707179957664
mean_gt_cat,9b41e4,web,0.4940770065706509,0.38875250312179466,1.225213342899384,1.390941393701399,0.8221874965435995
mean_gt_cat,11a99d,poster,0.6275058705938197,0.5466123426258831,0.7812550569536234,1.5671673467497254,0.861616747532478
mean_gt_cat,9e3ef2,poster,0.6068393045124127,0.47473618369031995,0.8833142319074971,1.256104088703704,0.7890529197987077
mean_gt_cat,1626dc,web,0.45035150639020943,0.41016106484869874,1.16461192820987,1.2262878416043868,0.8024595639793113
mean_gt_cat,40ca07,web,0.2709762751351147,0.3150211087986019,1.505404991186507,0.6795834703519333,0.7169923268823805
mean_gt_cat,450720,web,0.33316533199836385,0.39848647746909854,1.2854637256323573,0.5749584555921351,0.6638572472179151
mean_gt_cat,7e2e98,web,0.38202670018566237,0.3367355849665705,1.406510665384578,1.2647940481124509,0.8030642502412281
mean_gt_cat,8fcaf4,poster,0.37693495420756973,0.48568803279941886,0.931953993087324,0.7630374093419189,0.7151411208996038
mean_gt_cat,4954fe,poster,0.45432939759675994,0.330687894327716,1.3818174739234486,1.4997642079846367,0.833666670376865
mean_gt_cat,256121,desktop,0.4385262929047219,0.30506158382781806,1.4828838888398381,1.6703282711355343,0.8636066590810454
mean_gt_cat,35a756,web,0.49985280742829696,0.3277366892361073,1.3881350651267947,1.886065020771646,0.8853014521762452
mean_gt_cat,b4f37d,desktop,0.4861137357629517,0.4426812029915693,0.9380579943123856,1.302425831715749,0.839799076491339
mean_gt_cat,ecf129,web,0.4714285748146338,0.4271306238425776,1.1146967868667237,1.328570425789053,0.8368948368703129
mean_gt_cat,3ea9d8,desktop,0.5068885649389989,0.3340017667108071,1.2879849707417226,1.8693030444837464,0.9068457834970418
mean_gt_cat,f4b47d,desktop,0.41783893626724833,0.3386471323535345,1.3170511320243137,1.3054976548202701,0.8275047741197653
mean_gt_cat,9984d9,desktop,0.45647315921421316,0.38866485025117475,1.1738110497932055,1.3076795225224895,0.8256974340941459
mean_gt_cat,026a98,web,0.5731301999870828,0.4011898101679782,1.027298065758932,1.8339197434304886,0.9029079663440048
mean_gt_cat,6294a2,desktop,0.5997590749534192,0.4337058099391217,0.9337408711910257,1.8248074224348774,0.8997700202900335
mean_gt_cat,2f6fcd,mobile,0.4804423939943334,0.4219454257697147,1.1037066148707495,1.124898724087003,0.7936043198655184
mean_gt_cat,a85808,desktop,0.21510386997297842,0.22331878859938253,2.201070027884698,0.8617470373924686,0.7216779735321752
mean_gt_cat,1f3437,desktop,0.25786374310416005,0.2560203024945616,1.8736086231315003,1.1799476471379773,0.8093896201370283
mean_gt_cat,db12fc,desktop,0.5009493682355661,0.39621919523233523,1.126945680862329,1.43734318446577,0.840968108586974
mean_gt_cat,012baa,mobile,0.4777083652039906,0.4657057759437518,0.885918093704396,1.1240138815578822,0.8019922645656713
mean_gt_cat,3bb8f9,mobile,0.5824766295701688,0.5285263331220518,0.7355748635925801,1.1316550510447956,0.7999220781308204
mean_gt_cat,17b8da,poster,0.26368446504516335,0.35502541636111634,1.359517977278768,0.5437923051705946,0.7141919622318811
mean_gt_cat,d79d5c,mobile,0.7113777861451651,0.4817463525233084,0.8032563245726564,1.9516770587333074,0.9124808626904792
mean_gt_cat,2586ee,poster,0.5716003586479852,0.45626992527675553,0.9558383343060397,1.4164004259375802,0.8138012933267803
mean_gt_cat,8d908a,poster,0.6199472510853759,0.5423183086214584,0.6932959508446074,1.3313592071434381,0.8358848836702655
mean_gt_cat,bbc0fc,poster,0.5226514189131026,0.42654826646475524,1.0440097425102302,1.1744787792527942,0.8026641725735608
mean_gt_cat,731c85,mobile,0.5782621176180842,0.4732700125522975,0.8156027861784774,1.3855917316073658,0.822425527277021
mean_gt_cat,092bd5,poster,0.5901372472098332,0.4861988258338615,0.9025872936310544,1.295793444796471,0.8054808863815175
mean_gt_cat,fc70db,mobile,0.4978473264918743,0.3411341334905682,1.3115662358727678,1.5442386077137764,0.8285023347695046
mean_gt_cat,1f5664,poster,0.6693448398142029,0.5587180419355317,0.6660445990391916,1.3819712972518665,0.8166583419381241
mean_gt_cat,c02580,mobile,0.2234789122585384,0.3364419881434591,1.4664315877922582,0.707267469013178,0.7533628029318705
mean_gt_cat,de9b80,mobile,0.6744677603324549,0.5871538957472295,0.650603920580205,1.2011778075928807,0.7685956814636162
mean_gt_cat,e4afc4,web,0.52049089933475,0.40535267098287336,1.2286949471375546,1.355182507249154,0.796814538800091
mean_gt_cat,a77bd5,mobile,0.514606272084494,0.5055428889980703,0.7513114207825821,0.9834522806566939,0.7865320729268499
mean_gt_cat,511db2,web,0.3317900274342578,0.31347798542610095,1.6670725568603364,1.0041203656107758,0.7340384637176183
mean_gt_cat,330777,web,0.44177122652100587,0.30160646751623094,1.4613973382860082,1.8351403930720152,0.9050551139716816
mean_gt_cat,78cb76,poster,0.3047192993025427,0.296817360966959,1.645340359159273,1.053587737664156,0.7847482498516747
mean_gt_cat,a7c147,web,0.35980347135957597,0.3700027913799891,1.2669394418487934,1.0984714938802376,0.8045842324243629
mean_gt_cat,d24c30,web,0.46229944847509274,0.40463693608024587,1.1387711595359296,1.2327253013322812,0.8050701588486824
mean_gt_cat,c31d79,web,0.3593243514600704,0.338545210936603,1.4362681445856287,1.1342466849403618,0.8125181893096385
mean_gt_cat,35bd1e,web,0.3812323989139865,0.34668429617728924,1.3239786172206682,1.1115266619984485,0.8212514218382714
mean_gt_cat,c5fff6,poster,0.28916299445252464,0.22705202462213442,1.798540244429116,1.1152990730453471,0.8054761344568957
mean_gt_cat,5fc8c2,desktop,0.4763145024757697,0.4233165849330849,1.1064028005813005,1.245532451813052,0.815253822789526
mean_gt_cat,f8d7fd,web,0.18577212796331455,0.24915295206015936,2.0135301008885085,0.6445344070268975,0.7082840727701317
mean_gt_cat,d8d582,web,0.5498524285335205,0.3886390782863387,1.1171891740079778,1.682981308528378,0.8581727255315825
mean_gt_cat,33c037,desktop,0.4722140855965622,0.31574841234160334,1.3995498804349609,1.692050293065034,0.8571366049137231
mean_gt_cat,3a8a8b,desktop,0.466364562826481,0.3234250947977068,1.5244650713854506,1.5305797724765227,0.8283881182843824
mean_gt_cat,33cc24,desktop,0.4738679623527907,0.32920279455796725,1.2774200056341996,1.664236269316807,0.8869384471219575
mean_gt_cat,763560,desktop,0.4371731779294113,0.41027438636208424,1.0651923226381843,1.1062383771510247,0.7986449477981146
mean_gt_cat,0632d7,desktop,0.40978635738188895,0.35200686655342606,1.3162997012908946,1.1138508760795733,0.7906276878104802
mean_gt_cat,7cc04a,desktop,0.4829887319598281,0.4104095945300892,1.101644609938902,1.3373846383929073,0.8133094841910902
mean_gt_cat,9d3bb4,mobile,0.5671320825694328,0.5317253708099027,0.6866278424348958,1.1218955839638032,0.798973400730228
mean_gt_cat,5b0cba,poster,0.5046871359481964,0.5239892683808298,0.7333220348010838,0.8900471887514894,0.7647425320785098
mean_gt_cat,bf05c8,desktop,0.4833081196640181,0.37150289006234494,1.2734083657727386,1.503614949289634,0.8429598037150219
mean_gt_cat,006450,mobile,0.594612982550558,0.43996376246988117,0.9777979893464412,1.6707850995474292,0.8543681083876373
mean_gt_cat,f69be0,desktop,0.4758070947194354,0.3555614466419317,1.247664196308607,1.4293591338593996,0.8178757536109917
mean_gt_cat,ab2461,poster,0.4221749999176063,0.37000632908909675,1.1848520760340744,1.2752338518756179,0.8386588789367266
mean_gt_cat,587857,mobile,0.5788715575215791,0.4705009360875633,0.8750367534326011,1.7273665968204965,0.8793380213672102
mean_gt_cat,2336ff,mobile,0.5038467390959114,0.4205094885757741,0.9747214844458559,1.2314084670257905,0.8249644666200904
mean_gt_cat,e734ce,poster,0.43114659522356336,0.3692985363502857,1.3125600225949994,1.4135470244948485,0.8317621727586441
mean_gt_cat,757ade,mobile,0.21049731210864456,0.3336900716209863,1.3701642787740658,0.490911833959092,0.6938508494095429
mean_gt_cat,93f7fb,mobile,0.4690413342277185,0.3813933174728472,1.117303838351992,1.1572762428094971,0.7970428809787546
mean_gt_cat,b8a4ea,mobile,0.6119205510735691,0.4842776158076664,0.828162187819889,1.3232670319348137,0.7887909411756735
mean_gt_cat,d4988b,mobile,0.30743237228278425,0.3276255018053542,1.378277221146154,0.9296439149436339,0.7751321255668093
mean_gt_cat,d6789a,poster,0.4450230907210986,0.37065842772582763,1.2323316751753912,1.3798386989998774,0.8422799509216363
mean_gt_cat,cc5387,poster,0.47709394106585856,0.4119063804233835,1.0841503780638808,1.2208398269108283,0.8109433814827797
mean_gt_cat,cbd84a,mobile,0.4968738121545738,0.4918933028723186,1.005042700489556,0.843851958663463,0.6860416068123126
mean_gt_cat,6aa903,poster,0.358815293975566,0.2944000013674663,1.5420661445664126,1.1390986923979078,0.8242301472655392
mean_gt_cat,d56ac6,poster,0.6791605798229857,0.46116144320119795,1.0080190429213867,1.5026886074929786,0.7891172689208853
mean_gt_cat,bbffc1,poster,0.5526824612766765,0.468031198432439,0.9610923178813001,1.3143670988512324,0.7848971240965568
mean_gt_cat,7b6601,web,0.5486133348686906,0.3897504669081051,1.1013297006682006,1.6457149844770835,0.8778765298163395
mean_gt_cat,e9f7d6,web,0.3352794215131216,0.35457755985678696,1.4847825809539241,0.9981686943568122,0.773944267691759
mean_gt_cat,774bc4,web,0.4527737754231838,0.40561611594669905,1.2301626463386066,0.961606968525423,0.7502355882654698
mean_gt_cat,f431fa,web,0.3423009068249053,0.23192568711780107,1.7639389599937945,1.1669991256022825,0.7932794509646426
mean_gt_cat,06256f,web,0.4352274106969022,0.3858589271070916,1.1845166446353073,1.0849894980081196,0.7907911365808169
mean_gt_cat,9efcf0,web,0.46942646485881945,0.32241527990079266,1.376291275671897,1.863578073891535,0.90809302432222
mean_gt_cat,b901be,poster,0.4897847520992037,0.4250944639139857,1.0730947295058197,1.1640478727627928,0.7996997178723343
mean_gt_cat,57bb95,web,0.37495153004385684,0.31307227056595893,1.4583971110258447,1.1557256603693915,0.7937105334470438
mean_gt_cat,045f81,desktop,0.37110705625912416,0.3228769747057295,1.4119335158617174,1.3700327986384642,0.8375911241140526
mean_gt_cat,1d5a20,web,0.35935994544841393,0.2826151091442877,1.576825287988188,1.1274495500027222,0.7823232957149927
mean_gt_cat,3f6cd4,desktop,0.2874070835759396,0.2486062053761794,1.7677924559518643,1.0190432540837935,0.7712584974090684
mean_gt_cat,1bafe2,web,0.5190497711989549,0.3635324062242477,1.214143391717266,1.625860732730641,0.8546008460471368
mean_gt_cat,13349c,desktop,0.4687086454647983,0.36019670882115934,1.2665664748453036,1.5051790703138122,0.8326288134059996
mean_gt_cat,b5dab9,desktop,0.35775465194445444,0.34812277808686537,1.4685831011590378,1.3666761248533887,0.8344276801847376
mean_gt_cat,6c678c,poster,0.6028123810226913,0.46601943525587985,0.8574910023485511,1.4026797067859111,0.8074591049003021
mean_gt_cat,d42246,desktop,0.49352906959616316,0.37559772148332404,1.2862795318376137,1.5118044077035804,0.8334279435189319
mean_gt_cat,2a4ccc,desktop,0.527529684511481,0.4014296722513091,1.1176747027851441,1.4274881556640044,0.8272337356246463
mean_gt_cat,6722bc,desktop,0.5485159073888897,0.45109264112490055,0.9066068912101883,1.4186793830994155,0.8469838762068832
mean_gt_cat,16d9d5,desktop,0.5280391236732014,0.4213350372531046,1.0779358264502659,1.4426361040185527,0.8133424738260076
mean_gt_cat,f0f10a,mobile,0.567806122713727,0.5136203479244701,0.7183143691941355,1.2553868473931884,0.8372085670439585
mean_gt_cat,25e2f5,desktop,0.338191172619357,0.3734653046228063,1.3329109715997842,0.7265275047118103,0.7334577307278518
mean_gt_cat,dafb86,mobile,0.4475201296178349,0.4058585209032678,1.1108959571716166,0.8697677360882969,0.7118827754191103
mean_gt_cat,00fcd9,mobile,0.4807637459602645,0.42199750859931956,0.9808719955003696,1.2286506217341733,0.8158706369842583
mean_gt_cat,48a58b,poster,0.5403619325972888,0.4862387927197824,0.8742676750459948,1.289209435029109,0.7944142365665035
mean_gt_cat,cff421,mobile,0.3824518717989222,0.4611041574888066,1.1079956621825164,0.8244123130642859,0.7620944049821875
mean_gt_cat,09094b,poster,0.409435051637303,0.45255804231525143,1.0507552465981789,1.0246535151635423,0.793024766290665
mean_gt_cat,ea6aef,mobile,0.3927450365503795,0.46169142282086956,0.9152704968732173,0.964836790262571,0.7732644778974328
mean_gt_cat,fd0d5c,mobile,0.6128431218823869,0.4569277195694014,0.8383746456560446,1.387855300529946,0.8327677795898595
mean_gt_cat,e2dea3,poster,0.4175477638937343,0.36523434777720526,1.2825767014964204,1.1538942193889543,0.7947588833571819
mean_gt_cat,b8c70a,mobile,0.47014096309186904,0.5394238227607179,0.8110801169681515,0.9331398781625139,0.7316640874729601
mean_gt_cat,8ce365,mobile,0.6274845972451166,0.5641586155849743,0.7734499222419962,1.2143136426959522,0.7826089729887251
mean_gt_cat,865942,poster,0.36727795482026465,0.338032539469114,1.4216613134856873,1.1725390842416448,0.8108788808280031
mean_gt_cat,5efd27,mobile,0.718672642894651,0.6366653191307796,0.49441363340701394,1.1151312250512884,0.7725967990117553
mean_gt_cat,eeb171,poster,0.626058773972819,0.5214686275860773,0.7058332249227712,1.1695939673539517,0.7737221979700388
mean_gt_cat,110636,poster,0.7334105249086482,0.5806997704049363,0.5444146762567329,1.4281596647555104,0.8269604253204074
mean_gt_cat,c23e50,web,0.42040259968157667,0.3733351558515541,1.2494297305427682,1.0075270422364293,0.7681762669267844
mean_gt_cat,454f59,web,0.4004705879293105,0.3950742981994882,1.2514691665098654,1.0230397213267022,0.766213458909513
mean_gt_cat,d28ecf,poster,0.33823143419962476,0.3110681910615167,1.4917183207716143,1.0075447457406055,0.7772484569314202
mean_gt_cat,2917cc,web,0.2552477302749045,0.3010402859231204,1.7106776834576127,1.0486995796353669,0.7906753354989624
mean_gt_cat,4571a8,web,0.37395699285454487,0.39754667892524653,1.394528866146733,0.9159093886244002,0.7418826737054383
mean_gt_cat,349e93,web,0.36725662400697295,0.3412513192143149,1.4263796996571048,0.953031425179109,0.7538189683419622
mean_gt_cat,7d1335,web,0.48054275379829237,0.40256408039138475,1.1098176188195386,1.2730601289034063,0.8112598001669623
mean_gt_cat,ffdc28,desktop,0.21880537705336225,0.3139761443952771,1.7946840187421813,0.814887876396248,0.7647019563642338
mean_gt_cat,1bc531,poster,0.6317659952638449,0.4150043199355852,0.9868374557892058,1.934656186183295,0.8960264246211521
mean_gt_cat,bcdde6,web,0.48319379379476796,0.3857133725577622,1.160827918912287,1.3028752491131985,0.826758823735178
mean_gt_cat,700dbf,web,0.4428331800927243,0.41634278819043213,1.144599384885391,1.20951621214104,0.8119072100176095
mean_gt_cat,2e5cd6,desktop,0.45438291182708074,0.31793667444082113,1.3710521759288203,1.2170365015983653,0.780788690206982
mean_gt_cat,e8b226,desktop,0.32047153266346046,0.3430212365533563,1.514610095592458,0.9461601973280257,0.7716712234616376
mean_gt_cat,3aecb7,desktop,0.3571834336197812,0.3534113816534485,1.341823692469796,0.97591131756402,0.7670725930056106
mean_gt_cat,81e5e3,desktop,0.4311695722373604,0.3777534213577946,1.1979482751808597,1.1553303228023557,0.7947202392022705
mean_gt_cat,5062ba,desktop,0.3936631191877408,0.38474435489212394,1.2674194272675745,1.0149856608647736,0.768500094160934
mean_gt_cat,3f3349,web,0.4427995322233542,0.3842033760777483,1.2178962312396138,1.1648960660368077,0.7925861871245669
mean_gt_cat,07950c,desktop,0.32887062175148374,0.303370174929466,1.794455844391005,1.3935450563393819,0.8085999567374618
mean_gt_cat,67225a,desktop,0.5186860369651771,0.4632227616079799,0.8909899154220561,1.1607677685015405,0.8056604106035481
mean_gt_cat,529ce0,desktop,0.26320226624997367,0.34234558882755434,1.4718793324293529,0.844024473969035,0.7480722487556037
mean_gt_cat,5bcc14,mobile,0.3787505982841044,0.4331700071987888,1.012306040391067,0.7834079368617501,0.7521667113616317
mean_gt_cat,700a42,mobile,0.4756467231154677,0.5044785982814366,0.7920429838329122,0.9775728407125822,0.7862813104680387
mean_gt_cat,39f80c,mobile,0.5446959971203578,0.5253891174855446,0.7412577529435259,1.1778904559702392,0.8034432005476915
mean_gt_cat,80e107,mobile,0.3446819488768816,0.39862009248914815,1.1985109443636675,0.7074361966300018,0.7058045373869654
mean_gt_cat,a69a78,mobile,0.5954932356355969,0.5357948255580129,0.8066262194223,1.1234478185135965,0.763535057031006
mean_gt_cat,78666b,mobile,0.6142220596343556,0.49340527548251956,0.9140564413086704,1.196709296165442,0.759772037478558
mean_gt_cat,2b80bb,mobile,0.6346376831276872,0.5322050639601579,0.8274685122510425,1.4387727914889585,0.7963516240736763
mean_gt_cat,e93e5e,poster,0.3524561395592446,0.3202489780172573,1.3930442248860118,1.0455471687071973,0.7897663067150394
mean_gt_cat,371069,mobile,0.5721771242468984,0.5104125498275313,0.8255009642961199,1.0862503381113262,0.7394858318452456
mean_gt_cat,8d7422,poster,0.5133708870172552,0.3881842291630818,1.1010236323103546,1.3689011507091435,0.8443052852071528
mean_gt_cat,6e6daf,poster,0.6054455329126506,0.48256916702138203,0.8810067288259049,1.2101839890817514,0.7772513847375166
mean_gt_cat,ab791d,poster,0.6896462133372228,0.6246127023426076,0.4889605685050237,1.319685432914122,0.8172639286380778
mean_gt_cat,c3c939,web,0.4460780987759642,0.37522076825186856,1.3095833418555705,1.0165645988351892,0.7469392089133833
mean_gt_cat,cd91c5,mobile,0.7349901228144573,0.5469173143689517,0.6270996571335498,1.873356602641769,0.9057324914621576
mean_gt_cat,009085,web,0.5433382724688895,0.3614851751967655,1.1817656204675706,1.7549331035254152,0.8773181050777601
mean_gt_cat,b28a85,web,0.3526468327931923,0.3224436025262877,1.5531557180267617,1.1555311659580956,0.7916821277803936
mean_gt_cat,4093f0,poster,0.4243504137273809,0.32469416325823336,1.350138771645609,1.322829000674662,0.8213060453615977
mean_gt_cat,a9793b,web,0.1636706187179912,0.2660316507162929,1.9134545678991786,0.4345913350960497,0.6742342964963894
mean_gt_cat,09d1d9,poster,0.5949989685360981,0.4096408602536192,1.0023095505323814,1.9642457559953987,0.9086692192826518
mean_gt_cat,38dec1,poster,0.3328597945827988,0.39246640312953157,1.2904029206178949,0.7732950832236063,0.7285506359809832
mean_gt_cat,b8a1c2,poster,0.5346214010110236,0.3926872419560758,1.2688683280328341,1.4604919456473642,0.7972911522301926
mean_gt_cat,48806f,web,0.36599185359804126,0.35848659572069724,1.3297510798639463,1.1610294086644628,0.7983460123328407
mean_gt_cat,b93b7e,web,0.38358039485990275,0.40384401760407673,1.3285746234125133,0.9979782608376301,0.7486766830156991
mean_gt_cat,5a64a8,web,0.29805304505596364,0.3447552136596639,1.4147758523910354,0.8280992389488057,0.7608000773735399
mean_gt_cat,21d79e,web,0.4177541388144121,0.40694496896522886,1.0995465339328279,1.0035135273901628,0.7824026852702687
mean_gt_cat,daaa3f,desktop,0.4285433476381699,0.3644092963891844,1.2573954304787534,1.0541370629580442,0.7728445125814278
mean_gt_cat,cf477d,web,0.6109853270287037,0.44564341877161256,0.9443861900296078,1.7191369168801272,0.8731403532861549
mean_gt_cat,48582c,poster,0.41130179175192627,0.33614509048674895,1.367463363760131,1.2464305586689248,0.7993740433673265
mean_gt_cat,d165df,desktop,0.23919041793939524,0.2777397619988522,1.814939883247847,0.5293384033029139,0.6536167715227015
mean_gt_cat,5b5a0c,desktop,0.39358325309239883,0.3668729849748953,1.2585116052205274,1.1552166473615781,0.7975068261166735
mean_gt_cat,46e6ec,desktop,0.37510461679637075,0.3474501303347915,1.3997627066143312,0.9174099140812517,0.7424683071123909
mean_gt_cat,c7e7cd,desktop,0.4396061683398243,0.3885285340496715,1.1424291101546196,1.2197931627020306,0.8128569504673115
mean_gt_cat,fcac91,desktop,0.22328465050350416,0.2148124415205255,1.9275978641063518,0.9561695329980926,0.784324597607712
mean_gt_cat,d5f959,desktop,0.43539583961739237,0.3496393393001485,1.35181049217592,1.1533962768074857,0.7651183635913938
mean_gt_cat,c9e860,desktop,0.40857828480625524,0.2900779600441957,1.5307388285714252,1.638163412226265,0.8788370344148584
mean_gt_cat,9b2668,desktop,0.43136373704198083,0.3311177012213831,1.4116522677325052,1.1890988899311963,0.7708820163535605
mean_gt_cat,3b6541,mobile,-0.01570467477740479,0.2482978441088,1.9230741242159786,-0.05106123459011943,0.5330174599222313
mean_gt_cat,b33b46,mobile,0.4302803174362423,0.34741871527415163,1.2072169729631461,1.142340234230234,0.8243578566031872
mean_gt_cat,599a18,mobile,0.5695094801779401,0.5414214072592951,0.6645103047343381,1.1712942375917104,0.8199078654619586
mean_gt_cat,b36130,mobile,0.5358686156484056,0.47956326395221216,0.906502269947298,1.0325594251268713,0.7335146339737211
mean_gt_cat,4e14f5,mobile,0.3113694944462597,0.393677541713176,1.2430903606980057,0.7980222133570953,0.7117755094191278
mean_gt_cat,7cf580,poster,0.5856807497101171,0.4820378404624089,0.8507400489648984,1.24614760240006,0.8018477744586366
mean_gt_cat,6cb6d4,mobile,0.395587134927191,0.46350069238321895,0.963354914907696,0.6680962143128646,0.717058904264474
mean_gt_cat,d31d43,poster,0.09193369436186503,0.20059555118067268,2.3367818473961517,0.6416522391571569,0.7066107083970143
mean_gt_cat,4193f2,mobile,0.09431950570446962,0.3378531089996079,1.5418648334071947,0.20241869875521448,0.635582407359816
mean_gt_cat,dc2864,poster,0.3335057387402901,0.3128854221702659,1.434807714156559,0.8299995046163269,0.7532185348182693
mean_gt_cat,3ea1d8,mobile,0.39433066622091195,0.4381543642070427,0.9830490909943813,0.8594117211919099,0.7520258051199536
mean_gt_cat,a16835,poster,0.365518937854434,0.3130745693236872,1.3965810164022665,1.1726268270852616,0.8140993912618011
mean_gt_cat,e948ad,poster,0.5638993435641474,0.4075529087739437,1.035711863839653,1.370789417740041,0.819708129030673
mean_gt_cat,d2c979,poster,0.6558070269878011,0.5327786710288156,0.7808438769273953,1.1769868267910932,0.7646340237910932
mean_gt_cat,31b0f0,web,0.2916414867277094,0.31915796439752353,1.600314154041253,0.7420582248275857,0.7077071279780376
mean_gt_cat,18230e,web,0.3817234986499676,0.28725391115290844,1.535304941340537,1.2859481498621956,0.8409835112132967
mean_gt_cat,e0f578,poster,0.4253667085023823,0.4645678155178869,0.8994150737951786,0.9198285201294294,0.7685992020201211
mean_gt_cat,ffd262,web,0.4574261908180587,0.4228586370630893,1.0380068482668885,1.035165558732718,0.7940810528460029
mean_gt_cat,e946d8,mobile,0.41977815991422357,0.4412129883453978,1.121675751543853,0.8044028078688567,0.7051445471077573
mean_gt_cat,6e6737,web,0.600775091372924,0.5188749489228665,0.7349004747692942,1.4188381069859834,0.8427225888380305
mean_gt_cat,a2d191,web,0.13688392263743493,0.24360302610957202,1.723994679059739,0.600763769851392,0.7481494143630814
mean_gt_cat,5f562b,poster,0.49602788053568814,0.48178329473245957,0.8824412027527802,0.9097975647578691,0.7388111556790554
mean_gt_cat,4ab184,poster,0.5238470570869715,0.42663109739310495,1.075480481303683,1.138546558301942,0.731192730935033
mean_gt_cat,71e30d,web,0.47048364331395987,0.3832363069005226,1.2162043355448688,1.363495401053716,0.820297551333744
mean_gt_cat,d9baa1,web,0.34092638509280104,0.29693228423417195,1.6008464838117933,1.008052478588761,0.7927952029586456
mean_gt_cat,96f6e0,web,0.2446599152274621,0.32333363143666594,1.5435764974455242,0.6408478891708809,0.7228882954397997
mean_gt_cat,5073f5,web,0.32275935256423,0.3225463425918931,1.4483369784648064,0.8734344139797751,0.754162022636313
mean_gt_cat,5eb5e5,desktop,0.42182435962415693,0.28105625852226224,1.6665822490729336,1.4336717054689518,0.7881715434812097
mean_gt_cat,42b098,desktop,0.2527895998562826,0.26542622339501887,1.8811697506756389,0.7111915499307595,0.7264813213673924
mean_gt_cat,0eb2be,desktop,0.4076807969663503,0.29857527653842714,1.5874479411565743,1.3364088137959986,0.7982341498009924
mean_gt_cat,2c663c,desktop,0.441234174657928,0.3234960243365712,1.6069809849247827,1.2394430286204516,0.7874768266940786
mean_gt_cat,0720ce,desktop,0.4347823187624055,0.29049716940910564,1.5035570834725556,1.4686223477957567,0.8282741477258235
mean_gt_cat,512240,desktop,0.4567361457731819,0.2974190998162367,1.4685420093419919,1.6720219530647433,0.8609974922060479
mean_gt_cat,d320e4,desktop,0.41716235557800146,0.3669743029889312,1.3008605859708904,1.1209170464413967,0.7907135453758485
mean_gt_cat,ab9e2a,desktop,0.2823042566170229,0.23089591780875784,1.8990720700600197,1.1195864029007474,0.8095256026015424
mean_gt_cat,0ff0be,desktop,0.3240425302844388,0.24871920491425453,1.8191042076222208,1.3280296121180568,0.8247647110012243
mean_gt_cat,f38ac2,mobile,0.3186986717834426,0.36305630417957513,1.2801967863473838,0.7158751083086512,0.7258806103351911
mean_gt_cat,96d95b,mobile,0.3408483133637846,0.31041410742572545,1.3974626260679701,0.9445862625046337,0.7920476476369918
mean_gt_cat,f96a6e,mobile,0.6243407323382845,0.49853019613182176,0.7735709833255495,1.625784460250441,0.8770708051346553
mean_gt_cat,2e9a8b,mobile,0.5444876070198011,0.44584111568219886,0.9727400701144401,1.5766397721941916,0.8696124453628756
mean_gt_cat,f05508,poster,0.23605327552543875,0.24422412898944873,1.8001807678998434,0.7736102425547319,0.7364570291107736
mean_gt_cat,39fa7c,mobile,0.3454125747816313,0.45916322860353787,1.1570329821746985,0.6588537609971374,0.7113485435553342
mean_gt_cat,2b7751,mobile,0.48207884106062515,0.4129546331534855,1.0510045122859282,1.3369288718375172,0.8524195645602374
mean_gt_cat,e69624,mobile,0.14595339752693767,0.32316701664376524,1.5399045332988592,0.4299982871066442,0.7166839891197996
mean_gt_cat,1c2bc5,poster,0.3304668995609564,0.3185427197088546,1.5035422197927526,1.0630620187162847,0.7845418169188134
mean_gt_cat,6b51ee,mobile,0.7522478604257501,0.5812964044564976,0.577546023956073,1.522587744267656,0.8490844899815614
mean_gt_cat,020ba5,mobile,0.56293639492184,0.5097727707534371,0.7378931321925195,1.3498521028331882,0.8465231455058613
mean_gt_cat,b5edbf,poster,0.5822878985670186,0.4822745907007845,0.7950494808086553,1.3413792766308272,0.8539035330943107
mean_gt_cat,f68906,poster,0.4050916234888312,0.3999003877694398,1.1192743470830357,0.970914041769703,0.7243349764917971
mean_gt_cat,c41f2f,poster,0.4309536303789788,0.4191459941381042,1.1035721906359681,1.1548559204015363,0.8080865273136978
mean_gt_cat,8b12a0,poster,0.5206619935511406,0.34520686632063907,1.2316042511131902,1.7012198612365605,0.8849648299176296
mean_gt_cat,16a273,web,0.31561080733160485,0.2962389169214837,1.6707377487498105,1.0097963560431131,0.7488984755638594
mean_gt_cat,856a72,web,0.36078761101728374,0.3298237408707139,1.4242142293156919,1.095549037659227,0.8040866045110162
mean_gt_cat,b67326,web,0.3346507842821794,0.303976425621257,1.6141138334175058,0.9375075123079099,0.7444279552550033
mean_gt_cat,7aad84,poster,0.5659311932669524,0.46266335634303984,0.8767518138492932,1.3861704236504173,0.8217226599740175
mean_gt_cat,2b48a6,web,0.5513834625897152,0.41460880577347076,1.0332656138434104,1.6630171281919033,0.8854257748345365
mean_gt_cat,63aef5,poster,0.6842748656767017,0.49056878714816626,0.789196940920465,1.9047819956455625,0.918051613566898
mean_gt_cat,a3d37d,web,0.3892649040736387,0.29386221531233464,1.4833627800785751,1.543904682930023,0.8666196343889819
mean_gt_cat,7f6c14,web,0.43561684973397713,0.32170419723540344,1.447318572545691,1.4048598737680453,0.8301683326111725
mean_gt_cat,45d01a,poster,0.5824698663083557,0.35236378796987144,1.2016014558415753,1.8966592456790168,0.8881107670591478
mean_gt_cat,14a7b0,web,0.38284425364086777,0.28075807914913986,1.5495939616441943,1.576717436622504,0.874846976738119
mean_gt_cat,5b04c4,web,0.45785205454048894,0.38125157735727444,1.205281468487048,1.549576817260371,0.861570066470974
mean_gt_cat,d8d91d,desktop,0.34560438919567377,0.28212370388833363,1.721324875885664,0.9762385726666999,0.7423217265309353
mean_gt_cat,c35930,desktop,0.22491870083068538,0.23526852179226695,2.0080506632783557,0.6991640203926572,0.6943771452573504
mean_gt_cat,52fbfe,desktop,0.3896858651665197,0.3153128749961321,1.4024882133402525,1.3525661012106003,0.8489458603487088
mean_gt_cat,61ea3d,desktop,0.27835255089115674,0.23875736674990622,1.8429360704539386,0.86257001711256,0.7408803491616438
mean_gt_cat,c6a670,desktop,0.43810754093378784,0.3530249217292585,1.3206635632697252,1.1052984726750354,0.7676006094488281
mean_gt_cat,1ce5f5,desktop,0.39462603246747163,0.27566872514047586,1.657901158615105,1.7082000068209486,0.8708256138935565
mean_gt_cat,949207,desktop,0.3147359645222253,0.2896869748088045,1.5266903466783655,1.0647894432022393,0.81233866891382
mean_gt_cat,869868,web,0.25169878518429806,0.23448943737121178,1.9838989549694421,0.9875465634605507,0.7505591820359464
mean_gt_cat,55079d,desktop,0.3867760859312648,0.2767169717738868,1.6366280077432496,1.5568882072220644,0.84498390260644
mean_gt_cat,aff2b7,mobile,0.6181776807529537,0.4526720997093356,0.9323274554950639,1.7780224581497175,0.836334265783315
mean_gt_cat,fafbcc,desktop,0.35368981520541654,0.30359918681124964,1.4985183420316854,1.1802182619685162,0.7990274118722221
mean_gt_cat,10b93c,mobile,0.5767492664999552,0.44009335316196396,0.9775257790936719,1.7470550553314212,0.8840683290959853
mean_gt_cat,f21770,mobile,0.6416768994741711,0.48257312822489473,0.7924103350313841,1.7454513562775824,0.8952740554419659
mean_gt_cat,b7690d,poster,0.41277028684773237,0.35051775697221366,1.317708868153317,1.1260109805126113,0.7761517399623297
mean_gt_cat,00d37d,mobile,0.4295513843957345,0.4380257583599595,1.120938759769448,1.102621840520777,0.7678291212696046
mean_gt_cat,5b5e85,mobile,0.46486288708540774,0.402129694561816,1.0157480006913695,1.340991433550216,0.8573539330452441
mean_gt_cat,064f44,mobile,0.48829323585811824,0.40343847857520604,1.0902851384209704,1.4819789189762171,0.8501045244430673
mean_gt_cat,a4f49f,mobile,0.5480531477690991,0.3721550786924343,1.1379791333276628,1.7940357887368874,0.8898582257655717
mean_gt_cat,3c29dc,poster,0.5593044116601029,0.4931521229862459,0.8167008511433796,1.3825300581301132,0.8338246578497918
mean_gt_cat,25d5bc,poster,0.43377173017192483,0.4106767127764341,1.0647455563724089,0.861295196463385,0.7611313590543973
mean_gt_cat,b46333,poster,0.4083133851663247,0.2988882003176069,1.4483689173193814,1.556520834609149,0.8681277464253072
mean_gt_cat,52b67f,mobile,0.6721020787482663,0.4390495668082463,0.9213462594824853,2.1785930528119857,0.9393652228481362
mean_gt_cat,9f2268,poster,0.5030027364805876,0.39147981268358906,1.2000326084060493,1.3033496815369798,0.7910065959817039
mean_gt_cat,7d61f6,poster,0.310221044972933,0.30668513069783826,1.5563517826977602,0.7038696929901663,0.7082766776928135
mean_gt_cat,39a8fb,poster,0.2596940026507101,0.39417078815271184,1.2924922252972395,0.6356491549453547,0.7439156439332283
mean_gt_cat,70d755,mobile,0.2549856269990961,0.36568411413817803,1.514701314775868,0.9844230393465256,0.7652930657317736
mean_gt_cat,0f858f,web,0.4026272035129252,0.3929529713150499,1.1655652889438397,1.0416320491022422,0.8046880004137579
mean_gt_cat,2ea01b,poster,0.4642714126903699,0.4183351331291707,1.2128096110946092,1.2017508375604207,0.7837117418626998
mean_gt_cat,bbc4d8,web,0.539569550432109,0.4329663850711546,1.0178729668987505,1.4440288497548972,0.8386263261995686
mean_gt_cat,ddc145,web,0.37008037986913117,0.2686979063480502,1.60116486320547,1.54296175246264,0.8737611621036578
mean_gt_cat,1d1d01,web,0.583809714325362,0.40843479141525074,1.0441570185722238,1.6795811220834986,0.8684438467190738
mean_gt_cat,e0966a,poster,0.45319339640512124,0.3472400862577384,1.2013153509738834,1.2488705966606957,0.8327960164010053
mean_gt_cat,042af0,web,0.44823189253706,0.3151323691864663,1.3679965879545017,1.548094627145182,0.8613920377245357
mean_gt_cat,a0e299,web,0.3385934858579862,0.25744032491215196,1.7621577188182576,0.8623342313015528,0.7204665766287484
mean_gt_cat,7881e5,web,0.4095782958954373,0.3677905656882503,1.297329264956392,1.0103077458661711,0.768587244452595
mean_gt_cat,3a7320,desktop,0.4483375945738888,0.31820212816254934,1.3633260317365352,1.3416614845460566,0.805221663622534
mean_gt_cat,73386c,desktop,0.28474573730671965,0.3639164423545062,1.4822340993161396,1.0267387952321005,0.7699218599153408
mean_gt_cat,387531,desktop,0.5702574213744411,0.45658708938580983,0.9521344063943632,1.4545526145996308,0.8349456176887281
mean_gt_cat,ecd2f0,web,0.42460266453066786,0.27300046986043985,1.5543240425801559,1.5236377123790037,0.8439303076567873
mean_gt_cat,538ccc,desktop,0.3207438775323069,0.3180576551198885,1.5394503555126438,0.8954656366960924,0.73424717101366
mean_gt_cat,e3d8f9,desktop,0.44342545747732715,0.3979668865834613,1.1456389112878336,1.2415797155427903,0.813560624750777
mean_gt_cat,009d6b,desktop,0.44090320515688786,0.4017910938460263,1.292700331585047,1.0314415907638845,0.7432033463429786
mean_gt_cat,f01758,desktop,0.46015163316268826,0.42508591043352195,1.0141642951758834,1.2551218926726246,0.8296678019952807
mean_gt_cat,6581b4,desktop,0.37423159720604315,0.3659707811892001,1.252146296222621,1.2169134197560807,0.8323487340774884
mean_gt_cat,6a4f04,web,0.36776869256333056,0.2905867390528704,1.5392681397648342,1.2106729166340007,0.8271270630000439
mean_gt_cat,6e09d5,mobile,0.46511318506037475,0.5033940047687686,0.8033417416011017,0.8832481079381074,0.7546556420604047
mean_gt_cat,623ccb,mobile,0.4567392317249155,0.506180779749911,0.9608584900104769,0.8103098072041978,0.6977505026733577
mean_gt_cat,8bc82b,desktop,0.45047829066393896,0.4287467085724744,1.0590472576260448,1.3563701406049002,0.8348594923254365
mean_gt_cat,cc787e,mobile,0.6088472548325976,0.46045326755712046,0.8810583470660955,1.4782195609864064,0.8153442049244801
mean_gt_cat,22411d,poster,0.1332861346648107,0.2942644347186256,1.8208392248814045,0.3991614476776929,0.6793276020701433
mean_gt_cat,eb529b,mobile,0.36602565755161665,0.4402185785076982,1.0840012280909774,0.8184310353259593,0.7408159629834821
mean_gt_cat,c9131a,poster,0.5641183081896715,0.46705772750239843,0.8640590497144882,1.2906685460913851,0.822950781264456
mean_gt_cat,b602c0,poster,0.464060283735267,0.3913097914356794,1.1022817502539746,1.4121151181146723,0.844284986737514
mean_gt_cat,e8d8ff,mobile,0.6556938615574917,0.4259418582250818,0.9153097247774917,2.077877168914374,0.89177441816092
mean_gt_cat,aa635a,mobile,0.7198602449089322,0.5922078720737594,0.5910764265440133,1.5776897972858162,0.8250477268874467
mean_gt_cat,935ba3,mobile,0.7527029486895079,0.5747572742829505,0.5745600415230834,1.7272983616210689,0.8501776803332386
mean_gt_cat,661e84,mobile,0.7134075377264161,0.5416325492745268,0.6506348563423303,1.8859029142356578,0.8801979463734564
mean_gt_cat,93562f,mobile,0.26387674319684534,0.44009860325120004,1.0279624492186237,0.4474811087642025,0.6857396880063749
mean_gt_cat,0b81bd,poster,0.6346587344281784,0.4719281234019215,0.8640070426087196,1.503211226680404,0.811922552629729
mean_gt_cat,935066,poster,0.5543018844918637,0.5661924435334293,0.6050571205109406,1.172185087238223,0.8125066333835255
mean_gt_cat,4afbad,web,0.4623299224949261,0.34795305725703923,1.2803113471591054,1.2351486514835308,0.7988646007636164
mean_gt_cat,a26a7d,poster,0.5398413683496048,0.5720515959597962,0.6275320552139387,0.7530413365914753,0.7264860439321441
mean_gt_cat,8dcfba,web,0.5022352418939621,0.4530890163820117,0.934093092295135,1.407000714527024,0.8496840912851724
mean_gt_cat,e7e0d0,web,0.6523366375844112,0.5441411095151483,0.683687481047941,1.282247552774206,0.8191034516336079
mean_gt_cat,b02b39,web,0.3832842795782243,0.3633910775393014,1.3315275757569571,0.979360295917445,0.7739721907356397
mean_gt_cat,a8f62a,poster,0.6387702689588269,0.5317648050006613,0.6872032108798536,1.2282359330425994,0.7801505641376337
mean_gt_cat,8bcc12,web,0.6163622564737499,0.484973661522853,0.8136246396457288,1.7982524868969159,0.8974325255404808
mean_gt_cat,e7022f,web,0.4672964370134652,0.3976300567153318,1.0983335875924671,1.2881830439979942,0.8263725144142201
mean_gt_cat,3250cb,web,0.40790650539758927,0.32482713429127585,1.40897443350991,1.225860883320167,0.7923493841252807
mean_gt_cat,9e5e48,poster,0.41359795083220996,0.4055273020435765,1.1341021804579197,1.0090032513091143,0.7804053290807129
mean_gt_cat,82a8ca,web,0.46558743783405654,0.39144072904837085,1.124111438581252,1.2947660227659863,0.8291333813442177
mean_gt_cat,d924c7,web,0.3426015715463064,0.3645627955397177,1.3968646504050466,0.9604642537482442,0.7691738369228339
mean_gt_cat,285c1c,desktop,0.4314966934179515,0.2762223350761807,1.6430752457514624,2.136514517686318,0.9323407754332954
mean_gt_cat,ea4596,desktop,0.3128617120241515,0.31957742700323843,1.6599057396438792,0.8318069848939117,0.6992714831511487
mean_gt_cat,ccf32c,desktop,0.2834868773803418,0.21411589606377118,1.9763578278962992,1.2656160945493649,0.8130691164475663
mean_gt_cat,555c68,desktop,0.3847114949635697,0.33393121001310444,1.363488279193301,1.2562127639861178,0.82627784069546
mean_gt_cat,2fe128,desktop,0.275149876268598,0.2735508272028539,1.6861122876887804,0.9806847792753732,0.7782443371894631
mean_gt_cat,583824,desktop,0.10888710215662065,0.17740686042630766,2.928784733423049,0.42468731176101,0.6401346416878716
mean_gt_cat,6f11a2,desktop,0.42238859119262645,0.37952168204177056,1.2757592617232076,1.2829631792525014,0.8362915086673931
mean_gt_cat,f4d6e9,desktop,0.2809465526009284,0.2921497303715573,1.6746799761429114,0.8639937585840954,0.738414355423734
mean_gt_cat,4867f6,mobile,0.6067144805812872,0.5740505851811402,0.7262290346208918,1.340875965968262,0.8282235372585862
mean_gt_cat,40f316,desktop,0.3225698126076091,0.26814473407515854,1.6309609180287907,1.2781533556483946,0.8419922063867338
mean_gt_cat,7e3369,mobile,0.4591382293681384,0.41857304439364984,1.0751828259181082,1.248603995563689,0.8039767601326683
mean_gt_cat,12a0ed,mobile,0.6246064745993124,0.5172538762648239,0.8771749908553035,1.3835353091448497,0.8220430207223055
mean_gt_cat,5f07a6,mobile,0.3038979205367501,0.3664540452865128,1.4168554504100703,0.7134913209108954,0.7055393437802292
mean_gt_cat,74e427,mobile,0.2525632368346047,0.35120624214399593,1.4387929876038676,0.4279867411406399,0.67566716169361
mean_gt_cat,163518,mobile,0.4663119664485691,0.4593796996768786,0.9443687723823362,1.2162775700387374,0.826975859696113
mean_gt_cat,943fdb,mobile,0.5100813446917574,0.4517447029133843,0.9728993541806055,1.097603672554375,0.7586665308098088
mean_gt_cat,eed5f3,poster,0.19220232428194267,0.17847905164750835,2.369084037306988,1.2642663602288635,0.8464563768931999
mean_gt_cat,51e73b,poster,0.12295694802966295,0.2332880989214413,2.0468000850771393,0.54313131845363,0.7341642461119194
mean_gt_cat,c9b04c,poster,0.40952587088630665,0.3017383997661403,1.5934646598955808,1.3400353045541085,0.7719467256807174
mean_gt_cat,f861f0,poster,0.4672445835760697,0.34997819892717696,1.2774116173001882,1.5107075789457165,0.869474353253755
mean_gt_cat,605f70,mobile,0.07773805523624111,0.28711869690163155,1.978715741740219,0.03990636507818639,0.5838550248574258
mean_gt_cat,01d4b9,poster,0.517597721102309,0.4958274486935883,0.8791372139631927,1.1479644853337059,0.7851014122151774
mean_gt_cat,fdc3d7,web,0.3788609096823251,0.2926390691132192,1.510144111105526,1.343491065717742,0.8382787941283228
mean_gt_cat,0f712c,web,0.4325419208105973,0.3784259128929927,1.1734259473153208,1.2646992191945727,0.8260153522205791
mean_gt_cat,0c21ef,mobile,0.6268388512387062,0.47322443862852537,0.9048581296662921,1.4186170808420455,0.7849751286557443
mean_gt_cat,e8739a,poster,0.6483320679341291,0.6244186583484785,0.518451946675496,1.0110438085087148,0.7602025325116255
mean_gt_cat,47293c,web,0.3794409051291795,0.32005973026864054,1.47604504208584,1.4503334615805805,0.8460709524588375
mean_gt_cat,2a97ca,web,0.4757161261751458,0.37076382786177275,1.4979208129132582,1.2021030777148711,0.7402959280143733
mean_gt_cat,ac484e,poster,0.3056519200231581,0.2277050556143846,1.8843181509198261,0.8589843159985738,0.7197564567068013
mean_gt_cat,f4a513,web,0.30624301347843297,0.35032592469078727,1.5379094912658202,0.7934542025806196,0.739744871356734
mean_gt_cat,c10e6e,web,0.37815491628937403,0.3201059332225902,1.3825856665870557,1.185832698874301,0.8167674138292811
mean_gt_cat,457f63,poster,0.20423603388471395,0.24426318277362152,1.956970946366067,0.7564948855958971,0.7153868085473805
mean_gt_cat,e3d6fa,web,0.5270020618577061,0.39460316228761216,1.0882460932766145,1.4285001865526936,0.835983497616828
mean_gt_cat,3364ed,web,0.43684270349410614,0.3629768983367577,1.2529817389084714,1.3938843830994216,0.8505703434641495
mean_gt_cat,d48310,web,0.3264458961053136,0.27157360964581645,1.7506669424839185,1.143040791104319,0.7843304952811323
mean_gt_cat,d205d8,desktop,0.4515121220349999,0.34275305643417564,1.3207025518545672,1.3210303955283378,0.8142800402125115
mean_gt_cat,adf8ec,desktop,0.17206288100939032,0.2211603434083909,2.0359157020085417,0.6882563290283081,0.7222020050730805
mean_gt_cat,432066,desktop,0.43246649346267146,0.40528382667229024,1.1664032638617252,1.1273765240323783,0.7945591348211569
mean_gt_cat,76b63f,desktop,0.33818750054162877,0.362793585801767,1.395420730628123,0.8424414870449146,0.7306863567015989
mean_gt_cat,00b8f8,desktop,0.519348560000002,0.39568045046494205,1.1231137521344345,1.3206277008304215,0.7850133742701964
mean_gt_cat,862f3a,desktop,0.30831333118637044,0.3772115511484191,1.2825581694452637,0.8212593921610059,0.7455076594777614
mean_gt_cat,f9e25e,desktop,0.46969461523713635,0.47185759368183106,0.9431640559499208,1.0806724218000945,0.7821263070275776
mean_gt_cat,90888b,desktop,0.49505691862188783,0.4121640032825114,1.144601586151309,1.242337014883543,0.8095071668153476
mean_gt_cat,f76fca,desktop,0.4106007910979086,0.2930543337151564,1.6004268651384643,1.968959119335361,0.8915356242508101
mean_gt_cat,d70468,mobile,0.497859773746715,0.5034339602840435,0.8521667627733601,0.8354087184166974,0.7601201478387206
mean_gt_cat,75361f,mobile,0.7654492660495271,0.6662039420974823,0.40847462928610034,1.3095568017510744,0.8215140826309799
mean_gt_cat,f08c55,mobile,0.6786906031946931,0.5768912685889671,0.5928840060701759,1.307469034153814,0.8149753655817791
mean_gt_cat,07e9bb,mobile,0.45327343532340914,0.5296167858761,0.846307153734543,0.8180026057668407,0.7135480684323902
mean_gt_cat,e624e7,mobile,0.3772796930228651,0.49060605735678137,0.9497791648261718,0.6742329935613397,0.708889180425166
mean_gt_cat,741c3a,mobile,0.6216122055308171,0.5027461576839479,0.8803629687918811,1.4972208995592262,0.8187211451210166
mean_gt_cat,b80cf5,poster,0.581721152408735,0.4416751016732139,0.9160932299616147,1.5160296140606764,0.8652011703933751
mean_gt_cat,6eb290,mobile,0.26579765925419063,0.35019326352085123,1.3965259927749385,0.6764926756058098,0.7124190435246615
mean_gt_cat,1a2169,mobile,0.5314137565098483,0.45982344147500387,0.8802454614804888,1.2974719550916272,0.8170558493354136
mean_gt_cat,e277d3,poster,0.33877084523369405,0.3595314152719581,1.3016597784544568,0.8903289281382852,0.7600525905226322
mean_gt_cat,aabc06,poster,0.40394467256436084,0.38953876546518706,1.2060991308757867,0.9545267364822035,0.7600636665745428
mean_gt_cat,dc537b,mobile,0.5276886352198571,0.46827726137755615,0.8696474470431876,1.1584167290808516,0.7636066069233307
mean_gt_cat,9e68c7,poster,0.3985082098662696,0.334727971693352,1.3658229993640347,1.0941386284651793,0.7720913230362288
mean_gt_cat,d5493d,poster,0.6601646653242869,0.4839222113779863,0.8211577548663453,1.7718274457262038,0.889838723470952
mean_gt_cat,bd7a8b,poster,0.6239399967411681,0.5800586391501239,0.559780730166832,1.1654648344121543,0.7841602779406314
mean_gt_cat,db81dc,web,0.3769044137562562,0.3911265802664122,1.2622633241533041,0.8736616310656491,0.7359059613134638
mean_gt_cat,074c75,web,0.47313778530515505,0.36533180967611867,1.228216602517571,1.5298153194922797,0.8567040056187766
mean_gt_cat,3d5500,web,0.4481596782478146,0.36395537282870444,1.2354621812319473,1.3060502353132586,0.8150753242593223
mean_gt_cat,d2f771,poster,0.4609935484789811,0.4222197549441266,1.0720410916317058,1.1366878509220815,0.7563824834689242
mean_gt_cat,ea57c5,web,0.5556528958687148,0.36953969571507295,1.2030596739143704,1.7802743421486722,0.8649415818981261
mean_gt_cat,5badb5,web,0.36436075050312694,0.39749952677410144,1.4083463609037836,0.9001675861236923,0.7347518974316207
mean_gt_cat,a069b7,web,0.4824488548189855,0.4136040788236653,1.0212709571987129,1.386614721809986,0.8471829976618829
mean_gt_cat,fb6dd3,web,0.5694432476282596,0.45264828692985715,0.9077512475515381,1.6726708070485137,0.8838057283969917
mean_gt_cat,773f17,web,0.44241131965638636,0.3705703339321401,1.2824911251326383,1.1798869475493121,0.7928935800547636
mean_gt_cat,2a1907,web,0.42636027953174127,0.35713256439699426,1.2717040241142514,1.4004934935075026,0.849882326303164
mean_gt_cat,056cfb,desktop,0.3866209769557477,0.3433057461087582,1.2679686041872729,1.1388483588667617,0.8194729582612252
mean_gt_cat,db86c2,desktop,0.3455427241436713,0.38281953792791745,1.498946701183975,0.9090282156180212,0.7334980737866578
mean_gt_cat,7d5fb2,desktop,0.2853403598868295,0.24215463050229638,2.036936207534903,1.2580201636242994,0.8014940933268259
mean_gt_cat,0ef9b2,desktop,0.211104661691295,0.23961209563413088,2.0121447172025,0.7430469001292459,0.7361874737518488
mean_gt_cat,37c0ca,desktop,0.2297354562730607,0.20125830147636456,2.003222070708444,1.0660449049886136,0.8154687668926016
mean_gt_cat,48a71e,desktop,0.37747733648633797,0.23332290741151016,1.8403550353214744,1.6089947637522486,0.8404163252934727
mean_gt_cat,0f85bd,desktop,0.32496448739640427,0.31487995023769855,1.623513691496213,0.960229613791537,0.7582302717978967
mean_gt_cat,370302,desktop,0.37485724243382906,0.24075730769853854,1.7015568006309447,0.9719465497364281,0.771937172581173
mean_gt_cat,6d4031,desktop,0.46472882465803644,0.32876068495890576,1.5309870849440101,1.475276956648661,0.8086751131819505
mean_gt_cat,3dbc95,poster,0.6251738395611521,0.4690446515855122,0.9252333985581231,1.514174965516499,0.8090940796364328
mean_gt_cat,61e6d0,mobile,0.3169031685052779,0.3718980831984112,1.485028911766393,0.7324685249550917,0.7176339838221298
mean_gt_cat,e228f3,mobile,0.3999840542825309,0.34064675117032184,1.3135418466814202,1.3973565528757232,0.8582070816215801
mean_gt_cat,71a0b1,mobile,0.4062843116876558,0.3557070585485117,1.4505110850204292,1.4640128931256304,0.8329330384749246
mean_gt_cat,733bb9,mobile,0.21412063243559892,0.24020934369397415,1.8198303183343052,0.8003536785969073,0.7754945541140373
mean_gt_cat,f491f4,mobile,0.4367991903821361,0.4328932751773522,1.0519586974377781,0.8958643109433144,0.7644986606096315
mean_gt_cat,6b1bcd,mobile,0.5222804222270924,0.3608191725579057,1.3443762643214399,1.618632470952635,0.794157531454097
mean_gt_cat,927918,mobile,0.44354055173591145,0.3923128848132458,1.1366091629929818,1.1915445176354047,0.7939765256869427
mean_gt_cat,c40b98,mobile,0.3621209146916774,0.40573187519011006,1.1578746894029792,1.0317132300784742,0.8161767342319306
mean_gt_cat,bc25a7,mobile,0.47681913328459197,0.3882603863979983,1.207688199224551,1.4209987668042594,0.8196751316254819
mean_gt_cat,65a2cf,poster,0.3754692731695666,0.2619215102268191,1.6729845650992785,1.2731249146788755,0.8053611522245353
mean_gt_cat,f2cbaa,poster,0.11198047062115053,0.2741294656101498,1.9467100616417021,0.35895034795540903,0.6267996694605673
mean_gt_cat,f1bad6,poster,0.2696568557439303,0.29010810468650416,1.734025203179737,0.8415862493016952,0.7331934893093667
mean_gt_cat,1a5c70,poster,0.3622256840156321,0.32384093703011446,1.6553104420482498,1.0784158174788856,0.727006117970306
mean_gt_cat,de4fee,poster,0.41170306546531027,0.32385538797197805,1.3696038590355457,1.3940664766955901,0.8582765529439628
mean_gt_cat,d50a8b,poster,0.408125373153886,0.3653281555964533,1.243483546546432,1.1972261070556551,0.8256384569015043
mean_gt_cat,25d2e6,poster,0.34063439011133634,0.2939721637433181,1.6371015287366844,1.0360939605942154,0.7560734201534401
mean_gt_cat,60fd02,poster,0.4509502735001423,0.35760770160499045,1.2119289277970735,1.308453407621362,0.841027339691308
mean_gt_cat,4e729d,web,0.3430541154164256,0.309968542749006,1.57786166630957,1.2387919581964446,0.8099275505606963
mean_gt_cat,a33aac,web,0.4112377541175375,0.24588454195867887,1.8036724886072812,1.4947061050455128,0.8287108334620437
mean_gt_cat,439c14,web,0.46073310837693393,0.3126948948061837,1.4482133721353279,1.6108448618360414,0.8502457524442067
mean_gt_cat,71bc07,poster,0.394848476451939,0.339038226868693,1.4233291407983848,1.1429103364120745,0.7541370825365507
mean_gt_cat,53faa2,web,0.3481292542665903,0.24850625778888638,1.8147943105323947,1.5142431442124344,0.8372055868631588
mean_gt_cat,8087da,web,0.34247426867900627,0.31447901888186186,1.69609361765824,1.0745235539303557,0.7341812348677428
mean_gt_cat,1acfdd,web,0.35171461434540163,0.2947121409495053,1.9094729686899072,1.4162164248687175,0.808186808330195
mean_gt_cat,95ce3a,web,0.2914484255055835,0.22749454673102362,2.0465047960361624,0.9339687776387553,0.7218711651581214
mean_gt_cat,6b2df3,web,0.43199683866085614,0.2867393767823125,1.5880641928306507,1.4600103724216293,0.8281147804778214
mean_gt_cat,edbb42,web,0.1994759603662412,0.21031037513430437,2.175217371423968,0.728624905427044,0.7042044097123733
mean_gt_cat,7bed0d,desktop,0.46153410187794663,0.39014712466908846,1.1745466352379723,1.4345662158790686,0.8319020675224764
mean_gt_cat,34558c,desktop,0.3642334303291207,0.37984673881605985,1.7169544607622074,0.7051127259140936,0.6577501996383108
mean_gt_cat,fb8701,desktop,0.5343837698899951,0.4386392805143739,1.0178307656532004,1.149225494547305,0.7690248466410033
mean_gt_cat,592a12,desktop,0.28207914625794983,0.3178957754431432,1.5437132462444292,0.925244541985799,0.746921212801033
mean_gt_cat,2bb7d4,desktop,0.43767619182029616,0.41484380818019895,1.1213235030551563,1.1535673526855779,0.7973182398446803
mean_gt_cat,a42ac8,desktop,0.5387014546226997,0.46319005734291857,0.9187466437362874,1.1687638411856063,0.7981983726090253
mean_gt_cat,f13c2f,desktop,0.45964398336934265,0.4070946347793691,1.0828262624592864,1.3016956961645456,0.8318601987377837
mean_gt_cat,c33956,desktop,0.33051618459845933,0.3588996523445282,1.3461279178458347,0.860129099948075,0.7695253237899985
mean_gt_cat,08a5d7,desktop,0.3772712972351365,0.35493269422710466,1.362109985727618,1.0800201654870396,0.79748144103011
mean_gt_cat,368917,mobile,0.5298958897961777,0.48046179443262066,0.8146507999491945,1.2053543114094702,0.8188605088133959
mean_gt_cat,49e81b,mobile,0.6304772367234837,0.5536916193878451,0.6824854266261848,1.1767744476849649,0.7805868436920103
mean_gt_cat,b80952,mobile,0.7253703024253516,0.5812082372999371,0.5446372586957264,1.4900969693693322,0.8362381185869631
mean_gt_cat,c29a4e,mobile,0.47643839943511873,0.4503273594701639,1.0228157514033862,1.0309110340417407,0.7734315130486169
mean_gt_cat,a0f84b,mobile,0.5495230335029895,0.5467186972842044,0.6887086155113296,1.070229529648587,0.7682530410476942
mean_gt_cat,7527bb,mobile,0.6285581724362604,0.43164236386724125,0.9357237954499422,1.4619378935971883,0.8085836669238806
mean_gt_cat,ddca3f,mobile,0.6330046676507423,0.48986868922155963,0.84579256069512,1.4998115840767126,0.8257120728985541
mean_gt_cat,a7f12f,poster,0.45926150987314773,0.3227118233614885,1.4725272753354295,1.3430764076450297,0.7648833103696954
mean_gt_cat,f60132,mobile,0.62025734183465,0.4953286677316,0.830538563325784,1.489018901732049,0.8382005919091289
mean_gt_cat,93749b,poster,0.49226751904101795,0.38770275963687006,1.1607762217136068,1.2791153369150319,0.8098497378443374
mean_gt_cat,a93c69,poster,0.5132775251124699,0.543765487128494,0.714957034387562,1.1050501561187205,0.7796520920715594
mean_gt_cat,46e99f,poster,0.6522189643962784,0.4733634086857585,0.8366894008202993,1.6276722301783275,0.8423226915901724
mean_gt_cat,eec240,mobile,0.46283679968177194,0.42091027136151127,1.1208223159903707,0.7706682545002953,0.6684000318790707
mean_gt_cat,557221,poster,0.652052816743018,0.5109150899616269,0.7715307081241612,1.4150417664535992,0.8207070067540662
mean_gt_cat,f33d51,poster,0.3336979010845599,0.4069466022582167,1.1420736338234785,0.6448205781419014,0.7269683508338912
mean_gt_cat,e9f7f7,poster,0.5083569496883994,0.43871373300431615,0.9634938603375728,1.3212444341166725,0.8360139678115914
mean_gt_cat,029a48,web,0.5432534870664592,0.38195390287484166,1.2051631792296689,1.5481361010268053,0.8472110399984636
mean_gt_cat,c40a65,poster,0.4075768974917974,0.3661775510484516,1.3018733093424482,1.1173024503057223,0.7750437181343673
mean_gt_cat,27c37d,poster,0.5222565027967148,0.36415847617914154,1.1829493452643367,1.56179878055819,0.8652474805686708
mean_gt_cat,a15dc1,web,0.45420154951155156,0.4244520056876881,1.030841200305072,1.061669500790121,0.7939027552736916
mean_gt_cat,3ae6bb,web,0.46664760724076637,0.3945007909686285,1.1045861747776708,1.114716250499839,0.7946837214253795
mean_gt_cat,d69abb,web,0.4073909587004415,0.29477249423739116,1.5102952073342943,1.5633926202123396,0.8632007773415438
mean_gt_cat,f7344c,web,0.45017757579315276,0.31291593568021236,1.4040872231247779,1.7333916701314032,0.8737793665225841
mean_gt_cat,24425e,web,0.45214685468951277,0.3789529412997474,1.1966273550326603,1.154922445121995,0.7980745507063887
mean_gt_cat,da1d78,desktop,0.6146974380179585,0.45301703567591955,0.8995456696824384,1.7687430191917952,0.8710937702568389
mean_gt_cat,3ae59a,web,0.36873524453285744,0.35376261222175387,1.2981279320288772,0.9684095496893979,0.7694912993594119
mean_gt_cat,fe670b,desktop,0.28209675634031317,0.3445671973645237,1.3298336447388535,0.9276991529576308,0.7824659166666843
mean_gt_cat,ce9bfe,web,0.4408129149482396,0.3601786345998589,1.2676666226724052,1.6628738676982537,0.8827595214958844
mean_gt_cat,2adbfe,web,0.3300388817318606,0.3072487523418297,1.558681447043878,0.8541733887900885,0.7423359863326391
mean_gt_cat,bf97aa,desktop,0.5073713445991394,0.4426640407184931,0.9997448424766644,1.1925127134288058,0.7993669974130914
mean_gt_cat,a05750,desktop,0.48801422244148895,0.442866330026418,0.9824400207741363,1.3633885088404312,0.8507694406423851
mean_gt_cat,2cb6b4,desktop,0.40113174283618236,0.27451233199136427,1.5929653732466964,1.5714055461286893,0.8512166993278555
mean_gt_cat,e2af38,desktop,0.39755935198285186,0.2897293529523222,1.5720062594856619,1.5685559062660972,0.8474798778605175
mean_gt_cat,4587b5,desktop,0.44765537858372345,0.4295902180178519,1.0179376915631482,1.1846685419948382,0.8187664665387084
mean_gt_cat,1f1fff,desktop,0.4538944551661682,0.3975161282933933,1.1526950212573808,1.677875843935315,0.8894229154824722
mean_gt_cat,39fd3b,desktop,0.40738045660386274,0.35252889633234574,1.4502921129452513,1.3626132571062934,0.8084499768570451
mean_gt_cat,d93532,mobile,0.598443875717348,0.550935700589498,0.6640316132942379,1.1807823597017173,0.7943674581106219
mean_gt_cat,c6c08a,mobile,0.6768963914812158,0.6234704820719035,0.5401455024281303,1.1113670878076138,0.7753319497331146
mean_gt_cat,ab7961,mobile,0.5869177647608691,0.5714107264010833,0.6216593020190199,1.0038624507264973,0.7497435202512218
mean_gt_cat,c9133b,mobile,0.36864527287784987,0.477686698459311,0.8834601769942664,0.5709496333914535,0.6965104950248283
mean_gt_cat,09d330,poster,0.4506606774014785,0.35138720247448346,1.3270995742789606,1.13864838889169,0.783987240465776
mean_gt_cat,0f81ca,mobile,0.6946991943348602,0.5830966586366108,0.5993786295049645,1.3761494027983316,0.8089609221682529
mean_gt_cat,26c4ef,mobile,0.3103292026138642,0.34772056221276904,1.25699493929932,0.7274203511091787,0.7303555007760022
mean_gt_cat,837df2,poster,0.3647998373932867,0.4206134466020475,1.0915277572286264,0.9435713131547062,0.7927983248176356
mean_gt_cat,7ee781,mobile,0.7055303264579518,0.582793523077588,0.5584551378601806,1.5124487119190624,0.8516627034309093
mean_gt_cat,55d981,poster,0.5728623040815398,0.5351535206315985,0.7248290405512308,1.1157134709870618,0.7877533857982429
mean_gt_cat,fd7c30,mobile,0.30691972474395274,0.4140411650237659,1.21096288620578,0.8750206191778932,0.7681364817508675
mean_gt_cat,88a176,mobile,0.6488319623959153,0.5637207473959716,0.5981740393094156,1.4264531184912934,0.8392087774275203
mean_gt_cat,9199de,poster,0.04646500032031593,0.3531009354148604,1.3581722053432503,0.13506565544447663,0.6271426974345878
mean_gt_cat,e70774,poster,0.49772974169220796,0.4365620107871875,1.0686197812018785,1.2087227151625533,0.8158959964263313
mean_gt_cat,b434fb,poster,0.3940293356726588,0.35030875472422984,1.3222579746876462,1.2071152060821997,0.8089867418140169
mean_gt_cat,e9465f,poster,0.4886324522048183,0.5091096514346771,0.7934986795163561,0.935799690940677,0.786674356714756
mean_gt_cat,88c9d1,poster,0.6699120096521802,0.5413432310761368,0.6411766336481927,1.327692748748376,0.8099266734303765
mean_gt_cat,3cf90e,web,0.6136347881394831,0.48110751045742534,0.8815621236447251,1.359430794032203,0.8051752583077718
mean_gt_cat,3478a7,web,0.5471088419596208,0.4584468590645376,0.9393929986702136,1.35543445334703,0.8219080859968418
mean_gt_cat,b901b1,web,0.5406482004620446,0.47679691578318284,0.8990784572005294,1.3256348062488859,0.8104605872897066
mean_gt_cat,441395,web,0.47262782395952707,0.44671971953199024,1.0742953750394664,1.065476225228877,0.7625601542047554
mean_gt_cat,24776f,web,0.24028258267655617,0.3267243288764343,1.5996538791686785,0.814496272447747,0.7564275503272687
mean_gt_cat,95b733,web,0.5701370840625073,0.4583439014157997,0.893674408551726,1.3296924046208172,0.8238911330425343
mean_gt_cat,9e8ff1,web,0.5238351817168814,0.3954405594435686,1.1418556582542445,1.4526362034205895,0.829656441187934
mean_gt_cat,7ce6d3,poster,0.6184959908682299,0.5609783452458394,0.6840122014701024,1.243117957793844,0.8049851037794047
mean_gt_cat,882e01,web,0.451082561026579,0.3965869192170278,1.1900995841223343,1.1074164933452397,0.7715140816461449
mean_gt_cat,c68139,web,0.47581044290507846,0.41417940155343597,1.1256196675672658,1.0672873133009513,0.7701901579556335
mean_gt_cat,8ff998,poster,0.6204841304890624,0.40880106292221274,0.9996152798053711,1.9317953347044152,0.8879603903883535
mean_gt_cat,d6cc23,desktop,0.1729745103879904,0.20701686502650504,2.116016595756041,0.5000263395770772,0.6729221960674153
mean_gt_cat,b49400,desktop,0.24309366346825717,0.2593400077209576,1.7992184775280327,0.9803758234201275,0.7903818377367181
mean_gt_cat,2675a8,desktop,0.2820635134512416,0.21686811462965958,2.062495424803999,1.7934023845426517,0.9001073041237784
mean_gt_cat,f3e3f8,desktop,0.43190385726972613,0.33385054254495944,1.306179286883147,1.5834189727503307,0.872911373543318
mean_gt_cat,a04c36,desktop,0.40594517346447634,0.3518976435415948,1.3648414579349988,1.2596142814997682,0.8122073223137549
mean_gt_cat,86c651,desktop,0.29898146453374574,0.19290798533897566,2.028489480168779,1.7293037785317702,0.8938301559163527
mean_gt_cat,af49df,mobile,0.47249467674064577,0.43122388593465055,0.9832512119864025,1.2900147194486624,0.8399517520119371
mean_gt_cat,4fbc40,desktop,0.13598759820874695,0.16583053747020518,2.847446506401349,0.6209355929127421,0.6458533368461297
mean_gt_cat,14c026,desktop,0.26582537974256604,0.1902116554238639,2.0904352823945898,1.2200374905326006,0.8020461894154391
mean_gt_cat,01ca85,mobile,0.5491264921217052,0.37771186832135495,1.2143740801672327,1.5305473976678543,0.8028500094037813
mean_gt_cat,3aced2,desktop,0.4233540072354435,0.356440079130637,1.2093379853578226,1.031178643988884,0.7965331562812914
mean_gt_cat,00d34f,mobile,0.4203710009617696,0.41309717952002717,1.1137519107921547,1.072830105045127,0.794443965404478
mean_gt_cat,b3ddb5,mobile,0.4858980507535577,0.37846020695520793,1.1993148051265896,1.5341642374350069,0.8575936732849351
mean_gt_cat,9fad4b,mobile,0.5785740085450541,0.3979832988985603,1.0904065572012613,1.744557666681363,0.8564101998264043
mean_gt_cat,79672d,mobile,0.6744968814469174,0.5002763071631078,0.7392483391751486,1.809544665668909,0.8891626755011726
mean_gt_cat,d9a22e,poster,0.46778597093107666,0.4047754211460143,1.159412804036924,1.2116657929843346,0.79860870951628
mean_gt_cat,4d987b,poster,0.32854614702402907,0.2805844437358873,1.7392076332149613,1.260981766393317,0.8076223615674083
mean_gt_cat,67522f,mobile,0.42205611228802864,0.3684144004733608,1.177988435133646,1.2413348372808015,0.843137992035586
mean_gt_cat,6d15ce,mobile,0.49818981516876504,0.3581397046770564,1.2847846154828324,1.704895261258673,0.8680895264699868
mean_gt_cat,f1e37f,poster,0.30573613655596366,0.3309988558267074,1.665067215414151,0.9616833650446263,0.7265957223705255
mean_gt_cat,42a9cb,poster,0.6357210132604123,0.4934931367457346,0.7807136386121247,1.9284211997645229,0.9234015599968817
mean_gt_cat,dd8251,mobile,0.5853089787196296,0.3905528739787619,1.0565934020230097,1.7032386997223856,0.8598113048534738
mean_gt_cat,c5ea52,poster,0.30682256467337715,0.2528104859893785,1.808659644757983,1.097203579307275,0.7499665779508704
mean_gt_cat,5baa74,web,0.2603244121150401,0.2101848847256884,2.069101646303566,1.1229505678339589,0.7793661734569295
mean_gt_cat,8b6299,poster,0.21123978877957078,0.2741142701095338,1.6861398447628335,0.7574617676668165,0.7508355678667572
mean_gt_cat,665c4e,poster,0.5645108181758555,0.4774347263892679,0.8973303205805229,1.3632522946720826,0.8362320623176454
mean_gt_cat,85e5ac,web,0.24552117402556256,0.33918348424164513,1.4865651700547602,0.7333961791377647,0.7502880657515825
mean_gt_cat,9204ba,poster,0.525847480511511,0.3788229337069678,1.2257325464162006,1.3606037532349182,0.8099098778445734
mean_gt_cat,5e0dee,web,0.26041342053386385,0.3026276564034857,1.6422632133986577,0.743360193433059,0.7269790917313341
mean_gt_cat,1c27b9,web,0.31062151348558364,0.25010140383368584,1.7479844555747979,1.099416838563671,0.78544839351004
mean_gt_cat,eede0a,web,0.46748974310487995,0.39999287615313805,1.1479244900556507,1.2485337719087917,0.8214406875292417
mean_gt_cat,bd57a3,web,0.19483305302936815,0.23973521134995518,1.9089811017761449,0.5468421801558607,0.7134403110345031
mean_gt_cat,d23a34,web,0.4993729713488452,0.37196400778229916,1.193465980060183,1.4672206134692414,0.8467628310391232
mean_gt_cat,4bb6dd,desktop,0.43915336053820675,0.3713847942086503,1.216657530964041,1.219330590102063,0.8166417206192821
mean_gt_cat,05890e,web,0.4443596787089118,0.3184997049760272,1.525794947546132,1.3292285119681038,0.7884656951105277
mean_gt_cat,a9ccfc,desktop,0.3956508977006842,0.37906069136134635,1.2250409462462357,0.9437896323120673,0.7738388384473116
mean_gt_cat,eed0db,desktop,0.006333762124995714,0.19160710233592104,2.5505615576207528,0.14644750034598866,0.6391966358661303
mean_gt_cat,0a87be,web,0.2500961539052049,0.21424452095034524,1.9859209536922715,0.8671012896771528,0.7479493193127122
mean_gt_cat,e20a6e,desktop,0.3277565906747748,0.32538080541216147,1.47051707050616,1.1253206145116892,0.8003249916448628
mean_gt_cat,147ff4,desktop,0.5296348789715511,0.3735878054628528,1.1417274100829564,1.4498782464018052,0.8202397193066623
mean_gt_cat,ed8647,desktop,0.288090057155027,0.34049019318989593,1.4879234496772653,0.9144950627278869,0.7847174937258554
mean_gt_cat,bf66e8,desktop,0.39408767607254985,0.3975041064178955,1.356870853700783,1.0435909000631602,0.7680260564607121
mean_gt_cat,de5446,desktop,0.5360527745790679,0.3929251877212595,1.14387507809642,1.462881396740119,0.8320265905333889
mean_gt_cat,55251b,desktop,0.19288188828264236,0.23221384255107827,1.9218058877995126,0.6645522244005413,0.7287579545371515
mean_gt_cat,74edd4,mobile,0.5454777017273679,0.4363486677206667,1.0282403874313601,1.4101150372266102,0.821672707174889
mean_gt_cat,9ba547,mobile,0.42014285126290396,0.4529767180173748,0.9730591694410327,0.9288855726457312,0.7795783260981317
mean_gt_cat,548c01,mobile,0.5123127187556697,0.5294092888319861,0.7609395488885268,1.0910005805612295,0.802054930956041
mean_gt_cat,3efe00,mobile,0.6219899745339428,0.5150386664028025,0.7339241384813842,1.337275592291358,0.8175635514157683
mean_gt_cat,f735e9,mobile,0.6608535781135056,0.46198004957907696,0.8542982398561859,1.4678888773208234,0.7944512809109462
mean_gt_cat,2b30aa,mobile,0.23731558096663175,0.3304464063134628,1.4824483058705704,0.7276003174806348,0.7351598699276394
mean_gt_cat,f1be04,mobile,0.15575172175705315,0.3110193843555724,1.6453733451186483,0.46866842703890393,0.6553136701837471
mean_gt_cat,4e2a75,mobile,0.3656890110172236,0.40710239552508937,1.0431499720863975,0.8157281315052262,0.7430116721129351
mean_gt_cat,8f669a,poster,0.36129529846812614,0.3443483830848097,1.3326323202433696,1.1533273158973385,0.8074893002043257
mean_gt_cat,62fedf,mobile,0.5263792591801,0.5620817629599585,0.669192477761569,0.8465836341964482,0.7425691933450923
mean_gt_cat,a47405,poster,0.45052372068845525,0.3854722795967079,1.1445644881431125,1.1333231478878887,0.814834253103176
mean_gt_cat,257df7,poster,0.2843633593927307,0.2934809832562737,1.6879492696562808,0.9548338029025671,0.756305731241775
mean_gt_cat,91138f,poster,0.4769094432037346,0.5262106988831673,0.8344346252651416,0.9407681404555122,0.7433815807288604
mean_gt_cat,05a1ad,poster,0.14046412020839885,0.27688509487921115,1.943674373053192,0.39998430445338196,0.6407622660855299
mean_gt_cat,d1f254,poster,0.19162965468256987,0.2324265456964964,2.0939687452793594,0.6321195147431303,0.6598083239584822
mean_gt_cat,628c6e,poster,0.20101820361608597,0.261165931161829,1.9003025817827723,0.5807909566051089,0.6549374887542109
mean_gt_cat,07a2c8,web,0.5141880644781325,0.3931658493611515,1.0990082138072876,1.4340096080874452,0.8343839149096286
mean_gt_cat,d7535a,poster,0.2409007761674022,0.3066438169902099,1.5917260748897724,0.5946556077010141,0.7039738003096837
mean_gt_cat,33d2a6,web,0.5290981749366668,0.3940144330294457,1.2211488578861582,1.503137549814498,0.8291414405722575
mean_gt_cat,d20ff4,web,0.1811916646068501,0.2294954227781394,2.0152870781618786,0.6152725676116572,0.7020573474747384
mean_gt_cat,714584,web,0.4286002417385197,0.36292747790376356,1.2785516019839631,1.3112062782584286,0.8268067250314373
mean_gt_cat,cad727,web,0.3566362847197093,0.37630467594032285,1.3254310844055897,0.8664691052907546,0.7481045432842636
mean_gt_cat,b3bf42,web,0.27522216072089495,0.325988472633855,1.4862200383614905,0.8486022889895922,0.7532052246795493
mean_gt_cat,268f27,web,0.4967897885117424,0.37520404379784966,1.181173165420885,1.2883511018671352,0.8178289672809167
mean_gt_cat,609262,web,0.5428368519977365,0.36558978965677225,1.1816629949265065,1.7918740481380908,0.8785766568567283
mean_gt_cat,58e0a1,desktop,0.15535253613169966,0.2477143265624236,1.993238402508125,0.4206120224474877,0.6724433934071995
mean_gt_cat,e99f26,desktop,0.48374345324402446,0.377536632225997,1.1908698997034437,1.5598754488624702,0.8567123781436583
mean_gt_cat,1e27b2,desktop,0.47397509591981524,0.39887956300283567,1.1618961640008936,1.212581803890568,0.7932206132237427
mean_gt_cat,c0233f,desktop,0.23240318287185718,0.29818617792523194,1.6711143476961583,0.7561024823203487,0.7405879717119518
mean_gt_cat,0dbd98,desktop,0.5230486213768344,0.37357235473656275,1.1260484649475824,1.5971271011464365,0.8602214711328726
mean_gt_cat,f20200,desktop,0.3925688304990075,0.3757080644393402,1.2250729742179312,1.1267151123322745,0.7980524409961033
mean_gt_cat,27f3f7,desktop,0.43335856165212044,0.41177447128531924,1.1590912279664858,1.005847037386072,0.7646771350242515
mean_gt_cat,bdf30a,desktop,0.48843807574483356,0.42828392270276744,0.9897240870738943,1.0748317202720454,0.7970347600534828
mean_gt_cat,8cb7cc,desktop,0.47459067272938216,0.4361084067105958,1.0393270774409682,1.0493424388781265,0.7742890889965531
mean_gt_cat,7b8443,web,0.47678406315926725,0.404992887456243,1.1409645016620973,1.2407934046333247,0.7949419738546014
mean_gt_cat,6af818,mobile,0.37423037369549594,0.3949692934125633,1.2160130802321756,1.0315682090982847,0.7896705784998928
mean_gt_cat,235508,mobile,0.43708671260477994,0.4621592618918624,0.9575551805158846,1.0103341537650692,0.7770748959330883
mean_gt_cat,759dc4,mobile,0.5171132574944808,0.5303539486925342,0.8345406708493022,0.7979035295572935,0.7304809408840913
mean_gt_cat,c84d32,mobile,0.43260790912552505,0.4656740415912779,0.924803565643983,0.6969013039213899,0.7163442891704572
mean_gt_cat,813384,poster,0.6009940105880603,0.42801697048301895,0.9774403318555532,2.0217158581261994,0.9165977305006913
mean_gt_cat,25bf7b,mobile,0.7106050201837921,0.5372529255198416,0.6743961947778095,1.7600115760095782,0.8886474390260236
mean_gt_cat,239f23,poster,0.12900916935518286,0.23670439796274734,1.9581045195301574,0.571553964740869,0.7561771913832894
mean_gt_cat,51fd1b,mobile,0.35293024810072804,0.42802108426022833,0.9932624227572021,0.7101836528130506,0.7386924723503546
mean_gt_cat,980144,mobile,0.595785765692189,0.5531910770524547,0.7251344183276514,1.0946372496903471,0.7525805106445712
mean_gt_cat,d375a8,poster,0.09260497282502148,0.35553999690213134,1.5023599354951145,0.3170768645449195,0.649797023182101
mean_gt_cat,319181,mobile,0.5358643939524486,0.4802385322334162,0.9127228709087913,1.1007322943684013,0.7715505317172201
mean_gt_cat,b4a191,poster,0.35397191582422005,0.3779036208404631,1.3041502145904507,0.8703048876014233,0.7275913185141453
mean_gt_cat,325d49,poster,0.4319298949681816,0.41462049169877224,1.0600054435229094,0.96160584299595,0.7678158035683079
mean_gt_cat,f63992,poster,0.43832291645759136,0.3580142312338043,1.2301983941400345,1.2190386118205967,0.8145070087809344
mean_gt_cat,f7b72e,poster,0.39230821084275747,0.3429314264922063,1.2921602693299397,0.9094704769458493,0.7496089629120809
mean_gt_cat,27b0cb,web,0.4395589619942526,0.2754337648957533,1.5266297057969527,1.4758361369324962,0.8378227762126955
mean_gt_cat,df1857,poster,0.33772170156373144,0.31701709092872654,1.4198033070379537,0.9180796368674109,0.7656758094178223
mean_gt_cat,c4b8a0,web,0.48575516150936104,0.44280686013679865,1.2369278576542353,0.905851669504666,0.7001094493853298
mean_gt_cat,0616a4,mobile,0.44549152460374564,0.4443875357066199,1.0003980549419265,1.027947754295865,0.7836109773854413
mean_gt_cat,3cc438,web,0.3797259783671628,0.3860151817465336,1.3444638855135955,1.3512713045106388,0.8256355339213671
mean_gt_cat,486fbb,web,0.48099671203262656,0.41063513334113316,1.0570970473092738,1.256319754146437,0.812869264640242
mean_gt_cat,57879f,web,0.46953617396545144,0.32912138144220865,1.3747745180587791,1.4781934420769463,0.8179366047628189
mean_gt_cat,bb4af5,web,0.5451188127188513,0.46440657468085156,1.0202188876470326,1.2820015731952727,0.7930709148633925
mean_gt_cat,d59f99,web,0.044217802560213154,0.2853320234813737,2.1730940923024047,0.17785579694507198,0.6204755357064193
mean_gt_cat,d7d901,web,0.4910518667816424,0.3838367336675707,1.244886994340813,1.1033838371297924,0.7566992870462078
mean_gt_cat,42941c,web,0.4483660178621139,0.39585151554633413,1.1193667232146338,1.1659502357186855,0.804072439094859
mean_gt_cat,df8ad2,desktop,0.39055349893646335,0.35517263725100784,1.3891137717370485,1.2241380446484795,0.777458184211532
mean_gt_cat,55c555,desktop,0.4910047649076864,0.37595218551210124,1.1568479119319495,1.2875638859700018,0.8279330794325126
mean_gt_cat,ff561b,desktop,0.4135493728647216,0.3698776666710486,1.2291549791121814,1.104343100018283,0.7884315930841067
mean_gt_cat,333ba8,desktop,0.402531999099374,0.4001940507821505,1.132274668012189,0.9631401888183244,0.7720089028092321
mean_gt_cat,947b62,desktop,0.3225951022864231,0.23548121617066842,1.7947111439914663,1.3252465615704758,0.8039201375057026
mean_gt_cat,f48d0e,poster,0.27980259225063087,0.28587679001107874,1.7241322204037404,0.7414578171174941,0.720111980609826
mean_gt_cat,b2b7a2,desktop,0.31853349495483735,0.2984111810984451,1.6193235697744182,1.1194653480588235,0.7923569813657142
mean_gt_cat,6a8c97,desktop,0.3468786991118148,0.3298493852334572,1.4630516016192403,1.083391878118086,0.7844063093073113
mean_gt_cat,003eb9,desktop,0.3723499702842843,0.34260565903410606,1.3930489954927627,1.4200622497184294,0.8489613747449803
mean_gt_cat,78b10c,desktop,0.3941309153540394,0.3512038033547045,1.3657205167388113,1.2823876871597857,0.8144342056227571
mean_gt_cat,cbb7ad,mobile,0.6696595075029733,0.5288212295887578,0.8437641862703231,1.3984911940890121,0.7824081946416535
mean_gt_cat,13f898,mobile,0.4804413346412294,0.4397537526699527,1.0475434969020958,1.277123075553309,0.7996526444202301
mean_gt_cat,849f25,mobile,0.575806929165513,0.4972071082927668,0.8250518792667704,1.3342398319406272,0.7972111547358642
mean_gt_cat,16e611,mobile,0.2620717182810382,0.3999250107696246,1.1519377206859989,0.5498359349859442,0.7099281370814454
mean_gt_cat,510093,mobile,0.6146461350893369,0.4969128762172956,0.74653977523255,1.3414695919889013,0.8184179502387918
mean_gt_cat,05490b,mobile,0.7888980114851295,0.613563342077778,0.5093516076793553,1.6324081327681648,0.8627571372149994
mean_gt_cat,e1f7b0,mobile,0.5361790530851441,0.5026636551598404,0.7381686027493535,1.1223642815115027,0.7945455579113587
mean_gt_cat,544816,poster,0.40805256380373345,0.37626478212618564,1.138714753424833,0.9476384663318944,0.7646054672714968
mean_gt_cat,eae3c4,mobile,0.3529125936139158,0.3720511053655804,1.304180631612462,0.5664661274359883,0.6339508892299722
mean_gt_cat,b516e1,poster,0.20445269716641915,0.32414344295277936,1.5247061877695274,0.7339974440511867,0.7526113873508509
mean_gt_cat,7ba4bc,mobile,0.33649062227686155,0.3236408469158001,1.4257175079637445,1.0339638196488006,0.7636350800607223
mean_gt_cat,0fc384,poster,0.44413316323893454,0.4183313420766755,1.0815474442557238,0.9853280102071201,0.7732835069135694
mean_gt_cat,f29bd9,poster,0.4435661981604927,0.3487537765441072,1.352659734946333,1.6022777539657989,0.845991547373698
mean_gt_cat,76dc6b,poster,0.5543883068517526,0.3780200979532098,1.1588114955307454,1.7812604102754837,0.8724857713357677
mean_gt_cat,f23e97,poster,0.3900923880122928,0.3192367326917328,1.537962396030486,1.2972563462528148,0.7951917154165068
mean_gt_cat,7e5b71,poster,0.3546467708699993,0.40302567995246424,1.166112238725371,0.7250058916116411,0.7302551615051615
mean_gt_cat,5d7024,poster,0.4603572790908049,0.3810315019973106,1.2002814562649424,1.2884238487617456,0.8233379565464171
mean_gt_cat,ef8863,web,0.4848432450349339,0.3937088343551948,1.213717387982426,1.1015187135626414,0.7810602969501195
mean_gt_cat,3839b1,web,0.42855993507040946,0.43730502557709117,1.1331055783811403,1.0877513109968864,0.7730600654864418
mean_gt_cat,2a5307,web,0.4982492104157804,0.36039514003039363,1.2481725059115476,1.6839020732771401,0.8689730985982623
mean_gt_cat,c642a8,web,0.4540762889399924,0.4151186564404967,1.1686978194311342,1.1970240176132416,0.8067199960299452
mean_gt_cat,73d5d7,web,0.38921842343554547,0.32203802198198994,1.4588364243126708,1.4534286111698047,0.8328062360584396
mean_gt_cat,9cb812,web,0.5500784192922656,0.4314432741909717,0.9734343861294762,1.3009919291994487,0.8286329679659109
mean_gt_cat,9466ef,web,0.24628272984858118,0.3316306420131203,1.4162632790392093,0.5169850096734292,0.7184054392506593
mean_gt_cat,2ef49e,desktop,0.4004363832729397,0.3189598272701382,1.5693192475478839,1.4173431993850143,0.7897137382822257
mean_gt_cat,c15cd3,web,0.30792620854469577,0.34414335251730926,1.5481972127338333,0.9378645970449281,0.7642743282758472
mean_gt_cat,69cd24,desktop,0.44056365323992375,0.4124293180855661,1.163445604072245,1.2928238131862138,0.8148610305560936
mean_gt_cat,c05a14,web,0.4639870107798189,0.3820238470713192,1.177148392239722,1.2142007510991766,0.8131073887857435
mean_gt_cat,e102af,desktop,0.40818786837991616,0.29419873330254676,1.5062092485552019,1.3972047826298082,0.8327946643732396
mean_gt_cat,998d69,desktop,0.42155167382327086,0.3335118501204881,1.3130879674072662,1.542260107218944,0.8757595512178966
mean_gt_cat,0eef1f,desktop,0.32050669537983634,0.30061739489210654,1.6000863540436807,1.1120939536727188,0.8040626691233557
mean_gt_cat,8ea477,desktop,0.3323064920829227,0.3058836913821693,1.5244054226956136,1.0069225997377014,0.773460453278745
mean_gt_cat,07b304,desktop,0.5496207132380153,0.4165392976966219,1.0168284691233964,1.4729891996911495,0.8489990647574951
mean_gt_cat,038d71,desktop,0.40755980976411765,0.34371889170409686,1.3142915910041435,1.217212279976392,0.7984664573109611
mean_gt_cat,919716,desktop,0.4826058538286409,0.3739971906354865,1.1671495678315083,1.4657935690719188,0.861222647094126
mean_gt_cat,e4f360,mobile,0.2592572059271874,0.36127771240493617,1.3417087163208623,0.7515753150295236,0.7578098639989198
mean_gt_cat,dbdbed,poster,0.3558148198961777,0.404166496317345,1.1317120630536754,0.8019235722048185,0.7495551210551246
mean_gt_cat,e254a8,mobile,0.4569543727025204,0.4119693760168513,1.028812020338207,1.327286197081757,0.8402491493449719
mean_gt_cat,203a7b,poster,0.46480425598098696,0.3981559061673594,1.379834113603072,1.4552481272510167,0.8174655839531887
mean_gt_cat,a4d2a8,mobile,0.6059268325877329,0.547879811087001,0.6978428715319029,1.4262559036465643,0.8479200097185486
mean_gt_cat,f4e7f3,poster,0.5524502281958104,0.42496523154530497,1.026009434550021,1.5301045941426195,0.8534175154243642
mean_gt_cat,9073f0,mobile,0.6454608642461516,0.5520715049214507,0.66744761644968,1.4251860870331294,0.8409764733726108
mean_gt_cat,88fed8,mobile,0.723609829721983,0.5036703766186444,0.7241777011606287,1.7447106088949256,0.873388919570527
mean_gt_cat,a6c640,mobile,0.6430221544666446,0.5341364340395927,0.788370338292874,1.2702408953210986,0.7779958441023063
mean_gt_cat,6f5978,poster,0.3616697160129679,0.41483282868257615,1.3693781027839762,0.6523492743482612,0.667239704442157
mean_gt_cat,c0ad6f,poster,0.4494129397239774,0.4386448403184981,1.0336219521780985,1.2826462795179505,0.8323359898395539
mean_gt_cat,e86e77,poster,0.15760295562317392,0.28884191553457295,1.6371341523609924,0.5570872860915744,0.7053502251427219
mean_gt_cat,c53dc2,poster,0.4763925584415184,0.44565251566377867,0.9490321082818972,1.2722709150710336,0.8347660027209319
mean_gt_cat,23f03c,mobile,0.5804247112028535,0.5148634426615799,0.7995850970024321,1.3178613163482484,0.810071143615287
mean_gt_cat,af24f8,poster,0.23742295577200778,0.31833454471956146,1.5471573325991206,0.5190395769203502,0.6799157835224647
mean_gt_cat,f0773e,poster,0.5650085657596162,0.4184900418934476,0.9616611613797823,1.584266019434569,0.863181856133978
mean_gt_cat,e856d3,poster,0.52027855780309,0.4352093337446666,1.0073544007709456,1.221581983712033,0.791899498408896
mean_gt_cat,fd395b,poster,0.32997118321450225,0.3900509181825032,1.1610896023322228,0.8424824492117403,0.7523617193793373
mean_gt_cat,5a19e3,web,0.3106824316122241,0.2730651194318735,1.636792458510592,1.1024898803199636,0.7888518695163936
mean_gt_cat,591218,mobile,0.6891081304882787,0.5087443902069237,0.7108718182463192,1.6824532698000982,0.8588761172978334
mean_gt_cat,f29c75,web,0.22377605940186662,0.2607231252158662,1.752577467461256,0.5752711632210867,0.7128601672758464
mean_gt_cat,563395,web,0.41996420638255494,0.31291085792299606,1.4586547708216762,1.5825817846987884,0.8592470392547167
mean_gt_cat,3a6075,web,0.47995571961120753,0.36907618082249743,1.184607112111101,1.36915005371218,0.8409656773428069
mean_gt_cat,1d99c7,web,0.2479301194287038,0.317723921862358,1.6109708796413618,0.8166568652605404,0.7493445968167863
mean_gt_cat,3628ee,web,0.24203766973490534,0.3448145382682807,1.5352811427549136,0.712421087065843,0.7386773026982812
mean_gt_cat,e6b882,web,0.4811372492092558,0.35450661854761023,1.2789321116578718,1.5224926424179708,0.8479025752892891
mean_gt_cat,188089,web,0.40997598896766274,0.35388331764704806,1.266506554729621,0.9989394753475737,0.7708235167065215
mean_gt_cat,7e305e,desktop,0.2818500480991222,0.24526654894338953,1.8280446215451673,1.0258328488369914,0.7625226127545597
mean_gt_cat,20beb4,desktop,0.42999805310018774,0.4130400340756236,1.028102448024545,1.0173107692832961,0.7929173302334297
mean_gt_cat,c9898c,web,0.4408213825215081,0.3433498427686228,1.2689867837417363,1.2972599108010232,0.8248070482173282
mean_gt_cat,9fb0eb,desktop,0.4253548862935565,0.430801160980468,1.0193015723059196,0.9543061850309063,0.780911444376822
mean_gt_cat,5aa40c,desktop,0.44186786236997316,0.349520552895297,1.3211564135972462,1.1428963664448955,0.7869840601035447
mean_gt_cat,f06889,desktop,0.39670154012156955,0.35237474478996855,1.3148759204986251,1.1686833947100341,0.7915547916484668
mean_gt_cat,179165,desktop,0.3902502681483602,0.38950797389421327,1.1530888003165567,1.0489130313354407,0.8012409176383745
mean_gt_cat,030bb3,desktop,0.4543287607701813,0.31768849697466744,1.3477851668635672,1.5345399839688005,0.8481495941739177
mean_gt_cat,890d33,desktop,0.19306041617939781,0.2955740438930639,1.6932074335948235,0.33877552211433776,0.6583252885470227
mean_gt_cat,d667b6,desktop,0.5756783047850238,0.4049551720661395,1.075343572170955,1.5657393183830999,0.822446592219159
mean_gt_cat,56ea71,mobile,0.7251376373663987,0.5312281374675395,0.7143049097347715,1.6994687026744362,0.8437342126851853
mean_gt_cat,becb10,mobile,0.6310355902764857,0.4965631947489615,0.7961546751723705,1.8596095721800936,0.8981486346335903
mean_gt_cat,2c29d4,mobile,0.7870376297569015,0.6504784499651453,0.39742100328344365,1.4170796582668643,0.8356821139685622
mean_gt_cat,ad1260,mobile,0.5487374633356148,0.44465424243884105,0.9335920074411236,1.4707608321637935,0.8465734246056049
mean_gt_cat,bfd9c4,mobile,0.6225567715343889,0.4736795953659422,0.8576265658602285,1.4436920693461304,0.8070147542247339
mean_gt_cat,3a0d2b,mobile,0.6896817545678035,0.6034206510192133,0.5364644169194019,1.313553117503322,0.8020940760858097
mean_gt_cat,23981a,poster,0.40297908221003825,0.4128018923904363,1.1073113698079502,0.9522194350339404,0.7592908118019933
mean_gt_cat,509783,mobile,0.6639947217052486,0.5269614898342773,0.7513087804459999,1.4041530657378063,0.8040908264008754
mean_gt_cat,72aff7,mobile,0.6402229697359922,0.46202381085744315,0.9273627664627212,1.5625971766319302,0.8170252593190054
mean_gt_cat,381869,mobile,0.7233767219952137,0.566788837628336,0.5855437764173729,1.8020213439004296,0.8936731557730495
mean_gt_cat,468f66,poster,0.3946315259958105,0.42622195816607655,1.1220076828022,1.0375847215297345,0.759854591050013
mean_gt_cat,7afd03,mobile,0.7718915130196898,0.5913107829602599,0.5666865205006724,1.7062249557714577,0.8371629972498559
mean_gt_cat,0bce2b,poster,0.6097297047393724,0.4862835244508297,0.8328297618694551,1.2692714967762704,0.8052733782539986
mean_gt_cat,0186f0,poster,0.47946112597975515,0.4561082786253059,1.0037289617970373,0.9805570342604721,0.7391705969755276
mean_gt_cat,7f0091,poster,0.5751566318880887,0.5417274503588154,0.7475789089423147,1.2145457775250517,0.8249261658084222
mean_gt_cat,a0c0ff,poster,0.5660558719257668,0.4312889716982986,0.9787974984739956,1.5919290048137136,0.8671707311927953
mean_gt_cat,82e138,poster,0.532626949841357,0.38310509989052033,1.2070455150640904,1.4721856131821838,0.8058894151361414
mean_gt_cat,caf6d3,poster,0.7424119762492076,0.5381650942996483,0.6674373260990343,1.5931765729149696,0.8477560760502342
mean_gt_cat,82dad4,web,0.40878782245213097,0.3679566941077662,1.1861142370639313,1.1497589499590375,0.8138267291336689
mean_gt_cat,fe193f,poster,0.2704260933826282,0.40406261687645995,1.3619703816491238,0.7349356943921669,0.712024998224095
mean_gt_cat,362dcc,web,0.2952260925541817,0.3176291519011172,1.5101713183254404,0.9841039746707588,0.7617575504120984
mean_gt_cat,822454,web,0.4280860363910403,0.3876532048626028,1.1246716471465446,1.007206806893119,0.8010227366963234
mean_gt_cat,d6ac76,poster,0.2317027530282089,0.38740082665801046,1.326725965155991,0.577069536527777,0.7058023982836076
mean_gt_cat,e017a7,web,0.506328573524375,0.437561344294803,1.0412145761758986,1.165801246419843,0.7656525377562502
mean_gt_cat,96db53,web,0.4634356892879101,0.3917017991134283,1.1951236105345058,1.4007953601268852,0.8251298199726943
mean_gt_cat,acfa9a,web,0.46628477404386226,0.3953607026747306,1.2471795662278589,1.1884586918753728,0.7835043078303842
mean_gt_cat,e6c62e,web,0.49459637145817303,0.4024591640526567,1.1055415065557197,1.2075813787112757,0.794717137908943
mean_gt_cat,4de4af,web,0.5661574222349598,0.4259504215665,1.034169739923834,1.6389652842373144,0.853650140147114
mean_gt_cat,8e3198,desktop,0.3043817433432098,0.28299667697982733,1.6041977027663346,0.9556620810561793,0.7827276311770917
mean_gt_cat,ba46a0,web,0.5174855933707857,0.40031292149727304,1.108292054823723,1.6429520090118872,0.8735958683153204
mean_gt_cat,c90ca1,desktop,0.1628116564376323,0.18002323521640587,2.2520654498522363,0.7456382067260916,0.7524866658171575
mean_gt_cat,be0882,desktop,0.4615095522757368,0.2966941083152203,1.4010065540268561,1.5624817171358953,0.8745473944467457
mean_gt_cat,9780b8,desktop,0.4061167508617384,0.34230460782040695,1.3711377268013347,1.2539785000504722,0.8075429348872769
mean_gt_cat,6dc873,desktop,0.368059585830523,0.33444619856397545,1.5318506412958666,0.8975279725479608,0.7130361906623223
mean_gt_cat,ef9433,desktop,0.35925522883553757,0.3259187856748723,1.4916257030339592,0.9988682868869988,0.7589546452305116
mean_gt_cat,8a1565,desktop,0.44720021903991314,0.34041823296933393,1.459908036697491,1.3914543109319142,0.8045740818837164
mean_gt_cat,bb1ef8,desktop,0.39722862910718326,0.29562195980432887,1.5079394815330696,1.2188769670472073,0.7953164162860471
mean_gt_cat,2c6579,desktop,0.13963952242542987,0.1810830109894574,2.4298768025995168,0.5458482281155936,0.6832290785807973
mean_gt_cat,74db3f,mobile,0.5472676790344394,0.46572882556890516,0.9924318362153599,1.1743931042389313,0.7676309691503073
mean_gt_cat,dd173b,mobile,0.5386142152831356,0.47359158989088984,0.8336590609594324,1.4528395637310811,0.8628224186413848
mean_gt_cat,92159f,mobile,0.4684885298052912,0.34986437668162323,1.1858695050000705,1.5904525979754294,0.8866614393793587
mean_gt_cat,94d9ed,mobile,0.15016425238628545,0.33650323275770416,1.5001402318744983,0.3264696750356035,0.6522683561303328
mean_gt_cat,7b3c72,mobile,0.3600702756863332,0.4201320517924182,1.2009198634523786,0.9292112863846651,0.7760787948540233
mean_gt_cat,e348b5,mobile,0.48877718483436106,0.4671450265545769,0.9689136596721201,1.0068825368799226,0.7490222897319178
mean_gt_cat,18f09a,poster,0.47359704227429694,0.47327395666358996,0.9426206552534322,0.9067165329618722,0.7169865922007035
mean_gt_cat,22651b,mobile,0.6269536259123255,0.48997395314077613,0.795555351679111,1.6432419453792046,0.8713757122934235
mean_gt_cat,aff6c9,mobile,0.45087717973296804,0.3606515641416443,1.2923196104217596,1.633723633721491,0.8729365653509549
mean_gt_cat,1f1736,mobile,0.40808055189964165,0.38972878947701417,1.1831446561586332,1.2392914582841588,0.8183760007537773
mean_gt_cat,287cec,poster,0.34649519897716385,0.28402888679688754,1.8780762070999195,1.1242047949943965,0.7655141084290918
mean_gt_cat,150e9a,poster,0.383946297855849,0.36229805532709164,1.2455123836347752,1.2279028108635783,0.8307901423671614
mean_gt_cat,7dec89,poster,0.6500918575218992,0.5851807682521535,0.6250587442652111,1.3885933156763157,0.8009318679930939
mean_gt_cat,74cb9f,poster,0.30403802247619904,0.40029826094019877,1.1203405342726753,0.5346210219982355,0.7038751928913255
mean_gt_cat,2d86fb,web,0.23157910734975565,0.23454468844755,1.8149547739286505,0.7650944361253789,0.7438351785056196
mean_gt_cat,e64d79,poster,0.5340980856396711,0.4059528096551607,1.1953649425879085,1.4013812515149286,0.8079031130321706
mean_gt_cat,6dacc6,poster,0.2918991291530178,0.22326758563052218,1.9526784386204223,1.24157824534895,0.7974959178951797
mean_gt_cat,e60745,web,0.4036608209242481,0.3145964732607229,1.4175390825924814,1.3980501636929674,0.8490036070567861
mean_gt_cat,aef7af,web,0.188439005881274,0.20548787629177653,2.2027416274050022,0.804043319541971,0.7540081433406227
mean_gt_cat,ed1239,web,0.20014444100226103,0.19691267217682035,2.3704261278789174,0.792769460194754,0.7002816242253145
mean_gt_cat,79dba2,poster,0.30370906992514013,0.3113147987543291,1.4943884963399117,0.8445843903699146,0.7591832748613222
mean_gt_cat,091b5e,web,0.22236351001288435,0.24753253645247725,1.8314128537102845,0.8840311301940067,0.7757648303001583
mean_gt_cat,9dd545,poster,0.613621399651497,0.46514526975774567,0.8399266824090009,1.4535305726809544,0.8137929263185755
mean_gt_cat,61707e,web,0.12131404889022551,0.2754646931696694,1.9207065561138499,0.39478490558307044,0.6511270968418901
mean_gt_cat,ffb688,web,0.3952913811753188,0.3109494157308967,1.591091993065037,1.2345624048473511,0.7925107346531769
mean_gt_cat,d613ea,web,0.22704129570378573,0.2423141764133281,1.9306248927854266,0.7482804479600254,0.7319076111608901
mean_gt_cat,575851,poster,0.5329491417945684,0.4936189696464424,0.8667157248160277,1.099006292001449,0.747367924626812
mean_gt_cat,9ea1e5,desktop,0.3697728590090352,0.30705589585152976,1.600368965520387,1.2720511378980592,0.814887581871382
mean_gt_cat,d4430e,desktop,0.41383233575734024,0.2688128989000005,1.8483845881148677,1.4617501768106562,0.7665766751066205
mean_gt_cat,5d4c5e,desktop,0.3352161792282491,0.3319864192224255,1.5697478176331607,0.9317837716131926,0.7600804936089742
mean_gt_cat,5fb771,web,0.21656886634396413,0.2101015743841163,2.0567452507857795,0.7186060202836672,0.7170891209165293
mean_gt_cat,312489,desktop,0.35917759427976736,0.3314491478445713,1.4364302802128435,1.0783817204385282,0.7869034884693957
mean_gt_cat,742a95,desktop,0.3436014313891004,0.27713669441280714,1.7606642220610857,1.2389005513104565,0.7978650291025033
mean_gt_cat,37ad54,desktop,0.2984510902259071,0.24634041930556527,1.8435404673334201,1.2685458932688785,0.8040475997939536
mean_gt_cat,2f8185,desktop,0.2747651122474616,0.2715649881579066,1.7001225243175206,0.9699501072238357,0.7905968417244267
mean_gt_cat,82361c,desktop,0.26691342466936274,0.25856644718906524,1.8017242281922605,0.9860622052406753,0.7852628638908339
mean_gt_cat,6cb077,desktop,0.310802303780654,0.25214288394210865,1.8692604290947181,1.1717024839975412,0.7878577310219562
mean_gt_cat,857721,mobile,0.6713693676653003,0.4279060959940768,0.9424373553721264,1.972872674828127,0.9098226659167665
mean_gt_cat,d355a9,mobile,0.6412305965513059,0.5089348289957396,0.7355720362610371,1.5633036967057556,0.8579953339610765
mean_gt_cat,0ce287,mobile,0.42573522015559123,0.34181935298512206,1.317514527463445,1.0453205825586975,0.7739206522794373
mean_gt_cat,5cadcf,mobile,0.4595274773760282,0.43314969620167165,1.0023184081575223,1.2294821758545562,0.8350721357111177
mean_gt_cat,fc7118,mobile,0.6184897459589214,0.4891105717048092,0.828767953447256,1.6713668755100508,0.8637597569042201
mean_gt_cat,4288cb,mobile,0.5665751245378787,0.44789830109522827,1.015071636113269,1.1807178697277714,0.7666626804869743
mean_gt_cat,dc351a,mobile,0.4148005619709864,0.4011943002963458,1.2206489432930425,0.7754407846311432,0.7036211063848711
mean_gt_cat,51582e,poster,0.3009569451652109,0.3068102745858849,1.5117558320464068,1.0088957645024215,0.7784093954199492
mean_gt_cat,1b307f,mobile,0.4061786588833066,0.4298325341833235,1.1393621809335086,0.9334282789220473,0.7415796923220852
mean_gt_cat,f7d1cb,poster,0.36720074138319814,0.26006917545764463,1.6315327858073807,1.5024689404819598,0.8648612399251249
mean_gt_cat,87b278,poster,0.5786686674279672,0.46551882888999657,0.8531378110388363,1.368843388377735,0.8481691781747976
mean_gt_cat,d2d386,poster,0.4110874539758518,0.29447884378073197,1.5817783689603657,1.5190512656273407,0.841484886682469
mean_gt_cat,38d067,poster,0.20235225610620117,0.23216650582104503,1.9060314897492048,0.7701578405399911,0.7145507817369185
mean_gt_cat,83c9ba,poster,0.5279455287312982,0.4477423704954533,0.9677164618428249,1.1947645702809309,0.7968834297553474
mean_gt_cat,35aa58,poster,0.5667159404054887,0.39780281926007344,1.0529499370517497,1.7408306825498763,0.8959784463911975
mean_gt_cat,8f7ad5,web,0.471552169959764,0.39569524723720395,1.0755011531188363,1.4709287431727522,0.8639539937558541
mean_gt_cat,eadf4b,mobile,0.4339531860432252,0.4845949288279191,0.8494333797174098,1.0238323032027823,0.7888757726956737
mean_gt_cat,5845fb,poster,0.49405985415147713,0.46512250673421457,0.9982646695832339,1.2457895901457539,0.8117901090040771
mean_gt_cat,f9fed0,poster,0.5174183125648855,0.39841740428692374,1.078153241264464,1.4781629800481415,0.8663891188228092
mean_gt_cat,458458,web,0.5179446574548218,0.37131233405347136,1.1669123539281643,1.707837765564892,0.878526051215863
mean_gt_cat,5a5935,web,0.38928277477140416,0.29963111099108575,1.671913617310633,1.376558112770003,0.8039975570482185
mean_gt_cat,5fe2ce,web,0.246785059880639,0.3383551123843163,1.542178033344221,0.6433097522564505,0.7277628505249902
mean_gt_cat,4cd863,web,0.38262029143685466,0.35621950989606516,1.3093512121901454,1.1625836503537397,0.7952573034118539
mean_gt_cat,14f8a2,web,0.24671880138580102,0.2761035787518004,1.9118478553958802,0.7010319449102986,0.6879245552892569
mean_gt_cat,c74797,desktop,0.3074645146224855,0.35611714069415024,1.3781358301913444,0.9230759396115645,0.7670893340840594
mean_gt_cat,84dc61,desktop,0.3367413786051963,0.31371851490418157,1.505963791376393,1.1162163613911806,0.8005883556387158
mean_gt_cat,ab09c3,desktop,0.4122466298347124,0.329041076633385,1.3516951941978086,1.347491896885454,0.8469269555666818
mean_gt_cat,9faf29,desktop,0.4804200206940056,0.43523353700895717,1.16727375228199,1.1499487140174154,0.770706467069224
mean_gt_cat,e74016,web,0.4311253630392006,0.3650362057062673,1.218673550666608,1.1647755260230015,0.7985028768716725
mean_gt_cat,c98506,web,0.46682563079012246,0.32744184728093834,1.341920057244024,1.6184260968706785,0.8761499666315358
mean_gt_cat,8c2c62,desktop,0.36566144284488833,0.3456443971917774,1.3482620565958312,0.8813558631849513,0.7223631231014682
mean_gt_cat,1d0e96,desktop,0.4267892616305389,0.35726364475031264,1.2084182622012567,1.1732979246470052,0.8088499737222121
mean_gt_cat,9378c2,desktop,0.3000363519984655,0.3849532375284064,1.261406420991344,0.7118100123760827,0.7321005801612572
mean_gt_cat,22dd48,desktop,0.31741037573567055,0.34351936160750834,1.3859746571097586,0.9405149463217274,0.7866483663564674
mean_gt_cat,a7789f,web,0.3823025787450265,0.2817264827760674,1.58454765058492,1.3027215218034751,0.8368691661927761
mean_gt_cat,25c458,mobile,0.6575202645737265,0.5545614077123578,0.6035449929125728,1.3121392449906288,0.8335937344067998
mean_gt_cat,91b127,mobile,0.6593610450287157,0.5248390132430983,0.6883347189287988,1.4413405585735866,0.8388742033669406
mean_gt_cat,4d17b7,mobile,0.7646624003624803,0.6047588091878416,0.509326821167523,1.6686003031015813,0.8669804441054079
mean_gt_cat,8c6298,mobile,0.6323732935647222,0.4298581230770785,0.9150341937356339,1.8047241904974511,0.8713572663817943
mean_gt_cat,a80be1,mobile,0.48737657110497234,0.5167737497883941,0.8902592478190015,0.8747157699216059,0.7460558328017103
mean_gt_cat,09942c,mobile,0.40769293454527683,0.3926706800814285,1.0722206908316607,1.1662847634172275,0.8210802365457106
mean_gt_cat,18f66d,mobile,0.29753143544771293,0.3770908967722795,1.2207666672378266,0.7156120297947967,0.7341544118691935
mean_gt_cat,c75d3f,mobile,0.7450848022772041,0.5620874616789984,0.6111294645848306,1.807182866659193,0.8903390938357115
mean_gt_cat,417f2b,mobile,0.6826489510973397,0.5856178200455664,0.5501688137114709,1.285256255683038,0.8221085607056999
mean_gt_cat,69b497,poster,0.7091615801964266,0.5591910951279934,0.6317451305953959,1.3644298420423986,0.8210611598901517
mean_gt_cat,71bf79,poster,0.17175915282888507,0.23029676859646686,2.015997325998778,0.5874208812658582,0.6994745189826581
mean_gt_cat,c65666,poster,0.21771267277832365,0.39566523673477083,1.4433847909806679,0.462516863588169,0.6782133966205091
mean_gt_cat,5ae7ba,poster,0.41699347420994,0.3543676917811018,1.2911589356482847,1.1904341323036882,0.8079580913117206
mean_gt_cat,027990,poster,0.3970462902094787,0.4572567664462553,1.0113252296836959,1.127607588871603,0.7805206008121194
mean_gt_cat,b346f3,poster,0.5240134742060091,0.46494425944879375,0.9711264352069013,1.1017539646330679,0.7665434331695163
mean_gt_cat,4014f1,web,0.5427489919964353,0.4556168479728856,0.9503681798579287,1.3923812271208007,0.8304934402004206
mean_gt_cat,d9508a,web,0.39271208338905716,0.35715508421648456,1.2720435780455244,1.1832882960503412,0.8103295925228876
mean_gt_cat,54d9cf,poster,0.4240706606447358,0.39061740140103823,1.2341381164072955,1.1297405405793635,0.7888595469205538
mean_gt_cat,11482d,desktop,0.4182511213999751,0.3853679179706178,1.2573603179211943,1.335097638845156,0.8174338435802604
mean_gt_cat,e13179,poster,0.5299621714180873,0.5050377053895205,0.9832919227778835,0.9884560890046447,0.7290955406558741
mean_gt_cat,c3ce89,web,0.3501262246634808,0.40670980438534,1.312651556651986,1.1613582391214403,0.8123403736160466
mean_gt_cat,b0a63b,web,0.332635508159464,0.3510581181090827,1.49738984271772,0.848072198743518,0.7318072106752034
mean_gt_cat,7c76a1,web,0.5143763427928588,0.4762498912981065,0.8382622140625401,1.325639624493367,0.8335821892817908
mean_gt_cat,c86562,poster,0.5934962312673215,0.49433476696825873,0.8047449787574766,1.3578046320868433,0.8245668405926213
mean_gt_cat,94d7be,web,0.4790584227462915,0.4345954645378063,1.285448277222983,1.1132443701147554,0.7761466641133877
mean_gt_cat,142b9c,web,0.25962146645373607,0.3826013052688521,1.4874621872880895,0.7315292853372399,0.7439475830234477
mean_gt_cat,d85242,desktop,0.3347329894714134,0.318112649121223,1.4078220247756914,0.9595213241290022,0.7746773340288574
mean_gt_cat,cb0bf5,web,0.4210590571204227,0.3913608947098356,1.1621842652106178,1.0341650919164338,0.7937637432101654
mean_gt_cat,de1ea9,web,0.527706377233043,0.4655082668564048,0.8613976291478945,1.3048255586091704,0.8423846052432781
mean_gt_cat,c00ba0,desktop,0.2943798278525639,0.282175401710093,1.944330231236501,0.9616646838060817,0.7073126813757021
mean_gt_cat,08d1eb,desktop,0.3615366764537593,0.36549951808676145,1.3487415012662212,1.0934982702679983,0.7867435543228516
mean_gt_cat,8efd51,desktop,0.2694913273926125,0.24815962098508274,1.8391070443361053,1.0742208382748162,0.8052428789668801
mean_gt_cat,1ed970,desktop,0.28466238735983457,0.3080564780704456,1.5831486451569687,0.6912709261021138,0.708399360932926
mean_gt_cat,325da3,desktop,0.34426838032842655,0.31622385972439176,1.514107187971689,1.2054756959204713,0.8043509919948317
mean_gt_cat,7760b5,desktop,0.19674784732232775,0.2636160699935126,1.7494541285076788,0.5404427526079968,0.7357619002370461
mean_gt_cat,e332da,mobile,0.5950808190272447,0.4486236840389274,0.8883454429060852,1.5865224461255771,0.8719171563042376
mean_gt_cat,c2a57a,desktop,0.47217517780578083,0.38577911895985045,1.148315422865486,1.3044818989569862,0.8266791017768543
mean_gt_cat,15fd54,mobile,0.47247722491702504,0.42866461345066215,1.1464510579110587,1.0577781394671186,0.757050961976363
mean_gt_cat,de271c,mobile,0.2028428525283894,0.23981148421420995,2.0945152867126726,0.4190244619405676,0.603837231330893
mean_gt_cat,e43ab5,mobile,0.4509477374255993,0.38129912497102153,1.1450774286066923,1.4153106632232113,0.8264215116764537
mean_gt_cat,00ee0c,poster,0.40954110867733395,0.40815346000807634,1.1536182021293273,,
mean_gt_cat,b3c403,mobile,0.4017758042550049,0.389842479558497,1.3320817369964513,0.8891930013822393,0.6814001857427783
mean_gt_cat,91c8f3,mobile,0.5917129796494282,0.4192408422516204,1.10595261366872,1.6408305915227928,0.8240049558430752
mean_gt_cat,83440d,poster,0.4439527141344366,0.33703155680623625,1.3462906760600413,1.1648710687085453,0.788847366857702
mean_gt_cat,22eaed,poster,0.27074433036838036,0.287872305850432,1.6608699683033992,0.9090213472722196,0.7575394060925307
mean_gt_cat,cfa724,poster,0.5775063246366132,0.5153750210607811,0.8516131772780421,1.1079970859818846,0.7627916229588914
mean_gt_cat,013aca,poster,0.2954957935884722,0.27000726952169385,1.7820506111323442,0.8228855137649692,0.7091530790965623
mean_gt_cat,7c4cae,mobile,0.5134845866299553,0.47559890708311037,0.9144019242566445,1.3644037951864578,0.8201177469422424
mean_gt_cat,317639,mobile,0.29938347100302715,0.4279012711392723,1.1765654589755243,0.6806854536159886,0.7311787728300968
mean_gt_cat,230d6a,poster,0.49782798522217503,0.38156947872437497,1.1749463167758614,1.275628334567324,0.7871417402867019
mean_gt_cat,b68951,web,0.14614690301797154,0.28722295902776174,2.667124600629596,0.5821394474149851,0.5972441989765082
mean_gt_cat,5b9261,mobile,0.4626439333795972,0.342201916436735,1.2988687839702726,1.4411541763877593,0.8398868886141315
mean_gt_cat,55d16d,web,0.3801253698925987,0.34951728748437383,1.352213728945677,1.2990423321631956,0.837040155983023
mean_gt_cat,a7f467,poster,0.6163671712539863,0.5101362111604129,0.7550564215639486,1.3850575226456225,0.8315475937377714
mean_gt_cat,1408dc,web,0.5670851852330393,0.4230903867715048,1.006075928205752,1.8449396376599279,0.9014730722007792
mean_gt_cat,aed588,web,0.29071658037309367,0.23984317456984222,1.8468779787393896,1.0933649591677599,0.7894798588186602
mean_gt_cat,343781,poster,0.4107554434991819,0.3601098352896564,1.3003036632537994,1.018576571147122,0.7773241362273525
mean_gt_cat,cc25e1,web,0.30992844383144863,0.32486622577145186,1.634049201136222,0.9490807425775679,0.7662852020145585
mean_gt_cat,bdeb92,web,0.39312870295946967,0.3314879070362955,1.3578321052752438,1.2948196953741196,0.8412553614382993
mean_gt_cat,3a1d22,web,0.23668184302022463,0.19916087589110085,2.120319032748667,0.9073331642142214,0.7434029976314572
mean_gt_cat,e2f692,web,0.3683162889076884,0.35186362753282474,1.6229954012154244,1.2644316017692296,0.8072602127412655
mean_gt_cat,83b5c8,desktop,0.4510640809558064,0.37621564650272277,1.193398196843177,1.333631756676047,0.8225043109697368
mean_gt_cat,e471e8,web,0.45564267550570436,0.4136618827787597,1.1394698157593832,1.2249195496556122,0.7968115706964632
mean_gt_cat,832f18,desktop,0.269885717444351,0.24641145452848975,1.8665944575582114,0.8352882965342902,0.7472757675444794
mean_gt_cat,3304d5,desktop,0.33807544497794906,0.3444699059241393,1.4730279279533984,0.9285505757316774,0.7278841956212804
mean_gt_cat,38ad0c,desktop,0.26342277115559776,0.22062245324863983,2.0218220911417992,0.7606495196830567,0.6801975698104743
mean_gt_cat,93527f,desktop,0.19423156866521235,0.2605186526362892,1.8089148788385505,0.7024251063832037,0.750495935164935
mean_gt_cat,0136d8,desktop,0.37855010695373537,0.3225292370050711,1.6152052457128014,1.0029621209757866,0.7309045367702599
mean_gt_cat,2a4b2d,desktop,0.47955445249054657,0.38911143706972345,1.134290085304832,1.3598723694513628,0.8271727180778321
mean_gt_cat,698985,desktop,0.5225211099035355,0.4327198167442743,1.0497666955545824,1.3803444916999943,0.8288130068361534
mean_gt_cat,286b3f,desktop,0.13572471368969277,0.2055067865054907,2.017305336757415,0.5087422251955984,0.7244761851308784
mean_gt_cat,dd0f11,mobile,0.2798833643491633,0.3907223837926596,1.3802699899732527,0.7025552276210867,0.7014523382774226
mean_gt_cat,3bdf30,mobile,0.28281505803722357,0.3810783513372341,1.1434812456051398,0.6546191692749903,0.7584726762619388
mean_gt_cat,763161,mobile,0.5538348983940529,0.4650597100939061,0.8911405698408164,1.3474927508467116,0.8157808343837105
mean_gt_cat,2ab326,mobile,0.4152002589321044,0.47601186893439096,0.9204624002868156,0.5711732587611842,0.6825916515096412
mean_gt_cat,fb692e,mobile,0.4609045157228342,0.5208983276927457,1.1312476207723128,0.9154583018882564,0.7051715574598288
mean_gt_cat,aac709,mobile,0.4869416627111507,0.4602327045707509,1.0244974565048302,1.0996028407941867,0.7819879413732536
mean_gt_cat,6fd016,poster,0.4533537441322711,0.4440717363028845,0.9105398993825137,1.0867516913524016,0.8141691088307487
mean_gt_cat,d95bad,poster,0.3255509768830245,0.305121164821581,1.617060503702774,0.9335543344195184,0.7453560330589942
mean_gt_cat,489252,mobile,0.6584274375345606,0.5526018961699846,0.6346324667721881,1.2480123091900717,0.8135970824117117
mean_gt_cat,1de187,poster,0.471889880935248,0.41076253505274885,1.153495645543007,1.4070726203145765,0.8270893907361456
mean_gt_cat,5bf483,poster,0.3801802877757773,0.29853548996435675,1.471519957953485,1.3477352673990133,0.8254230812602117
mean_gt_cat,5bdff0,mobile,0.3859562738416464,0.393569059966564,1.257807073904121,0.9640643928691469,0.7810257342569453
mean_gt_cat,356da5,mobile,0.3734156224824706,0.4471912613004184,0.9448499021769323,0.66677388662055,0.7290182676318193
mean_gt_cat,324a81,poster,0.3459714816193955,0.27393982192710997,1.7520579599260513,1.0223621886293162,0.7482582855689854
mean_gt_cat,e85138,poster,0.22156823625623828,0.3262721673578472,1.6312993848207915,0.7178851844295268,0.7205680779559174
mean_gt_cat,493d3c,poster,0.3315752677138658,0.3022380297142927,1.5192115596129239,1.0019096828348388,0.7759163367321846
mean_gt_cat,c6c2cd,web,0.35689511142297975,0.29330776972895184,1.534915503966271,1.3401648892471474,0.834444244704509
mean_gt_cat,b908c7,web,0.5336531847917811,0.379648012571642,1.11943708231424,1.6241128834054732,0.8673418809445469
mean_gt_cat,e73aab,poster,0.5355113480651852,0.3224749605499276,1.3272921184321986,2.0617668809193344,0.9038899604944888
mean_gt_cat,25265d,web,0.45137647922279633,0.3773275479292546,1.327557876805097,1.3526166344233466,0.8077115333192659
mean_gt_cat,d4dac4,web,0.48412720005902277,0.37587651848297393,1.1395209316785895,1.107119877086351,0.7796633827403958
mean_gt_cat,28867f,web,0.48828143850215516,0.36855681386924455,1.2203034544771343,1.471217021144911,0.8371693442295404
mean_gt_cat,0cee4a,poster,0.42740882631898325,0.36263550652449095,1.318220332887607,1.148101379241111,0.7642691026184925
mean_gt_cat,215977,web,0.349908220022372,0.29514522859324716,1.6042489593413871,1.048305921398736,0.7435780561059143
mean_gt_cat,761c36,web,0.4319469984611918,0.4020335306891678,1.3005221247705334,1.0257460286907332,0.7695768604418332
mean_gt_cat,685482,desktop,0.5578416470596719,0.4396254004145916,0.9860478672684637,1.5721137211540634,0.8601357740997339
mean_gt_cat,1fac04,poster,0.34435613270275767,0.313959191815107,1.4832366833584225,1.078527687483196,0.7865723643590122
mean_gt_cat,1f192b,web,0.16183003589532194,0.24899036643229158,2.00747492412021,0.30749903059699357,0.6205638597480354
mean_gt_cat,538c08,web,0.3028536469551819,0.2617726766507431,1.802404779620628,1.0849244845862156,0.7770317458122038
mean_gt_cat,9952f0,poster,0.2652173691335681,0.258778446605937,1.6908310527476733,0.8052586615606296,0.7511470973214407
mean_gt_cat,d0bb76,desktop,0.36728333980921674,0.43509528462537306,1.1189511844751816,0.7899615472816699,0.7317955176603433
mean_gt_cat,8daca7,desktop,0.4208545391352812,0.4408643262736339,1.0067263786980707,0.8992994420139127,0.757234392591968
mean_gt_cat,51f8bb,desktop,0.19937694312518672,0.33167281487634714,1.719952604498875,0.5207970119731198,0.6812008880317922
mean_gt_cat,4f2d13,desktop,0.45742772492763983,0.3967748163106951,1.0976124602290926,1.164379212157099,0.7899651378405227
mean_gt_cat,b9bf42,desktop,0.46678949615416065,0.3340375480996826,1.349606845251205,1.5135437173907178,0.8367390675170964
mean_gt_cat,d1e7bf,desktop,0.3873361437332807,0.43867054826977175,1.1022513620298668,0.8164918577372303,0.7306672129028888
mean_gt_cat,02f37c,mobile,0.344622392132364,0.3799182928702465,1.195296487968371,0.7534380097904537,0.7197682592929228
mean_gt_cat,3766a5,desktop,0.47719761764663693,0.4586100054172468,0.917531809574397,1.0782969650441767,0.795198527873973
mean_gt_cat,286cb0,desktop,0.3712343507154422,0.38788602756089,1.2389236497161598,0.8104655382729823,0.7431458224810052
mean_gt_cat,862bf5,mobile,0.5480051791396706,0.4986510971693389,0.7700757091432551,1.1234079913384944,0.7873907199643736
mean_gt_cat,4b3eb7,mobile,0.4363244098354619,0.4812795271538297,0.899298307462434,0.9629607370086479,0.7902080800063157
mean_gt_cat,4e3225,mobile,0.6474063144514024,0.5414424614222925,0.6994658643946438,1.6716290321213438,0.876250759738328
mean_gt_cat,ee0caf,mobile,0.5858539371461264,0.5061365502157963,0.8324216755463214,1.2098601173473886,0.754153700429826
mean_gt_cat,fe5ed4,mobile,0.5233133209486076,0.5178302672370817,0.7960248183316262,1.162715015736453,0.7986476162932664
mean_gt_cat,5ee443,poster,0.5503236052322071,0.5433875884152902,0.6784825256996672,0.9895479701961531,0.7637020895512915
mean_gt_cat,9fce53,poster,0.5327039169982173,0.5181171115937029,0.754974149429072,0.9411648020672877,0.7554712564548657
mean_gt_cat,dc705a,mobile,0.6788515229149674,0.4976859271824756,0.758560882072201,1.9579500289989533,0.9115382919223728
mean_gt_cat,d738b4,poster,0.46100581782572103,0.4679495295730171,0.9509122064045903,1.066109675417011,0.773305339833538
mean_gt_cat,d328b1,poster,0.3754933107186895,0.4910584600750699,0.9439932630283709,0.5535215985104885,0.6724628401546563
mean_gt_cat,fac314,poster,0.3030264735013958,0.3658134670707531,1.3708208534520616,0.865491348979009,0.7522602732553167
mean_gt_cat,ba6d0c,poster,0.48262430683662083,0.553858124919512,0.781938819196407,0.8897625497088665,0.7494015692781592
mean_gt_cat,1193c7,mobile,0.5665074167503981,0.5129688232745582,0.7720296742170613,1.5488149975389978,0.85658901399915
mean_gt_cat,80126c,web,0.5464900639847701,0.41430229586268064,1.0042122582962012,1.5153816371863524,0.8563977527214625
mean_gt_cat,2ab8bb,mobile,0.734397716592301,0.5712777491681509,0.610922088425578,1.4606384384044826,0.811617101043046
mean_gt_cat,5d7115,web,0.49835052368844324,0.3912223252300796,1.152248865870892,1.3002999743985573,0.7919319966257878
mean_gt_cat,a52e34,web,0.4019606000967586,0.3229047311360892,1.4729657445654618,1.0643587450602414,0.7592627651873809
mean_gt_cat,fc8a69,web,0.4368085571021866,0.4239618209858619,1.2197357771972397,1.0844454951365023,0.7563013049595275
mean_gt_cat,170ea3,poster,0.48355044937065517,0.531350869829384,0.7012006689748038,0.856655802502066,0.7555545700466751
mean_gt_cat,fe0708,web,0.36659865910824196,0.35586103140336656,1.299265580804811,1.0482921651582244,0.7856647573867384
mean_gt_cat,59cb6e,web,0.48772527864933257,0.44791985088177444,0.960035606343175,1.1470343078881735,0.7977355304274291
mean_gt_cat,6193f8,web,0.40101485448579044,0.42713765442619317,1.1329130676465837,1.0332331098182532,0.7830368500383011
mean_gt_cat,30bf75,desktop,0.4734484559463217,0.3463103101365009,1.272897488936675,1.4705370468157795,0.8469746484248607
mean_gt_cat,0b2a15,web,0.3847251028633719,0.4210361932407027,1.2615039488631345,0.8210609643736952,0.7293877409872682
mean_gt_cat,0e1c44,desktop,0.4533366988004285,0.3303617244214408,1.606972555696068,1.506797204477712,0.8271642084033457
mean_gt_cat,82dca6,desktop,0.5387073524120986,0.4148855484130227,1.0539427097858367,1.6132476687730113,0.872508665130186
mean_gt_cat,a1379e,desktop,0.39326820188839523,0.3061072837328851,1.4832597820619111,1.1499829947797189,0.7965464484601281
mean_gt_cat,781596,poster,0.5167295606665722,0.4832461296272614,0.8590979453433991,1.0575964203314334,0.7665975568965437
mean_gt_cat,c46c50,desktop,0.45327904294948335,0.3783228592912526,1.171514055647195,1.1486539538948974,0.7890508069943107
mean_gt_cat,f0acf8,web,0.4005314359562119,0.3604952709140013,1.2634349982933197,1.1779480797510082,0.8201172483378418
mean_gt_cat,c58003,desktop,0.38550175755211413,0.34553161292952694,1.2938520291383107,1.080758519648694,0.8075143826445169
mean_gt_cat,163ce0,desktop,0.33432244927452914,0.2787497979054276,1.6882882586292343,1.339632013953276,0.8215558337247125
mean_gt_cat,8ef737,desktop,0.28270953964981327,0.17797114228126562,2.0738921063678415,1.4012661558323718,0.8567105106322196
mean_gt_cat,fd0093,desktop,0.3641999268752218,0.2849662078924683,1.6647080931022882,0.8914603355185245,0.6925212662429998
mean_gt_cat,0a588b,mobile,0.6288370789056028,0.5505911466278591,0.7102801229690856,1.125784617118744,0.7594697920692834
mean_gt_cat,2d170d,mobile,0.26995008676080146,0.374823752357122,1.1951427024580035,0.5955621171008317,0.7250082806128851
mean_gt_cat,472a87,mobile,0.42881719707539884,0.3651409941269256,1.1999601300428067,1.1441869970609702,0.803953150894903
mean_gt_cat,44efc4,mobile,0.4438398141121076,0.3358711665772063,1.5528325852169167,1.1953486808793043,0.7517268408802043
mean_gt_cat,8f38c9,mobile,0.7410452191364241,0.5142540589027634,0.7073990244077449,1.8618753892261828,0.8866216725215339
mean_gt_cat,fd7302,poster,0.406964543603606,0.32636724648472065,1.3485553865856343,1.2121038148659256,0.8108375999145757
mean_gt_cat,755429,mobile,0.30224802394705635,0.31826827300267835,1.4154040464319075,1.0580513605403123,0.8055870742410444
mean_gt_cat,c6e9bb,mobile,0.3456605950852911,0.38229040086888444,1.1813948372054774,0.9041325941546678,0.789435007403923
mean_gt_cat,f8ecb9,mobile,0.49611141539944226,0.42737202827600573,1.1212266991705766,1.4444553939111644,0.813193094853568
mean_gt_cat,576a9f,poster,0.5606132258730047,0.3805525660106622,1.1348522221780943,1.6786215441365335,0.8645530095817225
mean_gt_cat,ec53c3,poster,0.12852563935569833,0.2831955429861181,1.9550162317608353,0.33153664802509236,0.645392245154382
mean_gt_cat,cfade5,poster,0.5365462563413023,0.5035117763456639,0.8373099448488961,1.1833472453928868,0.7972624670488639
mean_gt_cat,fff715,poster,0.45197817260468254,0.3826139489308537,1.1745531602004387,1.3453046098176304,0.811797228081437
mean_gt_cat,4f357d,poster,0.19968058318927073,0.2656489752882889,1.7696005857321866,0.5737917374149399,0.7172696345143795
mean_gt_cat,a0d2e5,poster,0.6018659139663689,0.4653266797512176,0.9265720360451244,1.5794672190686507,0.833733309872867
mean_gt_cat,ea0f94,poster,0.3364935490501106,0.46987070022733957,0.962459605158996,0.7214499539072892,0.7501606312447259
mean_gt_cat,719c30,poster,0.6432074495079423,0.4793547041369183,0.9451620451178424,1.6297684305229523,0.8203967296392647
mean_gt_cat,949fd0,web,0.5134337854137034,0.3387927292860705,1.2715488538891457,1.9095514110814904,0.9101301449044389
mean_gt_cat,fe430b,mobile,0.48754855541145126,0.46988478413400414,0.8869794971095277,1.1731903158632062,0.8030619052002343
mean_gt_cat,366c6f,poster,0.575010953119661,0.4118999276788953,1.0439090663127943,1.7825821110163678,0.8810521523203426
mean_gt_cat,dde134,web,0.3340765203473949,0.24614100649796228,1.7085362134775282,1.3647443136559194,0.8473637207525413
mean_gt_cat,ff6a33,web,0.411377869559356,0.3397725956629729,1.4028906514921238,1.1721814753293842,0.7937539971281375
mean_gt_cat,eb1040,web,0.3053856212084227,0.36120582621232683,1.3529253680699107,0.6587855778049105,0.7173270038767825
mean_gt_cat,5009b5,web,0.3608993103160863,0.2364658970588029,1.7298456581571509,1.2746813707776603,0.7922980604436
mean_gt_cat,c83c32,web,0.23988975008660507,0.2407292350368738,1.8696555594068844,0.8836418053892715,0.7485871074972756
mean_gt_cat,e711e6,desktop,0.49979203936083616,0.4131415658188587,1.106499873017755,1.352084542056056,0.8219377311406288
mean_gt_cat,ab87f5,web,0.14471910813157166,0.15827468932254815,2.3319954475198523,0.5634747733749489,0.7418109561195393
mean_gt_cat,574bac,web,0.3214594864999477,0.28971105369951544,1.575918139378724,1.1124134119333948,0.8008144587374291
mean_gt_cat,0db596,desktop,0.4000848874638935,0.2841889202077103,1.578011677700636,1.7351678765994936,0.8980510278542849
mean_gt_cat,e9ec93,desktop,0.34134999962311063,0.28132344306207463,1.6393439671650945,1.2881248291545486,0.7983681915497254
mean_gt_cat,36602c,desktop,0.47536866000752953,0.39329123373921965,1.1711636816663793,1.5146565294605447,0.855228830056544
mean_gt_cat,02a592,web,0.2868938427776099,0.31495497573061154,1.6191169215946282,1.0562023057211365,0.7790258091012625
mean_gt_cat,18177f,desktop,0.4879457121677825,0.3743531405462279,1.204501090925277,1.2893701054890174,0.7884480001956514
mean_gt_cat,92c389,desktop,0.2787307193577376,0.33339682025829837,1.491323707762626,0.7872748023091644,0.7575154545733532
mean_gt_cat,f50ab7,desktop,0.41752979823974123,0.2803249886736074,1.5926080710106163,1.6751043542385102,0.8592971155508633
mean_gt_cat,3bc419,desktop,0.3812001491766908,0.34853124140994735,1.295786237937874,1.1074393872463273,0.8103531809667357
mean_gt_cat,9dd93b,desktop,0.33527898061350914,0.2890647713331805,1.7023310607473543,0.9946797513305392,0.7568833905145252
mean_gt_cat,217ab4,mobile,0.6148303702612103,0.5478201626406517,0.6517297147780133,1.090297982609648,0.8030775993129774
mean_gt_cat,586b04,desktop,0.36845679421331723,0.38597550879157366,1.4243476130156165,1.0139984770373314,0.7475515955820616
mean_gt_cat,d1da7d,mobile,0.5651740791196574,0.42996288487486645,0.9358173050488301,1.641025199731049,0.8776435281786418
mean_gt_cat,423c3e,poster,0.584635854221655,0.4643531865447366,0.8395878044805083,1.4037394318319383,0.8465471056265506
mean_gt_cat,5300d8,mobile,0.4247934474351799,0.4175683585848329,1.1208098717147519,1.3987657927618924,0.8371560727139453
mean_gt_cat,5dd542,poster,0.6285596289771822,0.43525060409084165,1.0290509168953355,1.6126685086198616,0.8217413857573187
mean_gt_cat,37446a,mobile,0.6925493761725722,0.5664125366095866,0.7469002592923795,1.1108580022920482,0.7333313381758774
mean_gt_cat,62f428,mobile,0.6128829039819585,0.48482656134761054,0.9752415222605278,1.1126645216374698,0.7216769086156747
mean_gt_cat,55ce87,mobile,0.3335397808667391,0.41577793408237496,1.0785286330283577,0.8409355275427116,0.7780645046179585
mean_gt_cat,804d56,mobile,0.38588545993196194,0.37787410745345895,1.2790420506636941,0.900545919077074,0.7473480034023057
mean_gt_cat,edcc83,poster,0.5246903800091657,0.4004285778581309,1.1717898913595444,1.4437052599168245,0.831771750042828
mean_gt_cat,ceea7c,poster,0.4851016537801617,0.44046211358411524,1.0502961315437462,1.107775569839385,0.7747512249876058
mean_gt_cat,299635,poster,0.43017033960031614,0.44775618778351045,1.0632367782658496,1.0270576635365396,0.7709189080623438
mean_gt_cat,809460,poster,0.546711282247998,0.36477462232001445,1.1700711967469521,1.7035620891576615,0.860013691385316
mean_gt_cat,63508a,web,0.33423854678638737,0.38728722399669385,1.3023232675786636,0.7231721158671945,0.7138481397864723
mean_gt_cat,6628d7,mobile,0.3741490386336467,0.40019165756319014,1.3969029595699964,0.8493969756688542,0.6908062147262957
mean_gt_cat,8b41ed,mobile,0.5358636222797682,0.5356148535135165,0.7658298141997011,1.2195546010878673,0.8171082670052846
mean_gt_cat,14e331,web,0.4258197982245667,0.38474389592712527,1.5085917547434635,1.169525507935159,0.7531779260608821
mean_gt_cat,eabfe2,web,0.2840315456454426,0.32544131859636016,1.529997539775074,0.7117755050409559,0.7490200719943353
mean_gt_cat,b66ff3,web,0.5245373708281096,0.4135842590016985,1.0654793295943057,1.5018625814861069,0.8474383435465042
mean_gt_cat,f2e048,web,0.32480218088084867,0.32948990651148224,1.518266684664861,1.0215598425318355,0.7816299074445439
mean_gt_cat,e9a4e4,web,0.37894988191239753,0.3993971026246236,1.152007100297498,0.9968831870617006,0.7946534026657192
mean_gt_cat,51f811,web,0.47213985051766266,0.4419174379741968,1.0449169416111197,1.0418234915187348,0.7349093694004686
mean_gt_cat,d4ab0e,web,0.3828348518800542,0.2981460348588196,1.4912549075401884,1.3514819869104047,0.846380568438326
mean_gt_cat,3fdde1,web,0.5319891607301032,0.39847571790527236,1.0826694268056707,1.3544748259965,0.8307674619098852
mean_gt_cat,4f9082,desktop,0.19375213592077362,0.2382081478087925,2.042284668769577,0.9766705044665368,0.7766251040010692
mean_gt_cat,2a8ea5,desktop,0.4478265979416918,0.4554372650642334,1.042850854218507,1.0098331068101152,0.7764307015075762
mean_gt_cat,35c062,desktop,0.3728025950881194,0.2660125701029915,1.6860399101848456,1.2935978834858453,0.7661814764150439
mean_gt_cat,3f177a,desktop,0.35743698245195255,0.3227877366186743,1.4261219808738428,1.057811099705335,0.7962440716006844
mean_gt_cat,229d89,desktop,0.01633918070850204,0.1755652494652864,2.6257644280759935,0.08618883718238339,0.6452218462746403
mean_gt_cat,a25cde,desktop,0.17227896488864197,0.2945004900680841,2.060573567764835,0.45715967154818005,0.6243121371623918
mean_gt_cat,e7be99,desktop,0.4296643831851582,0.3958190317171759,1.126078443767371,1.3207800824745455,0.8389301337286081
mean_gt_cat,d60e75,desktop,0.2997634357586628,0.3095824069153244,1.5430060354636241,0.7870492417637641,0.7260482684588172
mean_gt_cat,3664a3,mobile,0.38813227578399345,0.42314655822594216,1.288096677320057,1.0032742134867083,0.7659344281951503
mean_gt_cat,647100,poster,0.4347011399988127,0.34792137705398474,1.6672263217122798,1.2424103112012361,0.756764577930682
mean_gt_cat,8a530f,mobile,0.6541033221004562,0.5482608502649801,0.6492554882936632,1.4563780841824103,0.8542236822710568
mean_gt_cat,853933,desktop,0.20424675208746912,0.288195578200974,1.789619439391435,0.49583609937041856,0.6592133970463201
mean_gt_cat,a2744a,poster,0.3804258489544353,0.32337572403394377,1.3856394899141473,0.8047893183667342,0.7021737971036559
mean_gt_cat,08d885,mobile,0.531548567780471,0.4863097469612235,0.9380619483456392,1.2350409513209393,0.8047478938862722
mean_gt_cat,529401,mobile,0.6303894469182783,0.4899844093441405,0.8795878430198215,1.6114252420635047,0.8325888885438547
mean_gt_cat,1f0773,mobile,0.39990388532787524,0.38633881113861995,1.2031101579752945,1.1298901334059723,0.7759412266589762
mean_gt_cat,274fcc,poster,0.49752718873410456,0.4743079046824108,0.8460824851307067,1.3015026499319784,0.8228354959839151
mean_gt_cat,94b1bc,mobile,0.6176933128778519,0.5294408875296094,0.6784207363178524,1.4117681865324894,0.8413185727341483
mean_gt_cat,8e8767,poster,0.5471875325853055,0.47118598042363646,0.9204955681412437,1.3522966048199534,0.7920179989217659
mean_gt_cat,9b3421,poster,0.25079035178345876,0.34704812138927843,1.4321978167991323,0.6900498587210014,0.7346146542132567
mean_gt_cat,848e55,poster,0.07300557607526711,0.3077432925635582,1.8848979402856283,0.058273640672725585,0.5462893660325681
mean_gt_cat,33fdee,poster,0.48838098851246625,0.4868843113982815,0.939105489737872,0.8393037595314126,0.7040417440276384
mean_gt_cat,cdbd16,poster,0.3009740712898008,0.3491725043381094,1.5086402254381226,0.7133878837689613,0.6990272905213091
mean_gt_cat,3578cd,mobile,0.31310763269098874,0.3373893118331467,1.4850911591860152,1.0835159072326912,0.8116315423580917
mean_gt_cat,9c07ef,mobile,0.4833501707611878,0.45615320893109773,1.0150634190271224,1.218539129604749,0.7958021279277134
mean_gt_cat,dd0d82,poster,0.060359028053381794,0.18247185317610765,2.3579944509027735,0.19854030749575238,0.5934267944973081
mean_gt_cat,f14f17,poster,0.23436831234447533,0.2507968276733723,1.8080735838061357,0.5627099725418121,0.674645722977997
mean_gt_cat,5e2ff9,mobile,0.534597072186318,0.3996689270624517,1.096831926270385,1.6805555896111122,0.859331293362201
mean_gt_cat,a18b8d,poster,0.2776787828968001,0.3170329882261777,1.468539094431178,0.7827580823977279,0.7526285313784784
mean_gt_cat,2c9ce5,web,0.3179695417296738,0.2960308317782695,1.957775070302227,1.1758611156316472,0.7882308113623419
mean_gt_cat,83575e,web,0.31120927554414834,0.30109748929043434,1.559380913859127,0.9196630635955126,0.7658119182099505
mean_gt_cat,d8cbc3,web,0.44871601428900365,0.37344816512305845,1.3026314265576884,1.1087574700280174,0.7761760700947753
mean_gt_cat,8fd96b,web,0.3821856644256939,0.33917704725124714,1.3076363178803678,1.0293462477548485,0.7738070423295583
mean_gt_cat,c7cfb6,poster,0.4041893653900741,0.37140164485959315,1.2579789962614039,1.0581099111653496,0.7664552522850488
mean_gt_cat,c0422a,web,0.2627035494183346,0.34746814335845094,1.5889737607750787,0.7475507299533503,0.7294422801592462
mean_gt_cat,182715,desktop,0.29900332765428356,0.26565985402767256,1.8081116965192856,1.0589280292332743,0.757158760014486
mean_gt_cat,52a3d2,web,0.522677432600023,0.3984622226881961,1.122496136933141,1.4061127096309527,0.8215211337944188
mean_gt_cat,28a531,web,0.37454481524601146,0.3605328596408965,1.38930744365249,1.409151784267123,0.8432486992030226
mean_gt_cat,faa31c,desktop,0.45472620115939977,0.3597204698362433,1.2511130425637884,1.5867551076396944,0.8659495143785834
mean_gt_cat,ba9073,web,0.2650225597812536,0.2752039980582481,1.7762990569742345,0.8270074364616938,0.7428418653535889
mean_gt_cat,aac976,desktop,0.40163588608199124,0.3506275634315369,1.281000671152102,1.2569290447628045,0.8220074696015587
mean_gt_cat,cd6b02,desktop,0.33654633362044717,0.318658413335041,1.6029318294582584,0.8189133685187175,0.70876785973664
mean_gt_cat,1411d0,desktop,0.31473027118413793,0.28677374922220933,1.66499295605144,1.2945592042082021,0.826188222212951
mean_gt_cat,38a100,web,0.40308451827412395,0.375889029392837,1.2999858222746827,1.0093196078347737,0.7570518501277829
mean_gt_cat,49046b,desktop,0.4592264391464258,0.3118872017649768,1.5511710444638371,1.7923723595116103,0.8394160378222109
mean_gt_cat,bef09c,desktop,0.2179136818790085,0.3034957996654323,1.5910931690563324,0.6291098277835375,0.7147598939888542
mean_gt_cat,37123f,desktop,0.45722933088679485,0.29471982678011627,1.5050529372501749,1.8645288754596283,0.8728633684498367
mean_gt_cat,ba648d,desktop,0.37260307850758967,0.3138491581672403,1.4411762623503486,1.3006776289982547,0.8378904038840675
mean_gt_cat,f4ff84,mobile,0.668880838935474,0.483908635423971,0.835133974359728,1.8519492085123508,0.87995187426029
mean_gt_cat,51f12a,mobile,0.6839406733996807,0.48730246801437493,0.7906782016748348,1.6039196938534481,0.8423614441220746
mean_gt_cat,0c5a84,mobile,-0.057518847078924976,0.25387296671722526,1.9981408731036816,-0.04103294857788112,0.5742563313488506
mean_gt_cat,fd4c35,mobile,0.5064426155454573,0.4117897626574403,1.044575198530398,1.3753670983806952,0.7966221564485372
mean_gt_cat,bb3926,poster,0.26191048672332085,0.4195169231936332,1.3185629716525114,0.6832887744968462,0.7105406423889731
mean_gt_cat,34a3b6,mobile,0.4852538672140486,0.4064722152683915,1.0334482375423568,1.337987585030338,0.8206235247136567
mean_gt_cat,14a621,mobile,0.5078935631043251,0.37857844707274363,1.107591930967867,1.370893368681864,0.8288099191335079
mean_gt_cat,87b0c1,mobile,0.6269688727759413,0.5019297652926006,0.7829834545478019,1.4811409692388033,0.8483979772695821
mean_gt_cat,3ec6d5,poster,0.4871617674328424,0.34538323127684306,1.2435853883297323,1.4818130179285576,0.8309089124061874
mean_gt_cat,13a206,mobile,0.24269044310770474,0.31805756943880104,1.4772960209054085,0.729827447890865,0.751005477019161
mean_gt_cat,ce5b5c,poster,0.4497448889700526,0.5477801831784523,0.7186586929921,0.7556558939999581,0.7286973754949089
mean_gt_cat,ca623d,poster,0.2007380042126799,0.25537869603286967,1.921470301015392,0.5398070561851922,0.672376945627684
mean_gt_cat,a19d22,web,0.4869786955083812,0.441815114762248,0.9985245052928791,1.2665562674550543,0.8295815198846089
mean_gt_cat,756eac,mobile,0.35144298230975735,0.3674391082347083,1.163440987856152,0.9249851950984526,0.7878620042220974
mean_gt_cat,b3b208,poster,0.5823295964066141,0.4752040672189263,0.9161308178122929,1.0139785370696428,0.7469986715209994
mean_gt_cat,ab32c7,poster,0.308197492019522,0.29146314037188337,1.4706835477420865,0.8772939480275793,0.7856843008955556
mean_gt_cat,1356d2,poster,0.502199735121865,0.43838375946634284,0.9453186813281451,1.3635950254978677,0.848609801846319
mean_gt_cat,42c4ea,web,0.18977324376428373,0.31128659421821964,1.6914334813440648,0.5782910768359545,0.7132229449437888
mean_gt_cat,20eedb,web,0.4419298322852204,0.36947523176067226,1.212875674056349,1.168513902850345,0.7948503779225504
mean_gt_cat,92510f,web,0.5454293090933819,0.4057888586966067,1.03903756753958,1.5576982518033151,0.8633418777569946
mean_gt_cat,8d98e4,web,0.39647118730335096,0.4040091628804525,1.1659053559884327,1.2364612054481348,0.8161919228118946
mean_gt_cat,d34e08,web,0.5248957980389821,0.4434443883457324,0.889573337792667,1.4802749070027563,0.8662614440217452
mean_gt_cat,0a22ef,web,0.3538628215325784,0.3672671948875799,1.2994043512981521,0.8695341103332599,0.7550649678039466
mean_gt_cat,f3411a,web,0.5747795881623013,0.4095502835728504,1.0518957059782423,1.7456252399954133,0.8784434694116778
mean_gt_cat,1a3e47,desktop,0.21034150383038525,0.2803262762208357,1.7860596750214484,0.6968802672288122,0.744998191827901
mean_gt_cat,6428b2,web,0.36128054132650955,0.3089581351161593,1.5264479579302486,1.2358253296426533,0.8231355952508612
mean_gt_cat,fcb925,desktop,0.3852064942232444,0.32347188898453927,1.458571206650502,1.3329122938367715,0.8288444936369221
mean_gt_cat,9e6898,desktop,0.34098937428560655,0.3448138851021808,1.4385546997442624,1.03202122631627,0.7779851960090376
mean_gt_cat,669937,desktop,0.35115899743292095,0.28739791736324516,1.653670770921342,0.9423130647622829,0.7502357560144025
mean_gt_cat,520b4a,poster,0.463622755378452,0.5022263896629943,0.8231570739118734,1.1733672424737625,0.8224413633411309
mean_gt_cat,037d19,desktop,0.3283850615989208,0.3165957938918297,1.4505846807975125,0.9955120419428225,0.7848468622550592
mean_gt_cat,f21c0c,desktop,0.4250384962901378,0.41291877971936397,1.167257718789528,1.0918174225949833,0.8020738633942585
mean_gt_cat,592d83,desktop,0.2603053507373798,0.27787946681002823,1.8478785355973297,0.7660701483010238,0.6985155880627729
mean_gt_cat,834258,desktop,0.5323296661985826,0.4076206445872793,1.0560461056212895,1.4817021717216992,0.8426456803485821
mean_gt_cat,111cd2,desktop,0.4190946640872557,0.3398416201174997,1.3959170579746565,1.1716291922899111,0.8070732795728536
mean_gt_cat,af0d52,mobile,0.5262568904067533,0.4546527008125477,0.9033633697120158,1.3373754826029176,0.8232833722899187
mean_gt_cat,658f2d,mobile,0.6475511860064693,0.4497712864888122,0.9063965998583021,1.9796830794106295,0.8937387809569076
mean_gt_cat,0be8eb,mobile,0.579856486892734,0.47118284571939106,0.8483881542688841,1.2247271313731487,0.7744032406548638
mean_gt_cat,ebe076,mobile,0.6033970596776983,0.48320007669822646,0.8303887211513936,1.4054479968663858,0.812678461820911
mean_gt_cat,16a5c4,mobile,0.5684283272284496,0.5390314662684573,0.7377250829101338,1.1342196773057895,0.7921427809716303
mean_gt_cat,c62001,poster,0.051951646062126974,0.249555826189302,2.303101388326619,0.014054379212670632,0.4530446179632752
mean_gt_cat,2ad4e3,poster,0.4630375730253047,0.4526200970725782,0.9738218535167849,0.9146165573687618,0.7655877464399856
mean_gt_cat,28d46f,poster,0.45383754136176113,0.39766855896812914,1.1958292916793662,0.948792294483723,0.735518786170655
mean_gt_cat,b264ce,mobile,0.6154208240970752,0.4779374342644722,0.8504734298981179,1.73900826751544,0.87676958778002
mean_gt_cat,94e7b4,mobile,0.4348130814245044,0.4437552395886786,1.037953549650942,0.8469560406606654,0.7385835692463649
mean_gt_cat,018c0a,poster,0.38764860855192407,0.34510972078073576,1.2529164906498724,1.0540671590976214,0.7895680599912507
mean_gt_cat,3a2d21,mobile,0.42320185133136934,0.3826330660191481,1.3496298405447438,1.061350381285972,0.6944889902957718
mean_gt_cat,510db4,poster,0.4762720535193992,0.3903679769686874,1.1323350925564926,1.5055840602562318,0.8481689279723232
mean_gt_cat,60b012,mobile,0.4316488662340825,0.44642755219189706,1.0017481898323268,0.9796545786346383,0.7512369529710045
mean_gt_cat,2ad31e,poster,0.16417400548057487,0.25488928520187387,1.8814586706986471,0.38638503613661673,0.6561970365526494
mean_gt_cat,348c74,web,0.27584825962550985,0.3276980716350054,1.5011875779468178,0.707090403773593,0.7411614605247894
mean_gt_cat,1ba5bc,web,0.4035757418844675,0.37305672763571107,1.2273366721562375,1.0526668599938178,0.7943534781041688
mean_gt_cat,0939f7,poster,0.3737153728749907,0.34775603652124115,1.3621569338894957,1.1380202457186794,0.8049269816473841
mean_gt_cat,96c596,web,0.3968755156017548,0.2787693810491263,1.582292521295717,1.312535643508566,0.7959770071485096
mean_gt_cat,1102e9,poster,0.4038506379109522,0.4463709341769929,1.0094914412044638,0.9427221973448644,0.7889154166380902
mean_gt_cat,af1e2d,web,0.40063467314665024,0.37771547970492086,1.3323266258093038,1.0406732443521376,0.7771433195823856
mean_gt_cat,60593d,web,0.3678152868241036,0.38953107498255146,1.1967946544090353,0.7566537788757683,0.7021363538150761
mean_gt_cat,d88d22,web,0.3110648065425157,0.47665438362229756,1.2982589610127546,0.7361167690925724,0.7068357004114998
mean_gt_cat,b0afe4,poster,0.6050100964809683,0.4436136756431978,1.0185678918156746,1.5518486657939976,0.8078260124211041
mean_gt_cat,ad5e9d,web,0.37585522471039096,0.3826628750952567,1.172378789616248,1.19090199223656,0.8195671056339034
mean_gt_cat,9da4ef,poster,0.6143079571302206,0.48968619804361857,0.7988549030897856,1.5438332652181856,0.8452307780149234
mean_gt_cat,972cc2,desktop,0.4581398706289459,0.43496328702359033,1.12667903457271,1.0787396833936451,0.7810838563174852
mean_gt_cat,cb662e,web,0.4136255737630541,0.34243799711736445,1.3091673663927808,1.3377865386651355,0.8437557354806474
mean_gt_cat,51e1ce,desktop,0.4455456013497153,0.3709128870618693,1.2467839447463775,1.0750986648665533,0.7763477210926806
mean_gt_cat,256ef1,desktop,0.5503771078758781,0.43209007558678736,0.9842454647858393,1.5096575947647433,0.8599238181327837
mean_gt_cat,3a8c09,desktop,0.23714039421923538,0.28421034379362126,1.6252884560472851,0.6198093968732314,0.7262123841003876
mean_gt_cat,88927a,desktop,0.4765546681471804,0.44349758014855867,1.020808235533905,1.0676064360584954,0.789844573286941
mean_gt_cat,fd129e,web,0.38909578500455677,0.32666636607369093,1.4165898811732935,1.2326354310396284,0.8169175304043368
mean_gt_cat,210e46,desktop,0.3777251988909881,0.3595511085613643,1.2869154283286086,1.3238402258108206,0.8400492310630227
mean_gt_cat,4cdee3,desktop,0.5219562497645219,0.41361012027385285,1.0145203651907173,1.4002898314027863,0.8380174939586041
mean_gt_cat,8160e7,desktop,0.43501684812341856,0.37279348426249637,1.2154898328411146,1.2272220086661645,0.8174449022515262
mean_gt_cat,da36d4,mobile,0.8184376215581981,0.5721564127385592,0.5417198855647246,1.8682193113822363,0.8776923944043612
mean_gt_cat,42962f,desktop,0.3627467143148205,0.35241884516609995,1.5410880637539348,1.0557943583177403,0.7462518630066004
mean_gt_cat,9ec0f6,mobile,0.4923097302622076,0.4626000969222716,0.9555916780638947,1.1070743155424423,0.7864523842684181
mean_gt_cat,69ba30,mobile,0.695365015270896,0.5970992743489492,0.5627348848214921,1.645417669604523,0.8508294559254106
mean_gt_cat,52658e,mobile,0.5110277824040912,0.492538003005354,0.8160193616793664,1.1816763313545284,0.8080924267665848
mean_gt_cat,b32f2b,mobile,0.36145429247907346,0.40321773978667896,1.066473151318199,0.7569856558811409,0.7046478002579496
mean_gt_cat,2d23e1,poster,0.31437442990663944,0.3688746010734632,1.45270872650218,0.5790069134192116,0.6571456494217888
mean_gt_cat,c08f50,poster,0.5010017240747131,0.443278881178402,1.0308762739388868,1.173064488388975,0.7733199987232919
mean_gt_cat,7ee34f,mobile,0.6667691784890086,0.5518392993625196,0.6185502568644402,1.394549910953889,0.8320555855773895
mean_gt_cat,964429,mobile,0.6265454781369455,0.5814966103680309,0.6025310777870222,1.207255399883604,0.7916362164742662
mean_gt_cat,6c392e,mobile,0.5061173894724244,0.49741394456446475,0.7571657531151417,1.119278994506758,0.7820056515074014
mean_gt_cat,906624,mobile,0.21455496895757747,0.37061158740331485,1.3288282839447496,0.6419346083902977,0.7511525719119566
mean_gt_cat,2089d4,poster,0.424673414106299,0.34858293663381634,1.3703982030277368,1.3158239768983049,0.8067965309181778
mean_gt_cat,93016d,poster,0.304056187110985,0.42841582178878174,1.1509333920324256,0.6939735844177083,0.7358637114087858
mean_gt_cat,fec2d4,web,0.4832652445776477,0.43660226318916723,1.0075615689981712,1.3421146219068383,0.8352495556470119
mean_gt_cat,a4eeef,web,0.362162030472991,0.39705587663415837,1.1251842716180072,0.8598031482546503,0.7737238433981565
mean_gt_cat,6a7b1c,poster,0.5630073451707767,0.5489717965790583,0.6429512789902895,1.024619645788873,0.7874546162221504
mean_gt_cat,b11c7a,web,0.4409062266000886,0.43773326604226315,1.2201613907676152,0.9120629589439255,0.747793608699009
mean_gt_cat,98ae63,poster,0.6016224388074924,0.45931683638565607,0.8452067748989555,1.4009665797080664,0.8132865847451118
mean_gt_cat,68d170,poster,0.39713822405423604,0.3595086437236444,1.2813245353966076,1.0582568682097062,0.7985843398109979
mean_gt_cat,8869c8,poster,0.6823877439553975,0.5592993403364745,0.6277954015222859,1.5969485940653547,0.8785780259857606
mean_gt_cat,689a18,web,0.3892238043496149,0.3136007001289697,1.4572977964777494,1.176856678469009,0.7675269200020396
mean_gt_cat,d0e249,web,0.39970154581792877,0.3354485756589887,1.4220994776901397,1.066838941170177,0.7642161379456566
mean_gt_cat,9609c8,web,0.5416109735181212,0.46417775189079225,0.9272525528336069,1.2923669629335275,0.8069980074127907
mean_gt_cat,65b50e,web,0.394222336839943,0.43633944858433804,1.2038911942413384,0.8866113534302448,0.7360961526256664
mean_gt_cat,5c0bcf,desktop,0.4013472064279352,0.4501831413047283,1.0207923742559066,0.9413906125898548,0.7708940643235741
mean_gt_cat,f717f5,desktop,0.3707708691648911,0.3589420534559627,1.2825884249297783,0.9527518018001098,0.7808199190030959
mean_gt_cat,6e2c8e,desktop,0.4773708586134424,0.372574173636325,1.227726092707613,1.504805846240354,0.8563613423872921
mean_gt_cat,95b24c,desktop,0.5693119334390861,0.42812653232843995,0.9803621050502492,1.6066854039879155,0.8660471411230538
mean_gt_cat,567366,web,0.428737915807637,0.3608038639208949,1.2467547290041607,1.1803271982996666,0.8187295130064232
mean_gt_cat,4a784d,poster,0.5498029111628483,0.5840304571136448,0.6304409758103945,0.9662285315082064,0.7420508979061718
mean_gt_cat,ffad21,desktop,0.12984914192272845,0.22944581194687816,2.262038009429217,0.38748083804450184,0.636763794243955
mean_gt_cat,fdda92,desktop,0.41899979223401995,0.3540996603206254,1.3141147407558162,1.18674336510553,0.8018754739756158
mean_gt_cat,709b8f,desktop,0.3979075551627508,0.3564473629385506,1.271054238114139,1.2680682810261712,0.8110985290360417
mean_gt_cat,035da4,mobile,0.7172519664619963,0.5573409182553746,0.641900428774792,1.4773239801392986,0.8379940867927357
mean_gt_cat,3c9088,desktop,0.5341167660595234,0.3638052426203866,1.1969855162806202,1.4559101895574516,0.821284250588532
mean_gt_cat,cdeba6,desktop,0.463931164313138,0.3974511402211474,1.1236242844382978,1.1521419419785384,0.7918883907295794
mean_gt_cat,91d919,mobile,0.5612301525594801,0.4578025041804612,0.9557013053199227,1.3143648822239489,0.8063101535134589
mean_gt_cat,7ac1c6,web,0.4453209948137125,0.4232514973759939,1.0708916386372898,1.1736220191512243,0.8116436577772427
mean_gt_cat,2cf681,mobile,0.35461471673551187,0.39648595189030605,1.2508511003834,0.7063800085361527,0.7143553293368743
mean_gt_cat,579621,mobile,0.4051031240485502,0.384996238541243,1.0775933708797625,1.0873363011633959,0.8238946444048053
mean_gt_cat,b83a7a,mobile,0.4739132900635952,0.3960034902583655,1.1080964990193443,1.4748828080262497,0.8157973230456523
mean_gt_cat,59b238,mobile,0.3359004375674868,0.41445352166421057,1.2232538878626527,0.6913884877868941,0.693626894710892
mean_gt_cat,2a3bf3,mobile,0.42695263619724433,0.42733087649429446,1.10740081706069,0.9958478402270065,0.7529187924002779
mean_gt_cat,a7aa57,poster,0.3482995522235297,0.34542427357386574,1.3887936811555441,0.9767582234218355,0.7927422916837056
mean_gt_cat,6f401f,mobile,0.46719540118356734,0.43079378540675,1.004638479329332,1.1896216175909222,0.8117327220997699
mean_gt_cat,75c4ec,poster,0.36881044075880265,0.35036832376855986,1.29715790416152,0.9279140439946999,0.7708076366568336
mean_gt_cat,42826d,poster,0.627690161614679,0.5250692945431454,0.7028446586358522,1.4293079566287703,0.8334545239127686
mean_gt_cat,a7c035,poster,0.3178825087398682,0.3968155111474006,1.1915006864132447,0.7225430547902927,0.7356199468125535
mean_gt_cat,81f2f3,mobile,0.5288180513616019,0.4591571616746327,1.0104601070644803,1.3372970900123704,0.8076222661979703
mean_gt_cat,90271a,poster,0.45015364567091076,0.3477282218723206,1.2897937764003702,1.4197435348730576,0.8338977410372342
mean_gt_cat,6b173a,poster,0.5790438196428828,0.4017522729096225,1.0550930071375781,1.889860808916813,0.8980292153201442
mean_gt_cat,7786e5,poster,0.7103374388542398,0.5125978867566601,0.7301917539317259,1.899205309778132,0.8998536454264573
mean_gt_cat,2298de,poster,0.23312332104552083,0.3874194461595845,1.4845795311599894,0.6509512468571821,0.7057076666628984
mean_gt_cat,d09395,poster,0.2183744150673363,0.40770851216783205,1.2594100249218778,0.7456776603741666,0.7319684330520039
mean_gt_cat,3f1f0d,web,0.4730978696867342,0.3746787513537899,1.2931974720412573,1.2941252444908853,0.7894464219395747
mean_gt_cat,c36099,web,0.4094944305195755,0.3852316334625102,1.2404033061271944,0.970452046957654,0.7612749966966791
mean_gt_cat,070781,web,0.44962508754642266,0.37040400075909385,1.253760964943265,1.265633936617222,0.8188049268301351
mean_gt_cat,d33aa2,web,0.3319298160489641,0.3487840680310721,1.311931487884099,0.8813895915073804,0.7590640367056926
mean_gt_cat,e9cc4c,desktop,0.3765955377087674,0.3729770941916568,1.3835507754569634,1.1476864608255277,0.801321784120444
mean_gt_cat,94dc20,desktop,0.5232370231567008,0.45654224518394476,0.9701160041946002,1.419537986211913,0.8286522039565946
mean_gt_cat,97cc00,web,0.4405891971589023,0.33185519291082693,1.3916826962621727,1.4655605590899157,0.8355391051199943
mean_gt_cat,d7346d,web,0.35830289249236996,0.3055289162019803,1.5468713964961975,1.0006018349394903,0.774637917516546
mean_gt_cat,10579e,desktop,0.4552043235252746,0.4002597905411027,1.2027944142718818,1.1458942213326084,0.7800636728921049
mean_gt_cat,3ec21e,desktop,0.24282094104668062,0.3043929265169721,1.582323904301309,0.5745966130865059,0.702999922963887
mean_gt_cat,a44943,web,0.31025613542407826,0.30421272246277786,1.5390563956041932,0.9781933056194234,0.7683318140849449
mean_gt_cat,11412e,desktop,0.4925677742645569,0.4176072692054559,1.2065115453959097,1.1851532449830524,0.7768896411006071
mean_gt_cat,87475d,web,0.18174782555373103,0.301966540870431,1.738551133618141,0.41125374267899856,0.6641059225897319
mean_gt_cat,290bcd,desktop,0.3624033668955393,0.3258902481553614,1.3793468739796917,1.116214226020837,0.8038763759833659
mean_gt_cat,7f6f8f,desktop,0.3362117805035706,0.29889601817158057,1.5377295845110688,1.1688052044457276,0.7942430191624706
mean_gt_cat,f8d172,mobile,0.5310396105835133,0.5081586315258594,0.8027254822371426,1.1808755880819064,0.8079361545578455
mean_gt_cat,76822c,desktop,0.43092909774112664,0.36345199863567534,1.327153564938429,1.2415797542672116,0.7908503210850287
mean_gt_cat,884333,mobile,0.4547667709583475,0.46701466194688396,0.8604256303127815,1.120087416146907,0.8058570960075272
mean_gt_cat,c7db2d,desktop,0.40141471782071486,0.35782631070075593,1.3260604414464314,1.047452212032046,0.7778933294341814
mean_gt_cat,b3acff,web,0.4143971888723559,0.35581360370957615,1.2815140301966317,1.0008466148928732,0.7761717662631488
mean_gt_cat,fc4494,mobile,0.3540964655656707,0.4196340277697511,1.0722887180414928,0.8711479232688081,0.7740455242202285
mean_gt_cat,305533,poster,0.04552146412924237,0.25900215596859,1.8507733928233445,0.07812268949455392,0.5972458277757843
mean_gt_cat,a42b4e,mobile,0.49947271514682856,0.46338276438931647,0.8872271457217513,0.8505247629698635,0.7201270614106887
mean_gt_cat,196a1e,poster,0.2642479721887445,0.3355640883927763,1.378944861250316,0.7137061882136265,0.7309471700484637
mean_gt_cat,f147ec,mobile,0.6223092053722366,0.474632457235842,0.851443491594372,1.437971077367614,0.8114468948601985
mean_gt_cat,d594d5,poster,0.31443583065526126,0.33244726157249704,1.4109296297913145,0.7640515578325391,0.7244118063167659
mean_gt_cat,a11833,mobile,0.6037642187785315,0.5403244415401774,0.7104922431089915,1.2908945392190232,0.8002267723004602
mean_gt_cat,b87c56,mobile,0.6222531109415654,0.49915900778029476,0.7302717628843476,1.466946507406861,0.8510238102948666
mean_gt_cat,23b246,mobile,0.5659128865136944,0.5146397939388992,0.7548337521132061,1.209392295088026,0.8151978498952593
mean_gt_cat,56ed0e,poster,0.734579080805462,0.6348302438019431,0.4608118008926962,1.3413390762892583,0.8335634823903714
mean_gt_cat,bec3fa,poster,0.3220976194197949,0.3474134789675553,1.5106508025455603,0.9260140356048107,0.775419093172678
mean_gt_cat,2dfd9c,poster,0.5410157549486756,0.44419882841549196,0.9341746418566864,1.4576484248897095,0.8469746431413208
mean_gt_cat,2511d9,web,0.2864221008019841,0.3218913483725921,1.518351321672941,0.8797205975023116,0.7453535871300947
mean_gt_cat,1680c9,mobile,0.5089291373256691,0.49512993762680346,0.8552821504560444,1.0280714194167726,0.7644670490080756
mean_gt_cat,4ea758,poster,0.5459527999410823,0.3640137341586047,1.1974553272115516,1.7508691999034265,0.8562862744022295
mean_gt_cat,8740d9,web,0.31643563669413777,0.3283787974556097,1.5195213500397555,0.9571992899261802,0.7597175574283206
mean_gt_cat,3088d0,web,0.6039914850476336,0.49241008497420025,0.8189986041805425,1.2931337310005937,0.8069454884864334
mean_gt_cat,787aa3,web,0.3443322579394197,0.35086935552662546,1.2702278520939023,0.8609307982973764,0.7760339494969782
mean_gt_cat,e451ee,poster,0.4670270103949694,0.43980120860405386,0.9720489526896686,1.215465756088859,0.7969928718268495
mean_gt_cat,28cf69,web,0.49714190997755386,0.49435324164143196,0.8829930800362226,1.0251005201868644,0.777757053554726
mean_gt_cat,0d8830,web,0.5003942255515166,0.4472561965102123,0.9955670997216122,1.2569525393556125,0.8255930494854774
mean_gt_cat,54f52f,web,0.44306655925822175,0.39659557367871057,1.176136067966349,1.0287401819743647,0.7781369923092691
mean_gt_cat,5c5b71,web,0.34291923310338995,0.34701557505824143,1.3682638919807841,1.005437672323858,0.7876776584163697
mean_gt_cat,fba6ed,desktop,0.5185856243001681,0.4313901945070364,1.0073222618703896,1.429129334079263,0.8394380517984662
mean_gt_cat,63de16,web,0.3947785475655492,0.35258224486190703,1.241000192491794,1.1287290017974698,0.8102782733079703
mean_gt_cat,4a2527,poster,0.5241694948741865,0.34873816056332935,1.3039506962110294,1.4770831802302222,0.7985751064357907
mean_gt_cat,f0e574,desktop,0.4889635231518552,0.467678357038009,0.943549614267783,1.240457495353295,0.8262323728472084
mean_gt_cat,faab85,desktop,0.48845388734524886,0.43987734268086653,1.0341152391835982,1.366507895615614,0.8407688829194525
mean_gt_cat,16830b,desktop,0.42518981392373933,0.3920245224901677,1.263913831806092,1.2729539442963818,0.7885627223459426
mean_gt_cat,b45744,desktop,0.31030927530032865,0.3506998104602933,1.310574116468731,0.8157695489406687,0.7700358464048351
mean_gt_cat,44c36b,desktop,0.4298056023388145,0.3561115554971121,1.2394381509678023,1.4419400985233708,0.850825975475739
mean_gt_cat,3351c6,desktop,0.468028938023441,0.46013151133080515,0.9700628808969745,1.379664851342035,0.8452169667875287
mean_gt_cat,6d8534,desktop,0.19945257356687618,0.3092801360950705,1.6804165098326487,0.5622455996724155,0.6922203596579902
mean_gt_cat,bb23c6,mobile,0.5299546235502792,0.601741222038023,0.5774794206850027,0.9007755751094171,0.7669214860764766
mean_gt_cat,b8b56d,mobile,0.5909695893241094,0.5886879228289283,0.59648514278081,0.9798630466788449,0.7705580960645338
mean_gt_cat,d079f1,mobile,0.5136748082950453,0.45502099390556605,0.9500239825262433,1.2659908403475173,0.800143936158633
mean_gt_cat,49fc6a,desktop,0.47092594112220065,0.44111925423785897,0.9639647832060023,1.0844505099389086,0.801689496156311
mean_gt_cat,a3fb58,mobile,0.3845404318203409,0.4639487325383542,0.9735149526266966,0.8599854228088747,0.7554477526512609
mean_gt_cat,66935b,mobile,0.17935670739980447,0.39371123199991015,1.1889830878509475,0.24782103123419671,0.6527800107193295
mean_gt_cat,f757ac,mobile,0.34202473983455417,0.4487905869349384,1.0139851105320343,0.6046207521415304,0.6991105217914412
mean_gt_cat,591317,mobile,0.5289339690465726,0.475946429417489,0.8951060983500113,1.3931287927873368,0.8319019033496985
mean_gt_cat,5ad367,poster,0.46260615119983656,0.5080653257845161,0.8334446285189934,0.75799402599819,0.7155323248424692
mean_gt_cat,005f83,poster,0.5604206126809771,0.4272501725211381,0.9716630555444252,1.3815790618317614,0.8157652824470562
mean_gt_cat,6afc6f,mobile,0.6799307645629555,0.6311719022540785,0.4671899358697693,1.1155991819587612,0.7861547789796705
mean_gt_cat,88f13f,poster,0.5828807978467779,0.5223144146393893,0.7046469607604283,1.2051315961968683,0.8068105538788802
mean_gt_cat,6763e2,poster,0.7204243042688506,0.6723943764125081,0.40638404434673814,1.1266185997972087,0.8116256572062047
mean_gt_cat,9f6fc9,poster,0.4468786965465157,0.5086058521533277,0.9396867820648684,1.054514778762262,0.7732215565602437
mean_gt_cat,56d63a,web,0.48126441837149636,0.45404081839729504,1.0073355571857723,1.064214138223413,0.7888956164293023
mean_gt_cat,f27923,poster,0.25149493038267,0.35821403387451933,1.504185149426337,0.5098655125670573,0.6575042237041481
mean_gt_cat,912a36,web,0.3965540711835846,0.4282600969486318,1.066065956604101,0.9086225816003072,0.7796494264898368
mean_gt_cat,174696,mobile,0.5886860945212724,0.5381557282242514,0.6530882406707909,1.24251268866571,0.8313233407461024
mean_gt_cat,66058d,web,0.6313919389550499,0.46012108414526703,0.8733275866221294,1.5317410144473014,0.8326333687091597
mean_gt_cat,cfca97,web,0.4042952409282532,0.3831384723027475,1.355686044143516,1.2610013471924018,0.7955635047696901
mean_gt_cat,ea104d,poster,0.23153248689622263,0.322907920177418,1.5445146577069593,0.7289827007428734,0.7256462994945418
mean_gt_cat,32c969,web,0.5318499171647482,0.36982515512725006,1.2230885869734918,1.69799309243527,0.867438041911483
mean_gt_cat,73bdee,web,0.5566208371923569,0.488430946694163,0.8457727549331873,1.5241745651295455,0.8560844273426633
mean_gt_cat,ddbec1,desktop,0.5226285663782888,0.42395289114331375,0.9760519554542068,1.4777388709593995,0.8642775740547427
mean_gt_cat,9aa968,web,0.4374325542767912,0.4717089453037535,0.9111506822409501,1.1120627016264548,0.8129592641278631
mean_gt_cat,d8d2df,web,0.21370031221160174,0.3943442188504729,1.5680464592886876,0.5251426536192163,0.6680689747023216
mean_gt_cat,2481a3,web,0.5046013162166424,0.4659570885500119,0.953300951080956,1.0355157336061864,0.7668972726231651
mean_gt_cat,2c9c76,desktop,0.1951086282250644,0.23139965478510122,2.6301326272728067,0.6910161003594574,0.6647116245890724
mean_gt_cat,985d8c,desktop,0.18827392680952537,0.22413068344819165,2.1923738892496782,0.9372622370319063,0.775680950844551
mean_gt_cat,d07437,desktop,0.28546476931785925,0.2166169354456773,1.9493086719512311,1.3467364356750269,0.8468792925883835
mean_gt_cat,af5f27,desktop,0.22011142361906932,0.13849535223371598,2.764130339680619,1.0597967077982005,0.7292900982241803
mean_gt_cat,26fb2d,desktop,0.22797754865268446,0.1381269067701138,2.3325295684053695,1.3396890522605798,0.8508555364074616
mean_gt_cat,3e3ebf,desktop,0.20891983674206796,0.24304406927127828,1.853725502342341,0.7230890085372297,0.7489333437478755
mean_gt_cat,a0992a,desktop,0.3961102544694512,0.2637059385930552,1.6289660705229916,1.78608215239817,0.9026928121539134
mean_gt_cat,d66c89,desktop,0.2988851898325435,0.21767876392998248,1.8572804570800292,1.2740403740165658,0.8439135648815532
mean_gt_cat,dcf870,mobile,0.4684216005570212,0.28893943189363896,1.4888263182867496,2.227594485921563,0.9440850868239529
mean_gt_cat,e129e6,mobile,0.610839640288154,0.39328327579899136,1.1103354939536707,1.5238162427605109,0.8105647411578188
mean_gt_cat,f1d7fa,mobile,0.35508257414858524,0.33596689041695776,1.3535531377339767,1.264847938322613,0.8459004249575465
mean_gt_cat,7b6c15,mobile,0.5684169062289441,0.3687953466818127,1.2108739817126568,1.7359090768114633,0.8643536399454127
mean_gt_cat,4cd989,mobile,0.4074550501505147,0.2944769885555809,1.469969541616877,1.6812077122754197,0.895898225128896
mean_gt_cat,c40db1,poster,-0.0866572811962319,0.12249861708361945,2.580522784424505,-0.1775293141244829,0.5786473065849924
mean_gt_cat,13a393,mobile,0.21839122059973518,0.2917602120133818,1.5926189569586358,0.6046190622110464,0.7341942156877708
mean_gt_cat,212589,poster,0.2672751563014729,0.32508714672141503,1.42851093110525,0.7408803869793968,0.759808684062007
mean_gt_cat,972486,poster,0.2749304008981788,0.20955200613076458,1.9109927632995776,0.947460801830444,0.7555863315725752
mean_gt_cat,9e3970,poster,0.5781375035980059,0.5222505271820298,0.9274909175955037,1.2528806469643852,0.7790377111808369
mean_gt_cat,a05670,mobile,0.553935161044398,0.3484726800587345,1.2591093703568337,2.2243257696734258,0.9334058999372921
mean_gt_cat,868823,poster,0.21333729568799667,0.23880197431548764,2.115655118395833,0.6038531389610404,0.6542260923614667
mean_gt_cat,1dd09f,mobile,0.4004459071483334,0.31441524252410175,1.323609115105539,1.3135887500318364,0.8556043599568062
mean_gt_cat,540107,poster,0.1792545213309128,0.1579643697561817,2.381329173163966,0.6314939482337882,0.7318619541844422
mean_gt_cat,2f57d8,mobile,0.3785571625056432,0.3036205583505892,1.513245857922324,1.6469813573189984,0.88038754923081
mean_gt_cat,f93751,poster,0.15667646179222885,0.20370969358683988,2.2280194907685864,0.6535818504134032,0.7261410828844249
mean_gt_cat,b5f7cc,poster,0.13625067403308316,0.1516414950083321,2.5465024774813916,0.8075443400331488,0.7676284391640426
mean_gt_cat,33214a,web,0.2781989374210311,0.2647218816101212,1.7998947338819775,1.0578135572634806,0.7802756306277987
mean_gt_cat,7ec75a,poster,0.35056912582855226,0.31587862095189745,1.5351169417873696,1.163633834866512,0.7961180502946379
mean_gt_cat,9f7fe4,poster,0.17106542193566965,0.11603434343923978,2.7195302594712727,0.9580447056581464,0.7512833638707325
mean_gt_cat,483fb9,web,0.2483378706597866,0.19760846360369513,2.2270346830682954,0.6884749535341594,0.6940264721278888
mean_gt_cat,a7a074,web,0.40833259274754435,0.28210512534045884,1.6056453091137097,1.4954439858019106,0.8206384469603698
mean_gt_cat,2b837f,web,0.3358799220404707,0.2683110242843861,1.7698443803027912,1.3715957777867387,0.8178772838863659
mean_gt_cat,debbb2,web,0.40013284530828497,0.23504201648156392,1.7509642679424133,1.9067481935904962,0.9081640129119509
mean_gt_cat,f7435d,desktop,0.45631783873881293,0.34533113745535043,1.3064542643034047,1.4827861634148276,0.8326218504822376
mean_gt_cat,e2f93a,web,0.231837030943054,0.17689156872551082,2.1461739442205734,1.15313795928473,0.8224816578447166
mean_gt_cat,2f5041,web,0.31432522379381145,0.2473985749815837,1.8159410041437263,1.2847863740210086,0.8345451786977583
mean_gt_cat,5be5fa,web,0.1050261332608311,0.11120676774961584,2.740547283236811,0.5082017324141328,0.7385077103252435
mean_gt_cat,10298c,desktop,0.4598748870068244,0.3624674446119442,1.2846493869264428,1.5444501437975322,0.8419901515664037
mean_gt_cat,38c9d5,desktop,0.47905719304195493,0.3975855904167707,1.1375941438843085,1.4569722120946524,0.8571619129308322
mean_gt_cat,6ba20c,desktop,0.2369856097117347,0.3542674349703863,1.4772927241456535,0.5436081329026834,0.7000815910306675
mean_gt_cat,8898cb,desktop,0.12824393418475488,0.17852609513612222,2.3140516226719967,0.6163076555145665,0.734865857244942
mean_gt_cat,4af601,desktop,0.44346637769571895,0.39887941630269164,1.0918900431308343,1.2255190577115764,0.8205016076034088
mean_gt_cat,016f77,mobile,0.3379253207156253,0.4541373863210554,0.9503819639125748,0.5755129395243233,0.7340366452313544
mean_gt_cat,d5caa3,mobile,0.5835329314656225,0.5146967233050653,0.7305657515682362,1.3065541672039123,0.8176119436439531
mean_gt_cat,36ca43,desktop,0.539826797374014,0.4409927458999614,0.9971839141365748,1.3264514082974022,0.8262467497577969
mean_gt_cat,e249a7,web,0.11049052667222944,0.061573065897725446,3.42207809836741,1.0330041312490985,0.8189386842020574
mean_gt_cat,dc06e3,desktop,0.4173392375287559,0.3884364284635411,1.1316098615343204,1.0942839398315367,0.7886958804041638
mean_gt_cat,b47f5a,desktop,0.32167759032871746,0.35546793939996135,1.420599721919181,0.8396661054981603,0.7406421188758779
mean_gt_cat,28422f,mobile,0.6054939487458357,0.5655421815078682,0.5994696125447113,1.1220915305072348,0.8041995259100853
mean_gt_cat,42c444,mobile,0.3801900074572423,0.4119420280856345,1.0499788535400656,0.9696666477381,0.795757477247053
mean_gt_cat,a965f4,poster,0.5286055692288973,0.5387144248320643,0.7788518200734922,1.0045860867487484,0.7665321964680334
mean_gt_cat,d13f3e,mobile,0.5270810817293468,0.551127764569721,0.7346691491561441,0.9263174976634212,0.7664108449079626
mean_gt_cat,128abc,mobile,0.09761968932261629,0.32291291542016987,1.5300281797860973,0.226459063180934,0.6763994443070027
mean_gt_cat,4cc35a,poster,0.38897032718923796,0.3940842957419128,1.1759254685811646,0.9335543742786824,0.7745007073925806
mean_gt_cat,b5d9a8,mobile,0.5538622191602592,0.5044528114335127,0.797547907778329,1.278744175662727,0.8111132965579845
mean_gt_cat,479245,mobile,0.6515536547669403,0.5772844333276328,0.6071197632305291,1.3840515459860137,0.825012190321079
mean_gt_cat,bb56be,poster,0.23462812415197137,0.32560298209834154,1.5697617779595983,0.6259853654781206,0.6954439948190689
mean_gt_cat,9bf988,mobile,0.33510012080583673,0.33057540581446565,1.3712695789324425,1.0096689592602235,0.7494539200123346
mean_gt_cat,6a889e,poster,0.36708325008682774,0.3228913478217731,1.538182260641431,0.9443311994826133,0.7111432150337545
mean_gt_cat,9ab8bc,poster,0.47708838541055687,0.553998300318715,0.7023352388563173,0.7071387890535707,0.7118487983844819
mean_gt_cat,172c5d,poster,0.3074908405686757,0.4153443998208671,1.167749983611013,0.7788785096557419,0.7189558451977008
mean_gt_cat,35ba73,web,0.4547780495125351,0.497729072905737,0.9006506473207299,0.9429763944457018,0.7800721336151315
mean_gt_cat,dcc0de,web,0.28634817823708547,0.37132203044854406,1.3318141288258722,0.7544970615612181,0.7467000115800684
mean_gt_cat,2fd907,poster,0.7320132603897198,0.5250571583648471,0.6596393808856484,1.7617821397750106,0.8450304565217744
mean_gt_cat,4bcfc3,poster,0.5658027605517754,0.49770799324237314,0.8693150423812712,1.1996695499385244,0.7906098420579483
mean_gt_cat,b7c621,poster,0.5912198518562115,0.47824124877564894,0.8206272311242002,1.4251425526469574,0.818496901671586
mean_gt_cat,60ab80,web,0.42796052644516536,0.3674155121715241,1.1954904580398436,1.147512736707059,0.805966501146043
mean_gt_cat,1d26b4,web,0.4110973999764388,0.3829185897696983,1.1680004095131613,1.242287539833383,0.8354381002447381
mean_gt_cat,ce6863,poster,0.05177487736783286,0.31257918343605323,1.7795172419313248,0.24159522201794065,0.6297996480910543
mean_gt_cat,b87aea,web,0.5847125121032808,0.4384500186968315,0.9139658922920465,1.4604910587496198,0.8412031155155283
mean_gt_cat,2103ee,web,0.30179611707765186,0.31848201476383986,1.5535977215957195,0.9971153534534767,0.7645615687131487
mean_gt_cat,47033b,web,0.4132468801340837,0.3454179628656771,1.3885858133063411,1.2988224559581973,0.8085644508433624
mean_gt_cat,cc9bc8,desktop,0.35857024735597154,0.45958927080979844,1.1642567072674497,0.7438788886266134,0.7278234367177513
mean_gt_cat,2019ad,web,0.34644159566394467,0.3777853029320311,1.280525158182249,0.9798492149740278,0.7755482596109251
mean_gt_cat,337990,web,0.2881716592786268,0.332180493468044,1.4990849538968951,0.7729438876844559,0.7441128243437248
mean_gt_cat,bf2da8,desktop,0.37797336972471773,0.41368376510842364,1.065153083863792,0.8357851037961601,0.7507106529244534
mean_gt_cat,221587,desktop,0.39577876041216326,0.37408676036414684,1.5550952528358022,1.2677492405331177,0.8057818498230962
mean_gt_cat,09bb5b,desktop,0.46329107534233477,0.4185298476246802,1.1147800356622812,1.1778007799261412,0.8118148738792798
mean_gt_cat,511f7b,desktop,0.47192533140839504,0.42138152862082284,1.0863400903802016,1.2609571470121934,0.8009199719747976
mean_gt_cat,c905dc,desktop,0.45781917045796083,0.3875858383442659,1.1529597647547403,1.4309393710607023,0.8258757567853516
mean_gt_cat,99004f,desktop,0.47941083135799556,0.38914772675172105,1.1589326286164083,1.2861589029571832,0.8039261342167633
mean_gt_cat,86500d,desktop,0.5483824409535192,0.4774282392606348,0.9722565484130239,1.2429306641777764,0.78764037694606
mean_gt_cat,0bdd56,mobile,0.6714918337435439,0.5893759238879398,0.5132634569825223,0.9850050783813524,0.7650039415546963
mean_gt_cat,469579,mobile,0.5112149765085947,0.4618529847800902,0.9539677262028139,1.4894006770561072,0.8604768105500128
mean_gt_cat,215727,mobile,0.4212407925130919,0.4311304706047569,0.9614915229814004,1.0854135937729277,0.7971070532096902
mean_gt_cat,992c50,mobile,0.6741548156371444,0.533878954820935,0.6706663619636075,1.6243124536531486,0.851647092091791
mean_gt_cat,2d811c,mobile,0.5796451041771137,0.5276708401318896,0.8983490375264631,1.2996170234812299,0.7822212483169111
mean_gt_cat,fdba74,desktop,0.5180554729713581,0.3550240879334907,1.2408728118019248,1.6220582102713466,0.8396493355008169
mean_gt_cat,8ee0c9,poster,0.37582369193157744,0.3988585474242877,1.3019401970643794,0.7488675849929252,0.7189710403887463
mean_gt_cat,7dea7a,mobile,0.23504699927799366,0.413958886175576,1.1051232563393651,0.5130592078203714,0.7214724730245163
mean_gt_cat,46bc27,mobile,0.5018370105600167,0.38461779927693485,1.1805914889427265,1.31759017397848,0.791346836461283
mean_gt_cat,641719,poster,0.41540462613587237,0.40492957475119473,1.1847681596022892,1.1025292182466313,0.7775772231735405
mean_gt_cat,4a97e1,poster,0.5034965157853812,0.43275410715308166,1.0252184915885723,1.4054680618658175,0.8452724757557833
mean_gt_cat,7dd59a,poster,0.657434553383718,0.522808018885855,0.6959632993023107,1.5508527332741457,0.8368984531078179
mean_gt_cat,4f3f84,mobile,0.26712134403186927,0.32794417627466355,1.3757209767689502,0.6362199962620249,0.7079388660859951
mean_gt_cat,7a9967,mobile,0.3635425805753164,0.39304485152062496,1.198048981924085,0.6635718950481297,0.6553083002887935
mean_gt_cat,7e01b8,poster,0.42357377259080076,0.4408618167444365,1.0177982723327776,0.950214833644071,0.744234275362982
mean_gt_cat,1055b2,poster,0.3188533327704868,0.37355291355874887,1.2479839283891918,0.7095341136629613,0.7217613466641315
mean_gt_cat,4376ed,web,0.39997720681556337,0.4014391920891492,1.1616869505122764,0.8055121386296863,0.7381379513593739
mean_gt_cat,bb34f1,poster,0.6695739921288433,0.5799369176776091,0.6018966480315531,1.3430798347929336,0.8198782940397076
mean_gt_cat,af4220,web,0.3715802124387731,0.4035466763836292,1.2373791582606843,0.983154215729022,0.755802125384463
mean_gt_cat,909a4f,web,0.6041856751432491,0.4894836385958509,0.8489375283130969,1.2863021033114141,0.7879065719509976
mean_gt_cat,ae548c,poster,0.24410670405061335,0.34274289290450094,1.426728017048538,0.6180077379098832,0.7140038687710759
mean_gt_cat,014b22,web,0.4684510100085517,0.4660764048932435,0.9631306623613958,0.9515598473362412,0.7540313112444986
mean_gt_cat,c4b437,web,0.4764128730904087,0.4851240979053477,0.9156599942542367,0.9524981157315814,0.7636301821421829
mean_gt_cat,4fa3d2,web,0.39358999670786965,0.39084387690019634,1.2237640674654844,1.0476576720836734,0.7890232785855252
mean_gt_cat,c01022,web,0.45167483893658067,0.34624683907168846,1.2580880045574545,1.606864296771714,0.8831229629144219
mean_gt_cat,8675c8,desktop,0.40360406177172814,0.3405512138212926,1.3502391560766855,1.5377077695272963,0.8624638635454814
mean_gt_cat,fb0956,web,0.47886819998188485,0.33315609910244887,1.3503692374817713,1.7510409626496677,0.8637144335812055
mean_gt_cat,73ada1,desktop,0.39967617269901773,0.30142904459422043,1.5315378663689718,1.634482419762144,0.8634322933852344
mean_gt_cat,79e0cc,desktop,0.32478696576549027,0.20959743430780176,1.8799390814299242,1.4955635883036735,0.856769872560181
mean_gt_cat,4d78ff,desktop,0.34546465286465555,0.28124491923547085,1.833536680314066,1.0465273669674267,0.7264887356047333
mean_gt_cat,721348,desktop,0.32882500162914197,0.31636365443145703,1.6644071641264881,1.0906718794393395,0.7616855002508582
mean_gt_cat,a78deb,web,0.38372453186440175,0.39514106380364766,1.2306951266918587,1.2765036150860296,0.8177644961627373
mean_gt_cat,e5174e,mobile,0.3803792871724989,0.3805189666292235,1.2000761595811988,0.9458698367262579,0.7861182681657792
mean_gt_cat,217749,desktop,0.41181095897786096,0.33328879537844264,1.4227778869558614,1.3608958466940266,0.8262371698723544
mean_gt_cat,72b54f,desktop,0.46669791395787474,0.3446868703830277,1.3753857540679926,1.4822886471264864,0.8354123144391883
mean_gt_cat,075286,desktop,0.5190556046955183,0.4154836436329145,1.125305587962775,1.3958615059723551,0.8010166477433318
mean_gt_cat,8dfdc1,desktop,0.3391330838819252,0.29188030190612485,1.6678339713348733,1.1379376212789312,0.7840849998936958
mean_gt_cat,c75e3e,mobile,0.634526124085396,0.516663583101256,0.8135357677918056,1.5791136566175625,0.8340623534292857
mean_gt_cat,1eb64a,mobile,0.20299626211442995,0.3067228356066928,1.5595583199901468,0.5547749468193965,0.668528436615263
mean_gt_cat,d0c24c,poster,0.38071583384435326,0.4471388505202105,0.9758014036677688,0.7309182865676783,0.7493117395822089
mean_gt_cat,7f957a,mobile,0.4927142756867442,0.4519908544713613,1.106168845689304,0.908445697980525,0.7145839663962451
mean_gt_cat,55aa06,mobile,0.46230953204839026,0.5179514010500355,0.9204772295217142,0.6994300655410155,0.6792719350456788
mean_gt_cat,51db8e,poster,0.505387444425939,0.4545542775345841,0.9791554011332326,1.2118208142435498,0.7923742466652967
mean_gt_cat,abb05d,mobile,0.40982506403973995,0.40043113967603383,1.053658825593379,0.9150859054722124,0.769675799449796
mean_gt_cat,039978,mobile,0.46961861118674153,0.3673061394912785,1.2904765486991523,0.996676214772222,0.695411992932324
mean_gt_cat,2fe3ac,mobile,0.26757645085359594,0.35134711182312023,1.3901070756959255,0.7097294120728549,0.7349033200277864
mean_gt_cat,ebd305,poster,0.4241403182362624,0.33680557724387167,1.2832523634238227,1.1047917146058057,0.7920099532920374
mean_gt_cat,29d7dd,poster,0.5512363112145555,0.45924457636550065,0.9369132490603826,1.5641450828475183,0.8653984472036235
mean_gt_cat,868efa,poster,0.33262143195614524,0.36253426249187254,1.2859784978308797,0.9882264568336953,0.8047498900358985
mean_gt_cat,0fa6b9,poster,0.3364157026870559,0.4111228190736546,1.2629537131541995,0.6774422401308735,0.6905880088993959
mean_gt_cat,fe8c5d,mobile,0.6178592009928539,0.4925473698127586,0.9032267965197921,1.5498873071638728,0.8260749663439867
mean_gt_cat,f6bc62,poster,0.4272105482342089,0.3442066204467887,1.3264657165003844,1.5596600301012467,0.8659167211262134
mean_gt_cat,446969,web,0.40212503724815835,0.3748484738809966,1.243310623984716,0.8816535498050174,0.7385076218806197
mean_gt_cat,46ced7,web,0.4257305366574043,0.3858182925399365,1.1725725205084614,1.1270912938795017,0.7841758848084778
mean_gt_cat,55b7b4,poster,0.4995426136245339,0.4981421733672525,0.9060318716111904,0.9250310305975655,0.734404220202089
mean_gt_cat,9b7610,web,0.43858292877708205,0.3584214241556119,1.3112909491165223,1.1597269445334686,0.7673976582464955
mean_gt_cat,ede16b,web,0.22560251969965406,0.2871959906375653,1.8073494483159158,0.6472346036566407,0.7087940303977691
mean_gt_cat,406fb2,web,0.47979187246624355,0.3474699897292838,1.289648050888153,1.6397332034479397,0.8565630028600006
mean_gt_cat,134669,web,0.15933042090572508,0.2885181601059116,1.9379365375710726,0.5798578492396415,0.6838616012376894
mean_gt_cat,edbf2d,web,0.30379927423626985,0.33092185709710437,1.4392420966512791,0.968409784994359,0.7952763232446125
mean_gt_cat,16a13e,desktop,0.46635073903340385,0.32364622687180583,1.3662666619348878,1.5819500116666732,0.8483600248196834
mean_gt_cat,cb4227,desktop,0.43085389869484236,0.4893203573070133,0.9684738045486072,0.8104330002973166,0.7343321122146866
mean_gt_cat,7c98c6,web,0.2848035288427701,0.29304204339055984,1.619943300302116,0.9423409998776306,0.7841149515506551
mean_gt_cat,5a6a69,desktop,0.4472219400004065,0.3554020276274161,1.269653334340922,1.2947455818988662,0.8315092478946696
mean_gt_cat,98df26,web,0.47788548350037646,0.36401721598090325,1.2726013721544698,1.5904905446767004,0.8549422754890074
mean_gt_cat,87f3a0,desktop,0.416428071870461,0.30918073558360715,1.5268985072468038,1.11231583603521,0.7753303674535279
mean_gt_cat,762fc4,desktop,0.4136119267870451,0.2849581840587952,1.5257885221446952,1.6599407760084908,0.8750961930330955
mean_gt_cat,94460d,desktop,0.33834355455376536,0.2916767816752032,1.6060383372820883,1.0763116366097578,0.7864100396618292
mean_gt_cat,9251bb,desktop,0.4355686224539689,0.32584354491986517,1.4390409651986218,1.2010858415277132,0.7842613011440142
mean_gt_cat,ddce6f,desktop,0.28648636538165306,0.30477559983460323,1.7190829525489195,0.8004545575782617,0.7138331615009468
mean_gt_cat,f7ba1d,desktop,0.278341981604424,0.27072989291429345,1.74402925393138,0.9116903505428443,0.7592872635619838
mean_gt_cat,8e4e71,mobile,0.5262933274379316,0.41481790229854065,1.0807119688670226,1.1425578918857089,0.7597924523851247
mean_gt_cat,9d1757,mobile,0.5724359086742612,0.48316409195255516,0.8619576349189586,1.171952757496732,0.8080544214270696
mean_gt_cat,5f4902,poster,0.40044006353430467,0.3152432982053454,1.4549903700892783,1.2603100917932286,0.8159047673121701
mean_gt_cat,3c674f,mobile,0.43540215674652705,0.467484235028718,1.0288074698078855,0.8748575269814807,0.7420135787837098
mean_gt_cat,6d294c,mobile,0.4007176652132183,0.3798042169621273,1.8289710373711827,0.9241994242948924,0.6793178018735838
mean_gt_cat,4ae90b,mobile,0.5070493071147351,0.4113990464074931,1.0516756126697637,1.5376936475945038,0.8627557220176763
mean_gt_cat,69a953,mobile,0.5757588021992628,0.46342809452680367,0.8497699140645442,1.5144881574809437,0.8706383603023141
mean_gt_cat,7542d4,poster,0.3094238595875568,0.29211172935342195,1.6480691363542275,0.9851583821837405,0.7457776593908028
mean_gt_cat,345b44,mobile,0.4550214132457977,0.36298302292974466,1.1926414370745946,1.2332335839356126,0.8045812019110095
mean_gt_cat,3962ab,mobile,0.46374660371807164,0.43571416445530065,1.009890453099297,0.9515467698335879,0.739744364381813
mean_gt_cat,80e896,poster,0.48656428076678726,0.4523654259776381,1.110329576259193,1.0478435706947447,0.75051430590848
mean_gt_cat,3bc098,poster,0.5356133417363937,0.37396961010794694,1.1751138515549908,1.3885715912525154,0.8143245127561692
mean_gt_cat,a637f9,poster,0.26217978450591617,0.25015199732167426,1.82871112481418,1.0216927813117247,0.8040021028992557
mean_gt_cat,9e5962,mobile,0.2505365829180952,0.3924756436094178,1.2720239214431877,0.4318313548262273,0.6848230094946497
mean_gt_cat,ceb6b3,web,0.3571542165733055,0.30679058426159456,1.4608172925655436,1.2008415299416024,0.8230203463662825
mean_gt_cat,426a6a,web,0.38696217843466735,0.30554744888698115,1.6542123204366632,1.2338976044579644,0.777131440512473
mean_gt_cat,feec80,web,0.4774756145075629,0.45064314244405634,0.9624376151730866,1.169627364618445,0.8205208118280656
mean_gt_cat,3364c6,web,0.49834286946003237,0.4262654235872466,1.0663956958366405,1.370055522701011,0.8151979881545443
mean_gt_cat,f84800,poster,0.40410065193589384,0.4516926757790255,1.0049350209955832,0.8528995869970731,0.7562305960259783
mean_gt_cat,6c5780,poster,0.4145545611754833,0.3498614432433098,1.3527486392595143,1.357325192814344,0.8270465905635256
mean_gt_cat,24ff3e,poster,0.2591252693179298,0.20711396511659858,1.9009128760925473,0.9065281531955373,0.7899466008905996
mean_gt_cat,bcc33b,poster,0.3819705550531207,0.2800223156985824,1.5315609791235552,1.3104551455393019,0.8331736869107436
mean_gt_cat,c53c23,web,0.3858005905940512,0.3220172331259977,1.5394484141576747,1.1151044102213707,0.7887349919434057
mean_gt_cat,08b92b,poster,0.5401017197034472,0.4688636721271603,0.9961475489508276,1.2449023322365513,0.768606486240522
mean_gt_cat,259405,web,0.08076101871122474,0.18904312131625647,2.695290027032278,0.40420686296706654,0.6176023289350435
mean_gt_cat,7c2883,web,0.025661910625664797,0.19355040611142657,2.752229872136003,0.22113900787945054,0.5354560794135743
mean_gt_cat,237216,desktop,0.5390809356634159,0.43260417932015194,1.0356861327286855,1.3414729715799936,0.8176853644021252
mean_gt_cat,dc6989,desktop,0.18358470396336954,0.2950582437297882,2.0643415559493583,0.44984843352278564,0.6204375749784036
mean_gt_cat,49e0ba,desktop,0.44700510654253744,0.3679502531325093,1.2039056493700457,1.3256509314989289,0.8396988520938409
mean_gt_cat,fa1827,desktop,0.2845638915987988,0.2615461241653259,1.770403159746209,0.9039596555848975,0.7290837254854775
mean_gt_cat,be2ed1,web,0.4353836663704999,0.31919816697632253,1.3790349871282774,1.4358428271736994,0.843897579135434
mean_gt_cat,eb34f4,desktop,0.3574473019243566,0.3020853124657549,1.4774460694766651,1.1477111744555235,0.8177302161483062
mean_gt_cat,d6702e,desktop,0.37939740975453773,0.2594166312416862,1.6788105099302897,1.5552176768660972,0.8528618590987381
mean_gt_cat,fdafcb,desktop,0.3648031828050354,0.3345912202099726,1.4207662831929193,0.9554408779801195,0.7705266661677729
mean_gt_cat,eb334e,desktop,0.4600923598024522,0.29992695619859033,1.4393276446555985,1.6735311792988616,0.8652186039921453
mean_gt_cat,4b2bd1,desktop,0.4954524436336605,0.3949524361323634,1.1371934619485176,1.146790534818297,0.795478167707951
mean_gt_cat,f39252,web,0.34181842959275877,0.29097603414478457,1.6194121450565904,0.949617661669992,0.7606005258930981
mean_gt_cat,ad24c7,mobile,0.5772636334753054,0.5360185122742878,0.7741590710994268,1.0547279491945998,0.7719599853035635
mean_gt_cat,cd2ed2,mobile,0.4657643737083639,0.45312537918857737,0.9998679602101144,1.1471837195135712,0.8029395282088989
mean_gt_cat,c9ab98,mobile,0.48628866342814303,0.5638414241437442,0.7336355838256425,0.7823891234900674,0.7342038670201397
mean_gt_cat,8118a1,mobile,0.6934473496385536,0.6029488836935593,0.6357824313453054,1.2486037657149434,0.769082267068969
mean_gt_cat,c25357,poster,0.4052718512924568,0.4067370259999212,1.0653460954682359,0.9320944075154548,0.7929971961013446
mean_gt_cat,4a3f51,mobile,0.36868953980665864,0.3843393795775523,1.1039981204500822,0.9092790596719172,0.7717098216320815
mean_gt_cat,6915dc,mobile,0.7562316368929347,0.5413183073620224,0.6345687322199896,1.822085345407477,0.8854226705947424
mean_gt_cat,0ef09e,mobile,0.5451609606581247,0.5770684867181199,0.578583121282517,0.8744310126066055,0.7583054479774733
mean_gt_cat,c053d2,mobile,0.5309983880836345,0.4730654839703807,0.930510064539376,1.1498662735174927,0.7567245735035133
mean_gt_cat,85b582,poster,0.48787991871287806,0.5259162622576293,0.8783119553242063,0.962981667907043,0.7632771626399055
mean_gt_cat,dd47fa,mobile,0.43183301927288864,0.4614575864957577,1.0751567659671177,0.7972282453677458,0.7041623539195772
mean_gt_cat,af4f68,poster,0.4431773842517981,0.4497771257931914,0.9743555948428813,0.8304970853951145,0.7448220747091343
mean_gt_cat,f9b020,poster,0.6048252221765744,0.5117332916103579,0.7673573568052957,1.4213634856694786,0.8235353492121373
mean_gt_cat,00f742,poster,0.20534312435308033,0.35013161157667255,1.4195283958452114,0.5027002573845939,0.6936693720754148
mean_gt_cat,2428cc,poster,0.5424739696199836,0.4505836198477945,0.9379827110645959,1.0802886779594234,0.7780893899553987
mean_gt_cat,251672,web,0.3419232129174884,0.36496634947489187,1.2391035887356843,0.7586181421140279,0.7494402892555462
mean_gt_cat,045d43,poster,0.5676237866586971,0.42255249184170995,1.0705047168973487,1.4577250328038691,0.8098625467582207
mean_gt_cat,6f9e1b,web,0.5080233931647388,0.36334502604690067,1.1894181725524604,1.6878229461676952,0.8700925744884306
mean_gt_cat,9e02bf,poster,0.37494040578989274,0.3711831446235593,1.2802947945498797,0.8661658503027262,0.7096961790711684
mean_gt_cat,fefe30,web,0.4821138031981821,0.3676340933629284,1.3443786843999572,1.7926937459765717,0.8824894195931278
mean_gt_cat,21c674,web,0.34859115136369195,0.3743385458710193,1.2394869884912798,0.9740675539114968,0.7822620079011813
mean_gt_cat,20bf03,web,0.5447289578691331,0.37472118765020423,1.1556742678617151,1.8139052568819583,0.8809351564314896
mean_gt_cat,a4d155,web,0.35519011799979316,0.3367676522335435,1.4562640502417907,1.2024196142340664,0.793500703525878
mean_gt_cat,d01e8a,web,0.4419740866248602,0.3840537869281371,1.3030304844770149,1.2223899398890419,0.7935117960448292
mean_gt_cat,173a17,poster,0.4728466737534129,0.3503755742243701,1.269221405079032,1.3714217998835767,0.8048241799501106
mean_gt_cat,9eb11f,web,0.2870549160205548,0.3544290039149335,1.7327639012756262,0.7860973002617747,0.6838004628931078
mean_gt_cat,7d53b3,desktop,0.37698586984681226,0.37056674619750185,1.306927007339065,1.1072128217224961,0.7814713966910171
mean_gt_cat,5305a4,desktop,0.3522654080388194,0.2737605582182304,1.6411099219180465,1.3312774915507395,0.8448000051480388
mean_gt_cat,f1f741,desktop,0.3269025877847779,0.29948675698569627,1.7612060618299403,1.2299296212691377,0.794566530352174
mean_gt_cat,0c51af,desktop,0.3142654568262443,0.3156447522769186,1.5290986387181786,0.8634055681053749,0.74004871545839
mean_gt_cat,ea39db,desktop,0.23366567802939747,0.26100390348703756,1.794981427505732,0.7565433353297923,0.7141897882023911
mean_gt_cat,91ce42,desktop,0.3880982246450886,0.3403191313416237,1.3501822265303072,1.0955352891083334,0.7927781220446989
mean_gt_cat,786754,desktop,0.47229177336547634,0.36523917027293645,1.280212744249022,1.4744902720034705,0.8205512116128129
mean_gt_cat,b37071,desktop,0.21295778730657078,0.29862847501385054,1.700311490036371,0.576157829538882,0.7285653218313786
mean_gt_cat,32cce0,web,0.39232215161989303,0.3974117054955859,1.2712332996784659,1.1574442926440545,0.8042324331992703
mean_gt_cat,a4ac9c,mobile,0.5224314863460005,0.48001008179839905,0.8931176116309046,1.2722129833128526,0.8227876898321284
mean_gt_cat,ffde86,mobile,0.4384369148905057,0.42155095786547037,1.0949289934777071,1.0610522319063254,0.7896532072312177
mean_gt_cat,83b886,desktop,0.3464262978655458,0.2950767661064839,1.5214016035736215,1.2577107579064934,0.8321209964744418
mean_gt_cat,2e122d,mobile,0.3748909411013065,0.40896204210071946,1.2205095252603817,0.6457427778176217,0.6856246409053731
mean_gt_cat,9951b0,mobile,0.39290401015427934,0.40988673783557833,1.291386524804971,1.1052540544423453,0.7813585999604347
mean_gt_cat,5e22c9,poster,0.34731013092377816,0.2902718601533971,1.6167590185873781,1.2363284978286515,0.8143388030697267
mean_gt_cat,249820,mobile,0.3891277106590861,0.4033137620451194,1.2047760653832211,0.9162362738690013,0.7364629266208214
mean_gt_cat,af423a,mobile,0.4833466828368729,0.3144501207136694,1.3589680328728895,1.7862407514027145,0.896449664446979
mean_gt_cat,c3cd6a,poster,0.3233960050893045,0.2827206697384574,1.7079052074909893,1.2560740890099673,0.7765063287384102
mean_gt_cat,0cf59b,poster,0.4849528775044367,0.3618614078046211,1.2186658880266499,1.5215945289231088,0.8526264753924941
mean_gt_cat,1c375b,mobile,0.45077385985409546,0.42204273065583725,1.1905519024029334,1.1799166560757988,0.7591466642697039
mean_gt_cat,b32bc3,poster,0.23693594331747617,0.3363016371025099,1.3581225810218147,0.6115903537861234,0.6947013363036102
mean_gt_cat,5b51c9,mobile,0.5684327941861573,0.4044034017829015,1.0601575720799525,2.0611913358906078,0.9239848960094432
mean_gt_cat,3a564f,mobile,0.5012770925378409,0.37514218518735876,1.5294343421903291,1.7117637567055315,0.8007331242951101
mean_gt_cat,ed292f,web,0.40135839058152956,0.34956989784274767,1.3806578278502915,1.4432226786577602,0.8454103614475104
mean_gt_cat,08aaa5,poster,0.4698309559806069,0.2694125848543298,1.5941375274037293,2.0879518467262947,0.9092258434904473
mean_gt_cat,8e467d,poster,0.4159604728132619,0.4120870472395901,1.101795478572327,1.214777806847609,0.8109758471941296
mean_gt_cat,7e2533,poster,0.49111953478487774,0.3214084505578804,1.329741920805588,1.7049137321081211,0.8885927927593599
mean_gt_cat,78ddbd,web,0.3914497401485748,0.4001758747869555,1.29343169956621,0.8810744949070974,0.7416585540860556
mean_gt_cat,4863ea,web,0.30621251743611255,0.29782306849207707,1.5595714875714692,1.0516097994365772,0.8034745446819483
mean_gt_cat,60caa9,web,0.37821900169277556,0.3358155356985093,1.3872914231168312,0.905016145042386,0.740311142103628
mean_gt_cat,164cf7,web,0.37243791598516973,0.3529775359191427,1.4554802503928124,1.3209088677236136,0.8299621868465653
mean_gt_cat,e84796,poster,0.42996284600261886,0.3309000235588441,1.342348323493267,1.3448788873413668,0.8326059909285535
mean_gt_cat,b0c3be,web,0.3305835251162013,0.3237320708260275,1.486035975471749,1.0869483307493086,0.8083694593625034
mean_gt_cat,efddbf,web,0.43543975837847787,0.36315058944958895,1.3961060478147556,1.0284123602325876,0.7558059076268712
mean_gt_cat,5a97ec,web,0.34878680137552365,0.28861748412228716,1.6289066900059517,1.273780291626915,0.822849068769217
mean_gt_cat,bbd445,desktop,0.4283619372385954,0.38877529919399506,1.176889671759079,1.1290117308619303,0.7994265557426692
mean_gt_cat,afc676,desktop,0.40474361802005143,0.3464152709429614,1.444094457979561,1.1373697437880903,0.7657030630419417
mean_gt_cat,5a6efa,web,0.3994945512510031,0.33844902811599376,1.3907754772577383,1.1197933022457274,0.7834300638235676
mean_gt_cat,b5d3ae,desktop,0.5240082214466302,0.38997294322409937,1.130096712174866,1.6463908436139907,0.8677256986271865
mean_gt_cat,0e1dea,desktop,0.3453096638070406,0.3771481629830814,1.3022542223799434,0.9282858203308724,0.7455502318834624
mean_gt_cat,b96ba4,desktop,0.41730521630464434,0.37009352631456865,1.150442440694931,1.131585015848911,0.8152279550874626
mean_gt_cat,363885,desktop,0.39691156321031196,0.31946134940575843,1.4385205409461093,1.417193804881941,0.8286993570856068
mean_gt_cat,072634,desktop,0.414152034896512,0.307573238945635,1.4767084441337386,1.393159216408542,0.8091737630721818
mean_gt_cat,00b3a0,desktop,0.3376686948886619,0.26657230312053465,1.8017215169852474,0.9822673895930812,0.7130647308048649
mean_gt_cat,d3d0eb,desktop,0.4165424151435642,0.36492047992629434,1.3916254497148495,1.1831303487168556,0.7593181719807188
mean_gt_cat,e663f9,poster,0.3392272534560147,0.45728917360984045,1.0014085558112353,0.5124346275332183,0.6524610433818738
mean_gt_cat,69df54,mobile,0.2831790477762618,0.4132669534668399,1.1873114367846214,0.6835139948053239,0.7355557098320378
mean_gt_cat,38a251,mobile,0.5328935815291451,0.4577297630711964,0.8567501637796764,1.3632805250183802,0.8382506237520636
mean_gt_cat,e64eb8,mobile,0.35176644703728793,0.405883025979927,1.1709025361208727,1.1030586690619548,0.8167812579627746
mean_gt_cat,97c1a1,mobile,0.4944194215992871,0.4559525656255169,0.8445532707452595,0.9509091337385257,0.7772322425182756
mean_gt_cat,624c91,mobile,0.5467530162738401,0.558197969083592,0.733362550795652,0.8573477571546776,0.7322390601884313
mean_gt_cat,ed3849,poster,0.15844489683421745,0.24757724085622723,1.8390217545316243,0.5153153985490463,0.7089368501421741
mean_gt_cat,0b86e9,mobile,0.2782632659461307,0.32686563178392786,1.5310859698617638,0.7256517500427863,0.7318871695042628
mean_gt_cat,fc9315,poster,0.3569216952713703,0.3522533177854712,1.607201752609307,0.820683004219603,0.6923546355426625
mean_gt_cat,699734,poster,0.3710137438145501,0.37114772271707996,1.325608343166947,0.8119302160381241,0.7174981191148055
mean_gt_cat,661898,mobile,0.43646656545735685,0.4051842888135795,1.050480817628091,1.2841885439558636,0.8392385191461094
mean_gt_cat,410cbd,poster,0.32934741061241196,0.31010981777636454,1.380017656629646,1.0043979854224387,0.7930446057315667
mean_gt_cat,e9f3a6,poster,0.5367073801925077,0.4678406298692849,0.9046578687321294,1.4231340030395554,0.8545843796640907
mean_gt_cat,90181f,mobile,0.6653900452441626,0.5535537991668428,0.6092599639041116,1.3520215399854025,0.8297464832573355
mean_gt_cat,90032b,poster,0.2000061870405078,0.27491801188605236,1.8661841877896326,0.6527562206177644,0.7042919369194018
mean_gt_cat,1b0094,poster,0.32849585059819586,0.46380052232406377,1.0316241639758434,0.7893425048628978,0.7335848397211661
mean_gt_cat,86d1d4,mobile,0.46071839945201776,0.46892575512078555,0.9503410241412963,0.96143162656572,0.7719928249892284
mean_gt_cat,2f0568,web,0.441533603487553,0.3987383819419284,1.2439981150223316,1.097056945552892,0.7722699584263033
mean_gt_cat,e643f8,web,0.3972113876905474,0.3394095613969107,1.3505523579982333,1.200717112327992,0.8043736099700891
mean_gt_cat,78fccc,web,0.448613000631776,0.3640938061500265,1.2009606318697839,1.355679562697785,0.8439908405287277
mean_gt_cat,d3a405,web,0.47363746976221044,0.4195617676157366,1.06564242314041,1.1191292138680933,0.800873086796664
mean_gt_cat,81627a,web,0.232793473704073,0.2896493630347324,1.6052478211047732,0.719314730333281,0.743486978842385
mean_gt_cat,7c8c61,web,0.12978326253487898,0.1856223591935113,2.4684248537565434,0.6576799670556612,0.7044079308954152
mean_gt_cat,31eed9,poster,0.3800298694090876,0.3131808688072152,1.4461293497531176,1.3115800214335582,0.8238771422504529
mean_gt_cat,b81b5a,web,0.2701107846506187,0.2681052206390761,1.7838332560376333,0.8751544676129286,0.7480970920478607
mean_gt_cat,3b4d85,web,0.3590606692392014,0.38187282173024684,1.3097328617895359,0.9126710344432704,0.7397070121393977
mean_gt_cat,95044c,desktop,0.3030452855843252,0.2977562113104049,1.7138903599949376,0.9280548143748016,0.7511985295988937
mean_gt_cat,94bf23,desktop,0.504301193862507,0.39193905704030774,1.123855516988757,1.5019671843238247,0.8463018119029911
mean_gt_cat,a752c9,desktop,0.5288497519029258,0.36176245733548634,1.165765417295895,1.6478946704954087,0.8672747647341088
mean_gt_cat,1655e9,desktop,0.47989860794349093,0.39264237052307976,1.137389028862423,1.6509682924665434,0.8822893151994521
mean_gt_cat,61a325,web,0.25451925086681837,0.34714617323808494,1.5773289637690735,0.8151105333789965,0.7456137819343086
mean_gt_cat,5fd00b,desktop,0.3856052248647515,0.36034275595871745,1.248795931445875,0.9829762955464465,0.7811943193209451
mean_gt_cat,4238a0,desktop,0.4960903095339051,0.42637043075863995,0.9965484284779762,1.2179880301452704,0.819857099834617
mean_gt_cat,6177fb,desktop,0.26168808641597335,0.25573966787211294,1.6948598345235235,0.9056596664743269,0.7779759888902421
mean_gt_cat,24f619,desktop,0.2935807049770971,0.26889275663793893,1.7434490087861387,1.0528825846375396,0.7998984168084009
mean_gt_cat,7142a6,desktop,0.37134775085977945,0.23484283390354815,1.829200588613976,1.6977491666340292,0.8315123999093027
mean_gt_cat,a6f08e,mobile,0.6544960053377844,0.5461165511205951,0.6907642356406736,1.3199216979758464,0.8083989390603067
mean_gt_cat,04741e,mobile,0.3189887235111604,0.38977030430315857,1.2832678566612712,0.6418556195935574,0.6909169543332425
mean_gt_cat,cf815f,mobile,0.39767331656211424,0.42440388530666284,1.1445751232663484,0.8656059989544759,0.7333398330050964
mean_gt_cat,6bc1d8,mobile,0.4593075108086647,0.452647733740053,0.9847023856081698,1.064681727131337,0.7759396971778405
mean_gt_cat,13642b,mobile,0.4748681825220315,0.4362634757680383,1.074644824534848,0.9481261358449102,0.7226658947778831
mean_gt_cat,3a98e9,mobile,0.6943032441233865,0.5568994579643853,0.7459918606303741,1.4316193107562487,0.8230170284643968
mean_gt_cat,bf7fae,mobile,0.36657827851368885,0.4464684290712035,1.0838900228405455,0.9174884231212461,0.7752389135111666
mean_gt_cat,e82dd7,poster,0.3993137437166992,0.23118485342879863,1.8184882886091351,1.6852303164883877,0.8415345132485905
mean_gt_cat,9a69c1,poster,0.4115268492366218,0.3737497234605301,1.2950365738666205,1.0803525854999338,0.759593867081959
mean_gt_cat,297a9c,poster,0.4606721280611216,0.39134629819781264,1.1110584612167047,1.2654950571041663,0.8479828360235308
mean_gt_cat,56669a,mobile,0.7415341839438447,0.5959062387267191,0.5064681944746476,1.4923396935833606,0.8293933137617566
mean_gt_cat,9f1d52,poster,0.5914132564292538,0.515928937816807,0.7818612197053538,1.3782251931764218,0.8294578082238466
mean_gt_cat,b3b08a,mobile,0.32307745087225137,0.3432685999199153,1.4764672999727142,0.8698979973891899,0.7232639506691458
mean_gt_cat,4f5fe8,poster,0.19963245932826557,0.28420082196050134,1.7066671930829878,0.6395898845985237,0.7121733585919868
mean_gt_cat,cae3e9,poster,0.5997989322394295,0.5449687939321758,0.7173087208842405,0.9999683552566654,0.7587266563182644
mean_gt_cat,29b4ce,poster,0.6107418657596284,0.5791285174091363,0.6378884193348033,1.3364687388266046,0.8057738971817875
mean_gt_cat,927a3c,web,0.5949511159859209,0.41519258273583987,0.983710509512425,1.55329687324535,0.8618084439536511
mean_gt_cat,ae747f,poster,0.6834180513787292,0.6029783720288215,0.539205876838374,1.3669336094887088,0.8271088365494735
mean_gt_cat,83f4bd,web,0.436797868069692,0.36928332662882196,1.213080156941584,1.3082091184077398,0.8419240801416439
mean_gt_cat,05dac7,web,0.38824581891930166,0.30286705407238346,1.4569045145808757,1.1928045644540868,0.7962668123461549
mean_gt_cat,9d7510,web,0.29480149841153114,0.3620677164837846,1.3600015248782606,0.866299306855155,0.7738751177163149
mean_gt_cat,e5a7be,web,0.3709734112817926,0.24202247834961493,1.688279608270432,1.5129561450879796,0.8483104777075177
mean_gt_cat,ed473c,web,0.5421567304382424,0.41208708279584877,1.1495743506117106,1.400963764489207,0.7983693682050105
mean_gt_cat,b5613a,web,0.5248820948671515,0.4029668090794979,1.1516835690416098,1.300513470746772,0.793745493958905
mean_gt_cat,12be73,web,0.4602617295879446,0.3866810130763555,1.2184242016630935,1.192700099941598,0.7649724440371799
mean_gt_cat,0b777c,desktop,0.5212462748638316,0.48581869775951614,0.9439957824620093,1.050977910569818,0.7619466194699398
mean_gt_cat,eb0400,web,0.25256372865388055,0.3137858550700407,1.5396747130867168,0.7813317117287537,0.7526220707859524
mean_gt_cat,aefb83,desktop,0.297287215330396,0.22628252173605215,1.9848737427864611,1.5800123041047756,0.857283925639353
mean_gt_cat,b889dd,desktop,0.48761003093836286,0.34569362763812533,1.258871275054841,1.7709437568316218,0.888647154911173
mean_gt_cat,e864da,desktop,0.09703003371569154,0.21000884688171562,2.1373347118890953,0.3869561350244133,0.6938473412958022
mean_gt_cat,a46e4b,desktop,0.26952274519137037,0.30724576940189585,1.667083374140944,1.0853385424898734,0.7968354997363798
mean_gt_cat,6457e0,desktop,0.3198435631446159,0.27270374343750375,1.802749394679811,0.9143558713009156,0.7196555821948152
mean_gt_cat,c78cef,desktop,0.3591077938794241,0.24989246561522713,1.7433102625821193,1.4892342766481421,0.8102141367329795
mean_gt_cat,bf4440,desktop,0.35372011164634415,0.33874435917580437,1.3899580421720157,1.1978707955093335,0.8262609141448121
mean_gt_cat,1dd3f0,desktop,0.31444029664860557,0.32115842212315493,1.607406563022144,0.9888395123284868,0.7555711200992304
mean_gt_cat,298ce9,poster,0.5763138578394938,0.4653469585577362,0.8586882165043399,1.2427878934565306,0.7913695446498531
mean_gt_cat,10c4f3,mobile,0.29998880483595725,0.3577756473099277,1.414366535095431,1.0727513756635383,0.7906185276788135
mean_gt_cat,7db957,mobile,0.5636366984285597,0.4320333818290151,0.9721257229397636,1.677341989732486,0.8728139915101072
mean_gt_cat,aa6f23,mobile,0.5221081282319016,0.4781518581589092,1.0142437358572995,0.939492687086264,0.7059071891886637
mean_gt_cat,49b3fd,mobile,0.2798617656513385,0.39126077101549794,1.1826876442307035,0.39631067076547793,0.6848033044422326
mean_gt_cat,5d47cf,mobile,0.5216141251767727,0.5183828301810417,0.8204061995039796,1.0197331927507167,0.7695314906144395
mean_gt_cat,da1a17,mobile,0.6920149139660944,0.5464423534690952,0.6734588508951789,1.6903095815147622,0.8920270613399442
mean_gt_cat,88c36b,poster,0.55767509158017,0.45874593262761915,0.9398112856451385,1.390852201985849,0.82896346127663
mean_gt_cat,2711d3,poster,0.3405184593836954,0.281192291687938,1.6587801749153448,0.9994788264697326,0.7756231506882458
mean_gt_cat,d7beb9,poster,0.5001998987048166,0.38376746152322916,1.171823802313662,1.2687049850646983,0.7622118650463422
mean_gt_cat,6975a8,poster,0.37372045300657086,0.2990446382182933,1.4716420281578277,1.2614154103268407,0.840683410909825
mean_gt_cat,a886c5,mobile,0.24688891793960355,0.26117306420996517,1.6727679453906537,0.48994880504097077,0.7221702021190197
mean_gt_cat,378c6a,poster,0.4092543092432308,0.3760398043450619,1.2022729130272343,0.8888563485538831,0.7616268884966215
mean_gt_cat,8f0277,poster,0.381781446963127,0.30948626649051747,1.5533541712989034,1.5528483829688136,0.8464848479596632
mean_gt_cat,b6c589,mobile,0.41176238366618684,0.3651225266293719,1.26401342529027,1.1467809167110514,0.8006296845639881
mean_gt_cat,a8e85c,mobile,0.47096776363929216,0.3610498573782025,1.2713623742812,1.724122671782144,0.8752133951514133
mean_gt_cat,83df37,web,0.11808160473401752,0.1923170825814119,1.9758817112428189,0.40250021431819016,0.7156757971408145
mean_gt_cat,8bb83b,web,0.31143580157437895,0.2999478317687454,1.7672099114828184,1.0232795887180914,0.7610926042346183
mean_gt_cat,0f5056,poster,0.5411748014634592,0.45475868550812126,0.967517016866198,1.6011482655773963,0.8733303816165626
mean_gt_cat,385881,web,0.24058570284056116,0.24706767201180072,1.9675161413457931,0.8963255541531995,0.7565378523371279
mean_gt_cat,f51c26,web,0.408917224947158,0.3875686638411709,1.183375137583462,1.4066548300357453,0.8571755661219956
mean_gt_cat,c7af8c,web,0.4089863423251031,0.2790077182663742,1.4992849456363964,1.266622435971464,0.8200684117358544
mean_gt_cat,dba9fe,poster,0.2095885018613211,0.2472184678025525,1.9990886456338555,0.6899463256372582,0.7070966007263855
mean_gt_cat,baf38d,web,0.1372705529264226,0.23288196863212346,2.119407415053965,0.5320284242216257,0.715868493504227
mean_gt_cat,d6f09c,web,0.3918346661838873,0.23102571881189435,1.8079964883071606,1.9216744530369059,0.893112226997162
mean_gt_cat,e84071,desktop,0.2876320598412257,0.35333576465416044,1.550077466838295,0.889797891457736,0.7003743230566207
mean_gt_cat,302489,desktop,0.4313111249595274,0.30224432980979493,1.4885128237272023,1.4615074597776392,0.830866450313684
mean_gt_cat,631570,desktop,0.3493620267022738,0.32971566267109775,1.9668031886739672,1.2161793534769307,0.7335089936924906
mean_gt_cat,7c5f79,poster,0.23099661696566093,0.2704327360770098,1.8142918414868467,0.9493700587905941,0.7724678173350311
mean_gt_cat,02622b,web,0.3912462339279932,0.2903855473850493,1.5948950823555381,1.216989046157291,0.8084188940038284
mean_gt_cat,d7049d,web,0.38544760055900823,0.26139555148127586,1.6181463377564131,1.6933516537711,0.8913817902730834
mean_gt_cat,b57c53,desktop,0.46619087453111174,0.3356646752477087,1.336635220773227,1.1389870140992338,0.7545642896817941
mean_gt_cat,3a9ac6,desktop,0.4559709973457151,0.3880923128984812,1.3165752549876597,1.2897945320166857,0.8065765239714405
mean_gt_cat,f466b1,desktop,0.4781904361902886,0.3890189943861205,1.2648413457038399,1.5619777412417146,0.8520982767057689
mean_gt_cat,425384,desktop,0.5421470947350946,0.3941104517502985,1.072220929017748,1.5676279517604863,0.8549460772728814
mean_gt_cat,8b14c2,desktop,0.30440634832011165,0.3514550115743688,1.4262757991121466,0.8571630991130191,0.7653114300352252
mean_gt_cat,cfa83c,desktop,0.4802314805389425,0.39070658941960906,1.1144005157566015,1.5824200986588004,0.8786473606909507
mean_gt_cat,501b73,poster,0.4821225893257084,0.4461775657735892,0.9823220491371566,1.1954961512730882,0.822838184583393
mean_gt_cat,70e38d,mobile,0.5977308195741033,0.4732110348130319,0.8942672991560779,1.9555217884166698,0.9094471231653899
mean_gt_cat,f657ff,mobile,0.58299763248977,0.5232815921539938,0.7174374538905235,1.1244913183068905,0.7992755933190533
mean_gt_cat,15723a,mobile,0.5146320778405296,0.5120378527353451,0.7839294717203205,1.200016471073675,0.8272111961740006
mean_gt_cat,01e2cd,mobile,0.585196597980642,0.45659304678940293,0.8954222862246913,1.632670456031263,0.8719633122479326
mean_gt_cat,906fd8,mobile,0.39353983260157793,0.36461214372004785,1.2599561929658125,1.03529256745214,0.7661468346212839
mean_gt_cat,8afe09,mobile,0.12370097232122845,0.3119335967414274,1.6467234513575577,0.31321621237845537,0.648196008151769
mean_gt_cat,91b2d6,poster,0.332799035054932,0.23977513768231812,1.8334901045453242,1.1894930151366445,0.765947335499068
mean_gt_cat,d73e0e,poster,0.5340948812820719,0.5012746677506615,0.9461776640466791,1.0504199301650448,0.7384035133582489
mean_gt_cat,8b4008,poster,0.4322747473717232,0.389069187624818,1.191724791197396,1.3779730165293729,0.839399940595312
mean_gt_cat,f4641f,poster,0.29342815088403357,0.365358085449344,1.2680657627661411,0.8094950430562052,0.7559791460884552
mean_gt_cat,949f72,poster,0.47970677909246817,0.44621870757515825,1.1153001115777705,1.2026974817795915,0.7852104562723542
mean_gt_cat,d073b7,poster,0.5166940994647411,0.41314463074414176,1.0644396262268072,1.3229448291891257,0.8137225873048646
mean_gt_cat,c1ad1f,poster,0.4700202654106397,0.3995398539345457,1.0874927932810246,1.0208041465946935,0.7785583594463725
mean_gt_cat,4458ae,mobile,0.5113703229329909,0.4680435935765953,0.8702373455137368,1.1338487107501702,0.7846258437603302
mean_gt_cat,dd9efb,mobile,0.3530642322320926,0.4167165774191026,1.1508228261183209,0.8636742392474168,0.7605323708365589
mean_gt_cat,233a4c,mobile,0.6402235893029196,0.5185329780110214,0.7476827665684141,1.736103856434489,0.8798308745679181
mean_gt_cat,3930bc,poster,0.2550891313014261,0.22527210249141696,1.8177780337897238,0.9972330847244233,0.7897966977419149
mean_gt_cat,83ba29,web,0.33779726311423575,0.2896949234377383,1.6522013478598931,1.3230278763362493,0.8181299845834762
mean_gt_cat,25acbb,web,0.25558103320205383,0.2904400073298678,1.6190606466689281,0.7698017062342627,0.7433488849384637
mean_gt_cat,224be3,poster,0.4242062191434476,0.44586199271061566,1.0643418056832443,0.9771787595943979,0.7287413949433628
mean_gt_cat,314e90,web,0.5222921816103766,0.4566856616456857,0.934533583233901,1.2233070893773546,0.8021394863385882
mean_gt_cat,660b15,web,0.3244491595488622,0.3148016778821315,1.5651044817396365,0.9224435581049152,0.7590241834073779
mean_gt_cat,a8a8fd,web,0.49809104448664226,0.37925070343405554,1.210929112573877,1.2512934698598766,0.8009122583726199
mean_gt_cat,479d3c,web,0.43911896110500004,0.3797879885792489,1.2506608745216017,1.2877662510484802,0.8295065421440793
mean_gt_cat,2154a3,web,0.4502448041653737,0.31921218683518343,1.5157372311800055,1.1994932877341558,0.7697634391249353
mean_gt_cat,d499e7,web,0.4793077213093494,0.3821605427173684,1.1974409330672795,1.421108994766334,0.836306093796453
mean_gt_cat,61a9f0,desktop,0.45298679355670973,0.3115571389844323,1.375761006290433,1.4276295977279778,0.8486258676874565
mean_gt_cat,cd1a8e,web,0.4982638435944565,0.4310443791627441,0.9418821701902954,1.157432192349905,0.8167825997576701
mean_gt_cat,48a5a0,desktop,0.4097817788977958,0.2927436566309033,1.5141257288506011,1.713960274207308,0.8893231265086465
mean_gt_cat,33eb5e,desktop,0.21951585451880182,0.2488920868242801,1.8666759656763285,0.7844657598077679,0.7354345543557247
mean_gt_cat,a03205,desktop,0.16212274607193497,0.2145684716287177,2.098365533131374,0.8407965394042297,0.7691547497396959
mean_gt_cat,5dbe49,desktop,0.4761472748132319,0.40506489517218236,1.3590415282906447,1.1784317336294048,0.7667338829435348
mean_gt_cat,f4c1e4,desktop,0.46233892930137904,0.3198275971415722,1.3105130422840983,1.493019436352721,0.8554229682895879
mean_gt_cat,c2db26,desktop,0.3984222607563275,0.35609907515907685,1.3966711907275582,1.2456101233780585,0.8147127009299965
mean_gt_cat,e07498,desktop,0.37276230389583964,0.31604403555608374,1.4956253772351569,1.6189909762161359,0.8761112127220564
mean_gt_cat,c05cd5,mobile,0.5754680505036356,0.4191656870558737,0.9783455287330601,1.8285708006341952,0.9073281966498381
mean_gt_cat,11f8c6,desktop,0.4895029428829233,0.31448837391705853,1.3988070363079266,1.551319009032208,0.8478647204180265
mean_gt_cat,ec6510,mobile,0.5644858618517239,0.4820622942562437,0.8357919547994974,1.0684494429469604,0.7652133549983663
mean_gt_cat,cdcaf8,mobile,0.44661316400220835,0.43761942362721806,0.9759526573798061,1.105210003720164,0.7997927005604919
mean_gt_cat,cb23a7,mobile,0.37320953573367144,0.3162743958422668,1.4189389945942035,1.054156939660306,0.8046561079814191
mean_gt_cat,2ad467,mobile,0.5037351343026691,0.38162267885074946,1.1115940395602952,1.4216583100350508,0.8453293077694892
mean_gt_cat,b65aeb,mobile,0.5108183655923877,0.45029380644115935,0.9463350273609128,0.9644881920600954,0.7337948481263021
mean_gt_cat,2fdaaf,mobile,0.6291429825963399,0.4862026495474988,0.7917228691813147,1.6834265561255366,0.8868711729537392
mean_gt_cat,00398c,poster,0.2740194567063576,0.3080691735784783,1.6180806097247236,0.763132441542556,0.7102134585068673
mean_gt_cat,8c765a,mobile,0.27300093922185653,0.3630013983784917,1.3925763409839644,0.7437011702414861,0.7559615820702102
mean_gt_cat,5fcb22,poster,0.31520755808726786,0.3227000504363631,1.520015821911966,0.8197363276301375,0.7437582370217748
mean_gt_cat,35c59b,poster,0.41027403275170804,0.30865483260731713,1.6062430743702338,1.0557213968934682,0.7049277093155671
mean_gt_cat,955a79,poster,0.29558590652259853,0.3345327881407638,1.4445103823730334,0.7407905608222822,0.7041532956658901
mean_gt_cat,ca49ac,poster,0.3396436675899606,0.33777300198728993,1.3138636886410153,0.901119572626008,0.7549854437219085
mean_gt_cat,7cd2e0,poster,0.538426452719134,0.39793337408510276,1.118761788350866,2.141335590423761,0.9436462984390533
mean_gt_cat,ed727a,web,0.282900608641537,0.29933579279921124,1.6451259505995015,0.9497298053747315,0.7552070972130157
mean_gt_cat,0c11b6,web,0.2613154837162024,0.2983534094223871,1.6383674830337736,0.9162248695998184,0.7827234683343501
mean_gt_cat,e5635e,mobile,0.6506842673062734,0.5015036206552639,0.7263595703424391,1.5061455605710805,0.8523588181341897
mean_gt_cat,26781f,web,0.35622844891610506,0.35478437021987663,1.3010695150570994,1.3369905728055738,0.8507799983936563
mean_gt_cat,3eb8f9,web,0.35343663773127976,0.3028573823997611,1.5833998442631345,1.027851087904768,0.7674538741375789
mean_gt_cat,193df9,poster,0.5776819096029815,0.407985077223036,1.1745406423720104,1.4399373138438694,0.7710118173458342
mean_gt_cat,ecf627,poster,0.45580623281940824,0.41256383421667847,1.0250597418422436,1.1357356008506116,0.8004197023624535
mean_gt_cat,f50e6b,web,0.38096722561586416,0.27171631760632653,1.6086719397387637,1.4314614354780129,0.8439736345035486
mean_gt_cat,719127,poster,0.5267779769703251,0.4561503402692832,0.9023430090126716,1.4364446308404093,0.8598819510293882
mean_gt_cat,74afe3,web,0.21570445037171299,0.2354446316879307,1.9785240429402253,0.8553881734175357,0.7526135686741315
mean_gt_cat,54bc51,web,0.3274618650205,0.3234081825969315,1.6797717656829851,0.8149416557286043,0.7324311842669937
mean_gt_cat,5f1d69,web,0.38574391070222863,0.3169056082915165,1.4195992525288028,1.0283635253088987,0.7871441179636631
mean_gt_cat,c9fe43,desktop,0.5502805330535611,0.48364996778091546,0.8515421509789673,1.192516528460006,0.8036348037422524
mean_gt_cat,50ebe2,desktop,0.665664379702023,0.6058963003504577,0.5789775758181187,1.2462266101689552,0.8186160090975415
mean_gt_cat,901003,desktop,0.5852454648588046,0.5268985565072286,0.7591041419062277,1.1626467693402238,0.7979084121801446
mean_gt_cat,cca312,desktop,0.4052370974660024,0.46472392037989163,1.0577352839001466,0.7147750384847752,0.6998518776362351
mean_gt_cat,c3709c,desktop,0.4259527558594212,0.3933599703476266,1.244998530781504,1.3546856774860185,0.8304809580851829
mean_gt_cat,0f8ece,web,0.3657075013835215,0.32571381889188494,1.3588595239491577,1.0865072904497268,0.8184325718887561
mean_gt_cat,8ed8ac,desktop,0.5138225703498325,0.48926415690803116,0.8665814586963533,1.216244821507934,0.8063476924244151
mean_gt_cat,57f74a,desktop,0.6151445341443673,0.5261925575524437,0.7721164979244941,1.1657755590941647,0.7819128306293022
mean_gt_cat,7f9e3a,desktop,0.618155331173287,0.48718226622381455,0.8291227221191045,1.4997103069766278,0.8386239617383154
mean_gt_cat,15ac57,desktop,0.25640936915928497,0.32555428326901964,1.4904809461862,0.7636463249407874,0.7350148538713059
mean_gt_cat,efb9d2,mobile,0.5481249821456342,0.48943116264099934,0.7800025736045875,1.3201762403362958,0.8405897879581814
mean_gt_cat,ea3c8c,poster,0.37315993533449054,0.4164767377413534,1.1259922157433548,0.6116546929751331,0.676902137852027
mean_gt_cat,c3f5f9,mobile,0.41243813816193886,0.5006385382676978,0.8097277364636903,0.7400144370819804,0.7159644301087019
mean_gt_cat,0a0c95,mobile,0.6683798705290919,0.5181288342063917,0.6894857071337257,1.648307133016521,0.8461326599367981
mean_gt_cat,533daf,mobile,0.735220619175809,0.6473310339768679,0.4277663372257273,1.2043038957623755,0.7957221815651634
mean_gt_cat,4d0fc2,poster,0.4690568982946153,0.4434597402566312,1.0761342471523527,1.186610423790367,0.7957242129277899
mean_gt_cat,3d29ac,mobile,0.6591071204553395,0.6199564663859078,0.5063492507472649,1.0898578923362312,0.7814049067970074
mean_gt_cat,af9990,mobile,0.6403748759557117,0.6210419120243464,0.46313266980281936,1.2935703973090569,0.8196589690562011
mean_gt_cat,0ba80a,poster,0.2650637940262097,0.32586507622076416,1.3882902467719118,0.7265316366609436,0.7479781885052988
mean_gt_cat,da75d3,poster,0.4746126269606433,0.46961400286061916,0.9588932170830424,1.127387176050839,0.7907055295329753
mean_gt_cat,aefca8,mobile,0.5979949828572931,0.5671471091655605,0.5871393760220542,1.0591811123547457,0.7750644239464953
mean_gt_cat,58033d,mobile,0.5459511283753444,0.5359453390544836,0.6720976165404047,1.2346809565776051,0.8268747798412398
mean_gt_cat,50802a,mobile,0.6269689150133579,0.5567731029372566,0.6551125643981587,1.2185402993899688,0.8082838759640967
mean_gt_cat,c4be71,poster,0.6086456376541727,0.5557538345286488,0.608639424715248,1.075106067493523,0.7900549830802851
mean_gt_cat,f3cfac,poster,0.3535793787967895,0.43573765935010267,1.0797010677760601,0.8442568809969072,0.7463106069887462
mean_gt_cat,8f64ff,web,0.5964795673864399,0.5787905414024362,0.6075362245271597,0.9711222147184675,0.7531111177011652
mean_gt_cat,abc926,poster,0.7539865038677938,0.6232017120022144,0.4554327110395347,1.3937930068722602,0.8117253962153925
mean_gt_cat,de022a,web,0.49659454132305425,0.47788590995765934,1.0973934534328138,1.2072701818170217,0.7726229683582921
mean_gt_cat,25426d,web,0.38710478949700683,0.41782433253601065,1.0589600269696127,0.9888946893318813,0.7846536532542078
mean_gt_cat,0950e7,web,0.5183900405443733,0.41618599265676137,1.0292962109782422,1.3357632333107199,0.8143955023951274
mean_gt_cat,aa24d4,web,0.653671579284666,0.5564790116974115,0.6432875586986397,1.2442484184435973,0.8110203024984823
mean_gt_cat,7ace2f,poster,0.36028367077878465,0.5395395303646353,0.7754373689595551,0.48719436567880886,0.6484079454809367
mean_gt_cat,e9b913,web,0.5343550342138694,0.4483819268255796,0.9563688265279271,1.1404930390058412,0.7699430373015186
mean_gt_cat,457230,web,0.5905565589096728,0.4166397884308556,0.9942898919089475,1.6606992271139642,0.8669262706634208
mean_gt_cat,72e45e,web,0.5461446999451968,0.5143544496145156,0.7880605333739976,1.1537830213703135,0.7877798793939192
mean_gt_cat,f961b1,web,0.5225853305028216,0.3795854363426879,1.1406249974933984,1.672952320357302,0.855405407595428
mean_gt_cat,c71a6f,desktop,0.3674629746638969,0.3141944828504751,1.6098327743072256,1.085870857158351,0.7588475096473812
mean_gt_cat,673d4f,poster,0.4330868890391527,0.5002242737436153,0.8672683414257667,0.7637762085373777,0.7324434361178709
mean_gt_cat,c92f85,desktop,0.47650673797814547,0.38029741582850535,1.2645585895820641,1.5395027940002237,0.8459702838032743
mean_gt_cat,f1e0ee,poster,0.520969556457883,0.512619480033655,0.7642941760051387,0.8907191952781228,0.7324467069315104
mean_gt_cat,1b984b,desktop,0.3387920440204838,0.3379697803770744,1.439362478916123,1.058114535264708,0.7895209390841704
mean_gt_cat,244817,desktop,0.2054761465885903,0.2994883088979325,1.6027164125610915,0.5193288839046879,0.7086863053181256
mean_gt_cat,d3a241,desktop,0.3092298389888154,0.26814252210731526,1.735196570345199,0.992431135682556,0.730217657328172
mean_gt_cat,b2c74f,desktop,0.33755235213131707,0.23451119784243502,1.813179393552668,1.6881574911456654,0.8931803031595149
mean_gt_cat,df67c6,desktop,0.44946084167174605,0.40789110357962044,1.0970262111762017,1.4003355880225745,0.8540329726466525
mean_gt_cat,b2165e,desktop,0.26687149599069115,0.25264215916203964,1.7056410958844528,0.8346337182043938,0.7653757459252599
mean_gt_cat,244dfc,desktop,0.4003949847288094,0.31004507553204447,1.4508248661010292,1.1851844247239482,0.7912665212701092
mean_gt_cat,3c465a,mobile,0.2177115803790633,0.31826600648603554,1.45123400828902,0.6251315589780747,0.7484481611330873
mean_gt_cat,151d2e,mobile,0.6222386344661164,0.4946433632628455,0.9108822203936566,1.3860724841340675,0.7893622721669312
mean_gt_cat,9620b2,mobile,0.21315490646674873,0.3228873501402042,1.5957497796499287,0.6126195976918094,0.6601419398301102
mean_gt_cat,fb3c20,mobile,0.3096975160699095,0.32754098715231234,1.402141757412678,0.8312997463499688,0.7442924145313523
mean_gt_cat,abf2a6,mobile,0.4442801674316921,0.4309834151628313,1.0160280411354567,1.1181360401509817,0.7906634723239275
mean_gt_cat,614eae,mobile,0.3744634411378053,0.43931062787480546,0.9218925962805282,0.8045275107163818,0.7796703126055095
mean_gt_cat,bd8797,poster,0.6397531629124799,0.45327353171082885,0.8645846968174751,1.7345897202905465,0.8941896291869208
mean_gt_cat,76e1d9,mobile,0.5627297654899654,0.43741939463518575,0.938247398562966,1.221285436468462,0.7757997952739646
mean_gt_cat,b9d4f6,poster,0.3581794554110945,0.3248782671917465,1.5626380885984061,1.3386478519910285,0.8192937566154915
mean_gt_cat,34c262,poster,0.3454484491003931,0.41776858977063347,1.1173466192941772,1.07449342356195,0.7933542664476186
mean_gt_cat,091ab0,mobile,0.6292993521094963,0.5304750774827983,0.6818970088807403,1.3981554427225293,0.838360760473739
mean_gt_cat,bca872,mobile,0.4173417225350032,0.39161573173105263,1.0776842742711625,0.8004924903282279,0.7586990151315179
mean_gt_cat,964f81,poster,0.4424035028195929,0.3642013548498274,1.2618225328860395,1.0248629110124041,0.745148953989645
mean_gt_cat,ab56ac,poster,0.5788155337079468,0.49666660747160774,1.041712177497643,1.4388736160186115,0.8084951395011453
mean_gt_cat,9e069d,poster,0.3541327767799954,0.3387937788135856,1.3500431429576358,0.9301830322843236,0.786054912718216
mean_gt_cat,1a27f3,web,0.14979927268072593,0.27219034905521244,1.7983844641144229,0.4546140635311667,0.6952528068184065
mean_gt_cat,d1e801,web,0.5396554935205602,0.3917831663031026,1.1072957675396622,1.5210833586169172,0.8423091227262763
mean_gt_cat,c2c5ec,web,0.29180761500684804,0.29973809379421756,1.5108665620228272,0.7959910344368751,0.7565163210706738
mean_gt_cat,f4bfdd,poster,0.5145269518897895,0.4194829275639608,1.1236283099579856,1.5073549778266506,0.8379613644595572
mean_gt_cat,bef1f3,web,0.2977415173672308,0.3072342797913677,1.5673835165443204,1.2306302447567288,0.8295880859866829
mean_gt_cat,1b4c8d,poster,0.2366307502750381,0.3280641485645081,1.6235971224405987,0.5658716551926031,0.7153209405012905
mean_gt_cat,aa063a,web,0.25933845782857984,0.2601188875001585,1.942203140172394,1.0169232882717831,0.7528107675988145
mean_gt_cat,1e79f1,web,0.21743005400523488,0.27670330921372993,1.7996245533348316,0.6785706927684426,0.7328951756740446
mean_gt_cat,195990,web,0.46689299252775224,0.4147564841447819,1.2697530895148486,1.030018536272762,0.7441692499445212
mean_gt_cat,824f2b,desktop,0.4411633690372931,0.3550127974798508,1.2333759574883858,1.319275786839971,0.8289931519916685
mean_gt_cat,ad1e05,desktop,0.23925404627112623,0.291706837593444,1.8353396126937207,0.6073071339954537,0.6817863350782857
mean_gt_cat,a128c8,poster,0.42289730272101544,0.35836479472949845,1.3377899486583105,1.0952559759493592,0.7708726187018539
mean_gt_cat,2aff6a,web,0.46190322157172625,0.3983998449360046,1.1226592273107396,1.157406958079888,0.7825632457489745
mean_gt_cat,c3ac4c,desktop,0.3704156639238219,0.36087381820423675,1.454674034996875,0.9551974479134128,0.7441653065746512
mean_gt_cat,27e29a,desktop,0.4591118555013333,0.34608733559110955,1.2353281404861802,1.284082565048361,0.8286931267782942
mean_gt_cat,9b3896,desktop,0.24160217221079866,0.2868632348406281,1.7219197865722946,0.7080117633306542,0.723894464696937
mean_gt_cat,c8b126,desktop,0.563069153646342,0.4060422447662455,1.0211477472224728,1.6630781605229206,0.877995599526656
mean_gt_cat,b3e3d8,web,0.3292061960476803,0.3048279823031581,1.574662752526652,1.2916605769583407,0.8256810538125783
mean_gt_cat,1a03d5,desktop,0.3111524126717582,0.31566149046500636,1.4284217767802814,0.864562896256428,0.7653504266344221
mean_gt_cat,40e990,mobile,0.5027659202940542,0.4452377506431655,1.0936219226337875,1.2153687512771216,0.7856579868821143
mean_gt_cat,991446,mobile,0.4981225220449713,0.45097951303401984,1.1519948641377213,1.2212604010755868,0.7716742376529443
mean_gt_cat,c0e167,desktop,0.19838176856591988,0.2816837088367136,1.8165106249957685,0.8534830535303152,0.772382154398738
mean_gt_cat,0f1984,desktop,0.2985740081628748,0.2938869885364194,1.6505160073916822,1.1623076362284157,0.8074632355529966
mean_gt_cat,c01b8e,mobile,0.6111701712945568,0.5492067935961027,0.6227644954916449,1.3075307495650181,0.8331431573372641
mean_gt_cat,0e136e,poster,0.6591380596701271,0.5028764139649822,0.7546495848686874,1.615041120619777,0.8712965794506148
mean_gt_cat,b44e33,mobile,0.6113583519408242,0.5050063556609421,0.8373349572217785,1.4055426037540566,0.8326615466963192
mean_gt_cat,5d66d2,poster,0.3884868583671528,0.26514238984860666,1.6817982773542082,1.6113283467428827,0.8473194277481221
mean_gt_cat,46e638,mobile,0.5059387068463703,0.5092527525686146,0.7449924814797186,1.1296913779286806,0.803024611291001
mean_gt_cat,fb2cd4,mobile,0.6334206151090862,0.5384263721777319,0.7679999686871607,1.1951304204304305,0.7588463937939375
mean_gt_cat,f9ae9f,mobile,0.6188125982133637,0.48663197398242125,0.8233210631808496,1.4659705555132918,0.8357142694921262
mean_gt_cat,4c739f,poster,0.6699473572632804,0.564112272358268,0.6777683547106396,1.4435646595633926,0.8221340231441189
mean_gt_cat,83a338,poster,0.3984516441554644,0.34747246331614284,1.4605733320938907,1.0589485353425316,0.7458018147841062
mean_gt_cat,13ae19,poster,0.4773205512257994,0.4198090157944277,1.0877492819967824,1.0650125022804235,0.7701005447918041
mean_gt_cat,0feea2,mobile,0.448662356581582,0.44566334816329173,1.0407994166520624,0.9053227824933416,0.7503889697733932
mean_gt_cat,d889b1,poster,0.4858500635490561,0.3587725490618472,1.2975981553717715,1.3089464539465185,0.7913610961513186
mean_gt_cat,4b9fd2,mobile,0.37752715585845353,0.4159177021269711,1.1758061559049846,1.1382793800466744,0.8064512584549821
mean_gt_cat,8e5bd8,poster,0.2084481695941272,0.3008216494753858,1.5981182869142947,0.6079256979880481,0.748746397878856
mean_gt_cat,abe796,web,0.5077992547872151,0.43762104606581076,0.9664049955262735,1.1629754858827854,0.795659782371275
mean_gt_cat,8f9844,web,0.3593278302723364,0.32746492148633993,1.4782048567720605,1.198592029185524,0.7990513045409392
mean_gt_cat,92b95d,web,0.493885107770486,0.45898389176580057,0.9227465007474192,1.0933169780360152,0.7891249889745633
mean_gt_cat,c05976,web,0.32876445976401547,0.3049083611116594,1.5017945107756272,0.9755922257660457,0.7637264825583447
mean_gt_cat,6047d3,web,0.41243533866088866,0.31131852399795296,1.4005276789803207,1.3515316086664362,0.8436993648336255
mean_gt_cat,5bfe3d,poster,0.5669313284490707,0.44643871468776775,0.9649404869216595,1.3997915626513322,0.8111092780099596
mean_gt_cat,a53761,poster,0.43735508457231626,0.417225123979626,1.0693583913834637,1.1239801224218435,0.8107803652655058
mean_gt_cat,b86b7d,desktop,0.28253743499817446,0.21051480510759396,2.0297544221963673,1.0462368439659697,0.7677458922263987
mean_gt_cat,a8f275,web,0.39880684530322974,0.3208211634074345,1.4396257830912131,1.1056909414617049,0.796801632113125
mean_gt_cat,5887a5,web,0.44836386619336555,0.3081226082913961,1.470348540021436,1.371321197535101,0.8003500513181508
mean_gt_cat,825f33,poster,0.6595955144142767,0.49200886065847416,0.7676014033808845,1.5359414209315705,0.8312646798865994
mean_gt_cat,628715,desktop,0.3393379824847721,0.3133433239306974,1.5421815445482183,0.8488404580509697,0.7203158424283176
mean_gt_cat,fe14d6,web,0.251623007175908,0.26219935115650655,1.8033490690717588,0.7197945272059643,0.7205519007421379
mean_gt_cat,c228a1,web,0.4406767639424757,0.4145782645265126,1.1425247571769683,1.208334607840844,0.8099416524668662
mean_gt_cat,6fbe76,desktop,0.3167575052242459,0.2757076022491772,1.8703664460354381,1.2974453567452024,0.7767352987253323
mean_gt_cat,3076c2,desktop,0.19586390462689085,0.13583492184725232,2.4761323820158343,1.1503054487063693,0.8107636697671918
mean_gt_cat,c50a3d,desktop,0.3777300101587039,0.22829861417521505,1.8650080250906063,1.7890315403935102,0.8881432875434848
mean_gt_cat,9bbfdf,desktop,0.4737068192902353,0.3195683808226334,1.3853787254909609,1.7495477993539092,0.8836285118043694
mean_gt_cat,1c381f,desktop,0.3614552737439325,0.2558576268543206,1.72649442120688,1.211728999569843,0.7924886047216979
mean_gt_cat,a7a9da,desktop,0.28013195531965407,0.21806934225633634,2.0776719585270333,1.4193233417627007,0.8217446819130992
mean_gt_cat,815859,desktop,0.22833591866337827,0.22241248424749652,1.9218019765033407,0.7121484502731318,0.7488209460557624
mean_gt_cat,598d81,mobile,0.5130788504573516,0.28530641767393794,1.416978848308844,1.9934132552532435,0.906241962932414
mean_gt_cat,1a2fc7,mobile,0.471049300516045,0.4468914350854601,1.00165946611611,1.383278692137397,0.840933130995978
mean_gt_cat,3e8fe3,mobile,0.5935150280797353,0.443718469496526,0.8997036969379956,1.5328344014970143,0.8575869340321399
mean_gt_cat,f285d7,mobile,0.5577749735264825,0.3539316000117738,1.2037778287394616,2.145919563883212,0.926919566830191
mean_gt_cat,66b3ff,mobile,0.4764425220175086,0.3094812519268357,1.4621083475656296,1.8095744203027404,0.8886504202731722
mean_gt_cat,b92f85,mobile,0.38832642321779404,0.2915096502472004,1.4655020730668338,1.4703698701715227,0.8663039144835936
mean_gt_cat,eb06ec,mobile,0.32725984154489224,0.37505517553469936,1.2849849524018615,0.39873832459213787,0.6436230878843696
mean_gt_cat,31bba3,mobile,0.13194888674498023,0.29802766855801327,2.309981357308815,0.6617533188723799,0.6660203829988822
mean_gt_cat,5ea384,poster,0.2941318043989506,0.2624907222133024,2.005775101896556,1.10702152511221,0.7260059634570641
mean_gt_cat,7decae,mobile,0.4690010855296043,0.3640267193496995,1.3065144954079495,1.5748600754203934,0.8473291097434225
mean_gt_cat,2ffa4a,poster,0.318094176479593,0.2717489415026816,1.8545960409282536,0.9578976698192566,0.6979764960842106
mean_gt_cat,ab0c83,poster,0.5039897399186718,0.43649720973363204,1.0279869880696273,1.5072736636835007,0.8588249754844102
mean_gt_cat,a6b429,poster,0.6185538259990564,0.4549907997580461,0.904224220243939,1.7640502880530768,0.8925697535539562
mean_gt_cat,a87d4f,poster,0.6420182649652015,0.4428706004480168,0.9797645269654852,1.5063744656202038,0.8041352708403365
mean_gt_cat,c6a6d9,web,0.4174539858532036,0.31445748126055983,1.4176657518903117,1.2953876799827744,0.8311404929632771
mean_gt_cat,393327,web,0.34443355464949327,0.21796628997318912,1.9461189758425192,2.0553965657714115,0.9295138373957295
mean_gt_cat,0af35a,web,0.4186349854452066,0.24837185686561178,1.641275111468124,1.5372395588431,0.8379091964721236
mean_gt_cat,b4a27a,web,0.3617738817425365,0.2806943619686776,1.5926507702488835,1.3740835641740974,0.8393127386286616
mean_gt_cat,4f7447,poster,0.45644979819057696,0.3308985128800799,1.4416245287068452,1.7393508345559616,0.8699857753568037
mean_gt_cat,4f4f19,poster,0.3277836293407205,0.23804065988842807,2.152138690193626,1.0463551306291632,0.7073340594943658
mean_gt_cat,bfa4f2,web,0.1463943888009786,0.23302054781509252,2.0911635208391868,0.6016456011148366,0.7120063296939863
mean_gt_cat,fe6876,web,0.36879560126438327,0.3211183481098107,1.4739514085462608,1.5484337065871872,0.8721110139754783
mean_gt_cat,e1217f,poster,0.576048208051119,0.4293214009599359,0.9694340968139239,1.7734519680899798,0.8849204531086514
mean_gt_cat,9f5081,web,0.373627674638051,0.29418088957388916,1.558705619934881,1.1862429257606504,0.798428183457173
mean_gt_cat,168b3b,poster,0.5988624398416373,0.48494049027487557,0.8436741103932615,1.3535706502493312,0.8186342296420058
mean_gt_cat,b02217,web,0.2533677366681872,0.25487453654127884,1.9638549084137509,0.7321996772567676,0.6871204060943364
mean_gt_cat,6d8af6,web,0.15243071404864023,0.1759296323225627,2.389460473985375,0.77010544881337,0.7253661655187225
mean_gt_cat,a09cbe,desktop,0.3555724398775977,0.2634891813084454,1.6918835460474404,1.1320417623227108,0.769821618691271
mean_gt_cat,8b2ea2,desktop,0.5182532393330495,0.3380440164858747,1.257956377690065,1.6582209832679158,0.8708026851606598
mean_gt_cat,8d2ab9,desktop,0.4143678480966259,0.2908754896380954,1.4635256819468028,1.2023591961978881,0.7956313912913784
mean_gt_cat,815511,desktop,0.35150427317319355,0.34447047064909464,1.3676217642134718,0.8374536459888253,0.7272972573773088
mean_gt_cat,7fc716,desktop,0.34072921255252286,0.33025170797654857,1.430131258126403,0.9152802243162282,0.7628494302069807
mean_gt_cat,592b58,desktop,0.5099826931262328,0.3535302743005309,1.244641971441974,1.4988787411666855,0.8508164547074254
mean_gt_cat,6c8b71,mobile,0.6586292476516262,0.5055459181305981,0.7402080361368615,1.6088792693314482,0.8674443809627136
mean_gt_cat,aac5d7,desktop,0.42345594907219425,0.31927143164882826,1.3695422311503342,1.3553953441249584,0.8351232149759068
mean_gt_cat,2a8f6b,desktop,0.31817560867738803,0.36340133922018175,1.3693213220231695,1.047438471211853,0.8093926096435432
mean_gt_cat,49e72e,desktop,0.4896379944825966,0.3929491477094961,1.1219737761562876,1.2750067658613347,0.8264990874717936
mean_gt_cat,cd9e29,mobile,0.6754637451469658,0.5576544728894283,0.6477326077100594,1.498510363660525,0.8452925541524452
mean_gt_cat,449b4f,mobile,0.6883350938886212,0.5380622924674755,0.6456075370475594,1.5521881691696497,0.8574312737342626
mean_gt_cat,bc43bb,mobile,0.5370638271098966,0.4671030311676272,0.8578786497718545,1.2438087132639042,0.8217827698555166
mean_gt_cat,d1ef30,mobile,0.5291467371501974,0.3965083375994161,1.0646037936054307,1.602617083843666,0.8542979224982791
mean_gt_cat,ab4d1f,mobile,0.6288579267802654,0.46204311059923886,0.9422565230187312,1.6713922008345705,0.8416360233899559
mean_gt_cat,59354f,mobile,0.16231166698516186,0.2396648520136999,1.7318868004145136,0.4837932902774989,0.7286629699984013
mean_gt_cat,e18daf,poster,0.6014125568373233,0.5076400226812567,0.8657920177540716,1.235554420490953,0.7884130325001536
mean_gt_cat,5db7bc,poster,0.3713715283910287,0.3450931379748958,1.3396857937729827,1.2518390360830138,0.8332483272201049
mean_gt_cat,5620ab,mobile,0.6580807233395952,0.46594182803997053,0.8484063897008126,1.8275306704394432,0.8691118531156191
mean_gt_cat,d7cfda,poster,0.6451497947321823,0.5217107844527115,0.7420173865761218,1.2280399746372168,0.7582762882521192
mean_gt_cat,7c352d,poster,0.4976000695258467,0.42231517041835215,1.0610384574167773,1.3832239476860506,0.8325795216121477
mean_gt_cat,0dc366,mobile,0.32127454585521553,0.3411997935283154,1.3711879216627274,0.8390122908030168,0.7258474186461411
mean_gt_cat,cb0c6c,poster,0.2898941211761056,0.2288285181517151,1.88326788529334,0.9466401888938999,0.7437294253594445
mean_gt_cat,c79430,poster,0.5617806696392182,0.5180926956687041,0.8054150217510592,1.1899471622060929,0.8046326999014897
mean_gt_cat,2304c8,web,0.41694479987287175,0.28230602532075966,1.5375083602080593,1.6761734556709686,0.8749845571053306
mean_gt_cat,c84353,poster,0.5594008270077911,0.5259867957321434,0.8031234979754912,1.1462314970310612,0.7681421347497578
mean_gt_cat,a91f25,web,0.4405995290449,0.3293000367536027,1.4160348723540377,1.2408289114840927,0.7698657200837833
mean_gt_cat,e7a5c0,poster,0.5626765062289757,0.5115193154172647,0.7889156244323154,1.066283467841637,0.7873632230791278
mean_gt_cat,853a11,web,0.5126985302355669,0.45721254430023517,0.9571897498944666,1.207391828201625,0.7880941280970156
mean_gt_cat,a44696,web,0.4562127517707777,0.32798884578057286,1.3653911309035824,1.4517401700010726,0.8363320794464623
mean_gt_cat,631068,web,0.4778032787040566,0.3450766393866497,1.3119281567812147,1.2714495105672603,0.8120353694255081
mean_gt_cat,18db69,web,0.33486371649069213,0.25709929630777434,1.7442968401477799,1.339850459036297,0.8055205804998862
mean_gt_cat,9aabba,web,0.3814104420565377,0.3110801045525369,1.5137466441462346,1.0687675720262895,0.7840582131638868
mean_gt_cat,cac69c,web,0.41453223947813267,0.3465861424056066,1.3322053999551935,1.1407587914463977,0.7889936512880131
mean_gt_cat,ab4eb4,web,0.1863354292186547,0.3160808954172335,1.5984564371319339,0.524818091292081,0.7128312082445768
mean_gt_cat,91795a,poster,0.3578883232338922,0.35412459809856817,1.3552172953518191,0.8109063372701928,0.7060890239852795
