baseline,image_id,category,CC,SIM,KL,NSS,AUC
mean_gt,fbd704,desktop,0.4458781891293021,0.38172138751493206,1.1709999522248833,1.1076009477316529,0.7954171568223157
mean_gt,a2da71,desktop,0.5100355737648059,0.4352825553928902,0.9921812697201278,1.2231008333014977,0.8034907534194431
mean_gt,8b0b52,desktop,0.45836126257744275,0.4435034913411322,1.0520592148647032,1.0556547842469202,0.7843807585571588
mean_gt,2021b7,desktop,0.2920651043994172,0.3355835226635846,1.3925800048228167,0.9949064709969884,0.799765851614803
mean_gt,95b2d2,desktop,0.41619705102231475,0.3690763039974693,1.2588765469722318,1.1792372870556147,0.8018898201557129
mean_gt,d99b18,desktop,0.37498181798242847,0.2774703115422593,1.5951410985516044,1.3087696192237586,0.7993956586241907
mean_gt,2e93e6,desktop,0.4277755896555827,0.3849185157538186,1.2585998493723474,1.067593958694936,0.7872081274602347
mean_gt,7613f2,desktop,0.3824368343615342,0.33246690572306126,1.3293841942488367,1.1662911397750015,0.8186661779328798
mean_gt,460bf9,desktop,0.4527889353989061,0.3967510275988978,1.2115553315493135,1.3579257423778908,0.8333408334675145
mean_gt,536e7f,mobile,0.46358878563952205,0.3784033121862685,1.1060878045248868,1.3238596856424392,0.8382305093507407
mean_gt,4adea3,mobile,0.5318938872081371,0.5167274541604928,0.7827082845185628,1.1021532030891528,0.7766339260569909
mean_gt,58a60d,mobile,0.5980978769482014,0.4996003063686555,0.7706710754514035,1.191450262241495,0.792962757855801
mean_gt,cced5f,poster,0.44167910724739257,0.49779450379827966,0.9213774424051793,0.9084865026018616,0.7594002399137215
mean_gt,b2d2fa,poster,0.4747933400020434,0.4698188086398568,0.9203882915476791,0.9661436979948069,0.7592193029620287
mean_gt,05e980,poster,0.37716423698325563,0.35743581961931536,1.306637781009897,1.1552303162453381,0.8190090981166286
mean_gt,708a08,poster,0.501341136902401,0.408722094157529,1.0871624804926685,1.2745120411950466,0.7890618618909991
mean_gt,085001,poster,0.08652912183601805,0.2502489378586762,1.901275703605469,0.28566206682930345,0.6754207900852053
mean_gt,9afe5f,poster,0.6823063484699451,0.5727982114507378,0.5802872122769464,1.169737576628979,0.7955434297374547
mean_gt,65576e,poster,0.50824940398226,0.36126590334534875,1.3148261757928028,1.6344093939112736,0.8615130601280293
mean_gt,c27e4e,mobile,0.544638911097796,0.5684143733909048,0.6732201873638248,0.8770708861989266,0.7518360504292847
mean_gt,9efc81,web,0.5083034840462988,0.36323462673289997,1.187369587794553,1.3573176838413024,0.8271639171619048
mean_gt,13af7a,mobile,0.5878380762540207,0.5750722323632387,0.6472181743706305,1.0650886858489492,0.7831810455651089
mean_gt,207fd4,mobile,0.4164457115365107,0.42546685749108787,0.9890533589530158,1.0923530976125182,0.807042587312859
mean_gt,e3d203,mobile,0.3151075617527673,0.36895325040398275,1.2178275806398182,0.5217074543737812,0.6741465045799584
mean_gt,17a8d1,mobile,0.7153400363676039,0.6272613408669311,0.48841450481309057,1.2264672827420828,0.8099344867092905
mean_gt,f639bf,mobile,0.6813746113765099,0.5251393127651804,0.689996041861302,1.654671124028331,0.8824140735862106
mean_gt,166bc9,web,0.5434881876909348,0.4186072976458977,1.0153209066996713,1.4775786103949307,0.8539492332454364
mean_gt,5c88b8,web,0.4547588903064891,0.372393470175767,1.1553499330172032,1.210014183189611,0.8124760013189735
mean_gt,4e81ec,web,0.5660183688450289,0.4326649379077845,0.944442562254356,1.3520878921448716,0.8248667846101231
mean_gt,69a8c4,web,0.2558149819948403,0.3225081512334643,1.578634433138015,0.803645116352007,0.7513038346135731
mean_gt,27d67e,web,0.5202710646556634,0.4110319031279871,1.050215747264905,1.4038168108022078,0.8389492653554076
mean_gt,781b7e,web,0.22049218680901733,0.32595683833702266,1.5644128711319276,0.521183166490924,0.6916950631287885
mean_gt,6eb097,poster,0.4376909863678498,0.30318470130126296,1.4287211668873967,1.560640985534901,0.8565639038978549
mean_gt,1fdbf2,desktop,0.5184755858005817,0.4381876606428643,0.9563573901757545,1.271529428864692,0.8241869766188992
mean_gt,1bf5c6,desktop,0.4575163973392504,0.36960258406186003,1.2299704257561375,1.2708694235801268,0.8205198933228433
mean_gt,3d6147,desktop,0.3362466580127176,0.26889334225317363,1.682721804010542,1.0956701943934326,0.7699976715551333
mean_gt,1b436f,desktop,0.30934255564238333,0.33633932513614817,1.3775020920513001,0.6385502720280454,0.7090095847729848
mean_gt,72062c,web,0.41339887960373534,0.3449574416474443,1.3010661631597826,1.3582386621959162,0.8348445699105872
mean_gt,e2aa7e,desktop,0.11246480534663868,0.22999626453156963,1.9733356414452725,0.3573596859041436,0.659108277227284
mean_gt,a7ac1b,desktop,0.4361730617547427,0.3744375199828684,1.1415723537139904,1.1733819505121146,0.7976998178748694
mean_gt,9b4285,desktop,0.3101659217269322,0.28757817623774423,1.5955830539080287,0.8814700218869047,0.7454490375705222
mean_gt,29227b,web,0.4378734637544447,0.4199251771638177,1.0579478296767215,0.9288595881547355,0.7558799647750172
mean_gt,0529f2,desktop,0.4181666394771325,0.38639892351227606,1.2119232432532188,1.1941950926873377,0.8118111002962285
mean_gt,cccd2a,desktop,0.3211080151278905,0.34103354378755196,1.3354525244446205,0.8155507963281626,0.7410978490155449
mean_gt,3b078d,mobile,0.3975891897591488,0.4649307566194253,0.9371643613857059,0.7282474067125226,0.7405533455934099
mean_gt,cba28b,mobile,0.5013671423578479,0.45013667573725985,0.9395839924816378,1.3305859368372417,0.8164993012642668
mean_gt,f30633,mobile,0.4927706377242691,0.4949647329259982,0.932106131106857,1.0057421142624554,0.7585795873023513
mean_gt,840bb8,mobile,0.40277034691288394,0.36116192500638733,1.2678999921321892,1.142893788227759,0.7856168997515829
mean_gt,a64332,mobile,0.5007294541732881,0.5471001673446648,0.6679930380392887,0.8514188372809431,0.7541111146142019
mean_gt,3141d9,mobile,0.4315152011658834,0.5329881419445017,0.7777634746975121,0.7145301391802483,0.7057511625677186
mean_gt,8cf0d4,mobile,0.37884285445105964,0.4826616365280131,0.9588778243612742,0.8489129803850515,0.75255891907465
mean_gt,58b56c,mobile,0.5229924670917115,0.46243954711790186,1.0323457617124483,1.1763789253407213,0.757062566662914
mean_gt,1e1131,poster,0.4674457361404114,0.3595356416047643,1.231232201723796,1.5746560424291687,0.8623699527629597
mean_gt,98474c,poster,0.4712496355713114,0.4482115684346654,0.907803488861224,1.2080426627721021,0.8108441901570114
mean_gt,8da42b,poster,0.23622384386025053,0.26105209917980526,1.7689024387694785,0.8302973325498159,0.7313363568303316
mean_gt,3734cb,poster,0.5164878039521152,0.4149431705709085,1.094207495850318,1.4851979420298138,0.8386772455942042
mean_gt,32fcbf,poster,0.35044829985676973,0.3969683365083921,1.1761746963584696,0.9817799727615213,0.7837568622565517
mean_gt,8770ed,mobile,0.6327676653441545,0.5678087848622455,0.6299773271040046,1.200153817975967,0.7969150737879351
mean_gt,1ee232,web,0.5110955058648343,0.3863303121091349,1.1893578542081609,1.5345619985434016,0.8417040754730373
mean_gt,f04d2e,web,0.5131075781143319,0.48428848953940346,0.8245298726141387,1.0910507469444237,0.7984318983617924
mean_gt,1b3eec,web,0.37795964910010194,0.3459196765544377,1.314035476095047,1.1739796755610936,0.814456369646978
mean_gt,183534,web,0.5385321753807415,0.45321809080493697,0.9048048407575631,1.2341736457190686,0.8240285294963499
mean_gt,43a952,poster,0.42215912917661896,0.3725575983392381,1.1599415596420133,1.075548417091105,0.7856464940763319
mean_gt,0ec997,poster,0.5473285209143922,0.37827886591375826,1.146267067037765,1.6639392777131763,0.8645317474957588
mean_gt,5ac518,web,0.4553236796087592,0.41681754256817344,1.1070808305884674,1.0937227352992522,0.7883954227680533
mean_gt,026dd2,web,0.40277048129447834,0.4010476613788022,1.212855517841856,0.9295953374102658,0.7503290338344589
mean_gt,caa82e,web,0.4822942628621397,0.35585424042976727,1.2225390827784597,1.3944661731648489,0.8290360978914701
mean_gt,f7c681,poster,0.6098011675732276,0.5538322669211826,0.6544244204466952,1.0979920508096543,0.7887431686542021
mean_gt,afdcf4,desktop,0.2836774171974362,0.35297722475436943,1.3253704761435714,0.7804919454964997,0.7735009486586544
mean_gt,3b1c3e,web,0.32053534960751673,0.29925251414187914,1.5710262645431832,1.003992431418157,0.7681032435659872
mean_gt,a077e7,poster,0.5543112867743434,0.39610910878968775,1.1190868183344518,1.6882832553014282,0.8706436239572201
mean_gt,a76ed6,web,0.5232535153155042,0.4418406595265128,1.006739939904737,1.138799902659667,0.7755393528902526
mean_gt,d98c2a,desktop,0.48832625391197215,0.39615572099612656,1.18138601909795,1.466603084165435,0.8357049423857291
mean_gt,f7681d,desktop,0.38383910564384366,0.4044213821932954,1.1080746203168683,0.8352454810741626,0.756371985766825
mean_gt,3b203e,desktop,0.3043041403552627,0.32980470140451806,1.4233996305294139,0.9159312772217675,0.7867907479138889
mean_gt,e39798,desktop,0.44126101787463967,0.3702697680626907,1.4025699308767972,1.0367417287235539,0.730174756074948
mean_gt,7f066d,desktop,0.3782131563799215,0.35697378716233835,1.2360330978006921,1.1705495452512529,0.8231618313242882
mean_gt,e78858,desktop,0.3349728465698579,0.29160088822490593,1.6076213135385164,1.1598523181185318,0.7988440126986757
mean_gt,c807dc,desktop,0.2528052835214101,0.323133039838752,1.5760506818581286,0.6723557468342526,0.7290406779447045
mean_gt,03474c,desktop,0.506939777030339,0.40101088565549753,1.182788566790394,1.3021225171361226,0.8026782236371919
mean_gt,533099,mobile,0.3418133027464544,0.34781520867391746,1.467340231200931,0.9335635812814127,0.7144570036847249
mean_gt,9aa231,mobile,0.5601593084075881,0.48608503701714506,0.8336533812556848,1.2492464025362056,0.7764298430654085
mean_gt,722b8c,poster,0.44536690089072517,0.31927537159959923,1.4859221820286581,1.4156117471957865,0.8071358911729885
mean_gt,c6b002,mobile,0.54851329396234,0.4754041105674599,0.9534223116589671,1.2371370493579588,0.7965022878336028
mean_gt,7c5f7f,mobile,0.5998347467276343,0.5515326445726568,0.7180903637770089,1.0331191000784352,0.740299368995307
mean_gt,83d7ce,mobile,0.5253868384941796,0.40322626884511326,1.0404856383505066,1.2952230668892166,0.8246886947145524
mean_gt,bae388,mobile,0.5048626865656975,0.37389508074394595,1.149094192698295,1.6143197426191718,0.8653395372485312
mean_gt,2b0b4e,mobile,0.37794350958203526,0.4210427951020463,1.1012190410028062,0.842554397580086,0.7650123673890978
mean_gt,3f9682,mobile,0.624123272191493,0.4857597883597623,0.7777091997226232,1.67188744883115,0.884525837601044
mean_gt,37cecc,mobile,0.5860771350973262,0.46283496387353257,0.8601327680284672,1.5956163713295033,0.8596077543081889
mean_gt,5cfc08,poster,0.5100784416138228,0.32640513107497454,1.4660303835719612,1.7599803264943716,0.873092860442906
mean_gt,98b958,poster,0.4165165905068221,0.3902239868687359,1.3737984226387066,1.0637920830538756,0.7677448436223488
mean_gt,e7e220,poster,0.6319426423793952,0.5888031809214791,0.5845963481757728,1.1160078109343252,0.7944432631542874
mean_gt,bccea2,web,0.36757176305069916,0.3736085077879171,1.1908380673920096,0.840332966741027,0.7540132367995103
mean_gt,e7163d,web,0.5739879852953984,0.4546593608969958,0.8995008666153499,1.3104123930031564,0.8157902885265433
mean_gt,c143b6,poster,0.33491744014294833,0.3196137516911599,1.544646762520784,1.1601831318836964,0.7920595365667314
mean_gt,093c65,poster,0.17066487011211012,0.37557384988830544,1.4215379407667164,0.6312003566339479,0.7328179142460395
mean_gt,d07b98,web,0.40868561734438347,0.4293783801937401,1.0776536371076215,1.1113118574081506,0.8035737414157126
mean_gt,162809,poster,0.5899546660804107,0.45291114175727293,0.9010979125325307,1.4088579822218399,0.8450606836697266
mean_gt,adbe00,poster,0.020183725762915165,0.1802726079392635,2.501799114784116,0.16930332168177753,0.6311724009163645
mean_gt,4dae22,poster,0.3773591834029789,0.2798813853030272,1.5301739677394133,1.141001304494806,0.793033931472032
mean_gt,ead495,web,0.4024131121516906,0.3706416837453216,1.3590811719968563,1.1493615639940395,0.7704410107354703
mean_gt,dda275,web,0.46069490080174247,0.3665270270670029,1.2532485173455112,1.5532254585208882,0.8705210601256942
mean_gt,2b56f2,web,0.22002885622284288,0.2671107002180998,1.8050001669219853,0.5265125885373161,0.6685616921323768
mean_gt,6b7c75,web,0.3017136000245828,0.314901106588481,1.517418695793166,0.8235141192401767,0.7515774004834788
mean_gt,17e6bf,poster,0.5561651169055815,0.4084266213629784,1.097985378497019,1.7183908849109755,0.8810575159390936
mean_gt,39b696,desktop,0.4036812890031097,0.3953030750754415,1.113320998320496,1.0781146374470925,0.8077536959951008
mean_gt,e9b8fa,web,0.3702720518739996,0.3289681873958214,1.5149041098810794,1.007699453991119,0.7427663896499606
mean_gt,ad9e6b,desktop,0.30265516769839657,0.23679821668764772,1.7590268794737538,1.267167951656716,0.838729014502119
mean_gt,72cfd2,desktop,0.42013619036733785,0.3317436809060428,1.5394158998557566,1.5271635859352446,0.8246616384451271
mean_gt,271112,web,0.14211809186281188,0.21905001949320946,2.134582324680637,0.40599258779654135,0.6689615643340889
mean_gt,8e0c5b,desktop,0.4966971668214619,0.44227107630559237,1.0405679503360123,1.0318341303024365,0.7847671106012424
mean_gt,306281,desktop,0.4008860111472893,0.32098167530650534,1.4073073707779662,1.429455431786282,0.8459432408024287
mean_gt,7caa99,desktop,0.37699084748627254,0.3948324414540812,1.1855969874153551,0.9156183301843763,0.7665895365306883
mean_gt,13bd83,desktop,0.4284027583393717,0.353810027069921,1.263104871278964,1.2933141289847645,0.8235221135916396
mean_gt,4d3cc1,desktop,0.36690671510749084,0.323009006360004,1.4060482561038794,1.1513899397658875,0.8061605891356324
mean_gt,1a9f12,desktop,0.2152921933060398,0.30077950391382274,1.5276074736389997,0.7177049758033262,0.7484114792611166
mean_gt,917a4f,mobile,0.6377163882584651,0.5293941529051067,0.6792082029094205,1.4567521280473275,0.8258287546022834
mean_gt,8709e4,poster,0.4022445844464156,0.3877428813727069,1.2168912470091295,0.8784167516082552,0.7321852877224382
mean_gt,ff7d76,mobile,0.5723446686890107,0.48799739378126855,0.8354169947209192,1.3284586696294047,0.8150950459955544
mean_gt,226f76,mobile,0.5458607584115981,0.5247879264013117,0.7390636290320268,1.0684528691118833,0.7958054918360764
mean_gt,20e9c6,mobile,0.496504254654754,0.5102074412722897,0.7831393912650143,1.0654288143590753,0.7875485062592099
mean_gt,95d2d7,mobile,0.4018949517749997,0.4842783431099491,1.03854072023525,0.7894107705753344,0.691098476370599
mean_gt,03340d,mobile,0.548809427425652,0.4752076887556669,1.0013939704972878,1.3131332843155576,0.7882518949927241
mean_gt,8a770a,mobile,0.08182350072927766,0.310383163997142,1.4773503975349087,0.1362601418456176,0.6596719537392952
mean_gt,95fc3f,mobile,0.26225174014858704,0.45555285953025326,1.0742368225904102,0.5916034833860659,0.702877373764402
mean_gt,72156f,poster,0.464559601395663,0.4510583372696338,1.0779941505972985,1.015376664256917,0.7261376317768076
mean_gt,ea01c0,poster,0.15171876381080582,0.2424966947430735,2.022138351380088,0.561756996777624,0.7021880768376797
mean_gt,1ad1cc,poster,0.48509207541893506,0.4201802827890715,1.0859084918807689,1.1373893648065245,0.798869802102891
mean_gt,0197c7,poster,0.05810197220067183,0.22744295342464507,2.1563264200410384,0.1962037159678311,0.6124269116083101
mean_gt,f02589,mobile,0.5504017200088661,0.49507309454780096,0.8047445330502274,1.1410166885060982,0.7938461479776434
mean_gt,452a6c,web,0.5060285883599417,0.3410294279725849,1.2742435080076455,1.6931369884796987,0.8801010943357097
mean_gt,9b41e4,web,0.4860329079579928,0.3759935752089537,1.26595328165249,1.3653886393039507,0.812614671090978
mean_gt,11a99d,poster,0.6159754079499751,0.5557487669741465,0.7347907551596209,1.5331008776802628,0.8717474133936196
mean_gt,9e3ef2,poster,0.5468470579945979,0.4518715751303536,0.9685783131640235,1.1034888587659852,0.7682089897925388
mean_gt,1626dc,web,0.4529950105258883,0.40539568201890475,1.165264377725927,1.2274853382101991,0.7993748008368924
mean_gt,40ca07,web,0.27461790253696944,0.31098481819168355,1.5153160263532826,0.6868571930802448,0.7059719248946736
mean_gt,450720,web,0.3323692335745604,0.3935400864619622,1.267517122621832,0.5696043780209579,0.6605726705620591
mean_gt,7e2e98,web,0.35124283012612334,0.317378265074955,1.4782592999410862,1.1639839693642715,0.7929590761178605
mean_gt,8fcaf4,poster,0.3583137989350237,0.48097785550742495,0.9529558431224381,0.6820844394063302,0.7110834880730207
mean_gt,4954fe,poster,0.45367474064618013,0.3270159022469777,1.393099603455191,1.5494435091693606,0.8411489839390793
mean_gt,256121,desktop,0.3753174631426049,0.28361548825216376,1.5908762381375083,1.4862335027226714,0.8487883087822246
mean_gt,35a756,web,0.4977067781382205,0.32141827515148047,1.4455784980939104,1.9021878428858048,0.8886653867776442
mean_gt,b4f37d,desktop,0.49723585593156866,0.4410970460355325,0.9538485618196658,1.3046591033502641,0.8406049264714853
mean_gt,ecf129,web,0.5010838650090621,0.4251434482944096,1.0745970985557443,1.414394632107281,0.8435688050122212
mean_gt,3ea9d8,desktop,0.4389021676550523,0.3028105729399574,1.4200224568847004,1.6672037850862624,0.885334246298339
mean_gt,f4b47d,desktop,0.44847178474573535,0.3423695318449082,1.2915636694686696,1.3665728274071056,0.8351579595154939
mean_gt,9984d9,desktop,0.4772505599974435,0.37669270469056093,1.1776439839507775,1.3715770674646173,0.8288471355613263
mean_gt,026a98,web,0.5748363482535891,0.39502531662518703,1.0508813957157446,1.8405098503493253,0.9070755525461291
mean_gt,6294a2,desktop,0.5975774443533317,0.4222189199001127,0.9599144418441531,1.8181225474296439,0.9038408569484092
mean_gt,2f6fcd,mobile,0.44196443161221416,0.4073895081890944,1.210232440106005,1.0657146808526274,0.7762994719282781
mean_gt,a85808,desktop,0.2906256657872928,0.23470223107426752,2.030328766276956,1.1778090538331059,0.7643057033813216
mean_gt,1f3437,desktop,0.27551109629509984,0.24359998895780857,1.8367141824099553,1.221357432743778,0.8126966877689703
mean_gt,db12fc,desktop,0.5052978331863913,0.3854820121837834,1.1136789947911194,1.4405770852433877,0.8473726462872518
mean_gt,012baa,mobile,0.5388893551460933,0.4864976622882732,0.8312448236532709,1.2947154187837417,0.822434501917276
mean_gt,3bb8f9,mobile,0.6534327392010744,0.5524427097887414,0.6675393561568904,1.259360109253267,0.8097301893672488
mean_gt,17b8da,poster,0.22206976038005075,0.34111642075274673,1.4596224960780395,0.45268734629864493,0.7001597473451098
mean_gt,d79d5c,mobile,0.6022924680508982,0.4346637835696895,0.9400909696345261,1.681200112305667,0.8870025886170072
mean_gt,2586ee,poster,0.5035727290972942,0.43443064302145973,1.036497715321643,1.3631193839817484,0.8169709296481225
mean_gt,8d908a,poster,0.5772677830750168,0.5249258286842775,0.7460934145466147,1.22889368795397,0.8239420062556932
mean_gt,bbc0fc,poster,0.6094775953020819,0.46956953809788915,0.8587426446207608,1.400117723611473,0.8409532680008643
mean_gt,731c85,mobile,0.6859955918400288,0.5174005723104028,0.6990803232650553,1.6456716321834768,0.8570367264796325
mean_gt,092bd5,poster,0.5493134482922554,0.47428375333927997,0.9354979960455929,1.2081632235262818,0.7934828316748194
mean_gt,fc70db,mobile,0.3816458750579961,0.30772301475714514,1.4365861700672073,1.291595325151128,0.8026932736224656
mean_gt,1f5664,poster,0.625633004036084,0.5456761948259427,0.7294935640715763,1.3047663565193237,0.8066400146035952
mean_gt,c02580,mobile,0.13008421167658218,0.3080442042630598,1.7163183300977205,0.4343678344724965,0.7006299365462697
mean_gt,de9b80,mobile,0.6616762100712867,0.5815441625960773,0.6638351901403647,1.1577002176640334,0.7577367015885637
mean_gt,e4afc4,web,0.5090066343895305,0.3913429410731587,1.2665443938063299,1.3128104414752386,0.787961045372843
mean_gt,a77bd5,mobile,0.6133824097811243,0.534019462540063,0.6915448804982026,1.2113287330470286,0.8062756144229541
mean_gt,511db2,web,0.3135232107182625,0.3044789085323503,1.679766518517532,0.9497243386488083,0.7211357540962062
mean_gt,330777,web,0.4606735714180696,0.29939971227928275,1.4571995234808304,1.9351732118070757,0.9189039692690324
mean_gt,78cb76,poster,0.21847590620987653,0.26598841504985493,1.8351252392591735,0.7469366908516981,0.7420479696234363
mean_gt,a7c147,web,0.3713368081978591,0.3725690065070616,1.2375279282848537,1.1231699607100136,0.8064058352364755
mean_gt,d24c30,web,0.46931516100956455,0.3982073430712423,1.0983262579155109,1.2798083518720076,0.8226601426164724
mean_gt,c31d79,web,0.3504514793064253,0.32795559665158425,1.4752497855731352,1.110113468196441,0.8081748398644141
mean_gt,35bd1e,web,0.3924882406268373,0.33769176156166253,1.3137808160135445,1.1367232219579384,0.8214356146535373
mean_gt,c5fff6,poster,0.2856700109962956,0.230093130443897,1.7506556139687974,1.052128825570955,0.8039827589335025
mean_gt,5fc8c2,desktop,0.4792641446585973,0.41666754466688377,1.1095019756992046,1.2507528528069376,0.8169373195898176
mean_gt,f8d7fd,web,0.18214456062257423,0.24436734808200816,2.032608632187222,0.6574956656434103,0.7089184790261513
mean_gt,d8d582,web,0.5316119840086106,0.3793164256720314,1.160938496925493,1.6388060505138324,0.86070684078483
mean_gt,33c037,desktop,0.40137859515185453,0.2855735930279341,1.5138401762924503,1.396993068974154,0.8334251458307875
mean_gt,3a8a8b,desktop,0.43863928992925477,0.3057905956501701,1.5454963190895463,1.4746290201683405,0.8231723877541296
mean_gt,33cc24,desktop,0.540520373356323,0.33684954629157177,1.230242242877558,1.8780630120196993,0.9075581669036544
mean_gt,763560,desktop,0.5104455460713133,0.4259599626251686,0.9837410426493323,1.2604955007518153,0.8113542003910742
mean_gt,0632d7,desktop,0.38743577766315995,0.33810548726715955,1.3839980391809243,1.064858241537689,0.7754194202547873
mean_gt,7cc04a,desktop,0.5313247646701538,0.41690935413904223,1.0542382074634042,1.430211515342001,0.8285465394388898
mean_gt,9d3bb4,mobile,0.6461619851641835,0.56441148936598,0.6155539681373461,1.2593178300187395,0.8168051055426373
mean_gt,5b0cba,poster,0.5038507400095199,0.5230532455264726,0.7415106892864063,0.8989279210628189,0.7589147267301252
mean_gt,bf05c8,desktop,0.45745916295283623,0.3627193643980856,1.2890758875160337,1.431582281867369,0.8386979798823547
mean_gt,006450,mobile,0.5355972437388122,0.42289471760432795,1.0258973981323305,1.5386260167521617,0.8395685300426502
mean_gt,f69be0,desktop,0.5041594404914418,0.3492177752639726,1.2786123593216154,1.4441405761277821,0.8136655819608367
mean_gt,ab2461,poster,0.36167548804879807,0.34660232424864423,1.3039700338800229,1.0554793216447425,0.805804494178188
mean_gt,587857,mobile,0.5086563415756093,0.44364536520427383,0.9734064997659344,1.500459470636992,0.8511282811400999
mean_gt,2336ff,mobile,0.6077594948692928,0.46032941491967916,0.8624176997620178,1.5253977455364112,0.8557523833870657
mean_gt,e734ce,poster,0.45884086448954214,0.38231144883518176,1.2627211146631552,1.4815945721535828,0.8424233247577102
mean_gt,757ade,mobile,0.23966863073550942,0.3455658883859267,1.335893751652358,0.5559680340089003,0.701910780085386
mean_gt,93f7fb,mobile,0.3977705508466253,0.3638181941371999,1.1689365578188864,1.0955921572891183,0.8011714113199776
mean_gt,b8a4ea,mobile,0.5625717533877839,0.4725521845154997,0.8524190210668667,1.168395977495786,0.77489820191773
mean_gt,d4988b,mobile,0.3993317880477376,0.3544023091228602,1.276898355804195,1.1536985228235785,0.7841247445961858
mean_gt,d6789a,poster,0.48865361296114707,0.3898493968357579,1.109946916352084,1.4713930568309095,0.8570916664346038
mean_gt,cc5387,poster,0.538570236324496,0.4399465816264145,0.9654921415388599,1.357869501075764,0.8312065504174732
mean_gt,cbd84a,mobile,0.4042152126803815,0.4642432051571715,1.0164168898344412,0.6771685150746156,0.6798016829751534
mean_gt,6aa903,poster,0.43044296929449555,0.31458565441201936,1.3682511584771762,1.3664398060140324,0.8443219435984406
mean_gt,d56ac6,poster,0.6014273392788099,0.43744922110552936,1.0973915507481886,1.3250327690581378,0.7716567998288522
mean_gt,bbffc1,poster,0.4634921997314327,0.4337562902167003,1.0934210629557461,1.0514961256871123,0.7520109731393525
mean_gt,7b6601,web,0.5342466008842339,0.3787162149236386,1.1213883647539318,1.6186842667146581,0.8783216444373452
mean_gt,e9f7d6,web,0.3630582813265618,0.3561698621847171,1.3827086965930264,1.0869097943310428,0.7951021125921026
mean_gt,774bc4,web,0.45425902770938137,0.40329599385077536,1.1390384113169092,0.9715027477969713,0.7716898007979373
mean_gt,f431fa,web,0.35079369480845735,0.22896767587088712,1.7592622841504266,1.220221597217382,0.8001645139496217
mean_gt,06256f,web,0.4461579375371895,0.37822018116073747,1.193593284450643,1.0909939352474918,0.7918195874216915
mean_gt,9efcf0,web,0.477317481839583,0.3143532897201257,1.3848032491395617,1.8784591406144249,0.9115557852027041
mean_gt,b901be,poster,0.48487466489670344,0.42003348326636414,1.1231238434054238,1.17172036873702,0.7911426353394172
mean_gt,57bb95,web,0.40997554808850767,0.3199517340278457,1.3958515965892833,1.2666900864204294,0.8089142516791682
mean_gt,045f81,desktop,0.44393559187997855,0.3362153274907047,1.317312734577853,1.5191526650449994,0.8550358339759041
mean_gt,1d5a20,web,0.3662767624983978,0.27604298105970726,1.590882090722479,1.1490051211878234,0.7772392855832135
mean_gt,3f6cd4,desktop,0.1788208893156753,0.221863173857337,1.95485552338155,0.6343715411202276,0.7285577035860666
mean_gt,1bafe2,web,0.48213485845033177,0.3485099252557918,1.261578854120041,1.497823898416462,0.846903145767944
mean_gt,13349c,desktop,0.4204487285756666,0.34277290497362456,1.3387493873569445,1.3430394525510034,0.8114367282915858
mean_gt,b5dab9,desktop,0.2919621014710133,0.31153059113883497,1.5934645625016817,1.1512325121337266,0.8123105324934011
mean_gt,6c678c,poster,0.4986799891193727,0.42845825269193105,0.9891525397781062,1.135450331829414,0.7782989250874577
mean_gt,d42246,desktop,0.44781556855069804,0.35445927530183013,1.2936942528939648,1.3189892505360095,0.8201146854964276
mean_gt,2a4ccc,desktop,0.5443357026277408,0.39302868554832904,1.0929379861354231,1.4532744022668633,0.826294732039673
mean_gt,6722bc,desktop,0.5563372671701916,0.4409400134301861,0.949469517251458,1.408181972252532,0.8352497935647523
mean_gt,16d9d5,desktop,0.6046503295728085,0.43701278836638896,0.9922112234638794,1.637896148733656,0.8424478836586566
mean_gt,f0f10a,mobile,0.545024179206608,0.48810867518146367,0.7886244056177637,1.1744353394568083,0.8159182407241512
mean_gt,25e2f5,desktop,0.32435061903383494,0.36456608307809685,1.3695703235419048,0.7083080331035346,0.7263168603402335
mean_gt,dafb86,mobile,0.3189576125053383,0.3700266256298351,1.2092900667110127,0.5862897681161788,0.6871433493337351
mean_gt,00fcd9,mobile,0.5132143444027017,0.44062003799272087,0.9322393641362473,1.327042670384788,0.8161837901330602
mean_gt,48a58b,poster,0.48334273648014114,0.47987904452448826,0.9210888384506205,1.1668192840126603,0.7830991210525339
mean_gt,cff421,mobile,0.3003039369866178,0.4425820805805736,1.2802066521320463,0.6818263051509443,0.746196283935173
mean_gt,09094b,poster,0.4604144644310431,0.47355465821708087,0.9338977325614195,1.1392155935350452,0.8121557372471778
mean_gt,ea6aef,mobile,0.40982314586311397,0.47647160183638465,0.883621196893542,1.012677514297401,0.7849680330915694
mean_gt,fd0d5c,mobile,0.5764214398603408,0.4322855193960612,0.9203365435336981,1.3125646869857996,0.8299641817119945
mean_gt,e2dea3,poster,0.4308305596595033,0.3645527554436554,1.2937713583085655,1.2205558681151492,0.7931169802871957
mean_gt,b8c70a,mobile,0.45993496323641003,0.5360463292701572,0.8309174857523935,0.9120186638496292,0.7371720823306852
mean_gt,8ce365,mobile,0.6002495062571703,0.5541840612930806,0.814378039777456,1.1684603646892704,0.7758117878359132
mean_gt,865942,poster,0.35617518415253574,0.3372630003152301,1.452617875136509,1.1476460626784077,0.8002534751665393
mean_gt,5efd27,mobile,0.6862182785336004,0.6236557148228378,0.5331828227482815,1.028820394270749,0.7643668336160092
mean_gt,eeb171,poster,0.5966096935210364,0.5088130792875912,0.7595912330720438,1.1052176560684392,0.764726760843706
mean_gt,110636,poster,0.6579148138316397,0.5573882552010193,0.5982757010377945,1.2798778462899167,0.8127117027163991
mean_gt,c23e50,web,0.43732123647618293,0.3703621382927103,1.2382341281971592,1.0654512764875312,0.7746708225938331
mean_gt,454f59,web,0.39199040410609143,0.3823137601901923,1.2691823177710368,0.9630044225985352,0.756618942484915
mean_gt,d28ecf,poster,0.3429405503154253,0.3135266238597576,1.50962133320026,1.026813340508154,0.7715132774811109
mean_gt,2917cc,web,0.27536943229418165,0.29907933989924296,1.6695932464654661,1.0996048312669056,0.7934377351994042
mean_gt,4571a8,web,0.37511978802454893,0.39194173661083653,1.39377709553195,0.9144075780414423,0.7312476494871163
mean_gt,349e93,web,0.38334321354109113,0.3408915971861919,1.3890499211521032,0.9592159122665719,0.7521603925484595
mean_gt,7d1335,web,0.4817891069705186,0.39637415824150607,1.1408857529513907,1.3033521891758055,0.8075101616984436
mean_gt,ffdc28,desktop,0.17040847971890866,0.28747068532751563,1.8776046033268563,0.6582741426557263,0.7429400391302505
mean_gt,1bc531,poster,0.5923663704059255,0.4111735269050589,1.0151680032900432,1.784657491930451,0.8872308935108647
mean_gt,bcdde6,web,0.4544009608134121,0.3726785116938168,1.2061793545782376,1.2395870606078248,0.8226640370221212
mean_gt,700dbf,web,0.43529593477429607,0.40378795741661433,1.1834655269847363,1.1833669391236732,0.8070713075031068
mean_gt,2e5cd6,desktop,0.3756356127570061,0.2902375564353032,1.501817871047058,1.0019497412030507,0.7571905710578293
mean_gt,e8b226,desktop,0.31807702486830797,0.3393044206159421,1.4840426019849082,0.9274777322882347,0.7648106102974772
mean_gt,3aecb7,desktop,0.39306704154165695,0.3569429243857915,1.2880120764649217,1.0465958896515755,0.7810323888676897
mean_gt,81e5e3,desktop,0.4306253537015827,0.3727444446840171,1.2308249941581304,1.1278015261311447,0.7901491403080138
mean_gt,5062ba,desktop,0.4258585088417133,0.3926230459586321,1.1816359432561274,1.0861405984855417,0.7828538427873762
mean_gt,3f3349,web,0.424477420567528,0.37333923682530745,1.2537638513973637,1.120708298725734,0.7832870190897006
mean_gt,07950c,desktop,0.21787060671110212,0.2624315870990075,1.971766784457906,0.9413277649260843,0.7565388847767238
mean_gt,67225a,desktop,0.5302831795486826,0.46140866715082685,0.891802416524929,1.1513837498310913,0.8059284995135616
mean_gt,529ce0,desktop,0.24193578265698135,0.3354775354160945,1.5019586352165648,0.7332845363354162,0.732463249416641
mean_gt,5bcc14,mobile,0.5202579506764347,0.48248784365020536,0.8634721344498538,1.0854918552831083,0.7811465194857973
mean_gt,700a42,mobile,0.6022100759004011,0.5570329553659822,0.6606020121233033,1.1813344307828648,0.8116393034918529
mean_gt,39f80c,mobile,0.43270290817946044,0.47818747099655406,0.8972086738274434,0.9142482089372607,0.7700096907128069
mean_gt,80e107,mobile,0.2159879500289955,0.34970368005190394,1.365393870253862,0.4527817988777355,0.6800764442422663
mean_gt,a69a78,mobile,0.5452623011436709,0.5156008892712753,0.863775370620168,1.0161440832909232,0.752050827910841
mean_gt,78666b,mobile,0.491444737371223,0.4441230692887374,1.022348749235494,0.9775651017894053,0.732159064473443
mean_gt,2b80bb,mobile,0.5348877447232934,0.4956629207120813,0.9404219589152852,1.1828399918236192,0.7671360956091249
mean_gt,e93e5e,poster,0.3046920094401643,0.29489903588108557,1.490671738960184,0.9061232945159099,0.7719087281383364
mean_gt,371069,mobile,0.5679301630868315,0.5034315850018154,0.8337760972429044,1.10428584985045,0.749717947911602
mean_gt,8d7422,poster,0.5998381973311254,0.4273396588173981,0.9562196331298118,1.674115801002273,0.8824421052631579
mean_gt,6e6daf,poster,0.5620705493091263,0.46552877237977097,0.9362121479278216,1.1542650462221764,0.7609647846345968
mean_gt,ab791d,poster,0.7084152688312293,0.6379464546873805,0.4670758304519337,1.2770383221586832,0.8091474420761209
mean_gt,c3c939,web,0.4279827520341423,0.36491352493008944,1.3071841296515394,0.9901577352673182,0.7479308193192067
mean_gt,cd91c5,mobile,0.6640696480723833,0.5058940969387741,0.7195300157749106,1.6482303968235137,0.8830713579612839
mean_gt,009085,web,0.4999602951104879,0.3403824610844191,1.2748324508849163,1.6081050517266404,0.8669361734549563
mean_gt,b28a85,web,0.3408023305702602,0.3149297088942667,1.5717032572933074,1.1168383916658098,0.7846165789372744
mean_gt,4093f0,poster,0.3346898869482061,0.2948603143678638,1.5050460526292158,1.010394407363582,0.7848541240790482
mean_gt,a9793b,web,0.1491224692165551,0.25736463919665864,1.9311809122955408,0.3972348942344914,0.659390296214835
mean_gt,09d1d9,poster,0.540347969734523,0.3873459336288935,1.0777091376286467,1.7843315101010835,0.901653269487807
mean_gt,38dec1,poster,0.36888279593442935,0.4099847602191393,1.2195067267577486,0.8962917468554076,0.7501797123504498
mean_gt,b8a1c2,poster,0.482767630713304,0.3751173315906979,1.3345810944166379,1.3255458942821532,0.7885471900799118
mean_gt,48806f,web,0.35752083343598307,0.3532871092398848,1.3472472120530383,1.1418748070026037,0.7950459350097635
mean_gt,b93b7e,web,0.3554650981359311,0.386278430960911,1.344174542101265,0.9351389928398901,0.7411920951058739
mean_gt,5a64a8,web,0.34287368434106086,0.3500024419431062,1.3428492592393657,0.9334622147643117,0.767505827637336
mean_gt,21d79e,web,0.44525234765943345,0.40856091640251757,1.0744091478816733,1.0769775778492727,0.7858218679265463
mean_gt,daaa3f,desktop,0.47629498101532164,0.3715113960052369,1.1764049583948128,1.1888848056537868,0.8002482680897252
mean_gt,cf477d,web,0.6033072042174503,0.4343682334247355,0.9785007086347504,1.682998826263136,0.868729543592077
mean_gt,48582c,poster,0.4563022412404585,0.3456550829286202,1.2894834600759695,1.3769799458440715,0.8172382779218293
mean_gt,d165df,desktop,0.18892809742221642,0.25743656024968853,1.853548042874764,0.4099292589301446,0.6426536287239449
mean_gt,5b5a0c,desktop,0.3132821126841135,0.3270766518181642,1.4308060626430814,0.8699938947550814,0.7562243991135202
mean_gt,46e6ec,desktop,0.3322946451617371,0.3310969416447623,1.4182612137593238,0.8579717209239751,0.7351883792632353
mean_gt,c7e7cd,desktop,0.48824542457168607,0.3968002698792712,1.0896671931854285,1.3192964595922783,0.815583530973538
mean_gt,fcac91,desktop,0.20670215814079518,0.20935174878080895,1.963500665773274,0.8818641618374632,0.7821213668251836
mean_gt,d5f959,desktop,0.3678149394705228,0.32794772554142065,1.4097225278965848,0.9624327366589809,0.7470037372032343
mean_gt,c9e860,desktop,0.37908734946611305,0.27165675373962306,1.6005756608805486,1.5163445263896511,0.8675977408751349
mean_gt,9b2668,desktop,0.36097567838665245,0.30226983077370495,1.4543590522078205,0.9577705100965695,0.7651590570911176
mean_gt,3b6541,mobile,0.01933948939132949,0.27037790124822236,1.7317642595157814,0.03606510700915676,0.575801776098342
mean_gt,b33b46,mobile,0.5436421189225464,0.37914650917746323,1.0816709297525,1.438949238967164,0.8509747611671714
mean_gt,599a18,mobile,0.5766128964373065,0.5472061431294987,0.6598520735180197,1.2107012109572033,0.8250204316819703
mean_gt,b36130,mobile,0.5933600290752694,0.49272012233366014,0.8784048542997502,1.1257582753603763,0.7372198441959986
mean_gt,4e14f5,mobile,0.39567607305595504,0.41208487701754626,1.1697782471308371,0.955259729157386,0.7272061564314285
mean_gt,7cf580,poster,0.5714721155983576,0.47404238073874777,0.9066530669653478,1.2056961026596589,0.788189281790178
mean_gt,6cb6d4,mobile,0.4040880944057837,0.46016490204790683,0.9969606507288611,0.6933115649670377,0.7111113572924247
mean_gt,d31d43,poster,0.07617092333587855,0.19086822436736595,2.3751020848010533,0.5140699445090218,0.6940800896841018
mean_gt,4193f2,mobile,0.04108507224652979,0.3246955287884533,1.701616441054282,0.0625484560879924,0.5950578917483142
mean_gt,dc2864,poster,0.2991215613961356,0.30410343338268525,1.4934512050653144,0.7910614374468173,0.7472468115557641
mean_gt,3ea1d8,mobile,0.4282473767899666,0.43866777549215463,0.9952103942873491,0.9351761597243994,0.7557319755627344
mean_gt,a16835,poster,0.425782781019629,0.32880997113126764,1.3309152285084291,1.3505560699599912,0.8260644020750091
mean_gt,e948ad,poster,0.5363453794373726,0.4020149239923044,1.0510867129589951,1.2396140586850692,0.8118518874373036
mean_gt,d2c979,poster,0.651892770970423,0.536269327037206,0.7787918072350009,1.1877235862016229,0.7675005942627309
mean_gt,31b0f0,web,0.29753376470376913,0.3219026346420037,1.5612231897591873,0.774250547235253,0.7072624668947418
mean_gt,18230e,web,0.36650831055858285,0.27425697214838146,1.6017006652943995,1.2086490850318146,0.8288364365601959
mean_gt,e0f578,poster,0.41742047002667504,0.46417547740523335,0.9150139952251215,0.8917708849614633,0.7771945273272292
mean_gt,ffd262,web,0.4302380750459185,0.405355745492365,1.1075824238824814,0.9760632848269531,0.7812539638606019
mean_gt,e946d8,mobile,0.40350526940360815,0.43408385736718724,1.1361284903144084,0.7384961575327834,0.6903094249071178
mean_gt,6e6737,web,0.5847162743326065,0.5007332003357574,0.7795468787750681,1.3376391590768488,0.8330217398985706
mean_gt,a2d191,web,0.0964902083921807,0.2310842849724559,1.8301614002682836,0.4719277554467418,0.7248264209087935
mean_gt,5f562b,poster,0.511862378433549,0.49156051393076766,0.8334094679057092,0.9367804014752046,0.7537326164357128
mean_gt,4ab184,poster,0.4533301718233058,0.4053475275513395,1.163794334645364,0.9128734054890627,0.7116178472115903
mean_gt,71e30d,web,0.475119539113703,0.37810375606971086,1.210818726128061,1.3657874537880343,0.8217579774223168
mean_gt,d9baa1,web,0.3620957008966341,0.3018733359175235,1.597025347439552,1.0709709869157318,0.7862447808703551
mean_gt,96f6e0,web,0.24881817777207393,0.32102266497946325,1.5253902266195323,0.6642527555822912,0.724693476441874
mean_gt,5073f5,web,0.3235360625097876,0.3180270135672491,1.4557459789631264,0.871671297484064,0.7484129333702644
mean_gt,5eb5e5,desktop,0.3352469164079257,0.24509029010123423,1.8154062687952592,1.112754334337679,0.7500531678646107
mean_gt,42b098,desktop,0.2520476195190325,0.2628927976956516,1.838676771161174,0.7583100484022871,0.7423020172508042
mean_gt,0eb2be,desktop,0.3451046649701095,0.2790258860276091,1.736882208399562,1.140321171792504,0.7680378343052741
mean_gt,2c663c,desktop,0.474760960017919,0.32409195730133417,1.4899196453575216,1.4694543266300777,0.818148628023665
mean_gt,0720ce,desktop,0.4224102461582916,0.2773552795109414,1.551848091906253,1.4166120213958098,0.8148084293783034
mean_gt,512240,desktop,0.35484229672452106,0.26343240884197633,1.640911374240479,1.2980036897444682,0.8134736561725059
mean_gt,d320e4,desktop,0.4177553131075507,0.358494448739695,1.2968910109198017,1.0978424484922544,0.786644436119554
mean_gt,ab9e2a,desktop,0.301539829986971,0.23014581173741513,1.888602456413784,1.2017205896280532,0.812171876719131
mean_gt,0ff0be,desktop,0.3650944318564413,0.25558947141651267,1.8598858774569256,1.466467053437327,0.8188704594447636
mean_gt,f38ac2,mobile,0.444007707537311,0.4085996147004871,1.1044893749693216,1.03551609284726,0.7692402230145782
mean_gt,96d95b,mobile,0.3846497285777633,0.3182019714589477,1.352932988698894,1.0156683436659253,0.7851021758508813
mean_gt,f96a6e,mobile,0.7054510982133847,0.5224720243157064,0.6918976806914034,1.82385011739117,0.9072204017707556
mean_gt,2e9a8b,mobile,0.5607036750228745,0.44839751859878957,0.946320951148325,1.5700732027438755,0.8740791543631548
mean_gt,f05508,poster,0.2861520442120765,0.2666276886514862,1.7267636719355894,0.9466738305935394,0.7521297756013394
mean_gt,39fa7c,mobile,0.40567119812943786,0.4807243332025093,1.1477578220387408,0.801842511047833,0.7202961771496089
mean_gt,2b7751,mobile,0.4344199587649583,0.3975959077559737,1.1848135312889625,1.2470145582233407,0.829723791945832
mean_gt,e69624,mobile,0.15917498859250848,0.32110079195650654,1.567787985593692,0.46572347910845896,0.7133762170102655
mean_gt,1c2bc5,poster,0.34320966918704937,0.32261768550000874,1.521196575261967,1.1060233146623184,0.7747454490378312
mean_gt,6b51ee,mobile,0.6421315048844072,0.5299095817764681,0.7343341500929036,1.3271894036577054,0.8186879062516648
mean_gt,020ba5,mobile,0.5285370035629596,0.4907235827013927,0.8324715259726244,1.281943319904976,0.8270177114715368
mean_gt,b5edbf,poster,0.6747264337701292,0.5282809213461473,0.6576059181286337,1.6580545934670474,0.882409348053746
mean_gt,f68906,poster,0.45216475287325836,0.4088645900358426,1.101765342134188,1.027184389498914,0.7227490256623353
mean_gt,c41f2f,poster,0.4320757144438204,0.41580047541001,1.0805943018191468,1.0767582689124164,0.8086186024097177
mean_gt,8b12a0,poster,0.5157733212859102,0.34315527114917815,1.2285979325201988,1.6069465530493063,0.8666537659568687
mean_gt,16a273,web,0.29753385382786307,0.285633281600519,1.6844831649870282,0.9291888073744476,0.7351089829577363
mean_gt,856a72,web,0.34251642655072145,0.3122281782857454,1.503728312778659,1.0354844106602545,0.7853960508888619
mean_gt,b67326,web,0.3509621693385068,0.3063751478835773,1.5652602167331962,0.9730862168081778,0.7426821819576959
mean_gt,7aad84,poster,0.5001222043358509,0.4477323428267778,0.9323226726636141,1.2044515263722428,0.8180271299278726
mean_gt,2b48a6,web,0.5292846422340476,0.39428341398394817,1.0911955936846434,1.6066573233695072,0.8810933426490093
mean_gt,63aef5,poster,0.6264239545094104,0.4729496036718966,0.8413619026734224,1.7307280793142583,0.8917720017370865
mean_gt,a3d37d,web,0.363229887283663,0.27758333670776547,1.551468085701305,1.4441884305592025,0.8605852313304084
mean_gt,7f6c14,web,0.44809225778643835,0.3200693713615124,1.426209349215571,1.4568973199745594,0.8364019701625323
mean_gt,45d01a,poster,0.5291837444158047,0.3424577045008405,1.255467495853393,1.7375086855950153,0.8760756268732681
mean_gt,14a7b0,web,0.3791223712740369,0.2721137377962545,1.5822256143473195,1.573382948413053,0.8749767822565898
mean_gt,5b04c4,web,0.4778275753248924,0.37759105006822,1.2045289225472608,1.5962646413065213,0.861223977781045
mean_gt,d8d91d,desktop,0.31452635868986845,0.2651938924734233,1.7873196841959509,0.8761047390813055,0.7111705672732748
mean_gt,c35930,desktop,0.22426065212181362,0.23299646027184684,1.9429358530093352,0.6928509081324046,0.6926786381551092
mean_gt,52fbfe,desktop,0.466174350488477,0.32354508412823546,1.318713870333093,1.5933938534207885,0.8753721092742204
mean_gt,61ea3d,desktop,0.2505768185394471,0.2282781274300209,1.7847241087914318,0.7430522942828982,0.731854948096049
mean_gt,c6a670,desktop,0.37864942141956215,0.3272612599250439,1.4213396693715483,0.8999466535646204,0.739533614652839
mean_gt,1ce5f5,desktop,0.3782778199377536,0.2563909223266761,1.6891277808938034,1.6038857065813477,0.864262714353969
mean_gt,949207,desktop,0.379894876356424,0.3041548226418058,1.435795779830273,1.2589243961610914,0.836514345762012
mean_gt,869868,web,0.26301074170885663,0.2322515003520686,1.925583336896889,1.0668424413256108,0.7715219449005274
mean_gt,55079d,desktop,0.3761483206718516,0.2600129737585417,1.6548385014530247,1.5382243883266886,0.8464382573349574
mean_gt,aff2b7,mobile,0.512935475063949,0.40467676182715345,1.071507609784348,1.4204954461011539,0.8000289251264602
mean_gt,fafbcc,desktop,0.45297681419070646,0.32062467750487106,1.3678575996367832,1.4518158767560452,0.8259828442616973
mean_gt,10b93c,mobile,0.6417644538136885,0.45244107881252293,0.9078674303903462,1.892795683159613,0.9025191887334836
mean_gt,f21770,mobile,0.6585297785554374,0.48625914085786526,0.7849657726861928,1.870216192313071,0.9100799603896547
mean_gt,b7690d,poster,0.4249335245580751,0.35993646469395496,1.243267823171707,1.1678874330371465,0.78755867398923
mean_gt,00d37d,mobile,0.37157220113969697,0.4267399133009884,1.161240649775255,1.0600609710600786,0.7708096160201894
mean_gt,5b5e85,mobile,0.5672210334809242,0.4367687078676965,0.9178080927918302,1.6838444543230482,0.8879824466877572
mean_gt,064f44,mobile,0.4302981248062583,0.38943213693216416,1.1560029416137856,1.3551892089036748,0.8335017561325078
mean_gt,a4f49f,mobile,0.572214908625705,0.37155970922188675,1.1184150435448064,1.882516878397827,0.8987382483718536
mean_gt,3c29dc,poster,0.48480990955143743,0.4677225737171859,0.942895700216966,1.1608540438303983,0.801428854492532
mean_gt,25d5bc,poster,0.44849936859686695,0.4083032737758081,1.1158539659583924,0.8866919939818942,0.7498063605637291
mean_gt,b46333,poster,0.4340913393190587,0.30752174991058756,1.4051757257597763,1.599381373304392,0.8706419618634551
mean_gt,52b67f,mobile,0.6232392664958845,0.4104062536686249,1.0031665208142513,2.0118092290874126,0.927125650123835
mean_gt,9f2268,poster,0.46728419929111964,0.38201264441631794,1.2183952510377327,1.2531724495374745,0.7893014072902861
mean_gt,7d61f6,poster,0.2803571329166349,0.2866915752081143,1.6650505488006189,0.5900846390083389,0.68047783337067
mean_gt,39a8fb,poster,0.3386557382936497,0.41766283431774376,1.152746336922967,0.9205770219352952,0.7774480901156614
mean_gt,70d755,mobile,0.3412501186878516,0.39577216752165745,1.3835714580014442,1.2512659573913434,0.7969981956930094
mean_gt,0f858f,web,0.39807010469762116,0.38487228629304415,1.1918639968295373,1.0839353607082267,0.8075911806233307
mean_gt,2ea01b,poster,0.4381496977302654,0.42270813515771666,1.2242285371890431,1.1490279605530571,0.7746553091845158
mean_gt,bbc4d8,web,0.5607427456326304,0.42859862764927853,1.000782450552687,1.5122842480339527,0.8445114503122308
mean_gt,ddc145,web,0.3960105279122476,0.272474873083567,1.578878294781213,1.7132139170730254,0.8922274791125437
mean_gt,1d1d01,web,0.5983814685469411,0.40227430920570567,1.0413085509130269,1.7035439839522717,0.87348014346857
mean_gt,e0966a,poster,0.41253836541749167,0.3347258766061794,1.2308125521040347,1.1248313783068344,0.8229251108737834
mean_gt,042af0,web,0.4244162885253415,0.30239177464834116,1.425101189890963,1.4831385374170705,0.8580074977197996
mean_gt,a0e299,web,0.35966192917381645,0.2615674874576678,1.7318225080210503,0.9029434312646729,0.7186495309921604
mean_gt,7881e5,web,0.3861869075518194,0.356722396010859,1.30779178470997,0.9659106440906281,0.7652271484777173
mean_gt,3a7320,desktop,0.34676447139233724,0.2799324227729482,1.5321735379302655,1.0358304301557577,0.7738738779493524
mean_gt,73386c,desktop,0.3153570748132355,0.3690607502837181,1.4390430526310074,1.0639862141273495,0.7767788029518865
mean_gt,387531,desktop,0.5335947745655547,0.43573476201470024,1.0225470619385688,1.4011936585886817,0.8298339630885544
mean_gt,ecd2f0,web,0.3886587427877365,0.2543533155338243,1.6548872357404247,1.3644973894911756,0.8309388902380174
mean_gt,538ccc,desktop,0.41966354325547434,0.3264696662524892,1.420826761971044,1.1013657353995787,0.7458967719571047
mean_gt,e3d8f9,desktop,0.5482557531714793,0.4225848212503622,1.0223594155094857,1.4894371844049488,0.8422556366717152
mean_gt,009d6b,desktop,0.3638928702750578,0.3685907083174597,1.3323186514132,0.8617806138184597,0.731974086402361
mean_gt,f01758,desktop,0.5449434733315428,0.4449977506426518,0.943323779045589,1.471855565550883,0.848801277659896
mean_gt,6581b4,desktop,0.3128692534014873,0.34620554586862357,1.3788213691052338,1.0111157178563923,0.8067135945632967
mean_gt,6a4f04,web,0.3630554978275984,0.28387522337986704,1.573960845424957,1.2387020152406245,0.8279465630382866
mean_gt,6e09d5,mobile,0.4429922677683306,0.4915275075080386,0.8583850230797981,0.8499188434592136,0.7434972576838635
mean_gt,623ccb,mobile,0.3880805538745519,0.48219102164554184,1.012153602875037,0.661271381793279,0.6835120105341965
mean_gt,8bc82b,desktop,0.4396668779090377,0.4177244907940493,1.1027144324532085,1.2710585802361059,0.8202942069154724
mean_gt,cc787e,mobile,0.5199246028293654,0.428925037692219,0.9655394126895818,1.2312358926445928,0.7950122447628899
mean_gt,22411d,poster,0.10194696529810618,0.27454231841880616,1.9340680317087497,0.32722145067548125,0.6613457235018241
mean_gt,eb529b,mobile,0.32008003049993283,0.41861085363183975,1.2168374608034558,0.7502391440629548,0.7160018204604269
mean_gt,c9131a,poster,0.5731169849870177,0.4771094845545396,0.8472806497622036,1.3140191881453887,0.8242014028301733
mean_gt,b602c0,poster,0.4234259426359852,0.37242403805759816,1.1740187118135432,1.3000537839497261,0.8246463973009924
mean_gt,e8d8ff,mobile,0.5222360277355425,0.37951870251100667,1.0749057179926285,1.6350292027917603,0.8589773566170005
mean_gt,aa635a,mobile,0.6692841818789192,0.5819859572824518,0.6223642427419565,1.4953231015434587,0.8242308694859397
mean_gt,935ba3,mobile,0.6333767702368464,0.5204295337279153,0.7089496925991501,1.4870427670128252,0.832701273620163
mean_gt,661e84,mobile,0.6466036919906641,0.5260042057727702,0.7146710997784347,1.6815829115802814,0.868426028547389
mean_gt,93562f,mobile,0.24785737494419646,0.43255541744791204,1.1035571716546433,0.4512864945247847,0.6726131864100461
mean_gt,0b81bd,poster,0.5690110785628769,0.45023634087132625,0.9413344754205706,1.32724462661435,0.7970913758313972
mean_gt,935066,poster,0.5932719208216879,0.5899607647114995,0.5675640490516559,1.3035944161184678,0.8199877340799274
mean_gt,4afbad,web,0.4718235274374103,0.3477673364815898,1.2880823915853847,1.263492349691278,0.800024902099154
mean_gt,a26a7d,poster,0.5847005776875356,0.5861142377200153,0.5514699949667351,0.7971686746531278,0.7324911347449923
mean_gt,8dcfba,web,0.5367331282487595,0.45802476832945016,0.9099132975414205,1.5279936347362926,0.8605788943245217
mean_gt,e7e0d0,web,0.60878506114791,0.5165025769637626,0.75240431616222,1.1991140644818636,0.8076995452917753
mean_gt,b02b39,web,0.3555288224127483,0.34813988694179143,1.4049863691029798,0.9238827751154794,0.7582965469209559
mean_gt,a8f62a,poster,0.6697400842981195,0.5582635007060487,0.601667901317283,1.2573994389925822,0.793561947265167
mean_gt,8bcc12,web,0.5974849137988272,0.4692342184702241,0.8640920854054921,1.7540891105810332,0.8953013899361275
mean_gt,e7022f,web,0.4504938407308772,0.3840653793112857,1.1502861591933473,1.2409957725007192,0.8134804584701439
mean_gt,3250cb,web,0.4176421824888913,0.31743782346050653,1.42583428376137,1.238547347237757,0.7850954575577599
mean_gt,9e5e48,poster,0.3600182465333216,0.38386829175906806,1.2373314362495875,0.8747237324653402,0.7545828689439742
mean_gt,82a8ca,web,0.4875851641070238,0.3916953511629377,1.1071808341069898,1.3239548472387963,0.8349421985247875
mean_gt,d924c7,web,0.33721257170835195,0.3531252531737073,1.4585440945118375,0.9631500291748447,0.7572983100435614
mean_gt,285c1c,desktop,0.38480913523457627,0.2462782024977074,1.7647815924659747,1.9329098659435262,0.9191326939294369
mean_gt,ea4596,desktop,0.2737640342125265,0.30865318688378,1.7076871689990856,0.7558148335485212,0.682320248124309
mean_gt,ccf32c,desktop,0.33348834064745503,0.22303647155657869,1.8662533285501879,1.4130990890009023,0.8288683123679291
mean_gt,555c68,desktop,0.3799604189185428,0.32540399645051066,1.3771317790830568,1.2294729265759947,0.8205257720889955
mean_gt,2fe128,desktop,0.26897045136290454,0.27535348877026333,1.7057693641994114,0.9682041224680357,0.7769647440271555
mean_gt,583824,desktop,0.08326584559040379,0.16834224048821467,2.597575986679299,0.33008189887304035,0.6375002539049771
mean_gt,6f11a2,desktop,0.39264716288867396,0.36413260227372457,1.3440332550375482,1.2093337040998187,0.8264817681153549
mean_gt,f4d6e9,desktop,0.34398175779114704,0.31016534360828385,1.5719440683773223,1.1692297922293629,0.7803164467423449
mean_gt,4867f6,mobile,0.5265919347294515,0.5300180608305153,0.8665241583126866,1.1944243884838133,0.8014319953590663
mean_gt,40f316,desktop,0.2920772826272147,0.25542596940140927,1.7332047085039746,1.248088940809555,0.8322506004545832
mean_gt,7e3369,mobile,0.49595274703227077,0.42705321224888465,1.044173915740021,1.3029086923955657,0.8051790798960989
mean_gt,12a0ed,mobile,0.5160528701886653,0.4652719850568503,1.0476030911884893,1.116325026008101,0.7870450421136218
mean_gt,5f07a6,mobile,0.29099197549695627,0.3644938539531486,1.3984484726041015,0.6851866353928968,0.7149375694945544
mean_gt,74e427,mobile,0.32706283007685377,0.3724437601310099,1.3025808617092627,0.5471575631834512,0.6925656919050445
mean_gt,163518,mobile,0.4995099584574182,0.469764538009973,0.9003212703470506,1.2966228553866797,0.8301500651085436
mean_gt,943fdb,mobile,0.6000591072078169,0.48466376240008435,0.9026126673812362,1.2418005321404668,0.7676257186159571
mean_gt,eed5f3,poster,0.2154079212796549,0.18421114717310147,2.2945085304364277,1.3962475399848708,0.8535339766515959
mean_gt,51e73b,poster,0.10314131347961525,0.22487888280456614,2.1378723322677224,0.45480112434207687,0.7134546720705679
mean_gt,c9b04c,poster,0.42997929082354835,0.3236295700178612,1.5722944833023298,1.4488459376201974,0.7915926385554437
mean_gt,f861f0,poster,0.48158309891945406,0.3573116298624027,1.2412637996029465,1.5792734131142672,0.8731069330500624
mean_gt,605f70,mobile,0.11348395109224088,0.3043918580016675,1.8316463577806663,0.09460603916681931,0.5871729494674489
mean_gt,01d4b9,poster,0.5854914778043254,0.5290199088482938,0.7810957899881092,1.344238164147376,0.8113735990782418
mean_gt,fdc3d7,web,0.415371818900389,0.29873152738092373,1.4609717433333393,1.4771300224811112,0.8585343619797958
mean_gt,0f712c,web,0.4386043594154057,0.37010087517800044,1.1995404415987987,1.2938591717749437,0.8226503969639349
mean_gt,0c21ef,mobile,0.5579355842605228,0.44913978550802175,0.9485702053620241,1.2531176518399731,0.7720078490618322
mean_gt,e8739a,poster,0.6876483572609748,0.6516588531800178,0.478549666821793,1.1056627446465923,0.7751666833644275
mean_gt,47293c,web,0.3982381498687084,0.31896929133678864,1.426974988227475,1.4579351615221348,0.8484400890895823
mean_gt,2a97ca,web,0.47933155522154475,0.3645498461249305,1.4444557380205278,1.158690426542515,0.7378103527210891
mean_gt,ac484e,poster,0.27119956573006887,0.2078914803164559,1.9735803252703656,0.7404574892530742,0.6954759105471418
mean_gt,f4a513,web,0.3134116557669655,0.3514368179407152,1.488070239687516,0.9067583770416591,0.7551087407294375
mean_gt,c10e6e,web,0.38263246167629417,0.31196957616101895,1.420904434168,1.1961403583252432,0.8150918100859531
mean_gt,457f63,poster,0.2277673828399812,0.2541356923231421,1.840505326283608,0.759759540714796,0.7330358787043244
mean_gt,e3d6fa,web,0.5468770938423602,0.39010994104137264,1.09118608713159,1.5020287239964742,0.8415123734085757
mean_gt,3364ed,web,0.43652778717128576,0.3527782018623563,1.2949516055478902,1.362053578409652,0.8448921067150021
mean_gt,d48310,web,0.3082752005436544,0.2580507292328631,1.8091324766347165,1.0933899944457182,0.7753511776946956
mean_gt,d205d8,desktop,0.43511138829600704,0.33361220949095804,1.3293970151682566,1.301575933427224,0.8124167211523445
mean_gt,adf8ec,desktop,0.11063603776953888,0.19281295247558258,2.2667153006898983,0.49454881220008456,0.6736277475455253
mean_gt,432066,desktop,0.47941877954014844,0.4093816317819521,1.1055789557609088,1.2619569711515044,0.8050245807767642
mean_gt,76b63f,desktop,0.42565294110972474,0.3801066908550249,1.3106568383914228,1.0215201043149738,0.7399687676408667
mean_gt,00b8f8,desktop,0.5180101923854722,0.38761415439020297,1.1461074862479768,1.3083945909910366,0.7882001870677436
mean_gt,862f3a,desktop,0.34807992323955345,0.3899481051418181,1.2430612584132132,0.9580421098508519,0.7575503789646262
mean_gt,f9e25e,desktop,0.5162548225987224,0.47758884223630016,0.8860868147609906,1.1901347331131829,0.79315836992803
mean_gt,90888b,desktop,0.4986698521214037,0.40458712063300034,1.2005019079248527,1.2496397301308344,0.7948628924005017
mean_gt,f76fca,desktop,0.37803974283850805,0.26966979069378755,1.684151851858963,1.7692793309691506,0.8788380828501691
mean_gt,d70468,mobile,0.5240782068390044,0.5177891544455766,0.7983526192078523,0.9589505005140866,0.7786464100500536
mean_gt,75361f,mobile,0.7610888699436817,0.6539529532071915,0.4611187848815237,1.3251615816065636,0.8211427785929497
mean_gt,f08c55,mobile,0.7126092409749233,0.5832910199392001,0.5606113207519232,1.4144830953611292,0.8260872769930486
mean_gt,07e9bb,mobile,0.43679533030655604,0.5260272129580906,0.8595751016254605,0.7531591031268221,0.7041543333840521
mean_gt,e624e7,mobile,0.4210785270522784,0.5055520753275398,0.8953518355911043,0.7681139914178767,0.7248338423143976
mean_gt,741c3a,mobile,0.560774612581824,0.47866774989244404,0.9758431759693911,1.383345109175334,0.8006446693957027
mean_gt,b80cf5,poster,0.5747341562586799,0.4459523250551144,0.8943914370615382,1.4934100720141672,0.8649957594819354
mean_gt,6eb290,mobile,0.3374480074525529,0.37260860820474484,1.2963442626173645,0.8163180702372633,0.7185770198053518
mean_gt,1a2169,mobile,0.6137476165223377,0.4938140657684943,0.7818239082716529,1.547144089137522,0.8467448083691435
mean_gt,e277d3,poster,0.3510550524812789,0.3695954110440089,1.2757769736591191,0.9699026837255718,0.76971347403214
mean_gt,aabc06,poster,0.39371235804493243,0.38088369393759225,1.2472935885808898,0.9178811502497821,0.7480748992254855
mean_gt,dc537b,mobile,0.3768373887333869,0.39986518829194473,1.1043914613789834,0.8572639968099052,0.7240993887657242
mean_gt,9e68c7,poster,0.37885970725997115,0.3420292275531025,1.387449951115688,1.070490653337424,0.7756073423288671
mean_gt,d5493d,poster,0.659612794202824,0.4818929971858954,0.8488943600802684,1.698687317485432,0.8774071450853306
mean_gt,bd7a8b,poster,0.6527997087478483,0.5836810795806301,0.5677783224589733,1.1967595577943142,0.7802078640040858
mean_gt,db81dc,web,0.37893562258232816,0.386300793724432,1.2470074053179512,0.8627015421737307,0.7355775622336318
mean_gt,074c75,web,0.49557751327161587,0.360343711494745,1.2415859675376126,1.6165107596010726,0.8611202628570418
mean_gt,3d5500,web,0.46857695779128306,0.3654400544010475,1.208175771587664,1.353997936034466,0.8204774533758132
mean_gt,d2f771,poster,0.3479385313566471,0.38055932975307727,1.2490065561974801,0.872166245039081,0.7269925378571811
mean_gt,ea57c5,web,0.5169460742391276,0.34524051086901086,1.2804778706622115,1.6388437856437643,0.852824115963549
mean_gt,5badb5,web,0.3705241356486621,0.3993593661513172,1.301562999452583,0.934344237082813,0.7404144598998195
mean_gt,a069b7,web,0.4961750580613514,0.4127751311225112,1.0234362266542623,1.4197582466541694,0.8458025067517886
mean_gt,fb6dd3,web,0.5410745647245987,0.4350822594150387,0.9753522049677049,1.5786659121250801,0.875429664434532
mean_gt,773f17,web,0.42206683760092717,0.3573237118486475,1.3283024749234746,1.139238134900207,0.7826986446410885
mean_gt,2a1907,web,0.4322475724850091,0.34927900542955337,1.287388845171536,1.4306295033643504,0.8513910605145982
mean_gt,056cfb,desktop,0.4535263795384917,0.35635355584333245,1.1991475756139467,1.3426063315248473,0.8396807600527068
mean_gt,db86c2,desktop,0.35146874543114326,0.38748964209830244,1.3618652038554115,0.8665999190970156,0.7302757603567983
mean_gt,7d5fb2,desktop,0.24476455012581577,0.2252459784420416,2.1708283546015807,1.1045633579169323,0.7739208279092231
mean_gt,0ef9b2,desktop,0.1461513939102994,0.21096690171349183,2.1652053259851014,0.5293488158652164,0.6998646732115749
mean_gt,37c0ca,desktop,0.1898015788728649,0.17826546219744982,2.1292169907374943,0.8632311365759587,0.7851735577612855
mean_gt,48a71e,desktop,0.2917394063714287,0.19842575218179304,2.092396722974329,1.2035784239678804,0.7907191213119671
mean_gt,0f85bd,desktop,0.32894198689318016,0.3127242149547029,1.6122951154516392,0.9880349192899855,0.7642437235671917
mean_gt,370302,desktop,0.3948443976240937,0.24352965771777862,1.6916568557514802,1.0743273638990454,0.7792692593432242
mean_gt,6d4031,desktop,0.42145080282034486,0.316364282139018,1.559764893345904,1.400989759343026,0.8064528887290122
mean_gt,3dbc95,poster,0.603185003552527,0.46686209963821773,0.9338348238241967,1.439344668837417,0.8068717713984837
mean_gt,61e6d0,mobile,0.349963799211811,0.37891419335488685,1.4262145158621506,0.8221546819097557,0.7257968287386539
mean_gt,e228f3,mobile,0.34007495211350247,0.31820984873345765,1.494557433564743,1.2610038970190611,0.8356323565406167
mean_gt,71a0b1,mobile,0.31171626364142213,0.3183707914209229,1.6438289089267306,1.220522334699026,0.799096294264198
mean_gt,733bb9,mobile,0.12369945741306618,0.2008074085783385,2.0906170762450778,0.4593810798390784,0.7116149191104288
mean_gt,f491f4,mobile,0.41360270417175626,0.42492140803922157,1.0641533340630587,0.8371716448933704,0.7597287368592003
mean_gt,6b1bcd,mobile,0.5282184431249365,0.3560681575502482,1.3688995899703587,1.5867685028223246,0.7950945398854325
mean_gt,927918,mobile,0.5017348938094561,0.4170648221876722,1.00962141167432,1.2910325295661942,0.8318772361647306
mean_gt,c40b98,mobile,0.3025994166331558,0.3812760633128407,1.3236869301758465,0.9367459517257556,0.7907838624874988
mean_gt,bc25a7,mobile,0.42172437239677374,0.35618424543747323,1.3230930431468313,1.2345707541879674,0.7945572108443845
mean_gt,65a2cf,poster,0.36299387345193335,0.2605840903908609,1.6868549623743443,1.2644516118515114,0.8039626170223351
mean_gt,f2cbaa,poster,0.09180333203016754,0.2670418788035452,2.012882559638442,0.30868776520731167,0.617908142927997
mean_gt,f1bad6,poster,0.2390715295815937,0.2780402563655541,1.8117559966593593,0.760445460675326,0.7184727269837528
mean_gt,1a5c70,poster,0.30278192400655457,0.30368499106779206,1.7831142674491245,0.8926845141271281,0.7093114503058834
mean_gt,de4fee,poster,0.4179398928778273,0.33026541139780935,1.3788432519898053,1.4952688572616903,0.8633261168159801
mean_gt,d50a8b,poster,0.35937438358784723,0.3479291178749108,1.3764813612185962,1.1081289047350393,0.8001840450191987
mean_gt,25d2e6,poster,0.34003949612370543,0.2949625106940044,1.6225954626047032,1.0076375776879325,0.7427502059692154
mean_gt,60fd02,poster,0.4212793346869259,0.35254157407182785,1.2708936490045981,1.2424170908647119,0.828187126126441
mean_gt,4e729d,web,0.3428360685223428,0.30308879568542074,1.6150801532248045,1.2153599530323942,0.8017680500285576
mean_gt,a33aac,web,0.37645284172313315,0.23227163120577898,1.8565135820372503,1.4082237259437416,0.8266577444353593
mean_gt,439c14,web,0.4465179472527504,0.29939826943054604,1.479920106306218,1.5442620053674068,0.8498633576566028
mean_gt,71bc07,poster,0.344404230423323,0.32666267107971414,1.4584855022969287,1.009027451937887,0.7460680227498159
mean_gt,53faa2,web,0.34420389768937487,0.24124991885265545,1.845881092301365,1.4825458783954546,0.8320368323142285
mean_gt,8087da,web,0.33028640723023006,0.3031645630096276,1.711248841125581,1.0399472841895399,0.7304080502154204
mean_gt,1acfdd,web,0.3501489079451573,0.2833152156583171,1.8133930457699243,1.3932032404414672,0.8024421303934957
mean_gt,95ce3a,web,0.2874178052106867,0.22611882898397928,1.9845390163180983,0.9117770845205507,0.7333392658605495
mean_gt,6b2df3,web,0.4164097393405699,0.27482504968078575,1.6302434003665263,1.3949870761049548,0.8254175580906354
mean_gt,edbb42,web,0.20821087761623197,0.21253529499382903,2.1359823045296253,0.7775109133123802,0.7078400759918753
mean_gt,7bed0d,desktop,0.5311652852187624,0.39460204676438454,1.108786421318424,1.5798517383488035,0.8449725588782112
mean_gt,34558c,desktop,0.34768253126664006,0.3752558098663044,1.3767385971601938,0.6790692267568833,0.6787738993340137
mean_gt,fb8701,desktop,0.5031169594320837,0.41948811004832603,1.0922535899903478,1.0629576282845266,0.7488394102713852
mean_gt,592a12,desktop,0.221557908924936,0.294683031365909,1.611577821927069,0.7054363852262983,0.7204469904085302
mean_gt,2bb7d4,desktop,0.43556587920450485,0.40826762563782465,1.1352070265643492,1.1206485718783983,0.7914602721022846
mean_gt,a42ac8,desktop,0.5316969239458418,0.449969199824803,0.9411937088993156,1.2043499179733328,0.8015698631256502
mean_gt,f13c2f,desktop,0.4950207468912856,0.409705651553002,1.0567230574919446,1.3801106757553208,0.8432262445957879
mean_gt,c33956,desktop,0.2506269092994686,0.33044254823230557,1.4272150730277278,0.6635703814586215,0.7468510155199353
mean_gt,08a5d7,desktop,0.35559738709043476,0.3469757236268357,1.422747708282167,1.0391298853097926,0.7799612660036298
mean_gt,368917,mobile,0.6375962296896596,0.5129958349374869,0.7252668420563507,1.4793558990907998,0.8469045099318602
mean_gt,49e81b,mobile,0.5309349828365257,0.5189613627724258,0.7847685710592758,1.023400894371867,0.7685988804026243
mean_gt,b80952,mobile,0.673189546391084,0.5553676308513658,0.6281958627913752,1.389323657078869,0.8192423229435486
mean_gt,c29a4e,mobile,0.5304028278165644,0.467660848476715,0.9721981844317833,1.136380593612376,0.7837439972970796
mean_gt,a0f84b,mobile,0.5838592062854151,0.5611885791940472,0.6598050696302795,1.104555818157992,0.7801017102650031
mean_gt,7527bb,mobile,0.5234586152962022,0.39226968107405435,1.0421113892964264,1.2063782372614034,0.7950006561382783
mean_gt,ddca3f,mobile,0.5208786034767442,0.43878000769805214,0.9980846211916246,1.252257388006366,0.7915531743772931
mean_gt,a7f12f,poster,0.39877601762646975,0.3034407795982795,1.5554462112353864,1.1640716509196776,0.7526742197563587
mean_gt,f60132,mobile,0.5062503127412046,0.4426382696391832,0.9950642559135244,1.239670015070184,0.8033568426230625
mean_gt,93749b,poster,0.45001641962237615,0.3734075902045861,1.2333843110803107,1.1636782950799203,0.7993544532810699
mean_gt,a93c69,poster,0.5653465558865595,0.5775120694520922,0.6815797450149073,1.215299772351408,0.7926715349037337
mean_gt,46e99f,poster,0.60067444643572,0.455123406600506,0.8847286475036272,1.5045781491457768,0.8365056569382175
mean_gt,eec240,mobile,0.36327271119563975,0.388713370897736,1.1962078351984604,0.6052634374421553,0.6621729232396623
mean_gt,557221,poster,0.5744545382425502,0.48670265539937574,0.8379975940051855,1.2342218747776392,0.8065104335185077
mean_gt,f33d51,poster,0.34569366052431627,0.41139933568608844,1.1388728992830004,0.6759167130471846,0.7300489448147528
mean_gt,e9f7f7,poster,0.4997827392749979,0.4389123569816185,0.9511555157024164,1.247286642992596,0.8237646430284519
mean_gt,029a48,web,0.5115037724817109,0.3581488373886599,1.2489082399706164,1.4996570097724702,0.8436555174641757
mean_gt,c40a65,poster,0.36840280235016076,0.3485297757197565,1.3918271232622894,1.0080615547105582,0.7620913705400377
mean_gt,27c37d,poster,0.5714447566332399,0.3822762678132115,1.1084958659270359,1.7120755887354948,0.8786953740658401
mean_gt,a15dc1,web,0.4444125038162423,0.4125494037218414,1.052333097940582,1.0291360507548315,0.7878676138871741
mean_gt,3ae6bb,web,0.4729558568645719,0.3929889649854103,1.0983742656529771,1.1272006601230278,0.7944933702664322
mean_gt,d69abb,web,0.3990584589279648,0.28748139746397955,1.53998789932431,1.5162926343019867,0.8577575044911453
mean_gt,f7344c,web,0.4682076682129579,0.31069887407048147,1.4075331779402707,1.7620957530142418,0.8754356290017165
mean_gt,24425e,web,0.45078242653841527,0.3703996751501135,1.2008958639417588,1.1411043854353033,0.7983078776872741
mean_gt,da1d78,desktop,0.511549524724956,0.4115364119450297,1.0552135169304095,1.40346716042417,0.8296152890219703
mean_gt,3ae59a,web,0.36773263259254907,0.34559225276964484,1.3042483458739906,0.9378601391937853,0.7642841856318647
mean_gt,fe670b,desktop,0.23938562336264557,0.3328181047227064,1.4202272922589723,0.791732891749702,0.7631149084781234
mean_gt,ce9bfe,web,0.465780257043175,0.35526226193353977,1.2705600665332037,1.7280335043225832,0.8867172809843721
mean_gt,2adbfe,web,0.31064389295503225,0.2948086825766825,1.5869996893442384,0.7847147395932018,0.7304676316095177
mean_gt,bf97aa,desktop,0.49692563949836566,0.4321686131263711,1.0191071613489133,1.1663371700125493,0.7911308353584963
mean_gt,a05750,desktop,0.5505369748593272,0.45227902348725785,0.9228466885573434,1.4746502060711995,0.8634546190171912
mean_gt,2cb6b4,desktop,0.4035613626750458,0.26769351411929104,1.6257232595181694,1.5984538978905498,0.8527184709544329
mean_gt,e2af38,desktop,0.3081789694457475,0.25412080207786986,1.772322239463995,1.1869942444092294,0.7877315796543435
mean_gt,4587b5,desktop,0.45902471444546505,0.41854897511380873,1.0194141545318722,1.2232486767526203,0.8201211385903566
mean_gt,1f1fff,desktop,0.44505139404018385,0.39703958310533033,1.2001288535655799,1.611395244949141,0.8779558242274157
mean_gt,39fd3b,desktop,0.3983302962901242,0.3320838810578272,1.4680156930349817,1.2866959078551394,0.7991555475564257
mean_gt,d93532,mobile,0.6658745237184229,0.5591915572288765,0.6377463690356401,1.309625932867531,0.8033784676341924
mean_gt,c6c08a,mobile,0.6121969722395667,0.5913627823386063,0.613716070217267,0.9918873476025462,0.7561321364942453
mean_gt,ab7961,mobile,0.5703130311669462,0.5579298589283626,0.6577378700072409,1.0121117792824141,0.7519060179031989
mean_gt,c9133b,mobile,0.40364654814334244,0.48630851750491705,0.8750005273025578,0.6494845226844305,0.700804810131906
mean_gt,09d330,poster,0.3797790113549955,0.33078902761157936,1.4492497857159876,0.9612301840855708,0.7624292713182879
mean_gt,0f81ca,mobile,0.5924996206569184,0.5446606411774864,0.6864785958746378,1.181199012648215,0.7859528415673935
mean_gt,26c4ef,mobile,0.4160273693154188,0.378034249509008,1.1466599875228152,0.9907098383934231,0.7557354716711706
mean_gt,837df2,poster,0.42402745008305937,0.4381933231395746,1.01014250473302,1.0906878517238574,0.8024349995993382
mean_gt,7ee781,mobile,0.6517568539408743,0.5582625531171233,0.6551177859495064,1.434123614004653,0.8425085181538141
mean_gt,55d981,poster,0.6546835044876885,0.5678238911741411,0.6367602885821734,1.2694831300520562,0.8030192688086691
mean_gt,fd7c30,mobile,0.2088850922237187,0.3657350466654928,1.4696514234357458,0.6869141365267919,0.724893960930886
mean_gt,88a176,mobile,0.6568946720591999,0.5749040956173037,0.5811463996248225,1.445261162136509,0.8391498634779857
mean_gt,9199de,poster,-0.0050120863895247066,0.32920046073902864,1.520062471260307,0.04716349214436628,0.5984968221106267
mean_gt,e70774,poster,0.4452471698199437,0.4164511398185911,1.1453621193404548,1.084464281240379,0.7953439687046047
mean_gt,b434fb,poster,0.3093234445837517,0.32317207279049087,1.473917293706628,0.9345345859684391,0.7702251509705231
mean_gt,e9465f,poster,0.5916843443799962,0.5516185230583918,0.6376436353552208,1.1318849955133832,0.8140054379283422
mean_gt,88c9d1,poster,0.5896349764664383,0.5153295924727531,0.7168649295985273,1.1531586821421558,0.7941257371698447
mean_gt,3cf90e,web,0.6068244434917349,0.46887326775877347,0.8962436608552239,1.3509933676065522,0.8124029370868963
mean_gt,3478a7,web,0.542738735738078,0.45071644748671336,0.9590486100504092,1.3484592751603093,0.8163745565857329
mean_gt,b901b1,web,0.536145848094778,0.4622839235157472,0.9221207953108094,1.3205192670597743,0.8090050468683603
mean_gt,441395,web,0.48725411254247464,0.4459857939462578,1.038942332475657,1.1158118083494095,0.7770222252056486
mean_gt,24776f,web,0.2584772795169047,0.33045894516931335,1.5598178416795634,0.8677416786825616,0.7616384417787966
mean_gt,95b733,web,0.5347026946578692,0.4360289898915999,0.9679894060530061,1.2655363689706405,0.817009531102775
mean_gt,9e8ff1,web,0.5030905913826995,0.3844777799238782,1.1481281860155406,1.393160566698432,0.8292342924114348
mean_gt,7ce6d3,poster,0.6467807480258273,0.5737141925647237,0.6717357734183724,1.2691859331728035,0.8082235374463128
mean_gt,882e01,web,0.4221975151123203,0.38067557827418913,1.2484264786636419,1.0239991254946619,0.7525509656610913
mean_gt,c68139,web,0.454252024918949,0.3968314466688143,1.1545691537760712,1.0151201258353455,0.7580728373457598
mean_gt,8ff998,poster,0.5671800003958851,0.39391217352937813,1.0620270580591995,1.7289494481583367,0.8734470986681567
mean_gt,d6cc23,desktop,0.13810486785202034,0.19967136100957805,2.2322857261024236,0.33689537906360223,0.6440027928284353
mean_gt,b49400,desktop,0.29445327884379624,0.2680829373804042,1.7516862178990218,1.1798468280696586,0.8069503918499915
mean_gt,2675a8,desktop,0.34122514642087576,0.22264576415536796,1.9642165847593072,1.9913531702328047,0.9256157953796448
mean_gt,f3e3f8,desktop,0.4512867266883329,0.33402426985927947,1.30350512403043,1.5565854974585491,0.8696130938620257
mean_gt,a04c36,desktop,0.4642656850603133,0.36572851711345283,1.2561648834124362,1.3898615284364764,0.8367845772618375
mean_gt,86c651,desktop,0.2689812500632554,0.18083903604701454,2.1310545636739797,1.5850336968651764,0.874244112052202
mean_gt,af49df,mobile,0.5817745860165471,0.45899907360640885,0.8810302952705404,1.5793260148843857,0.8631408486383473
mean_gt,4fbc40,desktop,0.18781705472069746,0.1797937610028732,2.7777494710566764,0.7575306176596265,0.6410845735489328
mean_gt,14c026,desktop,0.3116797040523328,0.20306924091406883,1.9990594655646616,1.368797212746467,0.8186579814383247
mean_gt,01ca85,mobile,0.4428282348828381,0.34517967119150683,1.3341979767294483,1.244165751288199,0.78026463351483
mean_gt,3aced2,desktop,0.4232896387819193,0.3490247225280863,1.2582712901342483,1.079491774923119,0.798364289187218
mean_gt,00d34f,mobile,0.4104436603133097,0.41957622925102306,1.1625873574936514,1.1108643733521177,0.7923235911939354
mean_gt,b3ddb5,mobile,0.3433457411505037,0.3182197142783174,1.4760380141042757,1.1431639334607189,0.8130510049278341
mean_gt,9fad4b,mobile,0.49338596312799143,0.3811801220745264,1.1485539834601508,1.5560392924990012,0.8521876960233246
mean_gt,79672d,mobile,0.595256600214226,0.4709554125812575,0.8301764927051919,1.6369743564871242,0.8772737942729218
mean_gt,d9a22e,poster,0.4682682791137711,0.4151564883149575,1.1132274981652448,1.2313814686541917,0.8142566033104444
mean_gt,4d987b,poster,0.40950719479663866,0.30304766279007234,1.6000033509113836,1.5351278390734178,0.8372555807894871
mean_gt,67522f,mobile,0.5214927136807839,0.3959470652068723,1.0632872972762266,1.5611344527355455,0.8716421345778487
mean_gt,6d15ce,mobile,0.39059081015787744,0.32136499815444697,1.4452457775753207,1.3462619682972525,0.8398058291985088
mean_gt,f1e37f,poster,0.37778849579358176,0.3594929148144332,1.5925919835029627,1.1076540007419455,0.7406578838112982
mean_gt,42a9cb,poster,0.6342890570746182,0.4962300534913877,0.7788202529009663,1.889610229198582,0.9090566748912069
mean_gt,dd8251,mobile,0.5327973879067303,0.3633185514469703,1.1422914025174933,1.4848249716349462,0.8348989271821028
mean_gt,c5ea52,poster,0.2596511740995803,0.24399391046752414,1.908424097964001,0.9207562504870643,0.7240854582981779
mean_gt,5baa74,web,0.25831992053085506,0.20472834472414966,2.0985429251085645,1.108186601134279,0.7659335868729773
mean_gt,8b6299,poster,0.352863514252354,0.3227303474892226,1.3767610368747372,1.1560960738890793,0.8166798831198441
mean_gt,665c4e,poster,0.4788602743669852,0.4459134906211666,1.0505720563848964,1.182670884316366,0.8035806597697263
mean_gt,85e5ac,web,0.24353960333888697,0.33760322835293677,1.4093512939826858,0.7325615233301564,0.7627470937771368
mean_gt,9204ba,poster,0.503432779585408,0.3790759736138355,1.2124866144833568,1.3095166747682228,0.811161804438619
mean_gt,5e0dee,web,0.24496008654110635,0.290359057212875,1.6434491272605154,0.6851899497905456,0.7246066055424268
mean_gt,1c27b9,web,0.33045511525001775,0.2510251421805008,1.706863370860653,1.1631091296124754,0.7902128552251655
mean_gt,eede0a,web,0.4575508752741193,0.3919499967203789,1.1668912518645171,1.2341431818727469,0.8147737780873113
mean_gt,bd57a3,web,0.18557018538979902,0.23300242699133647,1.9559207873202777,0.5118927397727295,0.6952593513124855
mean_gt,d23a34,web,0.48191577490574844,0.3582068945104238,1.2287259581859185,1.4051615442279346,0.8378152048446926
mean_gt,4bb6dd,desktop,0.5127254946533162,0.38397426460625866,1.155820468407809,1.34471857919394,0.830864081632653
mean_gt,05890e,web,0.43456578871254936,0.30514630147090244,1.543983829793639,1.3078645808562637,0.7914381597672863
mean_gt,a9ccfc,desktop,0.4279271016880294,0.378636729421234,1.2139901590445334,1.0171692274622839,0.7740760717729539
mean_gt,eed0db,desktop,0.008381289590620043,0.19607099980463039,2.296311306108878,0.12954700727092505,0.6329909373871792
mean_gt,0a87be,web,0.248700974092199,0.20986209732012634,1.9327289312180211,0.8506585601047401,0.7443847076426884
mean_gt,e20a6e,desktop,0.3908709443927081,0.33172414977085174,1.3822801034182977,1.2551516709120942,0.8206949223452618
mean_gt,147ff4,desktop,0.5054268358601115,0.36221250038939834,1.1805854113924585,1.3538048030889316,0.8172454805779316
mean_gt,ed8647,desktop,0.2739093556322404,0.3297928538687254,1.4989248010604097,0.8865626766306064,0.7816827241008456
mean_gt,bf66e8,desktop,0.36516020716684483,0.3831981702494634,1.3849062869558808,0.9578710064868194,0.7547802817974311
mean_gt,de5446,desktop,0.5150466977034713,0.37579785155840784,1.1761346660093106,1.4189708990328334,0.8296339562126267
mean_gt,55251b,desktop,0.13293583742128395,0.21024547518653264,2.0961583489603406,0.4756761175758867,0.6827424537386276
mean_gt,74edd4,mobile,0.5304030571949288,0.4272004560786997,1.0036705438255755,1.403951596306412,0.8286279661389457
mean_gt,9ba547,mobile,0.46000871434486373,0.4726207364883746,0.9090178755810201,1.0649360078546835,0.7907238651920953
mean_gt,548c01,mobile,0.4601470295488973,0.5046469581173523,0.8571198588779543,0.9876508456283092,0.7832969013306386
mean_gt,3efe00,mobile,0.6138914776757328,0.5078225794680374,0.7354951635979633,1.3169000606468508,0.8133686902610728
mean_gt,f735e9,mobile,0.5765204831768754,0.4439671104376334,0.9120350455512162,1.2630807971179778,0.7817745031448642
mean_gt,2b30aa,mobile,0.3470575391422315,0.36962871599586444,1.2257294817096633,1.0112053543336332,0.7735946915583519
mean_gt,f1be04,mobile,0.24078687260566012,0.350581762199133,1.3807319743273379,0.662021074744729,0.7046318460059893
mean_gt,4e2a75,mobile,0.4940744917803239,0.46198188170745513,0.876684601466448,1.0824518305432407,0.7776814966341454
mean_gt,8f669a,poster,0.3659266288537123,0.3526061661638214,1.3167346717487927,1.1834995608010652,0.8133444452498902
mean_gt,62fedf,mobile,0.5487216727894552,0.5844701572685986,0.6041052749925226,0.9046976870753974,0.7572656949567746
mean_gt,a47405,poster,0.39763557675433636,0.3601089242865402,1.239181546123263,0.9753540996482535,0.7901828749063377
mean_gt,257df7,poster,0.33558866528328407,0.31224279718146847,1.6141212658855064,1.0893432728502435,0.7722580819493429
mean_gt,91138f,poster,0.5126117694726214,0.5421397113499035,0.766555789465773,1.0048941337510942,0.7603093212432073
mean_gt,05a1ad,poster,0.13366419399307766,0.2680960217648741,1.9755360573720715,0.36409388466900455,0.6257318179561208
mean_gt,d1f254,poster,0.21288285930451617,0.24046236857808143,2.085212279587511,0.6953292941995521,0.6576150824128647
mean_gt,628c6e,poster,0.12635725937520115,0.23328572675623213,2.091534924209168,0.4128154267130409,0.6274094067041869
mean_gt,07a2c8,web,0.55394346208083,0.3978616784565442,1.0590777905902056,1.5503504671913477,0.8495176618557777
mean_gt,d7535a,poster,0.19875976645181515,0.2922863873056269,1.7428858841556805,0.47853897369941345,0.6737845056825068
mean_gt,33d2a6,web,0.5013620630312322,0.383074673845439,1.2360328238976974,1.4229577815286865,0.8302804457123691
mean_gt,d20ff4,web,0.18332789362343535,0.22378203460162438,2.0161626098039966,0.6151193565182356,0.6952048191989397
mean_gt,714584,web,0.4414661136296538,0.3587737063274965,1.276391390286292,1.3294066462076528,0.8277336747188323
mean_gt,cad727,web,0.37925338682563603,0.37959362079918707,1.2962049843269101,0.905879917656765,0.749199209868227
mean_gt,b3bf42,web,0.28620877487479435,0.32880761670308734,1.4495745321222597,0.8610991727890676,0.754878260656981
mean_gt,268f27,web,0.4791782517974074,0.36076413975181887,1.2337270047855382,1.2304447778957528,0.8039138745613377
mean_gt,609262,web,0.5262682483895775,0.3530234722591314,1.2196512248808384,1.710863151596677,0.8778515533130696
mean_gt,58e0a1,desktop,0.08515817403115078,0.22350659997897904,2.1194758752132996,0.22207190588039588,0.6458722241358471
mean_gt,e99f26,desktop,0.38442597051086164,0.33966485344624386,1.346584232737918,1.2829353136330395,0.8237249388201462
mean_gt,1e27b2,desktop,0.43448785219184194,0.38105245191161685,1.21836091525757,1.0297512985900141,0.7710151005668104
mean_gt,c0233f,desktop,0.2817747802438786,0.30648761292294224,1.64425806234595,0.8790031878043714,0.7435118122418434
mean_gt,0dbd98,desktop,0.44154763700576927,0.3412189865639923,1.2326901329802045,1.3663996133112433,0.8456076456159248
mean_gt,f20200,desktop,0.30091650178898804,0.34392276866254545,1.3463615418366555,0.8656588102128572,0.7697607260892805
mean_gt,27f3f7,desktop,0.43043513850770165,0.4002108378781024,1.1794930189855377,0.9861723529769046,0.760974188406145
mean_gt,bdf30a,desktop,0.40963870656457946,0.39293652925727923,1.084981288086643,0.9048765381697177,0.7672093333471781
mean_gt,8cb7cc,desktop,0.5362360592367315,0.4526141352362242,0.9587879774744027,1.1832577583596824,0.7894258633900326
mean_gt,7b8443,web,0.47426631545737297,0.395733008306925,1.1757087747036468,1.2177629638498961,0.7900600781498107
mean_gt,6af818,mobile,0.45434349661220075,0.4283109543656492,1.1023535178689507,1.2082208971582549,0.8143544277907909
mean_gt,235508,mobile,0.4184637275450065,0.459334347276284,1.0325988559849384,0.9823294307591075,0.7668879777042501
mean_gt,759dc4,mobile,0.517294233095926,0.538223354479627,0.746898823732101,0.8305847691704141,0.7489366286145748
mean_gt,c84d32,mobile,0.5237964523752389,0.509576815584784,0.8224740901037533,0.8448027746837978,0.732312291127541
mean_gt,813384,poster,0.4980998495411222,0.3941018204938535,1.130531856819938,1.7037357768962111,0.8876295987938754
mean_gt,25bf7b,mobile,0.6737587422958222,0.5094307119221426,0.7295268070010392,1.6243710898842907,0.8764096475349016
mean_gt,239f23,poster,0.2421520889033379,0.26577074206317464,1.6838743427689136,0.9423174927141852,0.7964976696763414
mean_gt,51fd1b,mobile,0.4541272816711129,0.4658312919583981,0.8554858281858236,0.9020908396614464,0.7662763050003313
mean_gt,980144,mobile,0.5574388881200323,0.5507443870410541,0.7399196646814388,0.9904434884950183,0.7419688578462821
mean_gt,d375a8,poster,0.1385459209438212,0.36917976070299624,1.4577498880997593,0.33982585635138,0.6476634065355846
mean_gt,319181,mobile,0.48368801322755806,0.4450671248132182,1.001849432097519,0.9900521248120828,0.7548657041611875
mean_gt,b4a191,poster,0.36105476217020704,0.37013952480019296,1.34348020153179,0.8463081998767128,0.7145053381108044
mean_gt,325d49,poster,0.4464799833829882,0.41989156653381393,1.0425890966168119,0.9736645339860992,0.7651024246599905
mean_gt,f63992,poster,0.44178408438575434,0.36135237924725067,1.244438801481953,1.1781427104348474,0.8047900701845181
mean_gt,f7b72e,poster,0.3746613239093568,0.33402357493570045,1.3492304117195335,0.829707548526957,0.7387866823876459
mean_gt,27b0cb,web,0.4361283044312225,0.2681235002926091,1.560041505601062,1.5216484996991053,0.8374243569633871
mean_gt,df1857,poster,0.3619745798979366,0.32680440981554704,1.3862165023429807,1.005536421679781,0.7685417004404284
mean_gt,c4b8a0,web,0.5038092235175462,0.4480498521388716,1.1333807324135694,0.9331679985598529,0.6948149052862799
mean_gt,0616a4,mobile,0.3982434366800902,0.43107519469134425,1.044235807357358,0.9181701542939116,0.7698414550504734
mean_gt,3cc438,web,0.3448436085279317,0.3645037713616716,1.4457194411438088,1.260405748841252,0.8082027771562388
mean_gt,486fbb,web,0.4592466067072065,0.3977701163343302,1.1017172805129092,1.1981053857932045,0.8040151382869086
mean_gt,57879f,web,0.48030848952300553,0.3266889298233962,1.3463086909234174,1.5227785792470945,0.8304893429665575
mean_gt,bb4af5,web,0.5587881935928274,0.4617534023626468,0.9323224340771483,1.315076103062528,0.8082504640212805
mean_gt,d59f99,web,0.03921082508444851,0.27936178808899814,1.9347982275300806,0.2009522394912975,0.6285018178242441
mean_gt,d7d901,web,0.5060765633022011,0.37987849090927295,1.1989905552576585,1.131351223142941,0.7563410064029419
mean_gt,42941c,web,0.4718236130653768,0.39410872681513753,1.10044849961378,1.2372530039005367,0.8168521631009884
mean_gt,df8ad2,desktop,0.4405567417194637,0.3620923747282104,1.3245316897927486,1.382585204390819,0.7978308250577526
mean_gt,55c555,desktop,0.49462289893881123,0.3647761536958547,1.1919847013579514,1.346698534121447,0.833104940242207
mean_gt,ff561b,desktop,0.480725260922914,0.38404947395829353,1.1762903683471346,1.2602751806190184,0.8016644353156241
mean_gt,333ba8,desktop,0.4417671850989273,0.39497211402279936,1.1343360185775855,1.060701711592677,0.783107662471088
mean_gt,947b62,desktop,0.23312972029324275,0.20809851991647166,1.9979417695202248,0.9424236460430196,0.7612168239289889
mean_gt,f48d0e,poster,0.20871510223187015,0.26316659130274644,1.838503247899489,0.5579498911862762,0.6897054347656455
mean_gt,b2b7a2,desktop,0.38066395682361187,0.3105588518679928,1.509692796491541,1.3444387279407095,0.8194864515871562
mean_gt,6a8c97,desktop,0.2885995570302667,0.30187944026691826,1.5390077000920963,0.9677747007430745,0.7754579651881794
mean_gt,003eb9,desktop,0.4260998634815605,0.35118393362696754,1.3235050510446467,1.5371545210355908,0.8671657913822015
mean_gt,78b10c,desktop,0.41359451025506144,0.3527411194163681,1.3516541659897712,1.3452580016840265,0.8176216705856896
mean_gt,cbb7ad,mobile,0.5991767875871016,0.49572892448273914,0.9171817309223139,1.2300873840117121,0.7656342449251503
mean_gt,13f898,mobile,0.36882370705304557,0.405038110105601,1.2169537388158094,0.9988207157782597,0.7670425639848578
mean_gt,849f25,mobile,0.5912077618671195,0.49083921754689464,0.8324223540097421,1.3669010136631599,0.8046942441532986
mean_gt,16e611,mobile,0.3921236784615274,0.45153352124254376,0.9619968264520995,0.778583418945989,0.7396864714532082
mean_gt,510093,mobile,0.5633400034089904,0.4729181485517174,0.8235292760028987,1.1885255773104937,0.8006776034009142
mean_gt,05490b,mobile,0.7275366394760541,0.5883198168901401,0.5855622530453992,1.5398611675587501,0.8526824024224292
mean_gt,e1f7b0,mobile,0.6398994788936132,0.5270834043603347,0.6692500485340125,1.4089943874380828,0.8211266355455377
mean_gt,544816,poster,0.4353371756245683,0.3866061630653077,1.1154022747987484,1.0302603730985638,0.7624151273465156
mean_gt,eae3c4,mobile,0.26694703206677944,0.3396026221244402,1.4007831557045438,0.4351621523709977,0.6197525975484652
mean_gt,b516e1,poster,0.1216313405022646,0.29509223086184383,1.771304691371027,0.4925131071680047,0.705892913033757
mean_gt,7ba4bc,mobile,0.41304902183811953,0.3487454336257734,1.270930262883641,1.2838551502989897,0.8030971662331752
mean_gt,0fc384,poster,0.3919295770985499,0.3930786238667586,1.1974196753950561,0.8537209667010933,0.7541367679105024
mean_gt,f29bd9,poster,0.4284789796122852,0.3404402005754117,1.3633747518127415,1.52116652919861,0.8455276113990312
mean_gt,76dc6b,poster,0.49677324483131946,0.3581042338050366,1.249531234206839,1.5927631935881965,0.8563638504034293
mean_gt,f23e97,poster,0.3172070647800823,0.29463155044549716,1.6835974166281134,1.083778420900255,0.7676445025465113
mean_gt,7e5b71,poster,0.44646570747843456,0.42800249339255764,1.063951314231359,0.8902308272399917,0.7467500512955059
mean_gt,5d7024,poster,0.428320267608846,0.3698968017517253,1.283176081071582,1.2062330493666442,0.8055317922958599
mean_gt,ef8863,web,0.4894242577876955,0.38872797544248233,1.2046773307569172,1.1338333247002463,0.7857111428587104
mean_gt,3839b1,web,0.43357337377688554,0.433199611340147,1.1161889342037863,1.110943434399656,0.7745073626559991
mean_gt,2a5307,web,0.4828341493146283,0.34860628435460045,1.2772850175913455,1.6239533840886178,0.8741201940474816
mean_gt,c642a8,web,0.4242485605224613,0.3914803756644786,1.2088770744668484,1.1145692777806548,0.7994128393263891
mean_gt,73d5d7,web,0.36076887190970813,0.30202962330372796,1.5444405799025942,1.348554857916375,0.8173216000634516
mean_gt,9cb812,web,0.5313546365899782,0.41325051046593153,1.023419974645356,1.2599977838488297,0.8186819911602894
mean_gt,9466ef,web,0.25997846316363954,0.3376620023301985,1.3710826915667624,0.5748248673875133,0.7263991789876577
mean_gt,2ef49e,desktop,0.32731127672687255,0.2933937744672705,1.6489767753802391,1.1123664880867714,0.7509718190788798
mean_gt,c15cd3,web,0.30856099439405055,0.3456874334933041,1.4333407763587518,0.9299625116566882,0.7683944000623091
mean_gt,69cd24,desktop,0.442282312858898,0.4016196638046945,1.2429632174182415,1.2621752005399152,0.7907012272199132
mean_gt,c05a14,web,0.4324172794182315,0.3616127193835064,1.250321507061144,1.1384219613723945,0.8017488322077294
mean_gt,e102af,desktop,0.40643103040890244,0.2895480968381106,1.535520397833928,1.3847654560622766,0.8280794311242214
mean_gt,998d69,desktop,0.4231432196309911,0.330072892446382,1.3662506879597787,1.5018315968705789,0.8657764240008938
mean_gt,0eef1f,desktop,0.3496346243385469,0.3067201313581364,1.5030936485181727,1.2353233252939588,0.827007811503549
mean_gt,8ea477,desktop,0.2939118037227123,0.2947521753050829,1.5083346690042323,0.8444171893946858,0.7546572794062598
mean_gt,07b304,desktop,0.47395560914272444,0.38084093448817813,1.1513122835704226,1.275007539894535,0.8263410859809861
mean_gt,038d71,desktop,0.2896987394346714,0.2950606758627553,1.5094823105910284,0.8537221090753171,0.7646705091358305
mean_gt,919716,desktop,0.49349688485196386,0.36770404355846736,1.173554020711642,1.4870137684441997,0.8623085033676487
mean_gt,e4f360,mobile,0.3638386907943947,0.3960756662195103,1.1862265174802247,1.0720686311822698,0.7870323268093955
mean_gt,dbdbed,poster,0.38833934034964257,0.41478787308075865,1.0616239898551227,0.9415033906805447,0.7718357408433373
mean_gt,e254a8,mobile,0.4991985091551806,0.4272826750422054,0.9736690970542847,1.4310673904169937,0.8504825462807112
mean_gt,203a7b,poster,0.4831216667525269,0.4059675332141198,1.3372059177436473,1.4893905204600946,0.8248176441506687
mean_gt,a4d2a8,mobile,0.5627567969760594,0.5307055316190107,0.7848878324048533,1.306138275302149,0.8332312271087553
mean_gt,f4e7f3,poster,0.539227864912361,0.42034198235513465,1.0412944910458137,1.5147612594207476,0.8476681449034181
mean_gt,9073f0,mobile,0.6052354341352474,0.5324610355947643,0.7584109183360532,1.3933251964724043,0.830762261615136
mean_gt,88fed8,mobile,0.684544855772846,0.49490796361891454,0.7603509599445315,1.6889903845252974,0.8750901307549881
mean_gt,a6c640,mobile,0.5949663277457808,0.5106391146327017,0.8533060926618673,1.1600289067248073,0.7660542931119876
mean_gt,6f5978,poster,0.43545788830920407,0.4517129621832625,1.272324633262208,0.7398933422521944,0.6776092852699773
mean_gt,c0ad6f,poster,0.36820141988917265,0.3998552131050517,1.199517164656252,1.101430674917275,0.7993250616944595
mean_gt,e86e77,poster,0.10063093466456216,0.2643353070590793,1.8030997057153235,0.43432322594438183,0.6779788785911315
mean_gt,c53dc2,poster,0.5021807767888138,0.45509734034403204,0.9425034564048803,1.3451710847753209,0.8311127094176457
mean_gt,23f03c,mobile,0.5696476999259146,0.5055005316641582,0.758522263702879,1.264965130839318,0.8137158565104058
mean_gt,af24f8,poster,0.1707292252485417,0.2911837727309192,1.6900131603169808,0.3667116128553849,0.6549001291420734
mean_gt,f0773e,poster,0.5696950966623444,0.4228137545599232,0.9736915330075566,1.553220388193313,0.8560061021992473
mean_gt,e856d3,poster,0.43062982321499355,0.40709741612132166,1.1348971690870477,0.9884329128129512,0.7697794781943654
mean_gt,fd395b,poster,0.37360555644291377,0.39642013098254336,1.102926110845568,0.9281787834745978,0.7604946518006249
mean_gt,5a19e3,web,0.32346352531149236,0.2692948324982141,1.6493265855171337,1.1058069424522765,0.7790384388211138
mean_gt,591218,mobile,0.723555225030114,0.5243280673354058,0.67968678079096,1.7483298372991236,0.8746606603485584
mean_gt,f29c75,web,0.19978673256079776,0.25007316300992577,1.7954632479543107,0.4846084079820858,0.6980758024132526
mean_gt,563395,web,0.4414854733421085,0.31149772476526855,1.4538298118619284,1.6752832715671795,0.8635524149992926
mean_gt,3a6075,web,0.4543072798417992,0.35143344308657704,1.2467579837235312,1.3056654371326712,0.835118620375182
mean_gt,1d99c7,web,0.25601012064940765,0.3194059013052491,1.5642912787567052,0.8470893936509337,0.7521067099952276
mean_gt,3628ee,web,0.2340140441301011,0.3393666939329896,1.5318565258753851,0.6950853710568118,0.7342761083001182
mean_gt,e6b882,web,0.48451556130610596,0.34330126487635504,1.2917282297020876,1.5293287464939143,0.8529472201992335
mean_gt,188089,web,0.4352729942478496,0.35340402108615004,1.2660002672838444,1.0717911280787393,0.7708323893715198
mean_gt,7e305e,desktop,0.41193147969912425,0.27448775706689366,1.5975627672814667,1.4643695548376996,0.8105336199907349
mean_gt,20beb4,desktop,0.5029841979713224,0.4227945522926747,0.9890662704465568,1.204269254753968,0.8082163491350944
mean_gt,c9898c,web,0.41772218927688354,0.3277896285911742,1.3441680795876556,1.2398593479731521,0.8171993127033376
mean_gt,9fb0eb,desktop,0.51552190967697,0.4478761745810121,0.9213744600171152,1.1439814869174811,0.7941299930435102
mean_gt,5aa40c,desktop,0.4671936894188229,0.34625508580831893,1.3387608229323404,1.1720516720863208,0.7786331617508544
mean_gt,f06889,desktop,0.4773070803070847,0.36197458872489,1.2532828637239617,1.366335342549482,0.8153097970976921
mean_gt,179165,desktop,0.46050037318687503,0.40278119603054463,1.0888935446377606,1.2568945104484326,0.8145200980684575
mean_gt,030bb3,desktop,0.3872130192813227,0.28734598139688283,1.4554822895974637,1.323865256856215,0.8347228175027268
mean_gt,890d33,desktop,0.22699364328054278,0.3025051702485428,1.5739083525961686,0.3612646740343441,0.6696250906022787
mean_gt,d667b6,desktop,0.49769832873345665,0.36495607564025684,1.198430526318181,1.3298158101290634,0.7934913241262921
mean_gt,56ea71,mobile,0.6383205233461982,0.4905516528872847,0.8116609091212169,1.4161397476113644,0.821314262341696
mean_gt,becb10,mobile,0.612369881794804,0.4945491878694605,0.8252303552937031,1.8225192082961288,0.8948786223538864
mean_gt,2c29d4,mobile,0.7730814661319367,0.6331001852563873,0.43178119961711625,1.3642830645398094,0.8264814715897394
mean_gt,ad1260,mobile,0.4326027606604138,0.40261898612519453,1.1143510278276394,1.1936741449295676,0.8119413466671611
mean_gt,bfd9c4,mobile,0.55152358357101,0.45001201865454044,0.9081689135068536,1.3059591043319452,0.8060892495156498
mean_gt,3a0d2b,mobile,0.6679425277435916,0.596072526138606,0.541176050594891,1.2447433805404373,0.7952801172565462
mean_gt,23981a,poster,0.4125332913581557,0.41151416294206594,1.1497374896531753,0.9823447449570804,0.7562169758380032
mean_gt,509783,mobile,0.6189463702938253,0.5197283013168544,0.770026846822143,1.3554706020961893,0.805989763939732
mean_gt,72aff7,mobile,0.5436702105195027,0.4332487492533032,1.0464044713754161,1.3490021004824602,0.8005366470980039
mean_gt,381869,mobile,0.6035027162797624,0.5116565044460873,0.7326236974299795,1.5398808589231374,0.8672308375156157
mean_gt,468f66,poster,0.39041126417144156,0.4332488054793757,1.0848646424926103,0.9568195147092737,0.7560911996152211
mean_gt,7afd03,mobile,0.7017158628598539,0.5679985141968781,0.6442155743789957,1.5621331190921524,0.8261328213359048
mean_gt,0bce2b,poster,0.6148137020633233,0.48487398263211373,0.8419836381524193,1.262339976151266,0.7992411862435257
mean_gt,0186f0,poster,0.3805608851493524,0.4246355707476934,1.152867504425858,0.7899009117209911,0.7140440137112862
mean_gt,7f0091,poster,0.6364022065326627,0.580607182506285,0.6093735855239247,1.387873938915879,0.8459918139776373
mean_gt,a0c0ff,poster,0.6142775588678959,0.448328587607679,0.9165760315389544,1.7134306040940503,0.8826218287925869
mean_gt,82e138,poster,0.4888474761696219,0.36829755984866336,1.2622270362628232,1.3464092207473217,0.7973199363322518
mean_gt,caf6d3,poster,0.6953994461491101,0.5229620487165683,0.7215999722821731,1.4615094567494167,0.8354919652219456
mean_gt,82dad4,web,0.4095302426446615,0.35880155890973275,1.2117354508877216,1.1722022948192512,0.8105416896188331
mean_gt,fe193f,poster,0.24230861622740751,0.39372916503519717,1.4150248940570669,0.6086449174618833,0.7059531304275684
mean_gt,362dcc,web,0.31706777897109095,0.325459704886718,1.4589240742670928,1.0300812791538234,0.7666319713650402
mean_gt,822454,web,0.43558582267831947,0.38036779246508,1.1370012338171491,1.0460416874459544,0.8007914954766987
mean_gt,d6ac76,poster,0.1849264724386179,0.3653700034395445,1.4263007887882702,0.45829648523454974,0.6869224371410128
mean_gt,e017a7,web,0.49843935250306187,0.4220817539684274,1.084331728651657,1.1369229994290553,0.7549901041670554
mean_gt,96db53,web,0.46184066591003026,0.3808798566171393,1.2299940468226709,1.374150714839014,0.8160806694643878
mean_gt,acfa9a,web,0.48962529115948505,0.39557148257146824,1.214074257106072,1.2471434627422362,0.788315437453722
mean_gt,e6c62e,web,0.46897485797811295,0.3859156962777957,1.1523199284205263,1.146714382354058,0.7865110002081441
mean_gt,4de4af,web,0.5320842037240887,0.40324612495228596,1.110930768958773,1.5530352218318184,0.8438021944059151
mean_gt,8e3198,desktop,0.250949523777258,0.2639865863272002,1.7017099012729664,0.754882564738206,0.7488511824714309
mean_gt,ba46a0,web,0.5053142584718855,0.38459636480465204,1.1637535792155291,1.6369996459061007,0.8716558855105787
mean_gt,c90ca1,desktop,0.16342551563188445,0.1818843842027756,2.239099481130265,0.7630851130807148,0.7570672200560227
mean_gt,be0882,desktop,0.5068585806641256,0.305915941945918,1.3725587827488452,1.6970627447135627,0.8920945475063047
mean_gt,9780b8,desktop,0.4481678225025377,0.34711652473283006,1.3388312492283418,1.3651200305620772,0.8201657151764825
mean_gt,6dc873,desktop,0.3718332745675059,0.3264915985079473,1.5872986827561038,0.8856040364095605,0.6913161391128945
mean_gt,ef9433,desktop,0.3597243714594264,0.3196814833258622,1.5043498344055424,0.9700860467881066,0.7511801314556685
mean_gt,8a1565,desktop,0.3740619558031917,0.30662503076880415,1.5177808412896612,1.1351697520432569,0.7774285339197362
mean_gt,bb1ef8,desktop,0.41435443023900775,0.29528996207838915,1.4791856896601097,1.2731952407667875,0.8006878882369053
mean_gt,2c6579,desktop,0.15272766001405164,0.1906659339173265,2.233430457331928,0.5760450428891254,0.7010091785939994
mean_gt,74db3f,mobile,0.45277048732063213,0.42782086972582994,1.0538261830803308,0.9749964200044964,0.7507164358934244
mean_gt,dd173b,mobile,0.6103297554290086,0.48628729102767726,0.8050970166227793,1.6331804361840434,0.8801706873167912
mean_gt,92159f,mobile,0.5681156311606923,0.3874203922723337,1.0709743573807797,1.9161640098554937,0.9139002359750561
mean_gt,94d9ed,mobile,0.1724034359642461,0.34492527029243764,1.4856953186375694,0.3656376563309049,0.6537453614050411
mean_gt,7b3c72,mobile,0.37791524570341084,0.4235623241525654,1.2470489733069352,0.9886570797968193,0.7643913390717288
mean_gt,e348b5,mobile,0.40777956411192107,0.4408482391936046,1.0347344152825675,0.8344025711838218,0.7474102363705419
mean_gt,18f09a,poster,0.46673756233771424,0.4696670547751991,0.9539462259737532,0.8732427859532286,0.7180882892775573
mean_gt,22651b,mobile,0.5722248104250678,0.47217044637966343,0.852545287489303,1.4493854850167152,0.8556957538375329
mean_gt,aff6c9,mobile,0.442354433564282,0.359637334798777,1.263275467162058,1.6087319679071208,0.8776009225939504
mean_gt,1f1736,mobile,0.3022160951081585,0.34751426200350327,1.3819137243700585,1.0187540813586382,0.7785072087491807
mean_gt,287cec,poster,0.3578273105454082,0.29169449225401345,1.7031001600815576,1.1972923796735009,0.7926713661552363
mean_gt,150e9a,poster,0.3916723760072827,0.36817050710701094,1.2501205962690518,1.2537473188566728,0.8272654677441097
mean_gt,7dec89,poster,0.6906610142448881,0.6035881114882874,0.5768187824835691,1.3746065383416572,0.8106100905402314
mean_gt,74cb9f,poster,0.40637840756126353,0.43078003832167955,0.9707521698758282,0.7386869429839222,0.7313811524507935
mean_gt,2d86fb,web,0.19749641561704462,0.21681382805711535,1.9131773986803022,0.6514403583643918,0.7276756514039623
mean_gt,e64d79,poster,0.5057423632012373,0.40303492616744097,1.1800621323840919,1.416289317030075,0.8136325133638982
mean_gt,6dacc6,poster,0.27904442472261926,0.2228483624400448,1.9403201157831549,1.1682946513249337,0.7857569465703197
mean_gt,e60745,web,0.4145486493045023,0.3119660185221562,1.4283650244507724,1.447043730445916,0.8498707739180831
mean_gt,aef7af,web,0.2104214801433294,0.20761549819132524,2.2141393450181424,0.8875898031500322,0.7462203651899119
mean_gt,ed1239,web,0.19609019864543892,0.1955494216585442,2.1986306031113463,0.7673036476063742,0.7168264942707355
mean_gt,79dba2,poster,0.26708734041358134,0.30349957984799925,1.5455292213409864,0.6893944474824577,0.7489165259631059
mean_gt,091b5e,web,0.20632347995271053,0.24377010438088287,1.8559681631874034,0.8171136765660044,0.7708780397156961
mean_gt,9dd545,poster,0.5293436516221095,0.43802749919658146,0.9426838800551425,1.2204581653440125,0.7977413059541827
mean_gt,61707e,web,0.1269902800088167,0.27708291346888403,1.8687526777988475,0.43597833855563545,0.6474773631348808
mean_gt,ffb688,web,0.38329475778705147,0.30544961438518625,1.5559602940051782,1.1973286780157861,0.7954186457202478
mean_gt,d613ea,web,0.20644402834550735,0.23238032050062057,1.979114404927403,0.6750140196593791,0.7182587420698614
mean_gt,575851,poster,0.5424293523192467,0.4963457321235568,0.8497258102130911,1.070443502492208,0.7508325425813868
mean_gt,9ea1e5,desktop,0.39327099296251705,0.30815053367020434,1.512937725322233,1.369443131139985,0.8362310548100085
mean_gt,d4430e,desktop,0.3262798808302913,0.23717641890468713,2.0624039950565036,1.1562060604055375,0.7186839452299926
mean_gt,5d4c5e,desktop,0.3449552881599034,0.32893762762308093,1.5084566973681883,0.9641473602885071,0.7694870664469138
mean_gt,5fb771,web,0.19535211927971696,0.2042776368904396,2.0770577087946522,0.6684410054751477,0.7052138153475345
mean_gt,312489,desktop,0.4105104228231645,0.3421695937472248,1.3756057207746886,1.1920462216299255,0.7988045021506315
mean_gt,742a95,desktop,0.302411269875718,0.2583835424390892,1.7999554792353942,1.1443453963389894,0.7822361003986513
mean_gt,37ad54,desktop,0.2765078324259499,0.2294013055411807,1.8925919923750527,1.1240917125474275,0.7856585591579963
mean_gt,2f8185,desktop,0.26893385828017424,0.2620639441031679,1.7068547221693475,0.9469168907939929,0.7868198023112118
mean_gt,82361c,desktop,0.26476553460560703,0.25273526995232165,1.8124786311564949,0.9930315923885484,0.7728528339355143
mean_gt,6cb077,desktop,0.3577046461540342,0.2586151715111231,1.794750522011474,1.3507049369450608,0.8011818153108485
mean_gt,857721,mobile,0.5417696505133115,0.37456812807249507,1.137916027255554,1.525858446407868,0.8631739454068859
mean_gt,d355a9,mobile,0.5618193744770925,0.4820382984209097,0.7975152843715685,1.312896703371808,0.8374409437672411
mean_gt,0ce287,mobile,0.47749612232626815,0.3612674628705234,1.2433199141155276,1.1933700357944501,0.7980223054633847
mean_gt,5cadcf,mobile,0.4676969719257077,0.4312350767635657,1.0352023288908874,1.2366082332357062,0.8281448533118292
mean_gt,fc7118,mobile,0.5286237884761522,0.4599098853677677,0.9604554930405778,1.4513224836710374,0.8394459448369381
mean_gt,4288cb,mobile,0.5459454649997657,0.43533353299833677,1.0438502024662344,1.0177004909773333,0.7423235003579686
mean_gt,dc351a,mobile,0.36018843420214836,0.3786130222709064,1.371879993239084,0.6822749002510745,0.6800046178140929
mean_gt,51582e,poster,0.3075092790164331,0.3105588336122737,1.5250333370009517,0.9743395176684727,0.7695697532115233
mean_gt,1b307f,mobile,0.3627858960563378,0.4198876696783769,1.2456058668268712,0.8829504794176369,0.7390950793128497
mean_gt,f7d1cb,poster,0.3402406982644949,0.2578046376406833,1.6639107151720887,1.4278256975760952,0.8576828407603133
mean_gt,87b278,poster,0.5732065378239116,0.462719356634108,0.8673066955364139,1.3777144896800229,0.8449552532296261
mean_gt,d2d386,poster,0.3531533684239664,0.2781478973030203,1.6881344574876302,1.2964861211135752,0.8175279920122028
mean_gt,38d067,poster,0.18177510671557812,0.22729185252834483,1.9331683086104272,0.6948964150647274,0.7073771211448361
mean_gt,83c9ba,poster,0.5396249127283013,0.4582131194535931,0.9549792676520918,1.1952787489308072,0.7956497281156467
mean_gt,35aa58,poster,0.573921455460681,0.40719920990191993,1.0462637052420438,1.8042359006236948,0.8948070339649918
mean_gt,8f7ad5,web,0.4933951248396965,0.3935343635976554,1.0760785822104904,1.498648978384191,0.8658558238188578
mean_gt,eadf4b,mobile,0.42930378458349067,0.48698977739711435,0.8266085059804109,1.0770825880774288,0.7975804683554654
mean_gt,5845fb,poster,0.44242042590110914,0.44977109842530044,1.1328010832767768,1.0564967620105337,0.7768264344154291
mean_gt,f9fed0,poster,0.5301420362044331,0.4141286722813956,1.0481312474652882,1.5029268896779857,0.8614884453057745
mean_gt,458458,web,0.5417670883455965,0.3720505781322994,1.1442346629145603,1.7861053312777497,0.8908545079724365
mean_gt,5a5935,web,0.3863194808684095,0.2943650948121649,1.5970334942019617,1.3817412480120688,0.8236050957922069
mean_gt,5fe2ce,web,0.2857583831737982,0.34875830900840765,1.419441216814695,0.7580896796751746,0.746063831853469
mean_gt,4cd863,web,0.38642454488591027,0.3563347632209479,1.3091258086916933,1.1330013482399381,0.79087052540129
mean_gt,14f8a2,web,0.2555204439128971,0.27748621105903093,1.7636456396722409,0.7249035176998695,0.7109792266833367
mean_gt,c74797,desktop,0.4262524623647913,0.3755523539858732,1.2630242677027883,1.2432967658212208,0.7940588341439497
mean_gt,84dc61,desktop,0.31557348733721136,0.31225869459906935,1.5317950392444697,1.0912249294556111,0.7902976441191438
mean_gt,ab09c3,desktop,0.4878907410572659,0.3440830997818019,1.260775506594186,1.584688026610532,0.8682261715497525
mean_gt,9faf29,desktop,0.46843839617595173,0.4234991087471164,1.166790504364587,1.0822229717879737,0.7603490149980426
mean_gt,e74016,web,0.4369060706269408,0.36139779018814,1.2281758416495385,1.1708208420012056,0.7966633981910902
mean_gt,c98506,web,0.48063823715624043,0.3247451181840569,1.3290363308225366,1.6915494552748174,0.8886085364469112
mean_gt,8c2c62,desktop,0.3283658118071085,0.33516481293351086,1.4307753908622787,0.7891211278923987,0.7028216785688977
mean_gt,1d0e96,desktop,0.4996690511104814,0.371678382225829,1.1251236936134477,1.3686604584661977,0.832846441122767
mean_gt,9378c2,desktop,0.29900670892101067,0.38267592937895767,1.2568175313943906,0.6721764757400299,0.7217291161443856
mean_gt,22dd48,desktop,0.2591557151580577,0.3152000931424517,1.5178416491430502,0.7691003655517471,0.7523326522610364
mean_gt,a7789f,web,0.3732556514717397,0.27002932499480964,1.632696400875119,1.2635137149762277,0.8294642788172821
mean_gt,25c458,mobile,0.7170942766274826,0.5724222857413903,0.5608998890693797,1.474608637132702,0.8519522650032604
mean_gt,91b127,mobile,0.6973982553757245,0.5367914153905942,0.65280027374914,1.4773624377909114,0.8486435889921661
mean_gt,4d17b7,mobile,0.7482363326022117,0.5934813151730847,0.5342531569597695,1.618992326482739,0.8592968785124218
mean_gt,8c6298,mobile,0.4938086978937376,0.3838228860621514,1.070790238603064,1.4415631814592549,0.8433394628556825
mean_gt,a80be1,mobile,0.45080702864237665,0.5069005438127279,0.8748873158545816,0.8326885183708955,0.7493052004379098
mean_gt,09942c,mobile,0.5225280284049879,0.42619218172364104,0.9548292254344775,1.4858029190753352,0.8516957894248726
mean_gt,18f66d,mobile,0.16849609616061348,0.33094277705830977,1.401336351812924,0.5138623945720353,0.7025307956449209
mean_gt,c75d3f,mobile,0.669843246643345,0.5268910163729943,0.6996058663535952,1.6414749283741301,0.8719090533813023
mean_gt,417f2b,mobile,0.581374226519739,0.5421792847025113,0.6586744134225124,1.113864435277304,0.8049150437779925
mean_gt,69b497,poster,0.6956317939060765,0.5533913957326037,0.6531698210050995,1.3554329210803604,0.8141414565452388
mean_gt,71bf79,poster,0.12461649720739348,0.21205085593514378,2.203875113681486,0.4386137665375805,0.6649289189867322
mean_gt,c65666,poster,0.18886327580733217,0.3902814624375057,1.5323431232813354,0.385654927327748,0.6609890273733026
mean_gt,5ae7ba,poster,0.3724566963244026,0.3383248868982671,1.3750111265262905,1.072571668862034,0.793700448127707
mean_gt,027990,poster,0.45224916776175167,0.469732942705771,0.9580108328356252,1.1774865992736219,0.7826509035633011
mean_gt,b346f3,poster,0.48894625030065836,0.4543196096725743,1.0258071361010899,1.028378818793654,0.7593077204829662
mean_gt,4014f1,web,0.5577811001880026,0.45062427563446633,0.9427185389566777,1.4517042713488888,0.8418674368085487
mean_gt,d9508a,web,0.37347794619419783,0.34439998995351384,1.3113054409942482,1.123002348398541,0.8023412204758686
mean_gt,54d9cf,poster,0.37387014376267313,0.3729692620204089,1.3362346618718997,1.0006831276783474,0.7631360910881093
mean_gt,11482d,desktop,0.37333043036332386,0.3465729014986162,1.346560600626469,1.1067506753898047,0.7915895629117852
mean_gt,e13179,poster,0.5221540339268669,0.4992123655399243,0.9879497435184404,1.0226325870008013,0.7367817800384605
mean_gt,c3ce89,web,0.391576602494099,0.4088847949210657,1.2040693950501569,1.2392926426443815,0.8222542953211447
mean_gt,b0a63b,web,0.35261469611209195,0.35510431647709595,1.4345009648185727,0.9079014812908307,0.7375109760502842
mean_gt,7c76a1,web,0.5258907325905293,0.46779242769402435,0.8526533275449997,1.317071776392676,0.8319501686087083
mean_gt,c86562,poster,0.4968972311923433,0.4561584098034118,0.9264748584635429,1.165093084736223,0.8023153067856982
mean_gt,94d7be,web,0.45343223039114017,0.4138107466705052,1.1973265632796666,1.0348743665483369,0.7607338135137446
mean_gt,142b9c,web,0.27299058191845504,0.3836089021873789,1.4155071590621553,0.769446158429033,0.7514675194500271
mean_gt,d85242,desktop,0.32403826139262076,0.3100358960867319,1.4453127576415619,0.9069345596392385,0.7633300617099762
mean_gt,cb0bf5,web,0.4141082098711619,0.38011036703437645,1.1888141272844897,1.019369534790761,0.7878714001725219
mean_gt,de1ea9,web,0.5563521276357708,0.4636221396976041,0.8689994108964695,1.3961132337740687,0.8466333096834239
mean_gt,c00ba0,desktop,0.3117509985780877,0.28042995826079836,1.914243670802612,0.9733703589636659,0.7128941473666173
mean_gt,08d1eb,desktop,0.34027145646080825,0.3538629893060676,1.3915866056283024,1.019965688678041,0.7662161854485676
mean_gt,8efd51,desktop,0.21063409537482058,0.2229928646642293,1.9685591603838564,0.8140826483016838,0.772264192595197
mean_gt,1ed970,desktop,0.2708047655490233,0.30205153553353103,1.5846208078045652,0.6529084617890493,0.7103033114720164
mean_gt,325da3,desktop,0.28812874721687765,0.2964817789491991,1.6239148043468135,1.0156474668198596,0.7755189179146682
mean_gt,7760b5,desktop,0.2112852815137211,0.2698682584295284,1.6747407417143192,0.6433030538129637,0.7533521412852235
mean_gt,e332da,mobile,0.5525396011412416,0.42938494985031994,0.9484436116579809,1.539461427538326,0.8664938894693042
mean_gt,c2a57a,desktop,0.5120608539319995,0.3934221441043753,1.0955676909049124,1.4403707218220307,0.8424708274322549
mean_gt,15fd54,mobile,0.36228128000507126,0.38124217590132176,1.3267104412236537,0.8130912395133129,0.72212492278724
mean_gt,de271c,mobile,0.3137108483613389,0.28023474553761907,1.9264076302459765,0.7530429390219927,0.6452757324450502
mean_gt,e43ab5,mobile,0.4533839365617577,0.39248675151612933,1.10080046961181,1.3777234663148337,0.8328654424354658
mean_gt,00ee0c,poster,0.39342180822559614,0.40518369468240384,1.1969126027317214,,
mean_gt,b3c403,mobile,0.36328414744024884,0.37630476101697796,1.3233740927412536,0.7792985965915158,0.6775363447424722
mean_gt,91c8f3,mobile,0.5150375626818013,0.3935617019625123,1.189483134646281,1.4309096957552727,0.8090238496967062
mean_gt,83440d,poster,0.4908013694162496,0.35414157303480187,1.271679265227889,1.2484739796281221,0.7946628779936632
mean_gt,22eaed,poster,0.20756953302380815,0.272195231141383,1.8309038916777047,0.7085790743889887,0.7246815655812296
mean_gt,cfa724,poster,0.524366252592097,0.4955734809462315,0.918657982006583,1.0224267477133167,0.7534349954317002
mean_gt,013aca,poster,0.2983567669075773,0.2713702348781635,1.7526157343266453,0.8270148349567268,0.724295551771907
mean_gt,7c4cae,mobile,0.41603151626075535,0.43641367725587565,1.060456237286742,1.1470316661962285,0.796105202796531
mean_gt,317639,mobile,0.3399108755853856,0.4372835575958907,1.124501546976056,0.7846888924659248,0.7444015107961572
mean_gt,230d6a,poster,0.5035659174696262,0.38779926826319944,1.1429497047784263,1.2951395405767954,0.7982235922537234
mean_gt,b68951,web,0.1467439484981514,0.2860130146726504,2.3705039824737244,0.5685858182178262,0.6161883148529738
mean_gt,5b9261,mobile,0.34012369279566035,0.2985322894104019,1.493973657799473,1.1574826202833086,0.8030856247530209
mean_gt,55d16d,web,0.38154775337766567,0.342074918411063,1.3835512691908396,1.2914784102994938,0.8319241882418035
mean_gt,a7f467,poster,0.6040382236843949,0.515433201291914,0.7247308627790153,1.327204166040924,0.8321687934444099
mean_gt,1408dc,web,0.5401960378796833,0.409361896900723,1.0698087853723872,1.7542659804282867,0.8987767381645526
mean_gt,aed588,web,0.29799915546263533,0.2383786225301734,1.821519477929132,1.126517929065578,0.792622731042729
mean_gt,343781,poster,0.40998245426668495,0.3614335977858849,1.2544320149174952,0.9795908131119176,0.7739226860223745
mean_gt,cc25e1,web,0.29594649154895647,0.3128689552800813,1.6577893988365482,0.8941841742402882,0.7537229592277503
mean_gt,bdeb92,web,0.3613225224808092,0.31242280873116346,1.4391896877201849,1.1964319348765682,0.826985476021795
mean_gt,3a1d22,web,0.2516191128347416,0.2010704931693045,2.074053162218291,0.9814843794529674,0.750607631699352
mean_gt,e2f692,web,0.3686228274818605,0.34924714705753934,1.4586457673243114,1.277749886751629,0.8111198219945297
mean_gt,83b5c8,desktop,0.46360666956400515,0.36877326448449077,1.1998431571983756,1.352540698252406,0.8221245642312796
mean_gt,e471e8,web,0.4648049181546392,0.4078698783404681,1.1482343366578156,1.2285404819794459,0.7946333235860961
mean_gt,832f18,desktop,0.2106688569033019,0.2272840402638997,1.8755435407308632,0.6387035364441779,0.7285285875420262
mean_gt,3304d5,desktop,0.26747037143833485,0.3162120123316927,1.528595627337998,0.6807907987734755,0.7082289271790225
mean_gt,38ad0c,desktop,0.1743228328939491,0.19476919136267695,2.1360072511307457,0.4750694657862049,0.6423607143555582
mean_gt,93527f,desktop,0.23832605691290287,0.2715400872242471,1.7174415345264062,0.8485730447298623,0.7664192473720753
mean_gt,0136d8,desktop,0.3333710942705782,0.30125777629523254,1.6331560785237138,0.8705474610806596,0.7212784921677311
mean_gt,2a4b2d,desktop,0.5476230469387574,0.3920664870941585,1.071408282573263,1.5250280172131188,0.8441341952563561
mean_gt,698985,desktop,0.523905614948491,0.4223990585098153,1.0502504604853238,1.403860194220609,0.8344199941905398
mean_gt,286b3f,desktop,0.12057388785879877,0.2022691772836809,2.058674314909581,0.4603364763264734,0.7121206606652496
mean_gt,dd0f11,mobile,0.30800661712254374,0.3954938396520954,1.375502813625148,0.7937931655734934,0.7023028095851995
mean_gt,3bdf30,mobile,0.3123818874925314,0.38975407378321414,1.1391867290676607,0.7421084602269811,0.7665532101613586
mean_gt,763161,mobile,0.45944848348335526,0.42989990262416017,1.0495030393668268,1.1497911276539579,0.782311904010489
mean_gt,2ab326,mobile,0.45692809431334197,0.49488639498855824,0.8413364819246193,0.6501234820835254,0.7007386536789857
mean_gt,fb692e,mobile,0.404249423183142,0.5042500463843546,1.1919242695554153,0.8342608678905834,0.698979972841686
mean_gt,aac709,mobile,0.5087531179270213,0.4714864629495052,0.9483910222599718,1.1744328435569842,0.8040765239338308
mean_gt,6fd016,poster,0.38707306421219445,0.41747711697447243,1.0281443730993582,0.9079114035065501,0.777506218673239
mean_gt,d95bad,poster,0.33387929099389896,0.3111601363857811,1.5756039871194742,1.0090016168856846,0.7593731752102105
mean_gt,489252,mobile,0.728464697189196,0.5858755037276113,0.5509274921119436,1.3806073019358471,0.8347589107421528
mean_gt,1de187,poster,0.41000611961381095,0.3920325320914173,1.2317701239230474,1.2304876505734195,0.8045720854771441
mean_gt,5bf483,poster,0.3559543596761051,0.28528156356935824,1.5370588809724395,1.2522095688779742,0.8160826389254612
mean_gt,5bdff0,mobile,0.32600176100267225,0.36890458463233955,1.3762774166100489,0.7865098204203959,0.7485468366512736
mean_gt,356da5,mobile,0.4128607760877744,0.4608413815069038,0.8886191448656249,0.7551957560436879,0.7364302660920662
mean_gt,324a81,poster,0.28488435979656335,0.25447313065910254,1.8801295288277668,0.8158863170532582,0.7145690478777385
mean_gt,e85138,poster,0.21268396071291057,0.3262019815683215,1.719400133580992,0.7055974815808564,0.7084498965092971
mean_gt,493d3c,poster,0.38408102105973374,0.3256533852604319,1.4172194410234238,1.1985961038324522,0.8004185023716652
mean_gt,c6c2cd,web,0.3684435490867003,0.2865433196677191,1.5541347269972032,1.359480822685073,0.8235569577545938
mean_gt,b908c7,web,0.5471867821425616,0.3728785457458673,1.1373607393218768,1.653715017504821,0.8689090544543728
mean_gt,e73aab,poster,0.455037313920969,0.3004063401955081,1.426481280896747,1.7210421412009258,0.8844679782305477
mean_gt,25265d,web,0.46027430050197304,0.3706801987685387,1.342898772762036,1.384102853401661,0.8059272931427114
mean_gt,d4dac4,web,0.48468435567724844,0.36789607486447823,1.1677838822258044,1.1451076791565298,0.7773469170989022
mean_gt,28867f,web,0.5351982019369034,0.37783117236064034,1.1727534401147415,1.6487982321707135,0.8561044953833303
mean_gt,0cee4a,poster,0.4625511220611722,0.3823064791880677,1.2449368405429646,1.231237713115683,0.7804951204656323
mean_gt,215977,web,0.3735856792129181,0.29758774891505185,1.5769468041983044,1.1405748401678346,0.7541988086732575
mean_gt,761c36,web,0.4114596564884902,0.3874431732367294,1.339602102436982,1.0191143934132696,0.7656934176386242
mean_gt,685482,desktop,0.5714008902951557,0.43808850876427247,0.9761511490960671,1.5813242534686074,0.8629232916096827
mean_gt,1fac04,poster,0.35861145223418445,0.3230978085899915,1.484393916451077,1.1613972226102844,0.7975207286603065
mean_gt,1f192b,web,0.1530691386538089,0.24347433427799814,2.0104630118292643,0.2926251831373276,0.6067422742166813
mean_gt,538c08,web,0.2994786191667667,0.25168151966927454,1.851919479716995,1.0523841058799992,0.7631312240619037
mean_gt,9952f0,poster,0.3101255355201788,0.2779143083474734,1.635799650723774,0.9394821910676051,0.7597024336183069
mean_gt,d0bb76,desktop,0.3210030463335147,0.41536018895758897,1.218453280659447,0.6941981572501285,0.7018227880551036
mean_gt,8daca7,desktop,0.4818284816771872,0.45344959227043136,0.9577970527681612,1.0164171909957453,0.7630178261809997
mean_gt,51f8bb,desktop,0.22978807326819478,0.34559088050537246,1.5149578817980693,0.6369460817848018,0.7118184272676832
mean_gt,4f2d13,desktop,0.5153011989164886,0.39791431731567506,1.0800219892475822,1.2992422183892351,0.801281081543049
mean_gt,b9bf42,desktop,0.40132545209591003,0.31821530929496755,1.394883012496438,1.2867173078632737,0.8232165957103584
mean_gt,d1e7bf,desktop,0.3808750991561709,0.4304746287219575,1.082475656021045,0.7949048085482412,0.7269806432161028
mean_gt,02f37c,mobile,0.48684519086002687,0.42895891859835394,1.0599213946311896,1.095108478988968,0.7504284009621467
mean_gt,3766a5,desktop,0.5261096337499233,0.45682370729262006,0.894221138481247,1.1564004465094209,0.7985257701741149
mean_gt,286cb0,desktop,0.34271459840750074,0.375621222301302,1.2298161934921028,0.7615223031644174,0.7440906287010801
mean_gt,862bf5,mobile,0.6876203052486581,0.5508579227028415,0.635256264141362,1.4108688368167037,0.8190442424929727
mean_gt,4b3eb7,mobile,0.5421544078656108,0.5219300464816079,0.7457570065420389,1.2518859748536673,0.8252895619120937
mean_gt,4e3225,mobile,0.5484487844585303,0.5070516930634592,0.8315325250926104,1.4286551794794609,0.8528481194446764
mean_gt,ee0caf,mobile,0.46205467810099776,0.4620459199234054,0.9373276858103905,0.9568575198492085,0.7329911625223847
mean_gt,fe5ed4,mobile,0.542207874102218,0.5269658973208032,0.7677544972727981,1.1446823048098034,0.7983468377868704
mean_gt,5ee443,poster,0.6057681880823398,0.5706370788201136,0.623632448237628,1.0807799472898783,0.767067088958987
mean_gt,9fce53,poster,0.5027054390649961,0.4954017955972262,0.8459444872833258,0.8693025912040976,0.742882695299132
mean_gt,dc705a,mobile,0.59146727299521,0.46808128256308495,0.8775796208244965,1.6969784011058717,0.8863711206314941
mean_gt,d738b4,poster,0.49087712584905574,0.47797249512110096,0.8988895255946432,1.1083100407680302,0.7829761694840695
mean_gt,d328b1,poster,0.3635917943135627,0.4913463601719481,0.9586394448901316,0.5872267163700055,0.6759848875222287
mean_gt,fac314,poster,0.29125525269809605,0.36430254426543734,1.4531515999412143,0.8390059999425026,0.7411866780919232
mean_gt,ba6d0c,poster,0.4786610225206084,0.5543143221500828,0.7902489618866204,0.9183914061921397,0.7474923039575545
mean_gt,1193c7,mobile,0.523577255167578,0.49326915815486594,0.8394210432048181,1.4555786776942408,0.8477339333865251
mean_gt,80126c,web,0.54084490336783,0.40052060794505334,1.043734509444346,1.4798893125096542,0.8481572950359865
mean_gt,2ab8bb,mobile,0.7615644027825537,0.5742788533459718,0.5976487580042452,1.5734077256885195,0.8265577001061206
mean_gt,5d7115,web,0.5082571822284563,0.3832728521268624,1.1578267837353349,1.3245338614617455,0.8002317922461406
mean_gt,a52e34,web,0.3846868038646386,0.31437200002815885,1.4732615451738433,1.0193416899784318,0.7615641812542784
mean_gt,fc8a69,web,0.4589274268970882,0.421795334291226,1.1722012280068694,1.119875771254232,0.761004513016833
mean_gt,170ea3,poster,0.5084993650940963,0.5475811192648937,0.6762549609981917,0.8938651796838228,0.7514083069506208
mean_gt,fe0708,web,0.3575523497506724,0.34504299033048985,1.3279338662943356,1.0102371950293765,0.781388305853337
mean_gt,59cb6e,web,0.49513168801931595,0.440706491853045,0.985876246289745,1.169513333860253,0.7951666149738362
mean_gt,6193f8,web,0.432521940604406,0.43179881847392476,1.0541160315857176,1.0980592148848543,0.797118514838243
mean_gt,30bf75,desktop,0.369373287322979,0.308967109723677,1.4456088786622128,1.0987509169243679,0.7995664430097282
mean_gt,0b2a15,web,0.36161455193712133,0.4078870591929827,1.2994161784150438,0.7742940169599055,0.713528261798419
mean_gt,0e1c44,desktop,0.3608096461590615,0.29929637469869996,1.6568544108999237,1.2345780300108677,0.7955063017066667
mean_gt,82dca6,desktop,0.4840526238535843,0.3887075568359644,1.1217449513956206,1.4569007502018296,0.8589226085842626
mean_gt,a1379e,desktop,0.3130503065594339,0.27148223591289233,1.620993964978874,0.891837354414305,0.7627475726082296
mean_gt,781596,poster,0.5793945684107327,0.5138141978428357,0.7683931228938992,1.1509012437045731,0.7803977799978818
mean_gt,c46c50,desktop,0.5047231916339938,0.3811177219155015,1.1139897964287944,1.3094723532985295,0.8091311639614979
mean_gt,f0acf8,web,0.4282518940206105,0.3567234683327084,1.2814203623591236,1.254295312509107,0.8177750169237282
mean_gt,c58003,desktop,0.45205849019599836,0.3578229904928542,1.22436183479134,1.2319170971076088,0.8235565337351126
mean_gt,163ce0,desktop,0.28919438706143274,0.2697007477744341,1.7657093701831006,1.1498727026397486,0.7986571220037735
mean_gt,8ef737,desktop,0.3694715597914049,0.19866897272607043,1.9206358672852806,1.8810118139754952,0.9061834329086785
mean_gt,fd0093,desktop,0.39234905177050594,0.28842395913943936,1.5978046364792864,0.9461550942634838,0.7024523897730137
mean_gt,0a588b,mobile,0.5952509562201894,0.540974169102869,0.6962000184525169,1.0169326478678893,0.753724005264912
mean_gt,2d170d,mobile,0.36651888397029275,0.40560815535007977,1.1053148677037132,0.7943567137235473,0.7375616064698146
mean_gt,472a87,mobile,0.5472041560086344,0.40212442485879196,1.0394221333675953,1.5246303536861376,0.844106601967536
mean_gt,44efc4,mobile,0.42878499818697313,0.333829873522903,1.5902181855322013,1.2695052168129126,0.7534031479412995
mean_gt,8f38c9,mobile,0.652616810335064,0.4791328470905918,0.7993476874212875,1.613675822455405,0.866198488859728
mean_gt,fd7302,poster,0.3744523409169729,0.31748033807280507,1.3953668646288362,1.0882716105679853,0.7944365529362107
mean_gt,755429,mobile,0.42619363497251034,0.3670984049483595,1.2135464019735924,1.5126999966570351,0.857181596450181
mean_gt,c6e9bb,mobile,0.4535332543357138,0.41572679281037284,1.0450608420446046,1.1861395799472376,0.8137745188144545
mean_gt,f8ecb9,mobile,0.3756336456925438,0.3773591695156499,1.305973980488963,1.104780471179009,0.7723109071742976
mean_gt,576a9f,poster,0.517411533941326,0.36874582855017674,1.18108878333854,1.5293953959698228,0.8537471759196138
mean_gt,ec53c3,poster,0.10821199733167305,0.2715610737127683,2.079575678164713,0.250567386289198,0.6172624850291062
mean_gt,cfade5,poster,0.4508061748945633,0.47079136601052496,0.930421391020267,0.9827112511245142,0.7742099041898233
mean_gt,fff715,poster,0.37324910011289625,0.35358310014851846,1.304864090927819,1.1247917221507693,0.7802745656708086
mean_gt,4f357d,poster,0.237736910239713,0.277940669766975,1.6942685204872818,0.6648428961301375,0.733199165583831
mean_gt,a0d2e5,poster,0.6301154749477328,0.4715870277209212,0.8971291923726052,1.6172440651342834,0.8382271496871542
mean_gt,ea0f94,poster,0.36322343175436467,0.47628098591869644,0.9462095713008697,0.8034720057722919,0.7564242828537301
mean_gt,719c30,poster,0.5773364615225595,0.4576606961267984,1.0151001228916943,1.434302018104416,0.8115040534736521
mean_gt,949fd0,web,0.49676672218652546,0.3270282810079988,1.3247555804945959,1.8702218222024958,0.9100023698670668
mean_gt,fe430b,mobile,0.5801159131993241,0.5004652599698065,0.8030651865686904,1.3798672912346028,0.8219596783107394
mean_gt,366c6f,poster,0.5213225069538597,0.3934785905071813,1.0822826672345771,1.530618827014022,0.8635344863904342
mean_gt,dde134,web,0.3245254432776813,0.24014411029429475,1.7538584768723322,1.328372964162745,0.8450068987182204
mean_gt,ff6a33,web,0.38663045910864835,0.3238454837353668,1.4254865214982282,1.089410812200186,0.7896508235954349
mean_gt,eb1040,web,0.34620106510415616,0.3730612713466646,1.2621017273404893,0.7694463285332571,0.7354003953910224
mean_gt,5009b5,web,0.3621024906460082,0.2360152534493339,1.7463494606524523,1.2756771440508572,0.7870068560234768
mean_gt,c83c32,web,0.2459575446073019,0.23769669027372312,1.8801056548845487,0.924793039408754,0.746111486908416
mean_gt,e711e6,desktop,0.48066610115260916,0.4039115797520494,1.0998014702615222,1.3009687933240832,0.8208872613904353
mean_gt,ab87f5,web,0.16863614347649675,0.1638569602506681,2.262838409092505,0.6830146049903296,0.7516000182643623
mean_gt,574bac,web,0.33374952184153805,0.28925863318528067,1.5599522674822126,1.1374861875440396,0.8037748546043619
mean_gt,0db596,desktop,0.41759663399094166,0.2718712672973824,1.5986581119105798,1.8412917539637785,0.9062223978892819
mean_gt,e9ec93,desktop,0.40833422948894277,0.2911269194610663,1.5608694063567954,1.4601279020478395,0.8148482971784389
mean_gt,36602c,desktop,0.47214114676164426,0.38441476468484026,1.1782331423655976,1.463284259737415,0.8536202219655726
mean_gt,02a592,web,0.2965310134956941,0.3047066317520715,1.6200956513537086,1.0417045769459023,0.7719636159407358
mean_gt,18177f,desktop,0.41711604140059155,0.3473671441071116,1.3196260866000697,1.084959458235453,0.7626726491594404
mean_gt,92c389,desktop,0.23891776814191473,0.31388856479139865,1.5471308001318285,0.6682409609474168,0.7365612850997884
mean_gt,f50ab7,desktop,0.34124714067052286,0.2590230696055462,1.7032592340677934,1.4210845813058743,0.8353425615498179
mean_gt,3bc419,desktop,0.3482885292126293,0.3356544056956723,1.3506404880413454,1.0750055327058907,0.798790834131031
mean_gt,9dd93b,desktop,0.43889846811481786,0.31978606358014827,1.4887346290534795,1.3195357397371252,0.8082548190857688
mean_gt,217ab4,mobile,0.5893502882025612,0.5415477502637043,0.6738929533277889,1.0845277787117018,0.8064702165534317
mean_gt,586b04,desktop,0.3557928808143366,0.38079570144928887,1.4038176110513734,0.9297024841315014,0.746606797534149
mean_gt,d1da7d,mobile,0.5959937917278835,0.4348111497535604,0.9021504811884764,1.6846391744532387,0.8811098280897648
mean_gt,423c3e,poster,0.5509251504656258,0.45782142371235696,0.8453067020249705,1.323673255921159,0.8382867356887956
mean_gt,5300d8,mobile,0.3343113478714177,0.38061358377366816,1.2842215306475697,1.142128195196305,0.8011116472687276
mean_gt,5dd542,poster,0.6060257458526352,0.42671389179134483,1.0584909246139085,1.5710251668268338,0.8198157391200993
mean_gt,37446a,mobile,0.6274120005303174,0.5439081256891266,0.7546677307429287,0.9703517072943373,0.7197881899406752
mean_gt,62f428,mobile,0.5379944517278183,0.45930415408973396,1.0582174927562544,0.9951284816711046,0.711689746900455
mean_gt,55ce87,mobile,0.40623465873757103,0.43488528746824673,0.9940117847111337,1.0416497944671455,0.7988677332374505
mean_gt,804d56,mobile,0.27262257257192646,0.3350495040693544,1.4110363426606545,0.6796924977024895,0.7290963255389404
mean_gt,edcc83,poster,0.5690534746351253,0.4111132920933587,1.1178680092488866,1.5792283083372005,0.8416544775465732
mean_gt,ceea7c,poster,0.42154596455898186,0.4142511175725101,1.1425502178330327,1.0026230384561852,0.7586183307601958
mean_gt,299635,poster,0.3873588739469462,0.43453940496449234,1.1336212333722462,0.9306383720397643,0.7536157420447288
mean_gt,809460,poster,0.49878977122396273,0.35652550256680826,1.1988543074802347,1.5406660946142996,0.8557038368422192
mean_gt,63508a,web,0.3251504117127177,0.381508744356424,1.2876557175870411,0.7122580931650638,0.7237310748130111
mean_gt,6628d7,mobile,0.3474696877399106,0.39493713213630055,1.3795091231482897,0.79203668594659,0.6892452420553695
mean_gt,8b41ed,mobile,0.4455513575026118,0.5005922654078975,0.8944953550952632,1.0905982658763969,0.7985860014646409
mean_gt,14e331,web,0.42109031022135485,0.3812991256662815,1.3904733315310347,1.144589127940358,0.7661151059487377
mean_gt,eabfe2,web,0.2820599072225745,0.3182950784497243,1.5304707039545284,0.7002791620993364,0.7423563100262177
mean_gt,b66ff3,web,0.5322057797720214,0.40775874157279945,1.0830692704408387,1.495438931318054,0.841592553491149
mean_gt,f2e048,web,0.3309335080985003,0.3231907910662548,1.502047365664458,1.0517686670885096,0.7821569708809419
mean_gt,e9a4e4,web,0.37242562261728257,0.3928586688564484,1.164358674697416,0.9832163893266044,0.7894165269079166
mean_gt,51f811,web,0.4671541466315382,0.43260573005921676,1.0511453854158193,1.013150458402879,0.734009891309261
mean_gt,d4ab0e,web,0.36531353442610226,0.2859075880977116,1.539974640001895,1.3111917589675566,0.8411542893974618
mean_gt,3fdde1,web,0.5275302872985053,0.38949656462064414,1.0889674248273735,1.3543396826924716,0.8345701134388149
mean_gt,4f9082,desktop,0.24719768915519894,0.24761427751712767,1.9118520941191597,1.1433755462236763,0.7975178127126845
mean_gt,2a8ea5,desktop,0.4314627656348039,0.4477230338087645,1.0100450726572132,0.9293857595719132,0.7682000054686652
mean_gt,35c062,desktop,0.27549196926190017,0.23180132318495913,1.8114203352170999,0.9438035249682402,0.7225180155165762
mean_gt,3f177a,desktop,0.2804915928549588,0.29322888051249074,1.5157418818718447,0.8389824005178768,0.7713024888475709
mean_gt,229d89,desktop,0.046062391976137616,0.18535323041930396,2.4351650885522926,0.1730691925798352,0.6557885277877537
mean_gt,a25cde,desktop,0.14836780470092764,0.2850512889035366,2.0223057074058133,0.4624631122894498,0.6298310562988652
mean_gt,e7be99,desktop,0.4013724687103548,0.3818630226039429,1.2072763076201742,1.2800964449041754,0.8270181690986214
mean_gt,d60e75,desktop,0.42107271154303394,0.336231330593333,1.3633495067384753,1.1695707421723973,0.7735260845785755
mean_gt,3664a3,mobile,0.2745243107442367,0.37687119228051263,1.54537078615827,0.69969022530814,0.7162340495898408
mean_gt,647100,poster,0.45858528279750316,0.3528038241532526,1.591661442732546,1.2492459538592897,0.7533932342716726
mean_gt,8a530f,mobile,0.5550767342193866,0.5079088084216801,0.7730511359735164,1.2654998692775496,0.8293673883393191
mean_gt,853933,desktop,0.22469106520205134,0.29251193047004953,1.641283693674494,0.5316860999957582,0.6764870272020225
mean_gt,a2744a,poster,0.3006972862220485,0.2987967591485464,1.509924100253133,0.6324935526259312,0.6763021475250545
mean_gt,08d885,mobile,0.4415058814659206,0.44082418412879987,1.1026136884091178,1.0746794833813471,0.7799246895125629
mean_gt,529401,mobile,0.5270632780252626,0.44362847472285405,1.010219812174546,1.3596576186233027,0.805548744831919
mean_gt,1f0773,mobile,0.276647012568419,0.3433259225080374,1.3404464767221516,0.7984907245178439,0.7443292870211877
mean_gt,274fcc,poster,0.5680972736254554,0.5008351994578859,0.7877963807819663,1.409562621668252,0.8313961137021546
mean_gt,94b1bc,mobile,0.6522416864730177,0.5446869281448886,0.6514813956888541,1.504740229123721,0.8386049275872677
mean_gt,8e8767,poster,0.44015563197462926,0.4364981563498236,1.0367944818355712,1.0669446076727165,0.7703698122917715
mean_gt,9b3421,poster,0.33846255378386786,0.380544154184297,1.2863496058102997,0.8743545463368095,0.7547553129005509
mean_gt,848e55,poster,0.06873426864711452,0.30927133591072087,1.9058341790842297,0.041831158515962794,0.5491292864534452
mean_gt,33fdee,poster,0.44711397934380476,0.4727269558538587,0.9067037348861285,0.8052258083343178,0.7057726801019568
mean_gt,cdbd16,poster,0.28798053645643384,0.34204359877335655,1.5477254817616282,0.7129369722206551,0.701664363558578
mean_gt,3578cd,mobile,0.19891579807161902,0.28860124586375335,1.8012187363893897,0.6998081595259786,0.742757638081531
mean_gt,9c07ef,mobile,0.5068411041283475,0.45152980048483626,1.0485592068389469,1.268232600814044,0.7956049985364858
mean_gt,dd0d82,poster,0.12728433982226628,0.208725207072064,2.0699522703905857,0.3775606507777564,0.6459795682970831
mean_gt,f14f17,poster,0.2333288452813677,0.25306377899948673,1.7710586053435882,0.5830142361061545,0.6901108800427801
mean_gt,5e2ff9,mobile,0.41180002715452435,0.35450159391896074,1.289770125335934,1.3789359976359705,0.822605092196665
mean_gt,a18b8d,poster,0.2563229896505987,0.3067749952633283,1.5847182999099136,0.7304259386567179,0.7366779698650896
mean_gt,2c9ce5,web,0.28831960290830605,0.27962193343533004,1.7780999439840806,1.0935122577813474,0.7795402467737792
mean_gt,83575e,web,0.3152579498514679,0.29497578921153034,1.6061870944841092,0.9169158839055408,0.754574999507176
mean_gt,d8cbc3,web,0.4374136258240549,0.3613877728403211,1.295967122076172,1.093057059275627,0.7752997304968002
mean_gt,8fd96b,web,0.3620900769119338,0.32660410282978336,1.3556486399948242,0.9572560789252696,0.7639724278365395
mean_gt,c7cfb6,poster,0.43739763527541564,0.3851074051209476,1.2102735886650402,1.108561877083707,0.7654908969244112
mean_gt,c0422a,web,0.2527503718659676,0.34165526998256135,1.613852496281959,0.7216110620673678,0.7212032471582949
mean_gt,182715,desktop,0.2233811064595776,0.24063602323234515,1.9160479691706915,0.776063048590242,0.7378903948969244
mean_gt,52a3d2,web,0.51921125564183,0.38870039701523784,1.1514502522451613,1.4113531022055383,0.8152180550890705
mean_gt,28a531,web,0.3529073710964835,0.34818500857423784,1.4520631190182447,1.3538349017901408,0.8326335928797247
mean_gt,faa31c,desktop,0.4118085415394074,0.34122246128297773,1.2982434852584106,1.4148308097285804,0.8522922786974964
mean_gt,ba9073,web,0.27076583862387404,0.2757857981034134,1.7838043889509665,0.8708770141595176,0.7421686963478371
mean_gt,aac976,desktop,0.512856285815398,0.37553465057535973,1.1550713484171338,1.5220355193585369,0.8553139500890332
mean_gt,cd6b02,desktop,0.25285286903387505,0.2929508889273186,1.6776956397745195,0.6047657651631623,0.6878294304756576
mean_gt,1411d0,desktop,0.22446361578805651,0.24928239653743356,1.8741387622831165,0.9757892109061721,0.7871810010969212
mean_gt,38a100,web,0.4025760377978527,0.36691746213987503,1.3025036725882804,0.9968882805790305,0.7557901770377387
mean_gt,49046b,desktop,0.346681659292574,0.2752537730749629,1.76428858107343,1.3901078782205198,0.7913331014768225
mean_gt,bef09c,desktop,0.16658704164886023,0.28327858310291276,1.710008619252652,0.44379396151292044,0.6840843398369965
mean_gt,37123f,desktop,0.4078945207745246,0.2742047491435069,1.5964348543064486,1.6084597883156921,0.8493281829709022
mean_gt,ba648d,desktop,0.4382304755940801,0.32210841016842584,1.3822549258898795,1.583794610059261,0.8640285405473257
mean_gt,f4ff84,mobile,0.6548022049736573,0.47400198397614596,0.8509823256507755,1.750641639262864,0.869682010886342
mean_gt,51f12a,mobile,0.6303867149364857,0.4656037955398275,0.8769967669071059,1.4205780140241473,0.8183184647430372
mean_gt,0c5a84,mobile,-0.039312894734449266,0.26974214300399124,1.9389004131957597,-0.017592643070653786,0.5759447653911707
mean_gt,fd4c35,mobile,0.42453247238848013,0.39136812621079314,1.1180145686166307,1.1214774696865717,0.7744656338229073
mean_gt,bb3926,poster,0.2025945137493899,0.39111032310824423,1.440533180903685,0.5637495693597137,0.6883461674401801
mean_gt,34a3b6,mobile,0.356875450149996,0.3546728857953628,1.236393945614448,0.9923025507339645,0.7773502278383704
mean_gt,14a621,mobile,0.5728722630211763,0.40086054013917455,1.039001278607432,1.5375033847511592,0.8361947552801338
mean_gt,87b0c1,mobile,0.6403509823709421,0.4995365930199311,0.8135549125293343,1.4962045350044486,0.8308467438431499
mean_gt,3ec6d5,poster,0.4547671064444966,0.33303265901515927,1.293616362259022,1.3884160370827583,0.8216277969018755
mean_gt,13a206,mobile,0.27569757400830275,0.3315218991428821,1.520464415187813,0.8492500229919066,0.7478230584224839
mean_gt,ce5b5c,poster,0.4725316430370366,0.5454324112500798,0.7126119530612636,0.7501792610709488,0.7260265754998851
mean_gt,ca623d,poster,0.16962385526477006,0.24277843524003434,2.024747634616679,0.4560877125887128,0.6589314308523978
mean_gt,a19d22,web,0.515964869705232,0.44393628561434023,0.9546241096507821,1.3730039916094303,0.8438903813094131
mean_gt,756eac,mobile,0.5048880554560964,0.4182911494009374,0.9940706638936602,1.3249611416559497,0.8260899382919124
mean_gt,b3b208,poster,0.4959709830155444,0.44320091170806153,1.0365604837656788,0.8560295234859117,0.7269295787141177
mean_gt,ab32c7,poster,0.23831279994034937,0.26745350644682686,1.6205795479777698,0.6667466901884201,0.7469889801402995
mean_gt,1356d2,poster,0.556431477794043,0.448652996190905,0.8998036097673678,1.5210805086043098,0.8598041410783559
mean_gt,42c4ea,web,0.22717287449054077,0.3161854181674534,1.626541033155265,0.6774529443650597,0.7188945055657641
mean_gt,20eedb,web,0.4550761659100778,0.3660300902552163,1.2101173277586437,1.2325413204800852,0.8013067552785897
mean_gt,92510f,web,0.5396615804986875,0.39224209445407116,1.0810244996588378,1.5621760162726632,0.8646106222819495
mean_gt,8d98e4,web,0.3981706003826639,0.3951673997745434,1.1836183804635514,1.1816502641776652,0.8102555426849078
mean_gt,d34e08,web,0.5024530062645586,0.4235797868310029,0.9560714601688062,1.4045231364297297,0.8567594023471643
mean_gt,0a22ef,web,0.37323825916299047,0.3709699416859929,1.2442785983676217,0.9268652362404612,0.7653718238077125
mean_gt,f3411a,web,0.5506478185568503,0.39323548029865185,1.0983291130543802,1.6765965766666557,0.8775835624800095
mean_gt,1a3e47,desktop,0.17058084181317393,0.2638927298537487,1.909827116535278,0.5768034451678984,0.7266794377882734
mean_gt,6428b2,web,0.3851251812805473,0.31640534568469375,1.4543470420788194,1.3229216974254836,0.8389180852037212
mean_gt,fcb925,desktop,0.2983175563419499,0.29432278333294914,1.621346041988543,1.0181899792187796,0.787482851819657
mean_gt,9e6898,desktop,0.32984525908897844,0.3329731512262669,1.461496155360143,0.9980509761803595,0.7712895829436753
mean_gt,669937,desktop,0.26050285592588207,0.25274329290233594,1.8311657163990427,0.7000449231344011,0.7133365582515366
mean_gt,520b4a,poster,0.582546912142979,0.5445430163324949,0.6526504489139655,1.4159007044804335,0.8459776840383767
mean_gt,037d19,desktop,0.3879094388454394,0.32500498231839114,1.4322278233042722,1.1315684252388758,0.7891106722079783
mean_gt,f21c0c,desktop,0.4216699517612701,0.40552589314938875,1.2107294226499543,1.0944532837454515,0.7924802896561628
mean_gt,592d83,desktop,0.22115950443992438,0.27022581341908314,1.753930610778639,0.6419056883270543,0.6990638042109814
mean_gt,834258,desktop,0.5184482681347399,0.3915424692283358,1.1000305615483807,1.429479024331734,0.8364123053628979
mean_gt,111cd2,desktop,0.3933347911388905,0.32075842075376887,1.4382866661197795,1.077453527823255,0.796695749191713
mean_gt,af0d52,mobile,0.5129379181779238,0.46439428872650623,0.8911297078620211,1.2993090098200337,0.8149975224298076
mean_gt,658f2d,mobile,0.5341653403164243,0.40636192044645825,1.029202495078075,1.6924749305220546,0.8735506700284515
mean_gt,0be8eb,mobile,0.47530542795622455,0.4333251653502265,0.9426190808672528,0.9731050523555551,0.7563180141449455
mean_gt,ebe076,mobile,0.5033217195475426,0.44035331278523554,0.9609114657826039,1.2042451171019934,0.7872447289757786
mean_gt,16a5c4,mobile,0.5606531678360311,0.5391476693349821,0.7157167461926934,1.1140501512931458,0.7898153817296467
mean_gt,c62001,poster,0.048414030480389,0.24768698133011588,2.3395411959215484,0.018183569814897833,0.4588434661953506
mean_gt,2ad4e3,poster,0.4723662358623149,0.4534796902049607,1.0172258759766706,0.9742787766574934,0.7571308140105992
mean_gt,28d46f,poster,0.4515282146691959,0.39610895582153505,1.2218102122273535,0.9535515789879738,0.7264668148987037
mean_gt,b264ce,mobile,0.5303016679881851,0.45402692677412515,0.9791446715284858,1.493178733243543,0.8477042501964649
mean_gt,94e7b4,mobile,0.3413562774885077,0.41765238774399205,1.1287467540833795,0.7742302919772265,0.7371771437512923
mean_gt,018c0a,poster,0.29978113646321575,0.3122974599156077,1.409881093484599,0.8147855148410881,0.7539233722002131
mean_gt,3a2d21,mobile,0.3157415395562757,0.35134164212339003,1.442757306340024,0.758611641438926,0.6700689654363454
mean_gt,510db4,poster,0.4793772934517562,0.3969704237519471,1.115588202557804,1.5632730865940057,0.8503518511437951
mean_gt,60b012,mobile,0.4921868751483494,0.4706426782790487,0.9045250043354518,1.1146885256990946,0.7668764343162472
mean_gt,2ad31e,poster,0.13621681495762109,0.24310390003161042,1.9533873553752192,0.2723953773602726,0.6428303566192136
mean_gt,348c74,web,0.26370041942120714,0.3196353338692748,1.5154781444019103,0.6872219183723747,0.729608645736285
mean_gt,1ba5bc,web,0.4234829882015804,0.3753179890993997,1.210648958113254,1.1265679613597361,0.8000753703398447
mean_gt,0939f7,poster,0.4131493067695269,0.35969053654838007,1.3324428007584423,1.2653307091512747,0.817772231900854
mean_gt,96c596,web,0.38909321888680437,0.26906016917985276,1.6211760660746215,1.2863595074818848,0.7919071868748893
mean_gt,1102e9,poster,0.45909763514651186,0.4778978386428283,0.8813890406635101,1.0229547127191694,0.8015323409786606
mean_gt,af1e2d,web,0.38308138738954656,0.3659118779487203,1.351479871711506,1.00766138439589,0.7672361289510234
mean_gt,60593d,web,0.3301145367536783,0.3697923002241035,1.256793070599505,0.6898982810665196,0.6859092578408346
mean_gt,d88d22,web,0.33569170331299214,0.48608618502038337,1.1206706782829816,0.77750086952969,0.7266200315672737
mean_gt,b0afe4,poster,0.5166053919304363,0.4141372718180814,1.1318029788968795,1.3360369069547995,0.7959353266413796
mean_gt,ad5e9d,web,0.3754462370090449,0.37977668403949116,1.1789293368388059,1.1881525877121846,0.8105820036996003
mean_gt,9da4ef,poster,0.5419479129993465,0.4714381840081109,0.8559412435636845,1.3289658425663782,0.8348691558422027
mean_gt,972cc2,desktop,0.49270371819349257,0.4402660491170993,1.009162586367187,1.185647716531495,0.7928950727236476
mean_gt,cb662e,web,0.44951438900652807,0.34903979864814566,1.2642414235288146,1.4887306965311464,0.8591105529214108
mean_gt,51e1ce,desktop,0.44710642783258353,0.3616638293501962,1.350712891927163,1.0658198168862323,0.743476695734942
mean_gt,256ef1,desktop,0.48735186038850375,0.3971991652258633,1.0704622656984129,1.3644438771151794,0.8464308274232922
mean_gt,3a8c09,desktop,0.15352866710211832,0.2579478611886794,1.7478719232901123,0.39222402306465487,0.6944859369268181
mean_gt,88927a,desktop,0.4672923645661139,0.42961771650557534,1.033120472237559,1.0317845337015057,0.7846888426697703
mean_gt,fd129e,web,0.3935601830319739,0.3221691647667148,1.4312317160073769,1.2792111711982856,0.818893298555028
mean_gt,210e46,desktop,0.45293419554088726,0.3790347906787318,1.2167800786750098,1.5340019348138743,0.8614373038235739
mean_gt,4cdee3,desktop,0.5665528386240679,0.4169638193687798,0.9874203843118919,1.4960046255444275,0.8523213959784168
mean_gt,8160e7,desktop,0.381959019380817,0.3489996705444289,1.283248807952533,1.1059423572479679,0.8063804940574987
mean_gt,da36d4,mobile,0.734054252196146,0.5330825938591023,0.6274715303913138,1.6870211144058997,0.8626143554126366
mean_gt,42962f,desktop,0.40633988105634833,0.35324840588542494,1.4863042316043724,1.2012251698182024,0.7600257371884628
mean_gt,9ec0f6,mobile,0.35898302540850735,0.41080661658021544,1.1878988496521667,0.7907384595282435,0.7413147326743957
mean_gt,69ba30,mobile,0.6095392723603792,0.562010332546347,0.6489253053520114,1.4318659011943373,0.8340283584587702
mean_gt,52658e,mobile,0.6280792731921634,0.52026100782011,0.715751556676883,1.423789126287167,0.8277556767867414
mean_gt,b32f2b,mobile,0.4506355090990698,0.4325722640581303,0.9920089592529304,0.9758555131608955,0.7300326804212136
mean_gt,2d23e1,poster,0.294679431562874,0.3594674494448905,1.4730222596785159,0.5378437309478676,0.659673880726843
mean_gt,c08f50,poster,0.4852909716193018,0.4380798776365838,1.0547079076783792,1.1419279294747484,0.7738583931613046
mean_gt,7ee34f,mobile,0.6829287322026647,0.5558726630488228,0.6127669718907972,1.4559336217557044,0.8389877017508092
mean_gt,964429,mobile,0.5992360064188873,0.5781601291172975,0.6199322517450092,1.1120961944987826,0.7848557809535036
mean_gt,6c392e,mobile,0.589939076350224,0.5429509948632039,0.661168184821388,1.315003472812927,0.8057275550567424
mean_gt,906624,mobile,0.13391768660161588,0.34494674909804496,1.5315457663953211,0.4460681184564378,0.7141399618790433
mean_gt,2089d4,poster,0.39439995028220176,0.3380125700390569,1.4255148388821413,1.2304531933673364,0.7948907777307138
mean_gt,93016d,poster,0.25794257080389044,0.41746343739867076,1.2253354358207273,0.5829330197315461,0.7247986864237266
mean_gt,fec2d4,web,0.4993760514042129,0.4336054367494764,1.0021598716256461,1.3962499419023429,0.8384988747320541
mean_gt,a4eeef,web,0.3393752988151443,0.38621462714390015,1.154407463875287,0.7911381451057722,0.7663863351757542
mean_gt,6a7b1c,poster,0.5722632981035368,0.5535536232485392,0.628182280803792,1.0018462849528773,0.7830488598274018
mean_gt,b11c7a,web,0.4370966201682831,0.42944168618313483,1.207764428636204,0.9076589914994247,0.7420825945680409
mean_gt,98ae63,poster,0.4936047557483366,0.42438524342778805,0.9671746525442507,1.1098088823320735,0.7891848793296015
mean_gt,68d170,poster,0.39293348743652334,0.36728629037727467,1.2281411038565815,1.0528101028203702,0.8026533048134946
mean_gt,8869c8,poster,0.6758015571227367,0.5650958932119862,0.6552655523661299,1.5717629566885016,0.8645879582723208
mean_gt,689a18,web,0.39967237743728395,0.31024773629270613,1.4321739356544323,1.193222775146985,0.767597227060102
mean_gt,d0e249,web,0.3923885602302071,0.32557765846911263,1.4554647175043716,1.0349575825061321,0.7542715564954486
mean_gt,9609c8,web,0.553882022767255,0.458260864869874,0.9423264130551942,1.288616473557097,0.7993359576467828
mean_gt,65b50e,web,0.3830144240401921,0.427111984916417,1.2307956597654208,0.8556760835408835,0.7263561178723263
mean_gt,5c0bcf,desktop,0.4276831306743619,0.46269850126752027,0.934212569228849,0.934923581891509,0.7726673085042377
mean_gt,f717f5,desktop,0.4317214662130958,0.3720064828644553,1.1744408107873594,1.236345027222204,0.819486977898592
mean_gt,6e2c8e,desktop,0.4603998746077242,0.3610036331315347,1.2592211439545202,1.444444895839954,0.8475784285995658
mean_gt,95b24c,desktop,0.5177082533897257,0.4000064167610843,1.0666415652613097,1.4703992671268413,0.8503784905544144
mean_gt,567366,web,0.456768910953827,0.36098328679255237,1.2328689779391013,1.2835593566312484,0.8262866374742034
mean_gt,4a784d,poster,0.5617498919927746,0.5908468717306053,0.5913088991797775,0.938902495006414,0.7396358945761282
mean_gt,ffad21,desktop,0.13136407340595377,0.23425314711696274,2.132560268550937,0.3551953271692317,0.6378161086081586
mean_gt,fdda92,desktop,0.4635281959641894,0.35642310031968166,1.2749994365620403,1.289957553271728,0.8124113248695801
mean_gt,709b8f,desktop,0.38901559602883257,0.34741639645053873,1.2981646892055714,1.1908118973471098,0.7988023344581986
mean_gt,035da4,mobile,0.670549696283516,0.5273545166379775,0.6980911206128798,1.3604553091950078,0.821053218937517
mean_gt,3c9088,desktop,0.420833073222228,0.31330000665789015,1.410945552999317,1.0912493853150942,0.7695212361190585
mean_gt,cdeba6,desktop,0.48142008070779624,0.39408568862242316,1.1233672449204837,1.2113701404391486,0.7886576734881277
mean_gt,91d919,mobile,0.4481140784507524,0.4233199066833301,1.0769604706976743,1.0826969720630706,0.7866879536936358
mean_gt,7ac1c6,web,0.4483433308814865,0.4190828525371431,1.0766686696920618,1.2025356003983827,0.8088370145817353
mean_gt,2cf681,mobile,0.3518275750123768,0.3962264449581181,1.2332576910550388,0.7603510881831756,0.7171472395313391
mean_gt,579621,mobile,0.5340156408585112,0.42492231393844093,0.9409067943477138,1.4135745233620673,0.8512517802412
mean_gt,b83a7a,mobile,0.3458415787174817,0.3524839992205916,1.2926538055174317,1.1035551006976574,0.7801807773288203
mean_gt,59b238,mobile,0.42686358834470545,0.4437504674256779,1.1424558801265368,0.7998444045386652,0.6984933354005449
mean_gt,2a3bf3,mobile,0.36618111511830026,0.40707593830399413,1.1393354955242263,0.9076367256155142,0.7435428736585978
mean_gt,a7aa57,poster,0.4339388752380363,0.3686677806642337,1.2328015163873423,1.2215172093177773,0.819682501081158
mean_gt,6f401f,mobile,0.5213484884227695,0.4399038446800183,1.0029347754925835,1.3288305005344387,0.8069656049271992
mean_gt,75c4ec,poster,0.36781421720329743,0.3471147005723499,1.3303439520810587,0.9159527196219572,0.758605185077609
mean_gt,42826d,poster,0.5731863351136268,0.5014514525187587,0.76123939255006,1.2865315260068995,0.8222691512792559
mean_gt,a7c035,poster,0.35191910778582997,0.40896850104325155,1.1815189653154015,0.8329376067664459,0.7447016255265604
mean_gt,81f2f3,mobile,0.5238578006836772,0.4612997767693233,0.9772790922335358,1.3134278116221745,0.8098077276887846
mean_gt,90271a,poster,0.41129947518328414,0.332205253334804,1.3623240421699643,1.255024881513834,0.8090881273497639
mean_gt,6b173a,poster,0.5307854924581827,0.389349288501601,1.0997009576726153,1.6974824759915474,0.8841478697039904
mean_gt,7786e5,poster,0.6486719809876325,0.4970489792825022,0.781642376801758,1.7253943303882378,0.8921934521667383
mean_gt,2298de,poster,0.18158909108525195,0.37212003219471895,1.5789292693970203,0.49134761991476716,0.6813074790411259
mean_gt,d09395,poster,0.177993111260072,0.3912929778380838,1.37476787232215,0.6478601124610839,0.7071415664538255
mean_gt,3f1f0d,web,0.4751937126058621,0.3680794942302608,1.29066944682825,1.3264407943401815,0.7944878216030404
mean_gt,c36099,web,0.4135039564670201,0.38043963744901027,1.204622415836277,0.9906989689352943,0.7665092166061876
mean_gt,070781,web,0.42504682675462524,0.35335095594856825,1.2980128691711268,1.229629848147225,0.8168302063013464
mean_gt,d33aa2,web,0.3432666456947375,0.34564623152349183,1.3257052556075812,0.9107538147264107,0.7585364660677705
mean_gt,e9cc4c,desktop,0.2979960821604836,0.3407605791806406,1.4628289164860075,0.9367871355597291,0.7739417590991361
mean_gt,94dc20,desktop,0.504426977115546,0.44637580636358476,0.9924260011854799,1.360621074547333,0.8206819410683687
mean_gt,97cc00,web,0.4317089519417124,0.32165558960548213,1.4224266782526316,1.451542703399477,0.8375664428376429
mean_gt,d7346d,web,0.3688397692164984,0.30366793967297556,1.5414749505387932,1.0504455541604993,0.7780196818996884
mean_gt,10579e,desktop,0.43533182044239066,0.38555067055435976,1.2124829016725123,1.085814756527756,0.7713391598276271
mean_gt,3ec21e,desktop,0.23745261228751374,0.3073487588350252,1.5107502390958674,0.5730056678848184,0.707836738569691
mean_gt,a44943,web,0.3179886949151486,0.30173767070973134,1.507318909851812,0.9686800548446837,0.7686793682316829
mean_gt,11412e,desktop,0.4803008197577062,0.4026124477972878,1.2168486041131767,1.1469893622417693,0.7699917941926769
mean_gt,87475d,web,0.20190768932068143,0.3090690241110625,1.6909235261173232,0.4681540746868103,0.6643004556065598
mean_gt,290bcd,desktop,0.2843849646643437,0.29657209523633205,1.4838039727991106,0.9020126477197424,0.7813156923212677
mean_gt,7f6f8f,desktop,0.35161963838750165,0.2929767522388437,1.5549502611401145,1.1781096280074985,0.7860032723743495
mean_gt,f8d172,mobile,0.5388868703278021,0.5083152215211493,0.8073628097838446,1.2237420391075882,0.8145544593061533
mean_gt,76822c,desktop,0.4763848853172812,0.36844541563631034,1.2675270004809343,1.342684636567899,0.8013793866635788
mean_gt,884333,mobile,0.5461752580158934,0.5041222621038424,0.7613809886162763,1.3467464610562072,0.8275906792332464
mean_gt,c7db2d,desktop,0.363330922455415,0.34492888714436376,1.3624708819344007,0.9505785105071167,0.7630227104339967
mean_gt,b3acff,web,0.44465826856869345,0.36169098731201316,1.243445872630101,1.0793321279787473,0.7807361751255381
mean_gt,fc4494,mobile,0.4567154268553113,0.449791720785882,0.9562291794848177,1.0978421432993033,0.792174788849102
mean_gt,305533,poster,0.041194499373249635,0.2604655782467679,1.8687257224059213,0.060310550271395334,0.6018524420884123
mean_gt,a42b4e,mobile,0.3748201266445219,0.4209557768538478,1.0181134704776826,0.6428613085014421,0.7014218497180447
mean_gt,196a1e,poster,0.27469598421019287,0.33717843370869727,1.3845653112311291,0.7218651818717107,0.7311187133434
mean_gt,f147ec,mobile,0.5024426596277416,0.4237249793163428,0.9902927561005598,1.1887639620199062,0.7947629327777337
mean_gt,d594d5,poster,0.35443022169329846,0.35172743937053763,1.3786991696638844,0.9103850509525311,0.7444574765911582
mean_gt,a11833,mobile,0.5718288859152945,0.5264984207458699,0.7241217075650694,1.1604819794323358,0.7903690121231061
mean_gt,b87c56,mobile,0.6288083748053039,0.510669274338563,0.7127250013023555,1.5019475528255821,0.8507364337776567
mean_gt,23b246,mobile,0.6641608975553958,0.5560666475088998,0.6795492603780469,1.4449231250184782,0.834939388621575
mean_gt,56ed0e,poster,0.717926055939257,0.6334746753902676,0.4887344677740667,1.3820526919612481,0.8293369514957446
mean_gt,bec3fa,poster,0.3184674176154626,0.3490918604632253,1.429181741518953,0.9496602547539575,0.7940880116192456
mean_gt,2dfd9c,poster,0.5098462257179124,0.4275935692264064,0.991161424071539,1.3390648756440615,0.8262322146750009
mean_gt,2511d9,web,0.29173608437083565,0.32009070848967347,1.516744405220091,0.8828107459840027,0.746636189495965
mean_gt,1680c9,mobile,0.5220988026899587,0.49827054418532346,0.8673427334979972,1.0417287773787445,0.76462622752992
mean_gt,4ea758,poster,0.5112277739437991,0.35122101183061993,1.2481158562984365,1.605030762339532,0.8461263883802563
mean_gt,8740d9,web,0.32483635471161443,0.32706166609315557,1.5092197866784849,0.9289019281269897,0.7502229417592745
mean_gt,3088d0,web,0.6022832662790338,0.4795509766187172,0.8463229186471775,1.2872543349137044,0.8032956929665676
mean_gt,787aa3,web,0.3680145776834305,0.3540064140689041,1.246992193439936,0.9317294101951589,0.7893164801859517
mean_gt,e451ee,poster,0.4593395588600141,0.4391554748444404,1.0203288158359665,1.1623798867708417,0.7762004825200775
mean_gt,28cf69,web,0.5020285018217054,0.4867988892786728,0.896424067373574,1.0017834077437007,0.7697259468722315
mean_gt,0d8830,web,0.49153399962676203,0.4371979866233955,1.017125361935297,1.2569447512075285,0.8245271327415782
mean_gt,54f52f,web,0.4386705506878521,0.3858020933677488,1.2166134557529895,1.0028295604266968,0.7632664292510494
mean_gt,5c5b71,web,0.37710728410858174,0.3571607375972331,1.2644455345525447,1.0769003420091767,0.8011218889747401
mean_gt,fba6ed,desktop,0.621017663025291,0.4559191743131027,0.9256856065929863,1.6690109621182545,0.8655703738025333
mean_gt,63de16,web,0.3602756181760094,0.33563072320820125,1.308745958391204,1.0259351808933292,0.7958959131343585
mean_gt,4a2527,poster,0.44672172927905696,0.3269399537417729,1.3964519186974536,1.2023087818259954,0.7797888788933905
mean_gt,f0e574,desktop,0.4982697613564466,0.4631243266996102,0.9413716724511711,1.287656815068983,0.832715368704999
mean_gt,faab85,desktop,0.4759503184116023,0.42432900405652774,1.0501318542921927,1.3372180563215437,0.8382037360555906
mean_gt,16830b,desktop,0.40515785042374863,0.3629503992930523,1.3359112024062485,1.2230252010627838,0.7744536753805038
mean_gt,b45744,desktop,0.3499883069102879,0.3547618135684234,1.256775929850968,0.9336412409593815,0.7828044926377454
mean_gt,44c36b,desktop,0.5083629047028786,0.37328455296980206,1.1834857581765592,1.6204757696508214,0.8650344226680147
mean_gt,3351c6,desktop,0.4230702917883379,0.43969113686340605,1.0764636975994195,1.2306671712131216,0.8286265862378724
mean_gt,6d8534,desktop,0.1452890251719653,0.2953759839529422,1.7714929002780075,0.43827903519654116,0.67492631644443
mean_gt,bb23c6,mobile,0.618759927987097,0.630330699090733,0.5269030859153732,1.0463319022661182,0.7743746016136877
mean_gt,b8b56d,mobile,0.5817141867739912,0.5797895759300215,0.639356390659033,0.9810120329036178,0.7630381019759384
mean_gt,d079f1,mobile,0.48594929656058033,0.44042018337170086,0.9813710011786466,1.2289256554633818,0.7908154907522783
mean_gt,49fc6a,desktop,0.48336773156101825,0.44231815847016986,0.9687619162215907,1.0858421368526912,0.795929521783527
mean_gt,a3fb58,mobile,0.49900004017932154,0.5104659479463486,0.8014769668612833,1.117275073434145,0.7828510391997254
mean_gt,66935b,mobile,0.28399721653465126,0.43946844750723246,1.055883950801908,0.4552186938554501,0.6843733395986371
mean_gt,f757ac,mobile,0.49288837595307367,0.5091017058402171,0.7978977339402027,0.8861990256105936,0.7372855876512222
mean_gt,591317,mobile,0.4285546097262256,0.4449824393596747,1.0451818271408817,1.1445605383341901,0.8046513879296056
mean_gt,5ad367,poster,0.4569482452100575,0.49553593223454556,0.891041853538146,0.7664446621727716,0.7082416228754804
mean_gt,005f83,poster,0.5444250514172495,0.42172748767443136,0.9921825550811676,1.3321606766597278,0.8142470680693714
mean_gt,6afc6f,mobile,0.5430200061479923,0.5678944574453095,0.6170260299690835,0.8846589857900651,0.7523469955729768
mean_gt,88f13f,poster,0.6265434206171825,0.5404582585824429,0.6453165487567577,1.2747836063394813,0.8133838660056898
mean_gt,6763e2,poster,0.7243002678727855,0.6739505825470482,0.39762191106090383,1.1378777203496249,0.8100490512058665
mean_gt,9f6fc9,poster,0.3462953555828857,0.4682126861425914,1.1284111505777041,0.8286253410519746,0.7414848915075557
mean_gt,56d63a,web,0.4905484942554558,0.4523380275509619,0.9816234332874967,1.0891482504906254,0.7931943259182364
mean_gt,f27923,poster,0.2155554898586693,0.3389446686409982,1.6145192052617623,0.44842177242241826,0.6402146634116405
mean_gt,912a36,web,0.4220965866311921,0.43377399752852525,1.0014535412892864,0.9633095699371088,0.7884248489592098
mean_gt,174696,mobile,0.5281060779107669,0.509310574150783,0.7520151585027764,1.1305153209880425,0.8073958796625783
mean_gt,66058d,web,0.6113835083192,0.4425587029759973,0.9164845505587936,1.4815159719374895,0.8300493613705493
mean_gt,cfca97,web,0.39429310178716553,0.3721863387547951,1.3766850217211188,1.2212495041925344,0.7902762293114247
mean_gt,ea104d,poster,0.24051015878700222,0.3252754491658001,1.5241225087490422,0.7533197547538172,0.7336752354739078
mean_gt,32c969,web,0.5102975146566602,0.352036395933009,1.284563757587096,1.6086924880644777,0.8569128219370895
mean_gt,73bdee,web,0.5646606003783728,0.48027349919675355,0.8748713990167424,1.5563904238064215,0.8546808365276495
mean_gt,ddbec1,desktop,0.5053833683024935,0.41554274738349983,1.024954977920629,1.3113152024055716,0.8424148425195812
mean_gt,9aa968,web,0.4680066014713249,0.4687528304107868,0.8815445166436076,1.1713923580684054,0.8174107509037218
mean_gt,d8d2df,web,0.2101907644111784,0.3859478112943546,1.4797338237505986,0.5109443977885935,0.6725485384213781
mean_gt,2481a3,web,0.47361851702718,0.4422430053243303,1.0181133675766612,0.9651330700420727,0.7553683738181557
mean_gt,2c9c76,desktop,0.24418609345322742,0.2451798527583571,2.1814625364972455,0.7268015374567347,0.6925874564896244
mean_gt,985d8c,desktop,0.1769726842915596,0.2175537645570448,2.2144396563192954,0.8854445331665722,0.7611268592907636
mean_gt,d07437,desktop,0.2071285475313707,0.19121259029764387,2.179398831628961,1.0134944113099889,0.808638746796745
mean_gt,af5f27,desktop,0.1516634378318963,0.12137906383058808,2.8088729586379144,0.7351817452987307,0.6938343588306896
mean_gt,26fb2d,desktop,0.1846101725431903,0.12095851507994068,2.514196689737678,1.059492027954311,0.8049962086896205
mean_gt,3e3ebf,desktop,0.19708022561815053,0.2314081868879832,1.9451566487140628,0.6956026649644245,0.7263306171518847
mean_gt,a0992a,desktop,0.39342257979297934,0.2502506469187414,1.6772757863078307,1.7289926384350112,0.894509966124575
mean_gt,d66c89,desktop,0.29788920596627017,0.21130559988097913,1.918898979569825,1.2391523673402085,0.8408056451010592
mean_gt,dcf870,mobile,0.4392279299403551,0.28127179228898674,1.5366534080681957,2.0210343979667953,0.9242130920166312
mean_gt,e129e6,mobile,0.5391056694886265,0.36604687335852265,1.1719486054769468,1.324584979453584,0.7994121793583541
mean_gt,f1d7fa,mobile,0.2847975074078479,0.303980602272517,1.5175945187314428,1.043352434882913,0.811740017908911
mean_gt,7b6c15,mobile,0.47365859204632443,0.3346222549779565,1.291687233352202,1.3916084349614544,0.8415808159429073
mean_gt,4cd989,mobile,0.5292530177634298,0.3246663322675559,1.3114545699739144,2.1436826993040845,0.9461425809428667
mean_gt,c40db1,poster,-0.13772352429158388,0.09644377397579927,2.846982314274115,-0.3164639952481633,0.539237944257274
mean_gt,13a393,mobile,0.15875826145045274,0.2658189705216646,1.7287298389759753,0.3977719295929251,0.7009661105064826
mean_gt,212589,poster,0.3248555467527564,0.3439954703827838,1.3837047542156529,0.9005120140152274,0.7659891592495188
mean_gt,972486,poster,0.32316708170419045,0.23465869589224897,1.7637855134627825,1.1648269846414006,0.7735942865255746
mean_gt,9e3970,poster,0.6224779240391856,0.5446527440337672,0.8353766648917016,1.2860836875811748,0.7864671166672568
mean_gt,a05670,mobile,0.43773028975187667,0.3031695883411675,1.4711209721837941,1.7839087202006345,0.8972471420590143
mean_gt,868823,poster,0.1989578531263535,0.23504134430046544,2.120415574033462,0.5845084973753867,0.6562314462703024
mean_gt,1dd09f,mobile,0.39234339594172607,0.31032387030575553,1.3873291765213829,1.2836321002055948,0.8431228585618
mean_gt,540107,poster,0.1511966044646335,0.14528365725256867,2.525464758888909,0.5092548309725826,0.6942487605374621
mean_gt,2f57d8,mobile,0.42065103442735874,0.31021149042974505,1.4336531652867566,1.789971403610807,0.8980905930000792
mean_gt,f93751,poster,0.15251662538455235,0.2030694878114778,2.2387039876826007,0.6245069553607692,0.7222974570464266
mean_gt,b5f7cc,poster,0.12688294133965433,0.1531613077929,2.5622238563123787,0.7769261621795815,0.7592871446758693
mean_gt,33214a,web,0.2399791059329929,0.2468101679831686,1.8913407412701906,0.8988002378476706,0.760765469574481
mean_gt,7ec75a,poster,0.33185673181706105,0.3165207759739422,1.5975746651306304,1.101465783344507,0.7791512934855022
mean_gt,9f7fe4,poster,0.13351330459237487,0.10509162369355915,2.8915621486415803,0.7183450887975737,0.7028918893317986
mean_gt,483fb9,web,0.265830938276736,0.20335597305991188,2.1678733757719035,0.7688412923950101,0.6930660440350079
mean_gt,a7a074,web,0.398185120797499,0.27224894777185005,1.66446228246835,1.4670948276382703,0.8171125419847403
mean_gt,2b837f,web,0.3260308388622576,0.2589477000184037,1.7768184827365436,1.3163432410739315,0.8196767270948571
mean_gt,debbb2,web,0.37064224436532484,0.21918606744636598,1.842827917542947,1.7463259263381028,0.8962286727826991
mean_gt,f7435d,desktop,0.3408110621312984,0.30357002014993134,1.50776492189315,1.0960826140053772,0.7777254859562907
mean_gt,e2f93a,web,0.2649942227658115,0.18395108739284569,2.1013511722586187,1.2878813466892751,0.8292775772859029
mean_gt,2f5041,web,0.32827041518920513,0.24889588508948887,1.7848179410593303,1.389390786546858,0.8458079598074121
mean_gt,5be5fa,web,0.10891185047491372,0.11173186938118657,2.7296467993213023,0.5146123585520278,0.7333112254478189
mean_gt,10298c,desktop,0.4158992910262416,0.34704168748106945,1.3288254176388579,1.3568067193080906,0.8218173017739573
mean_gt,38c9d5,desktop,0.45139975418807654,0.37586105772767764,1.21713702507841,1.386754713661575,0.8442009655493112
mean_gt,6ba20c,desktop,0.1949205263800306,0.3357632585812706,1.5113118255914457,0.4919366251446139,0.6806731768233576
mean_gt,8898cb,desktop,0.07134358703137893,0.1557233148530623,2.4924552435506553,0.3782289879857399,0.6966644118777177
mean_gt,4af601,desktop,0.4803294121445558,0.4014009730350313,1.0855434655534568,1.298003743976455,0.8206873587394303
mean_gt,016f77,mobile,0.47671074658865764,0.511805004275094,0.788705802684089,0.8550097199768568,0.7739233293877003
mean_gt,d5caa3,mobile,0.6793536482198027,0.5496405249211079,0.6690074672236,1.493645896970606,0.8275587870533495
mean_gt,36ca43,desktop,0.5005051691027338,0.4166264005806561,1.090659957422857,1.1985896119600903,0.8034049553650793
mean_gt,e249a7,web,0.10178439346994769,0.05690050104296458,3.5015844011076505,0.9810180091227999,0.8102663891295789
mean_gt,dc06e3,desktop,0.43583651279686,0.38987686637370056,1.1165087555685418,1.1013143368192106,0.7946101823997587
mean_gt,b47f5a,desktop,0.36043629419005907,0.3602575788787327,1.365132436173457,0.9230198552543845,0.7447635315230955
mean_gt,28422f,mobile,0.6748377318479222,0.59003308563033,0.5310274333554392,1.2761083599189775,0.8207516219949897
mean_gt,42c444,mobile,0.49287824318639467,0.45148418927102796,0.9320206441678394,1.259624247582109,0.8276666267874982
mean_gt,a965f4,poster,0.5857936584354111,0.5598394619347961,0.6848695975602352,1.0428032106659404,0.7763336802506777
mean_gt,d13f3e,mobile,0.6141872234550569,0.5928923927026678,0.6231291947438435,1.0900293153163165,0.793076204932528
mean_gt,128abc,mobile,0.15021674896658238,0.3410180616487703,1.4430026904414455,0.3491734387428056,0.6940780705098737
mean_gt,4cc35a,poster,0.39325692997111905,0.39489077116552435,1.17227107327202,0.9337788979780026,0.7737706670860893
mean_gt,b5d9a8,mobile,0.642482457346786,0.535604771900345,0.7342088217316696,1.5246654800091295,0.8315806633160777
mean_gt,479245,mobile,0.574940026442573,0.540339345557097,0.6834783261078832,1.2306371632933004,0.8094089623068415
mean_gt,bb56be,poster,0.28799473991056335,0.35204428587278597,1.47643785351722,0.7899092974591297,0.7227385538412642
mean_gt,9bf988,mobile,0.2672370732214737,0.3160525406365425,1.3791687502450956,0.8389153528847143,0.7435944333880369
mean_gt,6a889e,poster,0.38332814272247206,0.3258513482518438,1.5705130856290226,0.9262636495567221,0.7014415893183749
mean_gt,9ab8bc,poster,0.499532023930199,0.5626278626068091,0.6744382061219885,0.7085874236403334,0.7079685611735281
mean_gt,172c5d,poster,0.24410226827727358,0.38676381601991794,1.2939487390221436,0.6160716398286845,0.6932266287429458
mean_gt,35ba73,web,0.4595084442524251,0.4902704119362189,0.8940723924695184,0.9387911093341671,0.7801724226149113
mean_gt,dcc0de,web,0.2840769530332057,0.36563865295480785,1.3435349184629748,0.7200788500911192,0.7416013234565277
mean_gt,2fd907,poster,0.6493118382498195,0.5003198218890527,0.7250374707768628,1.5371440505537144,0.8446938304643477
mean_gt,4bcfc3,poster,0.5729970996288851,0.4990104944900322,0.8340652792246201,1.2000690077061036,0.7968599053563585
mean_gt,b7c621,poster,0.5236989153968761,0.44680927750752486,0.9135899625292354,1.2139629541674872,0.8008011280760607
mean_gt,60ab80,web,0.4275549683191199,0.35688944515489657,1.2372036499975658,1.136257874464547,0.794527705069818
mean_gt,1d26b4,web,0.41584246480242515,0.3742872931927805,1.1896070086252992,1.239102374798833,0.8317109104258444
mean_gt,ce6863,poster,0.01630108656835658,0.2989841890962839,1.9192898876011846,0.16389604794761906,0.6064497828665991
mean_gt,b87aea,web,0.5622918634821201,0.41812809223087066,0.9746132250376339,1.4182725656895638,0.8372185408890939
mean_gt,2103ee,web,0.28214729052665066,0.3083006988433032,1.5895777402824147,0.9487045241884973,0.7519901761906773
mean_gt,47033b,web,0.3979792054032685,0.3284760279673044,1.4654163889312362,1.2543044951477085,0.7906022311930796
mean_gt,cc9bc8,desktop,0.35638801683692545,0.4610936252988095,0.9806113243979766,0.7408986577776456,0.7362910576771963
mean_gt,2019ad,web,0.3303066481868877,0.3677109174581799,1.329046345868431,0.9421806513419072,0.7674461325674135
mean_gt,337990,web,0.2829048338473854,0.32248177365626335,1.4987259593609572,0.7504147662194024,0.7354175899986454
mean_gt,bf2da8,desktop,0.4607949967675472,0.4359570636615175,1.0063704066572985,1.0314947183180414,0.7680674492873386
mean_gt,221587,desktop,0.43061544163779475,0.3727563698951277,1.338095426219355,1.3713306227402549,0.814925284443567
mean_gt,09bb5b,desktop,0.46886960315859005,0.4163406481914059,1.0700826486757693,1.1986861662203085,0.8139663285403432
mean_gt,511f7b,desktop,0.5184278745548199,0.424484714059369,1.0501386137323143,1.371845026934161,0.8131066164958402
mean_gt,c905dc,desktop,0.3892665696788665,0.3559474093536597,1.2670699126535456,1.187537033553236,0.8028605210934557
mean_gt,99004f,desktop,0.3594404419960078,0.34756208976217584,1.3189751019121578,0.932543711153241,0.764514075597006
mean_gt,86500d,desktop,0.5908685279254265,0.4809573270691015,0.9383534423250929,1.2846054243115395,0.781581105959977
mean_gt,0bdd56,mobile,0.7156669013277677,0.6029191949255904,0.49943197217184643,1.0903660921765856,0.7694908087580348
mean_gt,469579,mobile,0.45415104446659516,0.4316404632676873,1.0750253007911659,1.2992074726566876,0.8345663865944302
mean_gt,215727,mobile,0.5711551034595432,0.4830695951539336,0.805888911329273,1.523203649724468,0.8445945871219089
mean_gt,992c50,mobile,0.6581518704215835,0.5279371344155654,0.6831155988126654,1.5471585698834602,0.8440097053367939
mean_gt,2d811c,mobile,0.4707882020048739,0.47488120108398946,1.055125710384116,1.0385879808196523,0.7436414380232982
mean_gt,fdba74,desktop,0.4671448059107252,0.32659380292987095,1.3163811946804713,1.4115666092715844,0.8126779501747233
mean_gt,8ee0c9,poster,0.3047282030768238,0.3692882834518159,1.453854587934909,0.6134423060306881,0.6967163849444634
mean_gt,7dea7a,mobile,0.30513399897110555,0.44012521146512457,1.0311026589899264,0.6747608279995813,0.7386437222400025
mean_gt,46bc27,mobile,0.36132552098957604,0.3285710117656146,1.429180421267825,0.9673844259209038,0.7392534907212908
mean_gt,641719,poster,0.5062164101416351,0.42739409516203586,1.0536095419638907,1.3128684723046133,0.7995040224075112
mean_gt,4a97e1,poster,0.5438677991265741,0.4585428809439415,0.9300830905477641,1.495382837517354,0.858067595995251
mean_gt,7dd59a,poster,0.5788148816677048,0.4945890985520427,0.7743393648219649,1.35123073536684,0.8233276717885498
mean_gt,4f3f84,mobile,0.3096535168304838,0.34625203045429376,1.2720595530584784,0.7360180901558179,0.7281098187254619
mean_gt,7a9967,mobile,0.24001347508984772,0.355113956668452,1.3431073191894511,0.43515763694467074,0.6266823582214428
mean_gt,7e01b8,poster,0.3495214808232633,0.4184158142877304,1.1355092737332495,0.7607189832794709,0.7217105673220957
mean_gt,1055b2,poster,0.35578135173932635,0.38866232894603264,1.176489506354443,0.7729124461858693,0.7320473366373587
mean_gt,4376ed,web,0.3965750156310943,0.3973884804917553,1.1474037427982984,0.777497358412769,0.7337945184347968
mean_gt,bb34f1,poster,0.6057926348956323,0.5551729815863108,0.6766909023471042,1.18070954847832,0.8024041632058276
mean_gt,af4220,web,0.36692890069449513,0.402396161608495,1.2269828624759178,0.9794937287236403,0.7632249036396668
mean_gt,909a4f,web,0.5844229859273773,0.4667400643968228,0.9160817351714738,1.2286401072344415,0.774929979155706
mean_gt,ae548c,poster,0.22713886076432788,0.3293740496082982,1.5208174945583282,0.5594425979165627,0.7031777916781541
mean_gt,014b22,web,0.4662764352123938,0.45838981391408823,0.9818565730613101,0.9512815427078759,0.7508097267265365
mean_gt,c4b437,web,0.4878045996578849,0.4773315635336852,0.9139327998401999,0.9780791484665929,0.7690544527643925
mean_gt,4fa3d2,web,0.37698086977793366,0.37879907551265674,1.2245408471540125,1.0095828565698424,0.7888293895403873
mean_gt,c01022,web,0.49025388097344663,0.34995170996069735,1.2391793779215003,1.7081027650681813,0.8896164248761461
mean_gt,8675c8,desktop,0.42659415903165565,0.3397745823977777,1.361245477778739,1.538938823286923,0.8537182047595233
mean_gt,fb0956,web,0.4589263269592741,0.32056711184377373,1.4021661145015698,1.669087138435019,0.8666432036859247
mean_gt,73ada1,desktop,0.4342806975942001,0.29967500570111794,1.4624033865335173,1.6386399932739377,0.8727035268365622
mean_gt,79e0cc,desktop,0.22662160200347287,0.17425566176583393,2.1204410673693923,1.0316364208146647,0.7958594874233207
mean_gt,4d78ff,desktop,0.381965951610049,0.28610189706136896,1.7308820855241625,1.1180688737594082,0.7397954608233116
mean_gt,721348,desktop,0.33861310705096037,0.30299989260783,1.6334488774882905,1.0675115503346408,0.7503445526037881
mean_gt,a78deb,web,0.36175893128050235,0.38465189668866695,1.285360300618877,1.1822034638032144,0.8049902896095742
mean_gt,e5174e,mobile,0.4602435707218703,0.409165609436568,1.099796054726248,1.0914492144670183,0.8004129405637714
mean_gt,217749,desktop,0.3973007024278119,0.3158280889774073,1.4489829304219972,1.315373582894149,0.8179968835183514
mean_gt,72b54f,desktop,0.44023921088523366,0.3264994453205069,1.4172576041373586,1.4224524601659996,0.8304424917404931
mean_gt,075286,desktop,0.5129425610837837,0.4041492857790757,1.1365327596341164,1.3786297714816327,0.8101415131051707
mean_gt,8dfdc1,desktop,0.32586420316666326,0.2763039329072868,1.6736930059529866,1.1190452955145873,0.7835280790220098
mean_gt,c75e3e,mobile,0.6140529197240525,0.5018011840759021,0.8050495752746439,1.505576647102369,0.8385926304639041
mean_gt,1eb64a,mobile,0.3095982656461215,0.34846844809981814,1.4127387108108798,0.7711169897069144,0.6989880255569431
mean_gt,d0c24c,poster,0.35720756613884813,0.43519813556472775,1.008108484663984,0.7010857431405313,0.7456727349400842
mean_gt,7f957a,mobile,0.36964983779750793,0.4010294071315794,1.2293626958150252,0.7337824646733988,0.7036807150693184
mean_gt,55aa06,mobile,0.45376142680040726,0.5101321236421741,0.9568763877986304,0.634926793665575,0.6668458587317811
mean_gt,51db8e,poster,0.4455975446809253,0.42924239268878706,1.0922417562259576,1.0448515382983434,0.7639454851929012
mean_gt,abb05d,mobile,0.5241753125353006,0.4401892006081359,0.9222402015547173,1.2284821421480476,0.8007225194912023
mean_gt,039978,mobile,0.3770984097979724,0.34785354711768074,1.3825223567583742,0.8205568727850738,0.6863583509132196
mean_gt,2fe3ac,mobile,0.377968584682865,0.39267014808244494,1.2101129625317855,0.985025333377656,0.7695227770836124
mean_gt,ebd305,poster,0.48523455265562443,0.36473421094346564,1.2068507749051047,1.3041985555667532,0.8055054957110888
mean_gt,29d7dd,poster,0.6172430096295811,0.4864462224166317,0.8493007880585108,1.6904579214885573,0.882471005032797
mean_gt,868efa,poster,0.40356247610137974,0.3839303861493122,1.2158382052941152,1.2318094450973625,0.8217488358576985
mean_gt,0fa6b9,poster,0.2797547662469578,0.38447625533643437,1.4101657123240285,0.5378089526295969,0.6660053648297704
mean_gt,fe8c5d,mobile,0.5559460359828206,0.4707894502312103,0.9581147705421476,1.4478219998484299,0.8195773945628897
mean_gt,f6bc62,poster,0.41254017188759906,0.3425263603225777,1.3471759655615672,1.4826496316500108,0.846807278247003
mean_gt,446969,web,0.3866575401060365,0.36289882705547766,1.2472867102562777,0.8314556988649723,0.7350538904110173
mean_gt,46ced7,web,0.3986535550953797,0.37070029788514874,1.230689697480191,1.0672062026730593,0.7714875895208598
mean_gt,55b7b4,poster,0.560933434027983,0.5285606456591802,0.7802885633437926,0.9768317943369742,0.7501186280752574
mean_gt,9b7610,web,0.43859644808883,0.3524541085580697,1.2988958063409128,1.1634883270774996,0.774077783216077
mean_gt,ede16b,web,0.19680909245088296,0.27335481419944524,1.8439738477402063,0.5676446559776207,0.6924600871369999
mean_gt,406fb2,web,0.4533203070195037,0.3352009294954301,1.3408699329498195,1.5315570428174152,0.8502550410628053
mean_gt,134669,web,0.16036940042699016,0.28559048309150603,1.875946347522592,0.5838016371203109,0.6799351261021197
mean_gt,edbf2d,web,0.34701224300125777,0.33760061484395976,1.3511560992757388,1.109548657072611,0.8134448635042851
mean_gt,16a13e,desktop,0.4150193419618705,0.3000755436224943,1.468625119875627,1.3784435995786954,0.824192806587827
mean_gt,cb4227,desktop,0.43552876122900164,0.49936168476302945,0.8928247490158574,0.7631041863569912,0.737380335518383
mean_gt,7c98c6,web,0.2802576577996341,0.29008280953870813,1.614991657021997,0.9397669900377582,0.7866554420894287
mean_gt,5a6a69,desktop,0.4254897543381709,0.3446523837652783,1.3229240809219411,1.2999868342081824,0.8291004264787053
mean_gt,98df26,web,0.4490114150812375,0.3464775845775954,1.328311693966862,1.4632826254977092,0.8391047735952194
mean_gt,87f3a0,desktop,0.3147980610841995,0.27108543486459746,1.7001921427939868,0.7859463096554996,0.7304803541878095
mean_gt,762fc4,desktop,0.41647709657417414,0.28103581630375807,1.5793168078427238,1.6345934230413313,0.8662871941664169
mean_gt,94460d,desktop,0.3322918954349695,0.28184184562972175,1.635380936956897,1.0830619134726924,0.7857949750800581
mean_gt,9251bb,desktop,0.3789760360766411,0.303672129339795,1.4900789877828948,1.0950909314260486,0.78147836258662
mean_gt,ddce6f,desktop,0.3077096290072193,0.30594836450518403,1.6393159446379204,0.841904997628781,0.7274461565371003
mean_gt,f7ba1d,desktop,0.3029348756626741,0.2726168708615621,1.7303440151377458,1.0300690867516158,0.7667557011525948
mean_gt,8e4e71,mobile,0.5473644272339855,0.4256342414949116,1.0361245347509485,1.2048828664151443,0.7767394588639162
mean_gt,9d1757,mobile,0.5157723799236906,0.46092505333258027,0.945672504118474,1.1079263739886092,0.7940528326867233
mean_gt,5f4902,poster,0.37949127405606164,0.3062958446938665,1.5106315423302186,1.2073037025354998,0.804247414196551
mean_gt,3c674f,mobile,0.4095772602933714,0.45738302779792483,1.0440124138414408,0.8478882126921525,0.7382810136717841
mean_gt,6d294c,mobile,0.2905131714271366,0.33572164332243604,1.8039558999717662,0.6997027275867034,0.6590706666266655
mean_gt,4ae90b,mobile,0.568426086015847,0.43682403353934185,0.9643845558356228,1.6614560430837635,0.8749525490397947
mean_gt,69a953,mobile,0.6307261338198098,0.4863032238466061,0.7873712014900555,1.6904565034851582,0.8841369752593475
mean_gt,7542d4,poster,0.27202727524250525,0.279213192495172,1.7413242381006557,0.9131745403730922,0.7332881762026455
mean_gt,345b44,mobile,0.3354256840213926,0.3201084164669483,1.3925084666340024,0.9011264212647272,0.7667918454919438
mean_gt,3962ab,mobile,0.3849005057100682,0.40834966929584027,1.0771836441224516,0.7956261708055985,0.7388107175855738
mean_gt,80e896,poster,0.5431714190741335,0.47815931491326613,1.0580330702653584,1.2038775045408554,0.7599381437360613
mean_gt,3bc098,poster,0.47149329983182586,0.3603726173194984,1.235815044623162,1.2218323363836399,0.8064947083085221
mean_gt,a637f9,poster,0.2556672836706518,0.24466817843117283,1.8167840343787922,0.9943347724366326,0.7985261283247485
mean_gt,9e5962,mobile,0.3197213228409348,0.41926527401596664,1.1410927033296245,0.5748485794963465,0.7106493065072808
mean_gt,ceb6b3,web,0.368897965438342,0.3039172123599702,1.4689446422462398,1.250952337109185,0.8232855506031704
mean_gt,426a6a,web,0.37554522459764295,0.2908076658136089,1.7099410532982373,1.24498683804605,0.7652675097511522
mean_gt,feec80,web,0.48425201216649105,0.44553924267817696,0.9643847872256701,1.202270315041855,0.8219452456882912
mean_gt,3364c6,web,0.500506861923977,0.4196611645238961,1.0458213877016875,1.3773452775954294,0.8155592629757044
mean_gt,f84800,poster,0.4039661875238653,0.45096026446549314,1.039004778643776,0.8161086117800909,0.7404428072509752
mean_gt,6c5780,poster,0.4592659575171825,0.3670267219470865,1.312234922463087,1.5158362786042223,0.8426676805678127
mean_gt,24ff3e,poster,0.2686736682892057,0.2112923541189441,1.8524227458545788,0.9397493563607924,0.7946108247524679
mean_gt,bcc33b,poster,0.4262849693997087,0.2941215417765694,1.4602343535383753,1.4933267423169054,0.8481660853780466
mean_gt,c53c23,web,0.38641432136431364,0.31309122293383784,1.5339302346510555,1.121648720509205,0.7911625096058165
mean_gt,08b92b,poster,0.4824451566372151,0.4594770566067349,1.0012378809125617,1.099122714247025,0.7708638116289702
mean_gt,259405,web,0.06296209778777248,0.18390515936508606,2.6187705157900103,0.3528364287593111,0.6050061487920383
mean_gt,7c2883,web,0.008369158041819565,0.19028519133836813,2.564784078245298,0.16248455745393778,0.5232225286519041
mean_gt,237216,desktop,0.5542062501263826,0.42677020239820074,1.0323777464171076,1.3761332391982837,0.8250807269290928
mean_gt,dc6989,desktop,0.15953364204365422,0.2913418952345905,2.0581559295555136,0.3981081490155474,0.6072423150032813
mean_gt,49e0ba,desktop,0.4893616379304446,0.3675657625056732,1.1743061567066007,1.4077934851195786,0.8490236976656599
mean_gt,fa1827,desktop,0.1816557270103162,0.23156221859604686,1.9078594182195778,0.5647138499395906,0.6920506046725738
mean_gt,be2ed1,web,0.4347765645966062,0.3099386771605481,1.4258284548856077,1.4365348827070636,0.8332798119929881
mean_gt,eb34f4,desktop,0.2873217774681137,0.27652052965038804,1.6087721635307066,0.9393368315453857,0.7916692344493763
mean_gt,d6702e,desktop,0.32370147071253885,0.23760959488901398,1.7732072641279222,1.3261804332740916,0.8249603648930574
mean_gt,fdafcb,desktop,0.3142994753080482,0.3126764849970849,1.5077782707667504,0.8408161377398077,0.7631806958051977
mean_gt,eb334e,desktop,0.4418240946813674,0.28464704700476035,1.500147644151183,1.6184645320610425,0.8522914221634513
mean_gt,4b2bd1,desktop,0.5474984296392931,0.40255027879980654,1.105268107747587,1.3217987862309897,0.8067647216465957
mean_gt,f39252,web,0.3511832678794171,0.28446607864895745,1.6124796881014571,0.9755406177935505,0.7557331796492259
mean_gt,ad24c7,mobile,0.4944656780427873,0.5028456164591757,0.8849231042150247,0.8561215793272686,0.7440382078323831
mean_gt,cd2ed2,mobile,0.4935859322706382,0.4625014702884849,0.9263456889984809,1.184263102717743,0.8130355024520383
mean_gt,c9ab98,mobile,0.4445646449596937,0.550015415651009,0.7443312216672539,0.6968950111811183,0.7272415037906671
mean_gt,8118a1,mobile,0.7032986883977836,0.6154988983552931,0.616929594241267,1.2863429544202996,0.7807326228108763
mean_gt,c25357,poster,0.35289066994184426,0.3820767140470128,1.1862734900518004,0.829087401800165,0.7666794009265724
mean_gt,4a3f51,mobile,0.5135592700977554,0.4399322491252774,0.9260597491328872,1.2869261294707985,0.822700910151199
mean_gt,6915dc,mobile,0.6876205582028625,0.5067465461718677,0.7080280445804639,1.6206372141743381,0.8649622447301069
mean_gt,0ef09e,mobile,0.49351740669281113,0.553356351657039,0.6316597674759201,0.8074281744729542,0.7479858091449179
mean_gt,c053d2,mobile,0.5462616420606037,0.47779718092507556,0.9027741414593673,1.164196507646466,0.7655971070686015
mean_gt,85b582,poster,0.48882063184642055,0.5258132609970604,0.8938197640158824,0.9148956980284922,0.756188570661781
mean_gt,dd47fa,mobile,0.5409951330932365,0.5015195728121563,0.9783600661447933,1.0575466592726979,0.7369772476306369
mean_gt,af4f68,poster,0.47624051580968363,0.46983052025832317,0.8959306749439131,0.886415814650406,0.7583123144656271
mean_gt,f9b020,poster,0.511034465365171,0.4820706074546198,0.8879102321062128,1.1588151802743396,0.789820827626511
mean_gt,00f742,poster,0.18739889652576133,0.3406418702088024,1.478161391627817,0.4885992970614885,0.6872076512514416
mean_gt,2428cc,poster,0.5393321788759907,0.4492407313864013,0.9363221201245255,1.1122607856634201,0.7790066584941265
mean_gt,251672,web,0.3749095174533874,0.37488662962646235,1.1758260267284881,0.8333505254447668,0.7606315862840396
mean_gt,045d43,poster,0.5236416711609497,0.4072583706943466,1.1192522150316864,1.3199001588599468,0.798473705072998
mean_gt,6f9e1b,web,0.5032597870163821,0.3525550314987269,1.208737070381802,1.6770552184046672,0.8798467508018956
mean_gt,9e02bf,poster,0.3885442200888142,0.3808059021344655,1.2849636298254445,0.8272971518132284,0.6989625723913637
mean_gt,fefe30,web,0.4729369857248143,0.35381656941727585,1.3477969228368025,1.7797823709902483,0.8814454953346105
mean_gt,21c674,web,0.34502820784478505,0.36772342395330604,1.263194230265038,0.957194415064376,0.7736301600192345
mean_gt,20bf03,web,0.5221829138690405,0.35699560676478326,1.2281011142080889,1.7184211059960712,0.8719513557024101
mean_gt,a4d155,web,0.37255822267125044,0.33415926074472646,1.4478201955934902,1.2535497488246707,0.7939634090872099
mean_gt,d01e8a,web,0.4262929131302837,0.36997996098011965,1.299282541149081,1.1954336165961448,0.7931215928657298
mean_gt,173a17,poster,0.4058786918442604,0.3307066094518277,1.3554232326938953,1.1334616739100247,0.7844637748229579
mean_gt,9eb11f,web,0.30684873565124104,0.36297872132468195,1.496705755875351,0.8428343057930611,0.7147664008298373
mean_gt,7d53b3,desktop,0.39800352969373776,0.3673359311715106,1.263914796542776,1.1900989259778394,0.7932880259760369
mean_gt,5305a4,desktop,0.3396911856287703,0.2593977894167325,1.6893477319525418,1.3551824037656819,0.845033718420509
mean_gt,f1f741,desktop,0.25157085771263166,0.26916041698369775,1.778586524118106,0.9017846395408379,0.7655343639831101
mean_gt,0c51af,desktop,0.3379704900297557,0.3176645885151016,1.4766221001428161,0.9705096605670466,0.7580324797643305
mean_gt,ea39db,desktop,0.24618938248704783,0.2626942826662907,1.7022241959997153,0.734449255044603,0.7130263204347292
mean_gt,91ce42,desktop,0.3412583601419842,0.3184833246574595,1.424408947224527,0.9228128515369848,0.7745301457933806
mean_gt,786754,desktop,0.4457967158060734,0.3481545866044751,1.3502742002452177,1.4210852893995327,0.8099220463076863
mean_gt,b37071,desktop,0.24007645884809417,0.30321759302323853,1.6557082576809137,0.6352544167665786,0.7225416006421889
mean_gt,32cce0,web,0.38824995421553427,0.38861983211068724,1.299016545915633,1.155465453032673,0.7967187250625928
mean_gt,a4ac9c,mobile,0.553895215740486,0.4965359869267996,0.8224384563148783,1.3387379056659872,0.8368492187746499
mean_gt,ffde86,mobile,0.5126949038529847,0.4495790634792601,1.0307173438461632,1.3042286271954762,0.8069170992631427
mean_gt,83b886,desktop,0.3919822800851511,0.3091421356973774,1.4338888130692566,1.4420061578137384,0.8568271434129606
mean_gt,2e122d,mobile,0.43848120915851907,0.4267880123397439,1.1590765188857444,0.766838015977737,0.689334172590668
mean_gt,9951b0,mobile,0.3392800172938879,0.392532291915802,1.3910044433805753,1.0522386772542225,0.7713782085059617
mean_gt,5e22c9,poster,0.368233788572938,0.296336823799316,1.5794892224206645,1.3031493000392513,0.8142240002947534
mean_gt,249820,mobile,0.34179867390927376,0.3875908260315134,1.2165168712455277,0.7540211701631774,0.7245405038024366
mean_gt,af423a,mobile,0.4134313439492281,0.2874064539370416,1.4665480621694227,1.5219332562377303,0.8666367041178842
mean_gt,c3cd6a,poster,0.36744690573257593,0.2971802841577078,1.6427453950052504,1.3029948870500705,0.7878470330142294
mean_gt,0cf59b,poster,0.5152730188156935,0.3731547922293489,1.1859585023967427,1.5821002669626574,0.8601836410694976
mean_gt,1c375b,mobile,0.40420911816841126,0.4066064631918599,1.2212457477096736,1.009209961387648,0.7561850114288418
mean_gt,b32bc3,poster,0.24991072798109837,0.33778689744687207,1.3673471811525668,0.5858645539454154,0.6926504232323588
mean_gt,5b51c9,mobile,0.46836636898744044,0.3660582133155568,1.2081836247175255,1.7387000519265141,0.888925861259737
mean_gt,3a564f,mobile,0.4043829027128957,0.34575903569200006,1.6027937307794,1.5068708538705344,0.7952013636304555
mean_gt,ed292f,web,0.4167273576781608,0.3459939374664187,1.3615251138574869,1.5274626262462272,0.8595093805765243
mean_gt,08aaa5,poster,0.4333938451226632,0.2617550056903289,1.619552705059978,1.9255647822557092,0.9119509298303828
mean_gt,8e467d,poster,0.38992765216584957,0.3986634379689286,1.1413661814631326,1.1920994359810717,0.8016374071894182
mean_gt,7e2533,poster,0.48407133381362544,0.32621669417347815,1.322221109246448,1.752897700443646,0.8963548036172082
mean_gt,78ddbd,web,0.4059013642074162,0.4012227908465017,1.2396553273222775,0.9122015303010435,0.7427416081537958
mean_gt,4863ea,web,0.34886817582299123,0.3040085541408941,1.487194420453671,1.1943361004073745,0.8188388173093857
mean_gt,60caa9,web,0.38401907941733526,0.33304627306333445,1.3807018034459602,0.932569980056007,0.7369317188773105
mean_gt,164cf7,web,0.36703309981241206,0.34298692520729335,1.4601838468078707,1.3512680949155258,0.8281058884899002
mean_gt,e84796,poster,0.4877251305732636,0.35143778149542276,1.2662526870435196,1.5652327880954127,0.8562447656745393
mean_gt,b0c3be,web,0.31844121461496416,0.311106368205704,1.540202887874376,1.0663048347529684,0.7997879088619079
mean_gt,efddbf,web,0.44340966691487266,0.35769944268540416,1.3621678794507206,1.0847695325268956,0.7697403856854079
mean_gt,5a97ec,web,0.3395181978052777,0.2808166115346459,1.6390154124956449,1.2466515133911171,0.8244468395746105
mean_gt,bbd445,desktop,0.3842423548823137,0.3707502229716499,1.2346287375048437,1.0358728751213067,0.7898278911507431
mean_gt,afc676,desktop,0.3174703500674841,0.3121219118339911,1.5290132500945282,0.8811099456235081,0.7426401696024149
mean_gt,5a6efa,web,0.4066676966327415,0.33285473356436385,1.3898908604595082,1.1215438127418047,0.782389439153484
mean_gt,b5d3ae,desktop,0.4446879901037928,0.3522178494640317,1.2726576945236485,1.4281718832483101,0.8460162947403145
mean_gt,0e1dea,desktop,0.4272925140314275,0.3915086169527751,1.1763229909189554,1.1012182033994744,0.7706725853602009
mean_gt,b96ba4,desktop,0.4481344527708719,0.3739178629238011,1.1437344326333532,1.1325281768017663,0.8124564207453734
mean_gt,363885,desktop,0.36083207630474745,0.31342057434609194,1.4666959664434622,1.3357076600387359,0.8335366734749479
mean_gt,072634,desktop,0.372413509436645,0.296248336278097,1.549957035986958,1.317073525133504,0.7975303229165085
mean_gt,00b3a0,desktop,0.3639267741554478,0.2667920075820003,1.755996213892213,1.0592734905534005,0.714594756911942
mean_gt,d3d0eb,desktop,0.35059266750894746,0.3470342015666364,1.4653167372805296,1.0362417859405706,0.7465148704373552
mean_gt,e663f9,poster,0.29040883022712144,0.43629851298013045,1.1056292933266334,0.43180354571666546,0.6404882234281735
mean_gt,69df54,mobile,0.17658974872177147,0.3779884037798907,1.3968798296526916,0.45081913787559386,0.6967317494103618
mean_gt,38a251,mobile,0.6038269324851007,0.4944756681734741,0.7566877553758607,1.529788833416803,0.8633567238612486
mean_gt,e64eb8,mobile,0.4241193734422962,0.425681864543314,1.0702502050689964,1.3437010943491372,0.8362041393321406
mean_gt,97c1a1,mobile,0.6374772977657339,0.5142136384259819,0.6946799862967421,1.3184861991709453,0.8234626262588853
mean_gt,624c91,mobile,0.4866909337159675,0.5380687296026282,0.7690661415716413,0.7476703449332991,0.7247415023434711
mean_gt,ed3849,poster,0.202751094821496,0.26083122116408236,1.8129852473720578,0.6146552706006276,0.7159435682021735
mean_gt,0b86e9,mobile,0.17735876824414643,0.28868825017641664,1.8028849790123285,0.4397583996629749,0.682577041280871
mean_gt,fc9315,poster,0.32609421621296725,0.3443838578877397,1.6682188245748661,0.7410233983354496,0.6804545358569728
mean_gt,699734,poster,0.36105252223524537,0.36780466769605563,1.338938084896912,0.7949000419065452,0.7135096325169699
mean_gt,661898,mobile,0.5776770131905471,0.45711666120032296,0.8788539393920647,1.7285637877081512,0.893005466240377
mean_gt,410cbd,poster,0.33782262627935367,0.30984245090732365,1.397732461078708,1.053318405385956,0.7868675134254
mean_gt,e9f3a6,poster,0.5151091774932556,0.46414876537517613,0.9217383468204028,1.3595786972873394,0.8424472809502713
mean_gt,90181f,mobile,0.6382593989992131,0.5381467473929775,0.6372929288078029,1.2996568808009354,0.8253692463021541
mean_gt,90032b,poster,0.2684340331214521,0.2858355970924832,1.7206240256658907,0.8076391938182051,0.7195880191114586
mean_gt,1b0094,poster,0.3548684182473534,0.48334210392817023,0.9907854681578907,0.8355927643685324,0.7399988139233082
mean_gt,86d1d4,mobile,0.39978239952448,0.43511443662760374,1.0870227531992862,0.8610617071329243,0.7459229107850678
mean_gt,2f0568,web,0.4176999358180223,0.3822165059009265,1.2704370705952674,1.0382169537045995,0.7620955341242763
mean_gt,e643f8,web,0.36926950772111383,0.323657330043963,1.4021967038033452,1.1104195690884024,0.7964304033400514
mean_gt,78fccc,web,0.4568756730168164,0.358256445600122,1.1973832336987638,1.380150300197038,0.8492677956325111
mean_gt,d3a405,web,0.44289797370132955,0.4008548778808482,1.1244437940629752,1.0777365579146265,0.7922963620499576
mean_gt,81627a,web,0.2442287636068726,0.29278755761820885,1.5661048540867881,0.7387399328098214,0.7438374274699149
mean_gt,7c8c61,web,0.15836913028746555,0.19477607200917846,2.401424068335925,0.7909984197316019,0.7121164071589215
mean_gt,31eed9,poster,0.3145955141488076,0.2921466425923216,1.5580318491742169,1.1187179670882585,0.7954215269980897
mean_gt,b81b5a,web,0.2819255521603562,0.2652341830102251,1.7531475489176789,0.8969786075434647,0.7423878668042742
mean_gt,3b4d85,web,0.37201093938052654,0.3835564737397489,1.3108229062760297,0.9518114335301909,0.7366675546249292
mean_gt,95044c,desktop,0.22190739433665221,0.26343339742547567,1.8469982660598672,0.6919759281933735,0.7159055071148595
mean_gt,94bf23,desktop,0.50300188480743,0.3815339709684498,1.147954617584287,1.425082003028614,0.8370427356803882
mean_gt,a752c9,desktop,0.46685835517053453,0.338755230550946,1.2523738297451226,1.4404478685068232,0.8535054104432932
mean_gt,1655e9,desktop,0.4848903081552003,0.38104667936175335,1.1695057203469688,1.6856536343706352,0.8840391522195863
mean_gt,61a325,web,0.2452623596708841,0.33634155789803893,1.5948219312627943,0.7816106037009977,0.7348958354274318
mean_gt,5fd00b,desktop,0.4098172732738343,0.3598180315046093,1.245157589185983,1.0390123239893214,0.776742282943282
mean_gt,4238a0,desktop,0.395382488634135,0.38189697453974114,1.1523692004309902,1.0071257848334143,0.787148211931957
mean_gt,6177fb,desktop,0.22045855722397611,0.24470165178309325,1.7799297667594731,0.7553983136550192,0.7562608606298383
mean_gt,24f619,desktop,0.27310711770624974,0.25763492328140486,1.825859495623669,1.0005249583866824,0.7864946676933577
mean_gt,7142a6,desktop,0.2768855607782037,0.20286100454514222,2.0381509143215935,1.2270103749979777,0.7783981715302281
mean_gt,a6f08e,mobile,0.6820562657341112,0.557357601588474,0.6672569278146919,1.3974449477315718,0.8193669237671608
mean_gt,04741e,mobile,0.3346065435997682,0.4011134963947682,1.242750176785221,0.7141694467635169,0.7094565987969788
mean_gt,cf815f,mobile,0.2746745815453563,0.3671389799996505,1.3483165331453857,0.6596247774732834,0.7042378677524371
mean_gt,6bc1d8,mobile,0.5717151832215283,0.47784351990121693,0.9125041391093276,1.3412030854232095,0.8035910999106067
mean_gt,13642b,mobile,0.413887899664937,0.4257991708257692,1.0915137102510017,0.8057471688474374,0.7154938248486266
mean_gt,3a98e9,mobile,0.6664756902921103,0.5350330469999525,0.7953160420551053,1.3990521430836877,0.8158970580752077
mean_gt,bf7fae,mobile,0.34059575823735033,0.4297601761915571,1.1286761260671683,0.8573103110213962,0.7580138462716357
mean_gt,e82dd7,poster,0.3447401351751779,0.22411127995391,1.8811312892266583,1.4898380718036606,0.8303606944626274
mean_gt,9a69c1,poster,0.39026560971433466,0.36552192513502685,1.2926823103708605,1.035906417690542,0.7631750857357744
mean_gt,297a9c,poster,0.5238729564796831,0.4167600382816227,1.024408935741316,1.390482458889052,0.8508299150015181
mean_gt,56669a,mobile,0.6902025070685434,0.5801695220443005,0.5507370481896471,1.3531541144946113,0.8124425745809988
mean_gt,9f1d52,poster,0.5054910893799431,0.4874985421900011,0.8951787177484498,1.2011281315775044,0.8097084095288067
mean_gt,b3b08a,mobile,0.42840254933841515,0.3741367506417943,1.3338975859622901,1.1408410747775624,0.7494693373783562
mean_gt,4f5fe8,poster,0.2589878553402615,0.3068058005978598,1.613691649820673,0.810219311697919,0.7302991528142484
mean_gt,cae3e9,poster,0.5870227311077564,0.5441719801569065,0.7204237248772167,1.0418955630307027,0.7583444520379817
mean_gt,29b4ce,poster,0.5626546338602315,0.5605637836303713,0.673106550949784,1.2101757547552563,0.7903162079305375
mean_gt,927a3c,web,0.6004495382583751,0.41054764060422755,0.9996326770806274,1.5825970780383276,0.8687364381382039
mean_gt,ae747f,poster,0.6224561467202812,0.5791289715280856,0.6177648682328859,1.1696779472539702,0.7972184147150468
mean_gt,83f4bd,web,0.41550761369215017,0.3543669776533515,1.272634404118538,1.235898150482787,0.8321177551803812
mean_gt,05dac7,web,0.37271040931393334,0.2919179364351836,1.5123625566628238,1.1566975656563216,0.7855964792331322
mean_gt,9d7510,web,0.32932757072639146,0.367637917343907,1.2658272509945028,0.9612765855961087,0.7909593631189923
mean_gt,e5a7be,web,0.3730904344144743,0.23921187452854784,1.7035115495776258,1.5122094636355763,0.8502332883144931
mean_gt,ed473c,web,0.5368024259787747,0.3991905671164168,1.1774884236504835,1.3815110494833531,0.7978472315338924
mean_gt,b5613a,web,0.5145080795061008,0.38752286593912166,1.1697807684665325,1.271203273844261,0.7881727372220315
mean_gt,12be73,web,0.43256452898827424,0.3695716487620468,1.2652816924561634,1.100538452914866,0.7505301871603273
mean_gt,0b777c,desktop,0.5187052641012337,0.47828668847120615,0.8876859545017928,1.0631924900840029,0.761252225870585
mean_gt,eb0400,web,0.23376879462582323,0.3032319260458547,1.5892094283264784,0.7314588016200901,0.7396895148827834
mean_gt,aefb83,desktop,0.2825276108253255,0.21171424860337962,2.036862783845575,1.4707096533835604,0.8339077642867687
mean_gt,b889dd,desktop,0.43797798632530577,0.3273272984177915,1.3588233700789543,1.604293708431234,0.8771723287178211
mean_gt,e864da,desktop,0.12363846808894818,0.22082319792437202,2.025218374738794,0.5084131251265801,0.7157628548596082
mean_gt,a46e4b,desktop,0.30326401024154814,0.3107236648720935,1.6667690047583268,1.1700309153981077,0.7901126407262213
mean_gt,6457e0,desktop,0.28086423474096434,0.26534622461037666,1.7735750482488128,0.8026691976984209,0.7046961378269498
mean_gt,c78cef,desktop,0.2987125752094057,0.2289106917485561,1.8306444588260793,1.2435019263281746,0.8112065861573137
mean_gt,bf4440,desktop,0.34178868082478053,0.3305947153004827,1.433369694029256,1.1863951354712496,0.8256102076009117
mean_gt,1dd3f0,desktop,0.3357319960511391,0.3306005252780352,1.5029696450855816,1.046907840946052,0.7766034219637806
mean_gt,298ce9,poster,0.5142710642152288,0.4441505268022251,0.9139893332165293,1.097763172308599,0.7810108952561283
mean_gt,10c4f3,mobile,0.2909341551077742,0.3505123935825875,1.4178671737028892,1.0449963667892026,0.7955561879916391
mean_gt,7db957,mobile,0.46886670917308315,0.3838979080486657,1.124401428748488,1.3506762013128164,0.8271226350504516
mean_gt,aa6f23,mobile,0.4194599208878086,0.4370262252749068,1.0942497978933623,0.7429347576953623,0.6905760830690547
mean_gt,49b3fd,mobile,0.29506734409245605,0.39688914531391606,1.1934263185348581,0.383085655048173,0.6705684815642474
mean_gt,5d47cf,mobile,0.5446748979312596,0.529318794363613,0.7498567423159018,1.0719041564895655,0.7891329378097461
mean_gt,da1a17,mobile,0.6712494754000253,0.528489250206724,0.7259233766735572,1.7262230694816094,0.8894248684787196
mean_gt,88c36b,poster,0.5558630583761739,0.4704689741147316,0.9040382440759583,1.3684682124735372,0.8273012711791784
mean_gt,2711d3,poster,0.35656884226467456,0.29355485150903543,1.6171217137238196,1.1170706115951319,0.7953844994396738
mean_gt,d7beb9,poster,0.43820009668712356,0.36745055190641573,1.2579754590660857,1.1043737853855977,0.7332037387976599
mean_gt,6975a8,poster,0.33278166453402513,0.28835313560066195,1.5510818012474215,1.0816855456879768,0.8119323774529126
mean_gt,a886c5,mobile,0.2477027989260521,0.26064029693840546,1.6638896966947452,0.4992864459575458,0.7155172819769953
mean_gt,378c6a,poster,0.44189199537656043,0.3853932889818809,1.1775289991057438,0.9491448730010834,0.7602150374327642
mean_gt,8f0277,poster,0.38062937603662256,0.31599550499348056,1.4939130382212051,1.4619836291494155,0.8472468380420324
mean_gt,b6c589,mobile,0.3502340872481067,0.3391944199838798,1.3618559269388713,0.9648210845239501,0.7743347886315484
mean_gt,a8e85c,mobile,0.3660851818053984,0.3210933028492274,1.3953573737522162,1.398896322042754,0.8445853406885377
mean_gt,83df37,web,0.07631707458546069,0.17980333111965052,2.0926590514727335,0.2914438459598974,0.6907327446299101
mean_gt,8bb83b,web,0.3136186157025198,0.2935673179080988,1.6667739486790776,1.058022851759703,0.7583439999111995
mean_gt,0f5056,poster,0.5617628245813553,0.4612899457203827,0.9697326783689312,1.6520040144608583,0.8652727677632684
mean_gt,385881,web,0.26170272749860013,0.25233958662127887,1.851148656794305,0.9707921783995519,0.7736219143894959
mean_gt,f51c26,web,0.4208737527621472,0.3785724457713132,1.190139544551521,1.4137193987369907,0.8549729549736501
mean_gt,c7af8c,web,0.39100708537765155,0.2684933535656434,1.5493219573645516,1.2154469728922768,0.8165539291979221
mean_gt,dba9fe,poster,0.209261565484085,0.24266362713855694,1.9401220696029127,0.6644381664458834,0.7095694089781764
mean_gt,baf38d,web,0.1693941442265921,0.23954326520233718,1.9260626904169704,0.6089791055732218,0.7398752987498982
mean_gt,d6f09c,web,0.3676376614743414,0.2160839392461536,1.888265985659678,1.8197114807295356,0.8892749028400581
mean_gt,e84071,desktop,0.30059221665147207,0.3628065606087455,1.412855181201932,0.882759672398517,0.7160847109534203
mean_gt,302489,desktop,0.35724307768791314,0.2741468229051276,1.5439230063787495,1.176144805707859,0.8028245399577767
mean_gt,631570,desktop,0.3619750516483668,0.32901311308622294,1.9460103230973573,1.214569687579834,0.733424496206066
mean_gt,7c5f79,poster,0.24291367016620702,0.2737679820934725,1.7190851008114425,0.9456930630257963,0.7892374464207701
mean_gt,02622b,web,0.3556368030231235,0.26752363790135447,1.6913696088431953,1.0812966777182815,0.7908680652745631
mean_gt,d7049d,web,0.3970789563598768,0.25649775464770186,1.646476096358565,1.7383841521603207,0.8928866427078702
mean_gt,b57c53,desktop,0.3603345236769936,0.29302508824594486,1.4984673922727727,0.8453680184188467,0.716873815855439
mean_gt,3a9ac6,desktop,0.42456717401606303,0.3654955790454871,1.2862629626253672,1.1597710818863158,0.794143076790381
mean_gt,f466b1,desktop,0.45858452131546606,0.37402609051691177,1.2637061214263268,1.5080109305051888,0.8563493712082803
mean_gt,425384,desktop,0.5049186268851278,0.36685101287249505,1.1782820702206793,1.4847019115718523,0.8511915898187653
mean_gt,8b14c2,desktop,0.34880381981632114,0.36114472332526465,1.3680869326123017,1.0320259121561455,0.7800778870269028
mean_gt,cfa83c,desktop,0.5336090800167445,0.39371876432274366,1.088293009035539,1.6842055812368346,0.8871155631586075
mean_gt,501b73,poster,0.4120178074114764,0.4218885960471219,1.1090650140506633,0.9936051548035014,0.7867459461936358
mean_gt,70e38d,mobile,0.5219973243331627,0.44671848204599224,0.9970982609526,1.7510115925838414,0.8913304639577727
mean_gt,f657ff,mobile,0.5551823557577602,0.520061655897621,0.7376083271498752,1.1448884413355918,0.7983303116435732
mean_gt,15723a,mobile,0.4959235316927695,0.49772389972242786,0.7966095519312766,1.1593923929816807,0.8215623876587104
mean_gt,01e2cd,mobile,0.6241194943878601,0.47311405048248933,0.8421011134222072,1.738536324139076,0.8878587922601794
mean_gt,906fd8,mobile,0.2770315857381414,0.3253777478693981,1.4837745491530745,0.7690813196096229,0.7351094337894976
mean_gt,8afe09,mobile,0.08470945170781846,0.303385427705531,1.740024733528334,0.1983826358902523,0.615563202751476
mean_gt,91b2d6,poster,0.2975540876240169,0.2352964227228322,1.868366999902643,1.0527826771350077,0.7510802267348724
mean_gt,d73e0e,poster,0.4719766405674143,0.47800176402690187,1.0334462161735958,0.8892238885892763,0.7238210991350822
mean_gt,8b4008,poster,0.44159600332793025,0.39275093575285835,1.2029800198933207,1.4065020548559273,0.8312270759329777
mean_gt,f4641f,poster,0.2626980510579717,0.3545715012480551,1.34823423568243,0.7083735904148798,0.7348988619806791
mean_gt,949f72,poster,0.4288942675583294,0.4280107002087725,1.1795650693499367,1.0792210355957301,0.7704407629643406
mean_gt,d073b7,poster,0.4320867427724602,0.3820940018461474,1.1712799108788443,1.1172072829123125,0.7953922545310633
mean_gt,c1ad1f,poster,0.48448229489151373,0.41116074391142315,1.070910440664127,1.0721577974937797,0.780780106377038
mean_gt,4458ae,mobile,0.3964186943392656,0.41854281025746665,1.0768692550560164,0.9018480381199859,0.7449798398218122
mean_gt,dd9efb,mobile,0.3349636101959518,0.41073138707756107,1.176735526363905,0.8675542761713707,0.7554998117348417
mean_gt,233a4c,mobile,0.578896166346873,0.49465966888090296,0.8172194846939007,1.552248766676508,0.8617170914506419
mean_gt,3930bc,poster,0.21665331835492807,0.20808281979989218,1.9139541921378944,0.8456755390288758,0.759856778883083
mean_gt,83ba29,web,0.3337450393673145,0.28055783017029334,1.657045049384842,1.2670313226511245,0.8145990177227601
mean_gt,25acbb,web,0.2303903430737536,0.27706689795243933,1.6707531113755252,0.6875139536617444,0.7273617371909692
mean_gt,224be3,poster,0.33377638376322727,0.41693258715002257,1.1899690750928025,0.7900561831931542,0.7118785075533645
mean_gt,314e90,web,0.5180070586804173,0.4449978543770986,0.9592407187469869,1.193798491663678,0.7958805437769844
mean_gt,660b15,web,0.30962909508443226,0.29967162573318556,1.628350254535443,0.8879884238698305,0.7467969074995993
mean_gt,a8a8fd,web,0.4954862606853885,0.36896877342261003,1.23211744955328,1.2798665551930026,0.8024307333924723
mean_gt,479d3c,web,0.4303538476841329,0.3664792657729953,1.315028744426345,1.2473224355776107,0.814813742445783
mean_gt,2154a3,web,0.45721891107718693,0.31282736351447205,1.514275405290285,1.2396930959815926,0.7668448162080982
mean_gt,d499e7,web,0.518153944677383,0.3915023470018255,1.0983231745773037,1.517849458948238,0.8568663839717982
mean_gt,61a9f0,desktop,0.431474633397343,0.2920029966105373,1.4543262236393355,1.3310771806596975,0.8349478681543259
mean_gt,cd1a8e,web,0.4945304878917134,0.42096295723734584,0.969066432952122,1.1665711429112366,0.8140948004809774
mean_gt,48a5a0,desktop,0.43589560774264857,0.292389028341438,1.510585652560406,1.8252494609579215,0.9039143870859853
mean_gt,33eb5e,desktop,0.21831793099412083,0.24772639571059427,1.8495248592707214,0.7493530544657961,0.733936900854215
mean_gt,a03205,desktop,0.15321701945877542,0.2119019950768478,2.071266156927421,0.7393236794474288,0.7580113330504095
mean_gt,5dbe49,desktop,0.4231887202616073,0.3779064321029144,1.3492959554314923,1.0085999583368663,0.7440241041493105
mean_gt,f4c1e4,desktop,0.44214850382624543,0.29863457382782355,1.3964630224097128,1.391862864784451,0.8372183569343935
mean_gt,c2db26,desktop,0.36173248761475424,0.3354447500917692,1.4356415703883474,1.1071270527037482,0.8107359105841453
mean_gt,e07498,desktop,0.3762887364345532,0.30923657577222324,1.5165147411468973,1.5477215800985813,0.8683084054434468
mean_gt,c05cd5,mobile,0.5869869036602169,0.42134875848517234,0.9858595819669055,1.877900838864665,0.9126319893251428
mean_gt,11f8c6,desktop,0.40591709209721183,0.27593554955827737,1.526505103200604,1.2427678506773492,0.8077861179267062
mean_gt,ec6510,mobile,0.5796503736502274,0.4882172890410872,0.813603598504256,1.0410430666336823,0.7743843091166819
mean_gt,cdcaf8,mobile,0.49036239840170825,0.45645602214415926,0.9705097615274578,1.1279939395308811,0.8049541413173883
mean_gt,cb23a7,mobile,0.26515056503759005,0.270942184851716,1.6651942181711832,0.7355926416823819,0.75360321214661
mean_gt,2ad467,mobile,0.4222458697575667,0.35271107659852363,1.25270187196461,1.1609972974396916,0.8147314497085023
mean_gt,b65aeb,mobile,0.5849155870981467,0.48157117256081944,0.8358480750774882,1.0635312889558515,0.7446401335712155
mean_gt,2fdaaf,mobile,0.6303378428477158,0.4796181987261914,0.7945941630858989,1.6745363621376743,0.8871380489603377
mean_gt,00398c,poster,0.2025893906032642,0.2786302694690607,1.7811756891824,0.5254552110547106,0.6704166303042007
mean_gt,8c765a,mobile,0.3462881165640903,0.38724743253346106,1.290446573704414,0.9627675938904919,0.7835703526981185
mean_gt,5fcb22,poster,0.3821697856074368,0.34856546819826295,1.3643202154335632,1.0134301904957626,0.7746290190204888
mean_gt,35c59b,poster,0.37700633732702127,0.3051017576921573,1.6065561259985954,0.9523120502686275,0.7160646980008909
mean_gt,955a79,poster,0.31187461389427884,0.3349879654194812,1.4777998870765305,0.7615535954963117,0.695811939206612
mean_gt,ca49ac,poster,0.3247798452316083,0.33757684015790423,1.3320454976533327,0.8545245194066574,0.7459833749560227
mean_gt,7cd2e0,poster,0.5557880020541381,0.40405647190947,1.0840360537320335,2.2115305718794143,0.951609582913479
mean_gt,ed727a,web,0.27266860837295304,0.29426754129967747,1.648803353070678,0.9129992979693315,0.7456147568843277
mean_gt,0c11b6,web,0.2694453182643116,0.2978675862738011,1.623454856174354,0.9577161085352816,0.7845517317916663
mean_gt,e5635e,mobile,0.7166326338273779,0.520261283101748,0.6820521925068119,1.6754688085460505,0.8716538509930266
mean_gt,26781f,web,0.3693441371731744,0.3534691467798885,1.2803545924538584,1.3573162504725615,0.8492891161797567
mean_gt,3eb8f9,web,0.3306028819580796,0.2882036704824988,1.6487784373389247,0.9313810514085632,0.7440505372316634
mean_gt,193df9,poster,0.5130442366585726,0.38439419662325225,1.2385803376971052,1.2827659306645542,0.7654780134456632
mean_gt,ecf627,poster,0.4704896156700953,0.4288484896114923,1.02468700490356,1.1648781355386293,0.8026251990576885
mean_gt,f50e6b,web,0.3824815708029827,0.26597303647207066,1.6316794966188821,1.4402096161994953,0.8369959475130132
mean_gt,719127,poster,0.4566445351848132,0.44096561527294575,0.9864609830811898,1.3332135817112987,0.8467721930200472
mean_gt,74afe3,web,0.25141990428791117,0.24394067068656974,1.8531981138269407,0.9135241480136242,0.7692505912961893
mean_gt,54bc51,web,0.36576681641644293,0.3340353010426684,1.4823844041961156,0.9002997237010977,0.7437920658027439
mean_gt,5f1d69,web,0.3946590270863035,0.3125028855030849,1.4287431642247672,1.0795370759692364,0.7899660098914012
mean_gt,c9fe43,desktop,0.5325914249543058,0.4707035677042516,0.8827001846273342,1.135212948248141,0.7954149769340821
mean_gt,50ebe2,desktop,0.6492169927672773,0.5925949863427855,0.5978680679467867,1.2196892624241398,0.8095664313363686
mean_gt,901003,desktop,0.5137523556091538,0.4983466178540303,0.8332426314912345,1.0342955563853695,0.7779450734792979
mean_gt,cca312,desktop,0.36845320917750846,0.45857614949146114,1.0547196025803713,0.651477657647397,0.6874698272854812
mean_gt,c3709c,desktop,0.4287628739843774,0.37607688541890816,1.2300538657918412,1.3443479382659516,0.8252702068486798
mean_gt,0f8ece,web,0.35951239568589993,0.31522585845050033,1.3994058641758695,1.0445998102201872,0.809691527566304
mean_gt,8ed8ac,desktop,0.4704733729049816,0.4742592368802455,0.9301128725982188,1.1109585349748914,0.7955725011423243
mean_gt,57f74a,desktop,0.5764762452975725,0.504419002059263,0.8498200144922964,1.1177920073282381,0.7635095610883251
mean_gt,7f9e3a,desktop,0.5659417029588795,0.4602550307089131,0.9075482149838454,1.3937317501693292,0.8220567405123691
mean_gt,15ac57,desktop,0.16366792450549505,0.3005500991892401,1.6693449583260795,0.5236968405086128,0.6917041936319555
mean_gt,efb9d2,mobile,0.6372235220685685,0.5239560805831887,0.7036937956328296,1.5518989832241084,0.8611370748843754
mean_gt,ea3c8c,poster,0.3693254433601285,0.4148919042516628,1.1235814861284772,0.6069536927824202,0.6929381682590042
mean_gt,c3f5f9,mobile,0.45631969619789853,0.5051341610541796,0.7891948864186791,0.8225749851878918,0.7195834480199708
mean_gt,0a0c95,mobile,0.5460625800092387,0.4654381229312653,0.8515900924045616,1.3884020271489634,0.8201164399356555
mean_gt,533daf,mobile,0.7435824063262383,0.6472397520911599,0.39787327829472874,1.2293593682879667,0.8104108449059615
mean_gt,4d0fc2,poster,0.5798876778403708,0.4741098721299983,0.9434098263631255,1.454738735434801,0.825028649549506
mean_gt,3d29ac,mobile,0.615958038942567,0.5944085647282451,0.5519627813073177,1.0223724165889083,0.7706479281885353
mean_gt,af9990,mobile,0.6238784746124703,0.6204918266666936,0.4920999252489061,1.2943689356981596,0.8143251092222892
mean_gt,0ba80a,poster,0.24580988520218142,0.3081067824085294,1.4558444252826375,0.6547129165604546,0.7278419623794196
mean_gt,da75d3,poster,0.5429983387973221,0.48694334102611286,0.8547034847841115,1.3037429657653141,0.8086672099073079
mean_gt,aefca8,mobile,0.5957755047906177,0.5671849164200023,0.605265161420073,1.0490353092040057,0.7706602472368729
mean_gt,58033d,mobile,0.6462201990786235,0.5647370428726601,0.5886488989196063,1.4748172046435502,0.8488489752317884
mean_gt,50802a,mobile,0.6679456034912528,0.569838240016517,0.6087769630631712,1.2657851362668164,0.817262896271464
mean_gt,c4be71,poster,0.5944260425288779,0.5522233692111725,0.6404743865567281,1.0467736819957494,0.7784922920568643
mean_gt,f3cfac,poster,0.46662496907406364,0.4724242578003356,0.9336751973295394,1.111785582882176,0.7719760971208872
mean_gt,8f64ff,web,0.6148278331541029,0.5777969702218395,0.5923508620382218,1.0020360268265276,0.7534467050457734
mean_gt,abc926,poster,0.7431471913737794,0.6331701214462525,0.44714977754500823,1.3466921929608506,0.8122273026710457
mean_gt,de022a,web,0.46969958708945136,0.47120422669877066,1.0039308968404594,1.12779746073936,0.7638042391105283
mean_gt,25426d,web,0.34800754987801036,0.3991976137517957,1.1416177280689674,0.8904005532301732,0.7688379413616836
mean_gt,0950e7,web,0.5196815848114358,0.411815934323118,1.0382621277437551,1.327538447732788,0.8121505382264841
mean_gt,aa24d4,web,0.663741160047975,0.5479938164153622,0.6523265976988987,1.2813727992262736,0.8173431003486388
mean_gt,7ace2f,poster,0.42732238142301276,0.5634258620948155,0.7186020730982626,0.5810016934770093,0.6624062395305723
mean_gt,e9b913,web,0.5504379877837515,0.45405611804202967,0.9081462272018491,1.1685887693493293,0.7873512960392598
mean_gt,457230,web,0.5585514030440042,0.3990087015197159,1.0631260048245856,1.5521695178482373,0.8568033107510892
mean_gt,72e45e,web,0.5842006366842485,0.522193764313562,0.7481874783847208,1.2253084474608087,0.7944043451739666
mean_gt,f961b1,web,0.4885028169290858,0.3669659569604069,1.1927864194975304,1.5745279337315579,0.8590154097738144
mean_gt,c71a6f,desktop,0.3577830906934952,0.30179136467420875,1.6580696500188807,1.0507939593047078,0.7438873842302745
mean_gt,673d4f,poster,0.40588666374329374,0.496484537317781,0.9113608573255547,0.714977865878297,0.7271067702794967
mean_gt,c92f85,desktop,0.42461645774019663,0.35437337842763067,1.3616542754481344,1.3537425922001192,0.8209537674663775
mean_gt,f1e0ee,poster,0.5237603851732378,0.5147936860098168,0.7610633620481502,0.8853569021219997,0.7272498657544822
mean_gt,1b984b,desktop,0.33208087620975846,0.3353720814488933,1.4717893948174745,1.0359002672894981,0.7826359941290593
mean_gt,244817,desktop,0.2017462622538136,0.3019195104087778,1.5456648572053762,0.5201729521479381,0.7095966013121766
mean_gt,d3a241,desktop,0.24615677715070977,0.25607348113933903,1.8228221464423418,0.7650712884096534,0.7106251986902958
mean_gt,b2c74f,desktop,0.3678173218813128,0.2327130492293149,1.8021656876651249,1.7908185731753903,0.8958177755533622
mean_gt,df67c6,desktop,0.4422432729248923,0.3994557266169951,1.1457459886681984,1.370438283394684,0.8435380844424922
mean_gt,b2165e,desktop,0.2713986915612704,0.25091217206221483,1.6997987769611065,0.8724151078778346,0.7673473512673618
mean_gt,244dfc,desktop,0.3538400331073033,0.29886127798031226,1.4667891504285713,1.044233684671372,0.7761901518016274
mean_gt,3c465a,mobile,0.29761651495610525,0.34863016497442295,1.3816473547079173,0.8815809658603393,0.7677302888982692
mean_gt,151d2e,mobile,0.5390981613881253,0.4638450989872975,0.9739199280981474,1.2202798352057458,0.7743165885439979
mean_gt,9620b2,mobile,0.33256315769378664,0.36949915850805665,1.3947869678697282,0.8149660560699687,0.6962200160181028
mean_gt,fb3c20,mobile,0.3239694153696584,0.3318115799879615,1.3910375263040562,0.871975108355057,0.7570742658712788
mean_gt,abf2a6,mobile,0.43628708139330286,0.44113183372392717,1.0050258544319792,1.080938362890098,0.7860370889609569
mean_gt,614eae,mobile,0.4139491716658677,0.4539391753129651,0.9083051609665788,0.9053354726642009,0.7886343617489439
mean_gt,bd8797,poster,0.6565742609585655,0.4568336866588911,0.8398363945061031,1.7565797751782966,0.8954327079784666
mean_gt,76e1d9,mobile,0.4618761297940641,0.4064096812922697,1.0573456172915094,0.9690038504309294,0.7612017534061616
mean_gt,b9d4f6,poster,0.32262112408049215,0.3159075725467601,1.5992686368288236,1.1981272095994329,0.7965637654040066
mean_gt,34c262,poster,0.26208812008471416,0.38647289842536725,1.2582245907276244,0.7964724844177269,0.7612012889846268
mean_gt,091ab0,mobile,0.5321135118151978,0.4881744660476581,0.8031782598844224,1.1934780163080283,0.8121882760069516
mean_gt,bca872,mobile,0.3216917246551989,0.36247036809778266,1.2249655506731882,0.6023290781891554,0.7247754094055117
mean_gt,964f81,poster,0.4170377507314296,0.35849651922517073,1.2808747486392198,0.9533934684924963,0.7392731589347906
mean_gt,ab56ac,poster,0.5404651262433158,0.4819932954533779,1.0846091724539209,1.3219693416439349,0.7928475243202231
mean_gt,9e069d,poster,0.41498639397253945,0.36702695294609833,1.238527853121994,1.0712544169110432,0.8002819659521638
mean_gt,1a27f3,web,0.15125886445230408,0.2709530991277211,1.7736353201126436,0.4106971949012783,0.6852570462410762
mean_gt,d1e801,web,0.5286648471162522,0.38113809102805285,1.1528409311650651,1.4730469166644709,0.8353274922850721
mean_gt,c2c5ec,web,0.3126805400197667,0.30349710881012837,1.5050174574802577,0.8575851647429685,0.7564088285727867
mean_gt,f4bfdd,poster,0.5429791301172888,0.4348376215430664,1.0706180918490251,1.5307994466707806,0.8342907225811297
mean_gt,bef1f3,web,0.3418633803511829,0.31093207064926176,1.5143721485837267,1.3937242161227903,0.8427087890739415
mean_gt,1b4c8d,poster,0.20418801758258526,0.32180841528452003,1.7673229854164603,0.4840794491289343,0.6863044605089292
mean_gt,aa063a,web,0.23697605685113193,0.24789286522516354,2.0104667972025494,0.9266068541145143,0.7332667997609894
mean_gt,1e79f1,web,0.21004381951444503,0.2723429317035874,1.800538601373374,0.6670091064045791,0.725839904705204
mean_gt,195990,web,0.4838224968382322,0.4170069393496156,1.1293090104015948,1.0810432296088195,0.7573829700807766
mean_gt,824f2b,desktop,0.42032556768347507,0.3414848801077022,1.2873153988598303,1.2322135804688126,0.8175690572740439
mean_gt,ad1e05,desktop,0.2495522562689873,0.29802761434127306,1.7378694457522177,0.6351627327002365,0.6874782763324877
mean_gt,a128c8,poster,0.4703176674285588,0.375986092565171,1.2840957952842706,1.2338065867289998,0.7783972595880345
mean_gt,2aff6a,web,0.4557713195120505,0.38877606896339134,1.157294967896872,1.1668944044130476,0.7795069948627906
mean_gt,c3ac4c,desktop,0.353728194444681,0.3474514350895864,1.5049673712709224,0.8953693787038863,0.7321605597469834
mean_gt,27e29a,desktop,0.47871979662509273,0.3476643930224784,1.226710360638956,1.3721227597427377,0.8257515102083901
mean_gt,9b3896,desktop,0.28321965490632206,0.2953365086899449,1.6100073989886572,0.8035130620104207,0.7469862991144897
mean_gt,c8b126,desktop,0.5553707756108855,0.4006317020667559,1.0437590281805564,1.6057020290933839,0.8743114644272652
mean_gt,b3e3d8,web,0.33327242637711013,0.2955281546778639,1.601874136839764,1.3144915330667017,0.8239861465944754
mean_gt,1a03d5,desktop,0.38281835520864604,0.33306697235682037,1.356712785789405,1.0844041373461766,0.7844530788961442
mean_gt,40e990,mobile,0.42117975741115365,0.4059915403568084,1.1524589581748577,1.0591387285165053,0.7792817282567975
mean_gt,991446,mobile,0.394286879651653,0.4019224238342541,1.2855130879554182,0.9429779191760385,0.7278846017926597
mean_gt,c0e167,desktop,0.2594416177128678,0.294918998052253,1.6559611017923621,1.026556948477673,0.7974696123988498
mean_gt,0f1984,desktop,0.3373426806512927,0.2970173155288978,1.5998133129511833,1.31127067105462,0.8168512011631479
mean_gt,c01b8e,mobile,0.6406417424397932,0.552388553106243,0.5996949880696428,1.301735475147906,0.8387633930184417
mean_gt,0e136e,poster,0.5767771397282255,0.479767389294385,0.8684202531260271,1.4067580586301023,0.8498056033471911
mean_gt,b44e33,mobile,0.5837580347321188,0.4924612574970145,0.8289720063543737,1.3560726795878257,0.8365716994849925
mean_gt,5d66d2,poster,0.37462145283343595,0.25585638707444486,1.7156703569004468,1.578617460295801,0.8434158657224069
mean_gt,46e638,mobile,0.5844497670302155,0.5358690429594544,0.6672382340879248,1.2543079543545472,0.8143640990959305
mean_gt,fb2cd4,mobile,0.6239216770680113,0.5366366004186924,0.7547311537875921,1.194927327840235,0.7627415712890604
mean_gt,f9ae9f,mobile,0.6455881971184853,0.49796134982144685,0.7952630961852268,1.5173250798727427,0.8397128559238469
mean_gt,4c739f,poster,0.596591983070129,0.5341066537816297,0.7565382204945514,1.2486992674557216,0.803835926570609
mean_gt,83a338,poster,0.3198209764013717,0.31420253533097403,1.5758423431931319,0.8223543330883675,0.7219487315412484
mean_gt,13ae19,poster,0.43201584997841896,0.40046251907675107,1.1935933210464522,0.9335736783378478,0.7393324607269992
mean_gt,0feea2,mobile,0.4320304447214447,0.43750012615074996,1.0533577121837638,0.8900550492512931,0.7424542677512178
mean_gt,d889b1,poster,0.5121718242269475,0.36688839864963785,1.274370753060062,1.4207180951376197,0.8015361691348077
mean_gt,4b9fd2,mobile,0.35081996760849954,0.40282750816294777,1.234781330807887,1.080434494893492,0.7989303621006828
mean_gt,8e5bd8,poster,0.17644111172161397,0.28173229905995395,1.6820513053573463,0.4981886672368922,0.7281871750882419
mean_gt,abe796,web,0.5212875533825542,0.433993118571266,0.9900760935510643,1.2308281709378353,0.7976502655720313
mean_gt,8f9844,web,0.4048015967100002,0.3391852246501984,1.357426498391557,1.326578930865408,0.8202189279631752
mean_gt,92b95d,web,0.5161632127895701,0.46785308391483427,0.894024470857642,1.1103194919097827,0.7922019828036448
mean_gt,c05976,web,0.3302140966653083,0.2933943361584565,1.5431987350803738,0.9802796441419146,0.7539837233790726
mean_gt,6047d3,web,0.4015822040438865,0.30056973443547547,1.4477711017358084,1.321747956182202,0.8398434024071775
mean_gt,5bfe3d,poster,0.5646738462217458,0.45140068876202627,0.9584900829979788,1.4525838257541552,0.8210884454451705
mean_gt,a53761,poster,0.4902870066391526,0.44388129649045155,0.9508517407920565,1.2088686953969794,0.8232703246434224
mean_gt,b86b7d,desktop,0.19847860843871623,0.18567010530359368,2.263873199463717,0.720328510122457,0.7084697613173302
mean_gt,a8f275,web,0.391745115291567,0.3111555166774748,1.4754984181799844,1.1136621888451583,0.7929116024397979
mean_gt,5887a5,web,0.4496246230558022,0.29878203273752824,1.5082286944786873,1.408409883061969,0.8014062168579765
mean_gt,825f33,poster,0.5848514216471645,0.4731606156951557,0.8197194978671588,1.4239591615412117,0.829395023655797
mean_gt,628715,desktop,0.4476258275403883,0.3452505380818591,1.337187132074099,1.1818915666398477,0.7706195921362341
mean_gt,fe14d6,web,0.2741516947240987,0.2691482931057038,1.6632022968814693,0.7842230235980893,0.7439494919845039
mean_gt,c228a1,web,0.44130251696051637,0.41370106864330275,1.1116354791674643,1.2246673015009937,0.8177018884245919
mean_gt,6fbe76,desktop,0.27939299545538365,0.2603001835830003,1.9419385650750058,1.1642454378131777,0.768093096973385
mean_gt,3076c2,desktop,0.27533321354659435,0.15475707228620572,2.280374553132654,1.5067728793899007,0.8474153548101105
mean_gt,c50a3d,desktop,0.3838928754200156,0.21543760053725064,1.9003778751728946,1.7793500696445306,0.883815994953699
mean_gt,9bbfdf,desktop,0.4319196514999658,0.2972233108947502,1.4994978364390985,1.5901987031864806,0.8627335020769618
mean_gt,1c381f,desktop,0.3430759121057775,0.24988745539657023,1.739402865587281,1.1419713705808514,0.791533551242604
mean_gt,a7a9da,desktop,0.25101486205372037,0.20338810778875246,2.121168494509502,1.260593263605792,0.8130564472405244
mean_gt,815859,desktop,0.3032955277349908,0.2445383848259706,1.7676630615932662,0.9923722794501463,0.7861400176707004
mean_gt,598d81,mobile,0.3763526350793136,0.2372547753606516,1.6770877767806445,1.5212383137180856,0.8622043408083839
mean_gt,1a2fc7,mobile,0.3581602932175375,0.40865802516450833,1.1716602077961287,1.109203164134779,0.8154480128974213
mean_gt,3e8fe3,mobile,0.5548979493922626,0.4233651398518044,0.9539905363653721,1.3791690651846742,0.8446975946410766
mean_gt,f285d7,mobile,0.472723408754865,0.32044125281995145,1.3282863931298796,1.762225668880362,0.8924086815857817
mean_gt,66b3ff,mobile,0.3642645636289713,0.26420905466126104,1.7012434609653617,1.4012902996117929,0.8437980970813681
mean_gt,b92f85,mobile,0.36775131384111326,0.2819049994368698,1.529273423208277,1.4066485789959156,0.8459430730148462
mean_gt,eb06ec,mobile,0.3670741996931056,0.38869956714116205,1.1970038667242608,0.4555936506055499,0.641420218365746
mean_gt,31bba3,mobile,0.1676906581435046,0.3142126888213115,2.2020148237079784,0.8227748550968885,0.6897300175761857
mean_gt,5ea384,poster,0.2575339513611125,0.24865101702420794,2.068619920160107,0.9418814479972641,0.7092655981711317
mean_gt,7decae,mobile,0.3547875824925403,0.32067002583044063,1.4832869482866637,1.3192669810803381,0.8185905830105299
mean_gt,2ffa4a,poster,0.3310443652818301,0.27575669408219183,1.8348653557369612,0.9542678627164589,0.6976192107337381
mean_gt,ab0c83,poster,0.49883443967976593,0.4414768199684317,1.0386370653646797,1.4557390846241884,0.8351578045600018
mean_gt,a6b429,poster,0.5869293309284159,0.4506783259404886,0.9254717740153642,1.70717002287748,0.8941415833792168
mean_gt,a87d4f,poster,0.5913894451846814,0.42959300279342133,1.0255287155041442,1.4464983555034308,0.8070856654510096
mean_gt,c6a6d9,web,0.4540743189047555,0.31744355838653926,1.3803037607668238,1.417375368102085,0.8386406680573772
mean_gt,393327,web,0.35094259039214615,0.21463281426415923,1.967358386930786,2.103078583855714,0.9363987441074001
mean_gt,0af35a,web,0.4165054059935852,0.23924077552483897,1.67832088307212,1.5231388437894664,0.840272789337867
mean_gt,b4a27a,web,0.3598228909665446,0.275950359272909,1.6354969140059068,1.3566858154160075,0.8241555499581461
mean_gt,4f7447,poster,0.45319517200409765,0.3337542740675544,1.451916815048548,1.681187117937313,0.8667604553737013
mean_gt,4f4f19,poster,0.2871749390944701,0.23108363389652833,2.186090759366166,0.894234073029142,0.7060903378391361
mean_gt,bfa4f2,web,0.12773107115558668,0.22325283671848428,2.1208933487331905,0.5488111874201405,0.7022085818941396
mean_gt,fe6876,web,0.3737538935820007,0.3103770286889378,1.5165966208362336,1.5640848848910556,0.8699907308614352
mean_gt,e1217f,poster,0.4815929873764658,0.4016441197353387,1.0889958869921903,1.4390628744130691,0.8521450779615266
mean_gt,9f5081,web,0.3540265559532565,0.2817835545702672,1.604888588352758,1.080010679864536,0.7798056191773822
mean_gt,168b3b,poster,0.5478220224982728,0.47159685426811165,0.8953889001173284,1.2498475206429873,0.8054984027541215
mean_gt,b02217,web,0.2534327326315914,0.2505545952344861,1.9858881868201066,0.7245612167268005,0.6801654552729088
mean_gt,6d8af6,web,0.14405894025000054,0.16984070583311653,2.4252938310535512,0.7414144405866979,0.7186221055954136
mean_gt,a09cbe,desktop,0.27390872738358596,0.22948303604776846,1.9031150539431194,0.8611321847997848,0.7260230404838969
mean_gt,8b2ea2,desktop,0.5179103767546148,0.3310005597730349,1.2838109863190137,1.643315681234864,0.869210631187769
mean_gt,8d2ab9,desktop,0.4649965242234746,0.29993654058612657,1.4036109466782996,1.4143239624938169,0.8246224986591398
mean_gt,815511,desktop,0.3430563311956386,0.3358753210286989,1.3616070354834442,0.8066109998409929,0.7299236254135012
mean_gt,7fc716,desktop,0.291417203936911,0.3078726887505375,1.5255569038723287,0.7739933686889149,0.7461643016190269
mean_gt,592b58,desktop,0.4323536643977336,0.31368753428154716,1.3654275683937587,1.278227313257028,0.8246098408259978
mean_gt,6c8b71,mobile,0.6017035801636847,0.4728984095596377,0.8467858546846025,1.510433222251973,0.8534897488673141
mean_gt,aac5d7,desktop,0.29841361848289044,0.2709307674773417,1.6072664452516179,0.9371601768745342,0.782657415313334
mean_gt,2a8f6b,desktop,0.31763506239996375,0.35509553010610156,1.3860471985230194,1.0291821402002608,0.8033633394093468
mean_gt,49e72e,desktop,0.5070464433265351,0.3921999423793104,1.1316393706310535,1.3599926521320609,0.8280744075231079
mean_gt,cd9e29,mobile,0.6643840035147607,0.5496655647871003,0.7003099097528145,1.53724045319543,0.8472968268761429
mean_gt,449b4f,mobile,0.6120703305973363,0.500659195314054,0.7319859019593941,1.3983331924921352,0.8447313260375744
mean_gt,bc43bb,mobile,0.43430017273557714,0.42965845264871544,1.0097277033230483,1.0019848350095593,0.7932722964168708
mean_gt,d1ef30,mobile,0.5777130684401729,0.41104900968429414,1.017228722441836,1.7505026753992672,0.881415759167451
mean_gt,ab4d1f,mobile,0.5275113958811871,0.4199020553430769,1.0729219410856357,1.407930390275457,0.82109945362748
mean_gt,59354f,mobile,0.16856372929043878,0.2364881624083145,1.826324103934954,0.494770023063447,0.7042272829188829
mean_gt,e18daf,poster,0.5612460833808024,0.496252739816518,0.9049530774598309,1.160383771120932,0.7768763275589968
mean_gt,5db7bc,poster,0.3414140289973403,0.3289993711226819,1.4248682481980721,1.1816940915401284,0.8178465645327678
mean_gt,5620ab,mobile,0.521980436159934,0.4091903364200088,1.034045286223555,1.4697684206686294,0.838395185250211
mean_gt,d7cfda,poster,0.6916016267389842,0.5457102536059604,0.661749170368302,1.2624900535657853,0.7745488418636562
mean_gt,7c352d,poster,0.527013696149958,0.42880606269356114,1.0089488280905605,1.3900098355991997,0.8302263185803007
mean_gt,0dc366,mobile,0.44317268185566794,0.3856271120383609,1.2156884254931233,1.177003678749845,0.7541075616627265
mean_gt,cb0c6c,poster,0.2653783503838828,0.22463707800562266,1.8980636455823257,0.8616236595042924,0.7379258167452741
mean_gt,c79430,poster,0.5562492985906211,0.51544548068808,0.7764512063579356,1.1353861482887753,0.8014712058652099
mean_gt,2304c8,web,0.4017880496667804,0.27135580938388826,1.5723195086106834,1.5864903949454794,0.8713690597654639
mean_gt,c84353,poster,0.5100890802999739,0.519006861741412,0.84693416910461,1.144207708533648,0.7779945843579497
mean_gt,a91f25,web,0.42817762503270634,0.3166280362563519,1.4557619849669279,1.1838193860516042,0.7626730588371102
mean_gt,e7a5c0,poster,0.4808279378540593,0.47789257743427976,0.908083618688559,0.8871906313721344,0.7587272119088082
mean_gt,853a11,web,0.5431218248108131,0.45434892207808897,0.9560356042578938,1.2860301989742169,0.788010047509358
mean_gt,a44696,web,0.4369776264260638,0.3130997622552034,1.417567341027301,1.3848375611367603,0.828246529132687
mean_gt,631068,web,0.45906138331809276,0.336527911814632,1.3341275088771474,1.239933098928631,0.8106041509903352
mean_gt,18db69,web,0.3369638446656909,0.2551684268645808,1.7211348125191326,1.3505257368005719,0.817863735859451
mean_gt,9aabba,web,0.3725188047994153,0.30383822816852357,1.521569962543277,1.0581582956961337,0.7878970848853997
mean_gt,cac69c,web,0.3875813293193122,0.330201958414597,1.3671236964111346,1.0673791815913398,0.7799433748895059
mean_gt,ab4eb4,web,0.182649218426953,0.3111457798078687,1.6254019567701137,0.5101335651447658,0.6993539337182573
mean_gt,91795a,poster,0.40937783208848866,0.37203094939093645,1.3016278796416745,0.9266116850355344,0.7252462368113712
