model,CC_mean_mean,CC_mean_std,SIM_mean_mean,SIM_mean_std,KL_mean_mean,KL_mean_std
claude-opus-4.6,0.2222700630027618,0.15449734148692965,0.29170117332126977,0.08707653711449966,2.447021188549013,1.1153531464984476
claude-sonnet-4.6,0.13777307673102124,0.1470232985724457,0.244193623258293,0.08461927152219038,3.0823310134814212,1.5895019552821203
gemini-3.1-flash-lite,0.05271005127579177,0.13379076573240425,0.14333906855722728,0.13086422245001425,6.6744092406890685,3.78897006399141
gemini-3.1-pro,0.0864488033684124,0.14430048377131918,0.15979570881425242,0.1145181601084631,6.176252488246379,3.171380720339121
gpt-5.4,0.21021208613492998,0.13930880512233795,0.2871777238152281,0.07906566634423279,2.4662709790520165,1.131837801497462
gpt-5.4-mini,0.16046814828768663,0.1114560947494393,0.261656773794342,0.06612744319792303,2.5641768286399516,1.0312414708962319
qwen-3.5-plus,0.22302715552761615,0.11899620723137193,0.2928805472382535,0.06551999611514636,2.3330215469897047,0.9869549668371644
ui-tars-1.5,0.10894431652458685,0.15339677963035184,0.14261243603370238,0.13178082852655534,7.5244448838705225,2.968016219120332
