model,CC_mean,CC_std,SIM_mean,SIM_std,KL_mean,KL_std
gemini-3.1-flash-lite,0.08841248182576038,0.2144607811512048,0.19542200472319848,0.1925670576291552,6.291446526799418,4.307950544137816
