model,category,CC_mean,CC_std,SIM_mean,SIM_std,KL_mean,KL_std
gemini-3.1-flash-lite,desktop,0.08023897916691523,0.20827595237048233,0.22704059674859176,0.18038454749510394,5.128058592051381,4.4144808016579935
gemini-3.1-flash-lite,mobile,0.1236340195766197,0.20200052572285318,0.22223338980158952,0.1943712540966387,5.311672723463679,3.723891467489595
gemini-3.1-flash-lite,poster,0.17402700783762554,0.26155383515179925,0.263001101943493,0.20660929186021526,5.465094918537315,4.374147437414383
gemini-3.1-flash-lite,web,-0.02433181430470745,0.10575486301891372,0.06972911631937365,0.11875489999149856,9.249325993797818,3.235279848534257
