model,CC_mean_mean,CC_mean_std,SIM_mean_mean,SIM_mean_std,KL_mean_mean,KL_mean_std
claude-opus-4.6,0.34364415787833114,0.20025531323842383,0.4680512726638125,0.1021536876347165,1.6703213138416722,0.9572408435079041
claude-sonnet-4.6,0.27872890784888577,0.19455773868875037,0.43550722141592196,0.1102978976087925,1.9240595723853102,1.2469528782694674
gemini-3.1-flash-lite,0.10465559209065013,0.24234312616626066,0.23366657920481143,0.21575309250612365,5.823353898817232,3.8714582176509778
gemini-3.1-pro,0.1438871861154581,0.22837582479405552,0.2553512961503476,0.19573893939609927,5.4574811535943635,3.385280345174224
gpt-5.4,0.40841589734828665,0.16885655027157465,0.502974002449708,0.08487752088972846,1.3452678226838934,0.7927457361940442
gpt-5.4-mini,0.28877468464521006,0.1707175607878501,0.45273916527490066,0.08361941733477346,1.5998969415741742,0.9182309859080859
qwen-3.5-flash,0.29482224497912807,0.17123719841533233,0.42380796846040886,0.10180410141183574,2.2140938781084687,1.372493425955997
qwen-3.5-plus,0.33699102513673534,0.16731294323877008,0.46636122638003336,0.0850894983370338,1.6115448910076924,0.8692788761964858
ui-tars-1.5,0.08629905990734842,0.17116993930214142,0.142463181581238,0.1434830301669751,7.4479430916763905,2.5803832139287493
