model,CC_mean_mean,CC_mean_std,SIM_mean_mean,SIM_mean_std,KL_mean_mean,KL_mean_std
claude-opus-4.6,0.3272891885863644,0.20007925401093254,0.3905146163527245,0.1132252250578175,1.8392970001299154,1.0731666651074678
claude-sonnet-4.6,0.21926060076827691,0.18576741594592228,0.3350172932934731,0.11307135471118919,2.455133562218249,1.4602434048679513
gemini-3.1-flash-lite,0.10479231901152537,0.22221041975290184,0.19793933020538884,0.18421031314533046,6.080561055019894,3.9920984468526575
gemini-3.1-pro,0.14177052851608582,0.1982794059463334,0.21973584219465564,0.16061660024283225,5.585266996606036,3.332054888182326
gpt-5.4,0.32937638290483,0.16459316515511685,0.39532483055087264,0.08910824232234404,1.7252999012011803,0.826417262538993
gpt-5.4-mini,0.2480619392326981,0.1404053618677743,0.3553138259421974,0.08112495917851473,1.9248249530010344,0.841842716671037
qwen-3.5-plus,0.35423266054118346,0.16757789361192454,0.4092455345360538,0.08392229094498474,1.5483251008582595,0.6068940570970344
